user_id,M_001,M_002,M_003,M_004,M_005,M_006,M_007,M_008,M_009,M_010,M_011,M_012,M_013,M_014,M_015,M_016,M_017
U_4001,0.0833212360359643,0.09662895440176596,0.09157740052816399,0.12610007566923942,0.1516050733864679,0.09927545380532393,0.10824698396506832,0.15502321339445732,0.061683745388797506,0.07846385303282877,0.07537621327910164,0.05923398229343546,0.08297013291987225,0.14447460460253198,0.38290324468117165,0.9547121376914421,0.1824250012149838
U_4002,0.07497493061139032,0.17008577704203273,0.16628575822719996,0.09290313587940573,0.10303218674945731,0.17758431306399222,0.1850903705592,0.15543733354177153,0.18281187309703473,0.11260120677040814,0.12299852217676235,0.8437202591507075,0.17890801511684598,0.17974007953506543,0.06132338263882116,0.019870608710991243,0.13675603201224162
U_4003,0.0276691496069537,0.07414603375044077,0.11553358423771828,0.09945296901262218,0.20168051920169738,0.16430125222497524,0.15179741814507727,0.1538087172664129,0.1264412662813652,0.2318993155087364,0.22705296468015582,0.8476650336856654,0.15174223741576648,0.19433193077658456,0.06977991014836689,0.35160919389673656,0.18726624889066984
U_4004,0.12722058919559714,0.226828580278114,0.25829697837103127,0.0799647939038059,0.10885253727668733,0.8999459114750554,0.14641211765227957,0.14509032988369905,0.15107995122067988,0.45316713803482683,0.09709648130682404,0.09133136732077625,0.19036918065109443,0.17144808756716037,0.09503966272970613,0.05349503222777423,0.20719854488397638
U_4005,0.07387932698742354,0.1327188849814455,0.1991740549612121,0.1048673398780207,0.14409152264581165,0.21120674850087565,0.1611125454633411,0.1771093810250522,0.2498245398411748,0.8100782269404249,0.09612299844094292,0.60611862552583,0.189845121744954,0.19984947945592765,0.11403973340703026,0.04268756658347521,0.1568699583715329
U_4006,0.23623176311598743,0.17989264940599653,0.24116922133570823,0.01386722522683401,0.0199695908780366,0.6504282707553268,0.1984695232949792,0.2159077478389516,0.6339036571388771,0.04897048281749046,0.03737668473291557,0.7147995424627932,0.1395142864375475,0.13304681088658682,0.367057986282785,0.020450750569815608,0.1144907021431154
U_4007,0.27888951573411525,0.25530601614273213,0.26051557079052673,0.05221334870443488,0.044148367770888666,0.22527987894040913,0.30831153834813596,0.09678565348645819,0.26501519533946755,0.08856319525043288,0.048075839755055486,0.05404658342402619,0.13352457010010424,0.8010712500742594,0.32116231853720506,0.030892606587517094,0.12481640383266984
U_4008,0.2785532214033306,0.2003879616726984,0.20367788403980752,0.02745077528115515,0.014948496469278288,0.4883967209983995,0.02325469211765797,0.08296244337315223,0.016053901849056987,0.045966846003531375,0.041609398642913256,0.20557876236978842,0.08841651795670633,0.7320307380675005,0.8812956168650663,0.02291299737920713,0.10903579411632369
U_4009,0.2152408274087353,0.2322872050008083,0.21744462999113237,0.029253333412740216,0.28209961123349375,0.4215257243755979,0.07299931532216768,0.11042825462919804,0.054331382197517424,0.052343495010690674,0.05298363612489822,0.7097510047674432,0.13167051496907803,0.15807680424833395,0.264088319957874,0.03919821760099252,0.42879130833071827
U_4010,0.023806177918451774,0.05818673907594715,0.06968967882826144,0.1026987307288667,0.17947104558644839,0.5857419077983986,0.12924842166652847,0.14931480177357295,0.12256717864321898,0.18771320824482893,0.18313414638374395,0.16533119515065053,0.11344717184423603,0.17866165719179655,0.041210233635352436,0.8431146823604347,0.17237924309300667
U_4011,0.1888155387571097,0.2727589332210368,0.5494917223794297,0.010908232825968093,0.018306632200782387,0.24798830186853876,0.01577234020688232,0.2451005332682485,0.46179114705016416,0.05869157139993304,0.032639587526673945,0.1201951254629266,0.103911359154547,0.1326733733452443,0.2842233785244362,0.13474927043273494,0.09647622355402341
U_4012,0.24900877109761155,0.2157001848153907,0.7360035314530754,0.04575896931798374,0.16370209774830705,0.5758676426760357,0.050699947199039766,0.09858928952006257,0.022736779671734937,0.06915260280058663,0.05287176496911096,0.29973270697183413,0.11144559532558414,0.6959333962072197,0.48015853221021615,0.02122569448590352,0.10442406313481267
U_4013,0.3668695858961783,0.36719660377728347,0.32383588687295944,0.03432954230819157,0.05893463547846056,0.1921299719712378,0.07907851251419126,0.10476777123573512,0.06467376066776893,0.059950694649869754,0.055959555935599134,0.06888337684575613,0.1702864665409961,0.20095965802234877,0.33633228393161435,0.04601967714670176,0.6539045539520748
U_4014,0.20871354772323236,0.18631588782156686,0.9624643925032667,0.04516082453673212,0.1795899717841694,0.23195708012430116,0.49097204292605623,0.11972780958445137,0.06864177420987785,0.048776526633547895,0.0732159036277505,0.061839542169650374,0.16154722015600562,0.12916066616527971,0.09578536009555623,0.015335805658530155,0.124403272539648
U_4015,0.037999866175290525,0.04997197493240871,0.18300105238001121,0.09172449918724351,0.16875954111265756,0.18702461206082163,0.1343764154429627,0.16293809959520106,0.5409954249359112,0.19121960210340896,0.19779920141092489,0.21172699868027767,0.13699826631731188,0.13935635674261163,0.07282116499792063,0.39066121462826947,0.19080204529536385
U_4016,0.24772499671013248,0.25009713221289587,0.26599520061192755,0.03621629794727653,0.04468441877303113,0.2840618733490884,0.05982066541941855,0.12014053340322331,0.05131164715980164,0.5555771271677648,0.05756438646529613,0.5703598097399641,0.12698325654244974,0.14986006721851017,0.23628119944889406,0.026904635820912848,0.516512411561245
U_4017,0.3732222518403494,0.29418488778363383,0.2930271431527833,0.045948550261420334,0.0427162906261365,0.8882114224370058,0.08005371859934973,0.09378796600206023,0.04040279213215153,0.04724662443622955,0.04631286067707141,0.06024903031104345,0.1866697774394366,0.18748884257221413,0.3314581701892334,0.0446498891390771,0.1662599507300998
U_4018,0.2746406555875405,0.2443137742286947,0.8208362408814248,0.048381555051272576,0.038721593824046066,0.22664537495267167,0.0441605368128872,0.09957188562913631,0.04418373187535138,0.053156866073082766,0.041619944516459194,0.06896181683413907,0.10956290909512072,0.6605261720753296,0.2756238266607366,0.03849361581178894,0.1272206798707669
U_4019,0.21587350504439107,0.69984047684896,0.1497530767398521,0.03142853852871104,0.29405158398210474,0.2361191307302746,0.06658959545918493,0.11136137887250894,0.47863501041382783,0.06795432686311853,0.04104149034803053,0.07465582838945037,0.10206801174969911,0.15657985751108622,0.09736152152132257,0.034331659039078484,0.810955377338294
U_4020,0.08927841905736644,0.3522269880318625,0.21459623671860095,0.022018323655462753,0.18334979074777707,0.15096997316201205,0.24925209663179254,0.11461918345509087,0.6902295870887952,0.037319020557942575,0.04999096007292883,0.2238081653235055,0.1313888002146307,0.1332234852993001,0.052746643016210876,0.11577855598867508,0.08931309704898427
U_4021,0.17067115458824947,0.6425096876195323,0.20291379439427998,0.0785211069725601,0.07421123529451445,0.26083523734971115,0.17568975492410865,0.13854622157036398,0.6828647119252982,0.07437325603581792,0.06382806096658186,0.3089964907665632,0.1743244347608048,0.17319210995882453,0.09152059535805858,0.04132139079209243,0.14570186473757823
U_4022,0.22868057113550933,0.20818277183071465,0.208343501970865,0.0243311424339869,0.2571444205692314,0.656173270665016,0.03191808083864793,0.08692145244832332,0.017897389864025635,0.044256740119041425,0.03749421900580915,0.03644981499112513,0.10211259206798161,0.716389535229128,0.6795799119005658,0.021536210406490938,0.13149892061225554
U_4023,0.32953047183684614,0.2727369645941615,0.2690273458376488,0.04361061195335236,0.04683224649730867,0.33165722481615645,0.07663141181103125,0.11281217653303795,0.08112304089471513,0.05818845423125034,0.06044706087304186,0.09264406761133151,0.14021622997166192,0.22186953075372873,0.2502945183815183,0.04311096408258923,0.677037424243854
U_4024,0.21909447224811668,0.19214831395867862,0.8053127233200477,0.021997104788286734,0.2507236151012206,0.3199736390834284,0.11097822064272503,0.07517239381101971,0.21237045985630787,0.0769727252890427,0.04817206788917534,0.5530671353606882,0.1165778828564057,0.15105693826842614,0.24665610318710257,0.15777770273157493,0.10171152688587025
U_4025,0.03882635433168232,0.059161569914790865,0.08263603657303581,0.10245923401265247,0.15354822357305997,0.7182460431413918,0.13060833554599488,0.1521316117816284,0.09585491581803761,0.1198694167185641,0.09906199692047851,0.3275674378022824,0.1908264199012458,0.14911134267886147,0.0892629971265067,0.6942244926013332,0.15284759642817253
U_4026,0.03771485175490728,0.06173060132602745,0.17021484096726175,0.09773549265265577,0.1972856921902083,0.11524133998153528,0.12332444175598178,0.15386244288564022,0.766708990931044,0.1892939610242039,0.20123195303238212,0.21320479701633557,0.1294770242191237,0.17011132802167878,0.06886723646049075,0.7184811293669222,0.17669133341496154
U_4027,0.32966454190088174,0.24622986283264914,0.5894664949183294,0.03767847259787116,0.027347119887912774,0.15340028041343617,0.07671549022683596,0.10526731508791108,0.33019763793361023,0.06254164539074919,0.04983944774064529,0.620354429697579,0.1566943935095994,0.1756068201712721,0.2560935642722991,0.06510053628922638,0.12184443651262769
U_4028,0.03426467507929918,0.07895550291178047,0.13760607965226046,0.12337761741794037,0.22004801360121598,0.19565896033844768,0.15017807593746213,0.1687955492929088,0.09631256862766342,0.30303569128928953,0.3086319320027835,0.28756404257638746,0.1386268280099073,0.1656496426597051,0.04549907419685398,0.4768108338165584,0.30049312931655237
U_4029,0.35984966386644923,0.3135419689226619,0.2693045600444888,0.04369704717981474,0.02808831651375914,0.269744936554025,0.07872941459556161,0.09281969070757826,0.6710171814875456,0.05875000908735156,0.05790197741850825,0.08149878954638191,0.16249199846320428,0.18864556795528087,0.295359624661214,0.05845336355297093,0.1731762601466226
U_4030,0.30807206415080185,0.7122432809850651,0.2925646337330328,0.031096565000525045,0.03270947956867914,0.1537267217002367,0.32330781584337914,0.10039440772760712,0.5772852079701021,0.06863714101245266,0.051089239211752326,0.08256628439529073,0.1505869504656164,0.1685159973626802,0.2878001759609008,0.03858863111820385,0.1327574339419889
U_4031,0.20557857105779442,0.17440398893999431,0.23542723926803347,0.06331645145675753,0.06581428112264669,0.9081515359327804,0.12699055061964204,0.5209451097065341,0.060363579568289916,0.06170902315911864,0.062263974857851956,0.061663349800060385,0.1438721967959556,0.15165027668397119,0.08390184526520302,0.03277612830416325,0.5326470219521648
U_4032,0.35973226153063115,0.31027122104147514,0.3899855013301968,0.05399095672591099,0.043812428806550945,0.30945957726455536,0.07623925164961158,0.11179026926858651,0.04941067698296342,0.5661602620993553,0.07211580245199567,0.09352785423726734,0.194666461735526,0.20633631677721068,0.30397510393725014,0.06041895036303513,0.22325839186071741
U_4033,0.033348565746231025,0.0522904550452991,0.07407715749452501,0.08169355151786126,0.35373825113146656,0.08147410450162004,0.10015120203528863,0.12410310438233135,0.5915401150709914,0.18182199861153886,0.19438674771285228,0.7158851730493696,0.1542732241131423,0.13397746295923946,0.04532692645511685,0.24562248176515505,0.1536283892979182
U_4034,0.06632492190686406,0.6810868256382691,0.1850097841189139,0.06993619578911389,0.11763596231238016,0.21174350586363452,0.14593371400995975,0.1405279250368706,0.23965193603602303,0.1157328855082261,0.12686966655826998,0.09097311019819067,0.1613670049976681,0.16783534820495802,0.07806427130300454,0.055502919459510844,0.16551018576917376
U_4035,0.40702689245430584,0.9334243757944806,0.2846115065255695,0.05479716337927761,0.06507288307144657,0.16393726307353437,0.08330520195108637,0.09281265709029923,0.0532850338992894,0.05324912020486888,0.04998598409100055,0.08145827421539313,0.16277307315929873,0.18699962225592862,0.31531892960289,0.03501382068360518,0.15082287985669895
U_4036,0.027421703608250705,0.06482603597143305,0.1536446727661385,0.10423402580141324,0.5597285595755463,0.5253268943439431,0.1074670418898282,0.15084800932101375,0.06074766664598276,0.10876624110369394,0.11280903000602044,0.9198933659732708,0.10570005816366565,0.1117815814713133,0.06218343689899561,0.5471945963825754,0.1180570588959389
U_4037,0.17875904524044364,0.26778875614158987,0.26434847245762844,0.05013248709665338,0.07455723755820932,0.28021325593483654,0.7340362520170592,0.13148257112606718,0.14577692269380318,0.0804743051403892,0.09106888245011212,0.06760413588225671,0.1678129849231921,0.1669790827239359,0.08010292528794173,0.352388366135868,0.14651346669145185
U_4038,0.26284338508231897,0.24972465672209132,0.2915838506291524,0.07850732374726578,0.08318163251703133,0.24313850756134225,0.17823750661701426,0.14928901593601868,0.78343365339616,0.05672628128056166,0.13174670423111107,0.0687619880846679,0.16303895533631288,0.19996221187900967,0.1732787924819464,0.028330722405358444,0.19638877590280848
U_4039,0.2472362217262336,0.23967116386460136,0.2557010594324935,0.0366880052537038,0.04384296845554538,0.5874294531943901,0.25290208561901784,0.08977458914912698,0.021621106498543527,0.043560130442901135,0.04127576132979444,0.03756247514436118,0.11352443442193318,0.6279921219615462,0.6200307632782965,0.025553587587940067,0.1641165300763676
U_4040,0.27860668960929774,0.2423970545068988,0.2501956685930179,0.03775149764798668,0.048784643886553944,0.13020183567134355,0.04366152434649869,0.10105987612850416,0.4762888271529465,0.06685394363387868,0.048537544636278275,0.06798607702488098,0.09909203307669591,0.7034929186385283,0.7142523884770954,0.02645268097556345,0.13982300016914265
U_4041,0.24515187123332116,0.37042688035654076,0.56518512511524,0.013804884732427577,0.02423197472100868,0.08135703568457811,0.03277041458272354,0.07279256157022307,0.2132001814271916,0.11824593134756403,0.04406442952650717,0.1918316518596304,0.10046215468985156,0.5434163967949329,0.9008396621208178,0.008012034429783592,0.10259756009162992
U_4042,0.04839027539169612,0.6580502605746896,0.09069160674462139,0.09897921384200284,0.12393075017244909,0.1477263407966649,0.19692084040437854,0.11599272965971254,0.24070758636994488,0.07837997748471663,0.09919286353374412,0.7599090970480269,0.18104130392908319,0.1712498687790644,0.0656899215720174,0.03464967709592808,0.16666886457873709
U_4043,0.408343074625126,0.3729368843684643,0.44956152388148773,0.06608912218569757,0.06824776060679236,0.24166359605508603,0.09328075319368553,0.12864528311274195,0.07370505994043279,0.07042555641344908,0.09656047969524495,0.1019765679324492,0.25715903458840483,0.23950249204732957,0.46563180086299677,0.058002290763285225,0.15329400757968153
U_4044,0.3173379064576534,0.2576398666044721,0.2681174084674093,0.04609249292354636,0.04464698949268559,0.2189488195672965,0.6191852716737403,0.09893051471674971,0.0846051696659783,0.06085043227568586,0.05836582014007534,0.07460467147032035,0.13131064389568792,0.17940292868458146,0.2266562455890096,0.03713507419551064,0.7496850439686904
U_4045,0.3106681177808206,0.9391611251388349,0.2634666798700096,0.05435248482738207,0.035157777585634334,0.12963351325833425,0.08018537160308456,0.09284503718563773,0.05358808236281011,0.06853208365377739,0.0463399293634428,0.06923275366534656,0.1492941602861876,0.17348878753865218,0.27128133294430756,0.02634327204046969,0.12348187846334904
U_4046,0.1534466441636349,0.12184463999346104,0.21511620107116614,0.0393088128850491,0.06197325265906373,0.7890199338679655,0.41932859644522197,0.2790051184852378,0.13093247612069014,0.05552693878018394,0.04646135408667628,0.40542285915530174,0.14971919670490458,0.1525077306645072,0.048623150827281914,0.20642553143073109,0.13271488411960844
U_4047,0.10869877602013676,0.0780578254875169,0.2841638321110633,0.06377944363397213,0.06601602344170521,0.4893430027532376,0.5927987988424865,0.12471208314000981,0.7463690582882472,0.08637972712521567,0.07954656309117288,0.30396317744726736,0.1484280858501352,0.1577753498148839,0.1906203002327701,0.031038560811805546,0.11965583533154031
U_4048,0.20702551154415122,0.16508222239129733,0.6091546238460123,0.020219500443281472,0.01757982081936839,0.4508369109750995,0.12665238787514171,0.10575363169702856,0.16789962638049893,0.03965534636306139,0.03323657372814021,0.3922353822152075,0.08932454946776408,0.6666993444017387,0.7376010991323055,0.09885505205443065,0.07186405285471839
U_4049,0.16396239342677907,0.9719207620521072,0.2206811704242329,0.07414425265944632,0.08416378752639847,0.20856941250831398,0.11103320610417385,0.14115137240054265,0.23994493154823626,0.10773212976843385,0.09215408712134496,0.0907268181909876,0.2092675228297195,0.19801077245862808,0.09102209246397361,0.052733813103152796,0.2058152236904467
U_4050,0.04301595279160987,0.034741991400586765,0.09257694372245487,0.0919586122959196,0.17602724869916186,0.8195859398455546,0.12380526974672768,0.7142656931248529,0.10489705996990369,0.23340044623492326,0.22337676582185062,0.26558061351220064,0.1323717291464486,0.16169226141374732,0.058099271100540695,0.2381971601812684,0.17726272218940872
U_4051,0.24028857467933634,0.8646800602447314,0.2507489972615821,0.037486079736228924,0.056248285044699725,0.21583701173690004,0.09310612471862721,0.11011275960667172,0.09985331161311026,0.06785012823565462,0.05957610483211899,0.50565725767506,0.09632714699120566,0.22809431387674378,0.1921301294564857,0.020929627750064548,0.49696679166413327
U_4052,0.2904308335550715,0.2540131434645195,0.27243028892429744,0.04713518357663347,0.030807840568898515,0.11781018401153921,0.03857315225300867,0.0864195418702477,0.4513626764367269,0.037962578147826484,0.049728466463498745,0.03164639965308217,0.12941953484428476,0.6575942442353038,0.6648040761699929,0.029440314913682472,0.14189369069595056
U_4053,0.1884024055691893,0.1436925057521048,0.9630629700053501,0.06527951853570582,0.0760098841079937,0.22338358295578034,0.13172670184778537,0.14378966608817698,0.11169507141363916,0.06181264220042486,0.07871646686663501,0.07057754325529805,0.12329339978336823,0.14802749406394217,0.08538626258584825,0.03542838954818599,0.48137102104999513
U_4054,0.09723502624034314,0.1345620268079926,0.163003822652902,0.14248714908306237,0.17888218848561974,0.15004557874250438,0.1171833693910843,0.18899023359152173,0.060329553786233836,0.10498618856498981,0.07431843328700387,0.08169807994607972,0.11541516766306778,0.20804539729006297,0.20804525923954698,0.7195616975065502,0.34560283274155207
U_4055,0.3766846283680269,0.9241860058202501,0.2869869150655901,0.05960689205302101,0.054131576241662455,0.15774220101698166,0.07037902185825956,0.09298111118452738,0.055274618225501636,0.05411720820776894,0.05485061901922193,0.06877467195237558,0.1700239413963912,0.19316236365956685,0.3080384333539213,0.04718519415671624,0.15096847467939276
U_4056,0.6171077806587598,0.4760409851258599,0.4737604121505579,0.03433418637538173,0.08366362564395861,0.24768921703111924,0.06795886929969175,0.13954187595126002,0.0504414220964024,0.07813281273585038,0.05063930512533869,0.06894512360596383,0.19514110463992465,0.27800926445669893,0.4704266602621776,0.06291604646411264,0.23665574462345965
U_4057,0.32115266816100946,0.2493038231532908,0.2711924359294804,0.03469817191262781,0.02866900013496592,0.24783049117236855,0.0729075310127132,0.09381148374722198,0.772151391733225,0.04648170800989055,0.04806447240206987,0.06929817215213027,0.14045413107872337,0.1955216083195579,0.25317594936746945,0.0413359750669923,0.6110001466772716
U_4058,0.25632518369105173,0.20813829907993012,0.31200114231985465,0.06924411660350895,0.10724437723965868,0.21491518214052638,0.7217434366161827,0.1382289382095352,0.07573702118562131,0.04631271012081785,0.06452730866310523,0.07213934482773675,0.17222249739266454,0.1989231651358601,0.16603995592130236,0.03778763414138748,0.6721834780680698
U_4059,0.09835403877121895,0.16029504032016734,0.734681793959125,0.09426287522255501,0.12206698736306462,0.7720605250981523,0.16564281597370073,0.1519557429909666,0.17747543327092494,0.07315666864556655,0.0763764365100685,0.4387357387441616,0.15389057449848975,0.1994308219414034,0.06939809974704811,0.034576010271039764,0.1597203460856183
U_4060,0.17829015127050318,0.2029692034152132,0.7489024342052503,0.04781128090192993,0.042757056394899254,0.7724635672372775,0.057883851440630005,0.08791544567181915,0.41136755774671613,0.05837092285409132,0.08287037084282552,0.040881203664726064,0.11596401736361725,0.1397066128504979,0.1074822271721713,0.18218647589749237,0.09954899513538537
U_4061,0.07850398408387922,0.17990094492523204,0.17091646893841939,0.12726128104827944,0.16291720089853706,0.23803892219546313,0.17400152757295947,0.1764398797372846,0.9370847245930678,0.09009341977852331,0.09903881302708906,0.08271129627944815,0.23528627902257265,0.2019620704299799,0.09144014071835582,0.04170060802545347,0.16464864285732192
U_4062,0.023361916694825447,0.04737626063210655,0.08796508981563972,0.09054696377347433,0.16913004627131709,0.191470535161546,0.11976026636460602,0.7613476214278304,0.10271740902233568,0.15106217818460324,0.16420680504090313,0.627541111117131,0.09892716308311614,0.12911101498952907,0.0501367483242487,0.5898761473316232,0.182858719343028
U_4063,0.4448324248043638,0.17953651791098596,0.47459357507612066,0.0235073233452912,0.03691321179844739,0.8049008296913083,0.08128024827332435,0.08200036474851138,0.04105463072727694,0.046812054904799824,0.049927091117372924,0.3333606741271302,0.11227809246204318,0.1311397378961098,0.2055904430072921,0.032844894747535026,0.1342382544663269
U_4064,0.2429988989816469,0.9428828677167488,0.23196664914702425,0.040795734674581814,0.06284892306650512,0.2448659566117401,0.10703218101473463,0.12534712003244045,0.1254381634950026,0.059760209233724645,0.05532665968311247,0.06614796155888615,0.15151180659554975,0.17656334574977897,0.15162437061300216,0.04193594974204457,0.6046447452540579
U_4065,0.025647697483308945,0.04425476170368915,0.10070750038887605,0.08226796227447904,0.15200290830047747,0.146139998843909,0.12205712328031407,0.5965201144066167,0.09535145770843223,0.8315326702666208,0.17049544959712876,0.28293997349228645,0.12921636038778853,0.16123176515250712,0.08116952871535567,0.5968844483724273,0.17296424899382853
U_4066,0.34220253228621933,0.32428698586630733,0.3185276918007215,0.0496883308689928,0.045982141451104394,0.16560724021288725,0.061068445540158986,0.10430468129199855,0.8316217924132566,0.0704431557845279,0.07165730412440102,0.07146684680402343,0.19105318094600413,0.19218177056030594,0.2915784466974327,0.055837997127895014,0.17002437729491365
U_4067,0.4066662242371257,0.3845778748346656,0.31043711912652083,0.04784939310011036,0.06314421241086951,0.16447375298429226,0.07477907657989472,0.11335370672465306,0.06736694354854307,0.06070644775154105,0.08738365603368413,0.08309723653248666,0.18212681456892674,0.2113658474529547,0.3339286307348853,0.6669641111411276,0.11832294723290433
U_4068,0.3934518009281199,0.26751212818998515,0.287339546976662,0.0349505998773326,0.37290072574229044,0.23857096790586096,0.3542045371221527,0.11677601509277431,0.0368247415872741,0.0626685890973788,0.04767334531641595,0.5080992797268776,0.15019764660306043,0.18457852101201458,0.29751308423448797,0.5175666375157368,0.1508801545409804
U_4069,0.5422838949383427,0.464214978062315,0.560153054592386,0.03450545479870938,0.059362856140651496,0.25674223257853585,0.07078956586332125,0.14232666254452112,0.051667191647498556,0.08332803935872277,0.051945244667530074,0.13791651876763328,0.18679959685925127,0.2817574709319626,0.5135881657480336,0.06490384316211116,0.23304923021770182
U_4070,0.3315980657014304,0.2661643999432611,0.26442266715732593,0.03917985628650024,0.054123732875968125,0.6423056798896181,0.6394801052545078,0.10476994105961257,0.06680716737197616,0.07660090520907974,0.05288984738434305,0.09959231145617647,0.1694362674229881,0.17161127357872608,0.28004417343935295,0.04565842792021903,0.16402068522924432
U_4071,0.1774408045745766,0.17400292549275548,0.2804001824260833,0.09997749233948787,0.08657540131197973,0.25439968839102434,0.2706161047079663,0.14971683413890874,0.5527193064592482,0.12411980410859441,0.12443473700811977,0.6117346285433595,0.17735730478822337,0.18676873169414615,0.11002204076824537,0.03361903983385624,0.14520644854574605
U_4072,0.2900777646669304,0.619162083037124,0.2537847657293153,0.05383841298022745,0.045104032919638146,0.21735488125188976,0.4758020756556194,0.09912757499009991,0.04524956712672161,0.08458778732834597,0.06461643844928672,0.05432545302318425,0.1517409853777742,0.6910956265396215,0.2949187929001343,0.03286239135086509,0.12665853044330297
U_4073,0.12777819001726357,0.2384585405258298,0.903119083933917,0.057096101944627206,0.09254260949045169,0.18840261796432717,0.11687170050764494,0.1259854178869562,0.188443175527782,0.05943334892891569,0.08358867719345206,0.44939644051465144,0.1395026062174876,0.15784708506258635,0.09198676785322196,0.03945030010316853,0.14082525126115703
U_4074,0.07769784013092872,0.21928777217208928,0.16558583869609467,0.12697779383062965,0.16030399691930747,0.2420109260109494,0.19200629394899266,0.1711404865594112,0.9031897469914792,0.14056652430758085,0.14655118800936365,0.08504705864672982,0.21349223988092725,0.2038999524246116,0.10490534079587016,0.038289042580360214,0.1742062808184279
U_4075,0.0029252467932020017,0.6209009408237223,0.089027474219771,0.06694062490681131,0.12531237347194402,0.11856082490210629,0.09580541410763051,0.10208985818430241,0.1300498632992745,0.37541701744352257,0.15653431028065232,0.6069364405833186,0.09805831039674572,0.09160499298125266,0.022290212780853746,0.44551484895365073,0.09050784249293338
U_4076,0.21782727858421067,0.04893079087584136,0.6593589495947028,0.0745232298427232,0.12150025932361,0.09527593136541494,0.11278566420943854,0.09500295026762799,0.09511775309340381,0.13439938437037754,0.11762369351540455,0.41271072918054286,0.07778479801288268,0.09155039523707538,0.020031254455008713,0.8143754076024247,0.09657031300154319
U_4077,0.29296266124067516,0.2608304905054678,0.31729452895518334,0.06808853599260616,0.05522238668585988,0.28249723327595416,0.10843945517241109,0.3152572440312294,0.07461409898049906,0.08477311475780473,0.07855429504158307,0.07959122428087669,0.15890975254891457,0.18455797352525377,0.23132428013367945,0.03475852310782496,0.5239071249944189
U_4078,0.24253356179670155,0.2537517163856761,0.21755447783301685,0.05788026297963701,0.044011692407882635,0.21591297768848186,0.515247586645472,0.268907980319745,0.26158130562194126,0.09291499047073933,0.07037443448451516,0.08873591229654554,0.17922410746466055,0.17364027494618198,0.22514589880291574,0.42077984655040956,0.11886097580210919
U_4079,0.26961864919345174,0.18640008341833475,0.52361227809395,0.022635635488790863,0.6132241256009868,0.5945672207180597,0.04194140470488092,0.09499692452962243,0.04647805863365922,0.05868656873595446,0.0421461477234953,0.4942064555986452,0.1485799394345913,0.17395125656468502,0.2167210057717952,0.37769182549357794,0.12172022022078649
U_4080,0.09695755328634276,0.5786596984126464,0.24060853800238266,0.10285812149523724,0.12838098695702818,0.24086682464775208,0.16213382038030025,0.15988047906391475,0.09755699820072894,0.08980714663942607,0.08013965176429826,0.8759008646595019,0.16199428189545767,0.19155840618146908,0.0855125752741802,0.05273699990193923,0.15418634130035652
U_4081,0.056698177872824176,0.23150861709165257,0.17161088925621365,0.06116647808605696,0.07449165344226788,0.18037133862392987,0.12382111101200902,0.12832254090025477,0.2136105178611815,0.5256508926273085,0.0648216865521706,0.8735439568294842,0.15950023835920096,0.16257549584160463,0.07011474303336875,0.3415143517730193,0.13584955038085855
U_4082,0.06892884584384712,0.13383663860891354,0.6932244577209694,0.10874450524089638,0.14228570644773847,0.2523012644923582,0.7061328318873255,0.15910257040975,0.16803904437107464,0.08470947594918471,0.09392799427103733,0.4890038950131472,0.18575511030191266,0.18114918954628678,0.07429945784189189,0.04460622955684235,0.1559007938903302
U_4083,0.18427921811901693,0.13935536801652296,0.18518737751075323,0.05129284637324739,0.061069955750356966,0.23039297233510933,0.3178513749210422,0.12431814129670299,0.250643551630713,0.05107770856252034,0.05666927155440277,0.7990611802915238,0.1626922754632856,0.1611090335834894,0.17103882919635008,0.038774151995731886,0.36751210784276744
U_4084,0.18605467046854668,0.783444972688123,0.2571500275403059,0.06481063191556116,0.07672539891510281,0.19072215832071293,0.10037355479652803,0.15777788409273896,0.19951290585102988,0.10143812225393598,0.0919587356909148,0.09267712741099059,0.19538141410612642,0.18982728729553208,0.10253170540294115,0.04913324376075525,0.16597417841148435
U_4085,0.2802222869301144,0.2533910198395403,0.7601946341519003,0.03577278128704045,0.38814035116471346,0.19262164984074004,0.06982617224537085,0.11413633670934636,0.627825040146057,0.06875345979725538,0.0546435269152874,0.04473146960714757,0.1318757269788994,0.16646326558312213,0.2707920945544839,0.027489172053158886,0.15231703189249596
U_4086,0.007915860613773184,0.0325835167993008,0.35251084696202123,0.08482174192077549,0.4321639549052141,0.0620461832853956,0.11010037072565335,0.2306950570998909,0.6399747568562408,0.42462056373682716,0.18709418081810572,0.6440811975628941,0.08351117484944448,0.10580534681582013,0.027433757660960227,0.1987711922206875,0.11977176169444109
U_4087,0.02612422517427565,0.06588409536088252,0.11378406809177419,0.09664939091846408,0.18993106357231768,0.9117097175545529,0.11890167407381169,0.154398220048803,0.11578369659020862,0.19127299618432803,0.19148345235438072,0.23746460192978613,0.14723029334360327,0.19151065630535877,0.06362137721990696,0.350952759597226,0.17458422359521722
U_4088,0.2403385129788052,0.28294799531070397,0.20399555642540168,0.05908688370753097,0.07322508695982777,0.33392623427031287,0.0767106450293687,0.1454241568268818,0.8350917335523972,0.09466995696389231,0.0784619587434688,0.0831758879799862,0.22723139598604947,0.19729106651404213,0.10082049025274606,0.06090629962778413,0.19389400741618049
U_4089,0.1100260748051542,0.12838089300731348,0.567322816686287,0.04675525599890716,0.2363373867012052,0.15207829842582618,0.5876916854982378,0.10864599879258212,0.14983555367913431,0.38005912498283845,0.05872631836450792,0.07069634198677624,0.1526551344792863,0.14852085792579722,0.06060623010993635,0.22770941346403822,0.1486489877570102
U_4090,0.41333615702804616,0.39586226318032813,0.37306392507301406,0.04922131375523165,0.05976895965247497,0.19951941051803285,0.1014622392138869,0.14219017449108828,0.08286132848179406,0.0838424719517631,0.07637837214657829,0.08671142924796148,0.1856393675018102,0.22612887175175056,0.3833724348148044,0.054155421726908654,0.16600580373037888
U_4091,0.5218278070721117,0.21227314886929663,0.5957413429219595,0.02805746139596231,0.28607927068706557,0.13930404263217572,0.06377239145835227,0.08001105582969639,0.6444042033222093,0.06703638467782992,0.039458223822288516,0.3860058306487962,0.13732329023275408,0.13280629526813825,0.21120404547149013,0.287186273933079,0.09774761899767213
U_4092,0.21664421991036792,0.1919005124383258,0.7985672195482129,0.020015189040364194,0.22804900033265607,0.0709494228842753,0.03416546096770629,0.06016041700348808,0.12318175040438911,0.03231848124050767,0.028084376579125,0.3408736439515793,0.09868488571783379,0.7852432563239339,0.5507632408198798,0.02164801845747928,0.11095502300461745
U_4093,0.022080737753403735,0.06665317751274065,0.06796416322350722,0.1059987651781078,0.1530297443882048,0.4126147303214155,0.10281041067747405,0.10168953484764653,0.45463491835598335,0.49906360896907664,0.16620199692680993,0.6445491409161117,0.0782979398942775,0.09856519581389844,0.026703746747850206,0.2902760366241521,0.14833150849468246
U_4094,0.2472459837206601,0.22426863334950256,0.28971376347382827,0.02865937586692357,0.06085585442267266,0.22775878045207226,0.06727679813197093,0.4326299249520612,0.27274122211931484,0.10142711214067535,0.07253445699048162,0.7016147660166516,0.1515685206895958,0.1898527330418069,0.22737310482086767,0.04822059885013914,0.6365419544201327
U_4095,0.05661192557607682,0.18021159261995826,0.10626730884434328,0.09392158662925865,0.09159349153256394,0.9701593727516394,0.15391711196005198,0.1319328249027184,0.2051433779275999,0.05927668568315318,0.06700240408345282,0.7080323650736091,0.17901042565801595,0.17817232976229835,0.06902497351630976,0.03838193047234971,0.1464392380054001
U_4096,0.18788013794525418,0.2924567209025354,0.43937741914186246,0.013700765143774135,0.030292663947549515,0.7875346158102713,0.07376803164953469,0.08972080106940616,0.05845672112314963,0.04993351820020337,0.04108037037155914,0.1645261568424039,0.10895275301397679,0.12762833663169604,0.21703985903581327,0.01262197720342988,0.7130463171599948
U_4097,0.21692295267138711,0.7104237495787349,0.8627022739761284,0.03559248398256199,0.0464115993157439,0.23893347081771715,0.06589922684376731,0.09796145685224023,0.0522818028645306,0.06471520104455235,0.05945560548328646,0.0673539255971056,0.14448348618041765,0.14115500436772557,0.08265609797651749,0.03427815281329581,0.5163565771283337
U_4098,0.2849626593474618,0.26452768536790616,0.9720825516097779,0.04386795921397575,0.46205090260458503,0.1715922003828287,0.07605590281999729,0.5114786135016642,0.1564347060177178,0.08040599461339984,0.055385064889137435,0.05440422259002222,0.15501966789023774,0.18577381000424592,0.12137728268739234,0.02175295418105146,0.17286000807723206
U_4099,0.12990918950023905,0.53133777681833,0.7019958126030632,0.029836731870925004,0.29391322373688406,0.17696260731344868,0.10008311209161327,0.11290276959603708,0.1342163899945733,0.3549646961953244,0.09088942581378301,0.07852387418837356,0.1191524307113663,0.13785627689318405,0.056726229562234096,0.2123105130621551,0.38621619948108304
U_4100,0.24286680166265417,0.21527441302987826,0.6441188136783145,0.035541460918594135,0.03399972332360592,0.10994683487487172,0.032373273211714786,0.07815643292301054,0.41935160179874875,0.037303042979638,0.04104076281467452,0.04948665967288312,0.11628173941544938,0.853135530195641,0.510693400397932,0.020744785390935685,0.15013431882104766
U_4101,0.17525594854006993,0.18878191255249221,0.296628912561679,0.10244959862601485,0.09585138120765384,0.16970059563689083,0.7018742867589519,0.14544697625339514,0.16040240689327107,0.05799157762242711,0.08951751246425231,0.07292198059361779,0.1918866493604955,0.18337139135483776,0.09716008984120784,0.029405664142578496,0.7295594308765281
U_4102,0.6015820848291918,0.40030282333725753,0.39508151572623634,0.0371417744171698,0.04161282639315785,0.23009279006921363,0.07013353194586552,0.14706497240989877,0.06255581357715527,0.08799310963312751,0.07094973136513921,0.07732507606302247,0.21383051992528526,0.26006068721971987,0.3827006315239546,0.06848335567261378,0.20886864323054152
U_4103,0.658199342700099,0.47538725071855303,0.46584082445060787,0.03512963324211149,0.058443811391352615,0.2530034934625106,0.07026411788649456,0.13909981473997735,0.05686266023141409,0.07734154382179975,0.057974962983126294,0.06641988072084898,0.19550613984210938,0.27581150041178604,0.46875242848098797,0.06528967615830134,0.21752795098071936
U_4104,0.2610838625057252,0.17407301860575905,0.33919352214918447,0.029023613892554284,0.014588359199201699,0.09253097550062489,0.036006337678324604,0.21167206590351484,0.08681097089565937,0.10633379305480276,0.03904607867097766,0.03245067149938445,0.10568533092699209,0.7021131168640949,0.8606562150047263,0.010015598471210876,0.08836118920690446
U_4105,0.23720119079532767,0.21059692789767304,0.22202601974733246,0.026876366993981014,0.02833745112900464,0.17682176691306184,0.038036529755670394,0.08629506799921316,0.4606007719357937,0.26583317360977393,0.04356037478452161,0.05485293255191403,0.11573505549233133,0.8430667767321132,0.49622273617753554,0.02932822743107382,0.14388144651420232
U_4106,0.2601218433532824,0.3945655118845329,0.7907417490561025,0.047773577485925145,0.15478739832109065,0.0973516033130051,0.04952657626950479,0.08258048125189422,0.03820907167385869,0.06012007532974831,0.056155925825913944,0.2490594415697447,0.11439426287413071,0.5028348550256122,0.551203957678297,0.019094523110803403,0.09013649572634688
U_4107,0.44008349860945617,0.3466981738163103,0.3340921805157755,0.05008707849433756,0.05525090884480479,0.20492597712426205,0.8044764203960374,0.09955476736370895,0.05489798824820765,0.05989128470026521,0.0656963380306633,0.07877756022103063,0.17471321888824276,0.19317474375171062,0.3219140670429783,0.04285332354369736,0.16331310395291887
U_4108,0.333179965960156,0.6742196088810989,0.7143994561162352,0.0363031827751186,0.04689385950329733,0.256665626885159,0.32644498084128865,0.10745730047886635,0.04467764000686532,0.06579900248406179,0.06593411078379154,0.08308924619155639,0.1525122506991964,0.179471719888535,0.25950480097570083,0.02147372808445201,0.1300301160169553
U_4109,0.033088161586198594,0.04414459061376069,0.10411990914244368,0.06798766457698895,0.3994110117394178,0.4137677430007873,0.43845620420517323,0.17933384584860798,0.08604731089434699,0.1787571931870097,0.1956563017593131,0.24949018377769916,0.12283943909432812,0.17888879249223105,0.06487293442149172,0.4106813886577333,0.186133660566356
U_4110,0.3815726663907917,0.34967409024233304,0.34096092217866253,0.05605423225242284,0.04238486323520001,0.17832938350723734,0.06467148419419706,0.10732944990993822,0.6779576806640149,0.06765340027833877,0.06867849589363069,0.07035603843946162,0.16080369080041798,0.19661783436259378,0.31787376904457865,0.07308247222304264,0.17984016249797677
U_4111,0.06906784526996654,0.8737437776315863,0.13751298121990252,0.10200548792276214,0.1436951924063797,0.12408289008455364,0.11733290789116273,0.16026621368632402,0.08009640181961043,0.13118183604580158,0.12020550742751404,0.209172042544184,0.1155180602640746,0.1560019282450566,0.08398219493901402,0.32319877025138094,0.17026907480685988
U_4112,0.3119117360278672,0.9199322113279048,0.2634340521049717,0.05155502100410847,0.05514983570896713,0.22381019980105965,0.06791411928015828,0.10261040342063237,0.054877136244740804,0.07340749640805447,0.08305668709935783,0.07520863789390889,0.14204779633751127,0.20438600961428996,0.3821656706392416,0.036500480445478024,0.14309173889546292
U_4113,0.3276192913697768,0.29523784029825384,0.8720264241946912,0.04157630801302782,0.040496997701553315,0.15605309075264379,0.06926075231408126,0.10358040362152418,0.056768490926367904,0.07334427345022483,0.05991221533975885,0.07299367040694865,0.16969994744447484,0.17377441939037155,0.3065228433086704,0.0373278151475215,0.12846404246473636
U_4114,0.2536419471207103,0.1929368833506085,0.2882913716070981,0.06527438396273036,0.08179473638132907,0.921474868465963,0.16666302489846635,0.12992697250706772,0.05188529209198345,0.05359616439375763,0.05080146715296301,0.10023103007919822,0.13150540058534105,0.1765336529950248,0.1424099683602312,0.037701597218678926,0.5406831579813562
U_4115,0.07078251514710351,0.16430402569972571,0.2351100679439523,0.11296443366145792,0.11117535875162729,0.2134980145824245,0.22409708287164137,0.546238662711871,0.1488562975107501,0.06770631453531215,0.06329369823375183,0.8440041587872751,0.15638292320534336,0.22335417111120934,0.1948614116157176,0.03366719392498013,0.1433273986052719
U_4116,0.15666413945123653,0.22723725030046274,0.2686041616731538,0.146005375663875,0.19033461690578374,0.29531625163747416,0.20867967985981298,0.2125188681979058,0.48984800651378,0.12649491726595444,0.11665560178930519,0.14895304040999227,0.30568888394310373,0.3234828711967262,0.14269917324579365,0.0782035357187737,0.2216364318577359
U_4117,0.4497562476264593,0.35243681819029166,0.36793400351565203,0.07222506745880516,0.05737163814142293,0.31754131784412903,0.08630993958716057,0.14642444792563292,0.059610441452877444,0.0897724621426505,0.08295491773684874,0.0904252770687729,0.22966861330234553,0.2127430953133341,0.36588128221609306,0.05051533175738879,0.18630007140386917
U_4118,0.3953769609248904,0.204692921747916,0.47953462557745963,0.03197132271457209,0.05088788760002317,0.13796940696961457,0.5872500839321173,0.092766626627198,0.15922173594346006,0.04827864340960375,0.05576193835453988,0.3366477079194721,0.12602171010779784,0.13298481530122142,0.055760487245529254,0.3415862599320766,0.1007873653455095
U_4119,0.42799400174081026,0.2905971932737919,0.2830723068508152,0.03386755472842573,0.035112753337183576,0.21750949738082442,0.06892142121714598,0.09746857230173316,0.6850836769441935,0.0527597396051994,0.05490775754626936,0.07066878968151043,0.14885599318536286,0.2043699773191242,0.28974032977558467,0.047789007916220955,0.6075110975808694
U_4120,0.35491113821222225,0.2748032503071239,0.29577218106221015,0.04531757364960355,0.05878158625181784,0.16250417635242037,0.2869463576050613,0.10340347662877208,0.6631632125129081,0.08090197534939456,0.05833305744832269,0.061189763743134146,0.1514256213236918,0.17097193064570052,0.25264012802736746,0.033197516493155665,0.11017089906926196
U_4121,0.27886078022783417,0.28494232369010314,0.5187022724520594,0.0379952113214282,0.07123022421817415,0.20731942090067476,0.2624400033400292,0.130155314761431,0.5263955678681084,0.4998418179733638,0.07124390825087948,0.07784193054417024,0.16667766426978503,0.16664221882737085,0.2012111347369939,0.03213979543697666,0.14938055367979927
U_4122,0.06384803211992032,0.06388519291022254,0.1290182113031131,0.10005034310677834,0.1793314305161373,0.15540857169046654,0.774168609640964,0.18974481187634418,0.09026568421426637,0.14857031948580796,0.13755005954821553,0.14842407872813645,0.10315212565509554,0.13439449590666136,0.05675474218184118,0.33884873564554535,0.16327299982677798
U_4123,0.3086932907311435,0.2800059916124005,0.3056627514423404,0.049979844307856854,0.0368978901891853,0.1564505583939781,0.06170403242450215,0.1060230993407419,0.7016177896013638,0.061492228821860284,0.04635858821181129,0.05337235831651599,0.13532271250781255,0.16833773721412015,0.29575654326060036,0.3417272979109992,0.15858382680393726
U_4124,0.2768751595379325,0.5504396034704322,0.24688090177386435,0.028587408582148068,0.03990560087271849,0.20972442580768202,0.03778640638041496,0.09192178603324658,0.026763820546834842,0.049037311110850246,0.04127826683010911,0.05700224052076075,0.15120173088771593,0.7191040841081273,0.5100358615028701,0.036894783449740225,0.15320100118292632
U_4125,0.2529477934987639,0.17856854278057568,0.19847159176229628,0.07682915388489708,0.0754939075182345,0.272076780692342,0.15853765980585732,0.14686939036426835,0.18857885302222685,0.06253251937667456,0.05820547574243319,0.0893228900564353,0.17215820651795077,0.20245406476455713,0.13454369912343325,0.047820983238773526,0.8619878814001091
U_4126,0.22574705112335597,0.4173146716067607,0.22669719933003366,0.01698459592486976,0.02621094236983481,0.23872548358437173,0.1238857089465793,0.17434623930140583,0.025896156030276847,0.16734211668254026,0.03467855791129001,0.6351855664253371,0.13381225675325742,0.12847346766820977,0.1917558627130526,0.008681742993945639,0.6963807088835633
U_4127,0.3300641338907013,0.3099168182137167,0.2664947843866629,0.03288616137317972,0.05783110417628773,0.2452551439490101,0.07985161234110492,0.11618654411118703,0.046787967082120505,0.6318128575779386,0.06314654046894597,0.08761152416664685,0.17224911895417971,0.1791294524431949,0.290340628034457,0.46480240392625133,0.12809688212454998
U_4128,0.03933003156421011,0.07599885322703512,0.18621188020969265,0.10130029703374153,0.16588686983280113,0.20499169431594655,0.14817225202920872,0.17170600287118307,0.620523255227632,0.24187208993346127,0.21699483178349946,0.2230596916731072,0.13088648605365724,0.145658306268789,0.06069208271690586,0.4437801453521737,0.21223725667357402
U_4129,0.23089560657354644,0.20785100497627218,0.8348055819530753,0.031572023519535655,0.16143957273786913,0.20315414245041505,0.04666044785917478,0.1085538853075323,0.04656528650152403,0.0636900627950274,0.056086764291970306,0.04138554172517053,0.11756533189300145,0.14916092112471283,0.7434401256078126,0.05140026383038754,0.10242822867189427
U_4130,0.258024166165774,0.8757284165745921,0.23190570378168285,0.03485899409002291,0.3694482361898316,0.1510901231048322,0.0690077912897294,0.10591914550425606,0.07469387024824321,0.05683213592742095,0.047410714766084175,0.4979392562502496,0.10737072788535111,0.1445913554097771,0.21534577283013426,0.022008652571282965,0.5123150616459741
U_4131,0.35731064705338067,0.3270237420829806,0.3173481114951681,0.05035436620566907,0.04404109371540664,0.29205130447638,0.07971369270565466,0.8321178996276322,0.03849261023723337,0.05613773934882493,0.06632164588893892,0.08386379718359115,0.17797934944990568,0.19858561842065847,0.30735578053265683,0.04848062769104085,0.22579944902502197
U_4132,0.4055054195708125,0.34316566267267634,0.3907047257045797,0.040564827157526885,0.04544275041056403,0.172520970648169,0.07795240347880339,0.10494888290190957,0.04722894098739468,0.05959560473617517,0.05686096332119586,0.07426152416775045,0.1736037135692068,0.19893685861911298,0.339659242461519,0.6540565554733895,0.16587196235390847
U_4133,0.11713538350716687,0.7894569774795768,0.1453257467430092,0.07032179261282118,0.0976503955574036,0.2613127279043037,0.13229954188325163,0.13814973771206468,0.1561775168546251,0.06955874632806279,0.06752036734141256,0.7508029492719022,0.16393315431742794,0.2158960051170003,0.10604541814643649,0.025524679253023,0.15911629022649146
U_4134,0.05304206989473363,0.15582602680985877,0.11014197161109585,0.0770154165926078,0.0850177633478338,0.15708045658515987,0.1492275240654887,0.12560123151509603,0.9207292270151637,0.05505702523313754,0.06769935197630064,0.5843716691578537,0.18031938385374005,0.1558137117301288,0.05637134194486468,0.022857840507605164,0.13084513257902416
U_4135,0.20159125750567053,0.8309070397216546,0.1857576992461057,0.02667269110407855,0.19919942636529997,0.22313075958176512,0.06164904946384479,0.1275023086631633,0.6413273440063451,0.059601763470363986,0.06553457534511592,0.053320161509697574,0.12732690661301307,0.15769281062762258,0.056026204629038165,0.26567098815706874,0.312883798670615
U_4136,0.5542101816174704,0.48861407354097003,0.46071413682881757,0.031318629693437405,0.04542715067033179,0.262653705773785,0.07328861238330815,0.14471087924410855,0.0577367072546868,0.07281574676147526,0.05822631420429798,0.07327308896635656,0.22293957412596152,0.2880895623283949,0.5807965536119897,0.08685091956928422,0.20211047162209156
U_4137,0.05498285301774851,0.05172994540199936,0.0974040570202207,0.08599498956334257,0.1455561331341036,0.06024089701768677,0.1338646090696553,0.12941686022992066,0.08511391888944077,0.5689462278566574,0.15146553744358082,0.17783948476487382,0.084446582013319,0.1222786293068073,0.03493152060974389,0.8097313050411857,0.13802145944623065
U_4138,0.015101350157914917,0.11009747510419753,0.766120588181734,0.035204778561413616,0.2619470424752208,0.5041050120395375,0.39070081228827463,0.1789800623517071,0.17516938830556977,0.34377026452460385,0.054233667438969124,0.4581775310082594,0.11233339171530843,0.12337351842244332,0.04238063187788559,0.03016924818431238,0.08740443329140075
U_4139,0.3177827959910975,0.33704240790413753,0.8925784037713852,0.05915515475065804,0.048566851571212905,0.15155872816605864,0.06238948887684345,0.11661274771401732,0.043765836970440425,0.07310808794549183,0.08725770949738773,0.06614136365179306,0.16250724503009134,0.19136147260869613,0.2872657675446505,0.04239401773240776,0.12744182073129418
U_4140,0.2631407334998177,0.17794165468478226,0.28705378472215254,0.08050800996203776,0.0718862438491389,0.2794985354299331,0.12427967270670995,0.1452044897118463,0.046741620638752715,0.056262693565141284,0.06933145752105135,0.7136055564651601,0.1627360655050807,0.17469160630215416,0.18164195911383924,0.021735923393633866,0.7128919006576467
U_4141,0.2400472104045157,0.2235394607127795,0.6641793196333943,0.03117223168209167,0.035046104895813536,0.11061784558257687,0.03479224119923868,0.0898460570928579,0.028799737447090593,0.04208009253241427,0.04417089782367102,0.06775614611467452,0.1172793013909422,0.6406541886734435,0.5046820117106242,0.04214342928827061,0.15451561535765423
U_4142,0.288416451108695,0.23839805300686812,0.24368586068652476,0.03849747034686252,0.03355537974796422,0.09554293770213894,0.04055396551957374,0.32852600435261703,0.370475539101985,0.041146574292791546,0.0338473233895203,0.04245728698819259,0.11044956386508101,0.8921846830583139,0.5800875147793295,0.03542796985809257,0.15499618338788168
U_4143,0.031076561123206912,0.07728241336103679,0.08055843018567659,0.09497049640190423,0.17007854148816842,0.13964250164968225,0.10901929180892425,0.3529039870170414,0.33771375037654533,0.15691206032143387,0.18239725190252767,0.24803768598188397,0.11484565752308153,0.11930273538659136,0.05614301795121941,0.8547864743329061,0.14013140809393107
U_4144,0.31966152654848956,0.7067025943116799,0.28548551589567245,0.05551976192042117,0.05147011271652984,0.6157143501010551,0.05046564570494374,0.1094845776262898,0.039891477155442154,0.08493358416297463,0.0563594949590103,0.04592679766714424,0.12741603945693583,0.7005932636160259,0.36570921004243884,0.027192560285203088,0.12519890119248045
U_4145,0.03188775897275588,0.06226748157720066,0.10771713392747854,0.09576135676455648,0.15385303105183853,0.10944887700413918,0.14735743697102413,0.5466255734445393,0.0609719332810897,0.16545573902354063,0.16207861170357651,0.21601519418982856,0.1128811438246202,0.15053115337901435,0.06801094062357874,0.7137101183897305,0.22081197998480157
U_4146,0.29428722396005935,0.261581952898554,0.29063458554859545,0.03629734528719519,0.036254367449703326,0.15063000297723592,0.07276314207305291,0.11127523458780476,0.07321198376277019,0.07150969475523149,0.06969267592541303,0.7962591028591237,0.16983755834719091,0.17526526966447883,0.2684900085736928,0.037999428950608996,0.12683462311854954
U_4147,0.3537201392706997,0.2801090398403003,0.3254017105359083,0.03821305506654654,0.043290724557971456,0.45691614652130036,0.0747607574408853,0.113790233011825,0.06953330100522706,0.5394401599205972,0.06711273558208307,0.08254109419136753,0.1679086652871927,0.17233560455597552,0.28100342361079506,0.03854799245948702,0.1312936739501072
U_4148,0.5575793839705682,0.2097004293294617,0.5395911793994816,0.03324127728430798,0.040286859139557984,0.1912412353187167,0.5456320909618912,0.09454372303072174,0.07526329603525239,0.06476761241445446,0.05202599325320012,0.5361080528182542,0.11493654239782028,0.13544970401331174,0.12394254057263815,0.033657783820779594,0.15737703839581907
U_4149,0.29070164466599496,0.7216558730704467,0.2689471944790603,0.042414126735525415,0.04207291988489846,0.2651291737766381,0.07175856018991,0.0948582461510803,0.5954076476088116,0.054889114177701384,0.04363226002937238,0.043781057814359266,0.1449789967730678,0.16519067396104653,0.2811381390493968,0.031785444616490154,0.15850663840706994
U_4150,0.07047173128212678,0.12144249278206026,0.1135703941159993,0.14255499253999301,0.17486455221604555,0.11911002953526681,0.13913149372400924,0.1899196083817117,0.18586509537077378,0.0987924613079248,0.10116182824141497,0.7396715105860919,0.12099397196087641,0.18813408993594927,0.12231702011152279,0.4286937409837257,0.19805578941600444
U_4151,0.2699672566579203,0.2617899104595054,0.3153175312143883,0.04921397101041189,0.05177776229404495,0.25924324555252287,0.08038856072120595,0.10271391265751353,0.584962104512394,0.05596462472365085,0.047625737249652994,0.0895430146403734,0.12124856609482396,0.18922487663572252,0.2731037197678091,0.05904899574066061,0.5168490494534658
U_4152,0.05101158291849108,0.050720847142013234,0.09446872501946203,0.11876833191250638,0.273714285854672,0.4280606684689417,0.3919069638554412,0.12803811685152502,0.3655876711628151,0.2394742810879595,0.07142906997720402,0.061762123299734475,0.07140666220914078,0.09294157349229162,0.07761796034319882,0.776249457411256,0.13535455200611665
U_4153,0.27435979878409905,0.5963816770372679,0.24467342965460326,0.028481719157398527,0.3141325301233727,0.5754101018655952,0.07779606195033825,0.09803249194216498,0.3931160564591135,0.06745319331044086,0.052966396948836855,0.07095867485412814,0.15217468599753323,0.1754576450344488,0.23548424719473812,0.45087255091079764,0.10385428368627084
U_4154,0.28153223063659666,0.2048054884955863,0.227682241471588,0.03174480059943864,0.17155665849894944,0.3801371298016653,0.13736346711799297,0.07234118228686634,0.033576232673656524,0.05835356050941472,0.03796693083844678,0.039251068034666284,0.10165003023478758,0.15968131955331244,0.844379783115731,0.1976025756597562,0.08945000092621283
U_4155,0.365623472134805,0.28353939053768556,0.3349901168997137,0.03765659350078315,0.035440634344467356,0.31234250113024087,0.07359754691796508,0.6584922908871185,0.05100570876095735,0.07031448318875537,0.06127242766146823,0.08987539259425212,0.11891821339162897,0.20180246396062065,0.28333756401310034,0.03188666758899457,0.6895647716733884
U_4156,0.31679880733324656,0.28250037286397917,0.290300885286864,0.04035646165070456,0.04155708553989841,0.143677142879405,0.06124970593741215,0.10707847329169332,0.06179910392331682,0.7926224523789237,0.05551382493895503,0.06978092017656315,0.15169884355919774,0.18584349095336355,0.2766361012927383,0.040088083009205654,0.11751873960126594
U_4157,0.03454081012018283,0.03599639147314226,0.4606285376085137,0.08288026393128727,0.4841185351194707,0.3105972011778536,0.3083185162977789,0.10163127179845324,0.7084595529674477,0.14365041511194976,0.1489892152813679,0.11077853766146682,0.08062655162652452,0.09618909610844853,0.020910970837924342,0.5778915485466444,0.14396731761906625
U_4158,0.03198024455717441,0.14644276680197638,0.09080600996911577,0.10236295182649656,0.14272485919818617,0.1589430587719799,0.5964712838697424,0.4697837876719911,0.09287590604082066,0.12629413748251064,0.10598941850577595,0.20299962038950253,0.1128470592739858,0.12855685947710593,0.07280159643315241,0.5074689518675626,0.15764539124155377
U_4159,0.26823218209941707,0.2318587572037773,0.23990210600156203,0.02702139926997489,0.029043988238687757,0.4802884835008128,0.04107050109307152,0.08364111142057427,0.023649999468127323,0.04470115962672649,0.03663089288780447,0.050372336434491544,0.09952266976403516,0.6822390154252901,0.5786851382462332,0.16510150034808854,0.17030987302765854
U_4160,0.21837174115658503,0.2758242445104058,0.26043438667845364,0.05932211885314742,0.050805863733020186,0.21448931045921002,0.11488392252509783,0.5275928426019725,0.17870932037029716,0.06697503704127747,0.07303003622063982,0.0768280202032931,0.15379638057565823,0.16224176037485447,0.10360354128340397,0.0216669677172328,0.705066816751241
U_4161,0.254066765730055,0.8077761911063139,0.2728031205533396,0.033134486482122354,0.03219609080957104,0.20136823445130927,0.0428675165103198,0.08973325285445556,0.030506984122489263,0.044523346382069666,0.05395193310126232,0.034521870870899564,0.1260031351947785,0.6979908130240801,0.5752548609593254,0.029482536767426744,0.15066604846769377
U_4162,0.2763908817125162,0.32976482585129413,0.33833994618658375,0.06424934178444894,0.0698929158254749,0.22816693736380422,0.08765305578212934,0.13316547618781854,0.15203732963150277,0.059375587360693774,0.08180208141338136,0.056816529473746824,0.14434591238745953,0.18727266949610188,0.1589475586182781,0.04665841963005923,0.7564486815244351
U_4163,0.29452743225009664,0.2422908172864433,0.26094698094322855,0.02882991422747542,0.025159076913518617,0.13262024180877424,0.053044878619344225,0.08084403128448664,0.13601576326479572,0.06322491900525426,0.049857872030728785,0.05183981607410275,0.08139346662303813,0.6037723364650656,0.6149746340707835,0.27005051455244306,0.1130934018408404
U_4164,0.3403168498178355,0.29035178968406483,0.26885023544133635,0.039729669075835645,0.04347991097035579,0.13795494880519238,0.41984176432584763,0.11318631057185209,0.05326016535230149,0.05322548793274712,0.06024286817238464,0.7143085034778257,0.16848847058393795,0.17021174928964564,0.30458172419713425,0.0462724273333083,0.09369087551198556
U_4165,0.47738189735442327,0.30921912681232155,0.2945722696799802,0.056568739086171674,0.03710969994871176,0.1546522267047183,0.07107196912903581,0.11610354216139099,0.057165093958811086,0.07352114523699363,0.08662190375073994,0.674453370487204,0.14758604113085344,0.2184777429845666,0.25379747366647853,0.04252407358421565,0.154113567700917
U_4166,0.24526401177711077,0.25920289811253217,0.7282580290863708,0.05861033469474758,0.05820470531888314,0.2605368473907763,0.10036834985982836,0.11226898509686112,0.07543032318510974,0.07327738919396812,0.057491917810879326,0.05736526981002325,0.13303090269365894,0.17701833165599515,0.26549202343912176,0.04332869539765896,0.46817008457235115
U_4167,0.2298079812704103,0.23641779787553097,0.2927045606031592,0.08481440103515565,0.07385330292942428,0.26581848753901804,0.14754815468458687,0.1304033228628495,0.6639225971519657,0.0437623718877225,0.07765142447398364,0.05605856706472023,0.17820803442562352,0.22218507218289985,0.14646907435960127,0.025418208745966245,0.6848274142769776
U_4168,0.11014823258567646,0.17146949717719986,0.15797785901468295,0.08725316931430145,0.10319659186473275,0.18777089823788679,0.16203492550493329,0.16309999702019284,0.5618381672432388,0.06719967285427254,0.07065522601283389,0.9170898725112876,0.17406626418396995,0.1694337582028523,0.07041920497691773,0.04131944208251824,0.1524225164057448
U_4169,0.37759997524013716,0.3084851485082274,0.30792588984881886,0.05474094758136243,0.0634684114479038,0.2644948933698677,0.09734160128924939,0.7578915898532038,0.08124396789525014,0.09986796113022611,0.0718717334879049,0.08337769039897826,0.19272147653651128,0.2131905617706557,0.22517332078713315,0.02703169505691167,0.29850483282978324
U_4170,0.22795132332238316,0.5332878903851656,0.2632131314018382,0.05342790289646304,0.05277135233089567,0.16969641999075563,0.14405730956064625,0.11313144233047528,0.5762504461634905,0.23439716911859515,0.046521387479275825,0.06421263219234137,0.1502176745947315,0.13535639976425956,0.11315249097407121,0.020075028426951014,0.6332355295679809
U_4171,0.35550470805832546,0.6529799594160078,0.909598375882614,0.054378867230077815,0.04438550216700182,0.1293069951297295,0.053926638314689,0.08362567468719219,0.0493998734562878,0.07015464629076512,0.05387753499347856,0.06044585913046539,0.15406330926004552,0.17149297729600413,0.25338158761725876,0.03971228058562462,0.10506289693231399
U_4172,0.602412965574745,0.22118909280269597,0.5524960932099698,0.026230744763027364,0.2894200484468313,0.16216115318802027,0.3388260107407114,0.086219807187926,0.04988009268528491,0.0739815902847423,0.0452943532335337,0.6717210239488886,0.1295586687238617,0.14297457646647346,0.24745207702967797,0.020097149026828437,0.10306587501462572
U_4173,0.10866412109980259,0.09630891919050877,0.7489549929155214,0.06407879769713234,0.3852216513049777,0.16291697870530425,0.17354153853554674,0.12750218206155817,0.408144104339566,0.07162996683283333,0.07312995879726629,0.40616850183791386,0.16477459988534818,0.16268021505576868,0.06539002965719021,0.02052682685221449,0.11543956573525702
U_4174,0.2413972240202119,0.2216510995273524,0.7091289627683737,0.03563280142148032,0.035583364648200985,0.8251325989797664,0.07608573635262979,0.11213071887518589,0.028635572893099752,0.0506815946585985,0.03830788233676848,0.043680483264668404,0.13203309734549687,0.15690217985417343,0.2624172587376435,0.029571128101794575,0.3903221775602548
U_4175,0.30592411354323257,0.3285959597938375,0.2960621865160717,0.04973330674787699,0.0762060003325319,0.18253010475554424,0.1083453348928366,0.6066642625270381,0.22107210810083963,0.08962290133124537,0.08068495938413395,0.0823290827536194,0.21351905860390394,0.18453618010389583,0.21973942339099903,0.04016044547121583,0.22880307809934458
U_4176,0.2317073195347296,0.21134347087719543,0.6823952317770944,0.01952263657008806,0.09885193517973673,0.23690402816892586,0.20477175746067325,0.19492365926242208,0.5420583743347263,0.04197377335610908,0.024880320888051678,0.05087610506513081,0.07589085379689556,0.11585109634361618,0.20435797156131158,0.015645817862248383,0.5726957013392993
U_4177,0.07212131683362911,0.25703603976675904,0.24942145407856964,0.06214336544784817,0.10110050413839812,0.18643864864736798,0.6761245434173427,0.12282750098170331,0.1772522744307663,0.48036919914069615,0.10300562907880681,0.08261519207188854,0.16012613763056266,0.13993370235309974,0.074010722174465,0.03725918583308763,0.5618924363248857
U_4178,0.2682529799981938,0.26025445443083456,0.26505791916924754,0.04439609463041281,0.048340781364289175,0.319607343005494,0.07333302884980247,0.11579405461777248,0.04870967881408892,0.0594614528314823,0.05108364521325439,0.05263431290403425,0.1283038656456953,0.15006090938420047,0.23367911569446598,0.046050522957462856,0.8618044999749503
U_4179,0.2286167462926192,0.2006953144264012,0.872481377696238,0.03616570613677716,0.03424206309344548,0.243847082768964,0.07125149252226975,0.3944630622752764,0.29145420997938765,0.06890964964218411,0.05394195542704384,0.055213471980789304,0.11929848954402472,0.14516944740890728,0.19308754691015556,0.03139179975796119,0.6249732357860472
U_4180,0.4208993162313085,0.2272635868679328,0.5622134929458065,0.03996551175088773,0.05809862606540095,0.2382088288262771,0.08089212806347051,0.09577504146314064,0.12722293592328004,0.06536164739775757,0.07843182531201931,0.3101221097204975,0.15907460903238582,0.12989844513378326,0.1405195556855686,0.023199601735824305,0.1493597916948423
U_4181,0.21687245260183743,0.31427474227855434,0.24117412929055773,0.1880649869552839,0.06479483274734414,0.18605198830764022,0.075936377986136,0.12869545064183338,0.7271992798618881,0.043867727755288924,0.08201996906202728,0.060628084538923877,0.16675453377298194,0.17717083632538494,0.10395121339051398,0.0280650514265771,0.6165171627055047
U_4182,0.394832748904684,0.3403013774476537,0.2969445743340903,0.043931001178259085,0.041321881253157174,0.2501271152982605,0.07514601527384798,0.11197452308653719,0.07084505168795494,0.07222740334433334,0.04067320943319229,0.06835335089719077,0.1787465434148217,0.19838505626215466,0.3293640042305655,0.44299553146800463,0.1918011977169615
U_4183,0.25090708414501584,0.2401465817904626,0.3041729930137365,0.07314325894780331,0.07492479686695477,0.26754053676997547,0.14335194380021649,0.14535511539342028,0.789173845896643,0.05440243445554158,0.06704741472311514,0.08423651148122525,0.17424666984595547,0.20581013640321547,0.1713849338191757,0.0499543703472865,0.20479948012524696
U_4184,0.2682213926255754,0.24148356268024815,0.25286606770815284,0.03456189357491968,0.046226961603585304,0.21374386083729324,0.4031094199617302,0.12064083192335429,0.12336362098993894,0.6816569154980124,0.042652939027774596,0.0702831646677221,0.12339782595775983,0.15876723658222797,0.1456124215182755,0.036032220513748055,0.7422284788372934
U_4185,0.2509262475221597,0.2002393100207769,0.22416761955027042,0.03210227792059334,0.13206303886925025,0.0939544806233414,0.05431535431664637,0.20997979529792127,0.028784088828499067,0.22379789194068775,0.04369763525862722,0.3352621569827114,0.11048573247098481,0.5896568292685279,0.6557550232621042,0.09154232480741423,0.0883414596496746
U_4186,0.26693620964271136,0.28721356221294064,0.30449969040889757,0.03487683289482864,0.05706353802611665,0.27202887368453704,0.08745511904761517,0.11281566409722082,0.03767770956757935,0.06109280788036127,0.05560962889117797,0.10016529054045036,0.11982046081144279,0.19318079309843345,0.2638483960611747,0.4361479912885385,0.8069114713587638
U_4187,0.04392520565755514,0.627395977388577,0.7504828139615406,0.0764596486800755,0.27890402776341816,0.42218062907773923,0.14252648091297376,0.11477323280713192,0.1521197269576223,0.2806234407929047,0.08808293233379505,0.5518447306618204,0.14230671214183907,0.16294515286939323,0.05631636447903249,0.024794280182651174,0.11558340756390283
U_4188,0.01938135105562326,0.04919440145539588,0.07994908112630193,0.0757363528001277,0.45391567880000094,0.4103138305937801,0.11441232026665021,0.12412185411990487,0.0825168337375354,0.1392322170908421,0.13496449590693121,0.8005602548507729,0.0687716990460261,0.11072839283095293,0.02804079716843042,0.7050306944701736,0.12267735093239854
U_4189,0.33357225617809927,0.3013217967625428,0.8475596990173561,0.05066927439338526,0.05201449373784645,0.15899484141857695,0.07247504220159809,0.10895427487257384,0.06358513860164967,0.07076085434233459,0.09312366399006286,0.07035819496169665,0.16797669440854565,0.19662146436325048,0.3278383127733207,0.055588734788437275,0.11769620106556387
U_4190,0.293278662304652,0.2663393266961558,0.3290969685307514,0.041579830250124086,0.062026500385015906,0.18025794102343018,0.06635957885801803,0.14454718749569,0.05795344941646842,0.07516059134315123,0.05937853751285774,0.06108659395385632,0.1584929797198226,0.18520573564345805,0.4848893216214533,0.07239312979920148,0.14047466248922072
U_4191,0.27813099014284937,0.22074405172106631,0.3299124400749568,0.06031818592253764,0.0943681248690908,0.27058197657458094,0.17332030542899504,0.1279701394589362,0.5755126873798101,0.04932269395198647,0.04417524973501854,0.09936909549594455,0.15783703879695138,0.19152191581260133,0.14689814360310924,0.04902674337936053,0.5770778466564638
U_4192,0.37794930807002425,0.29106120503640803,0.9347919466910483,0.054364984362289946,0.057397356314793965,0.15025073712469314,0.07224213392088015,0.09504546603656114,0.057911638002922164,0.06301598877227631,0.08678535011998406,0.06967072514192615,0.20506884195451217,0.19978933686462055,0.310683715794703,0.053588735686884256,0.16546462821609692
U_4193,0.22454256499976666,0.19755506268427234,0.2479453117735646,0.07658293895459789,0.09894464571662201,0.911320766149647,0.16684267285480817,0.14408906600841961,0.0751789426596401,0.0583493826035847,0.05793737093181367,0.5731809110797885,0.18296844875855187,0.21481955497802507,0.12288614221995234,0.030234452206090695,0.15214667515430053
U_4194,0.28187416255477227,0.26088358899415676,0.265502864643627,0.04413451578498096,0.02902547189521487,0.20041196652299817,0.04011459273490379,0.09027591393489902,0.03796930942762896,0.0427509130128738,0.04358986680403966,0.42285096765662583,0.13997201100506731,0.6890080122054957,0.6448216832142012,0.03320325312912313,0.1737573756827223
U_4195,0.40956599107893227,0.45844828607817883,0.31402203233386267,0.05359274247981351,0.03200277712320542,0.1601074822478237,0.06806429386723074,0.13108449207244982,0.05859871119285996,0.647344499651789,0.07760897894496632,0.06650820131591192,0.14775373754045734,0.21175288388329655,0.27970783633277846,0.05466449698393905,0.14402851893422228
U_4196,0.03580367563428481,0.07660344496884183,0.11830181854249944,0.11665106285968514,0.20544050292928023,0.26857117936715746,0.15461308028813023,0.18492149398805313,0.1034516306321705,0.2733827097814081,0.2691535821031763,0.2560396367067858,0.1473740713911744,0.18453171956547698,0.07173816296495444,0.4944810174649723,0.23887683704270085
U_4197,0.1961862702661372,0.345691574137492,0.5719307637328734,0.026205742198052703,0.08335669883700365,0.18911254335294814,0.04561607890982573,0.08234891251414472,0.6754756682078767,0.11968599849368244,0.03159560285662039,0.042579640748809565,0.10169225054245629,0.11057345627940557,0.2050865402108456,0.13038223464811632,0.7475180894553244
U_4198,0.13670301502370885,0.13737919969852086,0.254929334663189,0.08733208603413056,0.12231385949862741,0.2655630658779971,0.15102383016163312,0.16291174154067461,0.8664741605704795,0.07172375580569776,0.09442742698169215,0.6411122650251723,0.18830566945863952,0.2136935043232657,0.10017129861939666,0.042632223256650184,0.1671216197698521
U_4199,0.20429594267226137,0.21943632415834863,0.49515916698577744,0.0266634526236246,0.01110457094911477,0.4066120599637133,0.03664902335144988,0.1956346902712081,0.33093620580397515,0.08446906802371103,0.03756179820159202,0.016313305065851217,0.08337192314236883,0.7266291332811611,0.7842561106387779,0.002860506013209682,0.0793919240274199
U_4200,0.18400256055065156,0.20266300716818036,0.18854099463899113,0.03645481400722789,0.04117070867247395,0.8238674319121505,0.40128467896498676,0.09463862844770424,0.6756982034010688,0.05487392085276358,0.05279878295856226,0.5235125024523855,0.15963857829228711,0.159508222270693,0.08345911859841705,0.03515208812413721,0.12087352542329621
U_4201,0.6496681257705369,0.4163595076066054,0.3620597924166851,0.07715084549462531,0.06062546523331469,0.29099244820074777,0.0707949456272916,0.10765400655520756,0.04041444795887088,0.059192327339355186,0.06382464286165183,0.07826800557155827,0.2085845047758796,0.21606982058073096,0.42438275788728214,0.05387311072700972,0.2079781454154993
U_4202,0.2929370421799796,0.24076428488573767,0.29152555924392404,0.02705513681645537,0.043422642928491545,0.5238123804588865,0.2043451704940152,0.11326020085130836,0.05323196978944962,0.059450750181732626,0.04667221265341844,0.6691605082166181,0.1347380857933886,0.1560044074044971,0.2768994476294897,0.04386296110627698,0.11433136520684464
U_4203,0.0622222335124524,0.2308559285291915,0.1492522821444663,0.13660072969371637,0.15510582260039535,0.9122068221302414,0.20339776098399237,0.15149814614126714,0.2372353397338131,0.0956064145895444,0.10838298654372314,0.08604534882219572,0.25054669539223207,0.21501603882936177,0.08365449856418421,0.044131424867859335,0.16028511580233032
U_4204,0.028658569332712387,0.05422063404551346,0.11155818024327177,0.10618846806149937,0.19567552013525574,0.7296364124002245,0.12289078791967273,0.157291464193696,0.09596733171090373,0.2126240729901443,0.21093130998206785,0.19683269189146974,0.13792177089787266,0.18245139496109603,0.04951481999091097,0.525580610562062,0.20064872360568095
U_4205,0.3708379010618147,0.29763457862999837,0.32848909837436824,0.033344841386375265,0.06898301495343016,0.3126522370025693,0.6833435523317877,0.10509535932575123,0.06378740259358243,0.070322899609353,0.06213070515664555,0.09228734642872478,0.17856514425802836,0.19145794645475667,0.3214752150781833,0.05017393586874411,0.16960996158271985
U_4206,0.23141843012530158,0.19719545222715854,0.17768488520240291,0.026832555441133443,0.023895859019644042,0.2742547674940367,0.06452032935278863,0.10855158158436552,0.5590869511174114,0.22826477431087022,0.041898068829603674,0.34735634441251634,0.11961820851797897,0.1300613364596104,0.19409527038087665,0.3050927377713999,0.8129508302443695
U_4207,0.20714736501236494,0.24843086562231476,0.620894119120529,0.04270655525540436,0.04424977483501978,0.3104676842102926,0.07131821015175938,0.1286819332861084,0.07055281303404234,0.054516256944016725,0.057533436649889164,0.07112743047914562,0.15552335940869372,0.15766354733378035,0.1539450662482704,0.47651196644081745,0.44980016199150524
U_4208,0.30337840514734477,0.260419477227172,0.5548587098974728,0.04842753226332,0.04605297676282091,0.6015156595812668,0.059684658806573115,0.6212313956325184,0.0437494791962593,0.27944436234127323,0.053638629126702364,0.07975895965684489,0.14815566924939677,0.1812673318063226,0.22475828858224034,0.024615186615828694,0.10057776712020458
U_4209,0.09053737347732232,0.2645127416565096,0.805394056448014,0.0768037170744527,0.10267490480870904,0.1632107019344388,0.14726662939043192,0.14155640733867722,0.25793755878729113,0.0741637992577413,0.09376996346462466,0.4715873865065408,0.164686772886452,0.17944648702591187,0.07894408659928291,0.04075751864881201,0.1445004049555066
U_4210,0.26716731285002304,0.25839935512738804,0.28908198533389323,0.05177291904393258,0.05401640638694804,0.29484082403085715,0.6126757753306223,0.5372297605790036,0.05801633652489696,0.06084873956023912,0.04636079788945566,0.0749332292133263,0.1473210417431797,0.1815665967854023,0.15080602053097275,0.019517308815954995,0.5037794559655082
U_4211,0.5383367867627884,0.5429922360600677,0.49879721957812506,0.03439238570479178,0.07031266278226757,0.42518834325101373,0.10109610344969745,0.14805724260026804,0.06766508410748748,0.08340152330982913,0.06367897995608636,0.06864256986087727,0.20721742143628202,0.2869228093879598,0.3642634202343203,0.07914011812009666,0.22382989389208413
U_4212,0.051856311502625964,0.12076994481584488,0.11696054253812613,0.09840904371836172,0.14377859371165097,0.9464132280176645,0.17044501674935142,0.14786471042707758,0.1941304178229059,0.127416933360201,0.131798450019281,0.0999980212098363,0.16142176795060162,0.1750517442721969,0.07504123811477449,0.05278015037498518,0.15182784133346108
U_4213,0.46318183223450843,0.4371385884772577,0.5173113109287475,0.07701483502743718,0.0735779729659195,0.34153491750823584,0.1036342549874408,0.16292932504923607,0.060065281535488874,0.09522046594445029,0.0975296405924902,0.07639497325084425,0.20614606106273092,0.2583669708913527,0.3802154775831861,0.03653119325600795,0.21316831343142403
U_4214,0.22039728072850068,0.18778269929225871,0.8674628100889156,0.0312175803689973,0.021388366764805662,0.24615581288298027,0.21825564944691767,0.2180198286748494,0.3287576616930905,0.04060428364517184,0.05817216425657029,0.20899190257587166,0.11544884231443807,0.13819157054169184,0.14555076497283387,0.06066435139047548,0.236935958591774
U_4215,0.26222952077739853,0.25932273009724854,0.2929791072749328,0.035067039403504016,0.03281588323991332,0.21719316858160256,0.054824739778191564,0.0969068386722183,0.03846474351363164,0.0480074932053152,0.05367805052912217,0.04137308504933824,0.1325716877826469,0.803212943365953,0.5783577266273788,0.02972699707442042,0.189217449237554
U_4216,0.22908711604409743,0.3370902257680518,0.18956601476448545,0.07523684071382407,0.057825791398659857,0.23580258457321418,0.09274464745335875,0.14554533279852694,0.14193500490737784,0.05820209177527304,0.07909452633707575,0.06704176638203119,0.14863876299119977,0.18267657183425656,0.11685438519401635,0.04356970069388625,0.7841542597633023
U_4217,0.16722997005119514,0.20976227205953943,0.93658629014021,0.10183097051865003,0.11135831914330317,0.2254456932165846,0.14529786368437336,0.12780016101308506,0.2015554056911121,0.07923147256828907,0.09259809615013855,0.0727154919128122,0.20374858414372715,0.1979285295312837,0.11014867271747436,0.04558740978704323,0.16138047374297443
U_4218,0.27761315806601855,0.23064357943340108,0.247872056592209,0.03720260170795715,0.3863253360135836,0.28415707044549,0.07801823467314696,0.10982137918315867,0.06681081751355064,0.4814463931497483,0.044533994461873845,0.060284135492443575,0.12314545741478561,0.15473086194864386,0.23860090213703541,0.03141179739716339,0.7954761182078361
U_4219,0.24834729273507544,0.6760530074218073,0.8171262272975427,0.026293828857042068,0.15029464946089777,0.3526450446238242,0.06245558691379753,0.08742727687523565,0.03752107658047999,0.048061094016051735,0.05765580062443382,0.12909817517821098,0.10637614532507109,0.16212004079328637,0.19890661062563292,0.1870993938737934,0.08471281758422414
U_4220,0.32877715138023567,0.25826857656182634,0.31605640336060653,0.047273942890627876,0.05199218723253536,0.8738386331312269,0.06980166681917815,0.11890872366698449,0.05453391138681215,0.0644991825190052,0.08050968182816935,0.07545350692952067,0.21150745924835107,0.1946022895798145,0.33113676381014306,0.048151367859666755,0.14955562365989658
U_4221,0.1798378957824936,0.4511037247885225,0.22687736003549064,0.019134238286469152,0.017256188859614843,0.8070408960796536,0.06548173098677906,0.07135773442074052,0.3564264325342277,0.04729123761026156,0.030241839393153315,0.05318025224478788,0.12098846098596719,0.14233728199098752,0.22568682419101688,0.10481755195928319,0.12169029091730821
U_4222,0.24422062204149608,0.22797892730548422,0.2674808856997868,0.03577515046841325,0.024446528247625922,0.6532036589950536,0.03794955810343336,0.08931924206933342,0.025842445433702704,0.04426374341876363,0.04849089792041114,0.029243150139924595,0.13391810399957438,0.793103641783815,0.5663089534667293,0.03326407332502134,0.1535444665354821
U_4223,0.03027962497976404,0.34005454418058423,0.42287232126292906,0.09068323056063136,0.46191206302736015,0.122532416457311,0.5661133698172114,0.12401044855312493,0.0474687098164706,0.11974392177567955,0.1432496998208144,0.1183020967537104,0.06924985847630323,0.108118071394379,0.03438428507011494,0.6784665597981395,0.12747208304190347
U_4224,0.2834993697387309,0.23039037651823988,0.27550613405431007,0.03369558740098052,0.038640321582039214,0.1736852932816378,0.08304182673468025,0.5417239666962814,0.4656479471761543,0.2675194664578198,0.05483886291942978,0.45554084192410094,0.1378432017224479,0.15832820863891878,0.2490473995742986,0.018521635384892918,0.4872013740743275
U_4225,0.1443421977447046,0.16667433826638947,0.22315570139514268,0.0652368252087295,0.1122942696819238,0.18920551667613286,0.13574653981119383,0.4212404099118594,0.847998317309709,0.08780410461572564,0.0834520066102352,0.09585292114349309,0.1572850437971458,0.1806865673594704,0.10718323375425544,0.054897444035523046,0.17131514635589287
U_4226,0.2966231917828356,0.3218060949594694,0.42000623647840996,0.023966866579516508,0.23006697787610417,0.11259269259275378,0.05721414943140764,0.09219037480246557,0.3199792215762156,0.18576472046271658,0.037922223905882846,0.3680444235236618,0.0910513638179709,0.5884855437632435,0.49256110612916704,0.032215313693189945,0.09752301696913634
U_4227,0.3234701160662636,0.2720531181669984,0.2612710108583243,0.03453252509122663,0.036474668892928594,0.12195248226359956,0.5812384307939406,0.10995178648700513,0.04577755274274161,0.05757508782579307,0.04862634373031821,0.04822250326701755,0.14909876829223048,0.7242665939132286,0.2637684706588947,0.3486470475228982,0.11647522024678023
U_4228,0.23880323308349374,0.789698664333335,0.2687320547690695,0.051657176506205715,0.047798732115406445,0.2424350352827388,0.10080237184983469,0.1064593998957358,0.3888678836119887,0.5038307271078172,0.09177439546480753,0.0899070001433072,0.16628246848900408,0.1499022799893361,0.12794275997499788,0.03411221458731525,0.15426750708351422
U_4229,0.029229792627166518,0.039796784059994005,0.09968126083763365,0.07854815527700533,0.17561028446944135,0.9027899799273825,0.14736837435541572,0.14522576156340333,0.11726199110988822,0.23497130370893046,0.22570470674004459,0.18529549578076301,0.1251472643093317,0.16076174125311987,0.0427751115630191,0.36708482498280975,0.1854794926604966
U_4230,0.06913442988570648,0.07867017829041649,0.08243520169333535,0.11900861496505813,0.36876389627657313,0.3443541459615444,0.1313236943509211,0.1485243233478467,0.05080598196639048,0.49144925869963146,0.07834482067922963,0.37923000584554556,0.07241196672474304,0.11798762517328625,0.0974739357221134,0.36199402564846905,0.14876151793469938
U_4231,0.027702881067775402,0.07494653410491686,0.09255055436508128,0.10780933936463262,0.2034494640806786,0.17822353285716835,0.15721313710892984,0.15594039222980832,0.12923607271652426,0.8399653143940742,0.2048514848410627,0.17622853463192364,0.12186443967465779,0.17863775732969633,0.06347629382007793,0.3734761594269241,0.19582059295678964
U_4232,0.031346428389662846,0.24688456748515325,0.22374924994001005,0.07966911892437036,0.12151225021766165,0.246929782086439,0.3405047768503162,0.1133714546767704,0.04026284711463873,0.10729887470472255,0.1000209257745023,0.880447950794858,0.0673933218119099,0.0708630806651615,0.015961975156133894,0.38203593202414177,0.07905732994244066
U_4233,0.14715995127196785,0.46293430593562085,0.37620496923215657,0.09062248073693552,0.1314975244718701,0.3857375648801202,0.16467673346230566,0.19822481174256457,0.3124051662886931,0.2107249241473149,0.19453691031950693,0.15295041973222084,0.2798119996285651,0.31268007032709816,0.15005180710856228,0.06390029528661852,0.22130134160660708
U_4234,0.16468378598461958,0.1677578400868075,0.2128230490837218,0.058052235491442436,0.06106831735038776,0.22298323329615494,0.1316013446171532,0.12210172772090261,0.8314081967572,0.06139074555738673,0.07633508181111513,0.058296314976356844,0.15222049726848613,0.15687955059827138,0.0723769545096388,0.03273760702909168,0.35987180957817594
U_4235,0.24098451393617526,0.28908038649173307,0.27801850187526106,0.03597728180434691,0.044871602458919586,0.18636415766932962,0.0997519074228098,0.44322548439932485,0.15702524509605148,0.5874931352500421,0.07586327447849593,0.0669946787765872,0.12939558823834044,0.1620387394617382,0.09000575230357745,0.452295616821037,0.16239764656849584
U_4236,0.31382945545154933,0.7824748439207683,0.25320630662413124,0.04428809832360491,0.034763047788504794,0.24601574569614482,0.089271387342829,0.09504828669862202,0.05793138646109226,0.0700654904757173,0.047850385831370704,0.6493301025735346,0.16023590872447463,0.18658903939035584,0.2916974108048521,0.0411255486312813,0.13784284207777175
U_4237,0.367804047644556,0.28592776036583284,0.2766169336367547,0.058685256700047164,0.05247399566442446,0.1581190441056754,0.07515260169576746,0.7175486745964285,0.5305417646047395,0.061885241529870155,0.047627851237012166,0.05748669832479707,0.1756144016055936,0.17476757300103166,0.2833640849883037,0.03223301360540257,0.1522974569457268
U_4238,0.30589918063137095,0.2843712809174275,0.2998958970799241,0.0330928563132322,0.5097480838491243,0.29115096027746173,0.07804836425158748,0.10587596957435214,0.05055055479012717,0.44713854170520534,0.040743329920270605,0.07251867436292073,0.15112057124919626,0.18274992061857193,0.28656887048140356,0.5470545240973584,0.1371079260709348
U_4239,0.30548921515966065,0.24498700907082405,0.6274867649837923,0.04221889386887497,0.42724826661579174,0.162484926833955,0.08056500315318689,0.6237257850236866,0.05431816882438879,0.0787588628625677,0.06035680365370871,0.33419685932025905,0.15788539347986716,0.19156948281714806,0.2596810655516755,0.03746558024114402,0.12337965359183237
U_4240,0.28356582740388786,0.3017378017454475,0.2661806793153638,0.04640887935470299,0.04077889397161333,0.2131311159340045,0.06643672029080443,0.13520955611326244,0.05711521486952201,0.0566501537177405,0.06884923009240491,0.7746037982339744,0.1170657044025242,0.1524353646936164,0.23052053019386518,0.031225852568430586,0.5175495723689877
U_4241,0.03129777525408445,0.05810541804521531,0.1749966866345061,0.10562263444072652,0.1933103969302782,0.16923800184281262,0.16218653229927277,0.14993468605911117,0.8414227199806226,0.20886003984311102,0.23460216118619562,0.224074541553565,0.13760540213200817,0.1567035717606652,0.05456263611402531,0.3671384642856117,0.20682240690306394
U_4242,0.20573885636536043,0.5922012621636432,0.2812462058940803,0.04636703626558294,0.4377559632855525,0.2660869971716845,0.29759331920245524,0.07232080395347601,0.43735871574863217,0.07410032741015221,0.09839909477964941,0.666484027317675,0.1253348028735472,0.14178720474443113,0.07602684792410878,0.014180013336549755,0.14754519324189783
U_4243,0.23933917852490383,0.21637922946546545,0.23697166403182976,0.0700402643490716,0.0936507397404944,0.25914187325452875,0.17481450186187236,0.14365718702761363,0.7342793037256868,0.0755257516715667,0.060792753974494254,0.059851422611942096,0.16033745563381813,0.19371257434572692,0.16549511302897912,0.03615186485631566,0.6301460822430437
U_4244,0.3901542761492568,0.30332796002190504,0.31751635743183776,0.032080707157957564,0.03398558917506858,0.16775041776437805,0.08668976590563258,0.11424400196028614,0.04960978418492716,0.07035055353359848,0.05203040671152214,0.0639333336854046,0.14649803139641288,0.1832872888146399,0.32015049234073123,0.728476095197502,0.15730661613988892
U_4245,0.08128269521909912,0.19093136501354102,0.12151148791450064,0.09610130303841706,0.12954879135173747,0.9292273003421954,0.17819404291233645,0.15316818333668306,0.17740096486892795,0.08088519012560047,0.08261285118965778,0.5793797639339103,0.19776099484625853,0.22813380089735671,0.09090943897630513,0.03292871359779466,0.15750124679945413
U_4246,0.09314769321664143,0.09953530897797694,0.13836508174676354,0.09739581423448154,0.16320593412513887,0.19015838798758344,0.16936746280874465,0.733145853363665,0.22745856356531324,0.10034876294724705,0.11124239462639232,0.80924283616483,0.19656715863878899,0.21164158831761135,0.09025907045344936,0.0528091214117554,0.19893042828120883
U_4247,0.03321164290948528,0.07992520883706526,0.8262327032256415,0.11488990421272353,0.17083195041517474,0.1452073676269241,0.14648050238082103,0.1475231245909802,0.5479818270099521,0.16812957105489312,0.1823415001776043,0.20044090357646438,0.12794037323341895,0.14107952865085216,0.051009955893936275,0.3026965647493784,0.18880410818436266
U_4248,0.13415186422525022,0.14810159613744556,0.36003401355467546,0.03043169483606574,0.050211501320855945,0.7487692617287899,0.29847849475780874,0.07682716607759527,0.5027640613314197,0.033495038899053135,0.030519923069022833,0.05965059024612543,0.11853520600773992,0.11769892952753927,0.06393000764288707,0.14052632761159092,0.49374846795725447
U_4249,0.22206158014265515,0.2895073929928644,0.3671640165063693,0.1046391408693984,0.12122135872379824,0.4096197854976761,0.1950434277795124,0.23358323952478377,0.22889381171830944,0.11786821400070019,0.12722221943545148,0.10605020646436711,0.22512975612778083,0.25201494308636135,0.1537428589669974,0.05422764560021836,0.22536658991687766
U_4250,0.29016081808986105,0.25736911184390465,0.27684647283588676,0.04551145158835011,0.029689085890475954,0.12461658556273539,0.04057745077235661,0.08539758869065908,0.5286173867269716,0.04844850023879838,0.05217971732762911,0.03498611479971425,0.14411758812523318,0.6904732645942399,0.6317571672672105,0.030888854472712488,0.15572579760378807
U_4251,0.04131576351411617,0.40106520211733143,0.12322456080928645,0.0787834618452481,0.4236645244189854,0.8103894069106506,0.16977042706976053,0.1153696081985868,0.17260745560738097,0.3575567917596445,0.07101791116993121,0.32672659728211584,0.16229992784617223,0.1656873006113314,0.04208365820517996,0.04147647600355839,0.12631970461541994
U_4252,0.21431263482519383,0.19363057150998958,0.2689914142095614,0.02089235806854769,0.04805155579770916,0.15567716483772848,0.08138263975764873,0.31206787131708386,0.708200497113787,0.07956205178698496,0.05962872172701349,0.10234841385770495,0.10720639274051073,0.15083686900395443,0.18104675779063745,0.30566358057647824,0.6363749767601017
U_4253,0.3188882497694313,0.27009346551337055,0.3225780415751083,0.019704795540675606,0.052334017281830944,0.3005372132088593,0.07526956947034837,0.11773258411238328,0.5344114198257193,0.07344118884848966,0.06465355816199961,0.08553369007661162,0.16692712807479582,0.19335425849594462,0.3277168023574966,0.05750978716822337,0.16526835930811842
U_4254,0.17905203805170633,0.15496461018428645,0.2095020109162554,0.06175170341545891,0.06356850578754315,0.8667710055268653,0.4048084231865341,0.13089348055856648,0.35628521899977483,0.062174489704646285,0.06177716643925274,0.07148974242237323,0.1471889933591358,0.13732057582387142,0.07092591841973234,0.025887571796574617,0.3979767453011495
U_4255,0.2706802272860756,0.20276835158605747,0.2716473055927103,0.09009335493080066,0.08770319807378374,0.30821236779763195,0.13611453823425243,0.16026276992943048,0.8780777574331697,0.1057916931404577,0.08640676636713558,0.09024640210439405,0.18322989486010485,0.19516626999873588,0.12052555591220779,0.050715548461895,0.22419038744318898
U_4256,0.050971469895753505,0.05724373258969932,0.08146998754522933,0.09798561873148232,0.1341716203152018,0.7971240404268913,0.12739215225640582,0.3003180130859559,0.3137865972490457,0.21940265518367164,0.20732292925921852,0.4050886886427141,0.09016992537359096,0.11581397215085165,0.029146924843688603,0.3100461231555328,0.16076590899827214
U_4257,0.18485453861691375,0.22497719845439906,0.2099668063631393,0.09108794039510826,0.11354703569996794,0.23066502346975779,0.20628605562662788,0.17553427076565106,0.22059991354240402,0.06930411904087327,0.0732160903680747,0.7262654902282548,0.20079190036779765,0.2243715921975863,0.10664148540508318,0.04088300552994668,0.1858369134515453
U_4258,0.04976746917992904,0.11742365435366162,0.6046448302970652,0.024857295556465958,0.0453652684640631,0.48514848958910306,0.12048707696553473,0.07904976761886404,0.2626804240330135,0.17991880640399402,0.04523373539197792,0.7363679175337559,0.11833093896582167,0.10924063877958211,0.05452626344902446,0.33151467399355056,0.11095036753530882
U_4259,0.06892527711857052,0.17666894754871515,0.9074882158910917,0.11205014642260211,0.09634413213662765,0.2016728080200244,0.15933060135229965,0.5113299669903874,0.19493818127877272,0.08094692098137599,0.06076406959517014,0.3901125034518665,0.15718706993133763,0.17207461964074744,0.0568129905859391,0.041865125532788094,0.14495016243532946
U_4260,0.4024534774851879,0.6706864945198666,0.33375497829599465,0.032095810285915856,0.04394583777394036,0.1540294951885135,0.59327767670832,0.15077191167855056,0.08078042368946467,0.07538848719543086,0.062005003107712967,0.10506266926905988,0.16546834329463567,0.18054774317455363,0.2971937247265006,0.04084382558062238,0.12169005657003393
U_4261,0.24733263098696706,0.1978656567418397,0.2532039232885649,0.017229117139659137,0.03950745887815428,0.20040804585508318,0.047118822480604415,0.09451822757180248,0.31741690106064724,0.049875640805426225,0.039470308461906405,0.6017936786842354,0.11381728471618527,0.5858378878559798,0.7696902222942343,0.02609397588924304,0.1256718228882795
U_4262,0.028750302959458428,0.22828369525070125,0.3616382017918602,0.08380358491435715,0.1342276714184918,0.3715068601435959,0.12383835982931066,0.11875585236794092,0.09051683702991319,0.14870396711110184,0.1473231487781469,0.7505083796373573,0.09487679627862977,0.11422506113157259,0.026015448640289006,0.2810772695011129,0.11609174230275635
U_4263,0.5268845474432661,0.19741398943872313,0.6858979858473098,0.02490959147402371,0.041524438083770945,0.27064508430449363,0.3895261651420008,0.10388053383766213,0.4155492048356462,0.11546122496210788,0.05284881304694842,0.3529587393202475,0.1173380101071246,0.14833249034322674,0.2741937367460789,0.02852941835793516,0.1259790019758219
U_4264,0.20594299794976384,0.019433521069727712,0.35971568313068925,0.049886981160270565,0.46981368641002047,0.8522117910576721,0.6042035370489277,0.08558345011496099,0.06571605617281166,0.09098849953929719,0.10553464396167399,0.41276527260709556,0.07732165659857466,0.08650783440136105,0.015641631134177235,0.29979349172274866,0.09167239317856843
U_4265,0.34606257218613334,0.27053404965072486,0.8489520986914979,0.04268993127308528,0.04523100841095861,0.14098283686579755,0.06310063294091788,0.0875526406555721,0.061379440134303825,0.061066366464483685,0.06946078315845426,0.4319206737629045,0.13968077159513642,0.15517460513473422,0.2947941195418385,0.03385135136569459,0.10132856770149228
U_4266,0.28520569654984934,0.26294365870068265,0.2705967958933048,0.024836379999074558,0.0473992090279175,0.47020231964045917,0.09645759118090655,0.11462919501755808,0.06318142415602238,0.2837766214958714,0.04956198865545168,0.08189098582537754,0.14061342764313658,0.1881485038827166,0.2666560251965564,0.38977342566820555,0.6248766383661893
U_4267,0.1179260695746922,0.3232897542460677,0.22442670046825902,0.0812764925823247,0.10364634428092744,0.20454266508264038,0.14781063093527777,0.13850916184435877,0.9141160045454607,0.08038710230783185,0.09116204086964519,0.09713500920414828,0.25147916980237733,0.19729208779706978,0.10247798508577928,0.0527787489781637,0.17059158639147654
U_4268,0.433985998440598,0.3444178311900156,0.32173332625892326,0.04956155229986903,0.05280069674731705,0.1993290415644666,0.7856946784369714,0.09608769912081298,0.06663690806349983,0.06242443310748992,0.0680987013620528,0.08212434291983003,0.17316408382952292,0.1902176020169455,0.32885571018548077,0.048076464762255834,0.15798487591449104
U_4269,0.11282982123308231,0.21351967936500346,0.6046018002109443,0.03529311812824529,0.042523768235605774,0.18445246490544065,0.1054513261390054,0.4337397748663362,0.37030640226291467,0.05689935056305004,0.04997880886726018,0.33059440387277017,0.14585410647887212,0.15772603706310603,0.08044115352982226,0.3294595946602452,0.10982961576749739
U_4270,0.05873099070877354,0.09483773965632293,0.18080521098734276,0.09870341508762058,0.16684562792052587,0.12460705742372233,0.1389198772124866,0.15915004546477884,0.06387409306856538,0.17069429366255884,0.16693041637772593,0.20157069900734803,0.12733578792145425,0.14076031736245592,0.08062592643072129,0.8931093086877883,0.16117929022852756
U_4271,0.23867856653283898,0.29261898024627797,0.6532681909123517,0.02183704242429462,0.14295910001890605,0.41668176940042223,0.06334385201407304,0.19517215837048876,0.05382856023972601,0.040616033400932526,0.02686671719395653,0.03492337934099963,0.09817390586529423,0.8299455244305216,0.49262663859551414,0.07774906336169372,0.07515802003333383
U_4272,0.2827411240489398,0.5868902426806595,0.2696649203516792,0.03488009918167495,0.04365534382284071,0.2216029531324694,0.04901836026220089,0.08992769218453672,0.02879245413697304,0.04901034648437637,0.047945706076003416,0.03583571121797548,0.1316745526562313,0.701190040133354,0.6642855792323443,0.03165735862042121,0.16503425640960961
U_4273,0.03484523267510284,0.0690712346981521,0.10146272242593493,0.07219393188681193,0.1509324204626572,0.7161940199737221,0.12162928943905477,0.15985572443665044,0.11921251110272688,0.1893943501267469,0.17781331913596557,0.25261624628703666,0.14145576131801713,0.15670270989083243,0.07844250600096572,0.5684941925925824,0.1823399161730187
U_4274,0.23003671887556984,0.8490340995383092,0.2845148585794229,0.060105685013716714,0.06188177668055238,0.252900554430825,0.0745577760328678,0.11921234731304564,0.11051864674810372,0.0652296280409877,0.07074666100366322,0.06656292564597836,0.16065200455148387,0.17509121586968318,0.11772758473880775,0.02011991935861247,0.6235999278477714
U_4275,0.21283365665232865,0.13090100093118706,0.8083984393049861,0.0376558309696136,0.13039337429059128,0.7654570538338386,0.19658535260301496,0.10280789708648497,0.1612787496432313,0.06967113192957096,0.07692103993681652,0.07364446899525093,0.1351189200192517,0.12517482346883924,0.09876935038837707,0.0162881289867271,0.11910072074313915
U_4276,0.09148234262749835,0.0965055442861158,0.6345916743600872,0.0952100987101023,0.10456838038474879,0.9427758460954055,0.14345033210272565,0.14254130817398494,0.14307868629544376,0.0796254428659421,0.05661816411256007,0.3755664951523807,0.17295260004926813,0.1683524764521805,0.07234965883301386,0.04375733812437268,0.12072923797296259
U_4277,0.2808386881940378,0.2597713536765196,0.27584073380190094,0.04690054390666075,0.02964104712502253,0.9236383869971051,0.07634706715660547,0.12338978406538573,0.03231507711301393,0.06169359492157962,0.06058677100607758,0.054919407060733956,0.15315274437124093,0.1929630374433136,0.3264449932076939,0.051116493680743856,0.17877456616306764
U_4278,0.46296693849139287,0.0756090517254489,0.45209975119359647,0.11629726100093356,0.10834946662777388,0.07750768588794202,0.18324686503462126,0.1144156813599837,0.5605613612729458,0.04058842107244325,0.06123749466712412,0.4450745857783923,0.0736842025153582,0.0823275430752752,0.11371184925862297,0.42916402850193885,0.15244281514457012
U_4279,0.20881710289762595,0.2159035276463346,0.2357424434359793,0.02790806842455923,0.12717340988507547,0.3841989002581614,0.07289076987088833,0.11015872905199653,0.4210786628164361,0.057957788949022315,0.04653079212306037,0.6444043450721358,0.12814920626624737,0.13970849351384512,0.27160515504184835,0.038401422749602086,0.33659261863562495
U_4280,0.2872249973259722,0.24641207288476413,0.21783519037964813,0.037364509463076186,0.03824676885241717,0.1352246553246908,0.05287857396950174,0.09928912823760637,0.5766168789345899,0.05075704447983059,0.04413448671405589,0.0580791083754911,0.134858179851622,0.7563412431289789,0.40976112808077986,0.032083662916523224,0.10689494823511787
U_4281,0.043900790696121794,0.12604699880083797,0.09697440795930652,0.08874710614511037,0.1630371475651382,0.15761170146858555,0.5805532603681051,0.1516005005973546,0.087552703767337,0.13550192034619493,0.12791483758905292,0.1963837424270861,0.11663863685435974,0.12479214487325385,0.061095539444782465,0.8084619313822624,0.1657272247907164
U_4282,0.03218238818818373,0.09497581380350371,0.10660188823704099,0.12590078431047694,0.2064047058505699,0.1335563727746192,0.7591108080263015,0.13878006069586868,0.08680971362669132,0.21921617369731794,0.2262298016973315,0.39774544929523487,0.1623410895468967,0.20493674784012442,0.08090416020117482,0.3297724650402559,0.20065903180245542
U_4283,0.251678828098233,0.26721039933716284,0.9284991550186238,0.049899126663753984,0.06077487514346143,0.18639942676558727,0.10605328262296297,0.10308609219370847,0.1665667622019102,0.0594529386246344,0.061786600371522366,0.06581678985308903,0.1419268161000461,0.17038759909669227,0.17642169171402872,0.03392823853398383,0.5130797010473358
U_4284,0.2512505559048087,0.21460013050769525,0.505142713259788,0.03326003864270513,0.0347302925903861,0.10140226128441512,0.04217693769887743,0.07771592900017393,0.1728417592558935,0.059476956830516015,0.04570953897559598,0.029147950369438062,0.11519729761592575,0.4383586148838034,0.8186942025769823,0.026778034971585193,0.11434827224950246
U_4285,0.3167396633091927,0.288263061480871,0.2966987808644683,0.03670418633197543,0.04993633836016818,0.1774040587415614,0.7047606044599954,0.15018806096339826,0.18219606144862902,0.09070088489070544,0.07691693945000344,0.0896966094781527,0.17368937644138874,0.17722214992732227,0.25052019085918603,0.04314112209994167,0.16936588650504503
U_4286,0.47686457203662475,0.1965423993614673,0.8301266693772678,0.028822940494337777,0.02926412305223064,0.11526820542985547,0.05312137586433352,0.07378099589388253,0.038629668499402234,0.05094774549561289,0.034224593933027375,0.5134185916335757,0.10680007936679756,0.14071219004440147,0.32871110110816204,0.025148924409962276,0.09148540753862085
U_4287,0.21379128727721605,0.3221281449949705,0.30085582011847173,0.06780605613637089,0.06650275666885351,0.32301735162145706,0.08305756839722592,0.12284714243312289,0.127789641167416,0.06518071198099809,0.07844282073419515,0.06286467099114752,0.14522436126833832,0.19015792059066344,0.15237191026967334,0.030941518502281246,0.7727675486521068
U_4288,0.18268014746082697,0.3024204241771746,0.195984283019876,0.06659221511573893,0.10517852499077104,0.19502768144322327,0.7077027824291685,0.1492928669588856,0.20658165958739033,0.0720627593456595,0.06617589539285329,0.7306753666583666,0.1789123347855795,0.19857942346461713,0.11757964588759279,0.03745103794963104,0.1537684851446761
U_4289,0.5585813176084989,0.36397041598211405,0.3689344087196171,0.0476234843648778,0.0616742905133337,0.20187445540144155,0.08014373573478423,0.13658183307974128,0.09169478685122182,0.07843736213559867,0.07224438280290486,0.10360456309416816,0.15533836628192774,0.2352583795768997,0.39494856116653904,0.05134590940747436,0.18101391057032268
U_4290,0.22315639877073742,0.2342291239877212,0.8708580913693322,0.04629993751211639,0.04511652426342128,0.21065429444374878,0.1004611154107023,0.10777255319821738,0.11204125335989026,0.06019093008899838,0.05784625770192679,0.06448985587511034,0.1200807253968838,0.16640049402428098,0.21541846600492146,0.035796271524322076,0.5708093148177557
U_4291,0.13208152274296517,0.23814649108230973,0.24845235614658495,0.06510878115465198,0.0919752226919025,0.6454870395058564,0.7570964147039075,0.1375573656202341,0.1748574888140663,0.08622636044037621,0.1000589149668511,0.08586572927496289,0.15830472162965953,0.1707580760750218,0.09285534938229412,0.044787709869848764,0.14126563402043138
U_4292,0.21643112529808553,0.4827521714465248,0.5389994454950002,0.030501731867654945,0.08300565237886537,0.26422980912827615,0.12379609278098405,0.13324810530004164,0.12499373001556771,0.04810739851725378,0.03750598515525988,0.1970596641987563,0.07911278686781364,0.8070689784259758,0.7119963310449007,0.0017219323609658967,0.14554563256313738
U_4293,0.4164667104787483,0.34744482198249893,0.3248565926788313,0.04481555534865878,0.05427093935461795,0.20056793907837575,0.07272222505165055,0.10784292240370875,0.08183137884805541,0.06992576106661046,0.047688878152907226,0.06184029326476982,0.1460178589781369,0.1963730487643112,0.34861804427214366,0.40634736893135975,0.16141963712185536
U_4294,0.32679639299114,0.23518346336285312,0.8409625968945708,0.036524389515756366,0.033357893381404234,0.2906630893012173,0.06243457452892988,0.0973769862271935,0.049400929080373385,0.058731620756314024,0.04768268245579714,0.07553191709369689,0.10800770546323342,0.18166786743600838,0.23583363696979975,0.02779853001414867,0.6937813614071237
U_4295,0.2731823685329383,0.28944921127187306,0.24942829415952494,0.047968269812107896,0.05156205813088847,0.27082645125661076,0.458142221517106,0.1112323489821863,0.043313518139050364,0.06508442347778803,0.0498068025533218,0.035602893085001995,0.1355607885272408,0.1672061184465442,0.23717067772049596,0.48462065034239377,0.556333318353406
U_4296,0.17260238236291228,0.17291402234839448,0.2364207316159605,0.059407676484800664,0.11610706804823223,0.33025635706403544,0.1254445101115308,0.4405191244009902,0.6818858185494233,0.08998568289068808,0.08139178460917498,0.09586268108256064,0.12821391143710326,0.17567947857113234,0.1165136199183267,0.055455216529777925,0.14843896371512386
U_4297,0.24183886056785084,0.24599599728988464,0.2718962445977539,0.05429242237867851,0.07331601900950771,0.2383019354367739,0.30648473819801636,0.4142471367395206,0.7217426166424885,0.0759570242402452,0.0793524772129643,0.07473044220684431,0.18259109191464745,0.16255087321971035,0.15539980738278153,0.02752715060873822,0.15942853752065062
U_4298,0.3087752919972543,0.29898404607208434,0.9869383882096276,0.04755458365395583,0.04029020696433689,0.16591738058659916,0.06093706240669264,0.09511283901895065,0.049725710596140615,0.06171199039683398,0.06768113200929375,0.07089197606230013,0.18223199930494222,0.18573753022859651,0.2816856028740632,0.055216164473892736,0.1622599460148826
U_4299,0.22304683101759673,0.1865899976015763,0.885539521625674,0.014377982075031624,0.030160308767290013,0.2021920244947448,0.04838858913456423,0.10009587961758212,0.06012821258747962,0.26697891783201666,0.051493418625865546,0.5359851844267141,0.14966606982132194,0.13814692129442183,0.2762766298547852,0.1898319100447917,0.08586361748492387
U_4300,0.24471257317169998,0.19249541644324628,0.23862823230910052,0.0477154734335196,0.02000742840594568,0.37703955465272493,0.44079016701210383,0.1010240425143702,0.5817745056079165,0.04384445554454877,0.030640045463916805,0.5394799679656321,0.12619737403309178,0.16003548663447503,0.23024038153191448,0.09629376393744045,0.09031807120919201
U_4301,0.01078904859750257,0.03309647947454942,0.18347320034754133,0.07986929092185965,0.29134917245909325,0.14745014032406104,0.4400120925667559,0.5806955036923345,0.2677120098467898,0.13001767823134988,0.15675756629388266,0.34259963602275184,0.09356468933575088,0.10838517433795007,0.04025537766070189,0.26713846161392146,0.11695161837146169
U_4302,0.17721307942180642,0.12559687917001736,0.21139578375033546,0.03963332361533169,0.03569918594717123,0.15930433202088023,0.13637982265993284,0.10197942412698405,0.4475051896949507,0.22537628031568588,0.047069549695109084,0.6906135815279951,0.13159877315867333,0.13470981279717945,0.12410316616296818,0.1881250423964898,0.7621971451121196
U_4303,0.034057897203388074,0.046176225997300195,0.07373597673539055,0.0924327196215792,0.13289782902322197,0.1717146412439071,0.11869499348202919,0.13157414691883615,0.47304445976698495,0.20461098522279728,0.20731722662855115,0.8619464368839955,0.08378155843040419,0.13729266534708728,0.06344138576790345,0.6950477368387383,0.16710257959414773
U_4304,0.4722580722982785,0.4024772597950573,0.3824134390229562,0.04649591109823566,0.05479177108849555,0.25099913798742857,0.09360987827885295,0.11994186145921285,0.047445532258791466,0.07028306661401858,0.0650718690680327,0.09632262356236514,0.2084554553788794,0.2324685660786689,0.5049346002625971,0.05609714277659611,0.19997594560639248
U_4305,0.028232204565199273,0.05368229657096574,0.12516177404419143,0.07039107722540223,0.1102648530906378,0.12522716632120356,0.608176052303422,0.3386987503078706,0.6031463048494389,0.1056710654706506,0.13052343447709983,0.652193587319107,0.1200073771390941,0.12574194329389396,0.06395509680851214,0.24000208596779216,0.11533848424150588
U_4306,0.26408115309482205,0.1801857796499053,0.22738253125276384,0.03117713562197274,0.02614282585047329,0.0872364940065435,0.2036181683333778,0.08317270427878617,0.03035447276645322,0.05386802739595887,0.031086508396227515,0.06196176839553964,0.11715385401571378,0.7802534243257266,0.7928684617512222,0.3635128820027116,0.11210665875495199
U_4307,0.03251747058152943,0.04118719465030597,0.1460014993178554,0.08379715113741794,0.14433326042925249,0.8372700403438753,0.1312496350841298,0.4798065856173983,0.3079621893077449,0.11344123290780966,0.10394499946117633,0.22968560080649536,0.12817047790342304,0.1605360013984093,0.08079312383241244,0.30896863106728323,0.14309628055141158
U_4308,0.2728854463347372,0.2459747013743938,0.25701905773010475,0.04574047742425966,0.054439688355663006,0.17095804607184892,0.07012895110788003,0.3620323903997841,0.19654854107338168,0.0754285191122275,0.058004461697245324,0.07094251207382514,0.12815631059724736,0.7158003389464349,0.25680200352686805,0.027875639844676135,0.13317839585493116
U_4309,0.3873807577834039,0.287263133410135,0.3197148144617266,0.03501461908310463,0.03435364500271349,0.19184929112745636,0.05922396144437658,0.10439691349304059,0.056970447883871456,0.43449951321517427,0.05603488139215369,0.08389918081943153,0.17180685462390835,0.16215955346054658,0.2992528010537735,0.5772557764572293,0.139017208212446
U_4310,0.3272469316730528,0.2686050859989795,0.31352429489396344,0.08243294634453054,0.08315333873872005,0.354355750057891,0.1411221354962386,0.15177693383912355,0.05076445329023416,0.7132421864433363,0.06892529511636711,0.08513034327087551,0.1658487311284485,0.19176692091278733,0.3040926081876787,0.04805541957580299,0.1839493578713032
U_4311,0.30009964712348275,0.2763458848956062,0.29251656535291554,0.04738172042698905,0.040422662956834096,0.13537156910450962,0.04804446959095845,0.10950500041590025,0.04174505185947646,0.06329440059769162,0.05981700993844494,0.0644292557683584,0.13361714592878718,0.7953285641057776,0.6092639831363046,0.06442988553151455,0.18440013858571724
U_4312,0.08064313608831185,0.1293231437582152,0.13568548929000251,0.09711583769441198,0.13505492188885998,0.8142347512019747,0.19037781385677296,0.15929840979666443,0.19473250197210826,0.09466199962127166,0.10724345957345059,0.48634119512874807,0.16632639011337144,0.1680236061866299,0.08194687757660617,0.04608553735534979,0.15868237223302786
U_4313,0.2902321976412835,0.2544010894501725,0.7978353733282632,0.03259653131642726,0.039223811077009674,0.218224878117657,0.09627653643139694,0.0995110428711349,0.06889764615262281,0.06182297391647995,0.05089876076375717,0.06027453099826231,0.12901021056986783,0.182307253937632,0.23558073659917989,0.04032636259308787,0.6675926117404426
U_4314,0.08056068741609253,0.46521132762094636,0.56064754978612,0.07093482440860224,0.06277804701453385,0.1523365285706249,0.28634593074770937,0.28236778625519066,0.4048055246252429,0.3102896393010771,0.09362282815715123,0.5301589361081291,0.16114628472684975,0.14277727945096114,0.07485622103376025,0.0018495080098133235,0.10339939478175976
U_4315,0.022892148354455015,0.05370890136375739,0.06258372630258446,0.10451490673983427,0.14393530669516338,0.08549488995897873,0.11510407482627824,0.093813288392051,0.08982484286439626,0.8141326357484685,0.19835510322776645,0.2861159155238243,0.11809815900747886,0.11728162215161052,0.060189352814361,0.4969182646488246,0.16903083291481993
U_4316,0.23045172217613685,0.42292976184090914,0.833083524783012,0.04964443118062138,0.07274110239621909,0.24000609469980083,0.1580355816266835,0.13465579308864342,0.058520119548828325,0.05519670159064477,0.07112729493382904,0.04879481760673228,0.15295226910421084,0.14232789222291667,0.0716715311206557,0.26286645740792736,0.11461359266472641
U_4317,0.45523251332389875,0.21016726592571391,0.5171365108768043,0.03702530700374391,0.038278835916963405,0.11014916727076254,0.3680411134210796,0.3372214708348812,0.030812197817367187,0.06158372634476571,0.039946636558878014,0.31819352619108215,0.11116300447411054,0.6016094654278711,0.6165817671291965,0.015222127690076331,0.10436717183837708
U_4318,0.3245426785707365,0.3168310875254176,0.3445596240545546,0.04345833276995754,0.04111420413498886,0.28433087432623866,0.09737387211112213,0.13678208946472592,0.6934625848716184,0.06600288175415008,0.06423389722156182,0.07234713812373596,0.14312582243562294,0.18885285461309229,0.3050899246832034,0.0761525768266802,0.1955655613902144
U_4319,0.31916974893558864,0.2546850975958901,0.29132019238258944,0.03977792679058562,0.03612733535114167,0.22523461189028335,0.06097362064404152,0.10353734048046613,0.673452273259426,0.07098949493083595,0.054934999512993035,0.045296333423194564,0.13493555404578234,0.17523420985717078,0.27280243077177935,0.3948174262033399,0.148751828642994
U_4320,0.19193463931877078,0.4903517079139285,0.5272234671203243,0.08514393386670832,0.1215267327896109,0.3938644970086092,0.15146190992488784,0.1750591540679825,0.31201597009170196,0.12177457624670626,0.11772276423170759,0.23578713600583268,0.1997778583709079,0.30157321762171435,0.17549334307140682,0.048706426122471544,0.22259144138618553
U_4321,0.31003496602600483,0.2677400900036642,0.26278994985642495,0.040380090320788715,0.030598032449308366,0.22560443115719986,0.05204256354737954,0.09651581867147135,0.0807975395381572,0.047823773316778145,0.050110348413210104,0.052638632739949724,0.13757686749156503,0.8113752064464501,0.5890343284542446,0.03350937576412463,0.1764799957875005
U_4322,0.0794443758398225,0.09514964207779875,0.11028340462544098,0.12413612546598965,0.19475302828331922,0.12265312140466897,0.6671282804024259,0.14346739166458639,0.06774728923472971,0.07976967280211757,0.08559864278005523,0.07405174378353098,0.10285736863672622,0.14557589801529439,0.11173360947608381,0.3780324267867871,0.847278283289505
U_4323,0.2701488128987672,0.19078580571751685,0.9062951281640709,0.04303374984262908,0.03946372770109347,0.1333509031497292,0.07791901618988227,0.349561481973839,0.4570858669320039,0.05715380554597836,0.05349605562740088,0.3089674673561372,0.12556987941095038,0.14720617330163654,0.2608189319529156,0.009917279650383921,0.07538028172384818
U_4324,0.06919829170144605,0.1056016147028504,0.17360291562238647,0.1128253827330778,0.20102455944204808,0.18183853498205085,0.14831388052151306,0.18763493500827988,0.12384524823097381,0.21521426992646248,0.16320016048764363,0.2930913825012674,0.17599902435810538,0.251155984167486,0.12516882023622142,0.6475095655755239,0.24880578035247802
U_4325,0.052168559911027194,0.04773295569087578,0.8045032751818083,0.0880152054939909,0.14273518121550238,0.15261391890524637,0.3799533822696826,0.4293130876111736,0.11579964435607792,0.14902706197495158,0.1537448820445455,0.17411755487372868,0.10142240098519727,0.12285098700830777,0.052793341990861664,0.25450022808258377,0.13148988675576456
U_4326,0.013395085131044211,0.4324976484230808,0.0885765244806768,0.08439697117589434,0.3473505226310189,0.08004550357385708,0.22332941593513775,0.14211298348066936,0.08434190849172102,0.5963430722074871,0.17349789500232077,0.6334748118384863,0.1054489479919789,0.10038715724398083,0.03715093418067152,0.2234989287201009,0.11011614204279335
U_4327,0.07466466288379929,0.10978374329806084,0.12541775328797822,0.11436710619534278,0.17899502481100774,0.11119200085025588,0.11822527180523507,0.15805589722070665,0.7483986073128538,0.08787171636919074,0.08914641388245309,0.07298487319626061,0.1008214625390846,0.13666663084945485,0.12941797758741452,0.36468717367883524,0.4744829057832937
U_4328,0.029747319512308072,0.04147672885800317,0.10137511975999663,0.09850883637091602,0.43428965896030025,0.07692875987849379,0.10836927560610829,0.14837148226122698,0.05956927822343146,0.49482740818890325,0.16682914929005146,0.5019705358991315,0.10158203954756946,0.1259351271494359,0.05222492050148299,0.9131792878335571,0.16867409407372105
U_4329,0.2544904605623968,0.22314188074638452,0.1771742736052958,0.0337785082267572,0.02751312017410186,0.594970038342951,0.3789136222318476,0.1109978105620057,0.24007368551073655,0.07580650565903421,0.05085556164752027,0.03980335875600878,0.11660569043018477,0.13192073280885866,0.21966042896657018,0.02189608838780235,0.704129667599059
U_4330,0.19749796803710537,0.13276922140776762,0.38168194068340655,0.03589024310588738,0.04903349599926683,0.312249397452128,0.1961272776922551,0.11240035065786178,0.6166002923489319,0.039980716162961186,0.03332517238412756,0.07906656661455183,0.08568027813797217,0.12181039591070905,0.18935033309278845,0.051504666541077875,0.7675932491865106
U_4331,0.189927580327438,0.2956209552509134,0.3518470593167595,0.018527864776853732,0.010844348087446089,0.10307558502053353,0.08089425186630798,0.05362563041839158,0.38390795960311325,0.08129931571036357,0.03341231920308635,0.20359086930187406,0.08842352517005345,0.7764969552387275,0.6972888717848068,0.02377212584384534,0.07524044443645153
U_4332,0.21601619846724504,0.7301167225417688,0.23801434111519532,0.04998216447303432,0.044287884574167505,0.17617287740441545,0.07523972848336868,0.10299130700975735,0.6769776807780428,0.06305694285566121,0.06349670817865885,0.0730247672515674,0.1267654632541919,0.14643190588211583,0.12115396180101318,0.021151898149686515,0.510097719551995
U_4333,0.3808874954201627,0.3181062248589003,0.29004497144720265,0.05922723823653171,0.039047349185244926,0.7422108587901992,0.06551146051391932,0.11779873067019941,0.047807342867552366,0.060905324151882725,0.06669004025341145,0.059548424227773095,0.14736952394596883,0.2817399756763942,0.299856766150605,0.0411907086447144,0.15319483717819318
U_4334,0.10034263653804879,0.402927249435237,0.5608257033317087,0.04427923616314182,0.16360337509062745,0.733556951240636,0.280465768607078,0.19674166769045154,0.6870405447085931,0.07910774535462772,0.07289711590272842,0.4618676541917931,0.15133939267434077,0.15052750422947236,0.07361619071079128,0.0,0.07973887383762439
U_4335,0.26862387937524446,0.24765079120499722,0.24648676700155125,0.03887770061307624,0.03715993436533082,0.14596050337860048,0.1895413445398103,0.3212743977847419,0.20020098739897074,0.31222049612820946,0.0485837930839513,0.7004301061876115,0.10810533760801572,0.14550879648998732,0.22885773280777563,0.018659904211679908,0.09470298122915359
U_4336,0.3008738889048094,0.15883242044703347,0.24297468049467136,0.0717927186778418,0.06787296348294528,0.22223177395188998,0.57216349635846,0.12833390049510257,0.05686110340680581,0.06179416979421347,0.06013026361701301,0.4592742332646097,0.13299286895836085,0.16098196866994613,0.11086870494423304,0.027139556561451193,0.7507935364879529
U_4337,0.3396852382976105,0.2600274045332833,0.28155550025822557,0.03631121139879616,0.04747615192397817,0.1448298950352187,0.058200904518409424,0.11924378144365691,0.4151470520899747,0.5466431461705923,0.05718648626695981,0.05688669657234299,0.13562268168188718,0.17852420870577815,0.7001056440477124,0.04036577598187804,0.11873833898021252
U_4338,0.027356005095822145,0.0734648146486903,0.18286148805384136,0.07665825434557942,0.17149350543393332,0.1874475796218731,0.8593518998985177,0.1444457931065485,0.12976557959816193,0.16632332149603968,0.15903596478816345,0.19608752859828987,0.1355299632272235,0.1703038540597092,0.07993102590821449,0.7209894927816459,0.14974626905362803
U_4339,0.38286774119424033,0.321113494418145,0.31416871312873906,0.054555666102838456,0.05496138560090827,0.1921183060898557,0.09639322841605513,0.7987704372220249,0.049540454546503146,0.06174049982158086,0.05680440543596729,0.0611095052685436,0.14395003956295077,0.17926302129335706,0.33430138446157115,0.03664727538188159,0.17429565628712973
U_4340,0.13361847430137722,0.22887513255947411,0.15126969256402517,0.10062317500532907,0.12825155486075682,0.21839718501707156,0.20711691609860322,0.2865634734632265,0.20579158600918807,0.07244133988768181,0.07112730526172163,0.6744433204262247,0.20451488440696253,0.23197726457468665,0.10497821991400727,0.03578139252692226,0.15810158155703832
U_4341,0.14271714545268316,0.1797063389260583,0.8422150457468561,0.07352693421370905,0.08006920646254914,0.24513574091109847,0.11118716460443968,0.14617460907435686,0.12548729260333014,0.07176893517566924,0.07328548775723369,0.062463876288723214,0.16714015078627267,0.16578296542446622,0.0780989426472785,0.648550481683007,0.15659733644455742
U_4342,0.05828021033950606,0.08226678130204149,0.7291138332942616,0.07859130729082366,0.08713453125324609,0.610291448618031,0.17896071044891498,0.32411327866697015,0.4006760990360553,0.09377973285908037,0.07439396247347596,0.36773600470004536,0.16323231861459386,0.1577412331252296,0.08123888416413283,0.03689626954561887,0.1207748314125402
U_4343,0.3055925010701517,0.2634949308394998,0.2760051851113676,0.050577827493371516,0.045275084369609045,0.1495667657403345,0.0699491033243389,0.4790892539274706,0.04260106747679518,0.6739829179608029,0.058431401932206514,0.04746031801839957,0.1322893481930231,0.1970594299181992,0.6333045297009607,0.021851452546910354,0.11751367308662257
U_4344,0.3695388554616479,0.24784722349500032,0.2598608105492217,0.03664680790617327,0.026889902825158102,0.17096584049295926,0.062181691855984156,0.10328746829551264,0.6331414028304349,0.0747794678953908,0.06076970962169004,0.4689802295371297,0.15963318098461202,0.16836628134388007,0.3018705677029132,0.04277475181544308,0.11654848006657918
U_4345,0.40867518842822803,0.40100957447215013,0.43086765799160764,0.05226381116936077,0.04607305738770914,0.3708419851866873,0.08946069924228506,0.1338390170030942,0.12046995707547406,0.0840226740786589,0.06803087478329381,0.09322965247462342,0.226852242624751,0.23764126576387565,0.3821827804436189,0.06287580388433055,0.2156712251467316
U_4346,0.24125067487452115,0.2087469572311953,0.23122106231796596,0.0361952724548901,0.031184664071741648,0.8247528438303903,0.45594697908807835,0.11415261359975772,0.03414201030707876,0.06057177737221002,0.04033977401808918,0.05841936072750524,0.13048446574509204,0.14518316144071133,0.24920788722600734,0.035629075859798916,0.5817430456537079
U_4347,0.40828302375198994,0.12100150938876947,0.8121977754330058,0.07735923894929683,0.12001465895671695,0.06290307211006452,0.1604971184065583,0.11747528214936848,0.07966077393470176,0.13708666504780384,0.1243070721699748,0.5341234981399774,0.08417757412804074,0.09282183797111736,0.055073709433729044,0.13405827212484253,0.09923159568147702
U_4348,0.2086321118685903,0.14602530125291655,0.2622859917318656,0.07063420986918201,0.08754127254112395,0.2594224948360109,0.1584109228913227,0.11787665162549604,0.32872875173157756,0.43503044204476266,0.09939856245542496,0.7399694936822514,0.17359973494425038,0.18308236917049692,0.09511177523616011,0.05056495550634721,0.14253536014409268
U_4349,0.02756501901745166,0.37651797787019864,0.10807041705227893,0.09857021539752381,0.4613874366614254,0.12785465437854585,0.14894334352465713,0.4981730095858823,0.10463741485954975,0.16118206866575374,0.14548872204364904,0.6409893168923382,0.08325424179580268,0.12126780717957775,0.03412872663878448,0.2196960759897358,0.1581808716926564
U_4350,0.23377207345829795,0.20137001863318232,0.8481066531574575,0.034808130599536254,0.27467570176359546,0.22812878987560012,0.16771688868889711,0.07228364204606245,0.030333216818676685,0.05314847737981973,0.041796457016570414,0.051637657481377386,0.11168929229926415,0.7176487947226291,0.33597086125282105,0.02566489904346146,0.09798982013386559
U_4351,0.18918471653743557,0.9172200912634793,0.21295218799934298,0.040747814318486376,0.04263000247524852,0.21704959072389646,0.08545764666127728,0.10034928537313727,0.5316286938722448,0.06434229568393346,0.06540069980931719,0.07712531653270341,0.16016194725259048,0.1451770556263558,0.07440804159670282,0.030528759752552058,0.5439535767218191
U_4352,0.11487211760324888,0.20535207576131356,0.25396804762485853,0.06808031939744598,0.10041196021398395,0.21402844869322307,0.1625030385666955,0.15102370031510226,0.22251240515804013,0.06146071594496891,0.0671271383108097,0.7272347542420677,0.159621938526468,0.20036783937076466,0.10057832244956041,0.5251826919984312,0.1496765039336592
U_4353,0.5351586760455447,0.4607755351863512,0.5769432938704867,0.034351031084394516,0.06006367619517315,0.2553838358420906,0.0706225034593666,0.142877168308705,0.0516925023588818,0.07870041686441381,0.05861929252515795,0.06809449488234494,0.199377455273296,0.27983149577389527,0.4962442071549903,0.06454392511320185,0.21849207382698713
U_4354,0.20088039536181257,0.19015097076752946,0.2528437168891303,0.020307918610641434,0.29535545527815577,0.19814175389420444,0.07724125421017661,0.29535440755566,0.5172460146586084,0.29428811033125823,0.05418409047966723,0.08071711888626171,0.14030106572250964,0.15781001863565183,0.19688720078319616,0.39482563906084994,0.12481386174735645
U_4355,0.09237674349582456,0.17195465501532226,0.23558904058195546,0.06552707407723961,0.09740507543790757,0.24476601089857958,0.7993906927589434,0.1596636194552128,0.1501928216327963,0.09699828856769052,0.0923503973727945,0.09609453094476747,0.17045315353920992,0.14958303129968814,0.08197051073241353,0.04343299402281614,0.13043580809933944
U_4356,0.05290458938280757,0.1451283603982657,0.12353827741681486,0.06945568626829283,0.07607827643034998,0.17073468502914338,0.15992700807760546,0.45775556782375226,0.7624089868946883,0.07390517187528985,0.0694177030344673,0.6321380732060587,0.14448789575634718,0.1502157296757152,0.058349574654650876,0.041558464137561694,0.13530379020031139
U_4357,0.362109700183637,0.27083091980640694,0.30197044062271533,0.052919805503267296,0.05641504768583379,0.29987928900016975,0.06439802849940619,0.09924679989385204,0.051796130033762364,0.057804157616691665,0.08063076631703407,0.7365821446108277,0.25510646588114405,0.21479193257029344,0.3511469237529501,0.031151262448520553,0.1494339689752852
U_4358,0.19870595980935254,0.3190995227838475,0.1444910690660719,0.08445588624415581,0.07262921616405545,0.35112389916556125,0.09860878145130801,0.1488223492311746,0.16587380631497267,0.08306699830964376,0.08171044789855994,0.07067153068877075,0.15087863897782652,0.1699870651957746,0.11932631989136264,0.03910151720712707,0.5811641142962518
U_4359,0.23693953878495536,0.6153234259200107,0.2506203993362763,0.04101394379057606,0.03430733910178176,0.18346188162750643,0.03779430517707511,0.0802753396156025,0.023648347022330388,0.049223440941616486,0.03939530712382553,0.3636387287110993,0.10702578128524934,0.8677967096243838,0.5155976992639676,0.024973696971819434,0.14682352449931624
U_4360,0.23832973555383444,0.20072230942127484,0.2813158466369709,0.04440583798814755,0.06082827838468104,0.2375519465368195,0.21223687238856698,0.14423966652262932,0.3534058945588563,0.3330142871216892,0.05121183315997332,0.06342230757735018,0.1666911192108195,0.16259718115367747,0.19801274701055596,0.32026190007005306,0.4190402168611122
U_4361,0.38993154026646637,0.3406736771051257,0.30839234239226,0.050489928891996654,0.055357685045922526,0.18846479758679546,0.1003200000285712,0.8391259565196293,0.07046229811059826,0.0747070657051625,0.07227327083341245,0.08141467161422936,0.17675886815139155,0.18551184253777397,0.3204940382058347,0.04524145730266611,0.15890259191425718
U_4362,0.017496944449494893,0.09049661044128596,0.09328799556382025,0.10562827195326456,0.16943980684504736,0.1545486157620678,0.1082669185461209,0.12380796429424992,0.10610529023276043,0.1615320276285539,0.17769167190882185,0.21161383198523662,0.11147356920888818,0.17233589776169264,0.07315643015375811,1.0,0.18966460507411737
U_4363,0.5179462384055615,0.44032992598566056,0.5995061113808617,0.032460131935922246,0.04663276504051402,0.4018679014675056,0.08089635236070884,0.15145882346365638,0.05317306629000336,0.08548290113428522,0.050747803042631004,0.06319633969291641,0.1877895453107104,0.2741538721053289,0.47979408543816743,0.061950783117830144,0.2187329923196832
U_4364,0.2395865279106769,0.19826677400129844,0.49921140864043334,0.028096610354066513,0.254154288629571,0.06644666371570741,0.0369392591227172,0.07089741730195771,0.01836841846776792,0.13498936006105222,0.03444475016281562,0.4896720742413067,0.08634206574946592,0.7760430631983779,0.5293306638034697,0.02048483084965664,0.13323447942581218
U_4365,0.08148592967956061,0.0963099143717068,0.23145286158969863,0.09544606257729549,0.20298679574043038,0.19772897607678105,0.12722429230514923,0.19735083596883982,0.09956106376294564,0.1960002025362925,0.19775899373164102,0.23758880300764854,0.17594724814541832,0.30178645801815085,0.10004802832893217,0.4563804112290125,0.23131943617931558
U_4366,0.37494976604021224,0.3016675586704228,0.3582947612176099,0.040306842676123375,0.038407670028127554,0.19764763883786074,0.3179998719732744,0.4797116608332414,0.061137198261613276,0.45981044311126834,0.05136655595364932,0.10273068017220835,0.16595106231477738,0.15967661787483495,0.3297220358179758,0.04323961745954676,0.1276395163401513
U_4367,0.34682507042336963,0.28347539436463465,0.2732724932313175,0.04653821833631306,0.4241061995996226,0.1634345172347718,0.07909135051509095,0.7245404091670176,0.06468247628960179,0.4007410841294015,0.059581252613469776,0.08538432432971249,0.15818892144130028,0.18208048849162384,0.29244135123303094,0.03618206486056823,0.17038900494475692
U_4368,0.3964601823672678,0.31338140555403166,0.2664960203318351,0.040690930692812446,0.044925743980658114,0.2590742129730397,0.08551580272998519,0.09709015065128625,0.04957659422267638,0.056703241146537464,0.0946424225695738,0.7403757424871117,0.16420719749036142,0.18513492551956762,0.3131756051359077,0.03827136605402136,0.15849628551317912
U_4369,0.3315564182887718,0.2605600199804447,0.323231941637368,0.030555636464217974,0.027215972065530093,0.3397186028947591,0.4086004358771397,0.1172488339229829,0.05100680329625727,0.31726820338947775,0.047628487984636564,0.08147482267590932,0.16354522542362557,0.1809460475376326,0.2882433015276924,0.5629501462385225,0.15618659003425608
U_4370,0.2955561100818122,0.7332476953386278,0.25711445272415673,0.043908747012132036,0.03482343228288743,0.17858696015120012,0.06436018819578898,0.09787146864727767,0.06397818815474053,0.07211199240151366,0.050978827034787,0.0647298395953116,0.15275940326392717,0.16705857588635134,0.25324420792990443,0.5673013594289147,0.6249750521994357
U_4371,0.09824457182577304,0.18411657867595502,0.1980555078510391,0.0947812143927734,0.11105420796767582,0.20689726978924888,0.653208912823069,0.15784335858195656,0.26590780018316307,0.09051596320249848,0.10043881477054402,0.6380812168208719,0.186649619339982,0.17147628778656918,0.07602658315900161,0.0506206337728719,0.14799710659968202
U_4372,0.23189976264999462,0.19121243453498143,0.18516967878499177,0.03463577254836242,0.11147701762020323,0.5678976662861813,0.13508385453564883,0.060787077025876796,0.09877442321465918,0.12024648980449887,0.032313996705988626,0.14997383577734066,0.0937631707997154,0.7292105821305715,0.8600264384375411,0.011897302034024133,0.10396505855525681
U_4373,0.04557158437169308,0.061240191651959236,0.0591307099936037,0.09827423728370908,0.13500156945451675,0.751970489634384,0.1309333943595249,0.5717064338174495,0.10965115748310286,0.15974654719195258,0.12697253498587657,0.5560972831544791,0.13490406552131362,0.13877262610936766,0.07165359138925138,0.24977376478137403,0.16008460286986922
U_4374,0.050634094253407924,0.10752630363134627,0.11213910576919953,0.10407390403184544,0.12307012817985602,0.17163257881957764,0.15179559057401312,0.13618777292340634,0.11964519741374136,0.23827382521665716,0.22472229958467546,0.2164714042297156,0.13294420340569443,0.18837729597101943,0.08144764779122406,0.8651987427406163,0.16568852282986618
U_4375,0.23279413827193696,0.22026036815660013,0.5620177791416844,0.0282935442132404,0.2587465052897705,0.6987062169998971,0.07138934400536336,0.30567894843468374,0.5039451359443169,0.05259740770912261,0.06985515244877541,0.05675594673641149,0.1264895180874463,0.15096932906622634,0.09823766846909353,0.14772153872937716,0.3145167175917731
U_4376,0.3553965799353054,0.3044906513840191,0.282866748251636,0.04732293286545175,0.04947534079822524,0.1750260037190032,0.05994978942815182,0.10916795424418149,0.7895437357049399,0.06761999063041567,0.059130301103598265,0.0805592734638949,0.15848169024125147,0.18184320998884726,0.2693848773686791,0.0458545333264007,0.08854271447801329
U_4377,0.26307749859256774,0.5762513485106561,0.24767897120300636,0.032468407365272706,0.3099310837374496,0.16351164660887763,0.05711086849836952,0.09768352658061838,0.7881595735493552,0.06742699426876202,0.04964471292711208,0.06744514056340144,0.1447499536115598,0.16159399634602206,0.24803463514508411,0.028977568974983874,0.09238579974896202
U_4378,0.1833712834888114,0.22002308202919277,0.7788858117976452,0.09626230784080211,0.1155195138064997,0.28122386913197156,0.26595817085927786,0.15467888077802028,0.18183383911923345,0.0752662923382733,0.08272650629295117,0.07517948098128134,0.2616674127901505,0.2018452923436006,0.11079036240770539,0.04417210642162236,0.17571732315967378
U_4379,0.061128582943671975,0.2426252191217445,0.20107011884918796,0.12553008214307582,0.1463293019102892,0.8824055632428033,0.19116396714580491,0.15862157033503838,0.2552446899706443,0.08342261814194396,0.09426273326266277,0.0967498268989184,0.24306490558214988,0.2096115984569944,0.09534451850862982,0.04484452481243196,0.17092898383582175
U_4380,0.06205809877786489,0.211907606788114,0.35821918333369895,0.1506793648984667,0.2926495078352664,0.32389919003131945,0.19185069090219728,0.19034871669424103,0.26624576712964204,0.2805983532301202,0.27984918461174524,0.30191493185656626,0.20944182452631613,0.2925366634651243,0.11876181870239122,0.3845619494671752,0.2960974933966728
U_4381,0.02797190176539926,0.08281853122322994,0.15399853615964232,0.1164306113226829,0.1451475014670156,0.12835866887048322,0.12823780745295463,0.16615810205002574,0.08940638239231138,0.6303193176335351,0.2304954513561858,0.2133937187675941,0.13050057792965047,0.12781961553938503,0.05667931967668319,0.8847238314368314,0.16592917491963732
U_4382,0.28492649339808573,0.332688510339555,0.2938260834528176,0.04073844092058363,0.06356668805908544,0.25448934268023204,0.7157765076228226,0.12376580084602562,0.15595223208679335,0.08653059529412077,0.07782545213804307,0.09604179391532003,0.1834014811737447,0.1698515791854735,0.18557351667709152,0.06145213923830199,0.18800103821934763
U_4383,0.49473706759164016,0.3956700038260392,0.4809746551100149,0.03412625063023534,0.05466764936804991,0.24776483910177738,0.07203457738720745,0.14872371982742524,0.04884772365249958,0.08278107127276119,0.06589513328813434,0.1151294949374051,0.17474525034380545,0.2604454331863624,0.44216217557623455,0.04744518211350009,0.22213112697812562
U_4384,0.28579327787478637,0.23687162127015252,0.23874601300478748,0.03939278363585355,0.03113032569587127,0.10665749936914695,0.04756530331223132,0.09122603731047482,0.03633386129205221,0.05903836643343954,0.04079501130735407,0.03011212248422994,0.11594105062269894,0.8848922132982281,0.5216108847513639,0.35377844861716007,0.1700760894995
U_4385,0.1371670538447865,0.1630700607122545,0.1642916868753807,0.051387601502466324,0.055392621523756534,0.24424311043297953,0.15656349011783877,0.38654301346765035,0.13824174202840794,0.07050693408986798,0.07891380583627118,0.0530870275057541,0.13949535995238396,0.16245347776731828,0.07647022211742888,0.542505429620242,0.4505057238239944
U_4386,0.533754210022135,0.3804640954187447,0.49730608237195717,0.09100077525429315,0.07504451565917408,0.261588383018066,0.08903296794900671,0.1226707784278954,0.05631854637523556,0.09472524785524203,0.12093607127859521,0.08661830686437647,0.2987588120382849,0.2199754528336881,0.47963342262104014,0.04171235595355609,0.1329209244266903
U_4387,0.25975814633710487,0.24071973556867532,0.25964577761807284,0.038605153010513184,0.02450670374671348,0.17904525419529724,0.40933621969595846,0.09884610704244594,0.03139369832672185,0.043210302739595356,0.05017261108414281,0.06228164595135342,0.10619351170802441,0.7479985418028017,0.5452543720242674,0.10446842602833833,0.15019103707933992
U_4388,0.0705365945055607,0.11211685989603073,0.09982387954044922,0.12996774461573096,0.15122591752789843,0.09356588138258584,0.13584551277940318,0.15439590558408042,0.4134308664279883,0.07502997858716177,0.07426765864241953,0.4308410166536416,0.06913475496705306,0.13502722844165996,0.09652738617429203,0.7600974183160334,0.1564425877555554
U_4389,0.5879289486421756,0.4979846074737826,0.5139179702344763,0.032788185591155324,0.04522008045337218,0.26192260790726046,0.07333239118309719,0.14458977812091361,0.053906882696894746,0.08246425515858272,0.051103423719303945,0.05923969280974674,0.1934859204834959,0.27824183955774623,0.4858489967035295,0.0805868308645896,0.22079705461966825
U_4390,0.31748121056370715,0.2580134585718366,0.29279157201918077,0.03344123020100475,0.030564863149324953,0.23518888570266638,0.0454354486611489,0.09598205824597503,0.0375871970404271,0.04910393022874338,0.05348873385593066,0.04661101209218615,0.14889785340223044,0.73099290391561,0.5685540172302723,0.029350418317802572,0.17910256631036225
U_4391,0.2811584205769998,0.5794381010217,0.257181387342327,0.03562866610317871,0.22482598841802445,0.21357512889782151,0.2680133235130224,0.37483788345613994,0.6203234647592295,0.08028032403566615,0.06893264644092167,0.06017345778004764,0.14229415868844295,0.1543810804076449,0.17630718419130342,0.006855755777533747,0.13057880310458084
U_4392,0.3692902342118036,0.338435675453157,0.3356630632831093,0.04450465281319941,0.040639349536778606,0.1691257116158104,0.07430545026768913,0.10604736717916607,0.05692827941721909,0.06218197298324048,0.06818678278494335,0.0710905942303296,0.17405635592425941,0.20488564262261957,0.3218794499451179,0.7093820124318265,0.17713886316531655
U_4393,0.2773271782440113,0.703366667446997,0.2392652959456133,0.030827368775814643,0.04351557109484539,0.15239556482701486,0.06992085112670843,0.3099743111818278,0.3839745396739723,0.07164748867739942,0.04110523052876006,0.0711641594156586,0.10808678228924659,0.16063858321438562,0.22782251061857428,0.40114890828827265,0.11112285318961042
U_4394,0.07733325588560447,0.09536625399691934,0.7884076245987577,0.1260148456927895,0.1646700580808192,0.10686756970300407,0.7158529489231201,0.17228129741023265,0.0584967684697526,0.08769286110659365,0.08030722766517714,0.051879386166113484,0.13142095722481906,0.1377479752246068,0.11470305736525277,0.3753731645875733,0.21583017148821018
U_4395,0.2711918528228992,0.24467112572045396,0.29632022123606905,0.047439944012600696,0.042756044841851554,0.19691573317508054,0.10881387052509697,0.13416757329643678,0.06727459899844691,0.06657913747220347,0.05981125361200322,0.7618865044419142,0.11716760725809529,0.1628477689441013,0.31642372177871547,0.3958368251614267,0.17630028804908054
U_4396,0.0432998507778064,0.07702599106084289,0.1852935450592271,0.10936130301038857,0.1711834060869597,0.1555316622378717,0.1367899172227089,0.1535657662032204,0.7569131771626301,0.1104336250460349,0.11803810791124086,0.2792761802174374,0.1447724021440666,0.16221617885039352,0.0827712131681428,0.3809322475382644,0.17705405708125802
U_4397,0.18350007760297826,0.1709304676787739,0.41698036803696437,0.12767084784095994,0.1873299861078071,0.4789704855331916,0.18023695892999742,0.21947893507159713,0.2563102589471713,0.12091477752797847,0.1312377914464268,0.12497120152565402,0.24294548096470656,0.26557525768437396,0.18935331113555098,0.07214227133440135,0.24870055867955698
U_4398,0.5485080209503184,0.47488922451723536,0.5806670081337376,0.03454870485960396,0.06094615207635325,0.2579229828088189,0.07126218549342996,0.14242460497417378,0.056772693096082905,0.08794614698102735,0.07126451628460667,0.06832868285507587,0.1966337199696235,0.2773907627923495,0.48512237441608463,0.0620348741034331,0.2163853387083332
U_4399,0.11504677496298611,0.2998144267762394,0.9117178630599316,0.08897798155669856,0.11637518164893787,0.24087376817461909,0.13348036540639885,0.11826217166542331,0.18923971266973771,0.07520724313432807,0.08766320389921682,0.08374021454620986,0.20696130947343236,0.20639422385635148,0.11780575588675025,0.04862341425732726,0.17898494620992814
U_4400,0.20764451563940062,0.1754115943626929,0.6114086690887892,0.014396774060859385,0.2955746707024973,0.2779356030466086,0.16894321839185827,0.11179416228649221,0.03628600306945354,0.040324037875116646,0.0423900535274654,0.25834070243751456,0.11388726721763187,0.15339142621853383,0.2283532864294504,0.27933214696744757,0.5267661854502835
U_4401,0.33669648135665564,0.2560419367847997,0.2862063025611003,0.03300306758616621,0.027883028110332955,0.2525192866027311,0.0745908117867221,0.0980935167280417,0.740256291215283,0.05711178104755191,0.053810612194266444,0.06940636227678908,0.14474476711163647,0.2008629258307105,0.27485543710632493,0.04980622429677253,0.6379495047361105
U_4402,0.19340449432969864,0.16526476369225707,0.24241465314880561,0.0807341908742124,0.08560585034008904,0.8889468612533341,0.14001656299273169,0.16540468445376147,0.13462653445093598,0.09892517169972147,0.09245930670163663,0.08278560671073028,0.20072581753489444,0.18060206287554065,0.11140794833143701,0.05344591258882608,0.16259311159814294
U_4403,0.259915662245533,0.57438497301636,0.27886958912373333,0.0419987625921643,0.05486295711146859,0.7134202669380649,0.09935564838833018,0.4124054816953829,0.5367548861795802,0.06286974496669417,0.05012478763965557,0.0824593388353142,0.15307090278621444,0.1832771919252582,0.2315755205683028,0.011377576271013889,0.13279623372330335
U_4404,0.052100952005339804,0.09259500174232624,0.17489484867992772,0.09119782968910385,0.11867364060023913,0.20943669515972418,0.663500549621234,0.13549616446640717,0.1900309016713924,0.13145867226588537,0.10786718260335848,0.0641783946400832,0.1722863764232769,0.18854560220230018,0.05711292807894043,0.6256413278674946,0.14152833092736294
U_4405,0.3193420505603396,0.7119408839205564,0.29192157528638113,0.036892138841919705,0.347159324627298,0.14546345019247384,0.06386988096057584,0.10357346663209502,0.669798714278573,0.06684541418605063,0.05217783000145798,0.07435825557001469,0.14797659438123686,0.17140345204186053,0.25940077017679586,0.03287891541132586,0.1194011755469124
U_4406,0.3011348257797458,0.3947298702133275,0.3460544048924187,0.039245916412523126,0.21638166596716663,0.26229584438037096,0.1571774295432225,0.11040414233485882,0.6284861573592445,0.46117102090920287,0.05796484848379681,0.10838129017699552,0.15410737791351004,0.19237031924134299,0.29544363033502963,0.03283784008065944,0.10429985862891578
U_4407,0.13976048755583653,0.19798396539830432,0.5199727927915418,0.13255430338926344,0.22715122398194912,0.37658756959306067,0.19440491025104772,0.20920302680887165,0.3929355493425202,0.10785544284276008,0.10222723530253723,0.12409461053265483,0.29450925423205543,0.2977555930592036,0.15222616277792886,0.07739330986571566,0.21856422978678
U_4408,0.2906340173028704,0.04206840847207721,0.3167752633546891,0.056519435969585446,0.13731566864159267,0.7649108744877159,0.09766347591338843,0.11793958696057925,0.1166361161875791,0.17611622011209685,0.16743415627434918,0.5056009763915139,0.0920898537752083,0.10560495876864782,0.030671314985581177,0.25597125139230054,0.15025061570158474
U_4409,0.17095352760220764,0.1275936812494628,0.2747448104694462,0.09596643938218574,0.10994573657599846,0.29768557716867433,0.23386945794401803,0.15634472989703185,0.06102229226294503,0.07840462002159145,0.06098121977050286,0.04904692978692377,0.17264794850100984,0.1740085627134857,0.1357215649647759,0.7392929430016617,0.14662820542781999
U_4410,0.4576810311557012,0.3561628377127092,0.36960975700260135,0.06928220179187995,0.07816295091579034,0.4107678166336454,0.0982600915254516,0.11018552160400233,0.06320753429168831,0.0801229727564273,0.12277346044678081,0.08751422043213533,0.2944469811059414,0.23074376293123985,0.5840644342020822,0.041611236531644,0.1373112924607432
U_4411,0.35316473668312537,0.23410297998547186,0.29206818324858314,0.048227546941878675,0.04161204348839242,0.38185000961285054,0.4573767218476831,0.11395503979341912,0.04184198878538627,0.07388399919744265,0.06008669978876481,0.04275682473578937,0.11556434684854046,0.5306406649363601,0.7955186339203919,0.01631548059719872,0.10478025712205158
U_4412,0.2174852026951044,0.6600202779514751,0.727339992894604,0.05849135460048438,0.3793375744293035,0.2330318291325142,0.12626592455648675,0.1210776467332581,0.11782333996600926,0.057407021791996776,0.05778220076661095,0.06255971723382743,0.13792872992354022,0.1697922792157817,0.12508970453953344,0.0324189353763281,0.37112704248453365
U_4413,0.23911844352235057,0.3821916399600915,0.5673272193304252,0.018598815693610205,0.19317986835532325,0.36832405212576075,0.05076454504547768,0.09640049295936072,0.5640647376530118,0.17034597460409537,0.06695412476777372,0.3231462291519445,0.11034389332278403,0.15007020846177893,0.24611734428098453,0.01796003686936889,0.11883498745438503
U_4414,0.14008540817103207,0.5556029581410604,0.5644444219968894,0.06634161867354091,0.3509208844295768,0.203577380664223,0.12699374978881278,0.13219535644426678,0.16038409371333773,0.08542377728300345,0.10334705915046238,0.5955350490207211,0.15350188895076633,0.16412695596031657,0.06649473836536747,0.02823410096598751,0.1567577045983121
U_4415,0.14916752545033624,0.32979539264752245,0.25332990710800385,0.13008597602757954,0.189553482477937,0.29138186105948405,0.18188507762380585,0.19021542713802445,0.4989147406018031,0.12137167309134855,0.09037357631966772,0.13977138568066375,0.29125146575586935,0.3127682650946392,0.1266051011544993,0.08718023908394269,0.22350962821399648
U_4416,0.12008908564217496,0.10037647457190414,0.6839065135600704,0.06949054540609732,0.3990268357870102,0.22186177830073048,0.18490333905665418,0.12025743050326335,0.33715395063565406,0.4579609335000165,0.07206977240484921,0.673543916048841,0.15996375620816775,0.15771480658799408,0.09745913398075129,0.025844196868616352,0.12137059031900999
U_4417,0.19838687017059412,0.29246438545663256,0.545590467820431,0.02767843607715667,0.023662963586325688,0.4993224109778702,0.18603526339708734,0.10703259764434192,0.19637239891924668,0.3017991813330857,0.038106278090115166,0.43581712248732685,0.11943421208725064,0.13166553927652247,0.22516571349005454,0.00645567889380224,0.5147995828782016
U_4418,0.2745329862551501,0.7456790240980028,0.621834535580389,0.037313156332462065,0.03462400602724045,0.5694448638522063,0.06544628492535026,0.08920441700141689,0.22817345453032165,0.05087061105268933,0.03397629890444212,0.04748471641347064,0.10448213403567833,0.14886362398868505,0.2042203155344707,0.04150298859121692,0.1375899145183539
U_4419,0.23600440681293963,0.23169599720275036,0.3313020689330907,0.02376301011137816,0.05285461696337802,0.32043862123532807,0.21868464858880354,0.05947561099135154,0.15156450352536366,0.10093069636236897,0.040553069184651805,0.022512867153033123,0.08968959815362258,0.4083910577033709,0.918271453851179,0.06095994593726187,0.07031843710326569
U_4420,0.2823194119477776,0.5950541833905812,0.7571510283376349,0.04927886905084036,0.045359057022641515,0.24948987720504429,0.29869012816425405,0.08684604204193778,0.053065909564761066,0.05482197164607995,0.05298122216245212,0.5226461675493718,0.14183686834750608,0.15698018926342444,0.24856073256479183,0.015047705518801274,0.11435897238617242
U_4421,0.17970284548038895,0.15002555067939147,0.20679528010828985,0.1000821849408599,0.12890008828139501,0.17822529064182566,0.1842628347645271,0.16147916413746186,0.8956602846800111,0.06989709467628663,0.0868485824933216,0.5613138079114032,0.1920015123634155,0.20443281657187468,0.11511801419415478,0.029457274914301293,0.1795165762065536
U_4422,0.07356103160647205,0.28692787790078494,0.20737253212872858,0.05804088216208145,0.09466113587294585,0.16387302501632617,0.1438050834888654,0.15421271650359167,0.24567326690645158,0.06255427271979785,0.06080999159036295,0.7374606981533796,0.1718357437984752,0.23040086136443882,0.08660723645373977,0.5497821838719654,0.14943559179883195
U_4423,0.38416104856017497,0.8450220795696851,0.27247351089443694,0.0520266911622809,0.0539132534916653,0.25904299656069746,0.10052659812218726,0.5404765481376401,0.04447879740351836,0.08517536384444035,0.058498108432215076,0.08189059630610096,0.13025415393255327,0.17928666383244662,0.2861805873303115,0.03164671517228489,0.17235374001411918
U_4424,0.39932236267668997,0.37580731752147395,0.32033435081305234,0.040994182248118696,0.04962628899664795,0.17705712294412745,0.07315125317757103,0.09390753856558345,0.7201947285870068,0.055052633324328776,0.05668923101368789,0.08875648074101512,0.1771512854862167,0.1948781416607951,0.33131357804367245,0.048449065161732904,0.1523485182402793
U_4425,0.11000240181121351,0.25507290183647713,0.17245410617163315,0.07065308492057683,0.07630926080790461,0.19791819300029648,0.13224651367576218,0.14478127097315435,0.6892108110151851,0.059108342915304646,0.06281794743046466,0.8646745846900948,0.175852164213601,0.18199703953881796,0.07390543315666817,0.04575751451292408,0.14597061851750276
U_4426,0.3480292280819598,0.2903736610694892,0.3751401049522634,0.04271348258243086,0.04022748056791554,0.17889207000604535,0.07306311066645833,0.14304227188121882,0.048559854786017265,0.6300633513461148,0.05678553159822017,0.06515149459182008,0.1392715222816427,0.1840491854721794,0.3094992315779226,0.041082854911591526,0.15986232698300212
U_4427,0.17283503614856086,0.20476167231654163,0.18322873556765912,0.061099877343521194,0.07557418803247067,0.3570623938730884,0.14349328087315108,0.15707065378074936,0.7275770617492369,0.09558156106433613,0.07226333235120283,0.060547981259724284,0.17458570657764158,0.1639974965278977,0.060736434831753755,0.4697131203333705,0.14376878140375757
U_4428,0.1599457718366817,0.15342519720974873,0.28701778285925245,0.06451325069327213,0.06815525497061421,0.2054614247442909,0.7031924771261387,0.4556990977130842,0.3609625148447789,0.07657143236037918,0.05656602136164157,0.2553085480790403,0.15186788851789257,0.17386254549024835,0.13176043792029327,0.03253408290109753,0.13431275106282223
U_4429,0.28602474796457117,0.59269852790634,0.26622937213185704,0.058962392804728786,0.0606343160642247,0.2515725916549319,0.09233614328226725,0.10094897495181941,0.7104067160005729,0.0753491338178963,0.06350857669986623,0.06832828084622862,0.17090564810409214,0.16376130971814948,0.25014062844593615,0.022303007764338263,0.14129010205892173
U_4430,0.02609735720673556,0.05710365111613028,0.10349674567111128,0.11150171990634036,0.1593533700495802,0.13980168254209702,0.12353449530321317,0.7241575221984141,0.07165702917956898,0.15586779302596657,0.1515375837856362,0.19829108508314244,0.10469103581137316,0.15342440687879852,0.07109510332556426,0.952999355773486,0.16299696266207248
U_4431,0.27718287278729953,0.18700749680899936,0.22244306143163972,0.02498104563097809,0.02287665435350233,0.08418406709300115,0.1012372361695054,0.08163182269958533,0.02346421702256713,0.051325778704449765,0.03154125366570987,0.025298461205320963,0.09901840780377269,0.6767771947954273,0.8713724689981115,0.18807875857713213,0.09602598212150285
U_4432,0.18288251989843043,0.2672165793653524,0.2583041312477796,0.04300318086604879,0.06525344672149194,0.2374979089937046,0.08960080169652655,0.12814435992526862,0.8858713125669034,0.08273521637818419,0.0821764279548252,0.05515473852064757,0.14977515682573256,0.1470490002331093,0.08296760363288352,0.37447147918722384,0.12682449219557634
U_4433,0.3156391699580802,0.24177572860402707,0.8565587129959129,0.03587021119398508,0.029724552482449353,0.25728730941161526,0.0586514274329146,0.09215597202859578,0.10250994902689751,0.06380027369318392,0.048535534740197124,0.07172556248766222,0.10594728750935643,0.14716823675443105,0.23419175146395782,0.07985395934362129,0.14747602292583628
U_4434,0.47015705083574927,0.3598977948190394,0.3911812206293876,0.03837504048829088,0.05382995471717199,0.3328387624568021,0.10040064310875915,0.12485375414307653,0.0673063526922933,0.06830547674760074,0.06092569094063249,0.08771019415991511,0.20882000338399181,0.233246953677926,0.5094878673542432,0.04385966688771752,0.19522131184264133
U_4435,0.0347597385877991,0.8642257708316183,0.0674295236847609,0.10049929705768185,0.150419737470516,0.10654708805897542,0.13056026095269502,0.11571178487411604,0.081683933417304,0.21002194468399515,0.2107979398363737,0.20356771048645453,0.1180735079446442,0.1340363694180995,0.07413492513400194,0.7140905935426197,0.1684115842143539
U_4436,0.3601135189379729,0.28656688398899605,0.2916497298483262,0.032436148986030824,0.03528240628529175,0.19183533831172056,0.08703500086740405,0.38027386910680244,0.06689407696767433,0.4250704532267969,0.048113971145339,0.0820145784840704,0.16556533725210698,0.16891330737717977,0.2919665422461775,0.5512985184130745,0.12824745657393205
U_4437,0.273113673660656,0.02607016839313203,0.3701134964050109,0.07499748805945285,0.4095211846180503,0.05053912497236808,0.09785935880374089,0.10261939871190372,0.0415374792740514,0.43910562557059235,0.1203702833531525,0.9162524129302003,0.08303849283112945,0.09208107691567088,0.061797560174096974,0.268549736211851,0.10510639043088651
U_4438,0.0391361581029505,0.08237332591638435,0.09263000932006904,0.08629773424752787,0.19621388549472682,0.1746751152808329,0.14051834251503104,0.15389210559266808,0.12292291348857337,0.20588840816547713,0.1788546457630091,0.16949264074637818,0.11392843813213872,0.15875977720235068,0.07261842222793863,0.9817739997578511,0.18972362467538953
U_4439,0.36786498449641747,0.3233327099238568,0.3342601308324704,0.04076012398097683,0.04077798639080695,0.2898572089327029,0.10348145496385576,0.12936290086814717,0.7472151975413167,0.055325051868204994,0.06027356164496826,0.08722048417879635,0.16791867029248073,0.21127000373062768,0.20768145420551856,0.05472236290509842,0.19457484165183705
U_4440,0.3399666162324431,0.3174714332626793,0.33709626816308497,0.03740742596255482,0.04594597520954804,0.278495569192369,0.45882910318487286,0.113754003294686,0.6815869390498865,0.06719966972695438,0.05974982161812492,0.08251618463313136,0.1799041589577099,0.16703137756489117,0.3098460421598279,0.03655050345083073,0.13404281678407118
U_4441,0.3656353510888991,0.8562624488762896,0.29361224561196886,0.03089595599060517,0.04267486349377884,0.14007866185554338,0.07329738955920755,0.09910066463698483,0.06566269454304825,0.3804492853854034,0.04852255410230142,0.0704640067866491,0.13157907269022137,0.17479185097390773,0.27889450657028564,0.052983250519746,0.13075949851986515
U_4442,0.04146326611619611,0.11285761800911343,0.14724595730223355,0.10728988605112855,0.1501223928690977,0.1608165667363464,0.17710099130040946,0.14683656594154992,0.10173787475170958,0.5139847873566127,0.1587699825502393,0.2595192916897891,0.11237932167141075,0.14491205280973476,0.07201384867132754,0.4242509630274496,0.2062297189241082
U_4443,0.03355863193174566,0.014839398510522642,0.5704265749992704,0.06601508244642779,0.13275286698606414,0.13430843616282612,0.11172739648996055,0.11654476765871513,0.07681628534694235,0.12098218700455715,0.14070102424180342,0.7412571726672499,0.08511591638149074,0.1110020403469798,0.035799079403184816,0.36103027690400863,0.1202147314852535
U_4444,0.411149252791926,0.3453578119910663,0.3158459829338926,0.04390991747360035,0.04232212170616001,0.1685415559519807,0.07026644085140207,0.08788784077939782,0.6836210514908491,0.05283633845090738,0.06134032656819907,0.09161305377859678,0.17926446884198696,0.19686038495269106,0.3223427098444949,0.05279727522628945,0.24083457583644513
U_4445,0.19698494775346143,0.1749986574996551,0.4758045479657501,0.022627006598539674,0.2171633163351602,0.8847746612111903,0.05776266316130653,0.2853304461219873,0.2202120634353133,0.08773567586868872,0.0644576097828924,0.06988693973201347,0.15033846720280045,0.16544561919197479,0.18988328023847542,0.03437057054976846,0.7335410737200369
U_4446,0.5389597405672578,0.4959046796383134,0.46945307194910313,0.04290727678125815,0.07923777690117824,0.22444147105350307,0.07077282750500058,0.12550138788205867,0.0927176781895484,0.08690124060787027,0.06585651176949829,0.06286491609453045,0.20824672478235637,0.27013253107214685,0.546013337099079,0.059457783391086136,0.21307563445575312
U_4447,0.002758155430421228,0.026220780349331972,0.08046402761186056,0.0944193480868642,0.39053230358133356,0.10711669575629601,0.29831283407662956,0.07174297431672146,0.4207926456438159,0.18889067728460998,0.15229419948979767,0.8383861604845901,0.08912196220265267,0.09921406416460422,0.04351597452680552,0.4178303857881729,0.07438854199582741
U_4448,0.036565449366931096,0.07104871596885472,0.1627230833722067,0.09957182548291994,0.5382801308129233,0.16463847294787337,0.12097445859239031,0.14414674950651313,0.10657078233336971,0.5818391513683868,0.18667783501836777,0.18338677088242117,0.09670855451952681,0.1468832206598659,0.05133606560046833,0.8511593330415009,0.15384847262675752
U_4449,0.2595640197558621,0.4141600806499772,0.5478346376488615,0.040010067076353836,0.14000422869772602,0.40681973832493185,0.06470531410975185,0.11198240094044867,0.7481195546417564,0.08251059403115338,0.06829549335606831,0.4384416479275034,0.14640911026733228,0.1688867481903007,0.2516147144626015,0.01683091158364854,0.0839126046485448
U_4450,0.3643201373637394,0.30235454040951915,0.27930699165270473,0.04343337006794493,0.03540453712132299,0.28397812622649865,0.07150998163588695,0.09472374144804471,0.5604293290343582,0.06341195457915645,0.04900631432304795,0.08583410539577832,0.16527888957025288,0.17395393338675416,0.3059473326583411,0.05663148071147606,0.16729026986242918
U_4451,0.1718731830017037,0.39159513586376216,0.8521865101638296,0.023699606012155733,0.20590014557688516,0.2206679855673813,0.08807886875261922,0.08348382228759847,0.0896442180063424,0.04458642981367752,0.04080191375014702,0.5574343011252896,0.12426064588675953,0.15854651655797333,0.27760706180360445,0.2040436791769345,0.09616478051185211
U_4452,0.07077078310989372,0.18938035436093315,0.12232349011662197,0.10452532762474706,0.12036761723787975,0.15327892800430717,0.17483274425885362,0.14455665351519834,0.8807658155072654,0.06886722930792247,0.07715397300035491,0.4929078155403743,0.17446627993095004,0.1748544551083325,0.06055533629021678,0.02592552181690267,0.14508741231729677
U_4453,0.19459117506327103,0.14820647409804796,0.8152063929895317,0.05739430410790684,0.06454525917529402,0.23782375779008721,0.1150390343042824,0.11587922535409227,0.052085441139191654,0.2978151493321688,0.038423539247673937,0.04430759424419985,0.12823297831460892,0.14935570052384256,0.1080871228298893,0.04155449810587178,0.8569324064814073
U_4454,0.3353511508841724,0.3634735623878755,0.3154889448306255,0.04512211845060556,0.049386300403705286,0.21064119541149853,0.0727235121141465,0.11429997868196837,0.05915473424068021,0.45733646399797867,0.0670491443378258,0.08487208448951973,0.18295062820470426,0.17662671943991562,0.3149792348869192,0.04963015567054499,0.11109989565398722
U_4455,0.24037663919209948,0.22062161406193415,0.8328468672996576,0.0485000941134871,0.02673079471351722,0.4275440094359804,0.04784778867041212,0.09630533671243169,0.25513248164010455,0.06421113315988526,0.05501560997495628,0.058430418360023606,0.1406974427105992,0.14688399327575907,0.24051594477388794,0.027933357970117145,0.39850987403334637
U_4456,0.30193014222943404,0.44007591584670663,0.2185248547636342,0.05842765038552772,0.05571358757778591,0.2976305050057562,0.07868934478900302,0.16062225697812715,0.08159889436227574,0.10797510419318285,0.07210707994484872,0.0833253842803735,0.1874895547430463,0.20592439017930764,0.21235770128747505,0.6424504435337982,0.22218462295437877
U_4457,0.0382741443575244,0.055985656658026114,0.8858596288135525,0.09316429372530427,0.17289041371604139,0.10930427531159376,0.1485473671618709,0.1597451978933412,0.10523223237063102,0.18245425834156512,0.1856973945229817,0.19302803191719106,0.12888281447591682,0.12838460307872862,0.05616897315822035,0.3470909851313977,0.19408385369624354
U_4458,0.06490235786637798,0.1881118395283756,0.22267727576172325,0.11282626651447127,0.11981873765215878,0.21056918383962636,0.15646718023675085,0.18019413233458495,0.18258801910586078,0.724521111505805,0.12910967358265407,0.0859475305815193,0.17784801203927197,0.19634311757946626,0.07670614838572187,0.030040391234256204,0.7253756356987956
U_4459,0.028680331433524713,0.723512037518992,0.062010668236187144,0.10155416892192627,0.17121559052522814,0.176418754981462,0.14359398593489703,0.15748565185860636,0.13011686812345383,0.1904784637711725,0.19111686359283467,0.6641358290890577,0.1299995152023581,0.16841778126237292,0.0482122945008888,0.294473623436475,0.16326540264439376
U_4460,0.059278933134816164,0.10154761197370028,0.5822231925573156,0.06946200321936026,0.07942096921020753,0.27149148485809266,0.6616475901037662,0.13895776710844054,0.6692536431752047,0.07012264891487084,0.08080017613769218,0.4162796330017025,0.1646576925473852,0.15927301010722159,0.08333079882604655,0.037270081710310224,0.10575992854535066
U_4461,0.3293640073155995,0.32059793204319387,0.33397349077418775,0.060343136945103515,0.037344707359093024,0.23340431263430084,0.07034597494065592,0.11529483091265055,0.7645959019772646,0.07758518298380786,0.0735972378279385,0.06114391546219303,0.13829270690337125,0.22077684092972288,0.2933680061131409,0.04194204125897616,0.14949507192253242
U_4462,0.5554428628629006,0.21085344137911213,0.573168187549443,0.033350419630354386,0.04499182896076716,0.20131949482615094,0.08083050987317505,0.09105819033761728,0.05048283045130962,0.5240180286647749,0.05370149749468803,0.5356642675782535,0.14453800582119658,0.1445971130446352,0.23114188698514088,0.02217688248065657,0.13005946395701992
U_4463,0.21147400811912948,0.14481322188882934,0.20809154306156993,0.041215297876075196,0.05894568526745231,0.5815417086928959,0.12405641146847973,0.12859246455686416,0.09119968123339096,0.060824253729728425,0.05856567373196733,0.8207928983823592,0.14856304132629095,0.14727514543967402,0.09632353210933953,0.24722729642472047,0.15092146296918996
U_4464,0.24282955802221828,0.25152548020658966,0.3628978986201001,0.05914825467613323,0.05118875432891369,0.27931705858134587,0.060954169598173416,0.12144895585074458,0.03815832529662043,0.046099552689976585,0.07600172117976897,0.620582991804469,0.17168058096981145,0.1850578493662151,0.18278414571712642,0.02178686441456429,0.6316305759274035
U_4465,0.3783779718093316,0.3236673465215986,0.2705802983265102,0.04827881137386242,0.042910730027596544,0.28088079291155954,0.08757928861400979,0.11172996428081525,0.04820164305529458,0.5698746440045878,0.04611814640954922,0.060025666123553256,0.13258448667200146,0.17331417733662904,0.2920371144024774,0.38067435585787757,0.16473346702536099
U_4466,0.0346453023882556,0.0977896974366115,0.11373310725781705,0.10022308012011269,0.1584447921466129,0.13907832215351795,0.1281847530330707,0.5026546279844404,0.40360811954721637,0.17270408457985717,0.234907529449993,0.281928155131694,0.14196946508536634,0.15454073526837186,0.07983719284277056,0.25617183672761995,0.1654638041206385
U_4467,0.2651433495756506,0.23967913587674966,0.2571295070643415,0.05286565460615449,0.036904147813655974,0.14037500221985608,0.04129901556890864,0.10348771389978152,0.03332741463926573,0.04434197618811762,0.04697622808361761,0.5742856309220035,0.1461255720382392,0.774727452736968,0.508085812072101,0.029772472448198264,0.1520069277213985
U_4468,0.5553793981143145,0.5983564733754726,0.4346131862208535,0.031230622074048565,0.045360166680663894,0.25031590244908186,0.07788360802256493,0.13965750677958294,0.07911128911405668,0.08396734079071637,0.06829052459880873,0.060289974527482804,0.20264407911273224,0.27513952196805447,0.4523571110716867,0.09346951972269535,0.20545513844880364
U_4469,0.22977417862550586,0.24245201832732244,0.27840444479960796,0.07262142160553758,0.07263941551432217,0.3140049095471005,0.14655884169958833,0.14954116537952916,0.09006084762072011,0.06490211394524781,0.07915413624395488,0.07948844252168566,0.17274806229705125,0.16110716963215352,0.11603947597250731,0.027112901127540917,0.608417247222984
U_4470,0.034539123435103264,0.08131016484849513,0.07756300970805309,0.10427094679391381,0.13930309158085197,0.6753497063995663,0.13005664689401258,0.11557181605431603,0.4612530882587074,0.15588195454552456,0.14126553341981213,0.21729519474833547,0.1232247831796888,0.13320762276997256,0.07737250256028778,0.6355663529826442,0.12532882897507977
U_4471,0.06229100568517809,0.136556964615191,0.19549598795191656,0.12409231009795241,0.3810202708456923,0.3035810850209215,0.1545077841267788,0.18630412616114128,0.23853092025057973,0.27580110530917923,0.281551808497551,0.21769132022651302,0.16660511941450837,0.24020340006897067,0.08788574137999738,0.40687192121606464,0.2575223464825182
U_4472,0.10472847731938852,0.21446617273939494,0.27712125163296614,0.10785872715855692,0.15296411608572824,0.2287565179280575,0.16604263615997175,0.17347922238481653,0.22322074020302504,0.07986475522421964,0.10140255871846421,0.7797700431277969,0.20281768518660073,0.2130543627408985,0.1115282121003108,0.05091216800224806,0.18756339336111663
U_4473,0.040564538898467076,0.04974471223657771,0.17628011015289302,0.09722377511933526,0.20969905203498682,0.21203320741140805,0.1728378035432568,0.7856047890992003,0.10487269707473476,0.23260942612533742,0.2308151866564125,0.21835424817776686,0.125985997900246,0.1786572200621946,0.05236513866975675,0.2918634402499547,0.2288645865410574
U_4474,0.02889476949211623,0.2643895679653644,0.05758856037324925,0.07998692122941017,0.24796113458022412,0.8704221580557756,0.09935735175491182,0.10418636181630635,0.04780305833474138,0.11607608002136734,0.14218800677509058,0.43384540737506183,0.08229552755474065,0.09423700988510186,0.03188718295179879,0.2181652453746752,0.12030607212021754
U_4475,0.18928388608984575,0.1436913068600233,0.536089325463413,0.07026049373792244,0.059779330488018534,0.7424248328422405,0.17437971303424216,0.12147286925448511,0.12885737972113057,0.4796051775915269,0.05665590070814,0.29702618823491195,0.16073048605058302,0.15941113975273571,0.10152418272007774,0.04340419407955366,0.12819477484427333
U_4476,0.27994649522995313,0.28023957190904053,0.26852196594061933,0.04124823919653995,0.036838372530424594,0.16899253284428306,0.05124549557495203,0.10354693308192024,0.043035206904110196,0.06442219533286098,0.0491855705253193,0.8230277864230411,0.13758358430231482,0.18753296351439297,0.2634607021815453,0.4094618926911203,0.11911320525129154
U_4477,0.35310928931830016,0.9156994569059409,0.27089534748883,0.0512826984128648,0.04026175982389457,0.19763732668948905,0.07618438056318962,0.09872120088698552,0.047907533505545996,0.0741735402921525,0.06160544133639985,0.06941815345430978,0.15792354764067587,0.18645279916817833,0.29477963873773216,0.0664871205942139,0.17610853503783527
U_4478,0.301365109880936,0.24468107887095608,0.7409498662255971,0.05387433536962417,0.048326162878350454,0.16156150511294015,0.3283558174891188,0.11189449649357944,0.05153630312165397,0.07921348714876812,0.06180560496433757,0.05026835545422984,0.12256815106013802,0.17206924734779788,0.6585734912348887,0.02943605103556126,0.12311636679467133
U_4479,0.2882056410025199,0.18795545359877358,0.261011219887315,0.07492581575106289,0.0716007234208546,0.2674927401295626,0.16917101939501528,0.1343785730309073,0.0624602910210717,0.06479805231621655,0.05467372916131416,0.07079992357491875,0.14997295659330723,0.26319434960439597,0.16219094630072586,0.043127331153686416,0.7592183492366283
U_4480,0.04556433925287856,0.10294888607207744,0.1122077021563531,0.11341359104219076,0.1816647356064098,0.16727595515824378,0.16547435684432632,0.14214449406291768,0.8544111017934678,0.19884277871810496,0.20819493230865238,0.1721815267946256,0.11289475033037333,0.1843647219957442,0.037945976788739115,0.24987086358255262,0.1897241184765633
U_4481,0.2364813381489952,0.16416551505604168,0.250540412751143,0.07267330875259673,0.402106739613807,0.7133514510982794,0.15072331742516143,0.13791049802775646,0.07083305346899578,0.06006388797186453,0.0501505587115322,0.5692709816227686,0.14389861920760666,0.15476955685512833,0.12690582146016266,0.017350304826523028,0.6006484774139957
U_4482,0.08501870792713623,0.24300715367145548,0.7761570627559008,0.09897325394131981,0.13278049395088692,0.1358657927253774,0.14938252947237976,0.17140231050870597,0.20940624835259006,0.07688814953086508,0.07595914996603108,0.6509839261590927,0.19930011122091496,0.2268989362460851,0.09754225361914652,0.03915782012358915,0.15566880964425156
U_4483,0.2098032422604097,0.2104494395595372,0.2025639154126682,0.09048794834299917,0.11167421848519124,0.2630534756081221,0.18525019557153968,0.17257928892798546,0.17973890321229738,0.7334341195828702,0.0651200271171582,0.5913727026887269,0.19150868918450628,0.21450837801307074,0.12342766332920002,0.03455412501609943,0.16688156629227507
U_4484,0.3109892636923768,0.7221369083968774,0.6366978708089097,0.047719339034062225,0.046818059347285536,0.16093966508879165,0.07311069080780501,0.11375112856782324,0.5728705750249141,0.09425720798344588,0.05772867176283408,0.05923501084619803,0.15563430433373754,0.17130274962196707,0.2679942391733898,0.03407151079510073,0.09781383340367625
U_4485,0.0057509535553853935,0.028588973137460484,0.11050873310870069,0.06697328389579793,0.1338511584508585,0.9067601105023824,0.10302994098896681,0.2742278430945708,0.30299152491517767,0.12155561160466699,0.1327402128159166,0.1511575303303743,0.09243855479963389,0.11581373976790557,0.026553548024720257,0.5370644553894621,0.11332309920588692
U_4486,0.27831092009395203,0.28022402225840404,0.2930834427896545,0.0363436363196161,0.05772748783316066,0.25989911561829754,0.10525463839720622,0.11084801160408643,0.04786670455741302,0.05909581696078697,0.05143286788618537,0.11962393232384846,0.12312711077871169,0.21224472019092797,0.1570001848185338,0.5066146467505007,0.7224803313706235
U_4487,0.2615973087420769,0.6006985171846877,0.29343730220921166,0.034098692834219346,0.032096246157405015,0.15615028492864397,0.066341594104596,0.11551690411499348,0.08015037811285733,0.0666530262814493,0.05521452995013591,0.7571554583910795,0.1601090160402385,0.17115401921520051,0.25304016927231887,0.030862055581298647,0.1106944934646928
U_4488,0.027119873084549412,0.061890475205829826,0.1034886399155512,0.09924080181155005,0.11525137367603412,0.8964078595099009,0.12161692405193517,0.13491435273308283,0.44582767099592924,0.12771432340425906,0.13256440756914747,0.0806667538433885,0.07622505929093235,0.1305997043152135,0.0399547045076481,0.7239006559303237,0.17955554902444118
U_4489,0.23127535220295367,0.17489265355731118,0.20371627201377526,0.018407599814879938,0.0348231293356989,0.3969989746453479,0.17401912277632495,0.08987879014164707,0.03837726405347028,0.04663091460435716,0.037791205107329424,0.06176937908292905,0.09961628966267096,0.4003558347620664,0.9111080917632072,0.022047253609218782,0.11057025940663621
U_4490,0.14091407477335843,0.4189697291689317,0.46257997250273425,0.013358593812573243,0.117980257695584,0.5914870501679321,0.3002555895916485,0.09867992691593336,0.48953001410602076,0.03357453722935996,0.031249357458902588,0.4711282674777675,0.1340844448234411,0.1400516365429945,0.056254013707573075,0.08856814920736056,0.08384865368831312
U_4491,0.37120685991848074,0.35000393867116253,0.32474479216258034,0.05474468109195717,0.04974621830970841,0.15873177138712602,0.6861339708590454,0.12708439203285082,0.05863582131929006,0.06288565287512249,0.07919538493045085,0.0690741845721079,0.14951081444933237,0.21140468819449787,0.3379701117812651,0.05143649978618361,0.12964121374593918
U_4492,0.34998315924797957,0.2936902060207917,0.28997841437679706,0.05312102134904137,0.05754691786422761,0.16277536459778133,0.07686814227195667,0.692272188543829,0.626461872672478,0.0797693422930853,0.05473324434260354,0.05508689098291981,0.16246541218440422,0.17300937209062694,0.29868999536449703,0.033306627645461245,0.1381186055858648
U_4493,0.06552405276339643,0.7057400620103239,0.12269813820139214,0.08243721004156729,0.10350031663662716,0.19817267780361308,0.18434573391381562,0.13847492605249365,0.647682158510161,0.12855381420325374,0.12190460871904102,0.6985022575513974,0.17715399839273285,0.17123762708363904,0.07381827739733245,0.054321431870414175,0.14944714913655804
U_4494,0.3244746263448774,0.30523774381839686,0.2712369976020091,0.05615977338124713,0.04737232603221112,0.22785184251916038,0.08932876841301444,0.5064671862077924,0.04577162387082818,0.07610909296473285,0.05482247127889883,0.6289141401683657,0.12334210349338581,0.2024599962014821,0.5896388358358281,0.02244618343438249,0.13854440832161524
U_4495,0.2743049081534441,0.7603539953754849,0.2730694161868935,0.03825316616383308,0.2138306676305827,0.14185013570839602,0.2333453615281558,0.07969303237437586,0.3714729655645848,0.19996825176441857,0.04480627798837522,0.06564268087953462,0.13191083896335307,0.15009000100085107,0.22654950354458014,0.029148221672755277,0.11844371356329139
U_4496,0.33522867902469716,0.29293280950446,0.3115719118320972,0.053975849615376076,0.06018316727052146,0.862265996290719,0.0660791234676497,0.11669024086406446,0.047746870611596826,0.06643659642961415,0.0836911921161721,0.07897661069909304,0.21872509302269139,0.22017782452334664,0.3330141308284759,0.054278352845865324,0.14655079649390132
U_4497,0.10380146401137105,0.12954719668597472,0.09963446070896499,0.12538923519865303,0.1720307708835018,0.1543951132139043,0.9078961041569756,0.19639688351713408,0.07730244667698398,0.09429005853751135,0.09410825886590655,0.07806254735988997,0.1374833226484235,0.15646036894266446,0.08228420145278932,0.34767364532841993,0.20676270924335977
U_4498,0.19185149307129218,0.16539764222788192,0.9439694463225994,0.02474520398167273,0.033674357478730786,0.34011390960130194,0.06067004885531413,0.08571570280615795,0.3807984471625708,0.052607987717460204,0.04244689075126315,0.048963186977021636,0.12106121554217422,0.13510602603219307,0.21737126621405256,0.0393535435520212,0.6293646799322534
U_4499,0.42114993648286075,0.4122700602502611,0.2964701039235657,0.06473412970079649,0.08369033330018939,0.5181319694669476,0.09095606197085634,0.19291341576058008,0.11633717582142938,0.1073960019321669,0.09450614649782169,0.09085302919867425,0.35073500187232437,0.2573337968448988,0.16699108411888328,0.044871533688444265,0.28392709404195965
U_4500,0.3090383508576275,0.24685937200439256,0.7987168171794772,0.03904881261240991,0.03412025756283339,0.10371482797863125,0.04024260635683246,0.08320995097401751,0.03051935776609952,0.04338509418732174,0.056063657430037536,0.03224192983230401,0.12978356321136722,0.6638312850246818,0.5548970643068217,0.030787426967467786,0.14025535224439412
U_4501,0.10352206454850812,0.24512841821559683,0.6348036935501806,0.052346369605708,0.07533859381669532,0.2425977363482532,0.09289721904176826,0.11746158923364759,0.0889865472779951,0.09266244384683082,0.11583455694049598,0.7994609160443422,0.147447264495739,0.15182931386770787,0.0490394010627249,0.021809694311161774,0.13989426639266178
U_4502,0.06679599661374712,0.19391091048706183,0.8497298554424105,0.10586422822748248,0.12143714783028484,0.17598108902949866,0.24624339876760803,0.5613041793367722,0.19144103266531595,0.06421542479743327,0.0722514809074409,0.4581188099393721,0.17294380394375924,0.1700988556255251,0.07005477653346237,0.034031276765239746,0.14946301334373818
U_4503,0.2393104045497281,0.24735344816437022,0.2645156252057458,0.042146707820512934,0.05267575469851154,0.2935816563738975,0.5636356102424237,0.11946592947045148,0.08954905699290053,0.36201056568292556,0.0682164927015406,0.07374522903970725,0.1585706426521941,0.16192857074687664,0.13422559976620888,0.02916743289915672,0.5189323210232778
U_4504,0.4046710205304406,0.1729916260711694,0.8187780447018597,0.034306964174407366,0.019601081639975246,0.2052237589332698,0.03507021626377892,0.07173612451905811,0.03860039291895287,0.21293455672225806,0.0559000017799985,0.5572232489742315,0.12951949602658208,0.6278927387454875,0.30753315357332356,0.018044261715029694,0.0996905479336342
U_4505,0.1860862341821533,0.1888728791425557,0.2684722844585268,0.06303673050668063,0.05791065340461535,0.2566060572391594,0.12989792952610785,0.13470113801000036,0.8050415507788665,0.04647206999109809,0.0663803469481947,0.07151268637450814,0.13573718773244814,0.139605103746878,0.08909932813217014,0.03740160614410058,0.516162331655196
U_4506,0.21064163716768328,0.599222417343933,0.19424635714159327,0.054793032178290596,0.05664030138684793,0.26839562798132505,0.11326645286076137,0.13006262570093008,0.05038238722785103,0.06462624149527799,0.050426484785864534,0.05279092934974912,0.13898927819018295,0.15679512437165072,0.11088099413965054,0.4712205206470783,0.7798776083817098
U_4507,0.2638877178634987,0.28255744581887177,0.829982721952192,0.04616780101798744,0.2720420049986686,0.2214365181758884,0.05687417000957207,0.1984136378720292,0.26088375048694595,0.12375070590303558,0.08644185774599762,0.28693387337082066,0.14690618188413226,0.14130097225979465,0.1642635050682273,0.014536577177259351,0.12469953211024754
U_4508,0.24606394492657302,0.23383446168950706,0.21633682440864735,0.050584899785001775,0.048213366729313076,0.27357386762492036,0.08171743995686041,0.13421260260180046,0.08042813701030503,0.3762604718299444,0.05500210950777042,0.6710956503352523,0.1580173238409518,0.17382456395578172,0.14101957553765737,0.035632166603044566,0.5966806483908089
U_4509,0.08479390969520909,0.17131084635343408,0.24839952758712713,0.08361119797786547,0.11439590193834796,0.2055748070057119,0.14039887803192364,0.7316406238490928,0.2017096135504483,0.5000451965598384,0.07963440150115998,0.08760503937774608,0.17202105085432717,0.1790768842250658,0.05933385490348461,0.04639236929937998,0.17735709060233004
U_4510,0.24854324811367712,0.17885471170348835,0.22390144045691707,0.03150342679759799,0.03828689573032496,0.7217371648722012,0.09542247740010851,0.09716737737122803,0.03938174860987811,0.048550856524172036,0.04832840854829777,0.6313860768622153,0.11579635457367714,0.13461975654315914,0.22741616472854803,0.1389220364317258,0.586239052544709
U_4511,0.04971801877237093,0.04833978421965523,0.11175453137122704,0.11253096315445452,0.17998654345459414,0.7177010992483597,0.17479886474808792,0.16386076333843733,0.10356144574350873,0.17758686354076497,0.1720974262742436,0.2070334158497793,0.12967186901303243,0.15967271262046467,0.08483802075332034,0.3637852857623246,0.19811466543622816
U_4512,0.04076435059088855,0.05954991912478856,0.17227488202767532,0.09512952810385891,0.14797184512438896,0.20071925928869447,0.12046169052185482,0.1633589030135132,0.1151988815222022,0.5936261964993261,0.20773363927051394,0.15025388811696294,0.0881037665537628,0.14931080350711876,0.03174447965491072,0.6570850571442423,0.162386021119469
U_4513,0.27967377659655,0.28265666217972285,0.290454959712838,0.02741733194944164,0.04051040251247721,0.28191030139876244,0.08421071884775622,0.11240943694838015,0.37422424352092015,0.5691583724442921,0.04715616182385644,0.07347900262518733,0.15578103333324197,0.1724234886078222,0.27399279390541104,0.044625988965525706,0.13918811777983375
U_4514,0.5534621100880246,0.23456886522421083,0.5257550031717918,0.034065305801767365,0.03916075254375606,0.7742337082523989,0.0785000742923777,0.08316821565618834,0.04373985768077539,0.050123121959952166,0.03315601245619786,0.41036733264188685,0.10646276916510009,0.13565556264566178,0.24024930417251605,0.03610118341270538,0.13640521702699113
U_4515,0.29834008243842847,0.2752746964413396,0.9559435721128311,0.05603234923516705,0.030300565491945583,0.2464859397185329,0.05217339323307623,0.11833043181265107,0.045471699275571674,0.05757311600548569,0.062237624000508376,0.07151465986781147,0.12017317446605907,0.2044886249523629,0.3018578831152987,0.04720633448873916,0.14961740952793695
U_4516,0.03674274174320756,0.0979616987522394,0.12469276890849829,0.11114024439127738,0.16388211607147968,0.13052370378838385,0.11035673615369616,0.7189632298266299,0.06325587193471309,0.13148366568665046,0.12271459308920091,0.11266249862750431,0.07644207067154044,0.13256659115450786,0.07946916764168528,0.9436462265247266,0.1684305344554304
U_4517,0.13901947873211243,0.4748716689953526,0.29376287565525216,0.06777850405629693,0.11262948143828634,0.4238473063042162,0.13816258623788613,0.16118851242698573,0.23093262904333095,0.2028468806947598,0.19951460254230755,0.2925063625059077,0.19432831893368493,0.2747268866118541,0.14141859900562914,0.16725737249788789,0.20184167077741993
U_4518,0.3476238998971117,0.3318230855970449,0.323064395368923,0.04944700647841223,0.042322414111445966,0.17302525006817848,0.06924271106916496,0.12606901281704613,0.7317547375636687,0.05327381998092527,0.06735898016797505,0.07236274756802683,0.15190204498642612,0.21193451845493916,0.36451792101051717,0.036645953031061204,0.1481732750008776
U_4519,0.2900401403544245,0.24625302765510515,0.9699112526657766,0.046011784311589185,0.03960388055818646,0.25724547078381765,0.06722935259366343,0.1191887909840165,0.04907683820536794,0.07903853133243005,0.06583600614750193,0.07699806737159778,0.1616579215538824,0.17524291352108687,0.26637770455427345,0.049433030806922004,0.1531819498885706
U_4520,0.28820929379312776,0.2239298725723174,0.954171885647039,0.034582002072155435,0.02499398352008185,0.1588897666844826,0.06089340114772654,0.09263248244085066,0.0479284027917782,0.2361759446923698,0.05719326903313025,0.08926269858606421,0.133002151787558,0.15246672995164964,0.23152448256944438,0.035165374491549974,0.09900204633921277
U_4521,0.3465443825202833,0.27727552231128255,0.2974273836690005,0.035725819164933344,0.06492797802619855,0.2475672874255332,0.7224603580003272,0.6029978639301335,0.07176174284618803,0.08861551696062073,0.06828828001381997,0.08096237887728358,0.16416951691270315,0.17969565722768527,0.27710471612994203,0.03393482077567939,0.13343366450659858
U_4522,0.07495911680140996,0.10808669362664539,0.1903084366435241,0.06451870338340117,0.08596385193308288,0.10609622517977352,0.16584565417306518,0.6243970673880654,0.494948627985917,0.09395422928375287,0.1010202312175561,0.6753348445722887,0.16871210328071543,0.15105741813722545,0.08421895645438639,0.02985876210733015,0.16594074159863006
U_4523,0.31223012601719513,0.29471191916945566,0.8755316343058351,0.04066854813625549,0.04026154259372118,0.13753396871828844,0.06812871161431358,0.09379405108300871,0.063834610082986,0.061925188219495886,0.0538176371908294,0.04987761764740078,0.13121567609582135,0.15819854964047858,0.26021444778579866,0.3845884751779335,0.11039641026290255
U_4524,0.5042778825587719,0.513265533858461,0.47744152727930933,0.039519877134108636,0.06974680247700675,0.3191721656905993,0.09010415000905629,0.14176675164916525,0.1844710530679164,0.09051854708746426,0.08472107594319572,0.07846941242257126,0.2845866785255995,0.28130402241948704,0.31945664384626027,0.045783914480338486,0.2075497215846722
U_4525,0.04568694735263983,0.07417338281881564,0.1327462157539256,0.08057946976429153,0.2094914166796591,0.1881942308525538,0.13209297790417382,0.830745404110527,0.08334892641153585,0.15811583086134862,0.14640873655758346,0.35005952774985344,0.20140024303486984,0.1815911924029544,0.07609097406337012,0.3536108713144317,0.19428360627394575
U_4526,0.35708302441286954,0.32649176785620704,0.31582325518123655,0.05307618594146817,0.04431849089992114,0.21943804056008406,0.7021566532248061,0.1259096047275245,0.0565646520863471,0.06199629159560721,0.07529163094829103,0.06800118035817876,0.1473699695418567,0.20966166907425032,0.3405332807488474,0.04908819052206144,0.1448563324283903
U_4527,0.2534028614893259,0.226434419493562,0.31488716101815417,0.07538804238253846,0.08625104357137754,0.2652228698633555,0.17809442435799422,0.4642773391216565,0.0498161238950708,0.47328195550413776,0.06051700376742539,0.05289174455171273,0.14074863992302108,0.1886186173187242,0.2593117723231446,0.029631721601259098,0.5897308225993155
U_4528,0.20246951593107249,0.5387310225790458,0.2768883274067471,0.02346591187194854,0.016868039210355238,0.7316502790989935,0.2830070835165038,0.06441937812514605,0.0816285190263133,0.14839106768169727,0.024119901794753783,0.05158970338922582,0.10087839020808673,0.11977201943854476,0.10577736713833245,0.13856033257327158,0.6219376582017339
U_4529,0.08248150502259298,0.13400530046939804,0.910155829749795,0.0834866187434875,0.5098893429618737,0.1729140138452509,0.1457101757384074,0.11684495037271635,0.1718525672193279,0.06969649942630173,0.064496750422748,0.06575827997705795,0.15017221472219483,0.15758792778323308,0.06574182120373387,0.03970781694133697,0.1355513268689702
U_4530,0.24182606395406914,0.7070140603460995,0.38799957371482663,0.030648694430838175,0.3132860114072634,0.12159997131268335,0.034806698213386104,0.06885414146082394,0.02098996957257122,0.06081034921467633,0.03704424158147972,0.1825240037258712,0.12162142573721943,0.7934275698313558,0.33961792968771426,0.21045941258973785,0.08320535293119119
U_4531,0.4088480937362805,0.2803159101209674,0.426120505534793,0.0978593362964714,0.09745006315487634,0.3847958930640858,0.17394405674227448,0.19312037271251037,0.06140013265264768,0.09082575412025241,0.09471650938640434,0.0847826465175947,0.2195251953735119,0.2275798293294796,0.43720942310001587,0.04654168647844188,0.2543702287720335
U_4532,0.310892894373394,0.2418826507239924,0.2561410398082373,0.029219008504186808,0.03166673453432359,0.15166615123330818,0.2590427298036847,0.08710015946717387,0.04727123260826627,0.05849653554879866,0.05524197686210361,0.7650125719890535,0.13136541822024256,0.14136433137202242,0.2826192841852081,0.28649888755738273,0.11449122006980682
U_4533,0.03961750340477381,0.05882629354806822,0.16230735706452673,0.10020595956570834,0.17834906343972934,0.1105186593889125,0.12191779664227323,0.13987840781381006,0.707459446196969,0.1512149359073391,0.1746722050658556,0.14521353053249286,0.10090426851796372,0.16148146868439062,0.06107844361762346,0.8460843642055773,0.18359517132393618
U_4534,0.18825106758792054,0.6485438629319868,0.268245920243472,0.03766057452279854,0.40339797326436605,0.42089304705554414,0.21359314723059925,0.13784029824185257,0.23782072308088048,0.05117735688739435,0.05115025744887197,0.6250083050703628,0.14010690957255825,0.14560110237547824,0.18239004651238372,0.0,0.08843249534108408
U_4535,0.02991964030575367,0.15709579390265968,0.10365553717256129,0.11029115048754091,0.19425180692222213,0.30099389443743063,0.1551504259402495,0.12461792076352213,0.743227997791874,0.17545103864638778,0.1904687324064407,0.29143523724081216,0.15593217582222518,0.17912457014517885,0.07542739408659849,0.4001232887134716,0.1750166370751506
U_4536,0.0028769742972618462,0.8655676592861915,0.3016080065429995,0.06815056679470259,0.18875459420044627,0.10902952560870363,0.45087772850093794,0.17696432534488424,0.09705965280325636,0.15510408765574885,0.14664945849359193,0.21902710393697689,0.08812744956970586,0.0894101099416702,0.03367648849173988,0.28782049566914536,0.06584470135639775
U_4537,0.24972960330432725,0.2644546675109475,0.2704566210241788,0.0532822616959981,0.046459376682029985,0.24253306940538025,0.07348549261756265,0.14370777081676547,0.0567953716328745,0.04591528016379989,0.06325249393797332,0.6001103286151777,0.16083039406757432,0.18731153217075694,0.20789464698248156,0.02343850730860831,0.7852713660326746
U_4538,0.03561262245960462,0.06100297745806442,0.6091348638193786,0.06732865123202623,0.1229929039963936,0.14767250041677057,0.3678357725924752,0.1323098829117438,0.6235432934485681,0.1470157599013871,0.13262637560814286,0.15107566199094036,0.10733753093556532,0.12887901469275145,0.06127298411066219,0.1738871580994275,0.13085070615501035
U_4539,0.02941330502337223,0.15455391839411411,0.12200613119316298,0.10678432047811423,0.17243163807956774,0.1419092585126479,0.1381195742101711,0.127756264442151,0.10002446150721656,0.1667662334934592,0.19919317776847348,0.9442084382002595,0.14483859002209745,0.16795238165347956,0.05552812549117658,0.28153742043232993,0.19351608077183347
U_4540,0.030857215716439602,0.07664744911284782,0.09774854560983146,0.09589456339538514,0.16724995959614658,0.1465592438072009,0.11220855128918088,0.12820511927541212,0.08354374248924622,0.13167456713588482,0.15214366166526158,0.7523822703117632,0.13476786828668894,0.15757617313921782,0.09333673141382542,0.9347403084114699,0.17041744772357298
U_4541,0.01850760679862611,0.25883497778162246,0.1264167813313733,0.06570250130195646,0.10912107128044803,0.4430108074418676,0.0908230412233226,0.12221743133669394,0.7593274192388917,0.09080798474078372,0.0968506509494153,0.21382372138749778,0.09846043444664222,0.08372560010861647,0.04418737628582201,0.41905048167047093,0.09413713620301231
U_4542,0.049296707949449375,0.5059704971494382,0.16494017433935448,0.10810435029899326,0.14242907791640938,0.08067487213074254,0.7769122656476842,0.1695731917994188,0.0772402522629315,0.15854651124651684,0.16360266742942584,0.13640913773899127,0.09824842543118203,0.14492403967127215,0.05792840467097682,0.5858240984816971,0.16726313417166483
U_4543,0.2982878962373192,0.32163725647370844,0.9056726700082603,0.05813958443377906,0.04828766410567563,0.22658619629032759,0.0688213109607794,0.11515727839136047,0.04393099119672076,0.06267003529218364,0.07905060584667448,0.06319287058604102,0.14235584682223076,0.1921904299255423,0.3304537003304696,0.03947819178550156,0.14274418402435982
U_4544,0.35163452927274974,0.9151898888487847,0.2608803561509478,0.037419577922601054,0.04007731390629532,0.1598550074065385,0.06419124540819783,0.09460241868154207,0.5676076076501806,0.05267567509576376,0.047098079813420436,0.0784692326266973,0.1458746253830163,0.14741674220541295,0.24072284860851617,0.03438400929469536,0.10831952046920913
U_4545,0.14064448751261904,0.13210939892585088,0.22859605081786663,0.09116743532714583,0.09388523265101369,0.21308700418653326,0.6357897649601055,0.15860577207515789,0.21083842337859734,0.09200234238552885,0.07708954208593626,0.46196390476527405,0.18557430699770136,0.1766891703082267,0.09695702495082953,0.06006872749050286,0.1622531142948965
U_4546,0.2393646718772595,0.2626518015648795,0.2504323134705875,0.03253765977989916,0.04671905700856816,0.28813978235382565,0.0716390192176053,0.113326247371368,0.061318904452541345,0.6516940797349461,0.038972012656138345,0.04666559843521961,0.12183758441066306,0.16630803911624348,0.1407911425300585,0.29997535206806814,0.5702133731571111
U_4547,0.29795576208588626,0.3041994956688584,0.7996938172768447,0.0408750963336471,0.051029905171600075,0.19876102225157571,0.06010707734574365,0.10581562203340736,0.042028994456422344,0.5666739793932358,0.05369683099266648,0.07385561637586616,0.1529904386056641,0.17222822583369424,0.29661549711080176,0.03702395273329739,0.13807052201859638
U_4548,0.06007433550295205,0.07703855912643331,0.09749757934438547,0.07866965793922401,0.15539760222915167,0.20564034030608086,0.8614705416707239,0.1627856737573573,0.12340801021024267,0.2379322206017702,0.2295461929399258,0.1397397314382578,0.11284617095946127,0.1664267827077284,0.07517136148505922,0.35664989516434903,0.19321432585809542
U_4549,0.23517662686042234,0.1256920221682194,0.5479996531370359,0.05254446559425084,0.4627924772617157,0.44833395346699206,0.11554009385882459,0.0615629450324698,0.08653500912382674,0.1316031639337013,0.12271397538500173,0.6623010053520803,0.1174736291445746,0.11443194117651331,0.03794575870519759,0.4240327680998297,0.11604264044791751
U_4550,0.023006998241566493,0.35363825584462516,0.29465898113366534,0.050412247802472394,0.11842652792955516,0.3078964744219669,0.3104266284436945,0.10613898392779209,0.07730315782076025,0.09483137948414255,0.14408729456223923,0.8909798219985121,0.0736705243977579,0.10111369760320946,0.028459240626943064,0.2031553944244375,0.10548369054358858
U_4551,0.23789696585039638,0.17497611167187752,0.18274215153862267,0.03030516934430179,0.1480338122167813,0.26166812433063624,0.18880606397418384,0.06688056959159791,0.23132105330108182,0.03937917595651537,0.031189836244800054,0.4879708192899787,0.11181621740468438,0.7700201427252402,0.7566402346104154,0.017840747242909752,0.09810244109121687
U_4552,0.1671135244336972,0.22848725973498185,0.21044246777470635,0.1028058360712704,0.10959076844755505,0.2767153284011772,0.2116876273550632,0.15345150308421662,0.18336944152706136,0.07791260135730284,0.09595026739563978,0.7669156233220598,0.20777853441915825,0.20526843360418617,0.1165273915518782,0.039389756619848615,0.19514557339659544
U_4553,0.2582363054113244,0.2274124064045209,0.25125479240204934,0.04015912632055252,0.03291756664463613,0.15291318256497138,0.24762248099992956,0.10685339633510732,0.2955285724445197,0.04791027837386382,0.048633023386830135,0.07305264342386306,0.11852092295148425,0.74263667523115,0.3803811136156965,0.04660872655807606,0.11056804005387805
U_4554,0.5527729762412625,0.5028405334828295,0.46940234634493433,0.030970171867427523,0.046345168412017045,0.4829139661564569,0.07777550885684137,0.14262676840928462,0.04825162701866304,0.0823118816857781,0.04890439531947598,0.06369659919017345,0.18435859004096097,0.2716586467452356,0.4822089791631234,0.07324584258901431,0.22651125623998297
U_4555,0.3883159324907511,0.35982440442298796,0.3394968674778769,0.05519091318905965,0.04585202834057684,0.1755569621801704,0.07053920222419093,0.82750631934326,0.04354437015453639,0.06701071788147052,0.07348788249924137,0.08831503385005013,0.1900374052344105,0.19162978167301112,0.32282069573057265,0.05352513236226158,0.1971607529223864
U_4556,0.057758325915576406,0.1595534359101003,0.19294192624267506,0.11961021176368741,0.14814969873278722,0.9187817456315815,0.19427939319694815,0.16768826192976974,0.21213162532124213,0.09696168755874045,0.11242556638803476,0.15237376797654525,0.21412230486923942,0.19498334501232084,0.08875947859583302,0.04902785545123434,0.1586003511407475
U_4557,0.10099155658873735,0.12503302482202772,0.13842169924202577,0.17329520367591245,0.17719374981879116,0.12867906221777634,0.7998668998329935,0.1863663539181723,0.06083838597609742,0.08216735260167689,0.09878676961315325,0.07215831942696307,0.1726933787805585,0.18988086268098872,0.16130008342778476,0.39362369696704247,0.2134540592406227
U_4558,0.028263122189878094,0.057562292434885795,0.11232902989331793,0.09747633193957227,0.1688134745520572,0.14791033393419045,0.7594610811879161,0.15591937522530921,0.13571355177448283,0.21344069471008362,0.17225184045129616,0.16239023503782848,0.1105220602279041,0.1679749053673176,0.04578679402913131,0.7420139038112359,0.16945552812010706
U_4559,0.23439268041260708,0.7502637829037248,0.2503642103052827,0.04815899029001981,0.03662684201184603,0.17645044322655318,0.08168792938418948,0.1248755928321382,0.09001216392622405,0.05847392079874973,0.07441554650915554,0.7273348643026429,0.1453039971608474,0.15803718944747044,0.15517281714118697,0.023010812826037327,0.48853827613239603
U_4560,0.24549670341547264,0.3913450898707634,0.195814277932358,0.012555348304487651,0.02050228105135138,0.40622172746885143,0.042220656785500674,0.09651174446558006,0.011355308227541779,0.14117256330043476,0.03991529816736931,0.1368332992704735,0.09500058610701682,0.47514940972191927,0.8931786940248915,0.06735661198527743,0.08977928275956919
U_4561,0.25124913647174096,0.2899621905056716,0.2667831071242715,0.06746034026157612,0.05251089851253882,0.29142604904948655,0.08532652137023375,0.12897165814321523,0.08063090268776316,0.05774708634101605,0.07395500555950033,0.06535320428320995,0.1421582006122989,0.17485261744875327,0.14975578102055626,0.03625098222303893,0.7875635617936566
U_4562,0.15894199965134567,0.19214201245254664,0.8488969565991701,0.028801420473574993,0.03532336224458304,0.21197757342260135,0.06013014056534305,0.22605471219171452,0.2203551634651023,0.24656430987863537,0.04571815592363154,0.06177841628361508,0.08700262080578931,0.1291216177557235,0.09625601794074945,0.03480964097981905,0.5494432827351099
U_4563,0.2526812433350806,0.20054697601056728,0.22591526199934486,0.03028566940372117,0.021252839155117727,0.3012899917799415,0.03933421243178522,0.313547808378146,0.17293665947078152,0.054419659081923324,0.04083004605809172,0.05277129753967272,0.132166269861271,0.8295772471165211,0.7243025690059615,0.025761415027291165,0.1057899786555804
U_4564,0.47996302956327186,0.23607978136742824,0.5993734017629949,0.04378697319346789,0.04190202909778779,0.7077887897855777,0.26830715837663527,0.08839272422244324,0.3874754107345224,0.04672540518582144,0.05762298774938909,0.29814524134342296,0.13993133990883155,0.1384827656832062,0.20260961733389762,0.014026576086189436,0.10628669134147037
U_4565,0.26320135794364735,0.24332225245979744,0.24995024206240157,0.034668975461285965,0.043765433608072876,0.1069099319138792,0.053345367561558624,0.0942023348216881,0.32405624274634653,0.0507080732988486,0.04770548311775157,0.05008951704830398,0.13105630031556298,0.7216659608376254,0.5426405560953003,0.028755929683576348,0.15951347159460258
U_4566,0.1874548454516375,0.15394271571010404,0.5854189806257587,0.025881365995336122,0.022810335799063056,0.7079322701943346,0.16355141232796444,0.10053839165229739,0.1545126060498429,0.04295644867915075,0.029128162805856485,0.4772550560627698,0.1144617956198263,0.12477031018700682,0.1950046003389844,0.056776832523386916,0.5588465248950395
U_4567,0.04254460306190323,0.042355395559805345,0.07494107325744043,0.09909629474461684,0.16292157885259548,0.7587999549051022,0.13780380000442777,0.13477489969446305,0.09290951401613687,0.20807041685013433,0.17433495804384333,0.19455848037498624,0.13483722231765902,0.2116339287735169,0.05989434859149266,0.332549857088315,0.16450035879159594
U_4568,0.4316060164043572,0.0801411955924484,0.4755921014373876,0.09261005850958565,0.10608991598797561,0.1166776957007065,0.1730500626878368,0.1388544759808358,0.18435318271233472,0.07618729096961063,0.08708701047752695,0.7965540225835517,0.17106049436562365,0.1526216700186927,0.07232248501518523,0.05433941347649743,0.15067916224041672
U_4569,0.3290694912332477,0.3065423287380102,0.26265603350110434,0.047707256611047244,0.0584970015867797,0.21345131929324537,0.057693797536410796,0.13380413699348995,0.7785121681125965,0.0945161823467845,0.06578844564542867,0.06577349079139298,0.20162457859516095,0.2136276944102566,0.20710502182288915,0.03278238843697366,0.2945788705059459
U_4570,0.04994644449012908,0.10288796699050867,0.11865992679279477,0.13887865234421395,0.15314465465661015,0.10660278458150983,0.14326872622388737,0.13816318532404198,0.6693726248062788,0.5978969402885368,0.09724112958338679,0.5853967468418407,0.08770448077707683,0.1380025962639102,0.10074093646282854,0.3665936685283593,0.15420236589970185
U_4571,0.06631573386423789,0.19627932921197785,0.26131206384577366,0.10407674389386805,0.0989888430327374,0.19682997533062446,0.1368960651334927,0.15317188546235933,0.19472977896860502,0.08939721863116365,0.1044002597579338,0.5807224191420821,0.16712957181178184,0.15519085622324502,0.051942643296152405,0.0288794891308747,0.5710537367110359
U_4572,0.05541310352267719,0.04761494346052902,0.72867315646916,0.021715464691179562,0.19452962974515528,0.14377244815506882,0.33128825481627194,0.31903945824069924,0.18183796801739605,0.25638541920166713,0.05637340214680134,0.37201293462796,0.15362075547564782,0.11910679202520552,0.03671601841882837,0.12040921930636386,0.12163582625385974
U_4573,0.06335269671569375,0.7247028019453308,0.24377595245953193,0.09379686962945578,0.5679922796772456,0.13906858771277622,0.1391065813201855,0.15474609698306235,0.1674241801560295,0.14181920748745014,0.1267835714751626,0.08949164416298717,0.17202922172296298,0.18340817008231852,0.07111026153110858,0.051988381285156066,0.14754691890429544
U_4574,0.5338057232396652,0.3274785551956896,0.32199598164625914,0.03612199531840562,0.04871876004264113,0.1628915062157238,0.08702628514524724,0.11039422258941775,0.06295006747876382,0.07755298539058175,0.05799146673509947,0.6497934826318205,0.17048179868094235,0.20748838318459778,0.30000451962126773,0.05132234456614968,0.13737195831679166
U_4575,0.3981186593117502,0.30974832015009046,0.31609631577121616,0.04895726693558302,0.06006688746321688,0.16237470400306908,0.42766935314555604,0.748306598085007,0.06485350994819264,0.06499789567073934,0.05803811338926752,0.048185225218425144,0.14261514558635693,0.17394118940077116,0.31122805675373655,0.038124935986709574,0.13674940222173337
U_4576,0.36576888788459383,0.3157772696783207,0.2680465751807799,0.042808438397477305,0.04891094484549499,0.20922091156903067,0.06331734498172271,0.09653922625975672,0.0807453285982662,0.06945627709135505,0.052018369808601785,0.061834224938618995,0.12567364756909047,0.17407053381176565,0.2683162717604395,0.053227096161781146,0.7954841266629213
U_4577,0.24869955184030723,0.2767946940502824,0.745279139933074,0.04582048308980739,0.5027138291028485,0.18437733562390507,0.0951086625716956,0.6715828566063388,0.15227554028510054,0.0817528630516465,0.08112532884339768,0.08303433522920128,0.17239780424288526,0.18572222718042963,0.12043046665440388,0.028519248663345688,0.1950436884698492
U_4578,0.2792275758723207,0.26076424363684164,0.28351872916524196,0.04008915888447008,0.03489949242679451,0.13397013463089355,0.039201997423410045,0.09890706924939083,0.03280505984057663,0.3434385989476605,0.0441642716221594,0.03621863090299669,0.1262766718135489,0.7136415755239711,0.6602923206917058,0.031071838979643857,0.16024662094274644
U_4579,0.38085225009383994,0.3428183034245857,0.3716663509313639,0.047957493421715264,0.053353680499018306,0.3253044856199363,0.10155807889567317,0.13022437955485222,0.06654540855479688,0.6805572616015221,0.06004862621721911,0.06591603546548416,0.16767217663910816,0.2022087630543939,0.24747358034393763,0.04249546333247708,0.18637491066515735
U_4580,0.48278496392193015,0.5038232016910784,0.4999229773050837,0.03212304930810668,0.05143018154431857,0.29969656089625446,0.0891242492418479,0.14708623793012263,0.0706075114606187,0.07241754317921781,0.05467511667555629,0.07797850165480645,0.19147877391997958,0.272773555855753,0.550604252931113,0.0692417484320104,0.23420943216960619
U_4581,0.10597951169613504,0.28342354890509136,0.15872039121264617,0.08100319365934967,0.10174779053305448,0.15937179198132279,0.1208349194302498,0.1300338131930523,0.21347576275886612,0.6729072769171832,0.0943113669495064,0.09935756927076936,0.17832915913545036,0.2019700915884633,0.09000722094847638,0.031703106750357285,0.789045462950699
U_4582,0.3890941223882898,0.40884782594904756,0.3751182213856248,0.05304611690798141,0.050081138740050615,0.2669030537034782,0.09079556452142058,0.1410881860551857,0.07529251690622174,0.07059572131352858,0.06807733126474724,0.0666769708564397,0.178151888970307,0.3344435942828563,0.42654057245420407,0.0424736372227569,0.18749174866091517
U_4583,0.32620016030795207,0.30431438316117,0.29923520435530165,0.062030295539631575,0.056728566172154715,0.858873915762202,0.07879117500368704,0.09967493950840065,0.03506025831637137,0.061105948846110716,0.07687906933378653,0.07203424839741433,0.2304505835389772,0.22143440271839762,0.3482354553952116,0.04912506076957744,0.1396570613566668
U_4584,0.3496261103925285,0.33599755781094093,0.303710851871311,0.04310361788377301,0.04519826700362246,0.1498685721459952,0.07708602806510165,0.10606955507256097,0.052212022669520755,0.06758752049295161,0.06349567452485759,0.08066518157001162,0.17589501272677363,0.21667064935976996,0.29549211075961057,0.7405529124741698,0.182604616347273
U_4585,0.1978842783110525,0.3002974274004334,0.216932411012156,0.061160818968887226,0.056668018789890515,0.2202467958298989,0.08938596465986717,0.13639121899475878,0.7031254335365286,0.05851112001193534,0.08631116454342981,0.05990330001443511,0.17735037001416162,0.28719541405067023,0.11348111515595563,0.02711863963752323,0.6723120118088983
U_4586,0.06851868481769413,0.11885747147027148,0.16709098827489638,0.10302603131232278,0.19275304567991292,0.25101815830491264,0.1440057037855959,0.17636723546012692,0.13235339286179726,0.21301906418153815,0.21851215437593993,0.2691439305723924,0.17358924789251715,0.25319143910525005,0.09229602926099564,0.6887419458385007,0.25427822630079217
U_4587,0.03257318701118021,0.7743509854843101,0.15858972411119487,0.09456898890499171,0.1764668239346905,0.11763522239727951,0.12943403197017028,0.15934926031644295,0.4760094147421983,0.18630830947817342,0.18417807315817744,0.22783350861907314,0.12999909302027157,0.16230828821553164,0.05290821690485957,0.44257705428978217,0.18840798812813955
U_4588,0.04014294141236466,0.05576921561439789,0.1072044963958869,0.1009552795814661,0.18167516003604736,0.16862052010643624,0.8520374158155147,0.14705902925626604,0.11023468869932739,0.18702040820742236,0.21948491769652062,0.40029119483746567,0.15675879858802055,0.18020712292850596,0.07724465196449737,0.3609793137712145,0.1736970153120327
U_4589,0.050897520701425475,0.17110367752021663,0.1663209087650818,0.08970283573931595,0.11614122439283321,0.7189635830179169,0.17709410628320904,0.16039752384745398,0.20219277162899268,0.07864842129523714,0.08878762048556346,0.48016008656530007,0.1505781974978417,0.1815881478107281,0.0555563549871259,0.5888124025197702,0.14862972389462498
U_4590,0.5646332736286823,0.5983728768341627,0.4712570193177916,0.031212721563656717,0.04396996396575313,0.25706687662145555,0.07325011764583389,0.15670089535207513,0.05270436912496795,0.070629186319417,0.05686132434983247,0.07127017355082964,0.22170113356033774,0.2777908874378316,0.49420121324553556,0.06350646465112454,0.19660232386933296
U_4591,0.03156701983877961,0.026370670328749846,0.16164771091883653,0.06938257788087397,0.14119691119178882,0.25377232888596585,0.09743352436376239,0.13804608316669997,0.7079307824292976,0.12315531677825095,0.15269348935596927,0.4344464903259523,0.10072059601699529,0.12916447294427322,0.06545780766546852,0.6833522960168937,0.15649156893252292
U_4592,0.34465202217282426,0.315587920899728,0.3061469504928669,0.04372798212109745,0.04032879421721136,0.2628720492275146,0.07688588514491868,0.1022641024899729,0.05793038868633403,0.07068982608851974,0.0649495327283438,0.08931038863367559,0.18005516040566902,0.21305067344059808,0.28746711820318654,0.7654018982653835,0.16835444014205408
U_4593,0.1455930331986638,0.17133840507703457,0.2315259539340935,0.06076514983884476,0.10215817122295923,0.24034904973268362,0.12934054155249408,0.1548342534166337,0.5772923231086423,0.09093319869087929,0.07493916559991269,0.857815092767119,0.19829126154974808,0.16836705257377776,0.07834839801117702,0.04642153384305922,0.1667778099551046
U_4594,0.1927347328103408,0.2455346983133106,0.20580411927910375,0.029311719098006242,0.3828719872703406,0.1695351025210738,0.07402274001403256,0.10387167956712193,0.5562520028508593,0.3101481860166769,0.05345039020840439,0.06722936863201977,0.13759479482026252,0.15250138931014748,0.0792086197292425,0.5401497189855654,0.3212477469975482
U_4595,0.13360292013152,0.40884887515897733,0.6546091078961372,0.051928643881694506,0.07868737375220027,0.5001660259095955,0.5386942272529631,0.17226642893914496,0.09517056811345016,0.3832431241556707,0.10829676781522007,0.09954868175859291,0.1439540460610998,0.14805790725385068,0.09089539208879707,0.008648833406908774,0.11184843638054248
U_4596,0.022292699016983008,0.05565846314904764,0.5314344046127387,0.09497835320837865,0.1504277107321115,0.13599236985791177,0.11407673455381606,0.12316197771613407,0.0759686698175642,0.1310905687595122,0.155526892014905,0.19136341684302155,0.10629708668497735,0.13102636676161442,0.05803237055959182,0.8621565523939317,0.18020791583487197
U_4597,0.06962579703637503,0.20948770050461946,0.19087203828121516,0.05998151900265061,0.24496756042486612,0.19734712992546458,0.520521752863078,0.11960397574122411,0.20059727427131532,0.08936536097674355,0.07574631894869557,0.5215071540647286,0.1631619170166062,0.1688183539501868,0.07141225284096933,0.023887802282679848,0.12278115087818486
U_4598,0.22310364167737579,0.20294278846187874,0.3969204838525278,0.03491229556482902,0.06204682566633511,0.10123841913867207,0.07335132349951808,0.09686088732821681,0.02110196956264379,0.27813989460709565,0.04331287907692522,0.25846132483552664,0.10007506154960474,0.8033255408451184,0.5855291027046016,0.034424774351772935,0.07379504272417681
U_4599,0.030589277497511454,0.03434162429525788,0.1649483334161872,0.05594914271199612,0.14310754061320008,0.12110700819641554,0.09469290596643587,0.145813018070011,0.5599276878401812,0.1653372034026928,0.16984478225301616,0.46938079282566075,0.10286359070563944,0.1454328831576452,0.053302781834663665,0.7820116769132766,0.14921301352481064
U_4600,0.06208619052343703,0.08454945520247688,0.5191106205906209,0.06278336472083593,0.07277999182575509,0.15325938922426532,0.5126805583787984,0.11887857785011358,0.6282115249145168,0.06296487991534519,0.056176696820231256,0.35063725838001486,0.10448218284170888,0.12551803527002528,0.06383792631728602,0.20564877263025932,0.11313106413039926
U_4601,0.1165227176098775,0.15882536554873494,0.24596748991748008,0.049083345695847255,0.08226195879655163,0.1622164828962599,0.136179979861626,0.11842808309811648,0.5829952427590712,0.0740752048836843,0.05728686741216445,0.05682383941552363,0.14133402272173737,0.13462737096314117,0.051851439833774604,0.34417426234590204,0.3490690673600109
U_4602,0.35269811052142086,0.9714419858445774,0.2576635784232998,0.045157994187608796,0.048807144780920526,0.19781869534660795,0.08315991158063231,0.08150091063096117,0.041954019847799284,0.05917586020025416,0.05657239711494254,0.06600396152142914,0.16648449156762357,0.18348726277296182,0.3250060096684047,0.04173267163641022,0.165296612899779
U_4603,0.1642417214992355,0.6658377906781451,0.6494260359127179,0.03124950381744196,0.3636097012004134,0.20477560135448838,0.26651828665040705,0.09115712734005399,0.27893324191763824,0.04978017436624437,0.04556977271194876,0.046526721462205524,0.1203039221411944,0.14136489777190264,0.0736002399087215,0.17077551277872352,0.29726593966418957
U_4604,0.4514484561410168,0.3562003455205435,0.4367884227660655,0.04106743176744458,0.044590417539565004,0.22127171987258779,0.0743592603354713,0.16237752856235732,0.0604264229082212,0.08935383582204946,0.06809996861570242,0.07577289628975721,0.21081480827225046,0.21466327392708442,0.35440682470670776,0.055088688154350335,0.18553110071225057
U_4605,0.0594133179685228,0.1624756715609725,0.24013361173954784,0.09490127015914782,0.13908468128589174,0.19388193501762999,0.8391964207533056,0.15710441861015578,0.21237803268552916,0.07042296377326585,0.08822385640353675,0.47415661662120695,0.16490265363548004,0.17793779743376717,0.06947860638655129,0.049617346421417796,0.14807983552294476
U_4606,0.2944762240337208,0.2738601694618746,0.2860841999277635,0.028616161994650502,0.032247766644639526,0.32893756822541215,0.08393966505570012,0.12672602778555625,0.056702582052995484,0.07923490086127524,0.058774241483449036,0.5323817859069764,0.1677600898709693,0.17912538368174255,0.2878254427789909,0.5719515004936048,0.15544990536420555
U_4607,0.24832170280219668,0.29427686334775094,0.27330674877833383,0.07164588541102539,0.05300368396628238,0.2606519210335831,0.09299576274917082,0.13078003919022863,0.13930476646294912,0.050497637455728314,0.06927028583034109,0.06662438818178704,0.14325724932102615,0.1779476963554282,0.13354331579718517,0.02429630663763964,0.7924082535205674
U_4608,0.2652472951645536,0.277595810437838,0.9661272095565501,0.0656257512923675,0.0557638225099765,0.25696034580996724,0.07916918367775691,0.1353376671407635,0.13632517297067318,0.08099995099603889,0.08269306929431117,0.0696126844906286,0.19850766226757746,0.19793253780521816,0.1353820955434999,0.047120897918911164,0.17993697105897177
U_4609,0.5836408574437263,0.49011754088915255,0.5562014529760558,0.03620315122530572,0.046000528546320085,0.2586892547167081,0.06735643676226404,0.14392194985656998,0.05164105416708395,0.07822581215668328,0.06046178358761045,0.06457407811917364,0.21877746658667147,0.24810669562861132,0.46968020322320225,0.058375361440602236,0.21155909776904203
U_4610,0.20540857963479792,0.20903387835492124,0.16432359098635116,0.04751278065068612,0.03273427370523288,0.8933227862178952,0.09268079637532815,0.11403977913906845,0.10578694077109718,0.05170035921921666,0.04993750189928755,0.3511009385756863,0.1462502851283271,0.14832379096363227,0.09902755693274887,0.014886248170025568,0.662821706371692
U_4611,0.02547212093947427,0.3444282744710328,0.17991814489900915,0.098735673192124,0.15937770047496627,0.11751245303645907,0.12139068244525089,0.15619717588480525,0.10869000710715115,0.5917118470786179,0.15143052106020405,0.7159557991618873,0.08806789073098978,0.12251568678835562,0.031173976201986364,0.2715152466365237,0.16580870325506572
U_4612,0.3166043763581648,0.26490166966664613,0.27740356026181096,0.03691743480315077,0.031127951018422986,0.12580931449843202,0.044863898068607286,0.09119990165575938,0.03764832841488484,0.04817176825098929,0.05411016951095779,0.04132424979676966,0.1325734864639489,0.8193745672736386,0.5638889557774743,0.03245680711340548,0.17181506179147987
U_4613,0.12680610213810545,0.12740076467694567,0.28539399326740716,0.08883607324164965,0.11951899673037797,0.26073921116674514,0.7161060452913759,0.1754652133551914,0.16066830866779042,0.07370105287065701,0.09138577638319903,0.0897241888730353,0.1903693380375424,0.1840952346456173,0.09034210247415261,0.02953504908033107,0.6930037678220583
U_4614,0.32902606201936974,0.8852326046835108,0.26180139271854186,0.03782292963848202,0.03730433170171866,0.5386683597651644,0.067410334170339,0.09090010164621418,0.04920703022726475,0.07214767144347438,0.05002066472262266,0.3878793558014375,0.14492026602043234,0.17157225915922067,0.22635419505595966,0.03409531589390156,0.10698457068676324
U_4615,0.4017273881613853,0.3270634869506747,0.3207899736615809,0.04288670177528384,0.04487783953357267,0.1835045794849352,0.06529003050759108,0.08974114918846503,0.6446250364691001,0.03952842670445256,0.04731600249970509,0.07030225835819486,0.15246433778387358,0.18865047403372653,0.4310575374663125,0.050701585036450045,0.17860603837997868
U_4616,0.19888246686339067,0.32637003130662634,0.2907095055856138,0.06627975542825032,0.06813214693634995,0.2421578914166063,0.09703761717042966,0.12594190187883433,0.18101808771823852,0.06328968618183811,0.08141583710960043,0.06446932033056549,0.17924908508494014,0.19454978627325298,0.13060779394987002,0.04823614167521128,0.7584378559092296
U_4617,0.22739814558499277,0.2425354445686231,0.2968285814138032,0.05034368878654765,0.06751016974972096,0.1912391188620416,0.6026011400260575,0.12273835378746345,0.16462541722844554,0.06421544391373446,0.06822855090267235,0.4491704537809506,0.13353536779689223,0.17641807925270753,0.1508343946687963,0.020925381116214916,0.6233929725100116
U_4618,0.03665821915097921,0.5484637401007668,0.6511844796231514,0.04412471024085419,0.45970514393353706,0.6942776928078754,0.12924613117071082,0.08532798785744101,0.5885171961899217,0.031132295046600478,0.04583756535692241,0.6375792943106205,0.12234045774246863,0.1339339876702445,0.03370566751827985,0.051829725345681546,0.11207096632465026
U_4619,0.3444409324235349,0.2807946674387449,0.3478717704168977,0.03207787551305552,0.05090737827553738,0.29047347945496726,0.07314582439906803,0.10362198499752029,0.5788438745602926,0.04477726096116082,0.042181424495075656,0.06770824124717648,0.14460989446504954,0.19975390822947775,0.32745693186247,0.04731241241802644,0.5783428504203613
U_4620,0.24750010276034562,0.3420920640147124,0.314103900571688,0.07414263175117641,0.04929973052962615,0.2792219963399949,0.06445429750694312,0.6588057316483822,0.11748980449882263,0.05439905741714687,0.07596953536398333,0.04767774914295094,0.13645181897480838,0.18084789895762532,0.14818783473254854,0.022421088589923494,0.7083063559399111
U_4621,0.050338371638646,0.16186677187776144,0.218366618892877,0.09289241437721563,0.11829697210860586,0.24878548261205286,0.1559354000572028,0.16209199488903178,0.7147598235621101,0.07504930899045668,0.09864461216932376,0.0948645578302831,0.1560649139872566,0.16328922182907815,0.06891594455341309,0.6109870274704405,0.15791078780466244
U_4622,0.20956881829333623,0.15249501000767468,0.5118432688424167,0.05611561656415656,0.04540293147084575,0.23310250858836074,0.1590362709307134,0.3055059277552802,0.07924328040377282,0.4213605343221289,0.050684594919031864,0.7758593992348718,0.15502124233734557,0.17110680105199394,0.19253335404104913,0.021720664796465037,0.11028531109548033
U_4623,0.1474501865316283,0.18569379749886533,0.8424593818319445,0.07672283380796843,0.07641960173087822,0.6638669763460193,0.15084205955748847,0.13611582978447204,0.07116088554168357,0.07343083177733833,0.07129402675082423,0.0618395969440423,0.1402426694341467,0.15611939064865024,0.07682742930912984,0.01967281211805528,0.48844398389440496
U_4624,0.2664911172843935,0.2669057727660662,0.27074900311642547,0.04284105174460227,0.057034222783288194,0.23174362189276923,0.10444932786380112,0.12364657684245611,0.15920555385030297,0.057920581976835236,0.04838525909631166,0.6523384410065082,0.12156681433433339,0.19724123028058554,0.11336857385332204,0.03636295908110365,0.7742502283412662
U_4625,0.08091340568685935,0.21978663889610586,0.7075589316679411,0.10123717686767884,0.12413689322093013,0.20968851236021374,0.16582012743191832,0.16503233778488294,0.2314989607991885,0.07946668524763148,0.07537075891615319,0.5141595717311969,0.15975875412336288,0.17837831439682028,0.09077454899387213,0.04166526943731966,0.1654165242960135
U_4626,0.2928096728074451,0.25505499306862006,0.2729439121927306,0.043610598377517906,0.06518105011644049,0.16010050967976847,0.05364667526333515,0.09942770315343834,0.581581440779912,0.06819493769722502,0.04388324838902332,0.07508161918511765,0.11075875261275851,0.7452197458233506,0.33041954864605244,0.3139718407306983,0.12302692379379901
U_4627,0.2541684109455954,0.4896808738677046,0.23092725612133586,0.025773567464010688,0.0338409813145368,0.087723338774374,0.04188071504515631,0.08059513251666316,0.36130424409692175,0.045380190958704755,0.04111985939247119,0.06633220679368125,0.09566085317356499,0.8920348142612416,0.5033308956956958,0.029580069986198956,0.13730014183926337
U_4628,0.5610632905176005,0.48568142642331835,0.44419263657052194,0.030531387760866183,0.043687497273873305,0.2560622375198227,0.07313095982634467,0.14024904215761558,0.05449911212153172,0.07224412805273643,0.05827726797351415,0.07529482706988264,0.23285604952885622,0.2889426094058975,0.5923122583018682,0.07099814033542265,0.2214064733324331
U_4629,0.13240112689898306,0.2290375270704586,0.26706511512193293,0.09112105011486678,0.11853289111617446,0.22518707636413296,0.16872927703969579,0.1619507795853123,0.2264724176122266,0.07695539817645841,0.0880739736440404,0.8371511637650375,0.17691049487925603,0.19131278095326734,0.10985043557354526,0.02553250170742373,0.15841877739601481
U_4630,0.3276382359106518,0.24032932371863247,0.2519906039379669,0.0467855499081617,0.042389148915337356,0.12411499824612351,0.2151178444819669,0.10071406463821028,0.04031988795864251,0.04587673442676528,0.039264052080098845,0.5386562543146716,0.14469121870296403,0.7307580414242739,0.24987239521530413,0.27204289661684666,0.10596991838703725
U_4631,0.06801846613736955,0.1802390104092373,0.7800559462567713,0.06424748949876495,0.07493546549657933,0.1505778046917832,0.14685628741970347,0.11961240862994546,0.4951790619656844,0.3548986795855268,0.0592184165051306,0.5279836824923635,0.15701393054320065,0.13753813790478928,0.07004700294131874,0.037906326919344806,0.12584823941075993
U_4632,0.26300641404435016,0.8719290449140799,0.4088782886469127,0.017543625041375202,0.02676159332473032,0.1972437714532046,0.05041272936976446,0.07826819499724386,0.19329499239406497,0.04746899361715134,0.03110010644867811,0.04846636359604938,0.109095760394568,0.12887408671413753,0.2169467106884729,0.03614944008692728,0.5487078250234285
U_4633,0.2036085301746465,0.16860371476246558,0.2042789807321061,0.0636036944661568,0.08246482924618298,0.25666021195707783,0.2971248662203659,0.12841434419362813,0.7746222900650076,0.06905085895940656,0.07542395395503926,0.42219137954252284,0.14071904762534618,0.18070986296722674,0.1023061460197283,0.043736889471120664,0.165946936508776
U_4634,0.23087428681201103,0.45883383618715556,0.7652331382516353,0.031965585340320186,0.051295341332129894,0.21408697097871543,0.09464239498696193,0.11189752573487685,0.3650812617611921,0.08276129113767453,0.07058908543460488,0.04999698447684724,0.13776371181258731,0.16853866925513988,0.22034059645635967,0.2503812539852812,0.14567315524418334
U_4635,0.2122837010482309,0.19501092898165584,0.22656103919748238,0.04631556128720848,0.03563472915626888,0.7731547871598604,0.06555305167888931,0.09652674677711658,0.18116862615131388,0.0497166140945271,0.04357935928332279,0.2654941329291488,0.12959636743125788,0.1458617923781406,0.2065422637411564,0.020859511910087628,0.6311055643064929
U_4636,0.10927131788645067,0.18553410943452925,0.6595228479651616,0.021209539390056306,0.24820728190099778,0.40429718075455423,0.4203008840660321,0.09525401330128284,0.6676034324703074,0.060626369911356226,0.06443180368584975,0.5377598302236856,0.10595630141889549,0.12161395328277635,0.05699558099160691,0.0,0.10223863793551108
U_4637,0.036364619269049214,0.07166124157684783,0.18822971590356669,0.09459944397512829,0.1592229275907907,0.17889975341394843,0.15389145292027903,0.14257760588692683,0.10383113835119914,0.5181459800128515,0.19948917071228187,0.5391391737396406,0.11564255908271637,0.12098713497686764,0.05375552478077758,0.33900371066228524,0.15943288703559388
U_4638,0.5226015238189199,0.3875782716331237,0.40282343808487503,0.07660817012079021,0.0697679288051017,0.23557741626562576,0.0958942864070021,0.10862316948275891,0.04641735649014335,0.0898217023128835,0.11845566235569271,0.05684304594762771,0.2503556841673475,0.21715848421549125,0.5446241373922875,0.047771491142452646,0.12600436508097226
U_4639,0.04364918261776116,0.09475656829474212,0.0951982782747929,0.11779775695110042,0.1799819984900724,0.10884933846932743,0.15488044497025727,0.13792729784504895,0.11650468479314631,0.8415940464705112,0.24561800871351502,0.15981548369411064,0.10114895237816027,0.14362053086592644,0.03761103980941353,0.2945080901569197,0.28222919363966387
U_4640,0.23243377074998886,0.6300002847417435,0.26512627216750956,0.07050852732068164,0.09605393966580009,0.2175448339195224,0.5288494315548706,0.13824404159977102,0.18554019396069765,0.05766752116676474,0.05718666915464106,0.0921231715686538,0.16324980966835298,0.18839223980243539,0.11214577605291594,0.0353682476388647,0.6114674148354899
U_4641,0.1527572985712092,0.15522347495375324,0.8410365608946198,0.09214265501767466,0.12279142967254555,0.2749589798637498,0.19217279450050842,0.15309218833428545,0.17862167317483066,0.08104171976916975,0.09083214708859226,0.07881195265810524,0.22538205924519017,0.19590195396963223,0.11039172023649164,0.043514400674594514,0.168239087738692
U_4642,0.27220669223885935,0.27279011714347656,0.7125421264468296,0.03159944136090042,0.05367883510523243,0.19703674656451636,0.37880626513966376,0.09031354057834945,0.4993767414220953,0.06871823197127812,0.07781093932662861,0.3630266345018046,0.1187621762068313,0.13555582923322165,0.12042114469202692,0.10880028930299919,0.11790734750652317
U_4643,0.2169232172257029,0.21362760414038112,0.22962863858694013,0.03645369852097903,0.033846977301059414,0.17711631570752445,0.24300920971228904,0.08479203522926174,0.023026214431529402,0.040992158084854076,0.029772776408785603,0.050708217822445015,0.11468038931135652,0.8985452716643192,0.5149502506275384,0.2706841311653435,0.160984176668732
U_4644,0.2547628279776744,0.25302624037165006,0.311902186564024,0.03668605387861425,0.046313281997953995,0.31932402359478457,0.0705974605595954,0.4215819449365798,0.6039837542965221,0.0406569586654788,0.0468272781998993,0.0904665493094239,0.10297052645314853,0.17220343892308015,0.2622835998908275,0.04253814393998439,0.4467960239774532
U_4645,0.28269299717736746,0.24443284049157482,0.24894014861010066,0.04807532026430381,0.04769628852641369,0.9634172154225665,0.0664285870514167,0.1158668370766636,0.07076413820512475,0.05978044162992126,0.054675380044654616,0.09079045547959044,0.11540113038187375,0.17834235962940817,0.16040985374510136,0.027483553853984946,0.6281389107604576
U_4646,0.24834247508879165,0.2091254365469901,0.6383483211167055,0.024801428322476816,0.10680852504655892,0.6884048115924627,0.19405059224494287,0.0670201020233771,0.04647286740677303,0.20624782574420822,0.025283099059730106,0.13203318702729036,0.08562111969311043,0.14645192626406897,0.23127881743266626,0.14049622539501352,0.0742189450330059
U_4647,0.0934453258958693,0.12274773036698067,0.30081858070130363,0.08945439029023702,0.20000763472451644,0.2602307580280781,0.1498347430280488,0.18980165419587927,0.16861929676751192,0.22460155809552523,0.23689686358387677,0.2778441390177747,0.19646992291930732,0.23449732227063347,0.1310393514666604,0.4425008394728015,0.2627765425685073
U_4648,0.21684083674194593,0.20726780267682804,0.7088828287771746,0.05881929271956851,0.39229870063153616,0.16931999791681354,0.13803841553581664,0.10253426388398033,0.8803489447906683,0.060444291290634805,0.08276535143203428,0.061449622594338685,0.12904816334191377,0.14238676386957086,0.07259461425799384,0.018947120133462243,0.1258384252338833
U_4649,0.2636561424697359,0.24181504464414122,0.24964359489102123,0.022739309840697157,0.03895644834623034,0.13522746832611227,0.04365564403519589,0.36041370339396794,0.04593964471073365,0.05883545004370393,0.04642367580528912,0.04759558119330499,0.11893354250353244,0.6853745921400862,0.7935449218569501,0.026594251158550387,0.15688518624656844
U_4650,0.1835766704376016,0.3523071188381953,0.43026929464040103,0.022700107758207664,0.023513597168807205,0.5232260051415696,0.1307285297537092,0.0945717678252385,0.3494190259858304,0.05143140135107833,0.03669517923312389,0.34444905590790376,0.12537306205355936,0.1288030921932037,0.20858228692714714,0.018407968528751067,0.7067670285854722
U_4651,0.21180128071336618,0.4785187599581474,0.17271075514471604,0.026868441283253656,0.026428752630548204,0.8852288725804458,0.08692486893844042,0.0922395520020041,0.3383005647053742,0.06312493367189943,0.04719014872103643,0.06098603011249905,0.12449463777977368,0.1420236397689508,0.11671627661634318,0.059433030299626266,0.169122477946464
U_4652,0.377625864731376,0.3155828292141909,0.28688877574589083,0.04124502582942334,0.047400953597126406,0.16529212365708537,0.07324037121333102,0.10019449174920037,0.07148523527685918,0.0714455021550809,0.06523284364061238,0.8629634689524545,0.17880359781946364,0.19778697393864442,0.33763013167346184,0.0438310473380767,0.14139375842299526
U_4653,0.2749563953890525,0.2577040950791991,0.31003503866662746,0.0321855039277669,0.05689786667004337,0.1940201841998572,0.613787830789353,0.14362966751386447,0.09131068764041875,0.19916049726172913,0.06829890129839883,0.07979662057170167,0.14647603485160915,0.1659975197769068,0.12833786796776717,0.016816227201947778,0.3781786276387816
U_4654,0.05128133914673122,0.059204990495620086,0.1197901160880756,0.0880130026272584,0.484488212419709,0.2239110378946923,0.4455422065887455,0.18260268327639415,0.08390909839822573,0.1621327169810522,0.13935942450158637,0.19197431486765387,0.11854270436770539,0.1740155347527463,0.07964178885384654,0.5095662578432859,0.22271350320088926
U_4655,0.21593655902644224,0.7083208261847487,0.26276244873353,0.05402486040469965,0.06003730766556789,0.25678451589540213,0.12547072564484252,0.146437373277024,0.12537645349977178,0.07126274388312505,0.061696406153072314,0.05485451385732344,0.16041097097035842,0.18503917827622524,0.08104574524022169,0.5775391493180859,0.17551676924436074
U_4656,0.46543029017397497,0.18585943317961945,0.5968974165481572,0.02050544788476568,0.0314095750671675,0.13440933258446364,0.42380366080995924,0.0878298728539808,0.0705514474524371,0.05677313836896722,0.06074779312525687,0.32855380610260226,0.1155327690457906,0.5579216297364973,0.3731819820807323,0.025849736656055805,0.1056655758422263
U_4657,0.3039382681070971,0.2343667360497764,0.27563567753059426,0.029206848050993904,0.1770546351668731,0.7518173292117981,0.16541545891724402,0.17337321364840438,0.1263359036253237,0.056919372354192296,0.04037224011933049,0.09275522157612617,0.15102061681179205,0.18495996592929004,0.27344414994560273,0.2163756486224879,0.11116786243498727
U_4658,0.22857127120587933,0.23311967447347196,0.30372412883997046,0.058225742236948166,0.05931210562811157,0.26501964467408495,0.104194110305358,0.1432744878462097,0.7231422236409407,0.09549214604458792,0.08812799114121816,0.5181574471704805,0.17452618543087076,0.1723502957571525,0.1471994289755002,0.036396988289436806,0.16366259647222253
U_4659,0.32639110155995615,0.2582141240644971,0.28072418743115596,0.03994204385411142,0.037288392448895,0.24815627495575332,0.08849975556913417,0.10802661277877466,0.6706024763396901,0.06099883580630898,0.0586204375097443,0.056087782203194436,0.14893153204431436,0.18486071621647032,0.27400020708480205,0.04433772730777867,0.6788501772894956
U_4660,0.2762665826277913,0.31264530633503007,0.26636008349561463,0.04678497472074948,0.07369628239215759,0.28119662119910394,0.10232236163691386,0.12856415485056183,0.07569227706281972,0.07089734565747617,0.0641328878756457,0.11218143853120266,0.1329213000864701,0.19464767251214704,0.1485894656970007,0.04041078189433949,0.7336223867361432
U_4661,0.3988845258163988,0.3013328607470776,0.2738923545178293,0.04734064897609895,0.04438441919472317,0.13822925303919248,0.0582361717877596,0.09032216787018964,0.07668316075179538,0.0606687096158392,0.06476460154223151,0.6988588423676502,0.17474322981839427,0.1772822695563589,0.296211566370388,0.03133478308893539,0.1386588411276029
U_4662,0.03642513437715124,0.04672100713573006,0.10051049895977034,0.0967561791290831,0.1836007970062822,0.08651470813645339,0.7682011648053612,0.16569922319094893,0.08079131238591718,0.2676166407481196,0.25137988371196596,0.24500397324529383,0.13280798349865625,0.1686723234348118,0.05975428044588886,0.38481323919055876,0.18203976651091489
U_4663,0.020041744727461574,0.09351347721248274,0.1268591423128984,0.10813677066000121,0.15939235043986755,0.14178235352297736,0.139511665835228,0.13651441277016402,0.6294886546454423,0.5370772828796808,0.16808545482411802,0.21651294302608864,0.10742008910933312,0.13241540031677052,0.07312755915360929,0.7234986207963355,0.154772551779724
U_4664,0.3635431554128183,0.3294511208146384,0.334797542057647,0.05689725303846957,0.054449827398214926,0.20644180575766086,0.08343975929189433,0.106478887693145,0.047771631281128435,0.5578591492700322,0.07701905138756723,0.08431185386316152,0.2209449735387479,0.2222896762804593,0.3421990008453101,0.051682949757938385,0.16021953181241227
U_4665,0.3564567480079948,0.2686334468035985,0.26759115287882224,0.030333094824678962,0.040556409236626,0.13719906658557718,0.08588476463760035,0.5316155262907329,0.4176172087441623,0.2688858558478259,0.049407191969117484,0.05976320630057344,0.12413024218873817,0.16325862915027264,0.25844368127559975,0.3719400844723815,0.0945032109666421
U_4666,0.2261832697264493,0.21543460395971947,0.2598142198032046,0.03860834444914353,0.2824910732372471,0.6218806935770652,0.08656061545203123,0.1239454920856396,0.5147600408783412,0.05255760943201455,0.06607937446420445,0.7036017702489247,0.14864275085337156,0.14365311244827406,0.11641242617148923,0.012421901572554236,0.25009039600963223
U_4667,0.24037893942038704,0.19058869081155733,0.23443827516790292,0.034591232245068416,0.04383724645697253,0.1841927588364581,0.2428925454092,0.5706752109662805,0.37328950139357286,0.061844660365621945,0.0525058979079534,0.050201511768535316,0.10988006730257785,0.1623784302441735,0.804643781460439,0.011096224872698422,0.1216586783020992
U_4668,0.055590437821618266,0.06783146290452367,0.08653466979568233,0.14117442707399694,0.15826106730498155,0.07710984362266038,0.11790427428625419,0.1585528442653773,0.06665803093863676,0.3519713150558233,0.09304582487404446,0.8870696527867729,0.08892283880053047,0.12359071942358385,0.0776459119648441,0.32388471227195703,0.15793938645206096
U_4669,0.4423919672383462,0.31338934249347816,0.3055347419782678,0.053233121689364234,0.04239357463319349,0.7578418143406862,0.07434142626906472,0.10186646870107964,0.051477564239012515,0.0618064271110315,0.05891906763106114,0.07336307638789902,0.195391922585863,0.1983516008912132,0.28943088151293517,0.06455399267686036,0.16530896641117185
U_4670,0.4361134911229291,0.3815110161173278,0.3003692039916438,0.03748893546934383,0.047390467373100924,0.18503336008185306,0.08174009618323268,0.10677725954536295,0.06359956736477013,0.07485159591968943,0.04012238520323538,0.07419217040498013,0.1399308504575426,0.1893253094832662,0.3073118571593732,0.5204808577456694,0.1454839905555147
U_4671,0.3272656878358538,0.26070673058552646,0.29364503358737637,0.037477478043914395,0.03515416184543757,0.26043122548754616,0.08024930650638637,0.10396925396675577,0.0733528341255426,0.06344752495843954,0.05239345186703651,0.06977430339021519,0.1419787211856849,0.19277771709473385,0.2902972120360972,0.050936182550407536,0.7983907389241183
U_4672,0.23009875921670242,0.7531716634901309,0.26869383267201175,0.0363622339364891,0.046187588564472165,0.20184603570971663,0.0805370268305928,0.10994312966232228,0.5420326338240415,0.3180688195648012,0.08445135664983883,0.06154477715654122,0.11772974732164136,0.15090752381412048,0.14283224177684295,0.01898691005828258,0.3830438261325546
U_4673,0.22310797935956894,0.16622461603952918,0.22514403176867692,0.06833934193247065,0.052160988722582846,0.889927420620583,0.138675378794854,0.1191718901652345,0.49025333376135727,0.06133208321391888,0.04847666403467843,0.05205909189261016,0.13444560432727498,0.1497692710455376,0.12279208004737385,0.037826763864647055,0.69466163328482
U_4674,0.33830382940740644,0.3617910621048427,0.34517805123351886,0.04508808631047042,0.041525961732843994,0.22138325264723613,0.09456136094687295,0.1410327629820277,0.13592831683876647,0.07170018089711264,0.06499235303225684,0.07553781622804306,0.15551630500999114,0.21014848915302953,0.293284786572403,0.7982262317320997,0.2011597312947709
U_4675,0.20215871427599186,0.9009295581909295,0.41956350512479457,0.016583186941436276,0.1425547610740671,0.40711939823281196,0.03179626827065059,0.07811827178034766,0.10349355568331647,0.042289337068489766,0.023286430465398675,0.04623112544432171,0.1300718048906866,0.14056689045349757,0.26446853122121433,0.2513842119720278,0.10489638956206969
U_4676,0.2648218737568981,0.18306957573431085,0.30998194920767025,0.02123112572740596,0.021580200936110242,0.09289393645993746,0.148776020977234,0.08101948887694801,0.21407233216127214,0.04344308424343972,0.04140448154343486,0.20848823403660563,0.1017396899985453,0.5068822477443862,0.9018123815840104,0.01680805594625335,0.104294092663438
U_4677,0.03573728633573941,0.06111612211848502,0.9115677607203388,0.06671083344837893,0.12672011269067585,0.11494909211056566,0.11220240174766374,0.14654964547911167,0.08300019130777198,0.14767308323858147,0.16644977749850998,0.2909739039204097,0.12587907190573183,0.13969194648506655,0.07912788284351191,0.25954211274303346,0.1410224685202311
U_4678,0.3571505881242449,0.27488114666928104,0.29378039526765326,0.05212923113777789,0.4916922983807414,0.22224816376372375,0.48598165484251,0.1021778147903275,0.048706981685867845,0.5944836535939206,0.047689435563337296,0.07885248446493949,0.16358565975021247,0.1822745088545649,0.27616959706204086,0.03949159011383617,0.14479907283197965
U_4679,0.31170426927292066,0.2708471554456715,0.7137923585840605,0.049496792399303956,0.47061423534449076,0.15698807376181434,0.6461629928876229,0.0967368462753706,0.05602512983818898,0.056553607631192854,0.05835353045832148,0.05305623588966176,0.1361949745341394,0.15351199037904126,0.2774495328948581,0.039682157922877215,0.13764780512610902
U_4680,0.3713657687747261,0.29720424292128245,0.3377319876098166,0.04953863937101544,0.04454756395311858,0.28802149519282483,0.6565202123161598,0.10678012412437372,0.060970123801167245,0.0710419371059586,0.06994393452490794,0.08850717076546186,0.17218585219020752,0.19300426267919288,0.33129383604819695,0.06391905216643202,0.17481948124559699
U_4681,0.09424203606261178,0.08289457484011623,0.5243329144641282,0.06637411394141425,0.08290387263850664,0.19199922635521796,0.21998730145594203,0.6182643669779693,0.3512704554415037,0.31228678138823,0.07708084137142249,0.2973753956490614,0.1718292336265993,0.18189188751834687,0.07658367245617585,0.03493569259989272,0.13223946787994226
U_4682,0.24829622971359838,0.1918407439581842,0.29633426679025543,0.06602052893683141,0.41841245484844275,0.209730550259868,0.17465528489530127,0.1226470189228093,0.18555660849039174,0.046451980090443226,0.04403400645991818,0.08304448415732289,0.14232763544547947,0.18011966796353054,0.13680518653570375,0.3533032488652615,0.5312409645734638
U_4683,0.2923082444304779,0.6305268860443014,0.2983946987218109,0.02828419960546648,0.0356107762533991,0.14990156847557082,0.06742399438904732,0.10088387383375902,0.6544086594778996,0.06797535014007279,0.058127343345291446,0.5452129093897555,0.16232399517185747,0.17484100414788395,0.3000448942538177,0.04128468488596794,0.10067475552489742
U_4684,0.22847993455177834,0.19231880080442265,0.25517031720119676,0.07913509639687012,0.10427431495366091,0.2880248020236377,0.15365221863748743,0.7679412348158475,0.0904767220915779,0.07715027783637168,0.06457877051293351,0.0801683801786956,0.16353296383675586,0.18254535261451224,0.09996825176721982,0.03649668245451716,0.18301162519449488
U_4685,0.2840187197472594,0.2137209859769875,0.227077567135417,0.03912667009401222,0.2635113775079959,0.5610608863115047,0.05387696034322416,0.10870411240709478,0.03562382131743884,0.21601049417387122,0.057644462405372424,0.04805474069282259,0.11429178719126071,0.5754024439926495,0.8239517033707896,0.01339344614959457,0.11556378241179942
U_4686,0.22468367877533152,0.395768625073106,0.4124950952998896,0.035347717185112315,0.030532961572858654,0.150132831298368,0.37490795822157685,0.09774726849675114,0.16224866475955144,0.07462375565274731,0.061423012266933294,0.6010450251119615,0.1527630718591503,0.18322062460161379,0.30162149496227436,0.26240689330954275,0.12185871612804514
U_4687,0.34819805936487713,0.2719486472227731,0.283217056501322,0.0489102870860296,0.032686843056643114,0.6903823732025544,0.2432285074701616,0.11091971039229909,0.04076459015408332,0.06557049914620515,0.05798646159376428,0.08142468612976955,0.16657307248870243,0.17083593144688922,0.29857750937101174,0.03686081917720291,0.1308311192891449
U_4688,0.3126758535611672,0.24148247596461975,0.8591494826643161,0.04724908963352887,0.19153305542051402,0.16473144657817984,0.21152522066827908,0.085312584775882,0.05781820676811554,0.3021595641079958,0.041207890392799804,0.05915118734572741,0.11376057072770193,0.15897940113249853,0.2228145500880779,0.030621136431002026,0.10982271345265567
U_4689,0.016994826209261873,0.2928852842313091,0.16908873825710546,0.08013925892031216,0.4135657468420122,0.8622193284993254,0.10527210396792086,0.11766251150001347,0.41940733003039754,0.09898681148785383,0.108174288881467,0.3717354784132909,0.10537766926225224,0.10494892443522758,0.055802439707560325,0.41900549119462666,0.10096246020337449
U_4690,0.08519331845651351,0.3413818678547494,0.2203444730498395,0.1590252088027051,0.19799510615274085,0.36759319946153013,0.2795232105543946,0.2134850541152583,0.35771589759919914,0.10972865475084345,0.1172804792682822,0.1329023660087556,0.3359104740103346,0.2856273788860031,0.15597715549279367,0.0503161687714458,0.3130812474809847
U_4691,0.10345340418151508,0.18467621360224726,0.2185491583765657,0.09369003989763011,0.08634353759045454,0.2878446847454976,0.21348857626597148,0.12551807423067163,0.23029457743328052,0.46060925884651255,0.07177303008663818,0.06814748245977288,0.17612887919706302,0.20628297679804164,0.07190698910383579,0.5758318830320297,0.15402294172331568
U_4692,0.230553616858568,0.06221353160439416,0.33865004662803094,0.07391394724172196,0.12541854853160977,0.09906951514991197,0.3656470334381464,0.09177659860239407,0.10102437854386079,0.1311033844107031,0.13067622393765035,0.8141341529474443,0.09213998590145539,0.09526581154806585,0.030361805093303093,0.19828278794217843,0.11288413126109847
U_4693,0.5836218547309663,0.5365268975953692,0.4804093321110062,0.03299611826238984,0.054623566201278444,0.27006502732506205,0.07399352788449635,0.1464156238806325,0.05449377935557457,0.0730231613837857,0.05793578096941367,0.07496326975126513,0.225315270168128,0.2762389039569302,0.509042425678407,0.06163768150377326,0.1986054439089917
U_4694,0.28089889817537234,0.2287459431367265,0.28073157031442236,0.03328417910688336,0.035747832331837794,0.22082460184330122,0.0793513739366746,0.10576669281865453,0.46495522459946814,0.06674806261444226,0.04228706253397277,0.04357943774320691,0.13266544449204182,0.14872358373834021,0.26747191912644497,0.024608253653534515,0.691004193343989
U_4695,0.037369761293240114,0.0838830587795086,0.775632174645552,0.10951512797441956,0.13679732526461055,0.11789589312078824,0.13490498817538646,0.13079605926837934,0.06859183992796154,0.12563901258592752,0.1439594831421164,0.1908013327205409,0.11004105361508448,0.13905213345122372,0.07559934197175171,0.8977036453744853,0.14431355605745033
U_4696,0.14437573212593574,0.2936946296536909,0.19641505797367986,0.082513412801714,0.09237905562431567,0.9512723584684654,0.1333995016737506,0.13243428194126627,0.22084092029939417,0.06999698034360752,0.08347825071742364,0.0713983632186067,0.22903837559118456,0.19723097390356398,0.11525274727263743,0.0378327792336693,0.17290844509501702
U_4697,0.023556919638798475,0.027804316233122087,0.27862764040792937,0.0837402203530318,0.14526914178129988,0.6980216819914065,0.1492265262239561,0.10737663020579313,0.27675618321389134,0.18503307382441025,0.22267318440084882,0.7867354959550036,0.06350451015454839,0.1023889450462142,0.03363652623436013,0.30164753004285455,0.10542577074894037
U_4698,0.057992050204443174,0.055010105294690664,0.3924003065106124,0.12440780802344503,0.13545438537167878,0.06271939885182763,0.1298589145683307,0.1427630078833797,0.28377210239340417,0.5059390497849012,0.09217621943919704,0.5601193385616619,0.06372239098976554,0.10445879878218205,0.0913713802448739,0.4540628050982398,0.1388302225762638
U_4699,0.20214860291889641,0.2341325812729647,0.7689538483464056,0.040253826359247076,0.3035066953685951,0.3100547436594914,0.0836030446934641,0.12026669004925072,0.04145773502558494,0.04627873074106456,0.043393002297635805,0.048359207594288044,0.12812586143497912,0.1601100498871209,0.2228506217237037,0.2613347097301078,0.7036078665418743
U_4700,0.3191313732689462,0.3006560631601232,0.2746768585588347,0.05830745491423636,0.03737554894064787,0.20989006315873274,0.07494515824240491,0.1289586015067294,0.05429636911331602,0.06755309365114233,0.07287263544364328,0.8534168465135938,0.13397634723046428,0.18243596443716134,0.4034801268959575,0.030712500954131028,0.146510052189946
U_4701,0.0553007057437888,0.27489809007350047,0.20615617184074292,0.0844902950950059,0.1385383472205831,0.2350915180574728,0.1762848617249018,0.15684170900700617,0.33653297551273853,0.07563690288434116,0.08198060844368843,0.107079141798025,0.18048140573105842,0.19910079806259412,0.07014028284648997,0.39635520488578474,0.1665758644793707
U_4702,0.1879715268517121,0.7698162005531366,0.6612064463521872,0.039006413156383285,0.05303200529007249,0.2142028311926444,0.10759346636827263,0.10023316916187265,0.2349187950797127,0.04732273903597163,0.050476591626785416,0.05845709114052289,0.13521167163763098,0.14003880268852412,0.21860430220463437,0.03846205706480918,0.623176660845837
U_4703,0.06944822578884854,0.13273087016364468,0.10874441785785695,0.1405408760377513,0.16499363489132615,0.14838602990981498,0.6319262480002128,0.1622089218995897,0.07915442777927495,0.09270543525625533,0.09890686575351293,0.0727035911170248,0.10121534797375106,0.13334486799627857,0.10492617062453868,0.3579864513946012,0.719128119388379
U_4704,0.2880216373356871,0.7124665826442788,0.2535447588515817,0.042715707830419544,0.03013651509469946,0.22944384035030135,0.06820468036251953,0.10265376878567642,0.5397256382682134,0.07209372913953901,0.05431468536935683,0.0804113124923395,0.12189394090668282,0.14814702774641159,0.21223418298047414,0.0322044483498969,0.5831513372945745
U_4705,0.4826732424333309,0.44315540989015584,0.5061017700085337,0.02237590390381943,0.07165452154642656,0.43463413510750903,0.07617227183235896,0.21870017833551597,0.08354306307366995,0.1152253175346316,0.08043711642393926,0.0807283044898195,0.2197294682462873,0.3054190244552759,0.3488067977358438,0.04540796883792353,0.223274340896193
U_4706,0.31107800106574635,0.2617609828163409,0.2792416974621604,0.042347350761827766,0.033491845314187564,0.11731904617857405,0.04821085086720868,0.09819103652067801,0.07366366605015694,0.043815438227547326,0.05128224683006327,0.06170560134958167,0.1525946062003123,0.7474930393384115,0.5656377426724339,0.031577485262536766,0.18372163733797048
U_4707,0.4247455114539307,0.384299469719935,0.5069132371587692,0.06455225923875162,0.0795882525786617,0.3646510445375768,0.13627140634139906,0.1720220225242052,0.09074014853647404,0.0920425307564494,0.10124015705723734,0.08894714755233954,0.2073911313385431,0.23081046780562392,0.2672175355354115,0.0443502284919888,0.2593599742963035
U_4708,0.02631998269492094,0.024185878798037456,0.5023723728349188,0.06906112476242486,0.1277993448934788,0.848802988592897,0.09988870963396983,0.5581637045778567,0.06094745702286623,0.10925354096470011,0.11249754970806615,0.16852506668251133,0.09078584388339249,0.10998869951888572,0.03807855778349353,0.30449447072271185,0.13936022060972247
U_4709,0.10182812267946295,0.6311596718696818,0.20055434758033927,0.08104852042958287,0.1057368436783852,0.6489103630564707,0.16367057521223172,0.15260656894757188,0.2182595970531765,0.07536311884395308,0.08583947723091036,0.4646057960214159,0.17622372333741826,0.17208251169716626,0.0764291182455849,0.036143315126908805,0.15971618410962463
U_4710,0.29854170432972416,0.26633661972498235,0.2647851064730887,0.04288697577834187,0.0345543335175829,0.9513375866290252,0.06323404478788483,0.1106410016853504,0.0382876520520442,0.07956646490526931,0.04803519497434306,0.07470007066458775,0.1529243491401974,0.17797345693837732,0.2791871242705606,0.04126356347318648,0.1683528312292324
U_4711,0.3616863314556687,0.30807587138715203,0.29478432064358145,0.05371130735231257,0.05500400019657395,0.8330565494294274,0.08226759104168209,0.09952388249514492,0.05294036298120766,0.07057162139874858,0.08765093089571535,0.05195498195941742,0.18440209377824177,0.19441911149746272,0.342059967668775,0.052551103933404605,0.11368742830400683
U_4712,0.35705251740401545,0.8880476359902432,0.2731039717642408,0.04929200100592142,0.054869332876941096,0.15115253246904756,0.05555259646986522,0.10163904519901377,0.062146557877028705,0.08528584574807181,0.09137095440546975,0.07942051778247529,0.1919928394490122,0.18093978886147002,0.31421717127891907,0.06039606957011505,0.14169849490983394
U_4713,0.13586618280068044,0.1894882482624996,0.6044659313558796,0.05568792271670854,0.3877847323627625,0.4503224076910511,0.4338824853748502,0.2474148367161117,0.47586874018501946,0.3191693978200091,0.08043902107084529,0.08615081227537429,0.12444022035982075,0.13218549182045858,0.07029558267590469,0.007920926098273263,0.15513166296476616
U_4714,0.3576537709720651,0.31817625979720987,0.3202375932895878,0.05852811711476827,0.03893802077454805,0.1517238227650061,0.0751253203838722,0.11948690194493283,0.6978322617059121,0.07299888750893382,0.07167763720377512,0.06370827544482191,0.143600162311796,0.31671685886717516,0.2959165089584524,0.04293119661003535,0.15223553887863195
U_4715,0.24459984564845394,0.38065651153076485,0.27328448773500297,0.037040343534346834,0.3130832626791758,0.1501730928399275,0.4986364785866795,0.2645605132001085,0.34030047322870355,0.2311687498931197,0.07516622263077116,0.493558922376095,0.15395785129817,0.1663396783609721,0.09886918075192692,0.028781710105075242,0.16696966182827527
U_4716,0.35944961577863876,0.32781591349619604,0.32075727277788696,0.06321910535038214,0.06532128482344039,0.17585078348561017,0.08576117622222203,0.09940695058415108,0.7461892865810849,0.09524201599524844,0.0857645600008125,0.06941449794336785,0.202569048936828,0.21978457435961082,0.3641018884255149,0.04135534515600152,0.1411752033299391
U_4717,0.05975416643939167,0.2355807903494503,0.1338498573643656,0.06088252761768273,0.387189879971516,0.12718044428828348,0.3110745189293307,0.1094620747843039,0.7530177100572332,0.42416656330991664,0.07233822551773182,0.08371396020104041,0.14249169916149804,0.16091761536801816,0.07306852346460452,0.03396674778204867,0.14112737511627543
U_4718,0.013036366347585145,0.3232514748156964,0.14910144390661845,0.04438894233334646,0.07001136060308222,0.34040816986688505,0.4172913830801768,0.09187172949334707,0.7429632273400918,0.22150230893566247,0.05847437645968506,0.459103324729699,0.14201179030684466,0.11926792601526331,0.01309868924607727,0.14032588815231356,0.08748630067179958
U_4719,0.03045780722235273,0.045569219905659715,0.09408934883444613,0.10923151369777258,0.16073363564096466,0.15953011980659307,0.14834911088752262,0.16557739430074236,0.5024340390137376,0.16054640628860628,0.1705645152485894,0.9004391109000337,0.10274965028524453,0.14660642315179168,0.06446567179208444,0.3515499047180025,0.16419959068126502
U_4720,0.09140114680433571,0.11064148127657317,0.7167625143332866,0.12604057338475527,0.13671452878185564,0.1087094931464831,0.6582339088056094,0.18523719791197468,0.06312602815864472,0.06072047529909037,0.07464050705891802,0.06456019232791865,0.11230377557285437,0.14923801289889072,0.14440230979557184,0.39225203824272104,0.21348127407526946
U_4721,0.5162558183544455,0.5472994533769484,0.5044640233948078,0.031692631567987045,0.053510788623852334,0.4370545533995425,0.08177805728166275,0.14637676171942982,0.05594932950197125,0.08592047708200598,0.05171443004383147,0.0828233001821041,0.2242135092179565,0.27046523058624783,0.4714850141860709,0.05872871803015593,0.20160793149651612
U_4722,0.030575102557193708,0.06284631658048762,0.7793005217585952,0.09721797094023402,0.14758361364568295,0.1641438490761534,0.14109059543845837,0.12726053484287747,0.09732317731374618,0.19587022917364094,0.19554929549673694,0.16812833599237165,0.11058967213745283,0.13762832469942002,0.06323658675372941,0.8789502945049009,0.1338294251079352
U_4723,0.2675443406441388,0.2518268574045889,0.25515863705158925,0.048050564286997235,0.035669681297212964,0.15877362680106127,0.03898804612130641,0.10233130246542677,0.0318165572983706,0.05232490041010026,0.06169353192045482,0.059446973945490256,0.1283560056221471,0.8130744412603522,0.5749779163432969,0.3504865154677311,0.1584011708136096
U_4724,0.19211801158372555,0.2511585350040895,0.2011809196556654,0.04818367942863267,0.4130156445833098,0.4646302963889305,0.10173925303392081,0.5708815742940029,0.1586764413895722,0.07247034749185514,0.06748936511482498,0.48187897091496196,0.13486551784552536,0.15197084912327752,0.10686944434220264,0.014581624564775037,0.5613350146543353
U_4725,0.08042703598376286,0.12996504772384418,0.25334582644383,0.10181372101666399,0.14992186967760135,0.16493840425206527,0.15143942182591263,0.16547376895778138,0.2371623708181712,0.08679438063682848,0.09796692042396354,0.8846981453562252,0.19043753011111308,0.2067230334763163,0.09843927773795828,0.03725390839462839,0.14941088037318315
U_4726,0.2125304555441359,0.40571570026435816,0.295889860802685,0.09456542216581358,0.1392606469786979,0.37719721649413307,0.1628240152997171,0.1789398482717661,0.16775444989534727,0.09721497952036685,0.11382044406841683,0.08511728239086833,0.3342822417355155,0.3605502393970859,0.16908119588137643,0.04201135477099076,0.21925864531363148
U_4727,0.2708215345151014,0.8886964749085239,0.2457555853832274,0.06905612779744172,0.06553652989984286,0.24067417757264709,0.12453340230061799,0.1197211660361169,0.04750519877164787,0.06745013762953932,0.0665372721463791,0.06399987072623417,0.17434155349765093,0.18580547228526578,0.23015968247383983,0.04085005987764059,0.7161227214512893
U_4728,0.04121585253779604,0.06817366135737768,0.12721936484014132,0.07768799678755255,0.20983011224302472,0.1748083525481104,0.1275387230916275,0.15646734865575843,0.7825002442238465,0.234793258178928,0.2461934733047535,0.23611137862356918,0.1579425970607894,0.18870817228466713,0.060878179040496125,0.3617751159550695,0.21000057426094232
U_4729,0.2300329693327627,0.7709222997436315,0.24895559989567945,0.053908698608132924,0.19267549311784454,0.466463864275609,0.19313903554406459,0.2896428143761509,0.314726403691102,0.17428866670464943,0.07255917724080223,0.05489735770907182,0.1425941704335872,0.13419445481844228,0.10026553713085476,0.005244379880648079,0.1320486161630361
U_4730,0.21967150264617438,0.1827886279063598,0.4961984590473003,0.027690166350789268,0.03550661982672409,0.18839842535333268,0.05177221648721469,0.10431462172083525,0.4446925017142862,0.18795910889515452,0.05644248934220454,0.05373049473409494,0.11335884215764462,0.5730313650596421,0.7713711648404467,0.006860152784516087,0.08385769735322295
U_4731,0.028675734594303788,0.09195715997372014,0.6857822347105047,0.10330417788309602,0.16767370575020143,0.1658187811439477,0.13595610544467968,0.12450719080569628,0.13372909631374635,0.15267293393413908,0.1635174924959114,0.1469955265652891,0.10241136991027716,0.1708008688480904,0.07447214335368015,0.8929511806433912,0.19903715865171076
U_4732,0.3032807320980696,0.25413931159359177,0.26321688157240497,0.04272234060349989,0.026235678826850788,0.11618006172385856,0.039272722568879224,0.08779117781068706,0.15615348699795367,0.04396362578846724,0.06094566127822054,0.518620432812509,0.16044105607967993,0.6386380196432307,0.48742154034337226,0.029457589303315185,0.1570470444752872
U_4733,0.01791435102078473,0.07836042401515428,0.13270098093087423,0.044487312898969664,0.058066220463887847,0.751889862970022,0.1903533124979969,0.10032772752521052,0.5280454934243513,0.04650715974378,0.06651898572713642,0.5641997171461106,0.15492822086095012,0.1244729420884137,0.03750497014014981,0.15172032831204674,0.10788800010992364
U_4734,0.038460635568096514,0.436843012607918,0.8546131101216158,0.08143775807207909,0.15138478391974836,0.12313032233880702,0.12824183848857815,0.15133273874948736,0.08189915555037813,0.18470801197000541,0.17859411658523225,0.2034248492223045,0.13508390480750876,0.15395975280969976,0.0662236751352718,0.3604250256521601,0.1620655734186413
U_4735,0.10377197069913519,0.6770781852904855,0.17272099817252118,0.05057170475058035,0.06053266664052784,0.21413171594359895,0.15093893965108013,0.3483172413041517,0.3133198068698892,0.07942235661743915,0.06498870930697548,0.0591752471542641,0.14990789144081806,0.1791424736861782,0.07369654398567432,0.40879919466897036,0.12296436096607008
U_4736,0.3690347059750064,0.3201061832292291,0.3303697437149723,0.05034913621525649,0.038654190803626906,0.1531337561196586,0.07821444027796176,0.11105933726144893,0.055601291576666705,0.07157008869812302,0.06728154411067407,0.7521551278707331,0.1669967223811187,0.20274415921619285,0.3144706808048219,0.06563796296937305,0.164084432611987
U_4737,0.029734097251424764,0.13303127528864747,0.532469624885041,0.07014192523072219,0.10906492790746533,0.7600159677395215,0.4675346354833874,0.2682938278915153,0.5388283001449206,0.06906435587938314,0.06356418186337076,0.5249309015188084,0.14288127551196186,0.14089065255713687,0.05805899616287834,0.0,0.10929298940145729
U_4738,0.22559248651509245,0.24388551668346004,0.2572565234293666,0.042842141610649274,0.04717379936566494,0.6817402186455941,0.07902229918809975,0.10387531741034522,0.7052982265526134,0.054902373867595604,0.061907935180404605,0.06790546725450289,0.12893131286061246,0.1499493648297039,0.12075501019589957,0.028254200213209138,0.4932339041052789
U_4739,0.053934486503709196,0.3454603018622838,0.07126770856792289,0.11752387473435078,0.3142020243583381,0.5655253932500661,0.09480075625159842,0.14087530466666762,0.032055345630745954,0.06809067014853765,0.08101090627695205,0.05565348956845405,0.08370958532496814,0.1272327180310665,0.09304822293197383,0.6793912895619465,0.3776794265998842
U_4740,0.331667685337334,0.6122159319908608,0.26395954250555265,0.03786475628610131,0.10737270954018238,0.10642796543136121,0.03927293859696337,0.08466593637137915,0.0306250099873212,0.04758576033715746,0.047518675577961814,0.03437090746894124,0.13101549573871835,0.7068401727001621,0.5704888916897161,0.03684608206822593,0.15780297991656103
U_4741,0.2227396339876716,0.19518687108516683,0.659178257604095,0.031605197170590536,0.13512206181117653,0.8174830738989459,0.5547991017016572,0.0923432886950087,0.2599140068659182,0.18721003234030484,0.060969333161957684,0.06887687373443155,0.13831519323338065,0.14272106639711932,0.13288316035859976,0.006526249904618087,0.12874765824295825
U_4742,0.22342023974570369,0.20456763748912196,0.39857436799073875,0.024221006632213507,0.02300889993646589,0.7101830394448791,0.06760152502201608,0.37236121081111234,0.6057492030475159,0.17475495214177003,0.02520197513989985,0.05635419192720281,0.12113048123590262,0.1366328209683119,0.2134783594495596,0.09033423419293264,0.1050513931826337
U_4743,0.37593002361208383,0.3164317721503841,0.302625520548973,0.04815722238761416,0.05585481914309844,0.8959873257443234,0.07980714108083042,0.09726045347756954,0.044499597831607327,0.05679371894248118,0.05052529666807259,0.07078301951654514,0.17290361327170822,0.19550336959590245,0.3129464507225861,0.03509517240948347,0.1695250205486229
U_4744,0.24301734909182593,0.465223653759934,0.24591684830717775,0.051349260594372156,0.05033338063367176,0.2616453503515193,0.12173266409668901,0.12628248104399148,0.3616101543656251,0.057285210593076175,0.03450077197835347,0.050264692509976325,0.1476310081627315,0.15382524259345123,0.1743539343045401,0.5736481182967982,0.16548057670349653
U_4745,0.3072342334561141,0.2815272900594812,0.2815215458517346,0.05281575669564497,0.05328683365991437,0.23623480250975687,0.07525235029788155,0.1191635706313352,0.045679895121765415,0.4699324338754463,0.04872880658344592,0.573381043334111,0.13434800481328762,0.7330825378419175,0.3168933004738102,0.025799155893684436,0.12464102206610975
U_4746,0.033436384197515004,0.44846822486317,0.09739909707823094,0.08082489338648402,0.13439564620779318,0.08337629762139935,0.10711251638539922,0.11777230113199028,0.6522705848212783,0.4490098759072426,0.19981146891526025,0.1706253243667431,0.09858537271737129,0.12641793482832003,0.04379952593993793,0.6019920770287648,0.13997181720198257
U_4747,0.2434225893320523,0.5900927776599947,0.21600007493877202,0.03177859981808703,0.38921799504082394,0.10155326796989267,0.08599724305737334,0.07088427619452804,0.016221930717575807,0.0777439985346939,0.03343288224591058,0.04927258951382391,0.10605735451522055,0.8390360627962375,0.6016140192306738,0.025896241443394453,0.12897168677768042
U_4748,0.36064123492507677,0.30640386822290594,0.29994364727198825,0.04941013519258882,0.04031714492635198,0.14800506554758347,0.07465033392332629,0.10644586682059091,0.05911957633276761,0.07766031710932415,0.07347773771116645,0.880436112632538,0.19563702135455924,0.18896861681687416,0.3202579634579375,0.0658793616168971,0.13942548955633155
U_4749,0.28374735604497825,0.32482757120972827,0.3290796631619302,0.05202705605889437,0.08413416303255844,0.25800186135826897,0.30585080804943593,0.5144212124595757,0.15196360407442447,0.12207301182086444,0.10723514773282306,0.08155536331055532,0.18467011210767972,0.18842394937585713,0.15561337163899683,0.029316223050196447,0.19660451638267973
U_4750,0.21696378790243429,0.5541638948350189,0.7343378412252102,0.024934136034783685,0.017535988502989253,0.19480967863576748,0.052229994796547205,0.07575659337920171,0.014362271392011992,0.04205452820134521,0.04924186003433563,0.21660242069916108,0.0917407720261616,0.8056592155595972,0.5619747299689435,0.11840637106126845,0.07830494046904263
U_4751,0.21227738552986583,0.23635514991088097,0.238599733636149,0.04464755866947252,0.043259305031445046,0.8194950400498572,0.5457304843157258,0.11705147524821077,0.05387641562200576,0.05651309682994414,0.05973859547167257,0.06962265304631512,0.15227057900335153,0.1566465644722243,0.1139726796899673,0.02211603289058384,0.539937478518788
U_4752,0.22914914610309423,0.22060547772980296,0.18226290133218453,0.04394042409446656,0.04806382674929129,0.7200973630372877,0.07736773483641117,0.13822525077841233,0.6629889612123355,0.0640933995953015,0.05848931922241529,0.07164423875442615,0.1463620076808068,0.1587545826691515,0.1342176698831286,0.04355053824239143,0.7203601422825855
U_4753,0.19273617144087551,0.7945702967706285,0.21551288180286443,0.03507385396382033,0.2903661775965295,0.6419473539897734,0.07910041653581615,0.27813927218752543,0.09027931274401019,0.06187140551677299,0.05765451895883836,0.3111635983948132,0.13777444358250487,0.16906378634872618,0.10453307412996528,0.019467422581052003,0.1294919854209035
U_4754,0.25671562103228274,0.21620105048586075,0.7849555394004285,0.05261902495827313,0.3563208780738355,0.6871285976559904,0.06955306533074343,0.09336468577376544,0.03222093222415592,0.2389863857350435,0.054916111979527005,0.07250412814799544,0.14312235698715628,0.16544746657506354,0.21278732850209559,0.027205361955668625,0.11184542849127066
U_4755,0.270419492340212,0.2658547767351617,0.287549234072685,0.061740210284584096,0.060119982283386525,0.29515399422986865,0.07487278302171396,0.15732087884818668,0.1509483814480066,0.09606663055224116,0.07384334999048033,0.8948145569217562,0.22780448194791422,0.22151536858446003,0.199304092412984,0.033007267766361856,0.18695440691061546
U_4756,0.030500422508619285,0.8334489345108551,0.18187336489483785,0.10711807285036254,0.16929165354948983,0.14085385758958913,0.10233212140505009,0.14656550825386683,0.11901767763589532,0.18495380681933543,0.18734338235523668,0.15987621560665374,0.1075300464768262,0.15022162021687865,0.06660205344878387,0.7087847954904923,0.17416461191216898
U_4757,0.13081372351540918,0.11811235101482573,0.1993015213299102,0.03659754488247887,0.06957701162218936,0.21209340583320152,0.7367573533639453,0.11606193915274923,0.3218953119688686,0.05598542606580385,0.06531425522988266,0.3610474055157989,0.14091024426103915,0.14571797515537466,0.03744814246399332,0.19681277479727502,0.3140860075358908
U_4758,0.3397111344753982,0.300012483386809,0.29638643993196623,0.04355439685756885,0.05117709815650666,0.2822472436826717,0.09290386178765883,0.5871761635461578,0.05357567767993122,0.6015590778929151,0.05870969193364117,0.07314948318691335,0.15226020243458485,0.17998236888059643,0.31358886986306433,0.03679226287237805,0.1194655904207097
U_4759,0.2598461359348687,0.28312426123880513,0.24538535499779157,0.04219392766016726,0.044620318407320225,0.16591440798768878,0.08922427621082968,0.12272098378984142,0.1450759274762823,0.40325990508981047,0.0510687838108835,0.3597074896618632,0.1368263519831964,0.1524917491323662,0.1354973301622906,0.5264513556128008,0.601644180680025
U_4760,0.33097911493470406,0.2949486960905891,0.2718785476089787,0.044676196008103325,0.041926964112243656,0.2673796917893032,0.06841803033129704,0.11673345999107568,0.6578053877188358,0.06630705651566066,0.05068893496606841,0.07803073580681337,0.1564285100301699,0.17957919467467742,0.29426403901017617,0.0485521176943067,0.15486493039210966
U_4761,0.3559422232551723,0.3041660978507993,0.2877004443863975,0.04663575917391981,0.051113949119358515,0.1458512415293027,0.08822900955685144,0.10315652251505704,0.0566195053219692,0.06022805723204944,0.06567764759753783,0.8477916902498149,0.16811956917897086,0.2130260769376957,0.32955744901036343,0.041871964956443804,0.14849857648129525
U_4762,0.09134297249611004,0.8181980519308116,0.17917698884498623,0.06118225274292398,0.08288387854324206,0.5736417945113759,0.11376029584351649,0.12264256767485715,0.6146951080675528,0.08493475073348206,0.09353563703172936,0.09190657578519648,0.12137910030828339,0.15349238276027768,0.05065930117663642,0.019659904753365397,0.30020914702676293
U_4763,0.25534155419271193,0.23881136261014824,0.18525757291238143,0.03683331737531863,0.02927858889139765,0.8230976951459299,0.06670045655351396,0.11779008757149015,0.623363653694237,0.06105880444962736,0.05021193981117554,0.07949642216785091,0.12393036275053487,0.15253457509674875,0.21992145733797439,0.04801507699358247,0.5929503242418945
U_4764,0.04410230616353904,0.05012158783086366,0.11466125318545309,0.10461730529687022,0.16620666068553056,0.7127016715580382,0.1499124099098989,0.14623453407611725,0.10346939794788647,0.20995723611613606,0.18902139733122697,0.20429744279384826,0.1356483109971481,0.1882037949486774,0.05588130212835284,0.4005596331075933,0.16296385315475231
U_4765,0.2936627592714105,0.642856723662322,0.2547842012563139,0.04303340919431785,0.05248020707660518,0.5592768316459478,0.07418837383071311,0.2853674383374924,0.20430572751489054,0.09653249597278446,0.05127231001120949,0.0755428750711732,0.11993161235081198,0.17992417395775678,0.2353569634257967,0.031605300121905176,0.12933196243971326
U_4766,0.5963328392255247,0.3857005661999004,0.4470783965433238,0.08327032851330946,0.07075765083581759,0.22897405816780964,0.10168755813145407,0.12111364230232591,0.07421322570221107,0.09075306489919883,0.12407956252762786,0.08603316797555972,0.2853311926535762,0.2032282781799932,0.4463358740134989,0.047063555356247795,0.10610488367948691
U_4767,0.329904481542766,0.8282838422440837,0.2760132431266896,0.0472449155575529,0.06250327104604378,0.2448870499175898,0.0983991389726833,0.12380656484219771,0.1275641670645365,0.09064022718434252,0.07091419031360864,0.06723036933083057,0.19886561290713048,0.18982097701423764,0.2018912624761406,0.04307671132707192,0.18171723722938865
U_4768,0.06923885370348418,0.13965007649699646,0.7671779258532624,0.15029306171665568,0.1797362808958209,0.20294223310597134,0.1435821598410044,0.14853212063626914,0.09752544988617523,0.09296915820075174,0.09609759087329356,0.07079459066110903,0.14610619424841065,0.17809806340693174,0.10295072848251366,0.509950656479004,0.21532603747744808
U_4769,0.04108232319938775,0.3536927959778257,0.09145908808054337,0.10901557179801437,0.16593388438273407,0.091113339225847,0.11915881964273847,0.16094692022058563,0.6639139309603433,0.16399481277470396,0.1944057542581433,0.21721599939892766,0.10621044459334551,0.15346959327459314,0.04904528945040916,0.3471185940632767,0.1883471719965734
U_4770,0.1723534692724226,0.182330664890222,0.7985387128712551,0.025663011023362353,0.3469953028155563,0.7568972691406187,0.05810859239985863,0.10162431968209445,0.2146011857893319,0.060282999081650246,0.04050675892568846,0.19883765205906567,0.1209124626096579,0.12612535116622506,0.12503894033522045,0.02894359216264942,0.618012605698066
U_4771,0.33591289495623716,0.9131337296373979,0.27564282665834267,0.0526772030016565,0.043836684825744585,0.14020467378600943,0.06716473722447083,0.10343869341887665,0.052513888262261325,0.06726777772809822,0.08187763827123642,0.0765424674515535,0.1455079499892443,0.2121286078879044,0.300572508472023,0.0400364454271343,0.1457698448886334
U_4772,0.2430122896892895,0.20585656151560736,0.8873397262864682,0.03929927297268205,0.05474541612968519,0.142847150373343,0.08855218468276004,0.7055800613070284,0.3169715837761451,0.08190628702492458,0.07020730272267302,0.08238256979829564,0.14646671036034,0.18021334126482363,0.19696629690630074,0.025790611898991116,0.11861125248033583
U_4773,0.288750346129468,0.30273569992845223,0.3084860612389756,0.052204968792750536,0.05789445873342121,0.31130752330288164,0.07796082189940702,0.12016350729047728,0.04944302402613983,0.7021806052812896,0.08645296536510284,0.08561522311314079,0.22087321891430994,0.20671616382562613,0.3485863176871525,0.03615926018127696,0.155164757867192
U_4774,0.3424300321663509,0.269739155854436,0.25140991757721476,0.03303118373194041,0.45299294583568916,0.17570375350656028,0.07381519985521803,0.11125035196197064,0.043014134185900506,0.0599060756597255,0.04900247286283527,0.07003034627283196,0.14788134430602834,0.17402698850610523,0.28517447802332535,0.5885630595466267,0.09557559611331846
U_4775,0.3010072705215985,0.26358104363917184,0.2698941769236134,0.04090651485797738,0.034271632307411544,0.17726819120458745,0.06544679772608608,0.5443474840395178,0.056767398348884016,0.0787837438461551,0.05294363223522307,0.04780002684234837,0.15961130348678823,0.18644826418284344,0.6902163323180849,0.5371715651259344,0.13071452217703866
U_4776,0.05781196414871842,0.05986891318050626,0.46030081743462814,0.09628720311673923,0.15133435801129802,0.3623768721305337,0.14275639964581022,0.7068813958302708,0.06841479828929475,0.176598897504665,0.16722511838405582,0.14205713100793796,0.08894159285003053,0.1295279010037035,0.03878769430284673,0.4031463245705954,0.1625585559868593
U_4777,0.25085564427923623,0.2206901193065502,0.5301060651159794,0.03194163272955111,0.026587609725777582,0.24003474736236927,0.06702938133809723,0.08529863043621157,0.5668184735639982,0.24805028832632814,0.0413476172419904,0.051184376634288514,0.11261186586162189,0.1417711173641739,0.25128535469751606,0.02692668632115828,0.648141820456776
U_4778,0.32356086044888976,0.2696630359252583,0.3355088634455857,0.03620432913767282,0.02505556714667667,0.20635448810390034,0.5249624360433488,0.3567493881990951,0.05804837693738486,0.07361427407619117,0.055127967729139596,0.08651107544497975,0.1490472759733902,0.18338354258199918,0.26669062680712163,0.33233100464591353,0.08110593426846033
U_4779,0.38680092111938186,0.25624549024689136,0.5440033402593244,0.05274018970541138,0.11456688381159476,0.4418151570055577,0.22346502833540638,0.20840815670799895,0.09833595919235892,0.12130201694737963,0.08922887359247059,0.10150043862686768,0.2327328502236634,0.3104391809601277,0.22974128631261564,0.04864372573901676,0.26087803744470295
U_4780,0.07998830040270813,0.1769461288774067,0.25124577636971046,0.09215784437098339,0.14160181528836716,0.2133828971817119,0.15031090252843343,0.7140142574981292,0.1713763420238345,0.17522931419010054,0.18822169382104065,0.8015418115431815,0.15520210599217937,0.18135148006718613,0.06463451010184623,0.10239776187080006,0.17558246265146743
U_4781,0.28101243353624084,0.24932657359761878,0.2613823454874121,0.04295510959651144,0.03523038020880966,0.1445701952940735,0.03758796954477305,0.09370831213588257,0.41159745344593957,0.04495524728138241,0.05158880421726379,0.03486663605066693,0.12376440105353856,0.79154184882867,0.5937841319660336,0.02752000561728076,0.15194535896652228
U_4782,0.32986322761280756,0.2402458507767552,0.6598358255206107,0.038100860503054994,0.028730356219836085,0.11285628031361102,0.2343452878301364,0.09643541115917702,0.03257320478278407,0.06972282403483872,0.05177197875807573,0.51526299327382,0.14470162847448875,0.6158927634266014,0.47171196276910654,0.03425475794332184,0.1074653777189234
U_4783,0.09351943421576372,0.1617445980735286,0.23470841705108514,0.07598160533586812,0.08920257493373135,0.6646659475207868,0.1804194345765157,0.12722936549745248,0.19293731171292888,0.5159169523080055,0.06301072163292229,0.5145807983070012,0.16194373934489076,0.15330360012818364,0.08713483368437222,0.021321073189183387,0.14048092282842228
U_4784,0.37420788560058327,0.3168741227582612,0.31402234990973454,0.04327561634922032,0.048306597073917844,0.1627562266008102,0.0725998547283953,0.09792847081502115,0.686071713001543,0.061888951142683404,0.057361087795677335,0.05616065867451503,0.14990486996140934,0.18098428536227185,0.3195404231556119,0.05075871830717166,0.1446910207522636
U_4785,0.5609826940947176,0.5996521402180474,0.4523547294002682,0.03054339516054322,0.0341505910534109,0.26954339763790136,0.08285101478142438,0.1457725605099777,0.06894269217107092,0.09206472065758982,0.07214573230511417,0.07224274034560549,0.21371048559306835,0.28451817869642293,0.4377255474031281,0.11039585237834795,0.200080375460072
U_4786,0.2095658072062565,0.22922908300129047,0.8967145625697271,0.03911204425841441,0.26976332336304915,0.20646188845461377,0.07293808919281371,0.32930185545108565,0.34543871278377636,0.08036707228062737,0.07726986349816806,0.4010051309761734,0.156644455498767,0.16070145273494776,0.10890328122227594,0.0196434745227331,0.15044678973988868
U_4787,0.0673575561641267,0.1677644565364277,0.710756095244935,0.10386220384890435,0.5376948033284418,0.1959166776038578,0.15799652065368872,0.6874385517709907,0.18487067132070945,0.07771772030533734,0.07856647518155754,0.8377311272414917,0.14629117883497475,0.164257658588982,0.07385310281949388,0.03666236189714478,0.1482938994421499
U_4788,0.26003189063102455,0.19716184400906508,0.2914861946846273,0.07284994426362137,0.07157761460191729,0.22843630918694785,0.17731291309581684,0.6546053663109026,0.0681448560747488,0.057954856278080766,0.056778382419344936,0.07148396400544638,0.1576442713955854,0.18606778157198473,0.1645543511697225,0.030963838964778306,0.7914094215707058
U_4789,0.09294630207449146,0.20625133255278544,0.24845385548929366,0.0940617236245931,0.12184568577613913,0.9019670402247394,0.15769958612527257,0.14638430345542291,0.21326361101054755,0.07688328042436703,0.08848578299569412,0.5074240350956016,0.2034828120961047,0.21225977172403263,0.09839203839631867,0.03534464719149724,0.15459850915440237
U_4790,0.2303594886607095,0.7849096669369414,0.22253978240229053,0.041885857659912124,0.040021269652777386,0.2604926115206227,0.0706669227250349,0.10487665714823226,0.5239497584533577,0.05566717329324357,0.06524393954718836,0.06963978499034414,0.14013225845457036,0.15390124703040947,0.15167723580802958,0.028194783685665414,0.5315303026251231
U_4791,0.38130354059440774,0.30072139764481,0.9624034923664148,0.04783398839445811,0.046526071367682074,0.16071894465716402,0.06467207942046663,0.09088625916853536,0.055091525218713605,0.056371436733432714,0.057015933704551366,0.05631602234594399,0.16749239206847852,0.18410509146880266,0.30469256368702374,0.0441638939539316,0.15006701612636358
U_4792,0.3349931257796382,0.3015407510439519,0.34193469293809026,0.0442111171588304,0.04565347942586773,0.8680397373803054,0.08869716562701671,0.1310762824810241,0.04016928589882641,0.07286428713342458,0.061580117647664495,0.06446546666824414,0.14428193136169987,0.1978690831853592,0.34480269103297495,0.04584382266902633,0.1843374587123282
U_4793,0.5526169978686439,0.15173998606888006,0.5664175644071656,0.0482811378843192,0.05253221174708324,0.16995698374924773,0.13913471656431267,0.11344725678313597,0.14321219476831443,0.05770037557719673,0.046707881155215375,0.49805596565889243,0.13904815776714938,0.1270152848079288,0.0842479337262735,0.4793624609585444,0.15512542123269366
U_4794,0.5105559429888044,0.42840945166395056,0.5609268368794366,0.03408046814774085,0.07853737187393148,0.40521095097422277,0.07948051005814066,0.15079395022080241,0.04988352417298683,0.08406662805562379,0.05468946306424041,0.07581735669837013,0.220814536675256,0.2763739086996602,0.48933826415630116,0.052041929355628194,0.20963028380064797
U_4795,0.06792152630782076,0.11905658263410429,0.09994534339850199,0.15943151271869543,0.15594940400066262,0.10581359311753419,0.11526473995222776,0.16906752844606748,0.6506849474233399,0.08962461530842256,0.10403477917765103,0.06593935904813486,0.1061436817707965,0.12809174494013104,0.09277320682534018,0.3849839265776163,0.6246390048060894
U_4796,0.36426771542456693,0.2822458179942431,0.2505513232504609,0.03254917092554578,0.036127730690869914,0.23389652623658144,0.07054905219899292,0.10090631656612484,0.69595976924071,0.04976852442821164,0.052967888362556746,0.06563484885017384,0.14214417589470832,0.18799049776510676,0.285115639736998,0.056207071165580685,0.6391859846885117
U_4797,0.2596637865211391,0.2423310539472109,0.24661425582200747,0.028814199325874867,0.04484685844828297,0.11043704120634061,0.22001457841628658,0.10454088964093286,0.04521533749957998,0.04593111273429134,0.05391946912008455,0.05697324640140641,0.12215649533894582,0.7075417012986047,0.585196438588459,0.04521719805382793,0.17505027345799037
U_4798,0.1787612056303106,0.2605913190768338,0.9010239951129777,0.0495085104462627,0.05944558712763959,0.24680781853808742,0.08773413547234242,0.1276525330603846,0.14545003496103298,0.05532931369617334,0.06137203820849621,0.06154458536999574,0.151826527557329,0.1412211853073374,0.07313605704004977,0.032186923800937864,0.5713782574519004
U_4799,0.1502059293952981,0.49012931904686113,0.4014165716000747,0.13575988958971855,0.17577269118067418,0.2827567404834048,0.2431496884700163,0.2523568179545743,0.36229720846534746,0.1336114415496323,0.10905619187765002,0.12765723405574986,0.29412508832945666,0.31152136979165784,0.150538589228022,0.05919075717194007,0.22456378951872566
U_4800,0.3008295574533877,0.2909270340513286,0.2755249005172691,0.061711676626306805,0.05944538053305337,0.2989562146683163,0.06817588389822433,0.14101359028061977,0.7920136122458744,0.09913570359479126,0.07540911473230123,0.0695577137224336,0.18133705649773874,0.21613751213712332,0.16942049602645276,0.03234842143762754,0.3095394031096007
U_4801,0.11379520834133626,0.18609905970986249,0.17472805646825723,0.10144736619642372,0.10333433498088773,0.1959564749441954,0.17584558881083637,0.15711135923250324,0.7039286948132569,0.06893672513888809,0.07824283154846907,0.8229700468463127,0.1883507081627191,0.17898889869636256,0.07955607932370619,0.03250100598244701,0.1539954707458722
U_4802,0.30076974960058994,0.7659191948115951,0.2594000615018549,0.03495630957815078,0.030761491610658942,0.09028133468667364,0.04160696175625617,0.08526190992262951,0.03055719207261212,0.03911974957600338,0.052208369819291625,0.03710397487013806,0.13820709880000734,0.7494955654660348,0.5217160555892801,0.030957048415609124,0.142902836210448
U_4803,0.15052549783721814,0.2751065288874869,0.8966450280391371,0.06842033644484787,0.085896525291099,0.22953692048349236,0.3968163238816499,0.14745359151497311,0.172092341594579,0.08923366852518966,0.09340506244435565,0.07984285802846902,0.15925377494900414,0.17994709980438134,0.07833859467828898,0.05685583714295109,0.17704563757765807
U_4804,0.06092910732908875,0.11183602616208585,0.11358810452590618,0.11269598816935616,0.13611941083432422,0.10327267596362587,0.311459862306515,0.16058588499816298,0.5530344988736752,0.07272547772921877,0.07137289692016359,0.5022630841402023,0.10744329571210101,0.1511770613190689,0.12993613044540375,0.3150156268812573,0.16256717589016242
U_4805,0.061431113202616267,0.06751357352357777,0.10412664656472995,0.12177481909926008,0.16547641119551762,0.49779376322324687,0.46052467095461036,0.1586586331336819,0.08086872103222205,0.08049928208322696,0.08461192479707631,0.08450384157435709,0.08803465522393959,0.1283377292051747,0.0964893886727121,0.5562381726304604,0.15674566918979355
U_4806,0.4967202420449458,0.47009937602047863,0.5917245575155134,0.0373561616263854,0.04833074219145364,0.3916055703432149,0.09497022223883336,0.1536848917042599,0.04905978345522248,0.08300769181639375,0.04889258626012466,0.07030252529685921,0.20170320660701557,0.27960152394281146,0.4652699198954888,0.05177604216314735,0.2340305616484545
U_4807,0.06121729447632002,0.14294991948337527,0.24555840124864492,0.06340415126480221,0.08019945211492996,0.665122751875157,0.15678742590920303,0.1321295981021216,0.5284286056469837,0.06876202049145155,0.06906005530106152,0.06733221007310808,0.14672775905882063,0.14055938957140027,0.05768978016302401,0.4830307318288944,0.13361616011750424
U_4808,0.5440218740678701,0.46928982033797545,0.542903562055871,0.032521227125067935,0.046828386515806134,0.4254195156502066,0.08208309974830207,0.15205528598003754,0.05441661509733024,0.08767837429878766,0.05325759952722678,0.07907563792283037,0.22264278310603858,0.2887002546488882,0.4906101584345953,0.05513003807825431,0.21541039907656356
U_4809,0.2659133130622822,0.2029005082882717,0.8201166853642957,0.03658419457936528,0.03086739243849561,0.18121917697197454,0.030610571380641168,0.08870811265697265,0.021354331367453672,0.061838624520454674,0.04943505131473745,0.031312124791037135,0.09829828213771893,0.13741105185740993,0.850044022826412,0.18500083094788508,0.0865560867347289
U_4810,0.036619042114324124,0.21385839442953747,0.22800326505745488,0.1469118992152913,0.23971364173219675,0.15002706413088318,0.14981177554646918,0.19967010761636805,0.1596264373264972,0.21932817192513993,0.23038914014005557,0.362058300562798,0.2195555734011367,0.20989537436319836,0.08682995926088265,0.4895969231227641,0.23375007818186908
U_4811,0.2538927214725352,0.24942261244898667,0.18912986136824514,0.05335542462781249,0.05333009939934008,0.8944600585256463,0.10046774687845647,0.13240033079926974,0.07617382128600411,0.06146468633015699,0.054954446546105346,0.0616092826268463,0.14189326579310418,0.1870044363584803,0.12614236871259088,0.03802130669301386,0.691318099124715
U_4812,0.37622370691909507,0.31430024557379954,0.28724828975017214,0.04283059422883081,0.046788423143801425,0.16513492178300768,0.09066459284141076,0.09699330952247928,0.05557468244280529,0.07219641994712382,0.06921608097930981,0.8481096784005349,0.16060244436990712,0.2186000922521013,0.32754582484541384,0.0481057149367735,0.13965743836185796
U_4813,0.1652051230610396,0.19401387824215663,0.2662242408764335,0.0875803421831123,0.09565489512122315,0.8963973870781882,0.1146498512177989,0.15623483977576996,0.1305298475059657,0.06174060545313112,0.0749888893666384,0.06871459920935646,0.17062452919041446,0.1798428871144936,0.09389311319525441,0.023571366158252605,0.6945954564355679
U_4814,0.023728391754592154,0.020248025452834932,0.3961484416446963,0.07455675395156411,0.5731452446143239,0.7379894724016611,0.10449644942619679,0.12988518918131658,0.25066134459453576,0.12232069504296134,0.14380899828038285,0.48508257937887395,0.10273567528412084,0.1274469308578637,0.033666860894679816,0.31586324639842217,0.1513697525347303
U_4815,0.22588789023964748,0.4465984392115512,0.46702137633919966,0.022557019773409778,0.030663095652640283,0.38973430850689045,0.17777534585125115,0.07456084290251677,0.12865897976595933,0.050258411783498456,0.0411247836040741,0.06504323249265107,0.11448017097799956,0.13833673936165833,0.23104620222700364,0.11202616415641245,0.6728223434341993
U_4816,0.24856882691386112,0.21183306911707672,0.23483113259537702,0.03923177331636675,0.18064757626637476,0.14391776202228912,0.39493980249324656,0.08252311605421503,0.026212983257651236,0.059291856212317445,0.03491326784223974,0.057887772906634896,0.1168774700919567,0.7768348341135687,0.4765557887949744,0.22949784009007118,0.08612001047123419
U_4817,0.3074427999885697,0.6232464476075674,0.28056280899061203,0.03297181438278837,0.04241749292927782,0.23637459443270348,0.05281427416453046,0.10510438056601598,0.03945866175703308,0.07433791394522389,0.052708385364642875,0.035533398218993116,0.1283059925286281,0.7365206716275414,0.3467674756605783,0.46463380664691906,0.1308986184011976
U_4818,0.18479134148293638,0.2444679540132655,0.23048464858774967,0.05602446819221228,0.07404291356206492,0.7511660116107037,0.0883221861068342,0.1140917104049776,0.36518750585648024,0.5476172268170842,0.07051886150549067,0.07935239420899776,0.13467602613986018,0.14766998930845698,0.1187002232543497,0.03913179482120202,0.1437906642933281
U_4819,0.2964156954734545,0.8319692518682421,0.2644168219228041,0.03758792051664943,0.039730722199698684,0.15729842605371802,0.058015939229609736,0.09490974047892227,0.05545312531991804,0.08275275082251757,0.06274705846891729,0.5996999106496952,0.1615048218380749,0.1629615426891563,0.30982332755969927,0.03943837374367203,0.11929417586880023
U_4820,0.3575750202343033,0.3044260023699267,0.8787385963218215,0.05047738549400406,0.05047641208875499,0.2078587597525912,0.09435269009018571,0.09638529565943639,0.04898473999614221,0.05537744227494712,0.05000745726084273,0.07227893870186851,0.169124472007788,0.17897280527069914,0.30530827714378367,0.041161669502263076,0.15148390498920078
U_4821,0.2383550944081072,0.8071536047016129,0.22884501554672898,0.03572078587599677,0.2691055019613644,0.23587148870176491,0.08727917751765817,0.2753606184292875,0.06309935445377918,0.07166878356198285,0.05845688015577889,0.7536696869288245,0.13623459182524378,0.1694081876778826,0.12813499667419884,0.012712883004344644,0.12696243534154017
U_4822,0.026631727382294704,0.07254715726834882,0.10392755916930572,0.10847409871999887,0.2829392359281445,0.17499795425714895,0.627320066888896,0.1457850712982757,0.136089092519078,0.304890129536739,0.2940978210062319,0.26344113558803745,0.15400620176930904,0.20625594589128485,0.07468947469146614,0.42331871830452383,0.19831734079869115
U_4823,0.12495677344920705,0.19214641156348777,0.17900328378692873,0.08894499903857828,0.10239643716558326,0.9281809853070327,0.13909178877859768,0.1474437422745991,0.16487434291049896,0.0914429028343186,0.08747830098212055,0.0829740878170063,0.1750194876611072,0.1803979518441928,0.0886355121806517,0.04866595655216864,0.16980211733961312
U_4824,0.406751385979955,0.47084401478220833,0.5072452823496246,0.022967668235462174,0.06304811033971691,0.34695613609578096,0.11817528318869747,0.16449347838746173,0.373371626796853,0.11233187131280856,0.07164832536851523,0.09360920255961507,0.22453853549016772,0.3185522138174378,0.24632500065457774,0.044335903738662016,0.2569511567520656
U_4825,0.29043869216876367,0.24879722174520474,0.2540322871812466,0.06390786442116216,0.028323117480912624,0.5080895006096394,0.034289339638435286,0.08249899083513113,0.024790396115347405,0.045163333508844127,0.042118206138368024,0.028638484837651176,0.1246224763598322,0.7992759298749869,0.5478456941083741,0.03658176292208565,0.20659444476377667
U_4826,0.09105989677327286,0.15716500308374032,0.2557576141718422,0.10046025481997826,0.12922757387581027,0.22185557909530762,0.2124894571571756,0.2021403695005978,0.3682306046376653,0.09168330845346505,0.09410264893653311,0.7088514439439237,0.20862223748587463,0.20567892998925213,0.1073150466000246,0.053183260862703204,0.1597929131765371
U_4827,0.35100714974038305,0.28097581639842406,0.27111304836953176,0.03552566774752314,0.05523121479857686,0.1467097375691024,0.06145608441927328,0.1128391480444167,0.04897462314140372,0.4985139401225783,0.05062371609489466,0.062178595657401386,0.1298082188635947,0.1946337483090997,0.6206676569784682,0.41499431032900674,0.1254586487524108
U_4828,0.4802146748906121,0.21001595449646704,0.5020351655809278,0.05278752446814005,0.05978850185972098,0.21403688780438962,0.11685225348491664,0.10274240750088387,0.7470216737596286,0.08348040607387534,0.06807124683424555,0.698437833320138,0.14013323163860367,0.1484203647367824,0.09885986843751199,0.01922741649804769,0.12264301497505076
U_4829,0.37916833564317826,0.3191994699043343,0.2964026079545146,0.0411007126973468,0.047076068322057275,0.1637501250790278,0.08851085276805656,0.09413816674044502,0.05777846483343321,0.07159344645695018,0.07356639351174432,0.8575168426149096,0.16011923203546527,0.22020220609412616,0.3222769417924795,0.05046455772302308,0.13967274468765734
U_4830,0.3755651361366431,0.32502954504089077,0.39204296016984225,0.04477073522366624,0.047355325862660926,0.27404068720332964,0.06914557520224274,0.09956908874281808,0.04168340526112717,0.0674945309625291,0.05803944306371281,0.07096204537597006,0.1740589136134765,0.19833296996523214,0.3381658899379024,0.6240000302950508,0.18123076509859648
U_4831,0.07396287802031769,0.1720441487424022,0.2106135231581119,0.11114345246162471,0.10613807477631715,0.30780923269483473,0.14440843725702993,0.17120586583588615,0.14306217172964694,0.6888714652880567,0.12908804365192078,0.07803463300591931,0.15450157615582966,0.19794540976740407,0.08445951058111027,0.03409402121678063,0.6783535783191409
U_4832,0.25947481570794423,0.23436046812589606,0.635370720096722,0.0331459896716892,0.03214705703629006,0.19408985642265925,0.04595153905647171,0.08555166703781827,0.31216456762263317,0.034546586353922284,0.03756223327101963,0.05113850915172731,0.09367731881975612,0.6334562100702607,0.7082122989068081,0.016019638812073963,0.16541872928884374
U_4833,0.3641313959717313,0.3210786940513087,0.36038828839612397,0.047756791564339984,0.04426427565639779,0.18535441784344825,0.6898550012890535,0.10349965230081642,0.04962130505433588,0.0593822508274065,0.06271531051904622,0.0986923718012442,0.18900695249224975,0.19502716386870422,0.30985135261906993,0.07134689231820192,0.17646164400414457
U_4834,0.21064778059096476,0.5369694730782941,0.745728310525597,0.023085074426471678,0.08437351515794339,0.23365865835887134,0.2730523450525397,0.08270497411739616,0.30980292203145193,0.06697791159588737,0.04005413075479822,0.19702843649093382,0.12577757096385261,0.1116231058708932,0.20300054777212137,0.015229044748583661,0.6397790020166962
U_4835,0.2163069210304354,0.828182329654108,0.5479363715543751,0.04203968590465955,0.04332038171594681,0.799475759645707,0.06798385920103857,0.09917302355729256,0.0827477741519615,0.062284882992691026,0.07249564169677361,0.05123085672668532,0.11275775625517362,0.14210984142107402,0.09932456373025375,0.022721101609646,0.13582286340360725
U_4836,0.3599263364277126,0.30795657777346874,0.30238735346811607,0.052222403152837535,0.05093013425971567,0.8426697232019157,0.08467604716737259,0.09882711417378437,0.05368220017331135,0.06260301703969925,0.08613254607751608,0.051966147524068834,0.19155825029339124,0.21101053978825432,0.3311692014447084,0.04682851773453551,0.12418524471709813
U_4837,0.2699707030513935,0.2330055576619507,0.7178806252523336,0.0523381479769353,0.03786855322784114,0.18334445236761937,0.06120327062847383,0.09242877907226786,0.032284148639297176,0.06704261379097899,0.04564169406183009,0.0417418532384864,0.12396966946806451,0.5627102313648095,0.5675365299452946,0.47365073172791733,0.12215813516981208
U_4838,0.5733161706725042,0.15583971956428122,0.5960942917265709,0.0504040464305477,0.060138605094162634,0.22809911265369232,0.14401503372061025,0.11798522682159256,0.05192061119858736,0.04917447985363196,0.04115058851624837,0.4966169429900972,0.15093349543580462,0.14140172310605362,0.23770899496512923,0.048390039614350434,0.42104953484110696
U_4839,0.26929133151397466,0.5490181270900704,0.22765736817980634,0.041647245655690744,0.04428885722697083,0.17290748235066197,0.04127721032264596,0.468474835006319,0.02143912246817721,0.04281375505486075,0.03452856946574726,0.031090477508570663,0.11412030646379939,0.8817909320219376,0.5596130957805913,0.028608873444996533,0.1547862202036767
U_4840,0.2063001591037646,0.4470669563293834,0.6056855757596892,0.029991326797175845,0.19996707211614118,0.12505916870555325,0.13535464766928695,0.08404449333858514,0.014633381245713641,0.04677350153787067,0.043906876616653226,0.03988049894637405,0.12186320423105762,0.37303732899284203,0.6284093897991494,0.1420168656802235,0.08645584519081168
U_4841,0.3467520532840067,0.3021685030995127,0.29525751293440183,0.05832744693462161,0.04990469819307352,0.8661155970596134,0.07434120751520257,0.09959826426194754,0.05675721656031733,0.048349623468990355,0.08301488827428807,0.06879338822264466,0.2404495638053711,0.19053388098941587,0.3422513086445481,0.039053222824312755,0.1332491024898599
U_4842,0.04103255971650469,0.020614715136216242,0.5364712200867515,0.054278048894335795,0.4048795566579461,0.1147898505602366,0.5481647487156139,0.14403813209423227,0.3913261799993812,0.1528997576520172,0.12889353620350702,0.20111544292242675,0.10923589743470796,0.12857918559537662,0.052941695594140636,0.3501227768382557,0.17154058047937507
U_4843,0.33578990678878695,0.3350179390586384,0.35893461698722373,0.04461410913330735,0.04245973504797282,0.25377310067860953,0.07078801422274018,0.6413328215603832,0.04717448962125767,0.06476260484873099,0.0631882459419941,0.0881877184090565,0.11824142100672705,0.19532648649017306,0.2764300871420339,0.0373012502894282,0.6235466156254735
U_4844,0.30977467964876837,0.1946034867533456,0.28660037048745374,0.07047491701157935,0.07838609133601976,0.2522943152638153,0.15739463846643292,0.1280640014715931,0.7328767580482682,0.04751520926419991,0.052536082179972896,0.05469270382390998,0.14181592587280828,0.17766395804340238,0.2115697229196455,0.03721576612113441,0.6484968982519
U_4845,0.24901902155169642,0.21918122616873614,0.31273384975571283,0.09135224715481349,0.09173288218774354,0.2716290274004947,0.15302071623549343,0.15452109995209562,0.14147745886855326,0.14241472749881084,0.1339675407145654,0.7878526966749614,0.2078280893666121,0.21139530725251873,0.13238748209271403,0.030990645774623696,0.19169346459490774
U_4846,0.26537339659729386,0.8623345387845155,0.19887262069569264,0.03245589770484116,0.03893485792514058,0.23503253890161346,0.09345120753691068,0.11426441718389524,0.03982111754251005,0.0689254635087819,0.041287821445829875,0.056808559354369195,0.12294181056127418,0.15384250032216804,0.12341902594304971,0.22732711202457664,0.4704105244808774
U_4847,0.09723502624034314,0.1345620268079926,0.163003822652902,0.14248714908306237,0.17888218848561974,0.15004557874250438,0.1171833693910843,0.18899023359152173,0.060329553786233836,0.10498618856498981,0.07431843328700387,0.08169807994607972,0.11541516766306778,0.20804539729006297,0.20804525923954698,0.7195616975065502,0.34560283274155207
U_4848,0.254673238787491,0.7061688240304068,0.2638229527952049,0.03348668221675547,0.05912771331533141,0.15297020546217405,0.07814420313626669,0.3442748333098574,0.2479117382624751,0.0907486938609128,0.08459868605630824,0.08537217488666202,0.1258057050934014,0.1837045462259806,0.24141884783979534,0.039832097981461076,0.11510800493385451
U_4849,0.38938162236872026,0.08376593405478636,0.7829120252257847,0.08847154690084472,0.12139399404471699,0.11752667077840734,0.1532795495676443,0.11152267325341081,0.11777605021001686,0.1220109321400901,0.11149656762198021,0.5050960557676839,0.07127557001540448,0.08662140243350411,0.036441316833081765,0.1624806653734298,0.11808087174215222
U_4850,0.2409719479297661,0.34041600015060547,0.4746592590602525,0.12692906743664892,0.18103757828637598,0.4002254781378497,0.21813587624204406,0.22759708884488614,0.3277387561412009,0.10517223159073759,0.09551414876556619,0.11569835270848927,0.2695290999949916,0.2847783518517543,0.18839657092662238,0.045723082367831645,0.2508393896573227
U_4851,0.33055231709857363,0.26593596936722025,0.6090267878918,0.03658315325531005,0.03765816425751681,0.1698837821206118,0.0651283785087675,0.09746893833984967,0.7302884956259083,0.05420201966392631,0.0495830001053144,0.08752311320543942,0.15846015454569726,0.17565800791742742,0.2867666404921288,0.03935128761103828,0.14004442215762392
U_4852,0.2823967839783202,0.2892297995883686,0.22140148461133652,0.05274245334733397,0.06500497307456038,0.30742785322599275,0.5189602654388928,0.7004290735256437,0.059631498497552005,0.056936538095314376,0.06317002481518952,0.09825024227430629,0.12302820023510264,0.16978673264962918,0.2585482719238915,0.0435945191370419,0.20700296052367254
U_4853,0.18919462701400339,0.23647988378442747,0.19071238496684342,0.0670467970808202,0.06498120966544146,0.9508791704852032,0.29216018674613264,0.4528129180002995,0.11932869335283539,0.09511001873346654,0.08761205080325425,0.08181163819950528,0.154755977767727,0.17905665860449607,0.07481897549342863,0.02492315510209405,0.1576124375309019
U_4854,0.2641410898180254,0.21502014608881564,0.20702901888769107,0.03417599816006802,0.020076803042864577,0.5643952998726792,0.04403242513706277,0.37224261745690185,0.021286140515456558,0.04227508623997652,0.039209479842055334,0.03966654095097143,0.11085581969400052,0.8270765046103753,0.6930442816666094,0.026321983205773454,0.126824665429588
U_4855,0.2514383529462019,0.2504542709132647,0.24995545816460651,0.04480423023922398,0.044315255966071984,0.9208976382013981,0.08022513443778782,0.43405564735461033,0.026597576885070168,0.06332465215819304,0.04433878365981775,0.06768884964458116,0.09975384442653568,0.15326273049013137,0.23288499718058026,0.021446103680208852,0.35160788875720694
U_4856,0.018155240406919203,0.1378091806254231,0.11613681318475075,0.06450459548575518,0.0720582117308203,0.1067403057912052,0.16656866079576674,0.11751298077081325,0.8494033228916738,0.18790379422550815,0.0687138615885542,0.5577584809990268,0.15269376159198422,0.134666976250532,0.045879342759432555,0.2996634428315951,0.12750905481069177
U_4857,0.26088334653714823,0.08162509966343155,0.40546045762870064,0.05711866641240361,0.10209177145094077,0.19500015386821423,0.12591555431245538,0.10138957049964895,0.5664988094018671,0.10324555802034517,0.10034563548646888,0.7639729992924427,0.10381706891121016,0.0934586220666648,0.08782609449124944,0.03959378778264136,0.11682934146994875
U_4858,0.2342158762697924,0.21386803769921042,0.23299279556650931,0.04748889459891742,0.04974360483363414,0.19618785719345921,0.08793751081406218,0.1281554816866073,0.13673260505407833,0.3833077535992947,0.05248310150637575,0.7980262699848574,0.10848466033219852,0.13954510777954351,0.10019356712086953,0.03069725367676683,0.6580679120982337
U_4859,0.3236138382997702,0.3258405872500523,0.2920845288060616,0.04384457619650853,0.05011485196687241,0.17425685372679053,0.08097656941157104,0.1330028157857363,0.7275807672537233,0.08159927010843929,0.061830834154237485,0.06842435062725863,0.16488880670848355,0.19752258285026036,0.27633113339211,0.07032435394160831,0.17239899642091736
U_4860,0.09476418172793122,0.4721482771252096,0.17610770497698125,0.03789723704673666,0.04953503870542757,0.7344466448979592,0.2504314715152,0.09915229901072699,0.25005260011620156,0.09602817531868264,0.055916151967400726,0.1369266115571519,0.12595220657013506,0.12601497356715963,0.07247916157503932,0.08407499204802443,0.11067351319011647
U_4861,0.09358851578758377,0.182862545444747,0.19972634019726018,0.09393955488732904,0.11410309704612219,0.19066810910488527,0.19245872358059185,0.1676133467676436,0.2268641343107327,0.7786708802902317,0.08622607141303829,0.454014882185379,0.1729639133484934,0.16653332523607967,0.07386047860284055,0.033586315820148094,0.1417467540952891
U_4862,0.08399375699991161,0.1592906087775997,0.8014816938268929,0.09431029880095401,0.13907399980695503,0.2216123792400015,0.18987861065403608,0.17711123433875334,0.19585138825003856,0.0898479775804357,0.09207233093397385,0.634845046289661,0.20777041818367353,0.2120942341740995,0.10549836054779589,0.03838070502259902,0.15643076969808511
U_4863,0.26806996569000835,0.5564064937047841,0.22077047815389672,0.03813942357781856,0.13024593957877928,0.1017379848702853,0.3271212587885607,0.09008265114025787,0.031680452892567004,0.06616232707091835,0.04897851438762069,0.029646810904505064,0.10582168358407669,0.5047990324937409,0.8612141000323092,0.008733235127781343,0.09318146445245845
U_4864,0.41690831541698053,0.3071379668479871,0.30150247015786896,0.0656541830170925,0.06447730319767705,0.7513602851076976,0.06771316707351838,0.09725636338623471,0.056900677385291046,0.07583130660520276,0.06505892431765302,0.06192901036032464,0.18978096888435003,0.19524934949634584,0.3084829224061163,0.030442159972398818,0.1491302791541148
U_4865,0.32145424806490125,0.4469886073915993,0.3054331991816083,0.0400125394679027,0.3439401425620685,0.4798103534759107,0.048672664039853396,0.08916152704770139,0.42168238998681884,0.1809538294426384,0.04935198502170729,0.040768210941693306,0.13089250271243888,0.8789561155782933,0.46038105982741795,0.026754696268539477,0.12307650723134456
U_4866,0.47763200701768843,0.8481654603990223,0.25416646265714987,0.04682202461936497,0.05570947840307551,0.21814196828577434,0.08371342813103332,0.09303454151533358,0.042553666624079646,0.06093470693406439,0.05276848532534769,0.07785450322081292,0.16372472720462256,0.18758100412026846,0.31027398968308784,0.04764446817606732,0.15240158620312008
U_4867,0.2599369664725564,0.25550330055980963,0.7641356207802604,0.03316633294930707,0.3934183097438555,0.19892385769511703,0.298159913757208,0.31578986670698933,0.09173686700086078,0.07505361252163478,0.07254065877035502,0.06318128035245478,0.13893999496727658,0.160371522577891,0.18920800099504376,0.0225611924956598,0.13065181408545506
U_4868,0.543707210026272,0.4511087837848105,0.5394018671424033,0.04121269333691655,0.055323435848118004,0.4604155733254948,0.08744072418913029,0.15171605128134286,0.04567262257126162,0.07942068517247149,0.05518690265012062,0.06511581890654215,0.19917889465451197,0.24847276008803848,0.5200481788011478,0.04325550967585495,0.250419982843013
U_4869,0.07833563955625313,0.3048060984431208,0.2251307330702988,0.13279204614812795,0.22481766288790164,0.20620540249309272,0.1330850282060296,0.18116686300662044,0.1724373610075861,0.3147375725096789,0.30989564074457787,0.3708330805864302,0.2332661386341979,0.29689247558250004,0.10996213062836654,0.30379978600484503,0.27278584862544863
U_4870,0.24981696327056718,0.2297632133302692,0.2801841791638721,0.03457537308103452,0.037353351716180844,0.19780054784481382,0.31168307952122964,0.11207219144333311,0.028909474864419818,0.04114102355699802,0.050083160839282284,0.035857567723625326,0.1281843408092393,0.7698712720191548,0.6170608935585127,0.03752628203444773,0.1522276380784047
U_4871,0.11580057296079832,0.11987165190111337,0.4505254221694487,0.03215876094898473,0.16650249746846893,0.11077949263543926,0.3197409202593132,0.10264001726019877,0.7431882289636162,0.20324786967735567,0.04511975581105065,0.4748021516169687,0.1472825331758581,0.13443640435467244,0.05347672139622571,0.15878942565056992,0.09706117679614319
U_4872,0.5036130207553159,0.4283116581506781,0.45257491829898444,0.03326565481533092,0.04451446736970603,0.594303025340928,0.08068093259727686,0.16439937989469122,0.051777457283643545,0.08283852187094429,0.052585681844257284,0.06553725938377045,0.1830088329624016,0.2639508948428727,0.45959574976195366,0.07012125042012356,0.22185002393629172
U_4873,0.21279312705388154,0.2792186544893926,0.3115451519489602,0.050404179960309214,0.054692133713877274,0.25751317561223064,0.0861533680590713,0.12770112475283596,0.12190291096939448,0.05020161267505706,0.06250369974639851,0.07038953246307175,0.1558437454713918,0.1784311333187169,0.11752302722425778,0.5099698328824005,0.7747241602171694
U_4874,0.24949292802831952,0.6339902991249257,0.17219643689129766,0.046310833985036964,0.04386415696801769,0.7412027317324602,0.058279269841681136,0.1150122567586547,0.05514323030332649,0.07024567071354273,0.048414913779157444,0.05306629265566741,0.13439003575329606,0.16039957325531734,0.22340838966725335,0.029388395842451842,0.7267645773942042
U_4875,0.28019538965032836,0.8677290074239982,0.28175630659770085,0.028454596620895133,0.02905135015610924,0.14800848174716597,0.07982609556754991,0.09920011657564434,0.3473369179041161,0.08304633527680003,0.046612453519500566,0.0747296541172896,0.14618943190357442,0.17224523547841766,0.2364672935733152,0.33047607661159606,0.11830824588729585
U_4876,0.05422434578521121,0.06361004760721375,0.12978321259090236,0.10078279982597646,0.38689023229054936,0.07045649682050519,0.5067540525930556,0.13686539785403506,0.25039297979558794,0.07822732036007411,0.09139965246802734,0.14779273086756872,0.08571630636810185,0.13010134466553452,0.06479921014417876,0.9501552798996694,0.13489265137298012
U_4877,0.044695083952147316,0.07841122649269378,0.12503257844443053,0.13880808901986327,0.22074491985658795,0.1257046837351156,0.16391651272341984,0.1757324517980859,0.11555868207627006,0.21149201150188573,0.20418086170317537,0.18904554668451357,0.12469188965147254,0.17435543567856343,0.06817793337235209,0.6725631632074255,0.24581201724009177
U_4878,0.05998527200898174,0.08518046530624072,0.09039779495446218,0.09297808045584285,0.13227945786383644,0.465979604049222,0.0919449003801763,0.1316907951313305,0.03657873228169841,0.06369505032009976,0.05769470161210931,0.4242704772809213,0.08301747094752236,0.10403762219487023,0.1005003765757102,0.48754037140124934,0.7444877476257706
U_4879,0.3784604927207906,0.30206898756019185,0.7046289154234606,0.0626617202141856,0.042485869022840225,0.15743947227768487,0.06269560719433577,0.12014666643696051,0.059753218915702885,0.07650401674523424,0.07573394457085292,0.06087279852309149,0.13800907716684088,0.31793024359903627,0.31806117541544005,0.050898292489162555,0.1475369487080455
U_4880,0.03257590034888823,0.044907834059984185,0.08419337436701699,0.0781054192372705,0.1443627151244289,0.15287581328395586,0.6246724320570243,0.401896907531181,0.3934671277908828,0.1989005460504118,0.18342978326399453,0.19432327989986192,0.12143888342812659,0.1303462082799275,0.05189020338187111,0.35344367914057817,0.11399536304036666
U_4881,0.06350910834423722,0.1757960644631856,0.20916177170788386,0.11538346885306038,0.14990104091337247,0.2364727462202799,0.1999972742615049,0.16449874343140705,0.24318419176323308,0.8201486125125759,0.10665836737253115,0.09136494152783306,0.2770822774065429,0.19658049579667958,0.10282495019084242,0.04912999718077046,0.1643356924099968
U_4882,0.3501196900849794,0.33576070564559896,0.3176661060034544,0.05191071284819944,0.06112420690885784,0.1759546503243148,0.7796929560576341,0.10792497594093745,0.06613003245596703,0.06367334707219605,0.06837822011135748,0.0818611365601626,0.18884551744972666,0.1852596418608365,0.30328453716080844,0.055480061888820126,0.1541936946939611
U_4883,0.16363935759721854,0.1722023456937884,0.4257105457598926,0.03246928144894789,0.019994207777169454,0.27600296974083566,0.13020401986812688,0.08862511628100092,0.05061140156131206,0.11301359726294782,0.03524833364239945,0.45998581145979245,0.08403067928080095,0.09936578885933425,0.09331863858314512,0.44247906169800183,0.8954954978110946
U_4884,0.26414151459690205,0.3854756834447993,0.34630318880058913,0.011475197475197783,0.3213853199813866,0.2809034549868166,0.06604937666283045,0.0897977515620611,0.17565646720099687,0.4481976114701123,0.07024312750102314,0.2873106067755743,0.1471100223626714,0.19095234716161588,0.18658551392494027,0.15857421346453693,0.19017069966565397
U_4885,0.22508048394569785,0.18442410638202045,0.578639142102536,0.07312586390268397,0.06409357664432462,0.9972652951699882,0.1670451170559157,0.15009506562099365,0.07245800473306209,0.07185059420323642,0.06542968585576173,0.05596560973999691,0.16345201453754363,0.17080440545195552,0.12528379452727006,0.04220565354331266,0.17033973058850085
U_4886,0.5305035697773476,0.4545886275058591,0.5043638229055522,0.04191763450983464,0.07516848754151875,0.24281925445580377,0.051236596149774605,0.14713066046421502,0.05452508366579119,0.09694592918019398,0.06520127276902479,0.07047222892298038,0.22514703028417615,0.29295702927312856,0.5410995788199326,0.05474441901774694,0.2127655670581442
U_4887,0.2796987547774938,0.27829842142177674,0.2987746402363716,0.03533931258818589,0.06767675171859125,0.18985088337162498,0.11939019201704185,0.107982574047392,0.1395784580132249,0.06143073867135143,0.049863708804128326,0.07975136361002182,0.14137077268672443,0.21283685464220414,0.1636107507997261,0.551251103960659,0.7027958889622378
U_4888,0.04888134295647828,0.04473099073145409,0.11146947280550977,0.07554399121751845,0.16826392312172675,0.09516502109908243,0.11894493223993108,0.5469219764645054,0.3491011187956673,0.19430976166739353,0.1965985212554728,0.24830709436406462,0.13241422301291217,0.19997719522075935,0.0859048618843057,0.3248294591450409,0.21093613716406043
U_4889,0.3361134560540094,0.3393057548790306,0.3382685017890207,0.03556122676897913,0.05147699304712594,0.2508617098613802,0.7674704411066866,0.14398479495062924,0.04593966717833809,0.08450649989470603,0.06410654997637512,0.0639640625088246,0.14596596642039536,0.19817907286341943,0.35287040527513913,0.06794292571725369,0.19183406312302193
U_4890,0.23887110157694347,0.22990161512133295,0.32529341503359394,0.0875700467195114,0.08567969144529386,0.29279364520628337,0.12749297579973035,0.8009287988387606,0.05078248653451173,0.06350871573340973,0.09154796668160531,0.04729085515335615,0.1407642334940393,0.1743877621845199,0.1603821982752858,0.025719530173412747,0.6331474573235313
U_4891,0.03398848316746426,0.11829927267879986,0.20381670871558477,0.0452985835091836,0.18462751320778245,0.7365588142298478,0.12317386214084136,0.23841460999711495,0.5800394122461042,0.3250415378568572,0.03943235119775051,0.40577781278346814,0.14030640350375007,0.12923348047405755,0.025186178735063174,0.10372703137974658,0.10142461511261722
U_4892,0.05780907718048511,0.03499030405878405,0.145875590444446,0.09390687715083089,0.14025440264189273,0.06906426412437436,0.12120359509340739,0.579100619644761,0.38668044965355614,0.14037198522281918,0.13860186940408684,0.8309699209227793,0.07231682191600758,0.11238982904569002,0.050479007031195997,0.3002809204892387,0.14992775802322678
U_4893,0.3595091253503871,0.25360006472656377,0.2989580852521582,0.04130384263257262,0.025072747110950214,0.6449577203965525,0.36261877405521276,0.12017412924090559,0.03615139711134145,0.28548998760935007,0.05240784305342399,0.07019418998663901,0.15230588217196875,0.15731297214525777,0.25661150770492924,0.22723066575938003,0.11903468879935022
U_4894,0.2266429763817173,0.18567136166329598,0.30571362373099886,0.06529299590238197,0.07946697252020851,0.6027379683522388,0.14916871483189323,0.12116656925951563,0.7384072055717428,0.058414894051387944,0.05345984544789932,0.09733033671370656,0.1164190026550804,0.17606784258027267,0.11948304041664698,0.02894520200994978,0.4177256925468189
U_4895,0.18657095910014032,0.20015572775461446,0.2074616823457329,0.029546439370774877,0.03158325887589341,0.8677830176143276,0.08328385446897772,0.10187925875531628,0.1220210715207101,0.06376434918353736,0.03891205761446414,0.06294488203009987,0.1247324409162004,0.12543739276437707,0.11134077999529611,0.04013102593906094,0.7122435581012887
U_4896,0.09623560803714529,0.10875286728011727,0.17083795426334206,0.11456950772169791,0.12262357512698738,0.2011165926884007,0.18024099209888342,0.1365788817260654,0.819596227596523,0.09927874761363877,0.08321157954169445,0.08811264541458537,0.1539546440080502,0.1708566424932938,0.10588667148198419,0.05227265906734002,0.15694696338231987
U_4897,0.2191590839196292,0.21564675520893695,0.18706496305482057,0.03004727750974282,0.3072026627428565,0.8520334665398788,0.06092545088159983,0.09467807183018302,0.04556739635616673,0.05091537663058123,0.03704895059792342,0.07894343374249042,0.10756251340519826,0.16711543063225978,0.240244885275231,0.29839698330293124,0.4424860620218596
U_4898,0.033688695463390594,0.06505847684313049,0.40084455700807087,0.10755260246018243,0.15079164048043467,0.12991977772832175,0.08317878257663619,0.11560189885095651,0.6465822800467332,0.1322042893519404,0.13308268555117742,0.588210092667434,0.10452928922516933,0.12960610179563087,0.056051060131920044,0.46699469880043115,0.15074038442421822
U_4899,0.15083282876838008,0.16522137687011543,0.2523242227285315,0.08101609636161432,0.08359738081342667,0.8469698525733086,0.12514504877206575,0.12196142124766512,0.5022481024731552,0.07010460908409791,0.07000292060411409,0.05471444245986469,0.14661719575980164,0.1377458158423503,0.09777882771926075,0.037108010012097715,0.49284750148803047
U_4900,0.16772560974611078,0.23121926140702526,0.23432778122674652,0.06936184867759866,0.06490653597977013,0.2709100443363825,0.14601388017565028,0.5772427572437084,0.13441829820574272,0.0812433405699638,0.0771406644471778,0.7797419043368579,0.15541528655171627,0.20905422803093032,0.23493616100155953,0.03220560945331155,0.14321707234223366
U_4901,0.2148934974718949,0.5630639926050189,0.24535190259837092,0.040544275824354645,0.04944098426666564,0.21743561025902247,0.2052310626852115,0.10670469241626665,0.4668182194017726,0.05164549416745361,0.042866657216868956,0.3053567984457854,0.11260081228878434,0.12987098746786327,0.2293634496210458,0.0326706789143861,0.6427555487155365
U_4902,0.24395599695745152,0.5937108747641573,0.27001072237697044,0.022370880872676628,0.27414352518512825,0.7183536621395713,0.047609109886433576,0.09071029975229458,0.26484043048612704,0.06178573092503524,0.0391002926356728,0.37421149118137936,0.13612513706628304,0.15363771029755263,0.26179269765057883,0.03874362514289607,0.09998783448040664
U_4903,0.20175401129213152,0.16375218889341464,0.23412277592002184,0.06555479696657254,0.08921087910269948,0.20534263116111562,0.17457313061173677,0.13104372747157195,0.6130295453762857,0.5222286295069115,0.050570164906699376,0.1248626911493412,0.12315575060487666,0.16890538206820316,0.09487766571606343,0.05179852508190544,0.5326938010260451
U_4904,0.1809847196425548,0.20862832179019253,0.200353251846092,0.029609525583764118,0.3951679743214081,0.7464118117267978,0.38159732718982886,0.10231987500397116,0.3549875750869641,0.0502214098950443,0.04363371216030754,0.0795545042252537,0.11340839627407405,0.15332393270373437,0.10427153105104896,0.034188917065509826,0.5351606743133028
U_4905,0.3722410548293311,0.3437666717274923,0.32376970300441765,0.03962228682352218,0.04218767688139481,0.1931867208033965,0.07489472263695425,0.10620067728785643,0.06366086136773821,0.06598031783317461,0.06786731011081482,0.08200527128660363,0.17611298072943002,0.19777948240123577,0.3360867950328211,0.6892971808485057,0.165907227182632
U_4906,0.06314412793132015,0.09448751916639889,0.14341867238844352,0.12148285842698969,0.204501060816469,0.2560361754730389,0.1292363198453133,0.1792927337510004,0.13190778251115404,0.20234471228935258,0.21328895665208175,0.2608637219490216,0.191172048831171,0.2404454691604985,0.09472367200483317,0.4185355913251559,0.25950462198744756
U_4907,0.029292646448714058,0.10231722313894501,0.11165952744407787,0.0900197555181427,0.18820167597418644,0.14884675005991677,0.12420215530107664,0.13533982828479701,0.06463591431147375,0.21085439959884686,0.2206352445991759,0.22493647157023797,0.131428808482459,0.1339295525882599,0.0786871760517227,0.9110914695958923,0.19807852726023384
U_4908,0.04946777053871698,0.058462898097157975,0.08053133360225226,0.10785814293806863,0.18450193901348114,0.20641610076691916,0.13804553738407233,0.15959980517374409,0.5784476427557391,0.2714115790616608,0.23677969868183796,0.23295717177470093,0.14165888355656153,0.18034760353650411,0.07790392136735073,0.5384630520684518,0.1994351256770511
U_4909,0.21572447834361566,0.35761402231779565,0.22932024400379417,0.024363347495587093,0.02537742979452212,0.7587243635894497,0.05710007280953422,0.25752986310941606,0.03057520912813326,0.03904514791396145,0.03610232954441426,0.6059935823502447,0.12850630245993996,0.14414838276842673,0.23835476794373706,0.021479097148005638,0.6199155862975673
U_4910,0.032669879831221424,0.09657669578787176,0.0786497718469891,0.13588805144999896,0.20173684147104495,0.1210654251336149,0.12548867139428949,0.14720112021960396,0.09478265562506838,0.20769526884721867,0.2903827398458876,0.8812298007703823,0.1144500541318424,0.17851519890223913,0.07437279955819187,0.37097062688692156,0.17930840560160055
U_4911,0.2980360908598012,0.2420951481193839,0.2507575966081017,0.054239751175897424,0.038705250179311236,0.47008367156716585,0.05886696346944324,0.10419647415202192,0.5638849906758837,0.3276707519355178,0.06437193639350619,0.041977443511481215,0.13300633583149596,0.1348717982939978,0.22485749780044445,0.011423516691377068,0.5746402663860642
U_4912,0.22694344201150127,0.8991465911016936,0.25306968010046055,0.027364125000085483,0.027579598688230275,0.15284759249792207,0.056670296528996425,0.3952460613425079,0.04362651936748716,0.058691973775180914,0.03764792111234182,0.4306648016561487,0.12366815570452591,0.1682809769547078,0.23494078687975195,0.18284308200367497,0.09603384662297744
U_4913,0.4749150882656863,0.3296386528209578,0.3480774515449947,0.04152338378248982,0.03283210139994494,0.23781721032714145,0.07837463151394868,0.13560867682567584,0.16865490658659205,0.08612509685842189,0.06314371399113594,0.10267979297107734,0.19843954133024205,0.22095257787235154,0.3606768608562801,0.08457081101073764,0.166451532019742
U_4914,0.319355457406129,0.27996009877133066,0.3073179770883978,0.023935758361498423,0.05566500744274486,0.23843832845680749,0.08800692924539039,0.09774685542291857,0.03327954130640574,0.06254240122146601,0.048974468741896954,0.07909094568510987,0.15708163048653326,0.2171842522443554,0.3025699277920448,0.5784713993872592,0.6342703537028267
U_4915,0.08906064700450328,0.3919410667736475,0.21873267762933998,0.1056417659368667,0.15387240002795533,0.38809925066808937,0.19229300304885838,0.1770004853464007,0.2857792430191375,0.11383094715885089,0.12183627328108912,0.09588552791272303,0.31584777936873465,0.2590795516032379,0.13575819572302106,0.051940830766420205,0.3507851833804806
U_4916,0.06530254002420358,0.10154058089124945,0.12985217942109228,0.11185740558356803,0.16118186517981037,0.6417346527776003,0.1062810005476806,0.23664301421460554,0.04799743984162977,0.08453583897948248,0.07678456001330339,0.07015911315213144,0.11639864325748904,0.17034836863747588,0.35838511573172854,0.4081688272613942,0.20190074091748605
U_4917,0.029661985539779764,0.04752382838681461,0.6560228770961224,0.08220168561268616,0.15857396910442767,0.13908298017507115,0.09424781301016497,0.13486618080283683,0.0859167991185134,0.14485280812580129,0.16022196281257128,0.46451499384337136,0.0778874961673757,0.11116457438051738,0.05017130245733717,0.828539489206724,0.1444523545130268
U_4918,0.21299328711301313,0.1661454683791197,0.2380637026877781,0.051365212647972905,0.06701518150161925,0.2405928323378625,0.14169997077730662,0.13597182935389585,0.43911427419097154,0.5183710431520134,0.060509494743389625,0.07492366235363632,0.1363574478555622,0.14552371742686876,0.1164307774147082,0.058013424677153896,0.760889699825406
U_4919,0.2968802219223209,0.25253939196084596,0.27529309330506796,0.04331527137757384,0.029407772343519316,0.11520377841642912,0.0391222722705369,0.08741745144682847,0.03176434983084209,0.2670577295413937,0.04503852773067254,0.03267151917490049,0.1263613496244659,0.817492845776184,0.5890816176434349,0.044415968224427026,0.19107205379356443
U_4920,0.06447722962966387,0.2711887189330196,0.27943688007555384,0.10458425103795696,0.14791524606672335,0.19799496432544955,0.29905939441624635,0.15123188494544088,0.30846195714954006,0.08453932632920887,0.09647464908264136,0.07650607872179449,0.22910594096921894,0.22579263333856578,0.08674251897153815,0.5589844035183402,0.1675305300105458
U_4921,0.25556653138556507,0.447007632867557,0.5590380148525903,0.030371452596541858,0.03043021623010305,0.19142729738448713,0.06175445281359167,0.11902997663496426,0.5728582074454154,0.06704100322671387,0.04902027333968269,0.06222637494845877,0.12951999651945414,0.13688150238810295,0.22714735818846152,0.037648482249195106,0.7643258502489166
U_4922,0.33010853448651467,0.3673139463963218,0.30934816895305456,0.0481601035553139,0.04140847706487405,0.2508407820884089,0.06492639769140161,0.10746042492090743,0.7051234676435701,0.06935002248203295,0.06962513598492694,0.08733336513009354,0.18481465364616448,0.19678607053954422,0.31296855810843605,0.0655087306298207,0.17424799315170458
U_4923,0.36291015457973824,0.32049480689191867,0.32825736660412197,0.04121283777978792,0.03949259825540751,0.13436107360135982,0.07673581522634945,0.10285076384636156,0.060364494100751606,0.07203717982661509,0.07484403404950445,0.8440281667271646,0.19795288317541376,0.1947091694613905,0.28615410584403117,0.06767074482914479,0.15730776171358146
U_4924,0.029633238508828798,0.059220698711246966,0.8637598588962202,0.09207547782092863,0.1555739283863171,0.17674669681974092,0.13287645595833242,0.15765483495332278,0.12140789722762949,0.18993545782034021,0.17626011352020055,0.3003385169590474,0.13875543988292577,0.15462389280040298,0.058328769821921436,0.6981695288726049,0.16442584550128395
U_4925,0.3271856488693428,0.2806311873271763,0.8111233838786883,0.04644436770320681,0.05275099367906244,0.25407829100751245,0.06350234131145577,0.10345084250474063,0.0540881042735232,0.07378110857502182,0.08784694068566554,0.05328673332593198,0.15446214207222622,0.191655648681187,0.3594850738009784,0.052653707056231576,0.1607635666391279
U_4926,0.2454246132041788,0.2762363478959849,0.17908144625093492,0.041246437003396905,0.06682959270333566,0.22451546834507255,0.10201885723508844,0.13217811508717153,0.04672218094973255,0.06396038860493493,0.05263313516374807,0.08972034300344131,0.16123829271532258,0.21659263248269806,0.16156508341347584,0.5299755279050412,0.7188503372131767
U_4927,0.19825968440757474,0.20105527329276468,0.17011931692005208,0.02668453216737541,0.022321314522382583,0.5949301369325503,0.06671735059406016,0.13004652466919936,0.7289835600152765,0.06431294917333188,0.04730823855383763,0.06876206791418624,0.12373627792969324,0.1416418788544197,0.1333732256776229,0.2417506601400084,0.6773282016746236
U_4928,0.03904230961775432,0.0391183720190442,0.1630735727872326,0.08884836007404313,0.1852155944869146,0.7025406521129299,0.1321226427853654,0.19041424730261802,0.08588574869051951,0.19977636449495612,0.1771762262116345,0.1708124722654029,0.11388679507562563,0.13249086127582851,0.05255951178114864,0.45481153549725706,0.174014041941455
U_4929,0.38835798925898257,0.3240173750632919,0.3085326694902833,0.04858180256153769,0.04580874244417489,0.15519591508971764,0.0611895072480811,0.11312399048671265,0.7624448159494571,0.05644318850946731,0.06778946645330881,0.07389893838134513,0.16556744933925854,0.209690144436595,0.35555800828303713,0.050560986787288695,0.14354195918923626
U_4930,0.2289035076840183,0.20912852905495163,0.5391359347281405,0.018550045841636213,0.01794623837684272,0.10941458830393819,0.03606025612383329,0.17191504875307642,0.14576791871061345,0.04481536669745529,0.0412088165759754,0.26216215775171753,0.10256731263611772,0.32306994901884384,0.8046937261811785,0.017669049593558746,0.13312679938982266
U_4931,0.02859864936110733,0.04968323090092691,0.16580021994387362,0.08700732908899829,0.18451640906129047,0.8498521452386114,0.13091692382726508,0.1587483986013324,0.12563185802470334,0.25254492608170176,0.24096152455253902,0.24087065923625456,0.15447849591750687,0.19242581605855053,0.05564932881307642,0.3868756470282507,0.18552553737716848
U_4932,0.24086576745456992,0.22333312252841983,0.21986593532721693,0.03327502746473803,0.031641012661530084,0.1689853610974961,0.03749953026007986,0.0772954365491572,0.02678577551655515,0.03159952487939306,0.03073489284744172,0.6015573357628756,0.1256057931371113,0.8543752100936275,0.5051007246107531,0.023032323878210394,0.15293445777779585
U_4933,0.14036922775813115,0.2147053914082286,0.37755206679182396,0.14262690218370339,0.19118009028200353,0.40887867984650217,0.23381312995378695,0.2769774461653435,0.3524918171370403,0.24104008717148526,0.24648503916755587,0.14228018973533896,0.3061002623048143,0.3419183156917999,0.15125371350946543,0.06624771142112097,0.2362816673828417
U_4934,0.0620040051188358,0.1324347054350458,0.1373185376487039,0.1493915491734324,0.16901489549049017,0.13910113027365778,0.16211093630328682,0.15919345728099377,0.12061788316579097,0.6423529011044528,0.10019276126581418,0.08073344032618175,0.14817513490528533,0.1754598430152478,0.11038000208430633,0.4958123569697972,0.1765476760170873
U_4935,0.06358800039311957,0.220844215985961,0.221560734384635,0.1220361832118615,0.13767347071186625,0.18748373589462874,0.2893018969025016,0.15878457979239152,0.23387598796468978,0.6901679305929421,0.09415705632268831,0.09936443648236121,0.25245923448054486,0.20490491520169046,0.10093066645697749,0.045451429399383396,0.17976339336109964
U_4936,0.31491924558486367,0.2588088213564064,0.29688090520482374,0.02141871265436897,0.024601660980959353,0.39619637453494483,0.23440054622823273,0.09263538379762276,0.44712224027726666,0.05940832272142796,0.039768739229405846,0.279665183954012,0.12701802198133777,0.16052500722708923,0.24763986563245144,0.4332111039451653,0.1470181305382892
U_4937,0.36140648620795496,0.328392893837985,0.9084282250921624,0.06117397954227076,0.04955840233276616,0.1461998013677203,0.06782490913082481,0.11572568228668555,0.050868976930704225,0.07388561173719693,0.08817694828026726,0.08732229122693178,0.12777343262001387,0.19246893520566874,0.25144178024146874,0.04801196671184891,0.13185742376258042
U_4938,0.3316419848821584,0.23062964079456102,0.31030935609009097,0.06333892111533776,0.0683751179043393,0.2473120368973209,0.20176580778532976,0.15442185688302862,0.09246758400062835,0.07285154579434568,0.04089410582627779,0.12959693885467977,0.14394583348308312,0.17476524937233107,0.1671826288487655,0.6283595222513828,0.18345735508877406
U_4939,0.25236282082457256,0.23551390829252059,0.2708076367224875,0.04669701676068018,0.046109079353861104,0.18631710652986183,0.11180806398150446,0.10173194355611995,0.0658112092343204,0.05868313681673268,0.0479933011430184,0.5190775636866808,0.13066080539850533,0.15468359111658334,0.22275217181570947,0.015110954151646351,0.8194111847969513
U_4940,0.3047254097369243,0.2659527410700518,0.8360306451110573,0.037549430532227826,0.04067774208196217,0.22827523801013683,0.0661668428519741,0.11457630039991126,0.051313322265842086,0.060120834185732,0.05302453685905811,0.05172513519283668,0.14671081657838872,0.18124347091608461,0.23821211613539184,0.03918419672014209,0.7870534190195144
U_4941,0.08820701257693751,0.9061049525516285,0.15555142906735658,0.11728702374733477,0.15087620666609136,0.28205157953928256,0.20576479955857455,0.140965422063123,0.1820864407716698,0.14369716144083441,0.1474621064304623,0.08334560106939846,0.26105593640893127,0.20666549056668349,0.09059710106216284,0.041383328298309,0.17495208418489394
U_4942,0.18675673009215635,0.6156180344083193,0.22876796609762914,0.030839388217809863,0.05385111692568269,0.2561499853946696,0.09581931118650933,0.1067595409048828,0.6751620284192278,0.10398011773667064,0.09420698149349316,0.447396056516271,0.11578038560923803,0.14791923851695515,0.09657704955849493,0.24624970958873021,0.13582614014838837
U_4943,0.22314436953840117,0.6077637274204278,0.7279653267978329,0.06562873804121609,0.06721374831891681,0.23834169390994542,0.14699362554839374,0.12751646706870265,0.04795538121219124,0.05004497895671462,0.05626703547982029,0.3162925878560575,0.12329551521051962,0.15567858701475662,0.13040100885019656,0.01878536827027923,0.3802224721454419
U_4944,0.3111267955239223,0.26480394953925196,0.2720808987057079,0.037601684275833464,0.03418688287200191,0.12330648938488076,0.04425247532617081,0.09291733784478358,0.4254586062625725,0.04482302198560278,0.052253350472883354,0.06422575442557382,0.14954354527120434,0.7739312141986078,0.5415284523307989,0.02800520206107643,0.1586044843981289
U_4945,0.3012878268095506,0.26659869698297667,0.8705646215319309,0.03124859161493236,0.3671783130415439,0.6022534523388452,0.061828695861042116,0.102466780366953,0.05816283103064929,0.06422380030146994,0.04780240237588115,0.3664760374331977,0.15076698112863723,0.16994348649209925,0.23107612475057793,0.038812921379150184,0.10047763934500697
U_4946,0.08836334861876963,0.20982894490316722,0.82405928147967,0.1035658355679963,0.12119230237978709,0.2201012776019776,0.16882126302903172,0.15531160162394472,0.2204285273478591,0.08116142249072747,0.09096230967225946,0.4702647565909098,0.18550184788116658,0.1779009643407916,0.08295261579948676,0.04269462832139746,0.17302974797474968
U_4947,0.08912623006333287,0.08343856377331679,0.6911786657659994,0.10598502762078343,0.13001279864836687,0.46232925791597634,0.11305285884408947,0.10654303900927994,0.17781464084546925,0.21613866795197448,0.25005922177002987,0.2824945954915095,0.06142769094349193,0.12601335171244898,0.061529384434283865,0.46887103114283085,0.11792005342337163
U_4948,0.19571051296224126,0.19026455401346257,0.24384786193365066,0.050233904584074625,0.4581456024156333,0.24548628867149758,0.13222639369466252,0.1279574094114639,0.7743583972611355,0.07600224772968538,0.07135731574752888,0.49608230710677836,0.1503915940937877,0.15360124017351412,0.08965803645560978,0.2700007514074855,0.145356468986418
U_4949,0.3512165541296284,0.2727679401794314,0.683580194935577,0.050926156275422824,0.04412028116672428,0.13113512810701067,0.05922615857745693,0.0912922086842092,0.5424537780558129,0.05776060382993983,0.06813084231494974,0.04497808331748738,0.1289974392259386,0.1821957853533491,0.641165081559852,0.028988804691379627,0.11585263283534011
U_4950,0.25100083528423023,0.872514745792447,0.30533414678014364,0.05815272948115069,0.03253436025693424,0.2220696957305281,0.05929298305852994,0.12027992081414682,0.04959817015420488,0.05069115600617069,0.06000014819293896,0.05370484786917475,0.16563872878781252,0.17735087748795156,0.24634183156221567,0.021934974608262686,0.6443099185980725
U_4951,0.22634991691679368,0.20057671331470336,0.2260236873310078,0.01129661991767638,0.02927994018522069,0.5254210915836427,0.06981860278756716,0.07890170890075066,0.3290904243902776,0.05931748796660538,0.05215815273232363,0.5375445088152899,0.11713274662148113,0.15049591184489525,0.23947475738913399,0.017293750903063825,0.6766664824727712
U_4952,0.13580427707618822,0.6605370469834322,0.6779062901893966,0.055600712324135215,0.26254248064287883,0.1518605632729482,0.1555223063602667,0.13065973058706432,0.06952837144776433,0.08056159745848583,0.05913408195865921,0.5405118551422207,0.16178541934051022,0.16763663389267036,0.06266922551412915,0.20958679002544675,0.13027648233764297
U_4953,0.04118625241418365,0.39784549338034036,0.1989407833709636,0.03664391087995241,0.2820918583617724,0.3899801187248513,0.40980736869290374,0.10111045644058617,0.17210340280059178,0.5574478174745299,0.05373545605996194,0.42070910904468706,0.1412591691839439,0.14317568238405362,0.06445338527923165,0.30751061212380226,0.08510995696262551
U_4954,0.23812354608620812,0.21145659347210424,0.19578172659070955,0.03150290239720564,0.1814499954350555,0.4451927851120154,0.07148677032092553,0.11647900468006672,0.7504146607188911,0.3169008750076207,0.06901821610573798,0.28926623389819345,0.14610187412032027,0.16338247439081374,0.09432106664561336,0.016057730399567732,0.11415589974983556
U_4955,0.02589569540555134,0.032850515487406105,0.15923555171390477,0.08522349742323121,0.13673620154282892,0.10553676845811638,0.1190668775147645,0.3647847852191426,0.2991489906731432,0.15424759857408848,0.163826575202244,0.7840570612345928,0.08308885279582928,0.12866235773112944,0.03360229350862322,0.256189474308625,0.1516823317821536
U_4956,0.11271444734444079,0.22511920844114075,0.12687880050283756,0.04446149082760789,0.25700711298470075,0.19041490444128498,0.13337078573776076,0.13714201720898606,0.4868231488709903,0.07413691902532013,0.07910875128155065,0.4374821765551694,0.15977060886447914,0.17164035943287773,0.07641982961438529,0.40392416671245535,0.1589137163683003
U_4957,0.09248709162975124,0.4275883310246593,0.31113649641582,0.10289137283473422,0.1345052121131648,0.35782480914383813,0.20160159963651533,0.18238898091808706,0.33911742335248785,0.10058413864700425,0.10884360640637313,0.10232567831684238,0.30890358499925175,0.26104226794254787,0.1311835868260374,0.049022228193310924,0.2839856002826539
U_4958,0.34097850406009067,0.44518666497633325,0.2921431856115732,0.05532642039971873,0.045317867979282944,0.2084726918271401,0.06777461900631793,0.13142850660116,0.05295558566830834,0.6675680831161488,0.07500760696827116,0.06750427482039267,0.14532652781280792,0.20164721988198606,0.3707570515242987,0.04725632777508078,0.14276397611639305
U_4959,0.1795764449525567,0.12046455961773089,0.6871600861758249,0.06750605554309672,0.08959045025324643,0.24424253488780717,0.15840749087498704,0.340121101871779,0.141140554943381,0.5361635557010447,0.09896086866800018,0.09557801757160651,0.15150115651524726,0.16575581917024593,0.09642013204452556,0.031212078408478686,0.16800462139560254
U_4960,0.18273304670502372,0.20208959277385197,0.22095733326721356,0.02857704216303726,0.0589772395381912,0.20427498048063017,0.07738227015851208,0.32878214155996793,0.7998440229506574,0.10253283576272743,0.10377553653317498,0.08202111640777379,0.162060011848663,0.16152867142669186,0.14793882921396556,0.037076662164435115,0.12562795621252776
U_4961,0.32021863948411083,0.2625792072654267,0.27965415906176205,0.04623998929434417,0.030051514384035263,0.11211349568819924,0.03759294951150104,0.09257452766100589,0.03755578778851673,0.03769632966330409,0.04450804363215349,0.38087456689311644,0.12890970360911405,0.679821641413196,0.6954335677961309,0.03560917715066823,0.1846558343380566
U_4962,0.3026054581956542,0.9660183497691744,0.30386364258394055,0.04558559647949157,0.03991968253465434,0.28280329477144805,0.0844932916248746,0.1310553727990078,0.05688507255930411,0.07062137020858418,0.06416252709337554,0.07044009119424623,0.1613173539414096,0.20394068431996307,0.27271766177597717,0.035050197810847665,0.17600659916524442
U_4963,0.03631229745180912,0.04175785842441046,0.10087918107561242,0.07214381875503693,0.16223129162021555,0.14939067698360764,0.13268965629465743,0.1571628182279969,0.7677160799596496,0.18966835605126026,0.1884375584948902,0.19185853087631843,0.11505857359061156,0.14889682060564996,0.06012673942908256,0.2827600565954202,0.20928214517372867
U_4964,0.31744321131471814,0.25215926467292354,0.318064094852328,0.029154344369941347,0.43298524031758023,0.7088220320267561,0.07213095449907578,0.11439860559468083,0.06875503510676656,0.5274127229053963,0.061060438372470965,0.07161159468307507,0.13817045398736846,0.17977026974049426,0.2906312033931842,0.03615736367040187,0.13573285342808836
U_4965,0.3978054848337757,0.39523589341605825,0.44461534874544384,0.10353881574005662,0.11084145719904974,0.4795552303532295,0.2558491089217423,0.21249535039689998,0.07683357126011894,0.10208035581409328,0.07554684347247828,0.09959726272474057,0.26340987351634054,0.3062222063610244,0.2422088928240053,0.05401522235098177,0.29459645224969094
U_4966,0.25700668595490384,0.1997918853882712,0.5255794450205893,0.027827575630273396,0.1589081996082147,0.1127561067989091,0.2058218501209761,0.07914408457662234,0.025134373285478344,0.1597255871416074,0.038684463594626274,0.044288882499994915,0.09518093890316992,0.14267300723320508,0.8081512323829578,0.2614660400900547,0.09149592962472397
U_4967,0.42680719235604775,0.3046890048227994,0.3224382891344273,0.06070634366125628,0.051539100110564486,0.30608342464862864,0.7924261011960992,0.10626117288524164,0.06065000283165059,0.07354504837347188,0.061058145181089984,0.079438752395085,0.1792672753161192,0.17074343469931785,0.3223101046510761,0.03511477912933655,0.16729713633231083
U_4968,0.36958630433240225,0.3259317977147739,0.36560421529554776,0.060009252032574276,0.06974907465975276,0.17328397541371965,0.6511041217992425,0.121568941995474,0.06208164287115779,0.07540133245274569,0.08845088792049027,0.05721917792455304,0.14318762783908418,0.19092972122229224,0.3671377036946253,0.0641615260167506,0.141492471475421
U_4969,0.052602925567109673,0.08239854259855087,0.18972079730871705,0.04599277492797697,0.04071607365005304,0.364217614896069,0.3079645788124269,0.11186069523896558,0.5069086710504798,0.2299413713308582,0.06218527072057556,0.36963112889953637,0.16154874687455711,0.15616713166080767,0.07104472182739537,0.2031364252126361,0.12601324637563285
U_4970,0.22693932927838784,0.20781178883467288,0.22954184510361464,0.06490174164844673,0.43129402980160697,0.9840429006198524,0.09606458787527124,0.12013029680610329,0.05041487005472455,0.05935946021042776,0.03759522171186558,0.3532350495860798,0.14521068412271784,0.15905294872300543,0.1642092748308337,0.025293852740016956,0.1284603005667314
U_4971,0.19815127961238024,0.2838266083500616,0.25044876634921237,0.04342655758659227,0.111953098144661,0.6779541903808103,0.08678301249682291,0.1355605685315144,0.7975054732865687,0.1256471846132638,0.11321124523230026,0.07590034751325463,0.19078594209565108,0.1607754900368705,0.11308189874362996,0.039314952340482864,0.15323535736283891
U_4972,0.03584382760930341,0.044415331365498634,0.09225496536990563,0.07942875356182427,0.13768192165506604,0.8369681504985925,0.6392485374878377,0.14648206132530528,0.10716327309590355,0.16108283582171684,0.1674004417510324,0.255081374718736,0.1596678879140461,0.1776393023016272,0.05117748978602477,0.25707273386640656,0.14026940316791228
U_4973,0.019883021309319085,0.07780113155585151,0.09135191470662331,0.10220608544426558,0.18660846582642765,0.1503391995927843,0.5581927226157191,0.12724679934091027,0.09624951062445485,0.169547664533966,0.17557543283068786,0.22137587882847548,0.1269806129136864,0.1464017373971844,0.07607881593259756,0.9418052961706159,0.1820562900600142
U_4974,0.30265980877382603,0.29702834350708596,0.2959479398380495,0.04696666078786632,0.061178450207425,0.277674340120227,0.08338004163690574,0.13743699844598434,0.8346413569605488,0.08966568166981151,0.06856009502610534,0.11585499628539105,0.17221418031668584,0.18374869205893166,0.1502293336731234,0.062130613078346414,0.19432872933283435
U_4975,0.3344283482766674,0.735215556466782,0.2601962620950954,0.039029809249451285,0.04853997383969942,0.12991893425145948,0.06288951953504242,0.09583591101671396,0.03752951173115434,0.06451035035950897,0.04840187088955493,0.04751301035953912,0.1413378283415255,0.1885345880169039,0.5241045801905838,0.5094253540454785,0.12451861494293182
U_4976,0.3702618239157725,0.32509176038038345,0.31628465314984594,0.052601025203639976,0.053637183533721156,0.16571996488366958,0.07941823325912364,0.10021682708809786,0.7673455799146284,0.05153380340518787,0.08694081643438113,0.09096500725438132,0.21719041036894776,0.20105884903408422,0.33926454615155,0.04922418464059882,0.1060631103764553
U_4977,0.22829492448318622,0.21719168738085853,0.23397969573846597,0.03567684791430579,0.03768566496553973,0.14961357242049966,0.4215406898061692,0.08888314016496922,0.020925890661037994,0.1960503036297141,0.047810224649940794,0.06296445437920822,0.1083980567128592,0.8648949661350039,0.5026495380828243,0.028459719641154915,0.143464989131422
U_4978,0.29973008936271534,0.3007464984281729,0.3001248760661138,0.0493555854845598,0.052602641204859586,0.25908581080745957,0.083010720442677,0.08948028870924718,0.7667469020818287,0.06226664439301924,0.07844095578247992,0.0765737361454446,0.21632386061074685,0.21926728994553674,0.330620864374241,0.05854235161023853,0.12646911885466625
U_4979,0.02891948393583143,0.1256781450182979,0.6086604475742521,0.05239022739402361,0.38033560072932965,0.10986567178995571,0.12336315539459558,0.09206417608758802,0.7954671176192389,0.1279846929273987,0.06030790224089358,0.568311012083824,0.14331292373944432,0.1367015993577218,0.05259018776326038,0.0037041619886507317,0.09519210783994791
U_4980,0.18571982644350646,0.9357587614134765,0.21313486603646215,0.033898426204358206,0.05281696243240631,0.16984055143430238,0.10502257695809225,0.11457169626177204,0.15293876527013725,0.09463753695538821,0.08637017992219587,0.06192309724497526,0.1376871962190745,0.17135211120701127,0.04884559762841468,0.236726674530707,0.1350076869772487
U_4981,0.3334183088450183,0.9733535311766959,0.2562504175046391,0.045949582135013586,0.04688190104614838,0.24730716155071736,0.080824219841303,0.08048263591173144,0.06324944972608315,0.05765421308912694,0.05847837651805901,0.07251461567106712,0.16335884552160487,0.17648708711881617,0.3211527999906437,0.04264356653814909,0.1595089856527129
U_4982,0.028157662025901975,0.04728510422199381,0.16129920878406087,0.10322732889946552,0.17135458878220125,0.7292342278183568,0.12953936003145736,0.16236820629718957,0.6109878837277136,0.1869614215336403,0.20308140362825997,0.2704399140575784,0.1477611717198628,0.15687850941329345,0.06818950063134573,0.3252730331330481,0.1637504261468587
U_4983,0.0704885206167759,0.09048193926903941,0.1765294049546322,0.06681679854420884,0.096035661402408,0.7296533355643826,0.5033660097931735,0.12296101282743141,0.3395841068765719,0.04908906272751791,0.08366947488368451,0.6425647746899706,0.15017723367017055,0.1299959155912535,0.05705803094248885,0.010070491601883357,0.1013399305215854
U_4984,0.278095899020582,0.22943347332136171,0.2527154098188798,0.03147535557023286,0.03862951615208357,0.1346123046131647,0.2714734814599654,0.10059331406152618,0.046862332238705846,0.07801592088369659,0.059562323908561476,0.8529356812902268,0.1265441128747125,0.15669280188699017,0.24335311956134725,0.03067435899945735,0.11719903843978331
U_4985,0.1183401958757386,0.22433533381928622,0.24288853878943106,0.0556204526615376,0.5505133882758556,0.7983773262819518,0.11825044437799608,0.12330684177840034,0.7454262348353998,0.055674469958022936,0.07003278846905696,0.07181590551314677,0.1504528924250816,0.1639344093905499,0.08432043165818315,0.03773417888402089,0.14314507703598844
U_4986,0.23834056808073736,0.4099055739389064,0.8448655429867876,0.04453606133712337,0.03561799267815044,0.18282764496723766,0.04428723018561309,0.0756509092041367,0.2809464005732692,0.1786424751498251,0.04118775189944655,0.04928287612053857,0.12473031973957571,0.7224841144259246,0.6013643533279812,0.011721861357096637,0.09538736802560766
U_4987,0.27168045117907275,0.6290074222374757,0.24523974228996026,0.012385782014323263,0.028440155565453297,0.23389639021854883,0.12818305270321953,0.06473351415566662,0.6020710622050189,0.06744882607289988,0.06245002189963919,0.6711812577178059,0.1052162743889141,0.14721969414732536,0.3286268394231932,0.328903234739993,0.12183989645360957
U_4988,0.22573196228447934,0.8553999083866978,0.2639437488587517,0.08884108158084338,0.06588375070055674,0.27248011124209287,0.10522219486031034,0.1282434397358622,0.05067388344307491,0.05407694275345776,0.06439508833138326,0.05725651941832313,0.17261690518015793,0.1773067045353131,0.14442182330389128,0.023453795250187072,0.6790951972416448
U_4989,0.2857073430342488,0.24922455035149577,0.2666470095897831,0.03985704780658407,0.036655016309275104,0.10708564272424304,0.03735369766508107,0.09320920747644267,0.03420954429697283,0.31671681661339823,0.047784773779922615,0.06351904038124348,0.10670909386031237,0.7007802544571622,0.6788206751794331,0.0330881538769147,0.15212760322315994
U_4990,0.03498132547360208,0.06413230428295155,0.10252999143246931,0.10136010366545302,0.16368862008777246,0.1513695827462752,0.160175995529881,0.15412025892606218,0.12998568465918633,0.18150145793011727,0.19226855995416217,0.21062243651209736,0.11003358812424016,0.14816859542876848,0.06449315948217053,0.9473638042704657,0.16919572088617352
U_4991,0.26238799414041575,0.15617769139701593,0.24631359695974597,0.06572211969988323,0.06263973033027989,0.1733091087081079,0.3929726440619165,0.13378223124469255,0.07666039197486663,0.43574451416172166,0.04964989638057548,0.40672752521332584,0.12769402902083984,0.1510722157811672,0.13073618991569047,0.02881666198544617,0.7654739329623697
U_4992,0.2744108759640515,0.24050079535282032,0.2979480110109029,0.05082551255390076,0.06453944996618353,0.8404261468786983,0.11606497751521132,0.1205844178681614,0.13109077075349657,0.05658287286995617,0.05191675206285539,0.12749671274237917,0.11974390894616266,0.1781291653642546,0.13322902975053358,0.022680209368565605,0.4922093428403839
U_4993,0.30347272658536856,0.3348022443299619,0.3274712172148926,0.0469197134205034,0.06765416849389734,0.21484902655276453,0.08687514893561757,0.7217535087731678,0.03126038914595559,0.05298329908158704,0.04742681158156848,0.046305275873114005,0.13109195671726084,0.17810278040847546,0.30334396209784337,0.03808846479007024,0.605473633745136
U_4994,0.23321712199325484,0.2620570472674988,0.27901520799686524,0.05015633035142721,0.06058303021287757,0.2829314909678128,0.43302957794309294,0.13634559451664824,0.07355649920123332,0.07021602199499687,0.07074621838719002,0.06620058822461368,0.17756449501268326,0.1692096343914356,0.13164383814649014,0.6738521427268912,0.17496228628076574
U_4995,0.13103331348534178,0.25787511480776637,0.247816614341951,0.08122463686531027,0.0671753066935365,0.2193044601019382,0.12659749624612399,0.14130384581069075,0.10677825480590875,0.06544868907837162,0.0501511327951692,0.49086713463944076,0.14532714096493454,0.17069293855622272,0.09772243729488193,0.5383463506321139,0.15683077441732743
U_4996,0.011826599700623951,0.03798897454063787,0.08657909683110163,0.07527616769867668,0.13612568547900733,0.6387792778794362,0.31137672624336454,0.2277773897959773,0.5850726075446148,0.18362796676618665,0.18798131835963905,0.4819416924473009,0.0923275324468586,0.10131356531736753,0.027764416813671415,0.519395000556068,0.12780021379119594
U_4997,0.35896895417682717,0.25679391968163645,0.2912189170078138,0.04104988916403246,0.043837383920710585,0.6327153970566514,0.06894110598952143,0.10013561399024948,0.08668321811343224,0.07833119611694506,0.05512403915552439,0.06536246171065872,0.14613641360456772,0.17165201783297293,0.3249566377886602,0.04988273513125468,0.15105803528215778
U_4998,0.005728408703201212,0.02596597475774646,0.40103494670372297,0.08442767179312627,0.25274303685613486,0.460862120036475,0.09011268551782144,0.5250207921982734,0.08549640540491263,0.22138449322972667,0.1344359463152766,0.7311749995198091,0.09632387645427978,0.11032125104943266,0.04029349415709151,0.2379106631189863,0.11735303182243714
U_4999,0.06567589355465112,0.11447236579736486,0.35915855447112016,0.09803915074529033,0.2284718790433539,0.20234843653127946,0.14034539077835642,0.2165069445383988,0.15904310087420254,0.29419416358965095,0.278425905198304,0.23602721213923306,0.15235707704262352,0.31123679705967705,0.08964685612002424,0.5256832137679286,0.2922020329227143
U_5000,0.05668912773551439,0.11377466377904655,0.1091811769656688,0.13524579440921936,0.1646526390232455,0.561640513200866,0.13284013957446414,0.17770104320086505,0.08650350573707204,0.09245626650241198,0.11525436026599802,0.5293789932406058,0.14309655504029564,0.326949599696912,0.10916490202449698,0.3926909153482825,0.1749235817095875
