user_id,M_001,M_002,M_003,M_004,M_005,M_006,M_007,M_008,M_009,M_010,M_011,M_012,M_013,M_014,M_015,M_016,M_017
U_4001,0.07982297598425092,0.09541327513995732,0.09197593901224617,0.12468560635625937,0.14804828933336903,0.09682642556560829,0.10703916324499967,0.1539490101323432,0.058375483736862896,0.07434605735346203,0.07561677973178811,0.06043905501167693,0.08328657736148351,0.14079900049637217,0.39216248361286593,0.9656901746442358,0.1778959332295087
U_4002,0.0715544026568144,0.16671191716234582,0.16159611583422792,0.09091057687427628,0.10508169607216712,0.1730237669665441,0.183097551181057,0.1547191555932471,0.17319388863083762,0.11638350899339667,0.1263649627879466,0.8640220880699272,0.1761714082220024,0.17963180969941986,0.05427215990431229,0.02197442451021942,0.13555533125166422
U_4003,0.02999748560445655,0.07829906496336037,0.11910089487644374,0.09785288210790787,0.20218896339092088,0.16631949761833392,0.15287824981034825,0.15186565190356438,0.12517134374521924,0.22913889754813543,0.22705008342123012,0.8593591205888342,0.14835657443687852,0.1907336614886431,0.06693931988804272,0.34793671005898735,0.18713281828845557
U_4004,0.13089551674841485,0.21181703375638153,0.2534248290065829,0.0810355569031854,0.10538353873809048,0.9220724970993184,0.1485626451511397,0.14175919580251817,0.14939528395480509,0.45231407153926406,0.09856434017347447,0.09189110442664311,0.1875452479715678,0.1696271863405188,0.10021958529412008,0.05844556699219524,0.20203976045906077
U_4005,0.07376388999164496,0.13149830742643245,0.195235226314691,0.10432400739534078,0.14457052890076078,0.20939642467082156,0.1602152836705115,0.1778976271600901,0.24446335945920342,0.7957046081743944,0.09792634689490497,0.5996769965762031,0.1881609097458155,0.20085571289298987,0.11477346725655398,0.043955976783360134,0.1594108167903679
U_4006,0.239696269869982,0.18404789687435613,0.23846267230810458,0.016058895122501263,0.023425442054791145,0.6501919235492551,0.1998750513498641,0.21744228873608612,0.6257068182743583,0.04857823399423239,0.03900385231990729,0.735703267320079,0.1458175625554112,0.1353233944635334,0.3604567037552552,0.02276285216123448,0.1208572845260088
U_4007,0.2703957608242835,0.2511739950116575,0.2565565050193913,0.057168621606706195,0.0459540493012513,0.2254451535353217,0.2987281299879284,0.09836523361317595,0.26648669871957487,0.09186216350814765,0.04933609854958472,0.05318460457637866,0.12863770023085128,0.8170608185146755,0.31766073840849746,0.03166142590393768,0.12087636233122781
U_4008,0.28217577698325896,0.19256787948316337,0.2066730153158352,0.030511837114724383,0.016636278020644688,0.48160268607350976,0.028525084833585068,0.08424426222279988,0.019610088505963852,0.0483357793835732,0.04563541204706272,0.20486155398765615,0.09350468965073686,0.7249512276192713,0.8806706135682955,0.024782710928520704,0.1095859492435437
U_4009,0.21252649191068163,0.229459796844312,0.21198349021946764,0.03163606638034011,0.271591816311454,0.4061986717348522,0.07638448814605067,0.11043851380505645,0.061226652752612555,0.05540234716794454,0.055311901072727834,0.7302321941216336,0.1316903316992651,0.15257222199185394,0.24798290736774767,0.040151587132904384,0.4168385556910844
U_4010,0.027327867699113002,0.06067159422629898,0.0717092509719513,0.10227060386198852,0.18149372122900073,0.5618084932458194,0.12635586733370324,0.14573403219861325,0.12024952465442931,0.18264596460293064,0.17692501778713696,0.16390082330047415,0.10921846990474528,0.17352798344392878,0.0426882014736204,0.8643161119989315,0.16978927130662155
U_4011,0.19458676640063988,0.2758635339020778,0.5313000078426358,0.012067747348748999,0.019739348892351162,0.2448250067755146,0.018132601386135712,0.25454749075422617,0.49912208401006447,0.054984639894786136,0.03457384766063057,0.12096377133835046,0.10708007906276414,0.13334869960791185,0.28336026503120226,0.1367493896468935,0.0925951185350951
U_4012,0.24715963387939455,0.2124439816520145,0.7316851524489006,0.04696937294793407,0.16054470126528528,0.5683677233239357,0.053083669809755284,0.09696150902584133,0.024918414698402516,0.07099691738780484,0.054506587100423706,0.30309470107818015,0.11288492818640336,0.696877152274622,0.46268041193381076,0.022234809079543533,0.10187127155169573
U_4013,0.3586273883124682,0.36548196215024964,0.32158234454248935,0.037010370398842224,0.06125845447683243,0.19669046055200706,0.07924841056294779,0.10696129974911858,0.06765230366643449,0.056834797910990706,0.059403736195303036,0.07144106990379795,0.17044842242864533,0.20222467547945605,0.3394406393745889,0.04396234824582188,0.6565482764833944
U_4014,0.21211876341056163,0.1818847011493257,0.9796261027285602,0.04961048833047143,0.17630853166931984,0.23130261151444206,0.4775303763351914,0.1258686864049099,0.06700456670838341,0.050750084335341866,0.0712552939889746,0.06081744311119555,0.16165528041402907,0.13114087712559436,0.09504575635097849,0.016841392757017255,0.12022013498845724
U_4015,0.037538719774191515,0.04948918286083792,0.18367850641478725,0.09542329728766519,0.17491333888456323,0.19168682550649555,0.1364693332286022,0.16518973356860467,0.5454192167302216,0.19380646957943765,0.20099874019627686,0.2118496123437456,0.13740892746773223,0.14243637278159335,0.07625777931223567,0.40932622337184066,0.19438739763561735
U_4016,0.2464196329423997,0.24695211681778406,0.2621646025440535,0.03608826063601798,0.045962081349885844,0.27961107126720963,0.06073851865773045,0.1245663698529203,0.049491988961973404,0.5609335051808846,0.05678857238782105,0.5519735057220658,0.12748073847005825,0.15106645640892233,0.24857250773353373,0.02673291257640169,0.510447392602185
U_4017,0.3681453675066075,0.2870383589810248,0.28712532649717964,0.046094454794525536,0.04210973888946067,0.9029523594015465,0.07887354575568849,0.09633972092583203,0.04169376633794275,0.04800102416843431,0.04817224374922577,0.061858236669786605,0.18735679233322833,0.18580532454876092,0.3239907399359283,0.04445704377947374,0.16973505143319612
U_4018,0.26977411479308855,0.24282624257156965,0.8042741135228737,0.04973456246154479,0.03923022889440639,0.22331320988526007,0.0474511354167267,0.10083709578644465,0.04581122974331496,0.053690866090907924,0.042831628086742034,0.0685359212831709,0.10850894515717724,0.6718721614850696,0.25974779765734507,0.04166244672235823,0.1261002053952979
U_4019,0.21266543437683716,0.7063201375157431,0.14997436213822535,0.02954375006622273,0.2855449446046985,0.2310869372664654,0.0677185865305528,0.11418587702422962,0.47019728649231773,0.06794953615262846,0.041600502002576506,0.07108257775304873,0.10183802195475353,0.15398196387622873,0.09561763733341752,0.03650459447599179,0.819334617923489
U_4020,0.08197244250036996,0.3525464347926276,0.21638618545064547,0.022672254951197974,0.19458582283409642,0.15132518316016347,0.24335625618531057,0.10982249755772298,0.6863527997819093,0.04153579320003376,0.05227189040382099,0.2262880520343477,0.13524662244742486,0.13388514632118584,0.05556272757965326,0.10727114216701983,0.09314404826093975
U_4021,0.16852737219170005,0.6509874330105304,0.19467066303188835,0.08528379161299283,0.07614999278714112,0.2599696095376118,0.18107029933281066,0.13717065404649748,0.6816289557252152,0.0733530512005357,0.06409921150888684,0.30209651100335655,0.17204051267546827,0.1689132246267399,0.09057736654047516,0.042450630076441134,0.14334049601371993
U_4022,0.22426122435331744,0.20770601035344816,0.20651807209680154,0.029027008470831624,0.25854784100332817,0.6648176535800852,0.036360978912312596,0.08787378550013357,0.021608512944295614,0.04777698171529681,0.039838836971619794,0.037858772022263405,0.10663430578790059,0.7128817675170231,0.6602835468593866,0.02264045242333812,0.13206791536461157
U_4023,0.3283569662351636,0.2729797688524431,0.268516625865105,0.04563534116053429,0.04868798965745146,0.33719418377116206,0.07818260620185516,0.11450623351292723,0.08070013567612166,0.05925516184202824,0.06211188752965558,0.09032785788252345,0.14095120737651345,0.22344943152308308,0.26110294897376485,0.04473828387746326,0.6839533410630686
U_4024,0.22226053955776676,0.18878183034525128,0.8180093904088903,0.024947791472699724,0.2402226802883285,0.3173414346563901,0.11945940347678943,0.07650485251260133,0.20954007896571236,0.07370112615202015,0.04693426363829751,0.5513408621954609,0.1188156107387758,0.144440351395809,0.24419782839010412,0.14872965173457034,0.10161558404288938
U_4025,0.03971740195754686,0.05834870158469743,0.08439072304542114,0.09972587299532253,0.15130627675437897,0.7488236341375858,0.1312648647924457,0.14945860330984306,0.09299659711279579,0.11891273119781533,0.09821331107517692,0.32920075684396244,0.1837709524101792,0.1485590957375337,0.0937955632637492,0.6818002824662281,0.15222895174610973
U_4026,0.03688440382946033,0.062495983642821246,0.16961916163341045,0.09881252911688537,0.19578755604701528,0.11431176881232785,0.12254311286426653,0.15465177395645568,0.7624586125805355,0.19271952899079534,0.20297100512578473,0.2139442448936157,0.12876234275350262,0.17112463733673516,0.06578792424529693,0.7184373466162044,0.17466291626070468
U_4027,0.33297484410495737,0.2476921450708241,0.593574665287645,0.039221155079263284,0.0290551094661474,0.15185573837928187,0.0787663101768883,0.10894216071622533,0.3301798247491252,0.06463157729203228,0.05278754923079381,0.6154271137608978,0.15708787539255156,0.17293012961304968,0.2584492745447189,0.07206191886908034,0.11930108806177853
U_4028,0.038018637867557444,0.08103374378968306,0.1392629087137543,0.12279523121804914,0.22746606004505865,0.19948852430658767,0.15320663016452235,0.17154808600900592,0.0984486119625314,0.30886863360866434,0.31312668276976974,0.2759619289604807,0.1335422924291585,0.16543338720934514,0.04774956423954816,0.48422889582255507,0.30263846047507426
U_4029,0.3650036555016979,0.31629250454686364,0.2684657909913193,0.04675927561959729,0.029721388595270546,0.27389677048794137,0.08081437972942992,0.09698863918116356,0.6649731302526879,0.06338248818617624,0.060941423935926414,0.0846047515344164,0.1663939477892326,0.19122334223084725,0.2981806415155271,0.06466176139092025,0.17338348922439112
U_4030,0.3010008405144137,0.7188745465476362,0.2877836178185901,0.03551202826591174,0.03475482271439488,0.14834782274514619,0.3183951645300341,0.10052791130412936,0.5687901984142704,0.06955984637570917,0.050392592089310205,0.08114555540347945,0.15194295044067255,0.16723717952432124,0.28524877470518206,0.03754216135054553,0.12955099867535652
U_4031,0.20123220339600117,0.16869963008898603,0.2296972558331477,0.06196977615397027,0.0675433872616997,0.9135222138766499,0.12777949976021472,0.5205040859150625,0.05853108348672014,0.06109553571946166,0.06160522333264892,0.06158539621768151,0.1441693536121818,0.15018438978331278,0.08954534375139242,0.03365242288022191,0.517054552664282
U_4032,0.3658499523322016,0.30828649252690005,0.37373535698374133,0.052758415413271344,0.04375574241940409,0.3146655315090984,0.0819534348958455,0.11351485339875758,0.05003219531068232,0.5757655856648285,0.0715453065858195,0.09373904781549511,0.19646156745528642,0.20469419348610257,0.303950988689617,0.05852501403792892,0.22222365996504012
U_4033,0.03605828451440792,0.05709180309710968,0.06867839928004081,0.08383852166201512,0.35677472050699915,0.08521134328990271,0.10510344701885409,0.12423599115300982,0.6072083493850337,0.18310916170242636,0.19448724400466855,0.7070201523114746,0.15259339239757352,0.13324109836563164,0.05010241638801439,0.2463665870030546,0.1540294844934212
U_4034,0.06247900626911181,0.7164381583657148,0.17127606326183623,0.0695347298423509,0.11682418303004025,0.20894830174191037,0.14508388550753706,0.13908305754923364,0.23302358204136472,0.11479998188401455,0.126653441454523,0.0892413872031945,0.15439265522579554,0.1652798527900893,0.07479497088721657,0.057439596292435585,0.16389866570982792
U_4035,0.4003025736649285,0.9480430741894814,0.28076436030367585,0.05555973081322389,0.06801510934625261,0.1648169829386763,0.08343934122663661,0.09592818634898047,0.05380521746407905,0.055480261667518814,0.0522774062349277,0.08165959399828954,0.16243519944391077,0.18571790241598915,0.309757312873577,0.035414047474151514,0.15341067932932584
U_4036,0.030626234438457134,0.06755401713218279,0.1506153778798201,0.10053424894489617,0.5397613660725634,0.5145756543724904,0.09921669063024455,0.14726113305663446,0.0595516548303819,0.10611103342561934,0.11198049806603569,0.9289729264281023,0.10235586252340553,0.10859031748208164,0.05876818359936245,0.5454608538121211,0.11974920866958855
U_4037,0.17409817365670643,0.26319031284702726,0.2580831296859199,0.05182572469030889,0.0742625746981019,0.2751107766166137,0.7349750684712903,0.13029168616083303,0.146913213429008,0.08204199405209912,0.09260035564776165,0.06838921221183353,0.16989713433859374,0.1700772129413508,0.0818219289717281,0.33477114977641503,0.14810865451136457
U_4038,0.2578852840101291,0.24499284106115735,0.29112574597565805,0.07386747756932471,0.07540994323413164,0.2346236220628919,0.1720231348935611,0.1477866427589713,0.7967044439719532,0.05280385946235082,0.11991389426675267,0.06776108114295631,0.1605295560602111,0.194236765546266,0.1711654350543257,0.029087914525010576,0.19114880099512618
U_4039,0.24226398469913524,0.2407447277282903,0.25170060642341663,0.0405027976875149,0.04828526368475142,0.5911387328518123,0.25091433993605156,0.09064600385913517,0.029211270223818076,0.048310936445132624,0.0461754120939983,0.04159492738845106,0.11825141435888008,0.6043436213877471,0.6177786651794721,0.02789297068721032,0.1631093781064485
U_4040,0.2806445509545392,0.24306935489281012,0.2505280598464074,0.03731440102169296,0.04795252610488871,0.13659965356480736,0.045983121261215065,0.10238109356510891,0.45979117952133125,0.06561147816793718,0.05074335389939168,0.06130244847111804,0.10005203311957674,0.6863421284164615,0.7418293388955793,0.027788133920418536,0.14221049166116526
U_4041,0.24290591298564745,0.3618022718794423,0.5519347505186722,0.014910726086761226,0.025388748000687605,0.08529595501447668,0.033028456174324074,0.07025279395016754,0.20206932031270325,0.115287565486552,0.044688839852746895,0.17916962749501758,0.10115395387632452,0.5310886309803806,0.918827496474964,0.009309349311262675,0.10422261327772962
U_4042,0.04821333591740297,0.6545492486657455,0.0855245143064316,0.09619542692361584,0.12325497974955396,0.14483369783304428,0.19844141547263108,0.10849564634745477,0.2369922850192697,0.07717786637633006,0.09812319188973379,0.7596440929899939,0.17884767481376007,0.16880369885177177,0.06260061651476162,0.03783553589104627,0.1594825003408364
U_4043,0.4076575187877759,0.3721892657223592,0.4384212210369651,0.06459529625240606,0.06771518378660132,0.24350706745806933,0.09622266954087241,0.12968393444175247,0.07515081740837515,0.07002670182739039,0.09640689544783296,0.10399819490257109,0.26176310915337364,0.24173578904018722,0.467720341520855,0.06292204009145365,0.15844925570997487
U_4044,0.31338400485299145,0.2540198078025275,0.26654385246634255,0.04695517412444412,0.045268675870548586,0.21247206676324715,0.6228435128691794,0.09859745706807936,0.07986471848930966,0.06287355933107305,0.06036317532451663,0.07324802933862247,0.1294861266943553,0.17747819481047905,0.22114315140555552,0.03655809220864763,0.752155244183124
U_4045,0.30564995461913214,0.9686639647257789,0.2557364117116791,0.05439916329889419,0.04035233532112167,0.12346007044436402,0.08023717772768213,0.09481909614385278,0.05540282895605281,0.06981046123352708,0.049267415653098,0.06894829348516188,0.15086841364583475,0.17193223784875972,0.2674598333515185,0.027048609971596797,0.12383188012085035
U_4046,0.14745037660808769,0.11914910696522737,0.21926658135831423,0.040757066014841754,0.059458152945146045,0.7863625288080335,0.43428165243663874,0.28615558892480797,0.13334721057049248,0.05570395980100348,0.04977522432201069,0.41046715783081456,0.1474033010840329,0.15119841639426637,0.04729296442534006,0.20737767056076398,0.12913762851834737
U_4047,0.10757986212418869,0.07619598347188367,0.2794748310303996,0.07156636051162861,0.06566106397979772,0.48549289441746024,0.6045903747397248,0.1248249084119691,0.7514904721025214,0.08625056824860548,0.08162011999053218,0.3052725979311583,0.14566720492109544,0.15994046576565882,0.1794139717954133,0.029907862227222602,0.11940491176201619
U_4048,0.20002261746553948,0.1666920450409218,0.5928460840476751,0.025278499431527948,0.017741684511398813,0.44758004762024206,0.12640639151232974,0.10378856314775142,0.17514572384151145,0.037742219816747066,0.03703708368331045,0.3768792211576916,0.0899058208868147,0.6679111123792603,0.7190480335237279,0.10403544066412049,0.07166225111104989
U_4049,0.15723462539278796,0.9860476271634975,0.21628459042898393,0.07063854961410272,0.0848586411906112,0.20529200465201086,0.10908822704830473,0.14089786010925742,0.24334551333133053,0.10496142402337647,0.08751971452621865,0.08592628260278752,0.20599431737359225,0.19283868513112784,0.08615295123657798,0.05433153280813794,0.1990330564909164
U_4050,0.0472526985379266,0.035601229437140676,0.08662757816323179,0.08688281137166748,0.1719731503447584,0.8048226581099194,0.12025800149935473,0.7121674648982296,0.09779593198418401,0.2340516875220129,0.22041373358116004,0.2683001567411676,0.12855034307859406,0.1577704022300201,0.05094754615770597,0.23270474687510143,0.16785456761914944
U_4051,0.23398391618925243,0.8621140454688816,0.2488945256077758,0.04117063421274825,0.059534081864950114,0.21283756878264265,0.09213455124722603,0.1104690927835458,0.106075364629423,0.07080674942254711,0.06253041161516266,0.4929002201607136,0.0960553653031901,0.2172867426975466,0.194645541190832,0.024040415926551404,0.5006074364361096
U_4052,0.2864383972265452,0.25342410821556205,0.2707225703903272,0.048350674510879675,0.03542752219439532,0.11925649514361114,0.04310785281661679,0.08988447060643134,0.44808083324252157,0.04106063472951615,0.052882700159833804,0.03328534076207861,0.13337334165652256,0.6867008681245499,0.6427389874641376,0.0325028647169377,0.14007309226566209
U_4053,0.18829871205655344,0.13591891679754428,0.983170706059412,0.06490266268721995,0.07579095854796272,0.22120243763860967,0.13339389857962802,0.14283162752181602,0.10980889192707147,0.06253546727495099,0.0762095277609543,0.0672112172734972,0.12097264448658979,0.14311232374141747,0.08788915173026735,0.036845238911006786,0.4704754486125191
U_4054,0.10379601850344486,0.1334636176390513,0.16209635331058841,0.14784356087741093,0.1839312546476286,0.15123797155920515,0.12018487960335306,0.19303196849880083,0.05920178614954216,0.10127233294876897,0.07651398340728312,0.0821614149774853,0.11876620766515203,0.21328273090885538,0.2083299774998838,0.7196310126267125,0.34282827161387824
U_4055,0.3727919154480355,0.9356981103443485,0.2778157038467474,0.06351488612751993,0.05805240002037435,0.15732417466570836,0.07299116849718978,0.09758995354792928,0.056916372500841805,0.05567388433748651,0.057834285997636195,0.07029865379714931,0.16948669653097057,0.1913108458434845,0.30492604475301643,0.0454327609311537,0.14870065090021242
U_4056,0.6219418787782525,0.46727498756694247,0.46837519164355756,0.033794950751654965,0.08541300026103202,0.2454254422740772,0.06790830905907876,0.13904641798343828,0.04799603451184057,0.07816838882151805,0.05139799074655588,0.06725475753162574,0.19885293220690495,0.2786896517734541,0.4687760769495334,0.06232210575885769,0.24946915857428847
U_4057,0.3167672938286473,0.24789914511252598,0.27036738850705677,0.03768248966565685,0.031001345472792475,0.24735936221045055,0.07515591262204399,0.09353582965815246,0.7692461982802572,0.047980722505278066,0.04993479379151947,0.07121807863188642,0.1406288386082041,0.1971241318020211,0.2502289004470624,0.04156015037166071,0.6018408676747575
U_4058,0.25428961103478176,0.2109080704102502,0.31210125417428136,0.06905219710203618,0.10248394331005266,0.21955554074825728,0.7296670858119916,0.14312865080362316,0.07362578517640478,0.048935214050788364,0.06409062308273335,0.07283594258142409,0.17266364593429062,0.20061915084560167,0.16298555362189976,0.03689637124394862,0.6875509289734818
U_4059,0.09675946623890422,0.16097780948819548,0.7333805058078688,0.093211766371322,0.12308555927008358,0.7637447637340643,0.16821698820989164,0.14990512421231894,0.1751919392898074,0.07295854621082654,0.07717045270026732,0.42412403604259047,0.15295539528976462,0.20185867513966124,0.06836629034198585,0.03564460522393052,0.1540235296946132
U_4060,0.17789285482576192,0.20403928700757554,0.7284511816621178,0.04800107903783778,0.04557423133343638,0.7672865965988301,0.05996025005495386,0.08866037921523516,0.3895940167236479,0.0586684984497237,0.0824938229932595,0.03708594826674773,0.11607244110793599,0.13718909683424835,0.11584573617775895,0.18304239955619786,0.10464762607785798
U_4061,0.0734375686807277,0.17042855052467665,0.1602302449353484,0.12188838652578968,0.16002761814994687,0.23176519287295494,0.16797457656645962,0.17205808042613918,0.9617956061708168,0.08608996162014446,0.10002722465770746,0.08424825768590317,0.23283734039999746,0.19436222464284358,0.09151812735671487,0.04436253870845748,0.16402218707298355
U_4062,0.02493883067666318,0.04989729907323755,0.08769871462737586,0.08713934230806777,0.16419641591788958,0.19055049448863354,0.11945038436675892,0.7497442015148261,0.10254095939348687,0.14890905943397797,0.1606142079987454,0.6276713619744527,0.09926993417441007,0.12722234108493696,0.053238974194371895,0.5898380764023647,0.1765134382338227
U_4063,0.43807333368236223,0.1823931829921878,0.47475454091387326,0.026109664232023946,0.036538830688430085,0.8117823390705435,0.0832594118871045,0.08644899736374043,0.04399144253887072,0.04946555965145523,0.05271665849045079,0.3330980366236811,0.11575929533518946,0.1333927730058677,0.2036021615802268,0.03385185831266495,0.13698116648797837
U_4064,0.23370311900831342,0.9623652897535037,0.22998482134239545,0.037101662433661406,0.059736368087921404,0.2409378776162407,0.10599729609309261,0.12729649972976292,0.12078662235839946,0.05764091880846164,0.053980749986879885,0.06417878442634119,0.14809983299780854,0.17239336062383825,0.14341389562405854,0.040672133509930715,0.5984794391197619
U_4065,0.027708095455296837,0.045013423410009704,0.09414667276757593,0.07794734861675179,0.1472497811219088,0.1453760982468712,0.12008235669154058,0.5877714301748072,0.09112523256537396,0.8231770171883768,0.16972377849569376,0.2827846044068934,0.12473388988999773,0.15903594702467072,0.07504939196341254,0.5997896699757569,0.17043210057235764
U_4066,0.3363169741998474,0.3218226393523388,0.3085998902612013,0.052087233159278254,0.04484285771534726,0.1667955637260468,0.06370934560620296,0.10698528526679513,0.8423077684275957,0.06959581018212196,0.07205223422377949,0.0759498143186472,0.19150412597539085,0.19161490044285642,0.28955305858687164,0.0564913489984622,0.17149252799903272
U_4067,0.4058725630891778,0.38399511784855755,0.306874529080551,0.049267818683638054,0.06504367515897724,0.16236958344897476,0.07617441672822102,0.11848112892904125,0.06851654710508925,0.06792514306561515,0.09443444421873266,0.08377184113591213,0.18272610046049245,0.20964408048794927,0.3370626137078092,0.6677346561285714,0.11586148604055094
U_4068,0.3817499613281659,0.26485148711379675,0.2796695317623745,0.035405143238135456,0.36690659974883866,0.2372249582515211,0.34864295560189373,0.11745952897160389,0.03517714568057999,0.06227453756906753,0.048151801580672116,0.49775866226158183,0.1556965931245618,0.18178387212808902,0.29401539386860814,0.5118939670329914,0.1532220819364116
U_4069,0.5449848277562096,0.4621894469030361,0.5464445976049475,0.03279067974747645,0.05880090544660985,0.25645265995707067,0.07043485220691531,0.14148473430655853,0.05059019711687597,0.08550770764126703,0.054467443075454924,0.13685689794457645,0.1856845639164046,0.2845691625363871,0.5332869304009861,0.0665981595914414,0.2387156121985441
U_4070,0.33755008367655115,0.26639633711217403,0.26951939880403564,0.04243802239768589,0.05726825551816303,0.6380968160178407,0.6368099333011206,0.11363806885913152,0.06990204357737606,0.07867830915729737,0.056670641116261224,0.10180237426245509,0.17388534732825298,0.172859869134942,0.28080771936568055,0.044902188658165525,0.165643416738031
U_4071,0.176937138047172,0.17305539413096704,0.28543848553728485,0.10543441301541089,0.09046891435054678,0.2593986742323615,0.2575032243970207,0.14684467827363673,0.5659543229044005,0.12723464757079977,0.1272616665280391,0.6163390765000325,0.17580411414422417,0.19071221586298964,0.11047677334498535,0.03543872580726836,0.14656351205304957
U_4072,0.28588345648980307,0.6205409353700826,0.2522653098294593,0.05466235866265091,0.045431722638210825,0.21399462425115395,0.4727672920902186,0.10164891178525104,0.04681930055956002,0.08524325115078857,0.0655367066886324,0.05521313665907209,0.1534172045490965,0.7037937587138536,0.2968841725924918,0.03372778336971017,0.12504372305765712
U_4073,0.12875571084976542,0.23328949977703844,0.9074722386184896,0.05494033933846432,0.08814670897227234,0.1834627547589598,0.1101888341231085,0.11846014632179494,0.18521249866301104,0.06009135561952981,0.08271552785660562,0.4387706019452162,0.13916640709158656,0.1540272313259275,0.0910980363541814,0.04235450267765475,0.1342765645521148
U_4074,0.07419780573663326,0.2174333753137913,0.1660103756608164,0.12598176441875347,0.15960044572707288,0.24006710233195358,0.18956927782970012,0.16964060770273037,0.911425205102043,0.13665256214639496,0.14482466968297275,0.08423359270492077,0.20942729439779176,0.19850617049081073,0.10295400559053203,0.03911160807253711,0.17175952503248695
U_4075,0.007723011127644237,0.6002860246511186,0.08384573800124745,0.07131685044764424,0.12070254494662783,0.11318695614490237,0.09308624918642397,0.09733259829733373,0.12535605735248984,0.36676725839657587,0.15244557468012276,0.6367236775866093,0.10148339304536337,0.08769112460292053,0.02036989510898189,0.42874546980787404,0.08781092807386812
U_4076,0.2137709928919394,0.04980274229824153,0.6482249768489368,0.0780270114896516,0.12179770828318646,0.09094644761468544,0.10791518136466567,0.09459628308983438,0.09035527032907958,0.13697802934794123,0.11780617182556906,0.40507534648696575,0.07952120349880244,0.08421668046405142,0.020460359437545657,0.8228050892553227,0.10370632847617256
U_4077,0.3009515884216548,0.26056079580989217,0.3232097216744461,0.07718307831080079,0.05844490331266123,0.28584429134203615,0.11854654227791782,0.33192443666662536,0.07762515545397754,0.08354791648082029,0.0849977984405966,0.08256931870194822,0.16668761330126286,0.18613419213002552,0.23480754681402335,0.03444931521458007,0.5201274061671671
U_4078,0.24966568109920703,0.24924739936188778,0.22098229960896273,0.05415491777158674,0.0483760889283059,0.22127125618864857,0.4971271621219996,0.28221137594990303,0.265926579671523,0.09154051947190128,0.07260335793761212,0.09157241390326375,0.18305413428276626,0.17611647551865428,0.22300317971293737,0.414218879444957,0.12182577547495588
U_4079,0.26881718402797355,0.1868758936032387,0.5175469867856022,0.022061961216447386,0.6329280017543683,0.5817220915436544,0.04319700092316256,0.09529732988172795,0.045849073246760325,0.05668831048487545,0.03929068463613215,0.4890643357583585,0.14855536803861874,0.17688099166545973,0.21457004238450014,0.38077925866937384,0.12207012239456573
U_4080,0.0976492608399908,0.5755505931457281,0.2359620003772096,0.10170750125543973,0.12774195304051045,0.23949521281424585,0.161458358582954,0.15824501269288666,0.09551502080893662,0.09005591216653147,0.08167306551432754,0.8918439007002588,0.1591101776089595,0.18648179362870942,0.08616023918007307,0.05268281062259327,0.15453349596758595
U_4081,0.05756508525998548,0.22856554326799494,0.16641128528370228,0.05854963967947233,0.07787080137013369,0.1778329979296854,0.12095182631142053,0.12760710387273977,0.21358444500828533,0.5188500729170107,0.06727446414860386,0.8683776541508434,0.1550354894179718,0.15996254350700648,0.06751514696193026,0.3400833500478067,0.13518094489872057
U_4082,0.07127285403673461,0.13087918803138532,0.6865880499225372,0.10666470519496588,0.14430947240654904,0.25578634798438626,0.7161128971178669,0.15573990638100285,0.1679501044305909,0.08460745651046794,0.09427237523312457,0.47728358030330165,0.1884613380076795,0.18031690228605501,0.07873448071445104,0.04726349538636874,0.15481091294365906
U_4083,0.17980289247603243,0.13554730280301375,0.18335063318325176,0.047815825606431606,0.05759423540486535,0.23086466788494348,0.32251796109849507,0.11952218766390042,0.25937205788851936,0.05144112316470925,0.05359416422611564,0.8194738518329265,0.16061252807427037,0.15731173981333924,0.1577438201273926,0.03793830749944129,0.35444076078247977
U_4084,0.179318071529842,0.790154344031978,0.25385945109597924,0.06302638927177728,0.07827567465238786,0.1871427382553841,0.09555507962626983,0.15721632594531815,0.20013988256658835,0.09873741347529634,0.09085722853360151,0.09127905920345435,0.19147045377391791,0.18722943360678018,0.09941949628269994,0.049873116426982125,0.16733259131610584
U_4085,0.2790282612438889,0.256787945175041,0.7763322301036559,0.03774190410899948,0.3774560654342466,0.18696579056608273,0.07092665499270356,0.11424335778507035,0.6164225213119052,0.06860665708794657,0.057563561915989214,0.047183028826746,0.13186618277052392,0.16722348668437292,0.2740523591227857,0.029549404309482503,0.1542663388416647
U_4086,0.01040089068316066,0.02996448850526528,0.3537474743549669,0.08126976834192225,0.42127935769094926,0.06109623490722649,0.10639413420590564,0.23019869010001726,0.6339738918489464,0.4002535650347534,0.1717091642173726,0.6718022689419159,0.08532630735441521,0.10749661570855344,0.02524423467592379,0.18919217523141796,0.11999145163330513
U_4087,0.02707421828917335,0.06891518924511672,0.11258477757396601,0.09600917323072439,0.19328983322821344,0.904117894605335,0.1182310217836658,0.15192679231395695,0.11352247441852491,0.1901996467422089,0.19338529841982022,0.22881877757767372,0.14513809329636318,0.18598740683246529,0.060721582416334116,0.33917896694999217,0.1731904929199228
U_4088,0.2286083722895088,0.27532703594710484,0.19774481221244114,0.058361615801817424,0.07349471550389272,0.3256399821115078,0.07872271634659861,0.14390617832663474,0.8448173777274988,0.09122756522679493,0.07771586772318273,0.0833961636666897,0.22145667202423724,0.1914468320027543,0.09768798325854926,0.0624831690693714,0.1893503061101633
U_4089,0.1135400765837957,0.13006250041434075,0.5511607186316279,0.04933206182884986,0.2339571493049427,0.15391336481563508,0.6048842128086195,0.11857750193351502,0.14990757603165766,0.3659506336385822,0.060093156729524914,0.0684965625757217,0.14876751796084017,0.15098258233359946,0.060452882721536184,0.20916298603340805,0.15061997694372786
U_4090,0.4252596110760096,0.3952248749712838,0.3745892128648411,0.05318949130323354,0.05874841816482594,0.20316021277754412,0.10185605882961365,0.1475770959834921,0.08093668526566358,0.08833780073649544,0.07910828422168142,0.09012306006209987,0.18571650837928227,0.22974309339206028,0.3938660234636888,0.05603698488288061,0.16841603066199548
U_4091,0.5297824327479157,0.2169125930401114,0.5928437678165472,0.030486583634944435,0.29076737617237114,0.14112483535764847,0.07237968212995852,0.08996057757136916,0.643003555479811,0.0664112313703818,0.04399279137130381,0.38396328380035616,0.14280182114727338,0.13766484584997946,0.2146671745053776,0.2941048686691341,0.10207622358792207
U_4092,0.211978419365028,0.19503517741644416,0.7753406194509138,0.022572805961609387,0.2271921899654043,0.07036732889301983,0.03711864555849091,0.06326979654084727,0.12327264247044398,0.03435362479021096,0.03051408786776855,0.330800650402061,0.09978537950467642,0.7832312260799608,0.5587179816987495,0.022359328777440415,0.11152672072085101
U_4093,0.028245004797269276,0.06227942848161347,0.0716217655491746,0.0997345044127009,0.15067354544497194,0.4145520500690127,0.10139163203001855,0.10233626675489495,0.4665507612161641,0.47809339630549785,0.16113323020964507,0.6279353605061359,0.07240828341575721,0.09216083322587088,0.022084084135201448,0.2975786308914218,0.1428034759153392
U_4094,0.25254045800798797,0.2277109167449387,0.29310822689233795,0.03158203937082834,0.06022822539718362,0.22950371824350055,0.06917897206996516,0.43133331303289724,0.2664319376753387,0.09934530415789752,0.07332322489493241,0.6942832256530819,0.1501137994892062,0.18656504606214747,0.22977918772135397,0.04965397415968868,0.632242549038019
U_4095,0.057779743489688944,0.17817554103829292,0.1042295294081328,0.09293278298376828,0.09384408329245461,0.9797032116078297,0.1533210764287068,0.13297861784374912,0.1990021301607686,0.062477025933311864,0.06917333498760266,0.6921161972487582,0.17631460698440138,0.17549188151293002,0.0649713403918348,0.04285622428837662,0.14524687064907021
U_4096,0.18726158486975872,0.2887070473779745,0.4396750260149413,0.017021570569184758,0.03314037297593325,0.7861158867485569,0.0739257849929554,0.089094889265184,0.06430753985416092,0.051337012422500154,0.04505521122823124,0.1663785852159086,0.11469037550086524,0.12967101694138913,0.19951419294852463,0.014518703776859012,0.7214605063271415
U_4097,0.2163115420928381,0.6999990418763972,0.8677220827565524,0.03641071715287663,0.04695436602325612,0.23297498952864037,0.07114054516639168,0.09807905978890755,0.05441476998513,0.06491958482218521,0.06056761976231168,0.0674128188348166,0.14551478588147998,0.14021041454631056,0.08343691724890369,0.03513130045368444,0.5033554279098905
U_4098,0.2751931587696413,0.26134651625307026,0.9713353633813784,0.045416578825570916,0.45353447600814917,0.17168897965723348,0.07509000128862083,0.49187291991946497,0.15474426521629941,0.07923192862831877,0.05649026742973339,0.05542932395575603,0.15525407954985418,0.18194096794768277,0.12063082699328764,0.023075351217525207,0.17252895282203215
U_4099,0.12849804000447096,0.510483049405505,0.7080760609765048,0.03339974974192446,0.3023936491425717,0.17217015530904867,0.10423610102291755,0.11519647746015826,0.12944007053512185,0.3514798959087578,0.08720539998205379,0.07495479940798731,0.11776547209660444,0.13522372832006013,0.05500159831394808,0.20811587676431365,0.3806503580333717
U_4100,0.23975277649898058,0.21330927653370424,0.633196868554396,0.038154876026933335,0.036450711595107155,0.11443255747461167,0.036073766949729386,0.08097899088019618,0.40212498565556754,0.041643298765154435,0.043904642541836625,0.05230554871073796,0.11736354878062553,0.8511642055366775,0.5027279268220439,0.02315941710695473,0.14812168649674656
U_4101,0.16841804210966538,0.18382937971988014,0.2870640488957481,0.10178209047290666,0.09832961375811648,0.1682600765240952,0.7154041336018977,0.14535197091310084,0.15993838567693397,0.058549794628169845,0.08767802080935524,0.07279911466287348,0.19002874028185474,0.18127643711410796,0.09727004917117525,0.029351459526096184,0.7101974589550355
U_4102,0.5926018820818526,0.3984602488982738,0.3977509377821097,0.03892893498963202,0.041380719963948126,0.22937251311717743,0.06918017127482307,0.15017265249243167,0.05929717348369833,0.09061754352577292,0.0720988610212108,0.08236605128471536,0.2150227448463724,0.2609165943669509,0.38912750634041604,0.06311936010364481,0.20595506335480468
U_4103,0.6479209287240135,0.47097035610608784,0.46995737299723656,0.03398536828241775,0.058921240026117885,0.25300810788647715,0.069226542000982,0.13881994658898708,0.054655545844895646,0.07899616860618144,0.05956830100260755,0.0676300513567807,0.20030349890490035,0.27780318795857295,0.46964644553376134,0.0652460281399108,0.2258624497608982
U_4104,0.26285436462001843,0.17363885051219013,0.33786758790749094,0.03198869160136608,0.017955130604715312,0.09258196150756898,0.037133310096076795,0.20287227337681613,0.08585044652796639,0.10871095669576022,0.04209018453226428,0.03309544722216103,0.10758684666380239,0.7135659808200848,0.8641049306739371,0.01208091149059903,0.09528894275771693
U_4105,0.23470685171305616,0.21398097347093958,0.21672670284207668,0.029840303199399495,0.030205105108696575,0.18039863429641795,0.04110721924623454,0.0894581357810803,0.44925636480682074,0.2498876460586592,0.04430078154923496,0.0558857544058249,0.11847427931801184,0.850279074516344,0.48688264965474254,0.03169461213271539,0.14312515707155982
U_4106,0.25779086442192817,0.3851819353749307,0.8020982165652896,0.04880427115457303,0.15263412607233515,0.0938379986418586,0.051044908183828036,0.08259423205425952,0.03881195928443055,0.06114456765331539,0.057781607006463225,0.24292488874695628,0.11497352132513651,0.48709695932892694,0.5393817052443632,0.023413179569484688,0.09172491388146212
U_4107,0.4365978977515631,0.3420741546437998,0.3271154349949934,0.05437639763190561,0.05988775153009731,0.20201980569004313,0.796515479888851,0.10002531491981614,0.05707046147910389,0.0610997551702041,0.06909248937034274,0.07929963083675964,0.17584534520373235,0.19236646284672526,0.318277676233083,0.04385039683974801,0.1609977312561931
U_4108,0.32839803560212366,0.6819524744680099,0.7165123264139107,0.036334660134151556,0.04856322695988216,0.25737853856221254,0.32276234329476927,0.11437086413401899,0.04710875224002954,0.06812329159887105,0.0662466977397102,0.08513930052401185,0.15649005143521144,0.18059903255314527,0.2620222433603658,0.021338563632609324,0.1314307768181045
U_4109,0.034579458572516666,0.040456511219018595,0.10551727869491687,0.0739266022134255,0.3973228589881592,0.42355650002487005,0.4357851897786727,0.17997619278836874,0.09494596422801244,0.1850900673531434,0.20100686613635077,0.25148823824889815,0.12432567128940925,0.17395397451410052,0.0608973785103416,0.4207571076805272,0.19128523990325214
U_4110,0.3712733163326583,0.339768233256644,0.34174995640590955,0.05802493966860005,0.04153033647880931,0.18185759323693024,0.0668688740774359,0.10971806259822248,0.6884687862987767,0.07003841926980092,0.07037997717310214,0.07331424811626511,0.15951216215479758,0.19721802167984945,0.30966544398388274,0.07543702670910443,0.1816652021308227
U_4111,0.07137222981781276,0.8791326670304291,0.13098017870565182,0.09707374527075113,0.14196083595250947,0.12166181400607522,0.11126365402764794,0.1565453072372043,0.07858940747904702,0.12842293571995278,0.11952728969381213,0.2151676863261655,0.11402055504790126,0.15048326973236736,0.08141059687167053,0.32745968609910936,0.16287629817327898
U_4112,0.30134594583543434,0.9476552145235432,0.25632085020914996,0.05333688846037017,0.0573961222693701,0.2239974620265902,0.06904715017571113,0.10480501544938581,0.05311249563807341,0.07356112757619793,0.08264474149186425,0.07200435339645034,0.14354594441659557,0.2048650244959109,0.3746740711666888,0.03653275495769354,0.13595074541502689
U_4113,0.3214177721215794,0.2926970290689015,0.8930688854111435,0.04481186394565968,0.0432084710756905,0.15536034836030405,0.07172345843363331,0.1047055966332002,0.05660127681611112,0.0725342097523192,0.061668084266219836,0.07443400283195159,0.16885272817040092,0.17444665599375075,0.3034794003693895,0.036920692079602926,0.13060551794043523
U_4114,0.2496207322310645,0.1939598319995341,0.2921156513945504,0.06510806831688823,0.07988573379503966,0.9380480862283869,0.16746563383947993,0.13050747273512178,0.05208056789286184,0.05483245176095635,0.05299271713324608,0.09733688006346602,0.12936049901044416,0.17192358362787294,0.14261345205549858,0.03740586226715573,0.528840678742296
U_4115,0.07394433764367843,0.1647310273253192,0.23490497025414867,0.11068709436136198,0.111246750856755,0.21359999954587744,0.22129221828179338,0.5436901599058941,0.1484524854702079,0.06824103445426642,0.06471183100653369,0.8310319331243483,0.15348786733649422,0.22132235241832993,0.1841850141049896,0.03326837396689479,0.13865067212475693
U_4116,0.15842171060840798,0.21597483332172118,0.25376729956162003,0.14215057718876997,0.18937820029699215,0.28916520331968865,0.2108529126388753,0.20599858853308287,0.4841146940548372,0.12343016371883705,0.11407538965532968,0.1484352049670339,0.31194634373126856,0.3217631783033572,0.13351934517737846,0.08629770255071258,0.2220819167133305
U_4117,0.45481803132106635,0.360561268071964,0.3657431288440907,0.07120574924456638,0.056286532888508864,0.3088880988071115,0.08803555715514423,0.14976367360651732,0.05965776786941984,0.09352588343564047,0.08368517815210512,0.09057218547462104,0.22851688890522068,0.21181611014016605,0.36341845535350215,0.05046522540956774,0.18867042865863098
U_4118,0.38659291206842594,0.19953362644110995,0.4780260703305665,0.031906772584343546,0.05152328493379016,0.13441092536975674,0.5893436777101653,0.09072042707592128,0.15079192354640814,0.045776802872646155,0.05171887613689742,0.32279592037445787,0.1265460414225978,0.128961948949171,0.05093239214505552,0.33238927481886904,0.10278518457975953
U_4119,0.4168221795243253,0.2888739245052391,0.28053928280477525,0.03882636150875487,0.037379883464662464,0.21949203388545302,0.07164571557082276,0.09842623976996037,0.6805597862289635,0.054923229424607284,0.05730811149700326,0.07188816647031585,0.1500290304049183,0.2035890655724803,0.28645362650416806,0.04784508097681286,0.6146635940940065
U_4120,0.3540701990293191,0.26979294302921614,0.29429603028516516,0.046206464031536526,0.056921227725572204,0.15800964913352905,0.2866540169177627,0.11036077148980075,0.6876940650332128,0.07879471085439,0.06160242896945595,0.06187862374145766,0.1497810931316385,0.1731977907467479,0.2570002573684996,0.03207961776249946,0.11456271899397567
U_4121,0.2752781458236268,0.28437906625878984,0.5328318126466542,0.03965627694150396,0.07309806897435535,0.20934223449863537,0.2548302988176494,0.13046329716212526,0.5245952491750634,0.49246438350164345,0.07174417000129797,0.08027651978231792,0.16791585763173733,0.16797965603578097,0.19783792012342033,0.03657305071273518,0.15152681147215252
U_4122,0.061283249150686274,0.067773752377794,0.12254265375230433,0.09627921213599806,0.177670454460451,0.1469685530564182,0.7596903176274035,0.19099619804729728,0.08982907695879862,0.14612373723168337,0.13707250507875235,0.151705159714471,0.10034725791160942,0.13653423866600883,0.05649491426470238,0.3526957400766768,0.16171433512987032
U_4123,0.31133941251802566,0.28280769509690407,0.305623700341355,0.05362893757672861,0.04123118925221381,0.1578489701179835,0.06347560503338442,0.10730407729499121,0.6835897629227938,0.06261056754864298,0.04937782098845605,0.0548960586201525,0.13495157019044834,0.169225889848999,0.29823072702988446,0.3505838605923839,0.16313396250228682
U_4124,0.2816570691302507,0.5556898925448011,0.24428229390177855,0.03748728952123041,0.04268744041060884,0.21164342391120325,0.04359242691887211,0.09707352325155082,0.030014656355883587,0.05065820158847261,0.04338044362870405,0.0611278917993381,0.15579268045719252,0.7111040030257678,0.5207379316337488,0.041610276435828944,0.15432455246327803
U_4125,0.24885781789530023,0.17838531080684178,0.1997907759373002,0.07637904832748327,0.07220384109407761,0.2715316399307435,0.16124655599433363,0.14853338533536858,0.18851177223068852,0.060956686066423627,0.058311547454555274,0.09105361835875436,0.17243194182931731,0.1987359772685266,0.13317101309925183,0.047073387238734034,0.8728430213517586
U_4126,0.2274583278229662,0.41271967075288307,0.2155852899571527,0.018840779282439594,0.025518706851006812,0.24431125614820792,0.1244443789165552,0.1840732425849778,0.029049913650082727,0.17505025362753085,0.0356421606068051,0.6311806048465294,0.1381626645960519,0.12685331068525096,0.19452984720400637,0.010883806475085002,0.6929624106303205
U_4127,0.3287833482158925,0.31520396349297286,0.2747154011330739,0.03562812596821745,0.061095472446525585,0.24249282113610388,0.08085733770682153,0.12100996223325206,0.04894919542270462,0.6283916952895177,0.06537388356236647,0.08916878175995963,0.17507197479378458,0.18184445196064497,0.29259738348498393,0.4624751981845484,0.13155470963856877
U_4128,0.04022478672374205,0.07460679232532932,0.18329917478474667,0.10693752986448846,0.16537215721779952,0.20844974958148346,0.1481899231769619,0.17253223421335373,0.6164041215381483,0.23758582765687647,0.21517060916275793,0.21765078550836642,0.12550514781620103,0.14569967984936583,0.055003584088096774,0.4337318470196564,0.20812640168466257
U_4129,0.2254563046563517,0.19938979053719347,0.810318353287248,0.030607972787785293,0.1580531013633779,0.202396715986434,0.0467202082792487,0.10723024731267411,0.04718867598138162,0.06385996706755721,0.05333172471649139,0.04315194264239304,0.11820616148911804,0.14625445872732756,0.7909949352428873,0.04971141338607957,0.10238074173339554
U_4130,0.2524778451118801,0.8699754271191769,0.22775271943135672,0.036677628879736766,0.35769453699292686,0.14711544179726965,0.07051913017133062,0.10506791559472067,0.0735217311853607,0.055637961660439085,0.0477065556397169,0.49254589965217854,0.10602752688785898,0.14032332968819866,0.21205997600513096,0.0223052818482675,0.5064641321557876
U_4131,0.3567818854988211,0.31842143966237146,0.3095668823910032,0.04965186942900576,0.044173840411530586,0.29524343839106665,0.08030791539895421,0.8476330601821518,0.040280951429429494,0.058371762405308864,0.06610338266970055,0.08402948195022802,0.1780156775524418,0.19901810588188573,0.30486503230489503,0.04496784505952216,0.22671964359377852
U_4132,0.4040660050304459,0.33875066908189166,0.36878689485424365,0.04080431099505747,0.047120260911516845,0.174487758204422,0.0795035838436614,0.10754937826779229,0.0464117800971421,0.06013975381356905,0.05909377375417677,0.07427969871111773,0.17468823582802828,0.19762383710370754,0.3343093537589527,0.673314912621557,0.16623921675680536
U_4133,0.11532362327152079,0.8093127713514037,0.14054509918542676,0.06604228083458169,0.09566045395965238,0.26118987215104833,0.13025684192665402,0.13854053527989935,0.155378825814128,0.06886863887170468,0.06722284427862439,0.7258177664507371,0.16121074872160235,0.21434290183750188,0.10517822600257218,0.02653834055967524,0.15647467207814014
U_4134,0.05304906127642668,0.14768670751183907,0.10292100506969235,0.07335711357637523,0.08553382829399377,0.15039344196636165,0.14550998262708384,0.12416926373789586,0.940487029345427,0.05883432837408781,0.06621878063008656,0.5518689607037521,0.17249656494677545,0.15243559862702727,0.05790017345203488,0.027464358229053992,0.1280504815592145
U_4135,0.2008763756267012,0.8124420739799298,0.1908034449069799,0.027306167751921205,0.19506756992477364,0.2207465870526541,0.0658278127278979,0.12487931876246088,0.6429717472665023,0.060799704776567154,0.06844756929832797,0.0571866938881153,0.13004513633252637,0.15613450694551184,0.06267119018883344,0.2523528858167965,0.3069356533544927
U_4136,0.5596616623745787,0.4913707855553878,0.46323213883850145,0.030459271285737603,0.04543764543758417,0.26724259924071825,0.07311473508523328,0.14661458012239217,0.05397694746787314,0.07292198652722323,0.05932384215582544,0.07424983163612545,0.22735775989007917,0.2898241644825464,0.5712344191522669,0.08270233170794111,0.2036376554164633
U_4137,0.04786662672836472,0.049711981798311225,0.09182152956688855,0.0806409479189606,0.14418135484815714,0.06209043064213679,0.12897797414790624,0.12851969878637992,0.09029110898024806,0.5501971380023035,0.1516242634204724,0.17797388449801055,0.08916758136695697,0.12489083588538208,0.03546227353791051,0.8263687327879123,0.13681154197907816
U_4138,0.01658273600132682,0.10776963835374545,0.7523009754425898,0.027287872566079813,0.24731991294734773,0.49716890145930515,0.3781804373089999,0.17483403855824814,0.179460302703325,0.3333866685020584,0.05419720284975338,0.47159297022857616,0.11308836443866972,0.12072817415444377,0.041303829699707514,0.037189214489168725,0.08420579373228604
U_4139,0.3135315239774018,0.32888833037289267,0.911742045754634,0.06078816401371285,0.05028443514727522,0.15259106619585744,0.06477943395621248,0.12119960212012512,0.04680482966262155,0.07361615343536868,0.0856566490732102,0.06706755456986986,0.16631792417186606,0.189789890949717,0.273129868700412,0.04300389341016883,0.12816950482860717
U_4140,0.2589936244547955,0.17772551647456175,0.28308786898818267,0.08019199323199787,0.07273085335196426,0.277512225743034,0.12808921157542433,0.14610253935586073,0.047572480592368446,0.05927434820643755,0.06878398294817273,0.7248588891296515,0.1595450501613006,0.17071657970537998,0.18611379829222816,0.022423428461580328,0.6916060109833331
U_4141,0.24278818536324648,0.22750677843100153,0.669461351848833,0.03934202721755874,0.03760249063888525,0.11722395591820538,0.03898835421030531,0.09360557207012041,0.03218205328664117,0.046222164813300604,0.050490316001535585,0.06753392225155425,0.1162690671846506,0.6388929076303367,0.5174969967059521,0.04774027340753824,0.15625465568264668
U_4142,0.2770968223591388,0.23463759910285928,0.2386701661120295,0.03865046729272523,0.03588816963820521,0.09626021059010774,0.04367935181533663,0.31742882412446755,0.3502483027698684,0.04331664179571118,0.03757297191765226,0.04182068294958613,0.11229270044034428,0.9084431892678401,0.5712908852124017,0.03733221438536479,0.15526937866189505
U_4143,0.03212409878132098,0.07702775088751301,0.08034957429100771,0.09735757451229152,0.1680358416017992,0.14182328676061992,0.11101428502981592,0.35251867153090966,0.328558695291518,0.16179578051333277,0.18407913632197875,0.25136621691430655,0.11889677272329627,0.12305608916206606,0.05655417320585973,0.8636081244207325,0.14238219021247644
U_4144,0.3127058889606844,0.7088906826797337,0.2738302734409426,0.054684662042442,0.053425274921487124,0.6060782667727009,0.05119966534615006,0.11023829557114734,0.042202584961955114,0.08275807461640743,0.0575821530591161,0.04589447891136465,0.1275142411470693,0.6990154343586796,0.35669810033056126,0.028524599251888022,0.1226080552056554
U_4145,0.03338586842465994,0.05916397137372921,0.09859118404550449,0.09816076506795544,0.1517496324601313,0.10425942592444627,0.1477485541749346,0.5317801044889667,0.05738781902564016,0.16815427807891487,0.1615373724462773,0.21339356144661142,0.11335960743467674,0.1466217569181122,0.06266080459118852,0.7408418226462211,0.21728856835502575
U_4146,0.29713887720175325,0.2606983278157041,0.28828779955364525,0.037839507739149056,0.036428005801683844,0.15115699358410406,0.07374158094548872,0.11123846335844523,0.07321115498324818,0.07138851172890222,0.07005476274011388,0.7974555058495796,0.17398749336620206,0.17708469034830862,0.26852236883227953,0.03729076169691448,0.12680967916696884
U_4147,0.3410640194052897,0.28045807800419126,0.3210697619099281,0.04433184570536637,0.04695460215329418,0.4629104814998485,0.07492910323377816,0.11478527244869258,0.07190860239738014,0.5320777929600347,0.06808443869619338,0.08584111643029599,0.17437815309573476,0.17542907018110293,0.29044372234883675,0.040813863294367446,0.13427518843136402
U_4148,0.5424442126223805,0.2123357468233899,0.5342049547508502,0.03570116928167338,0.04379323677284129,0.19957427733014654,0.5641055896761304,0.09940153697861895,0.08174891672460045,0.07202102467033161,0.055219479934121955,0.527476486207229,0.11720382943054937,0.14152587776390357,0.12019543697268785,0.0342544477229078,0.163580155034566
U_4149,0.2899135658928267,0.7355125162654477,0.26552738034392875,0.048848717391222575,0.04443867417892984,0.2725743269080907,0.07132113980008643,0.09336523794531175,0.5872223538791244,0.053516093641891,0.043109947218523126,0.042575079307252434,0.14154830217447892,0.1641057491599139,0.2814179937776199,0.03441849220822955,0.159756661698233
U_4150,0.0703657918275244,0.11922614808145018,0.11200642960370766,0.14372852847952575,0.17742660176919622,0.11814618353176687,0.1345461352003253,0.18496975673927274,0.1823351507307292,0.09607674617850336,0.10258110620922027,0.7467438477103503,0.11487224804878834,0.1842912705922526,0.1261746493410931,0.43606715549490144,0.19332461004613472
U_4151,0.2684832889963301,0.25738987780598255,0.3203333505998741,0.049227167898617065,0.051635215721391826,0.2585377687280974,0.08104247897126482,0.10636321917291967,0.5840124625046107,0.05656537753057482,0.04692820505021635,0.08839759594624622,0.11946033449286439,0.19146880067726793,0.2749410813567595,0.060427306238076475,0.5225172252785912
U_4152,0.05418101176318753,0.05666887794532217,0.09357506164170885,0.12425160009756861,0.2705483586218995,0.4186761022234561,0.3805689372252572,0.1297055223134621,0.36687893146013695,0.23978916719650456,0.07252177157166308,0.06759539437399026,0.07312302361706888,0.09427408132072378,0.08253678290597959,0.7736512737943693,0.1441613444976473
U_4153,0.27353209691412594,0.5957108022329436,0.24451053797795919,0.03006732841568395,0.32563109910431065,0.5754997449601894,0.08117361225509202,0.10138068918516985,0.3929483385830567,0.0681029209019444,0.05627622596112056,0.07733133559809768,0.15570823577444629,0.1793021226357998,0.2382084720388629,0.45510907069068174,0.1079915883606925
U_4154,0.27548884084578346,0.20392801182561354,0.22807919564754034,0.03228570185306413,0.16889883820886847,0.37906268649014263,0.13525298746755682,0.07458855734622158,0.03480987143804089,0.05807721648245446,0.040026268618167354,0.0421301721743812,0.1018420763678663,0.16069502916103873,0.8778672469076925,0.19788689584940988,0.08965781578007528
U_4155,0.37021657640138245,0.2847488480874075,0.3352095192044502,0.038570004955309545,0.036661361354865335,0.30865190644549323,0.07635853071557754,0.6489776904518992,0.05132655236245696,0.07338566998964063,0.06418415050435314,0.09161158438604192,0.11864171793031691,0.20819549717994554,0.2872434043386102,0.028134007319210508,0.6717298842187824
U_4156,0.3155795008807415,0.2814015887902079,0.28678799678716754,0.04349470048259018,0.04530049222771827,0.14369780795870646,0.06099687552290372,0.10916829124843455,0.0614991313779078,0.8115559326657898,0.058201877172856145,0.07245588238842993,0.15402615796314123,0.18466372327552966,0.27934534119340004,0.04113093119208196,0.11915435979414102
U_4157,0.030677745722920848,0.03347030738211956,0.45523345858938363,0.07784983049607774,0.4692086219973476,0.30576653392920666,0.29140359569450147,0.09970637019096087,0.7190127813816269,0.14119169715708568,0.14305949020694478,0.10647090099034981,0.07588096925740177,0.09588792462152915,0.020421474191445646,0.5570591732693252,0.13571342750040477
U_4158,0.03792288437821078,0.14020500069744432,0.08691335186741861,0.10310940696441082,0.1419323182965495,0.15834416258187,0.597973181970038,0.47866622226170596,0.08919372897207659,0.12623320719067013,0.10801059536460561,0.19125132588804597,0.11631655268793109,0.13030084664615327,0.06892163993034743,0.5046210813733971,0.1584577942496978
U_4159,0.26448047146009795,0.23462268232431355,0.23755143503601495,0.02811756839683898,0.031328209591917566,0.4844662270227544,0.043451975454137426,0.08811658940272939,0.025957292614838444,0.045633612599390236,0.0387977116545493,0.05162521545662823,0.10186951258631258,0.6757539956458689,0.5914056609296799,0.1656732082323952,0.1653949364597699
U_4160,0.21644856137065333,0.2693726928579404,0.25778872371219863,0.058173749577328404,0.051648770690237406,0.21133117632516557,0.11352855335131913,0.5640550261369954,0.1778505003037773,0.06785922115439937,0.06987469532914414,0.07608140466689854,0.15549450118519123,0.16181421987331004,0.1061076028393382,0.02458278182098366,0.6912425770426194
U_4161,0.25401252330849877,0.787760884635323,0.2675585474691772,0.0343747799573505,0.03486140868521016,0.20075898555805283,0.04640130886262432,0.09193071484099502,0.03262445261138411,0.04661647862247435,0.053741840757489896,0.03492110347507499,0.12676044727979388,0.7037363126623668,0.568919508759971,0.030935354412815246,0.15101386709861073
U_4162,0.27446147072271215,0.32513590864035347,0.33388707648857985,0.05908527449071309,0.06874822226333299,0.22688431305929488,0.08863972646115963,0.13316216868367847,0.15087769073108917,0.05803379469533318,0.07971100706569567,0.05155297372936951,0.14346768756734982,0.18203790930770902,0.16035424063613,0.045485364813942795,0.7629312181578083
U_4163,0.2924293555986947,0.23915218817260137,0.26198569133819527,0.02730408820589162,0.028271997290278857,0.1289385973256411,0.05579866633681138,0.08522351512459388,0.13670157747174497,0.06394934740944705,0.050990193556112874,0.052203641269762416,0.07866025712167606,0.6214962080121641,0.6008117285086075,0.2641050870748667,0.11168659391227478
U_4164,0.3305592718779746,0.2888371138047906,0.26733116699000137,0.04258674853790878,0.04561612238087584,0.13792468771776853,0.4314711890247851,0.1111861228036515,0.05466547707595669,0.05265767121319552,0.0619641104736905,0.7113873198670561,0.16723457311620712,0.16629576572842786,0.30583930000582277,0.048196417555102095,0.09425246519717274
U_4165,0.46946888736870873,0.30785947153860643,0.29543813262130114,0.05575971797385895,0.03899516560713391,0.1563678583831877,0.07102064721926463,0.12104852433808735,0.05769815269826261,0.07352000038268788,0.085894699480179,0.6795473246342857,0.14993721921828884,0.22328756367033042,0.24519036790836085,0.0442200989369005,0.15399362301920672
U_4166,0.24371274592660014,0.2559009203103213,0.7291376390242228,0.058954952973872383,0.059682233626756946,0.259306943775963,0.10249091030874113,0.1151278547893155,0.07921633770641767,0.07608619570618833,0.05981287501511244,0.06005729910905108,0.13266032590266125,0.18030051718103685,0.2611608103754263,0.04294137323306116,0.4554048025648705
U_4167,0.22481019686299417,0.22136547706034165,0.2890351635124918,0.0812633337481468,0.07194164247934527,0.2567450142815735,0.14947455493919123,0.13292518343343007,0.648037403810223,0.04292096479695638,0.07534539481260634,0.05194040980255854,0.1761999937758069,0.2167675371183583,0.1375273561814767,0.02591973058069511,0.6911021216625866
U_4168,0.11114620212882632,0.16658183302713667,0.15470767273001945,0.08626824616024778,0.10244981603427976,0.18555788634635315,0.1603411663914554,0.1581859093300425,0.563473552104753,0.06606964550158032,0.06994994651665708,0.9182554309239518,0.17246268313269347,0.16689610662812648,0.06860657366290804,0.04323746378967466,0.1545942163375716
U_4169,0.3562542753328581,0.2999778174464665,0.3021704417438922,0.05399199612638965,0.06312059714159741,0.2578266133189241,0.09764940206602467,0.7877653396269046,0.08157063746821648,0.10047844829106271,0.07064916697121822,0.08549667963999377,0.1915475571965608,0.21056412966190288,0.22110977630435172,0.027906261714035777,0.29516940409716574
U_4170,0.22099995312212273,0.5461324767960478,0.26471770817864143,0.0574581554205236,0.0548900703698527,0.17134106150474618,0.14774206058793826,0.11364442959565829,0.5561029735434867,0.23589966110677751,0.047345141628993455,0.06411834214936864,0.15077691274738242,0.13899688455902443,0.11804183089908507,0.020265362360830378,0.6216150378461144
U_4171,0.3485493177843725,0.638928774104501,0.9265760909107527,0.056028898945935664,0.04667302794871666,0.12604944461551276,0.05385249509609381,0.08464940458960271,0.0513025689766763,0.07055904069875621,0.05586238631478152,0.06090358453419442,0.15348480224593009,0.169299757193898,0.25185524050027364,0.040427199405702975,0.10385140832826678
U_4172,0.5913596064552173,0.22258012713475797,0.5420718863470936,0.03040887518093097,0.29340018717591465,0.16544176318679027,0.3324693266395945,0.09297079952686174,0.05126304976033784,0.07473549923802247,0.049343897289207544,0.666896658929915,0.1303036403054585,0.14537504130076184,0.2509918630454636,0.0248800085326399,0.10608790120379274
U_4173,0.10949022189567115,0.09868543537861106,0.7574953769364403,0.07201396405099054,0.3805413196411247,0.16315020489451634,0.18012604022020084,0.13208722877196818,0.40962776558954983,0.075213557522094,0.07655818506125577,0.401518336038573,0.1696070074787494,0.16374061977502452,0.06746952591586867,0.021211044667526872,0.11865622484903823
U_4174,0.2389333294084991,0.2158511569167602,0.6890131731779814,0.03478753119827849,0.037494265894942126,0.852418320437108,0.07433800264363041,0.10932181943611331,0.030676023826083976,0.050957263353756894,0.04073615744526844,0.044966982885080505,0.1253622481463768,0.15275469994740715,0.25756996250434294,0.026492044678856,0.37397910538875534
U_4175,0.31807585761672896,0.32585807027019753,0.2952029023021141,0.051681119504620336,0.0790751279486415,0.19336911768680182,0.11450144658481926,0.6155299371513312,0.22276885301061344,0.0934368650386016,0.08456156313038388,0.08301959803002129,0.22124057021000756,0.19378281108674728,0.22146746624827696,0.043484485447514265,0.23736830169012899
U_4176,0.22262620603933825,0.20463330928889323,0.6725751722839362,0.024142797649058387,0.10145813445514998,0.23133667482075632,0.1972323026413958,0.1966714220799094,0.5444878073946002,0.04370999549485634,0.029981137673848534,0.05077370419913779,0.07792074855829535,0.11713726247181706,0.2041456661053273,0.015966165628412896,0.5724309699367764
U_4177,0.07111019062963737,0.2520267399950874,0.24430706580823874,0.06223060001519609,0.10429839592249077,0.1866902582804555,0.6709829106795244,0.12541463875166095,0.1768883894359154,0.47653048421439204,0.10613265929657825,0.08181839281535233,0.16034967087232918,0.14119869715051506,0.07821801922929227,0.03886724484005419,0.5582064778010878
U_4178,0.26871621026413745,0.2560631830293307,0.26269816697898524,0.04439027564743479,0.04963978407724292,0.31652536541771703,0.07431777750463248,0.11605923123767706,0.05323631171751331,0.060916724806853235,0.05280239254158869,0.05363302090685345,0.13138053845854347,0.15034361327831647,0.23531444319551645,0.044954123083339584,0.8778541468915403
U_4179,0.22410534816933406,0.19642017158742558,0.8788772458270975,0.03665626790058324,0.03516135049969203,0.244730591832109,0.07263006437455624,0.3797466512359606,0.29233924714883064,0.07134384212730714,0.056492934560799436,0.05630091908008988,0.1204987540957185,0.14550029427886854,0.1884042489803469,0.03131310855000349,0.6233640579501267
U_4180,0.42072863026129614,0.2292051198081924,0.5632907169777407,0.040686430213878653,0.06158843004677445,0.24540413874200728,0.0851190455261506,0.10502629024427367,0.1255968521424668,0.06749623582943783,0.08163459275319995,0.3070256091815503,0.16239801291732106,0.13244682975316646,0.14254190464617425,0.02339820472270471,0.1506869840988181
U_4181,0.21399276448433624,0.307789259968773,0.2432925847274639,0.16870183158660068,0.06793451185181418,0.1868465202402123,0.08142901535916501,0.12764010298477074,0.7497365912316736,0.049617083132856246,0.07898439284482268,0.061740526739254536,0.1655768562733139,0.17542552048437302,0.10843937393708163,0.02898240387962304,0.6069386740355247
U_4182,0.3891348942263586,0.34650787439964675,0.3005006401071909,0.04458507689112615,0.04738391047509167,0.2519298708771519,0.08026421461297503,0.1194877367381873,0.06964048023844109,0.07596131692612612,0.04528401432100539,0.07071625326051059,0.1815078869608367,0.20494106973154366,0.32788429060170143,0.4624896467712127,0.20157188270542542
U_4183,0.24488557384296458,0.23102195712810464,0.29437983316091065,0.06689094581502347,0.06971668029359036,0.2578246885456731,0.14029268287424237,0.1418969252607679,0.7928899569683282,0.05240634661079866,0.06594462251120328,0.07948231476837109,0.16769490501478135,0.19885954417521007,0.16326250201260026,0.050296067799848326,0.20645566327606324
U_4184,0.25899559188773097,0.24212213796151344,0.25439255866376614,0.036146217145382714,0.048291305030607454,0.21759807017439303,0.401930002638592,0.11770239711294458,0.12566737472640757,0.668011721821822,0.04522620289292601,0.07089392256202344,0.1231682181771086,0.1604771688216925,0.14144924901156766,0.03508854368463929,0.7573408029967882
U_4185,0.24843704839878433,0.19450899065873595,0.21934789771343793,0.03496031533055016,0.1323467889868347,0.09628671552513252,0.056342006792931255,0.21015187406844438,0.029839281488255674,0.2197756304255008,0.04470095919714862,0.331525102792893,0.11374004743064636,0.5845029763820161,0.6703943312939559,0.0897797809860202,0.09065599915163136
U_4186,0.2742209334168685,0.28995812815113803,0.3091354869294874,0.03763034364171974,0.05813863765768499,0.27364715998858,0.09011187264115433,0.11827173799179858,0.04033709904341859,0.06315492094128701,0.057606751748487346,0.099167821797621,0.12155194308143331,0.1932734652318218,0.26736542977294786,0.4367999140256363,0.7812208252484466
U_4187,0.046009252459280614,0.6227909346840583,0.7520559683086132,0.07965826799461384,0.28655032745711895,0.4174397033625996,0.14813357036665692,0.11297566975085035,0.1498520995614102,0.29140797791994216,0.09141294561952684,0.5511680447469383,0.14414341671097564,0.16434504496991867,0.05956373275774464,0.026938789520953167,0.11879792401160277
U_4188,0.024310601173545287,0.04587085662177194,0.07451374913080926,0.0746333550639896,0.44783411840088466,0.41582803956329434,0.11363956394590152,0.12116704785696243,0.08513535510034839,0.14066516420546002,0.13437672467403142,0.7774703659149342,0.061493470119462205,0.10726456926596353,0.02170199974515483,0.723081762155576,0.11989171729777746
U_4189,0.32862808054537107,0.29250976040001064,0.8686419337493747,0.05069096475406867,0.0535815547640514,0.15443328108628335,0.07219522653055765,0.11164279467949333,0.06308518276598593,0.07225950404816317,0.09315129654691895,0.07176499714456866,0.16772212611606296,0.18956742383726088,0.320744673700812,0.05720644753445554,0.11640409270307245
U_4190,0.29503839817963173,0.2803765829092636,0.3404772858432754,0.042236793074818056,0.06094428327527186,0.18414974786696323,0.07017704057454612,0.15318090600856474,0.05856606930677377,0.07814301927815319,0.059596959488197106,0.061177055430781425,0.15934649714180865,0.18882694945732054,0.46474744374383464,0.08027233360462971,0.14603953663063687
U_4191,0.27764264744212996,0.22725329161198676,0.3306593512067058,0.06299750337071533,0.09001142281270025,0.26977554129646175,0.17642326745243056,0.129883700908922,0.5899670920002048,0.05346957395597166,0.045009091484505125,0.09482314151552823,0.15937018573864414,0.18622543078711828,0.14759199349015534,0.04758241022162901,0.5788140882303143
U_4192,0.35825975619258565,0.28440879792114354,0.9569133802229904,0.0575427693209372,0.06002938363909093,0.1496971737601052,0.07349015682998136,0.09771684696098687,0.057634182307016335,0.06551983841063516,0.08549072789994736,0.07118489458529653,0.20337185138905267,0.19642319383131254,0.3034771897820317,0.05359020208802524,0.16452576274041233
U_4193,0.22464018394146965,0.1972174332852537,0.24990677999614588,0.07727572080381329,0.09595256720127501,0.9123252433467781,0.1655260072485545,0.14410461083006876,0.07280229167545789,0.06095710013114708,0.05900578642418951,0.573133278428801,0.18027775195398676,0.20944785442379066,0.1242340513774262,0.031731135570559725,0.15095721996929284
U_4194,0.2816573481507454,0.2571040202778473,0.26257785872732436,0.04655225744339919,0.03001897140118072,0.20183249472384038,0.041217808186048956,0.09226283761381526,0.039389646991336104,0.0440231193585566,0.04425208017585576,0.42109705691131294,0.14408016007798205,0.698773721383273,0.6229272173950597,0.037770764782538366,0.17088781017065502
U_4195,0.4066337562723892,0.4435771649753644,0.31390768650803086,0.056392411501047804,0.037640738131385194,0.16385697903861107,0.06909199420145627,0.13494162159507034,0.059000581121147574,0.65607166962978,0.07810466473581378,0.06726084616087818,0.15131308417130102,0.21643027619047614,0.2724649471448953,0.05619099898087031,0.14699309619746753
U_4196,0.03595780139373822,0.07581242730185547,0.11600112132953076,0.12023284959206702,0.20602498621518983,0.26854536215908686,0.15579127223941022,0.19074897278701258,0.10255452539090212,0.27603635976468277,0.2744691662345754,0.2513502410196132,0.14949735311342227,0.19048596309987562,0.06674484234026663,0.5049620576368629,0.24359658791537891
U_4197,0.1924474161934119,0.34464976697444016,0.5733412979030248,0.02358832757845126,0.0851172179191235,0.18401042588277905,0.046519821668740885,0.08562834622820845,0.666031057227121,0.1246343809825971,0.03572867809121694,0.044389053373835544,0.10469044033271654,0.1121192826322673,0.19756608143001306,0.1371158064017424,0.7512425109909726
U_4198,0.13160764312250356,0.1309015810235014,0.25208198316817526,0.08564178090662866,0.1171366308575284,0.26485806345565865,0.14643974197483117,0.1559128122702437,0.8722508980387478,0.07075777366312302,0.09095146742061522,0.6211367979573288,0.18299464618071035,0.20973136773839146,0.09487616785301649,0.04243346770045972,0.1624964523876477
U_4199,0.197076793840598,0.2208950891983319,0.49756307667432975,0.02627903685571211,0.01095205878726757,0.4024435607239715,0.039009218595056044,0.19935277381376035,0.32306582146834417,0.08373529238512759,0.03602788477350948,0.019077529041341426,0.08539697437736127,0.7350166962554572,0.7617539048030917,0.0026584955179833406,0.081115492586459
U_4200,0.18212777956957077,0.20214749138969795,0.1776979687697492,0.03948518895948303,0.04567898453650997,0.8388804537479844,0.40314298129293147,0.09568614733516505,0.6775790786452228,0.055261315058893215,0.05437682866009103,0.5121548697354921,0.15654453251951533,0.15869766083474576,0.08443007717556002,0.03551924999194963,0.12147533382605487
U_4201,0.6436386439042779,0.4149154384556858,0.36654588734759974,0.08686563630301312,0.062477676566092655,0.29163792934413385,0.07763230339881586,0.11040573435973094,0.041688301800772654,0.06117460669286921,0.06520126762423613,0.07692615859140811,0.20937604513461763,0.2170666121613755,0.4278073455797877,0.05194875061404994,0.20712887481705158
U_4202,0.29133343158328956,0.23514784086026835,0.2803914454306484,0.029475186791964585,0.05208296532618149,0.5096533946224103,0.20638438307478527,0.11651846164461814,0.05822500189813453,0.06246207937050106,0.05258531235800891,0.6953780961317344,0.140266359984261,0.16316638284242835,0.2795092877548863,0.04213460455263619,0.11933621103173103
U_4203,0.06331141566049711,0.22567179828988343,0.14621210934185377,0.13647154532183292,0.1555617229843088,0.9221513662417655,0.20119244819548374,0.14845011109846612,0.23390595600383354,0.09516977614843228,0.10560942055667452,0.08471865642960343,0.24470343816584844,0.21255941361681713,0.08504576974995458,0.043215698528270806,0.15764660489084403
U_4204,0.03136786901172218,0.053617264589821884,0.10933254310286045,0.10972788226801924,0.19870773571123845,0.7327145442377387,0.12172891572867167,0.15993949018031334,0.09667513169860498,0.20842651707279675,0.2052988391767034,0.1932814432628817,0.13521398754379582,0.17498080380803346,0.050841015182411325,0.5107487873717489,0.19524143322300577
U_4205,0.36482898750403064,0.2954160823638765,0.32925085519228675,0.03697284144902156,0.07357632498319669,0.3101235852841574,0.7028157489860816,0.11121481231373814,0.06592599845660883,0.07422093887974147,0.06611060527059878,0.09272115180324352,0.1808305916701815,0.1943603068100531,0.31965981880681194,0.04806725739514338,0.17293082785558767
U_4206,0.226363348443606,0.19597831078200345,0.1682688429285345,0.028851620631716667,0.02621521667540642,0.2728844875878611,0.06724893049059291,0.10924246631362095,0.5467675457557291,0.22535528340926844,0.04360955079949626,0.3413659537751902,0.12107347029157972,0.1309658583701908,0.19436569912526294,0.30107860037708367,0.8362022768930972
U_4207,0.20820111412100265,0.23803797062128426,0.610574915319297,0.042354556099564095,0.04870031563198764,0.31989500909166474,0.07201968094837405,0.13439431487992215,0.07290222265573709,0.057023806603440676,0.05876189184469838,0.07185956718327197,0.15857366783636223,0.1656699052348269,0.15837917124465808,0.481307104700192,0.45257872644099306
U_4208,0.3044565995584628,0.25525764950081403,0.5567724396057663,0.04577320646185444,0.046958474958861546,0.605134868344595,0.06304659472624163,0.6115691013299407,0.041649805755996035,0.29260933098067676,0.054740255144325824,0.08236388427381322,0.14965531673361326,0.18315947772050778,0.22657633764089785,0.027027639587293796,0.09770115042745027
U_4209,0.09220485644083373,0.2531426917796724,0.8326050176926467,0.07581385208686393,0.1030855347069081,0.1615433814286968,0.14469215394647703,0.13920519767607936,0.25113085250563216,0.07336813774499958,0.09163713807980331,0.4654661382133159,0.16321212343266736,0.1769873233577538,0.07902431993455968,0.04250612331639553,0.14475697855395026
U_4210,0.26486659970713633,0.25778284879720065,0.28827940409758085,0.04919811289110121,0.05364014016613929,0.29294168039362856,0.5964552180015592,0.5345611064149671,0.06072101926033893,0.060257305512788614,0.049188837106740047,0.07301368962168454,0.1493663229890777,0.18026310952370853,0.14768038305056413,0.01970093852010551,0.506946976332409
U_4211,0.5257118733937698,0.5513533689834436,0.5002983926622757,0.03613120936459313,0.07609889367971812,0.42345571723439407,0.10814116072936397,0.15626067207260078,0.06606086810979946,0.09283323673335586,0.07163136571059558,0.07276961333417406,0.211975949741482,0.2851539471169433,0.3643251318323534,0.07900135618146172,0.22441721287289662
U_4212,0.04992142185085502,0.11824920131429778,0.11285897732192328,0.0947542221492935,0.1416519215429356,0.9719642067668086,0.1664790826396476,0.14500235378520096,0.19039729021377422,0.12684979074296732,0.13231478944747221,0.09775888475178483,0.15695732856676073,0.1726643350412499,0.07386115369770936,0.05384894584770611,0.1491001666388383
U_4213,0.4695231375754254,0.42531554562993623,0.5162716561535121,0.07576224624936354,0.07435784734189473,0.3418405323855503,0.10505559573652568,0.16677302926325216,0.061488356635126515,0.0996195025691864,0.10031564096662414,0.07639362144753173,0.20515623836226335,0.26493212871921545,0.38058334129103,0.036638819035852505,0.21566126788305706
U_4214,0.21537268877863058,0.18769314077325755,0.8855017757853176,0.032297113165779684,0.02279852786624014,0.2487715813769356,0.20777984425311763,0.21884418483191614,0.31725172217832176,0.040648136556595715,0.05958338742816546,0.20721761377087036,0.11167369345175458,0.14115352462252756,0.14048868209606521,0.0492902880836575,0.24098449458764426
U_4215,0.26163622560556504,0.25331069221878644,0.28684845999526465,0.03578923607944756,0.03364611246994921,0.2113010300270427,0.05621531099772019,0.09666481514192979,0.04131154393666238,0.04916722492216081,0.05481538576476397,0.04151823290037828,0.13170016852704455,0.8091740431364518,0.568832970238051,0.03150123118679083,0.185159838115956
U_4216,0.22336035020769635,0.33335397508705206,0.18600748363853475,0.07010178139844549,0.05721324552487203,0.23077062843901996,0.09073288173226685,0.14790262215728395,0.1414088830681004,0.060054034234727785,0.08011118489839404,0.06490318004859469,0.14745531971716702,0.17892834632756782,0.11935108126480103,0.04252590239146719,0.7830007737974289
U_4217,0.16810718529028063,0.2075617873712151,0.9458214043253881,0.10309456116842437,0.10857094631024024,0.22184029027411326,0.14657844817687768,0.12639721290107458,0.20114836647143272,0.08056859520951219,0.09223335074640282,0.07478149514482016,0.19859609498969644,0.19436427165779727,0.1111222168202853,0.042366750328806865,0.1600098654106546
U_4218,0.28133489815884544,0.2297945016890762,0.24511432219214366,0.038057822586253134,0.3845859125850509,0.288158334154893,0.07794893834705971,0.11006468645719142,0.0672619433973748,0.479460481166718,0.04475583476021425,0.060167008475826636,0.12320898552881102,0.1576198181751931,0.24005492348758,0.03321223251020458,0.7918521840484991
U_4219,0.24062096813913944,0.6626137739941608,0.8435854208812902,0.026860080234939406,0.1476348921376211,0.3491072851020387,0.06172767340811351,0.08296142456850983,0.040653618686350174,0.048664492765701416,0.05260722460949094,0.12797458483624435,0.1098411255910537,0.1533253700514738,0.19403992287001698,0.18520464089509495,0.08567180694939239
U_4220,0.32715747206339496,0.2539713717740947,0.3082635233202261,0.04830134595369527,0.050776994859413296,0.893383685748887,0.07032649429252744,0.119694319563733,0.05553323748275622,0.06334488374335584,0.07849567292671414,0.07305594829617623,0.2098178034573782,0.18957597802583942,0.3282169294405191,0.051785483690230616,0.1466400196071339
U_4221,0.17332486239631908,0.45508623171092544,0.22573920943666936,0.018639221956344862,0.019476548306543343,0.7953460333482867,0.06766217876719664,0.07155261534671842,0.3790555246289849,0.05034585565792011,0.02851299327510664,0.051241678837250774,0.11775116757996965,0.1400067758136433,0.22071213120238162,0.10760830942311453,0.12113284019906291
U_4222,0.2431872356620861,0.22488828207763883,0.26486354345769414,0.037019417509447865,0.028316939539115373,0.6603398068686392,0.04188035285675364,0.09245139746517136,0.02888804796736525,0.046425274783716615,0.05109872289025032,0.030414366616279182,0.1344726505311055,0.7863003231031808,0.5646963487785923,0.0395391567342184,0.14980526317588777
U_4223,0.030655306399016674,0.33038492326611096,0.4322002239283894,0.09276921550698886,0.4600709912276094,0.1293769042811622,0.5523982294401932,0.1284045175925575,0.055589308367873645,0.12958048803923777,0.14776905144038205,0.12400371423084008,0.07446962304284838,0.11450213924633641,0.04189931829070785,0.6741619395246446,0.13000781966596128
U_4224,0.28206595903418197,0.23006719094286157,0.27080826136848435,0.03538323609779356,0.038341462063170295,0.17141106876553777,0.08293975877229051,0.5442242140523397,0.4846223002843769,0.2654277823419132,0.0575864190522552,0.4641496500399708,0.13849138584690013,0.15512879347641167,0.2495001706471977,0.020748644408411756,0.47146435470600606
U_4225,0.1349374399236455,0.1580377366608005,0.22294569972410805,0.05942621289769454,0.10884625201736622,0.18467865245589418,0.1366009115337821,0.41380226744773496,0.8629902525337583,0.08613071209427603,0.08354212918263876,0.09202082439049789,0.15464351657478526,0.17641526649472247,0.10052550857681349,0.05764982294460541,0.163720746482197
U_4226,0.2797228912070364,0.3193477548992075,0.40004669355350875,0.02876592644994187,0.22600904004581662,0.11476333274090982,0.06490785902825302,0.09166828168819477,0.30609000729103825,0.19131811714447716,0.042803067948356324,0.3615440194330787,0.0963254296560795,0.6114790518140654,0.48038880029993286,0.02901828133719967,0.09614249198726256
U_4227,0.3262788315075237,0.2686358146605831,0.2582758125913164,0.03556582464038864,0.03763533925209658,0.11683104036585203,0.5769852935525329,0.11019460381010648,0.046126142601273956,0.06035894708264708,0.049689961105059716,0.04647510050712723,0.15409174106401194,0.731256872560071,0.2602448320380343,0.3476710775478609,0.11498680832225616
U_4228,0.22884208022639754,0.7799278377732084,0.27008435797542485,0.053095105929215805,0.05298235627695118,0.2450716288123407,0.10873911283002102,0.10495726584102821,0.3740033009229391,0.5012564315002652,0.0956862811874108,0.09091634485568964,0.16878411318481026,0.15164836716419633,0.12595569483331567,0.03937775760955291,0.1611792601622708
U_4229,0.030364103892166976,0.039938920198497166,0.09828455015341765,0.07507472951304818,0.1763206286557525,0.9076488294980422,0.1464052839973071,0.14735279166499643,0.11496667923270525,0.23263482958256748,0.22084833907444162,0.17787800651932634,0.11829886145061438,0.15907318622983535,0.04436395073104398,0.3598826889005882,0.1822731606385277
U_4230,0.06838711626189306,0.08403626373410655,0.08168722671156277,0.13368789706130274,0.3844287352221121,0.34572334162866913,0.1343475214929202,0.14947607977276867,0.06250662149981218,0.48775970283412595,0.08722715284920934,0.3486233158072602,0.07903576397207104,0.12155092939382608,0.10323752622689339,0.3752574265540215,0.15600262733069423
U_4231,0.029027114187360828,0.07737495905434996,0.0948863976698729,0.10911190798662879,0.20423662088849404,0.17930472137617903,0.1581746505975445,0.1549890716983921,0.12751016155102707,0.8604058833226192,0.20412294985150525,0.17516302989157354,0.11866308111814813,0.17979029900844723,0.06497882397676732,0.37114696654451207,0.1917670459085658
U_4232,0.028847414800050104,0.23770646814856905,0.22397474942921825,0.07692906473523112,0.12016277019185785,0.24083122292373035,0.34100893096422386,0.1197178773797533,0.047907851278926605,0.11577428092255876,0.10420552540601716,0.8973394991326884,0.07276259926066658,0.07701529474379895,0.022275289708740938,0.4045665458468391,0.09139382830656712
U_4233,0.14743650698504046,0.4533372147757252,0.36505425087986954,0.09361672695595867,0.1324051415030147,0.3948076714720491,0.17112947548371546,0.20469784799757137,0.30286105741959657,0.21496030961834514,0.19600668187461123,0.1576659638179042,0.28637618507677326,0.31371309030565075,0.14229387823314343,0.07236858015627418,0.2235467425599191
U_4234,0.16364943112820277,0.16155024403147245,0.21177576366578943,0.05845725947722028,0.05898712694261633,0.2171895816061451,0.13275665873658912,0.11832727159139408,0.8478247471394126,0.05865106172199613,0.07444341605344859,0.05368543168812227,0.14626354666839955,0.15149128657349198,0.07046632520288384,0.03186375012126199,0.3508790730792891
U_4235,0.24113634579800552,0.2843529083288493,0.2718755550265719,0.036922864413696244,0.04498751039859944,0.18102395685147404,0.09489602546498768,0.4425890942445745,0.14948867803455798,0.565454073167562,0.07436945415289369,0.06470153741125144,0.12942169664194522,0.16229197881516175,0.09090877861336372,0.42767461011723373,0.15797565737751634
U_4236,0.30945272819005043,0.7948083738964409,0.24364800288726143,0.04199664058742331,0.03477445323836849,0.24418235220986523,0.08642564601471353,0.09419467103223472,0.05627613021030435,0.06771886372573437,0.04758441289270223,0.6433960554386133,0.15729090728933728,0.18479696349077335,0.2868210996277739,0.04149286757270667,0.13579808802605559
U_4237,0.36156559398830607,0.28399644553190584,0.274477209909898,0.06283159314218911,0.05409285255552281,0.16006335388008988,0.07488314925385102,0.7132716043140925,0.5445973600544631,0.0627663781428763,0.050440719358638586,0.06021573921205295,0.17613683961793097,0.17424466300232436,0.2897533040989815,0.033833476122432544,0.15154979219366857
U_4238,0.30160900893321374,0.281478340548194,0.2953735838463454,0.03424994007276538,0.5214848427050413,0.28293138723689404,0.0798190246560046,0.10709933488336942,0.05322065841154782,0.45222451217577775,0.040903790810710945,0.0750650602029127,0.15486143588788637,0.1853047457659619,0.28769686345710643,0.5509098456376667,0.14032646357791864
U_4239,0.32245209423650817,0.24672900429733313,0.6089587250020697,0.04716472874761243,0.4172271942829422,0.16353711784197777,0.08987230593046326,0.6284222984792114,0.05846552109938191,0.08553770626990684,0.06354573169014804,0.33301038550414275,0.1662854149648526,0.19796840369405808,0.26560476482706175,0.03745083720604832,0.1262549079725387
U_4240,0.2809265341547829,0.300200753294625,0.2617478698365164,0.043783553154459226,0.040849111140682806,0.21537843750671654,0.06763018998170547,0.13154305253587234,0.055960012081354926,0.05579152378915307,0.06603156880418261,0.7931085598479539,0.11548937053597633,0.1510375429001507,0.22649849800429067,0.03305171920979305,0.5103844294666444
U_4241,0.034732220584516894,0.05759077264132317,0.17015412693049548,0.10195778390205751,0.19437369379094716,0.16550061599869814,0.16085195249771544,0.15240819508083903,0.8530027823961481,0.2044194232942856,0.2269134338108297,0.2194028305600506,0.13522395585601005,0.15599930911005694,0.05307730355083782,0.3623182160857223,0.20339468387847204
U_4242,0.2083199236344504,0.5935751175879572,0.27559274882482315,0.04701490082727439,0.4328348446065046,0.26710966640952416,0.31695435801210925,0.08356190777538443,0.4319850565196917,0.07627774051763636,0.0967122684252656,0.6549287971912078,0.13178420624853326,0.14659699791499686,0.08352752608454912,0.012639137748177919,0.15503399578404617
U_4243,0.23556026453348977,0.21606925661526935,0.24220283621239302,0.06794755598791673,0.08767114954152522,0.2539248241706325,0.17685444065534353,0.144662276738738,0.7399211864452382,0.07405362359663882,0.05962124252584572,0.05738261103802768,0.15662457879572966,0.1924162840779435,0.1584060498988215,0.03743130333919048,0.6165872515360675
U_4244,0.378586663486501,0.3069338478786129,0.3132431040911564,0.03285822283927398,0.033629991191757524,0.16743842693944988,0.08588489380720334,0.11716494016284165,0.04944615568074119,0.07092314593731719,0.05433761140077831,0.06411734364789737,0.14587435800189957,0.1861837066806709,0.31259620056674636,0.7404415658979808,0.15475522383680665
U_4245,0.08482613095506344,0.19444032197195388,0.12356828619577243,0.09545588455027723,0.128337408735119,0.943048954849025,0.1803959906377371,0.1532279961140029,0.173787555550843,0.08195634056492902,0.08545890021857275,0.5620582905093032,0.19481796265832535,0.2248091999440805,0.09216378618472186,0.034895318090972065,0.15665632593708542
U_4246,0.09077323511013807,0.09852394579792101,0.13612922843165093,0.09157609917338672,0.15913125183394433,0.18252682554848845,0.1675747331749349,0.7448726179650011,0.22518765954388592,0.09957168940859948,0.10968129932901774,0.796255032201024,0.19206681211048207,0.2077441968248984,0.08955400889471112,0.05285729254132464,0.1927483395082607
U_4247,0.03470215284859827,0.08126895772448543,0.8302963456457915,0.11249524984222421,0.16822873648700493,0.14409048613038394,0.14326235831515416,0.14626777394612964,0.544769692036426,0.16749077186243166,0.17781651874299065,0.19563293486783687,0.12373142584947398,0.14023390423278306,0.04846917406596837,0.29499422450527457,0.1936254836982882
U_4248,0.13431112498025383,0.14371301513127857,0.3576299168049708,0.028873155166924076,0.048660426893678055,0.7653918883287338,0.2856831925362431,0.0735643525719149,0.48764633821321807,0.037527497582349224,0.03284095198499023,0.06445564998196748,0.11787274745993293,0.11488522880001178,0.05947825569390962,0.13697107904876757,0.4964706890567515
U_4249,0.22622111437945638,0.2867902015496829,0.36743443271498566,0.11102615200681759,0.1263263007790985,0.4290995673862675,0.19787265032801943,0.24103034623837016,0.2284221625482403,0.12388514689974536,0.12698651529902022,0.10045054610591997,0.22515389188984564,0.2569694297539147,0.15292790392195754,0.053974124850059466,0.22754904261335532
U_4250,0.28788654611828984,0.2538097966316216,0.27406590029280153,0.04725030115422712,0.0333659298238788,0.1245984669927308,0.04356596396575134,0.0892277424096215,0.5320736506853605,0.050900006994944944,0.05424196480977357,0.03568601782063617,0.15142729982883085,0.7144602173538793,0.6149328262497702,0.03239224755190416,0.15443909467052291
U_4251,0.038194006814707436,0.3878626998646483,0.11069843913374809,0.08067828326211723,0.4251399273672939,0.8260682280059788,0.17449334941063346,0.11372260031821828,0.1703287005238744,0.35075688720515064,0.07018188513534049,0.32553546821355606,0.15868095028828466,0.15985378989260468,0.039657855784247346,0.04187863764674855,0.12579622336166094
U_4252,0.2161348277075838,0.19765522039270383,0.26016130483820743,0.022672988360424112,0.05004075283532138,0.16086254359412022,0.08357633196563677,0.3117406644615052,0.6986147004585246,0.08111587558571771,0.06022762555396614,0.09885282830409439,0.10661659062373376,0.15473735325871663,0.17938805191350832,0.31320848590735434,0.628852336240787
U_4253,0.3199858627492027,0.2731975302811843,0.3227412525699653,0.026446630867988277,0.05539736081370247,0.29020900086213197,0.07889584893137523,0.11841959420697461,0.5553275816737034,0.07348153447646345,0.06550406445207427,0.0890481726852145,0.16643041678564385,0.19297816239766474,0.33378268405946937,0.05731943127573148,0.16533331973023668
U_4254,0.1744156358655024,0.14409230193823588,0.21057462554336526,0.06339653925242739,0.06512759741745339,0.8898521697050217,0.39523196802915883,0.133033519390521,0.34775345966116505,0.0632607104429018,0.061874166093818635,0.07471824601837482,0.14861785928801233,0.13893495880243112,0.07239971461923617,0.02575182397865406,0.39126921963681527
U_4255,0.2634692168028354,0.19733436420332115,0.2671294574898374,0.08854523424503125,0.08441143328126476,0.3188944992993704,0.13094813750531256,0.1563873922779353,0.8782922160005545,0.10309488767964825,0.0818092655602349,0.08673314981011974,0.17889050639592532,0.19360352390486452,0.12398232790866928,0.05049568340672338,0.22141790530626226
U_4256,0.05034518443107934,0.05695277481958496,0.07495778306712648,0.09767306560202162,0.13013955599410007,0.7935894390796608,0.12307004832045584,0.2861664541684324,0.3052926067383875,0.21605593571643483,0.20310103071030636,0.4110393057479427,0.08415090711818361,0.11333239810959395,0.03126303965423205,0.304471737037855,0.1615734583192904
U_4257,0.18339497278563766,0.23244120431846327,0.20824585642242954,0.09337843000948419,0.11557430860549389,0.22912090106033592,0.2128449996700043,0.1786375428738759,0.21723324215091136,0.07018907734009797,0.07575904097343371,0.7188580917035969,0.20160531536880885,0.22645522746478464,0.10784346789566872,0.042798152311542215,0.18217743930254426
U_4258,0.059020905593562836,0.11971239070807979,0.5883933607988397,0.026772464560609995,0.046019547955910754,0.47178531770691773,0.12036568696017748,0.08663440129218147,0.2665575270065086,0.17980579031284155,0.04120321951793464,0.7497950412865492,0.12046528095526399,0.10956779246772505,0.05265412029303949,0.31673638810249044,0.10506828598440617
U_4259,0.06949457158323832,0.1724846649168967,0.9201173653621839,0.10975011090983919,0.09753076191302679,0.20186482645557793,0.15572006401756383,0.5032911714842873,0.19263729567966295,0.07739444821513822,0.060516610673419936,0.3882657361830154,0.1524234133453447,0.16828425612510925,0.05326001612446176,0.042017262322653834,0.14299847989610104
U_4260,0.394287447809823,0.6691367036096361,0.34392266711023733,0.034407789543590715,0.043962762777425765,0.1577081793553816,0.5930188891756143,0.14756551110906097,0.07830066720151438,0.07600376961237681,0.06116729274646089,0.1060078612316418,0.16794350304750674,0.17989594592093006,0.28926479504781777,0.038506850717517124,0.12416177800343992
U_4261,0.24626106275455908,0.19710404155829336,0.24814851497064092,0.0193683552293154,0.041586248654872246,0.20339125504242941,0.048012804712791124,0.09226559329840033,0.3180032066128231,0.0532717060750081,0.04170942309153823,0.5703051967610208,0.11634204846645554,0.5867245315172855,0.7993861173824816,0.027420676397747354,0.1233594318822997
U_4262,0.029907258956386757,0.22960108502001808,0.35054427722722614,0.08583902628473862,0.13255121377506854,0.3632342410436609,0.12122382228085271,0.12068507013305974,0.08807337042874419,0.14582776709701187,0.14621081586384777,0.7532844871712273,0.09384000536834497,0.11207299343727012,0.025759638375030477,0.2768486229763005,0.11497718111507627
U_4263,0.5231055166313674,0.19364591518104785,0.6768695690250454,0.028374871592286174,0.03917069305992238,0.2748590036835211,0.40886237401947373,0.10698950305421788,0.4167256423303562,0.10563147700814658,0.05517301054780568,0.3510709154752347,0.12133331247239823,0.15196857052578788,0.27518191532293357,0.03134599805351014,0.12829324793745905
U_4264,0.20680450659798996,0.02779085515196334,0.35910662334847815,0.05942222299615979,0.45697723277405305,0.8514632438669039,0.5947228913715851,0.09532055706666245,0.06788172767766384,0.09294675579789523,0.11024854425850666,0.41028531060721574,0.07949014246781275,0.09016908463419712,0.018212469222089155,0.3023888792655186,0.09611066516186831
U_4265,0.34524997148803144,0.2677009686241787,0.853419536923585,0.045099645482557904,0.04575871203318249,0.1391112683592278,0.06433705697305539,0.09189427578880964,0.06286719098069275,0.06254741472171527,0.07181916164992552,0.423271331135936,0.1393209317513645,0.15740313857184424,0.2973794858952005,0.03797845752397356,0.10055430422018315
U_4266,0.27577090550669087,0.2722626060814408,0.26638594996280535,0.026135550077591017,0.0517843213321804,0.45753768436559716,0.09905593765878112,0.1187489452945993,0.06981376831310407,0.28771018188743713,0.05014310456588486,0.0805783865365467,0.14533833315000494,0.18974644395960777,0.26905571759744,0.3975726882871159,0.6315332377756766
U_4267,0.11408030123900806,0.3146717307228259,0.22117124623512582,0.07872032275824134,0.10039150135724176,0.19902772788033415,0.14594964996709336,0.13355053098654715,0.9452713469852356,0.0780550874571469,0.08724926205232952,0.09372640164749522,0.24808761486437728,0.19354114380828272,0.09869544686468265,0.05278215780827336,0.16897558538143764
U_4268,0.4326574229533643,0.3415402713180391,0.3162197779568835,0.05137724395868954,0.05304344996672289,0.19297533906784672,0.7742247201630684,0.09487988084325825,0.06549006615476102,0.06476501071671747,0.06820865122412056,0.08085603876491589,0.17244188162481533,0.18857059895764391,0.3246429047736721,0.04689324130671044,0.15275459908444713
U_4269,0.11441200862238798,0.21299441633046623,0.6052993610274182,0.038192621470355126,0.04806706089768214,0.1843054735223873,0.10903654941245089,0.44256643519816347,0.37970658830690657,0.05823064302739367,0.05429320340992425,0.3329683338692549,0.15080615234744876,0.15777772568035808,0.07792915780392007,0.3324317988890185,0.1146113119595962
U_4270,0.060008599310807695,0.09440821000334469,0.17642790986388568,0.09712702104958597,0.1665963498760343,0.11932088921870536,0.13655970569926218,0.15531162493706624,0.05881930973680784,0.1716732193810287,0.16681490199441917,0.20317344561070994,0.12387891576659585,0.1401542813919734,0.0744941218586476,0.8886586302774286,0.15341368460347798
U_4271,0.22881328685230182,0.29662596688760845,0.6416488578466559,0.024796186018378803,0.14657744841597858,0.4008242539383029,0.058730936345739546,0.18049677331193292,0.05652349963907974,0.038362751186860646,0.028565744412325077,0.03416414677205448,0.09665332351237332,0.8239627114625833,0.4926060124735467,0.07895440896727685,0.07536634892496906
U_4272,0.2808543632912589,0.5820010690843724,0.2651377819860817,0.03419923226518473,0.04281037127200707,0.2192997298205444,0.05122249127091737,0.08983755115061987,0.03049306003049198,0.05002642721922737,0.04862896081513782,0.03609233221370005,0.1305118149574005,0.6967508775294312,0.648986145961808,0.033412919770423356,0.16681286323350092
U_4273,0.034010586034605564,0.06861289699225018,0.10212944303382616,0.0711786692082474,0.15406573692761177,0.7322124617444923,0.1211267168032363,0.15887083615018222,0.1233023029351277,0.19299613969321538,0.1828020621540502,0.25125435314312605,0.14138164759240462,0.16287315485578913,0.07792276331548095,0.5751718343621604,0.1785249338467275
U_4274,0.22671667416518604,0.8571912260055972,0.2841811282805488,0.057486604802337006,0.06256275740647446,0.25009324187061616,0.07873975412719668,0.1162727676619163,0.11218302258796366,0.06726975750431259,0.07000067286481229,0.06524716625853241,0.16053137802121958,0.1723526912366895,0.12213189202708596,0.02016325554528367,0.6191526420066094
U_4275,0.20850174614058797,0.12889623850654558,0.8214227462618808,0.03833349794787369,0.12954469761843762,0.7698127562362382,0.19428091510550938,0.10596488167887005,0.15439549321791524,0.06688510021272075,0.07508799819597406,0.08028381591081113,0.1363049686561806,0.12954130654015206,0.10758316403459177,0.018847764257269407,0.11955610112597176
U_4276,0.0923777919213781,0.09589588518873604,0.6435336692579778,0.09978864646393384,0.10123585547022552,0.941628665362211,0.13713027038843276,0.1428392102227602,0.14039126987108855,0.08026684673059477,0.05711202569736071,0.3669123124813023,0.16860477684548641,0.1648313923496456,0.07254107618192052,0.04129295968385505,0.11892289427246225
U_4277,0.28027286339307134,0.25425872559070084,0.2739710991607456,0.04582621341247696,0.03016228242629195,0.9513451587121531,0.07514042477120605,0.12303654969825036,0.03601405065045059,0.06096727504833431,0.06175720389190878,0.05433742372187502,0.15008712402820024,0.18788543820570242,0.3191603309698644,0.05081112945386919,0.17235621044143504
U_4278,0.4745352032764498,0.0805302180568944,0.4689897968724383,0.11932729395956918,0.11025369360424407,0.07398502487402453,0.19615116263856758,0.11748450965711853,0.5392782201477908,0.04763863162011571,0.06467014138816615,0.4281928621992485,0.07742437495416776,0.07979167954741713,0.10701243507268891,0.43440017403917297,0.1459984322641286
U_4279,0.19550200702225173,0.21494604978764378,0.22808571297778657,0.03100096735051907,0.124886546275791,0.38027944060699176,0.0751326437458166,0.10844410319673324,0.4157175458617755,0.0604629225525711,0.05141108341617261,0.6508100640760928,0.12763638548229034,0.13992451194772507,0.2565239591568644,0.03779475528337868,0.3236575685496677
U_4280,0.2822332484641582,0.24140098759424197,0.21514858316773428,0.03863001921503034,0.03998636898876136,0.12841006306093872,0.05437512904959882,0.09885278229288401,0.5661029589052321,0.05081585590402688,0.046529590452880576,0.057750385929262835,0.13823256907885736,0.7739217378245613,0.3941875771066517,0.03136587133798637,0.10789541141590651
U_4281,0.044640015194344636,0.12281384059645672,0.09901815647789729,0.0891917448713244,0.1584291490660716,0.15661828980490677,0.5798411008607873,0.14999907835234458,0.08022736383708341,0.1305040797624442,0.12888681176467603,0.19151090563813658,0.1141177387385154,0.11981395561354273,0.05893222743122596,0.8185020982492073,0.15848718470508566
U_4282,0.03263450658244174,0.09722592079624265,0.1056940233442343,0.12270229481217715,0.20414076483139063,0.13092797708222725,0.7696561714078609,0.13929581515005243,0.08238920526082462,0.21430608943561485,0.21901892851648758,0.39102552578106364,0.16015526604107314,0.1956416457256276,0.07686273247021701,0.32350458666129545,0.1931106458843217
U_4283,0.24407851764778976,0.26389056899693464,0.9483180197159996,0.05016037940698596,0.06167948056149837,0.18313020533674815,0.10689517575934515,0.10448657649364798,0.16748210171690772,0.061640691523986754,0.06352997110352793,0.06533021739695273,0.14190970469780417,0.16909649523216208,0.17231380088740617,0.034710384769901695,0.5033707365685551
U_4284,0.24870093633135776,0.21288713109307528,0.49827131564045035,0.03443086465416045,0.03505852382190142,0.09956132342636209,0.04443937458743513,0.07786099149056021,0.1718381321594421,0.05621036401214383,0.046918240845907996,0.03129167211334183,0.11386273017028217,0.428966886190172,0.8392027570450403,0.027481508125092147,0.11590790020182858
U_4285,0.3203605814010083,0.2933304535409535,0.2999004758611372,0.039294254664565244,0.05174396651791307,0.18071765917001345,0.7057217307117214,0.15100725678063975,0.17339730261091188,0.09042086466691891,0.07548571973094123,0.08981419246453477,0.17267580075674657,0.17953688497137357,0.24400985045511614,0.047362821386994484,0.17600468507153405
U_4286,0.4625537751783489,0.19663492709882974,0.8133643859537159,0.030757084328122346,0.03155833028804414,0.11384982614257619,0.05655608475907678,0.07699185336469318,0.04095525268617289,0.05136363714863203,0.035918586687146495,0.5090802701160593,0.10925029007769008,0.14392356258639274,0.33618048620723656,0.026930085338585527,0.09840016301742904
U_4287,0.2153093938153561,0.3206904776953519,0.29974504278112835,0.06789941496201418,0.06619804185779225,0.32170182348243725,0.08394290796012677,0.12351535917509514,0.12877118152888553,0.06672765054574839,0.07883449286403357,0.05670329714984482,0.14747853829611168,0.190011813330425,0.15621695098563526,0.03213914085269645,0.7853961996142754
U_4288,0.1797707268491684,0.3004706259445971,0.19631161949624182,0.06549827256926996,0.10329506899374138,0.19009789565002946,0.6825890228414617,0.1482994326676054,0.20499796799008302,0.07040671263947726,0.06506833028275942,0.7368242214929419,0.17478983624594524,0.19473123912055162,0.11455270720331392,0.03889260119457073,0.15296884553567713
U_4289,0.54847736766025,0.3710205530129064,0.37976845204334314,0.05201449455727038,0.0679157959578057,0.20737922582212726,0.07720941442691844,0.14173547189048874,0.07592488213296535,0.07937505902410674,0.07144430576361487,0.10046118691957952,0.15449814310802604,0.23909081300332596,0.3922270674198363,0.05512044523339128,0.18076275107105064
U_4290,0.21547126383437215,0.2313179315821125,0.8714698354136129,0.045546379755854696,0.05028567906038525,0.20526832297754297,0.10072646174404581,0.10729696543226205,0.11244963510430905,0.06360435697410835,0.06025598022455594,0.06409248369226932,0.120157451951344,0.16145074976615936,0.20617352065299782,0.03603922882435455,0.5664579420005998
U_4291,0.13298628958921613,0.2300903086741995,0.24652043038208327,0.06325412556765017,0.08751542790224168,0.6585870276337854,0.7435257240459596,0.13074850289138074,0.17036696106101046,0.08252471961173755,0.09339748590795038,0.0815766245887973,0.14851602710745906,0.16562635505343812,0.09396721939941775,0.047403858955789954,0.14042952971243822
U_4292,0.2144334474591666,0.47676369024100373,0.5457886694161349,0.032967459872863696,0.07961446831211814,0.26762013790170736,0.11536953256811183,0.14095463566311658,0.12588117620136696,0.05042345205591119,0.041114294364551704,0.18924767912244234,0.08515027587354394,0.8061655274055114,0.7003507440223572,0.004192689385580552,0.13597532679213564
U_4293,0.41105719858177653,0.34977584333258893,0.3199312051824311,0.04630446441382117,0.05519712756032041,0.208143989655949,0.07790938098999729,0.11253389690737955,0.08131431021666921,0.07134903503890672,0.049927737967295646,0.06427958336228401,0.15069937913875597,0.19878712782306257,0.35382509783114907,0.445892530397927,0.16837280645031474
U_4294,0.3098991238547289,0.23186994746014405,0.8602377209961318,0.03879707509890259,0.03330280742081966,0.2870879691487638,0.06327368763767881,0.101257087335786,0.05176871750969287,0.06179806045081095,0.04947904177091501,0.06893557876281028,0.10551145968371206,0.18269798957019454,0.22741006043495549,0.02833565602221337,0.6840538615884686
U_4295,0.27299024682178785,0.2932459205731405,0.24650600377930218,0.047074971272079484,0.05392307461502212,0.27445390915383194,0.4439343183673578,0.1148446046171553,0.045572483265262295,0.0693718877475727,0.05373133993433981,0.03637606909719085,0.13894221603353574,0.16822632874486357,0.23918843675713536,0.4996160177896388,0.5444589345932318
U_4296,0.17165245977190613,0.17120874863967733,0.2340229330758598,0.06037654591707756,0.11818635529289447,0.32617015517668346,0.1291425968309753,0.44049888159560957,0.6863486183694552,0.08773385079839427,0.08180913777876526,0.09339467173297433,0.13074285517230766,0.1714796469989311,0.11989406357291801,0.05950167703770666,0.14087619899385195
U_4297,0.22860482572087235,0.24452960697769316,0.2670070296033712,0.053735400649372836,0.07331460435266961,0.23721738462414838,0.3023967249127666,0.42501469097579947,0.7357660311725222,0.07445601194427187,0.07984796474087878,0.07197358781835766,0.1784891949765331,0.1626490446251007,0.15204775246080748,0.028169712337240922,0.1589774686637596
U_4298,0.3009126812734257,0.292997616577536,0.9936789475357664,0.048347544749015293,0.04214051475805338,0.1644913150440631,0.06424323466314633,0.09536202371730768,0.05040413172120722,0.06275879655734491,0.06831353129949869,0.07375794889856135,0.18107164854055985,0.18413099402887279,0.27586365679568386,0.05393979999571289,0.16821511967890962
U_4299,0.22006548666872833,0.1878006496263359,0.8909817587631157,0.018481296682017846,0.03418721133092058,0.1989675411779836,0.05168694212038578,0.10094853888915069,0.05888250945457338,0.27297365435858395,0.053574010232376706,0.5222286859910926,0.14846084573456741,0.14111808165106304,0.26400944562115536,0.18956719543419542,0.08827307013580137
U_4300,0.25893034798376224,0.18665846492889063,0.24981612891918448,0.06346372972210042,0.02292245116211439,0.3896069301201541,0.44529334054759523,0.10193493621350952,0.573354007184521,0.045064706699033195,0.029732846334116495,0.5277097336628649,0.1260329153771586,0.15681780154780178,0.23437040522914596,0.09750036898628436,0.0941044211199174
U_4301,0.015554960583489177,0.034269532440454185,0.1869623699596662,0.0830591902354236,0.29099172820837377,0.14667094404725253,0.45185034777319105,0.5895228565097825,0.25840707822966336,0.12941068336075454,0.1583492711039864,0.3551156269663602,0.09268649377553874,0.10258041417253767,0.04121778698462303,0.2588985514352645,0.11398815030258226
U_4302,0.1727871265132124,0.12940994060938565,0.21035503623310758,0.04084208973077025,0.0337272767441201,0.1609034566899803,0.1333615801736932,0.10056691397184436,0.4455259671730398,0.22608802849143794,0.0456389492488622,0.6807886405281096,0.13064653361637588,0.1348624981631233,0.11756391148649317,0.1780661374339721,0.7724764799008077
U_4303,0.03325064396470404,0.04978465693720213,0.07686825256098487,0.09355856522775355,0.13211823531980144,0.1689361032302409,0.11342006244871639,0.12982243465636845,0.45291885107955027,0.2005369230689449,0.2052525594908805,0.8751566411004525,0.08276533966593876,0.1390204184736361,0.06501768255609736,0.6862987697159163,0.15834485612424115
U_4304,0.4841590301223735,0.4019262267030705,0.38255930073244615,0.043967663855308675,0.054594024780111425,0.2570375123190318,0.09159645830866585,0.1214815867631504,0.051260890473199844,0.06982368354917612,0.06497323786247713,0.09706053149316757,0.2091957882415877,0.23236671478009419,0.48673562607421683,0.051784399133192896,0.2048383070161347
U_4305,0.02730406958356771,0.04777278409796377,0.1213425653305258,0.06247047429549882,0.10562327795205409,0.12190769085846542,0.6038369667625378,0.33247655745640703,0.5971611675805294,0.10228144467161093,0.1293564115117493,0.6706041776693071,0.1158569275184339,0.11841470359675223,0.061396756673042355,0.22417343291678782,0.11277437290569711
U_4306,0.2661327000204823,0.18025632919104906,0.23221079305422915,0.03382293008963885,0.02592667980836687,0.09029515892536705,0.18643477450779633,0.08522233649741964,0.03356089006640911,0.05590269554828472,0.03472618336692116,0.059831566464313174,0.12015711891793085,0.7788922663363886,0.7984150645733955,0.33180841272565675,0.11239924671988569
U_4307,0.03216702445825384,0.042478373229931005,0.14875629346615168,0.08692058711811781,0.14146252880377447,0.8512479080309716,0.1332832498611164,0.4790709136725473,0.3020754137374625,0.11526842109542229,0.1102326789256938,0.22674450800996943,0.12291942497742883,0.15782648897469426,0.08372972957335807,0.3013534520276169,0.1463074648439108
U_4308,0.26869930523034413,0.24499001006406707,0.25840975349018136,0.048767211943064256,0.054095547893284926,0.17533605884593498,0.0696830601716544,0.36165601817194737,0.1910288048319685,0.07324870486754627,0.05909324486620461,0.07043571071399898,0.12665639618782484,0.7329885906679003,0.2626400541063795,0.029578552173756052,0.13449910854308617
U_4309,0.3757550932091117,0.28649443539509234,0.31413935176821683,0.03706371906943172,0.03404576026316951,0.19391415078993862,0.05907320565060373,0.10372000706861899,0.05584884404756783,0.4257280546174491,0.05594785174429242,0.08670039871651827,0.17648226034873837,0.16361843496978334,0.29946182984728786,0.5869907962592833,0.14146426945477958
U_4310,0.32374712594300165,0.2672028416210354,0.31482642681962514,0.08343614764008084,0.0825386791506301,0.3553581792658287,0.14322017822195235,0.15580662322905586,0.05036593236829618,0.7139344960076777,0.07171554843080413,0.08266766741925799,0.1642248227920872,0.1893485494218371,0.3002611911891906,0.048214609504153766,0.17948023282821068
U_4311,0.29642215548534384,0.2729465836417588,0.286568848827511,0.048309680390248994,0.04174738863816542,0.13710692418492818,0.05010934720391447,0.10778843553777621,0.041395321162832684,0.06425072709953857,0.06035242716104303,0.06325185201723922,0.12815601837055365,0.7906449564522269,0.6001639038223254,0.0655167356436431,0.18343151096683344
U_4312,0.07797869285165034,0.13043603165373463,0.13364814481313853,0.09664436728086795,0.13527826836904294,0.8255247990631607,0.19305751774990793,0.1604119445378908,0.1929471402792412,0.09613920132781775,0.10777386809298559,0.48841665877281604,0.16298367994944285,0.16555987904213434,0.07658503606743836,0.04963820501986743,0.1581874740634672
U_4313,0.28466887870621654,0.24913149325540818,0.8186595775316055,0.03519977622106463,0.040607358874068675,0.21312932178829985,0.09580384517357804,0.0981443756861888,0.06991139280444802,0.06456922625198053,0.05307645478457939,0.06200270138813895,0.12832765806607446,0.18185595809885965,0.22322127932777108,0.04031514708044058,0.6512573852709812
U_4314,0.09358942169762761,0.4321230720783216,0.5630938101610058,0.06556509719100807,0.06554855657999037,0.15431856349596013,0.2959439567258848,0.29333976441249215,0.41643629319501596,0.2952636905765174,0.08797588158305467,0.5082689740269054,0.16327669607322642,0.1514197379678177,0.07339010751917197,0.004996863685529084,0.10638077276672618
U_4315,0.027046397473058266,0.05403096317641137,0.06908325265594918,0.10838272918233446,0.14444331915045466,0.08403233485531927,0.11375558523745939,0.099858038065688,0.08781264378901601,0.8381335813087417,0.20283879840168473,0.284403184107809,0.11899703446394458,0.11694532819257038,0.05943446781325365,0.4761956727359685,0.16395056167849703
U_4316,0.22412193358766921,0.40564180176642756,0.8493135967708492,0.056642993751702564,0.07243756953986195,0.2421828459370648,0.1574823929692537,0.13636078163430684,0.057675946015516344,0.05776074434059278,0.07078967677624398,0.05159469095416008,0.15889111868266165,0.1452198522666964,0.07772642050889503,0.2554224205076361,0.11655551945843487
U_4317,0.46444123135736737,0.20782336602787652,0.5123469502986799,0.03678345176044423,0.04026484989582036,0.10996514048873574,0.36286013067403394,0.3321805227939843,0.033767015769469555,0.06033901462315866,0.0407293079460484,0.31048988453626036,0.11441894341999104,0.5941271974053176,0.6147209929306572,0.01729197091067118,0.10504889834814991
U_4318,0.3227208370310439,0.31302343013328016,0.3374178595352968,0.045530816021203666,0.04078760730563872,0.2853184197475041,0.10151355412888818,0.14057693165228644,0.7009045770990895,0.06508272048415226,0.06617277566962443,0.07137889301944463,0.1424583961359815,0.18914718149738216,0.2972188221665096,0.0764562908625235,0.1938945767419885
U_4319,0.32147408300573144,0.2521139486117372,0.27958603272254495,0.04215540714132905,0.03802783747617732,0.22293937109672501,0.06338613699175331,0.10475800728179813,0.6695832975115931,0.07485036912012874,0.057264534170869894,0.05052896601428751,0.13470033720322916,0.1747308560770695,0.2665804406471949,0.39516856259774247,0.15018935263456656
U_4320,0.19452907620231558,0.48293909116796785,0.5396214056596194,0.0872803540378326,0.12456924177541032,0.3989011516712226,0.15805699024498535,0.17935800607719637,0.3117631186704283,0.12804723331580598,0.12073125303777033,0.22899728697783833,0.20193087925534192,0.30564084825901855,0.16753794376591807,0.05215769553087554,0.22722079451062016
U_4321,0.3055713383931262,0.2657149627967067,0.2564673671750528,0.04284203818988878,0.033155093278059156,0.22847301180775684,0.05490694082102573,0.09966196766631163,0.08387015096693463,0.04998494024273624,0.052817523697314135,0.05393881963348952,0.13910215480198695,0.8178373909320208,0.5856978971824294,0.0328863746662974,0.17784640710421679
U_4322,0.0798831435521391,0.09192955568523281,0.10978802711939498,0.12105639522345624,0.19010904127229458,0.1191520816477156,0.6668751007005365,0.14058961085666355,0.06734952813321442,0.07403216048220593,0.08571437786864607,0.07145344171772498,0.09941788507224344,0.14749832701186438,0.11093035591410015,0.37534474201101087,0.8500084792839493
U_4323,0.2665301069364268,0.19014810468055415,0.909213588552027,0.04352055199803942,0.0397871949961943,0.13423004935109506,0.07762514232320919,0.33780870649212064,0.4425543103456629,0.056362820257522456,0.05657165939603577,0.30082009998393394,0.12594821717266835,0.14775093640225223,0.2549943201272504,0.01303830615835067,0.07519346019524623
U_4324,0.0686790373943713,0.1066044558835327,0.1686845508475855,0.11103284388637569,0.1993999642626804,0.1745356629680961,0.1538666470976401,0.187813420615141,0.12417119572387794,0.2167519917183462,0.1668460254352795,0.30206660044215017,0.17900323388010436,0.2499679537886581,0.12187645097300787,0.6527549293473613,0.24024258063799597
U_4325,0.0486357636557712,0.048518575992653745,0.7832952626450078,0.08526931586419119,0.14077446702904323,0.14862718013816173,0.390472266530618,0.42967422973410846,0.11174143197844544,0.14918073935689002,0.15353174082319918,0.17387994041576058,0.10063103129014767,0.12085470197561829,0.04997070417538159,0.25926935079341756,0.13086548883099586
U_4326,0.012409133818388103,0.44088150805395615,0.07775261052617671,0.07808934780480273,0.34021269499596035,0.08064454329754256,0.2204106518297932,0.1430665451692581,0.08040102132727794,0.5979980194431598,0.1738093291119286,0.6397841164291183,0.11568707412156516,0.10212995835447336,0.03590071442474827,0.2208602454927265,0.11341779370362304
U_4327,0.07380540835391063,0.11055132078702457,0.1216074295853887,0.1144528118295588,0.1828049092957524,0.11212702974677123,0.11570618813522109,0.1556853850355219,0.7462249298174831,0.08237759447908707,0.08906145950635228,0.07067847918335796,0.09819386411706074,0.1377751719595447,0.12157766386917597,0.35944835113918316,0.47790239663936007
U_4328,0.032333844295878725,0.04347454203097842,0.10074445363439324,0.09927299461375126,0.4290298552880578,0.08033465408968488,0.11163034792753085,0.1463701354479022,0.06299012738840573,0.4831397203877388,0.16578507912769705,0.5057581956496934,0.10257078291720659,0.12719003229615047,0.052453137602931965,0.9017670647000154,0.16620463901635824
U_4329,0.24734560684873333,0.21814637132884612,0.17582305472573811,0.03376855818802307,0.02930856880106716,0.6276994178802406,0.37020107248097467,0.10752680135952944,0.22805317280572474,0.07003828100995439,0.0497041945602235,0.03941134322167028,0.11652720992408519,0.1298273637099942,0.2143437223890482,0.025424523756484328,0.675256091085974
U_4330,0.19509396798357628,0.12853920429901197,0.37704837828442594,0.03342785590556949,0.047427045003394355,0.3077621500258186,0.19428199893211803,0.11107703975894659,0.6067984991212908,0.042812745980790975,0.03325302244671401,0.07637802262081626,0.0863460115386424,0.12010283752088297,0.19001554398027976,0.045553556634253645,0.7818957339111547
U_4331,0.18740417199834147,0.2957997657768605,0.3421339063541979,0.02256354054801687,0.011010196372867646,0.10728804998361807,0.07684424890953506,0.06110878344027764,0.37335080481132604,0.08385290273827904,0.03223515550678918,0.19209835759897984,0.08785270313273091,0.782556472783406,0.6848079697174418,0.020634932899872026,0.07652774872397558
U_4332,0.2122352378178173,0.7434961610399975,0.23603157337105038,0.05062194195167098,0.04587914836513862,0.17003803452528007,0.07706898495838892,0.10316135295672393,0.6731358968384129,0.06455251422336653,0.06358394621845348,0.07094226358403387,0.12513258568224006,0.1469753921998884,0.12453893502630647,0.024022440154136522,0.5046080190735901
U_4333,0.372870166428828,0.31406798541225844,0.28689331398095685,0.05757134314329226,0.041591450929754394,0.7453240752348247,0.06432749541401503,0.11869436173519546,0.046579035594086715,0.06071988083909595,0.06460004031748728,0.05697244286183163,0.1468432385339149,0.2762811387856522,0.29089364841482995,0.04137079782799029,0.15028995235879986
U_4334,0.09853006848144744,0.39303834416248057,0.5517447414401275,0.04072204158267742,0.16946334922174952,0.7391965740881249,0.27413623259828596,0.1976027471382898,0.6701905769171789,0.07145452511724305,0.0707148359526918,0.4706081446271754,0.14666168444184435,0.15105889251208854,0.07573539986046923,0.0010983347067862954,0.07789683050409268
U_4335,0.26602182279128034,0.24719052140298742,0.245552724926295,0.03925933509431461,0.03819696215617944,0.15024181046937235,0.18748904840956943,0.32389182066454497,0.20128341648090828,0.316700889347463,0.049075712988353996,0.6822838509007962,0.1084428686800044,0.15051641555909545,0.22920269203998309,0.022430835616254852,0.10192492607446879
U_4336,0.2886402155986215,0.15560339625020164,0.2440487078405031,0.07081480653293487,0.06471361431389816,0.22150813874132796,0.5657372121065569,0.12617157099829007,0.058037743060984706,0.06254743695835194,0.059242765417440724,0.453539592367708,0.13162028205605794,0.16127819584333486,0.11318220807858936,0.028510982147485552,0.7611803385297067
U_4337,0.33100723600305404,0.2578587849144396,0.271085013637624,0.03613902217757145,0.046232333629925265,0.13942786386641987,0.05711870321205511,0.11706237915624347,0.4153569971523823,0.551230076485302,0.0570719744321075,0.05656596720151442,0.13423356205207593,0.17909915414625877,0.6857979347063016,0.04248705007844923,0.11552540663153388
U_4338,0.029045383492513618,0.07170992313999243,0.1827252175596475,0.07519590234457754,0.1692337627481894,0.18232386272077425,0.869726407366261,0.14198575353766635,0.12940710832573993,0.16329855419482303,0.15575367114704872,0.1918692987028358,0.1303644873244753,0.16537710306634024,0.07357899911270686,0.7078339446938323,0.1435850956823712
U_4339,0.3858630984843521,0.3190358805431159,0.31034554154774047,0.054206573431634264,0.05693814157864985,0.19018971711627214,0.09498453430066561,0.7984910194028028,0.0508015949028804,0.06376805670103683,0.056988339011413966,0.05965549699799745,0.14397653455542386,0.18117791431212243,0.3292675142641113,0.03689645953604469,0.17596462557254383
U_4340,0.13740798707782262,0.23353219268383582,0.15352632915236267,0.1021055652940836,0.130000717236774,0.21950660251977558,0.2124738907015515,0.2675555977949366,0.2023994088742872,0.07350445397388591,0.07470189341478901,0.6963527756411354,0.2046541886788333,0.23941382163452435,0.10667666128871875,0.03746755613561658,0.16055703204519878
U_4341,0.13599513043740108,0.16731401573412588,0.8531662927257881,0.07379599383755214,0.08038659929272839,0.2385695271143271,0.1099550978940122,0.14286864535963525,0.12395801426751477,0.06985933899306318,0.070952648488589,0.06054801940215243,0.1628485459988071,0.16408349096183109,0.07457418198350581,0.6445535827825339,0.1571934700541768
U_4342,0.06338824901481618,0.08106829121957758,0.731652807276941,0.07594307365499589,0.08842930590266102,0.6155658599247971,0.1603433709483149,0.31893773558952637,0.39904513445284384,0.09485345997781315,0.0770826283816419,0.36213975331178,0.15849999223733222,0.15877024835102868,0.08026409929031178,0.033323619407821255,0.12050207319856687
U_4343,0.30236510600112115,0.26715564709580725,0.27707223372490697,0.05168143845360096,0.047895361578877554,0.15161491523192222,0.07184610424684174,0.4808856989434922,0.04596789490958211,0.6528206058786457,0.06139481269226055,0.0468486024474212,0.1332663902393207,0.20063916327011116,0.6483802068695881,0.023892264991550297,0.12153635843499672
U_4344,0.3602493871666572,0.24726616264587484,0.2585245256235939,0.03951406354978339,0.027550760369802724,0.1673466314107492,0.06443745609910595,0.1052550195663513,0.6402946399411291,0.0753055462127924,0.06157534638186256,0.48459628278113,0.1630666410780781,0.1740153134885728,0.3017419960518425,0.04298747882680265,0.1166124184461829
U_4345,0.4201757652697768,0.398284111893311,0.42085012334820027,0.056767037358954234,0.04792142015732078,0.37946463243981693,0.09494523962833812,0.13573637337377475,0.11551350171938558,0.08853404733639389,0.06995764060940221,0.09585298814040587,0.2277996716128546,0.2403506849053975,0.382315956259648,0.06649009102558215,0.21921368266297625
U_4346,0.23786306991116235,0.20460821329021506,0.2251264835275933,0.0375846733342899,0.03198514022058748,0.8379502452085079,0.4457676108220231,0.11224816785775804,0.036133090918173044,0.06041968141942787,0.04077134146116111,0.05735869838106025,0.1288389492544881,0.14679772691868348,0.24424695052125717,0.0357908114061828,0.5685166852506585
U_4347,0.39346238096518765,0.11587103911315622,0.8352573810927161,0.07647643799562741,0.12183456364813637,0.07109676314823044,0.16179554992073053,0.1189451152128172,0.08453928909097337,0.13768032060448068,0.12294883006956128,0.5270059018689227,0.08798106538041849,0.09452794739267074,0.05752679419776357,0.1368418568963513,0.10074121037737248
U_4348,0.20943725890421594,0.13976676378364852,0.26781003520305396,0.07517003876036876,0.09013804018127286,0.2628632333732588,0.1641979686267574,0.12171099488418721,0.3274407447769427,0.43216319575192597,0.10202830143070318,0.7329146752343925,0.1759191643063245,0.18279808584799245,0.10250315944654297,0.04841621111720754,0.1428498828202723
U_4349,0.03328259011737411,0.3769186933615033,0.10985161436567784,0.09739049915043352,0.46108990384682236,0.12843418833251055,0.1538810389658081,0.5129732353531455,0.10771996806987744,0.16486725279090045,0.14804946085583245,0.6308788791319875,0.08769166518785343,0.131636765366886,0.040088407980977486,0.2175977496790319,0.16232809861116648
U_4350,0.22683265271992553,0.20179695447340185,0.8410961064887954,0.0379020796680864,0.2816272379516456,0.2268796060741855,0.1679683191322582,0.07485233380740636,0.03110129254712048,0.05527576180697709,0.044272653376970304,0.05049384452628261,0.11088015939036426,0.7315203174607329,0.32467422955785114,0.02587843539172946,0.09454918565471059
U_4351,0.1918709960634186,0.9145065189354,0.20902269016363345,0.043156870096571376,0.046899365960960906,0.21694871356858236,0.08535450102583189,0.09961740434510458,0.5424452096272883,0.06468337687070194,0.0633935546927489,0.07895523889722397,0.15914202182528514,0.14402627138166432,0.07715046443662929,0.0315823187782229,0.5301701604011552
U_4352,0.11480642279953111,0.2012150499294087,0.2594897550826208,0.06762439818928273,0.09873899943419746,0.20923794345118757,0.1588071348146486,0.14941255394804445,0.21974806715239237,0.06124543312519534,0.06602861170010421,0.712166309150513,0.15603662218084566,0.19556984990154389,0.09944322390515485,0.5109124920547674,0.14881591525570248
U_4353,0.5425800856774663,0.46290157398372533,0.5641517821399132,0.03254162473566573,0.059122569544666034,0.2592121279867028,0.07016322097795298,0.14173140353832825,0.05011932103734759,0.08167958964761511,0.06107641403225989,0.0717476122687576,0.20371412221323656,0.28287527412598135,0.49822728911914166,0.06498879492480228,0.2248871037758646
U_4354,0.20295694336277473,0.19660358954986495,0.25193046263346913,0.024248383052299434,0.2969166389650043,0.20692916600020084,0.08050747935752772,0.29116545089059165,0.5213016321052844,0.2994581716076262,0.0599549399574372,0.08453427955205045,0.14612525654266684,0.16359703566462191,0.19844048887227292,0.39343958256464984,0.13146307392761342
U_4355,0.09516352821591423,0.16725487744887643,0.23239899487624704,0.07165192709221006,0.10265303281266383,0.23832925042928366,0.8294706667770733,0.1680003176964668,0.1488969152545278,0.09629795625689311,0.09035535410135007,0.09415734478571919,0.1645319163578774,0.15019413149150282,0.08931392917880886,0.04733362529994336,0.12183417062596827
U_4356,0.05023517537436497,0.14132061017417735,0.12087956150697729,0.07089410514543476,0.07786111394117053,0.17110978430573348,0.1578200890187036,0.4538685504183819,0.7657263733575645,0.07180810791740752,0.07015736134809476,0.6253652590055774,0.14707815571995075,0.1534964280373745,0.05968735632399242,0.039506608893596126,0.13323182398148103
U_4357,0.3583293505221989,0.2666802699262785,0.3033401171147062,0.05558692872913401,0.058107112199456704,0.2949213263599626,0.06548995130636541,0.10173674051664422,0.054577593258178146,0.05309529371477055,0.0796321545140044,0.7381400652069032,0.25617078773620805,0.21268703036649073,0.3495062046136255,0.03309736829331936,0.14575224225357641
U_4358,0.19607517338568126,0.3202540122743114,0.14051902578398726,0.07982625558298674,0.07204188981868113,0.35072978807142857,0.09763522225754455,0.15100406243757913,0.16130974800970668,0.08379088287755902,0.0815306205748372,0.07104626873897116,0.14920931964912632,0.1696651114807574,0.1170088098213607,0.039573837035362346,0.594324790664368
U_4359,0.23710961719759788,0.6065391640317043,0.24538991883489164,0.04357992817887471,0.03751880846349795,0.18056376184085546,0.039856036171885136,0.0806079219205568,0.02644604107991784,0.04876916690128145,0.04033643015248608,0.363041428172046,0.10835493105133547,0.8620506342590741,0.516081487458457,0.027833435232181084,0.14189628074017227
U_4360,0.24182455000748465,0.19993971524768034,0.29154308351729674,0.043998259277112706,0.06294986294418334,0.24393104405978794,0.22179675775035088,0.15169264956370263,0.34266127279298125,0.3341596259503865,0.056778443158922505,0.07055455244825357,0.17013631704530396,0.1668465583474744,0.19416960966029975,0.3218829519956436,0.4164536162842408
U_4361,0.39010843971355846,0.337908873019218,0.30976815687241965,0.05127728684950339,0.05956734658481773,0.18633405312475143,0.10047204102198475,0.8467834974052384,0.07384464824521725,0.0774105690440727,0.0754336251247598,0.08243188743317852,0.17821395440218163,0.18750249374386785,0.31787695423561874,0.042648919300413715,0.16456011739327486
U_4362,0.018174050234703174,0.0911029701356538,0.09212151871386073,0.1082584442301947,0.17161783049420207,0.15515893842469977,0.10640412479439013,0.1317216663987079,0.10263498493273183,0.16043502418398786,0.17718621695426962,0.20604757727170114,0.11246097490089338,0.16810586143694714,0.07043918240407783,1.0,0.18477841613611118
U_4363,0.5251780042137945,0.43803163467774014,0.5910860069314308,0.0334800027893065,0.0486594945321496,0.40856314904431507,0.08471398952778098,0.15293169188264477,0.05469988481694669,0.09163835072968204,0.055425229029363456,0.06409340098602015,0.19083101087954357,0.2707068160496583,0.47900579620602557,0.06153845174154628,0.22202843236075262
U_4364,0.23486387049309287,0.1994963303506569,0.4979190872113576,0.03325305478888452,0.24576098779905134,0.06472846255373267,0.039583238937459075,0.07219240050848401,0.02095258616780761,0.1304573929149934,0.037318367770739706,0.4812285781344478,0.08607125223620894,0.7734719517689725,0.5316736595964047,0.022263339122323658,0.13330898492637538
U_4365,0.08225735753607735,0.09869531152322875,0.23221329993320308,0.09479234920435911,0.20661227019031736,0.1913892987636181,0.13602094924764785,0.19530445866160137,0.10022553854806657,0.1955783027235199,0.19714203540663383,0.23793286263111818,0.17231030273558412,0.2886408857865045,0.09677978140615195,0.4846382830650282,0.2311076036113009
U_4366,0.37712711789908643,0.29050786352765756,0.3542495902455345,0.04242495158069184,0.04296108542704548,0.19895985144208608,0.32831211411340394,0.49574130692652657,0.06023000317628181,0.4571769480198798,0.05236998847866878,0.10870134030932074,0.1694103346686895,0.16484595643508088,0.3276266926643946,0.041591498822671824,0.130138240867178
U_4367,0.3479462324494471,0.2827953132424338,0.27035258467260237,0.047087625894425784,0.4128577545311819,0.15972966703813457,0.07998134637139975,0.7174915594614633,0.06504435216644135,0.4061410596059044,0.05991683026965422,0.08672031435419875,0.15993158064752833,0.1814373884880758,0.2927453917143368,0.036821464381866745,0.16847713850373242
U_4368,0.3932302986856723,0.3125916976627197,0.2628561629129904,0.0430848174971615,0.04540201476038622,0.25865393382135443,0.08241843081957881,0.10171614115360259,0.05105211489745229,0.05850971477196071,0.08488490477845752,0.7420438026296698,0.16571955264027724,0.18496933824844936,0.3147997165559165,0.03778180149560051,0.1585487742377405
U_4369,0.3271034380071522,0.25671181202439297,0.3234902963598867,0.035798122709388674,0.029685691448679413,0.3307768102018723,0.4122708519943943,0.11902754471770317,0.04975566272867575,0.32443267733307257,0.04864780644548878,0.08148351413435512,0.1650181997820091,0.18093061091982282,0.2849265858941952,0.5793016387985747,0.1552564796522345
U_4370,0.29430118548111084,0.7413636255301124,0.25589093377111854,0.04382881112865649,0.035521819520345055,0.18151768606336113,0.06653273017900081,0.09461005719295401,0.06696647395573152,0.07241265049340681,0.051408644862053474,0.06754572658074912,0.15207716610511496,0.16428368616149935,0.2522770200744899,0.5767905879672087,0.6122213378698291
U_4371,0.09275780715431468,0.17656086734990026,0.19009182800356958,0.08865029011471369,0.10079899488437963,0.2007946719732134,0.6477013554087704,0.15817455391688137,0.2572828098239953,0.08137452871384983,0.09313286471992732,0.6457291278730762,0.18190261434927,0.16094428986405382,0.0663030508878508,0.04882395783537408,0.14059230883259594
U_4372,0.22947273601620138,0.19526535394418232,0.18456448390476574,0.03756928900899298,0.11037093238215592,0.5611732479630474,0.12477577676345036,0.06351343215656215,0.09516915766450873,0.1265652164762534,0.035250862799659104,0.15155610261164987,0.0952450560378724,0.7447939805680915,0.8357988918398636,0.01326722043779217,0.10273867908520873
U_4373,0.045019812992810965,0.06193977449099066,0.05619526387481669,0.09908256333163959,0.13283140732804422,0.748517211660515,0.12861413845857095,0.5653313370667277,0.10994731923366723,0.1551050633618045,0.12456500816773224,0.5579005693217105,0.13427299247102822,0.13961440813816045,0.06938995987622602,0.23846469278955498,0.15858422535739383
U_4374,0.04936837077122339,0.1110839566028521,0.10897676840898317,0.10152816247554858,0.12637702734122983,0.16865003816899007,0.14844103197244551,0.13629429910528276,0.11134465060132069,0.23616347123766654,0.22496655603610685,0.20897152537038366,0.12760111330995072,0.18411852167027482,0.07676399946041518,0.8863047187449983,0.1628950520452577
U_4375,0.2232713797348867,0.21488146824280563,0.5721849515699446,0.02697859558490799,0.2652392462336086,0.7087162954294589,0.07289311746454608,0.29559644584659006,0.4938272203805924,0.04698630051767112,0.06566785652084162,0.058407983459151686,0.12881880630709647,0.15178126506257494,0.1039173041978046,0.14871486600950906,0.31666387315031524
U_4376,0.3503474167355583,0.29990661888850545,0.27641306738240273,0.04644037737592644,0.048104688648906685,0.16713178090683414,0.06769918868053879,0.10920155633557595,0.8008298467622778,0.06913868162415843,0.05933575254536484,0.08241610194948079,0.15869664125971533,0.17670354249225678,0.26534744305176783,0.04565929024835365,0.09043485852651378
U_4377,0.2650825609598063,0.5795594554807187,0.24312262971113469,0.033065284315785995,0.316372041498123,0.1615345397088582,0.05668176627861149,0.0969582629001617,0.7859239683408588,0.06684774933264173,0.05109774841010911,0.06962440643307383,0.14532656495101595,0.16111667143176298,0.24875260955647127,0.030105054725584172,0.0895726290951001
U_4378,0.17679099146508798,0.21330137288947398,0.808664184546155,0.09777508981213756,0.11266620151798258,0.2791157115154339,0.2531350740445967,0.1557185322537599,0.18079466264118801,0.07639057882704597,0.0840461671403711,0.0755476897887534,0.25118776988187486,0.19754188807884965,0.11015520583589324,0.04372934967406423,0.1736061270411136
U_4379,0.06181832048105768,0.23997238116539243,0.20031499646547155,0.1245391504059741,0.1443000418272139,0.8957759522162605,0.18695584409257363,0.1610153314559045,0.2579057258982158,0.08185071885265867,0.09051519196483455,0.09447321894535565,0.23898732677026968,0.2044332312464931,0.09703057286631618,0.04548494589006932,0.17160932186519728
U_4380,0.060269256749360456,0.21002517584934688,0.33518160454713053,0.14659427836762864,0.3061244073172929,0.32408657036117283,0.19109102001163347,0.20160906196516484,0.26441904075318196,0.2909546993496509,0.28706382703182964,0.3018423630051102,0.20626669648761897,0.2938687525170975,0.10876603422631387,0.37640761075823564,0.3009080319625623
U_4381,0.02990003901015353,0.0798407578174369,0.14967363223951047,0.10937898790180833,0.14767782044937303,0.12309106813897364,0.1256492928587169,0.16316819119917064,0.08351594714874554,0.627582175365685,0.22580318655254705,0.20992062073039197,0.12454088832823691,0.12528017165390104,0.05513536672260844,0.8998504518181796,0.16129261380644822
U_4382,0.2755518975413934,0.3181349885754908,0.2997105864768027,0.04344636842991779,0.06208471197176129,0.25849818378476486,0.7387131405827132,0.12124112936218709,0.15633650640523292,0.08994486703246153,0.07831286061164766,0.09543882442916464,0.18343649083683486,0.1698221447565915,0.1858738402599366,0.06535360628448607,0.18860404864647395
U_4383,0.4992068408607342,0.3936227145708847,0.45949635628815094,0.034894215579596335,0.05289782613082041,0.25303440917326475,0.07676736129170103,0.1495629509293364,0.05280667698820131,0.08325931358774263,0.0691398992633727,0.11059321607060346,0.1729689293599361,0.2602718104632761,0.46947728873213224,0.04399288284969542,0.2261419357616461
U_4384,0.2833808878736209,0.2332703610049773,0.23133841108847847,0.039698285423663195,0.03287843754819622,0.10500981948225148,0.04980147098385926,0.09259893067003475,0.038707781400003076,0.06179323677423639,0.043258342614274005,0.03028492915676683,0.11716371968475889,0.9092982655969148,0.5067112182311497,0.33607633320380714,0.16332122600430343
U_4385,0.1457360054717219,0.1709428125982201,0.17758898171993623,0.053739419687032414,0.0623010823755947,0.2556740797602174,0.16966973493056756,0.4124918075630732,0.1471197889188763,0.07551488851881138,0.08422632122537532,0.05306170954164362,0.14585200396365094,0.16742462497549274,0.08292573965390211,0.527252789854682,0.4534556396902125
U_4386,0.5347842358577436,0.3741120540289924,0.4898613695856745,0.09189700525503952,0.07667058599878934,0.26815628515639983,0.09970566809797642,0.1273113514156714,0.06280464126602846,0.09845611571239168,0.12437199232259699,0.08765458092907415,0.29529204282875887,0.22114454315483295,0.47814533491964495,0.041485078750922874,0.14145763842362388
U_4387,0.2551227362635404,0.23843639953358858,0.2504739652841228,0.0389956518016257,0.027059424294007116,0.179645824862789,0.4106297978649259,0.09581919601566169,0.03283148280644596,0.045365185712174745,0.05122445397600524,0.0591772970240772,0.10541924503626099,0.757545756830312,0.542184521741764,0.10022933657876745,0.14757157417662253
U_4388,0.07082042564270408,0.10920788672970896,0.10258943423521481,0.13373265963970207,0.15246337547662578,0.0954941657218365,0.13387873011673526,0.15939362209749525,0.4035839136138727,0.0794906382800106,0.07707017246091666,0.410328024562559,0.06865731955388411,0.13758206841793544,0.09621516724467474,0.7865729546418528,0.1501517937918401
U_4389,0.5899106525944973,0.4930814015864955,0.5105815936240876,0.03221324098203314,0.0460591126781846,0.26141182149362807,0.07269481607213346,0.14333191796185396,0.05231754886453245,0.08590964325494246,0.054467599785197954,0.06208369771054871,0.1966971099527787,0.2779965347973077,0.484345423347275,0.08053285119042539,0.22089261419298942
U_4390,0.31323057534383936,0.2532739599604268,0.28705476646448014,0.03368057548256441,0.032128082943471886,0.23360909433220878,0.04855343942934968,0.09807564660817188,0.04011835930744369,0.049430427965217544,0.05348906553064468,0.047442465012686535,0.15006650866893434,0.757641561518672,0.5517444004052676,0.03125404068423458,0.1759038029987628
U_4391,0.2780753979547428,0.5783977318421286,0.26055236822333394,0.03929818064705955,0.23044134192391422,0.2106881341724714,0.26991836361963234,0.3704743822443702,0.6050895316900301,0.08402072165950526,0.0728604678717671,0.06109760284004656,0.14209666788311276,0.15523350872983896,0.18031275628502216,0.009415650787168462,0.1351670605572439
U_4392,0.37421500476811564,0.33777895517143697,0.33728846778227867,0.04722787108811202,0.040733374063600385,0.17096688531387289,0.0783391100779112,0.1107701002473638,0.05827383772747354,0.06288336860910994,0.06966109877287045,0.07367525266581405,0.17231332254186138,0.20618230482653532,0.3230869021713603,0.7110754940013561,0.18204390189195185
U_4393,0.279945225320332,0.7116695303492158,0.23590077592689085,0.030426762758894416,0.04128106282154585,0.15038943125494328,0.07020782767484379,0.30781064292176363,0.4012796666305585,0.06883674640932062,0.04443436393021928,0.07335085170149064,0.10875668771776495,0.16348010075259922,0.22926475497432594,0.3937503132187233,0.11432250103515093
U_4394,0.07740918823965606,0.09352891489841644,0.7846923408444709,0.12332796366614998,0.16446009165681047,0.10780176818693286,0.6826629143868816,0.16572104805983123,0.05808062169886025,0.08527467949813533,0.0796741590689766,0.05161530443237841,0.12392628170307364,0.13906996776152536,0.1127030238785578,0.3702727489075735,0.21408131468644967
U_4395,0.2720295062794822,0.24376045254282977,0.30237343632662833,0.05225178882408095,0.04478751720046344,0.19886306755363345,0.11201257411937247,0.13343580376558795,0.06927099161010646,0.06940235212281165,0.061951664165473874,0.7629413521060504,0.11529502537645248,0.158294224672642,0.30669073151679677,0.3939974906168156,0.17742062718036994
U_4396,0.044735547405743474,0.07644536075934123,0.1806785913843457,0.10509481014215716,0.1733023758925731,0.15402570710442762,0.13576533767731236,0.15262362105257166,0.7560372863586526,0.10957383703553641,0.1208924560056092,0.2809022046488806,0.14146175059687693,0.15788507365859156,0.07780235357635025,0.39783706295373666,0.17854919838380504
U_4397,0.18850380808625658,0.16888361771087648,0.4200970274415866,0.12286358438264156,0.19347683297022455,0.4934336936428859,0.18227962505383272,0.22777224618908412,0.2611034470459448,0.13137672276469217,0.13375891987802632,0.12862327337363313,0.24885333902025517,0.27142618512757566,0.19787145673540713,0.07237853030885731,0.24828216305608164
U_4398,0.5545038020894459,0.47376255516575594,0.5694960072270387,0.0329283720480896,0.05982606263812252,0.26134139167187576,0.07081618666759326,0.1425760084168094,0.05623138853278762,0.09058358219149107,0.07304398610055005,0.07087362654606996,0.20153235450799498,0.2800589039296235,0.48359712984816006,0.06148853123573375,0.22214670638638673
U_4399,0.11265562611369684,0.2925076965415759,0.9280465592175352,0.08540271922600154,0.11562409091886339,0.23733232713051555,0.13049804786017735,0.11691096920443148,0.18412207965266233,0.07306040144277767,0.08558878590023009,0.0799148498847731,0.2028725387025126,0.20202412111485085,0.11368977640491162,0.046878608631211245,0.1755042618047097
U_4400,0.2122440918366737,0.17645909788066555,0.588549079229658,0.01943672961838342,0.2939711862861424,0.28422538228800986,0.16789910082352671,0.11161194128080125,0.03965369273492146,0.042787379410752654,0.0441326330782391,0.25678527427709924,0.11704323430047467,0.15406981308355866,0.23379751563798676,0.27451050902366125,0.5275320708696795
U_4401,0.3380755548169364,0.25487927941639255,0.28362851382711823,0.0379226330623207,0.03165806312155331,0.252373639599862,0.07777709522362844,0.10093494551612404,0.7446043001928857,0.061921905915486936,0.05673066755709757,0.07159421311681745,0.14639434306912213,0.20241817200945844,0.27414796477879794,0.047250082986733506,0.6352951446576697
U_4402,0.19016962526265405,0.15955191650169598,0.23864635032455375,0.08382722642157885,0.0864273804182092,0.9124424970056824,0.13945860950949518,0.1647098459947328,0.13632032288844104,0.09767579614559242,0.09254208177964891,0.0866988674045436,0.19579038191367845,0.17688524035476408,0.1122827948553741,0.05052975934953344,0.16405379563642786
U_4403,0.23679851716655947,0.5814103616794581,0.25769330627246523,0.04708284838120602,0.05951493864916471,0.6902055997093809,0.09380596745569295,0.41097259389494734,0.5278663348571717,0.06624964425681655,0.05693772377270542,0.08431843361351425,0.16012579062761034,0.18343376840229808,0.22814403780149548,0.017226912051709897,0.13185753625486463
U_4404,0.051027023191183386,0.09258284073106916,0.17675820056054065,0.09231742235361338,0.12077693101742222,0.20980105255218903,0.676571620298037,0.1367985738373388,0.1832456198250556,0.13172234454117038,0.11079544605962438,0.06508586918324864,0.16749128155911847,0.1826542468382989,0.057338616309096695,0.6198758627701473,0.140317382200772
U_4405,0.3204132588441041,0.6995552243843448,0.28743065463869455,0.04006588179595802,0.3534304180749743,0.14296303074739664,0.06725600700864129,0.10529247893061694,0.6661317237214622,0.06960718092107065,0.05628103057459691,0.07786787161983302,0.15332754420087807,0.174863006318497,0.2585422169096492,0.03292788716813337,0.12147745128186295
U_4406,0.30470725370394364,0.4114804723701492,0.33002243165480505,0.0475550060544286,0.22253933559139996,0.26397332178198973,0.1570138506668638,0.10778787264594333,0.6349182980461099,0.4502854478793391,0.06830308982537346,0.1088900696526851,0.16703952164850774,0.20190276371532584,0.30917140305053037,0.03522974869241789,0.11428148393044649
U_4407,0.14245830190965403,0.19950475299768283,0.5166256602585473,0.12274190216698783,0.22399511379175724,0.38111461497822247,0.1863552143892477,0.20976848984568758,0.38824829572748587,0.10441343531130987,0.09678176211262912,0.11723932754757246,0.29335638791968804,0.298405897673119,0.14829370612861387,0.07978823781823233,0.21395918646123885
U_4408,0.29444728283074917,0.042489082024232905,0.3296070516832532,0.062473202141809125,0.13820483106602696,0.7643822070982836,0.10252693597837442,0.1247318434524389,0.11955399361151528,0.17738786826575464,0.16862527994913135,0.5094907073200617,0.09525799498560196,0.11103531425727525,0.02967891731781467,0.24877105791261883,0.15321875287137873
U_4409,0.17063724029201538,0.13078845597880007,0.2630659630830581,0.10224047305113189,0.11179736074883018,0.30477521527727564,0.24263170898234956,0.15542681266689726,0.06432439566493364,0.07687422481884104,0.06255959575812554,0.05703353401973601,0.1711971684584278,0.17124524548404718,0.13456414682941142,0.7459330488967532,0.14295664809303965
U_4410,0.4678930985496121,0.36066675944094945,0.36982321581873284,0.0722835441794458,0.0843888518304293,0.41926534484614386,0.11096060929060124,0.11046611404404741,0.06373661955374223,0.0775511606313778,0.12682358958682483,0.08895274885356602,0.29570696732061663,0.23287429699327789,0.5691100443640609,0.042123193964712445,0.1475632811202735
U_4411,0.35591678814464955,0.23981689350730256,0.28781237846308294,0.050849600777669944,0.043141946801252,0.371573347456205,0.4524565921093844,0.11264001863525175,0.04561660869075001,0.07496243559460304,0.06322815394827574,0.046288442992560824,0.11776671346060816,0.5428440987069074,0.7773376528216962,0.01914104259551748,0.1070665635736884
U_4412,0.213109390840029,0.6377690166345799,0.7579287987237648,0.057329124761616196,0.376298798295595,0.2277891058101858,0.12285357346551404,0.11707011375752836,0.1208487181765013,0.05771622801496424,0.055431372241090536,0.06154900600558842,0.1355399805693417,0.16352497800599275,0.1193445122124604,0.035222259916467574,0.3609294818409944
U_4413,0.23696597511104306,0.37705448531610053,0.5322624087286165,0.017862147285436572,0.19385703590999717,0.36356722549144327,0.05180690671730101,0.09358150880899134,0.568462162948863,0.17672829502960913,0.06272825112571934,0.30832300278814934,0.11142520339714201,0.15002567104358994,0.2394734815583192,0.01990407149591549,0.11895200089856817
U_4414,0.1327847497863983,0.5615727236678889,0.5427209376460389,0.063093024022904,0.34571296220141495,0.20403549538592686,0.13617985319046072,0.13318792296759246,0.1607170933358771,0.08587851896576532,0.1027036663310652,0.5760851416067172,0.15241753817896148,0.16447393819152503,0.06888964557074956,0.030605005112332707,0.15617290770980727
U_4415,0.15390974303705102,0.32550429227627353,0.24597311239105923,0.13213596984503034,0.192545778874237,0.2884025783316392,0.18112326870453502,0.19131517007707988,0.5119532051064687,0.1257515437814206,0.09255860285604053,0.14507486228832506,0.2997519179430147,0.31640560597016526,0.12312439712838813,0.09375328099393587,0.22350391723141266
U_4416,0.12180860947354039,0.10259636624460884,0.6720657659714478,0.07159068508068418,0.40289046469701834,0.2247681859801762,0.18164008945719867,0.11971562320077954,0.33398535473253654,0.45912688916040034,0.07241653057273834,0.66520767365263,0.15935311706305277,0.15843349937151607,0.09629560019222924,0.02697778318546533,0.12131304897356372
U_4417,0.19686783994429569,0.30115249625581536,0.558768298004075,0.02779414523438005,0.03076348866535199,0.49206119815078075,0.18466120628577481,0.1210006282489636,0.19823683307815188,0.3082704853772902,0.04288391565651878,0.4394150627385782,0.12165518834798236,0.13667289461893295,0.23347108924074989,0.007824098890538193,0.5098797704148794
U_4418,0.2652565723006992,0.7312355988622123,0.61596262947096,0.03868780926509624,0.03728679344170584,0.5764169020183887,0.06952806574846362,0.09213222177418603,0.22248154842237539,0.051367228529859414,0.0363369376437569,0.04822675304570018,0.10549975155586544,0.1472106622565451,0.2002895996567338,0.04059916785020838,0.1370662557079707
U_4419,0.23718637396979933,0.2314267223088411,0.3297155418174905,0.023090692726358525,0.05236791070180776,0.3309686533712248,0.20912077097821735,0.06076192499053761,0.14941864826579415,0.102969195405855,0.04267732283422966,0.02419293518852677,0.09068011184500055,0.40406628483881996,0.9431138423662058,0.06550101383007491,0.07552621143276553
U_4420,0.280825052701396,0.5849744496577072,0.7678240789484668,0.05430790797030413,0.047913009238611054,0.24876348950072874,0.2893369404237436,0.0953756644867661,0.052629601762412576,0.05466569908168831,0.054377929816992576,0.5165218184428141,0.14151783903492107,0.15720273760498474,0.25068268847892683,0.016521357040696717,0.11875168027713842
U_4421,0.18142016776003997,0.14538263299294887,0.20469688627704055,0.09982288300568663,0.12709933951140617,0.17510937642410815,0.18486901796463545,0.15982927489043747,0.8968766564254077,0.07123057895839711,0.08409046366413361,0.5529784056916723,0.18894221619398366,0.20504284157031463,0.11393570621916616,0.028270822934246723,0.17901153808643908
U_4422,0.07336415445031744,0.28739051895703427,0.20213581092877295,0.058913582690245714,0.09632901568743918,0.16154672214562935,0.14441868205004268,0.1534182786862065,0.2517613246948591,0.06122814852098763,0.06098802201798211,0.7305002771162477,0.17036327318586536,0.22942243257322595,0.08715151082746328,0.5437876227948157,0.1487743160687519
U_4423,0.37242834474379893,0.8544359907463361,0.26402000492319677,0.049807910807749156,0.05145825725860381,0.2513825975491149,0.09117259748070185,0.5340392875547701,0.047897216255005,0.08275523626839627,0.06112798935778209,0.08170574763694878,0.12819006236908548,0.17317834649020508,0.285505493000929,0.0347629463635583,0.1699511118178438
U_4424,0.3957105266877208,0.36188059804526207,0.3071105332850256,0.03887742266924887,0.05178999733096219,0.17648253863879027,0.07485330246935085,0.09991961384587024,0.732084641055629,0.05874016715472772,0.05779344476149041,0.0906253226874673,0.17670305689153318,0.19200246507711077,0.32441032598238456,0.04567233775048914,0.15265492885322243
U_4425,0.10913397496391405,0.2503559225009533,0.16976302266352117,0.06995912809793248,0.07742977699313566,0.1960924623537109,0.13049968988760635,0.14307274251153485,0.7031842161146363,0.05934200394521981,0.06408414403678998,0.8543015800845755,0.17158173883087197,0.17975593607267462,0.07213079810584941,0.04658984021016084,0.1471143278128997
U_4426,0.35044701534963413,0.28611369791041524,0.3671955408303367,0.04571832943471353,0.044510114803469315,0.17702179764491013,0.07498277375057531,0.14223967903987014,0.050827747124117355,0.652865742305382,0.05932566037840014,0.0678197290648385,0.14214447826075075,0.18523378179813207,0.3162864931680141,0.03952014503326089,0.15832388131793934
U_4427,0.17178850435475623,0.1944423491273144,0.17778130319803948,0.06407900247119021,0.0778153452373032,0.36330964335591004,0.14812451300821067,0.15578686907694111,0.739337222675711,0.09490773830033404,0.07691957525155428,0.05842618222351561,0.17586056608184192,0.16621436223752903,0.06644816038767852,0.48713781761648184,0.14231805625934718
U_4428,0.1606034458338887,0.1517546901887047,0.28478958306065244,0.06942449738410673,0.06902865943775323,0.2008375312123179,0.7260771990202471,0.4503082026820919,0.3724529307728378,0.07618047396989716,0.05940394849604606,0.25298585608014024,0.1522281440762588,0.17016067814385177,0.13036926246048197,0.03307724373629499,0.13605553854011315
U_4429,0.2832840574723068,0.5802649891127907,0.2670158547713553,0.058666154409776065,0.058363730402997985,0.2510135360310949,0.09568481018209132,0.10477150532820623,0.7227725340879819,0.07481417774782124,0.06470713262179809,0.06847492205311813,0.17005410254187428,0.16111439673740188,0.24738752797421804,0.022614370261160255,0.13919442626814263
U_4430,0.03100774476697475,0.06042716156245459,0.10151964971401245,0.10849273024042347,0.15949084875480243,0.13873074653278872,0.12263342192748936,0.7062147119738358,0.06898971066350815,0.15510157029657465,0.15037341587983383,0.20076614925603936,0.1053684831195223,0.15544075192570653,0.06980917768996761,0.9788177669216647,0.16079133280972663
U_4431,0.274986492604532,0.18514173867074987,0.22566098960795228,0.02787484844368121,0.023891516695573354,0.08995612935353986,0.10105226829802905,0.08353851052289639,0.024900271468236083,0.05318458060036199,0.03467235492627092,0.02710044293696825,0.10071868148947641,0.686383810842731,0.8847422207785354,0.17828983643181995,0.1002763183961706
U_4432,0.17800547465512734,0.25580227169249325,0.25709890256115303,0.03595553380756099,0.05755420763199203,0.2331860906002402,0.08744401082360538,0.12317763047455209,0.8993350192395211,0.07639082750450518,0.07530163400077225,0.05349871072646397,0.1476988470928928,0.14319776164133666,0.08163635356068778,0.36363397931312635,0.129450380501294
U_4433,0.3099976800414684,0.23897230196348357,0.8624327421298235,0.04128263850637384,0.0308930403387045,0.25519015038103776,0.06274920697061304,0.09223939724563239,0.09548256783649657,0.06525555906446001,0.05002715865921765,0.07049915202891432,0.10556896743846636,0.14736163832540036,0.22893767468836873,0.08272293885314398,0.14653990668507919
U_4434,0.4823550461094934,0.354481399087345,0.3895957593067998,0.038469205544226434,0.05760625264754542,0.329649207825331,0.1015655922799499,0.1305727695632748,0.07643350659902584,0.07096643395738275,0.06381224753102349,0.08878607516456818,0.20968635696742807,0.23185245721718822,0.494350168494732,0.04326017907362274,0.19693710654828658
U_4435,0.03599195411778019,0.873778926280836,0.0668399269212909,0.10016474492029585,0.15000586391621745,0.10552880150433781,0.1301914649672017,0.1158243062597018,0.08055169990676657,0.20860925394282823,0.21295932111671576,0.20662258160694963,0.11715079996935893,0.13457635615443594,0.07250607900413719,0.7062324098061425,0.16547869340620497
U_4436,0.3716394606460087,0.28500490209186746,0.3010222506405078,0.035759611443493336,0.03492613993801104,0.19009386819620286,0.0926540069037781,0.38577725568408366,0.066147168736749,0.4309072865706043,0.050679795382160636,0.08584411544467732,0.17280724986747995,0.17264522141677052,0.29384646460956876,0.5422474925918617,0.13189714075199782
U_4437,0.2617734339181219,0.026260232884292377,0.3624974943491176,0.07153977961732841,0.4000426675360054,0.05192557957739763,0.10177556254798689,0.09881376427428702,0.045946502765234626,0.42344245168882283,0.12157272607774461,0.9383452609298201,0.077935485926589,0.09009687050499199,0.059164352827305575,0.25671130876001846,0.09904872345635882
U_4438,0.03938568624840935,0.08070731291169042,0.09075199561772361,0.08473620532308981,0.19223430122592522,0.16781012678839224,0.1405799393170376,0.14977781220983002,0.116079641814948,0.20352662570912158,0.17587678110278238,0.1617271102751559,0.11371752864064402,0.15954775337088303,0.07208930148238482,0.9876278730006692,0.18515790702905022
U_4439,0.35244030347411276,0.3240538519024438,0.3300005253602477,0.04205820138727287,0.03966446448301848,0.2853792004954734,0.10610923845880124,0.13056881266959525,0.7606427949347815,0.05752924151126514,0.0631788654743547,0.08930820567228147,0.16689906419809405,0.2085966947860598,0.200799134413074,0.0591753518680037,0.19570846085631294
U_4440,0.3353138532911111,0.30343898472524006,0.33802744033267423,0.039354648411982884,0.04949287677435721,0.27295670946547307,0.46428806163819036,0.11563932760891998,0.7134763386016949,0.07045685886210984,0.061610930936256865,0.08399180617991076,0.17998344076348616,0.1667436245778821,0.3084173206365859,0.04077982948279166,0.1367495710451851
U_4441,0.36057750684196455,0.8577346339807924,0.2913669018293117,0.03207670467391205,0.044181032409501844,0.14026624340568097,0.07572641368345397,0.10141724532764389,0.06930381852551927,0.37327246218339005,0.05157346140562398,0.07411442969048215,0.1325795256523054,0.17984717977590664,0.2709085991076047,0.05169215307799692,0.1312488908801992
U_4442,0.0419028212371968,0.11103710639764422,0.13985335653393,0.1103002635143384,0.15543929735687215,0.1618708959983601,0.17877169085990408,0.14955684826268487,0.09825893358671267,0.5074604134135721,0.16166232505984912,0.2660884157531318,0.11281334895696116,0.1454786168459539,0.07538318357444881,0.4454868546966816,0.20250580404863777
U_4443,0.03271953378574856,0.01683567854617976,0.5987996331981769,0.062293060868199676,0.1327571390988927,0.1354931917501667,0.10933986600937756,0.12203343123000027,0.06884178877008268,0.11884828877757983,0.13675658489650777,0.7197488264395611,0.0863016055895411,0.11335216174208583,0.03250797984752334,0.35116959388845653,0.12384528432566455
U_4444,0.4020386590551458,0.3371125537325118,0.30860369253964665,0.04121157572562162,0.04292296010010313,0.16868959149475765,0.06973792508521628,0.09374101825411121,0.7052387370586738,0.05438363528454668,0.06183695545718,0.09246339170597678,0.17888235895808213,0.19500988585191073,0.3163785429724152,0.047537508775469875,0.23272586376533494
U_4445,0.19472154817888532,0.17120389725157337,0.45638861384493196,0.024088844109678657,0.203999177493567,0.8994615377208097,0.06126984542461748,0.27457218799346034,0.21582538951005809,0.08481896403904607,0.06718058427806337,0.07410547173435092,0.1503572478998157,0.16722246794188594,0.1826554184064095,0.03642855630289835,0.7154615277961476
U_4446,0.5414646690190497,0.4926502993275864,0.46495215100604065,0.041395731670291265,0.08425847681663984,0.21996994364314398,0.06914234312415406,0.13130326040554505,0.08741277492814785,0.09115675339790694,0.07039422199292823,0.06060230947556712,0.2140004677013808,0.2671415486381622,0.5356823204040732,0.06249748377186391,0.22152477029204215
U_4447,0.006281407627026731,0.03218674749168406,0.0740061882685931,0.09109464982882422,0.39735997220043107,0.10845418710936586,0.29425821484122316,0.07100995183376362,0.40310732800816873,0.19063732075615908,0.14879303664852078,0.8649698523124072,0.08795816300226152,0.10198662208468709,0.042920285250021215,0.39493175310895345,0.07595628954985553
U_4448,0.03734908637872266,0.06889571992171781,0.15814914718844647,0.09441643297295121,0.535751718770137,0.16331086000415104,0.11629989421568653,0.14156166050247915,0.09442617065703462,0.5552258628949249,0.1810264758851315,0.17802889940793892,0.09338540094398468,0.14172823285453817,0.046943122311325,0.8692862783178017,0.1489652734141359
U_4449,0.27119698830426,0.4178005589262866,0.5506946660429565,0.043705444983733854,0.1420120792271393,0.389974718273147,0.07871578553773878,0.12368865669884888,0.7188250944478614,0.08141033220155541,0.06859343454773606,0.4390814166381607,0.14730805508062517,0.16309214403744865,0.2538018873585324,0.02169914217839652,0.0912315446333465
U_4450,0.36749223194899455,0.3073805793076082,0.2823067488187332,0.043688917833082194,0.03794418902176701,0.2857916757874416,0.07487143846205721,0.09700067364851449,0.5605623561055562,0.06481104857172834,0.05000517193711429,0.08885530960271924,0.17061916992513226,0.17457328599148517,0.3106453202499222,0.05926227319770716,0.16683931500995172
U_4451,0.1784307502345109,0.3868968435566597,0.8590020939254707,0.024039854989465953,0.20949835028502123,0.22353980984143768,0.08368074395779,0.08826562358443962,0.08941632610333661,0.047816412423717716,0.04469899789364362,0.5492191004061262,0.12657627058586549,0.15486129217401723,0.25925309305590294,0.1930016970459718,0.09474785009837317
U_4452,0.07400950619019526,0.18547938425249638,0.12042403486872007,0.10352805925414747,0.12215981429726419,0.1495042789495258,0.17942458515867674,0.14373211035692107,0.8977347495284715,0.06880394855394001,0.0795139242780327,0.4795685486268556,0.17614312566041837,0.1753087083369978,0.06342927406784366,0.028650999129580794,0.14644553489330017
U_4453,0.19406134965919902,0.14711952987898852,0.8159546860759144,0.05590033941217824,0.06065035048165959,0.23328302986516425,0.1169191508087208,0.1154031618484605,0.05339311653073016,0.2918373388562798,0.03678909773173362,0.045227979781466046,0.12765065614817528,0.14751898604765865,0.10702089347844015,0.039136902944200844,0.8571718181633099
U_4454,0.3458474275190706,0.3527633818032142,0.31390273565104215,0.04368456490475671,0.05066605903555884,0.211613387679379,0.07424643372359935,0.11543560222855032,0.0634054709818875,0.4723708856096768,0.0668891317501839,0.08596268812868492,0.18249175768515732,0.17687446963583933,0.31227628407478863,0.04746190599939494,0.11504869069813264
U_4455,0.23878676866238216,0.22038205161304272,0.8551389172868286,0.05004437174827836,0.02542869369094155,0.42477205981551847,0.05241269071560474,0.09628272789117848,0.25701577110399576,0.06562011804988337,0.05617554911669872,0.05897458672564797,0.14248276764780887,0.14604199072460694,0.23492669930695192,0.033338833108056284,0.3956026691286234
U_4456,0.29164508298986436,0.41460729516021777,0.2175365400967052,0.05813025982696267,0.056825007615775164,0.2972237041011042,0.07773372065237925,0.1613752697939182,0.08031902198612025,0.1016781753348782,0.06862486273184165,0.08119748821627168,0.18357119765422217,0.20654142186249108,0.20239197928049785,0.673740346414842,0.2192870782294054
U_4457,0.03860805610667406,0.05658195672476093,0.8882213532071014,0.09552833813062499,0.174973499166243,0.10749334525958174,0.15138723157721862,0.16163651506944696,0.10374752631408188,0.1816189316804535,0.18435709223831748,0.19253446713383918,0.12494791648248516,0.13016866495162063,0.0528350941701366,0.3527120221254648,0.19939035723780443
U_4458,0.0639492472993412,0.1842698582114688,0.22397301337253056,0.11107062463896157,0.1209798264948439,0.20769695000498117,0.159029388004984,0.18009328093342292,0.18329827043275548,0.6991459892349727,0.13086722299690218,0.08046246794260953,0.17653286821847425,0.1913798886209113,0.0783065092866563,0.03221268680192717,0.7506816383943757
U_4459,0.030703684237981144,0.7178136682358116,0.06467312003487596,0.09692538469235273,0.16851732752645307,0.1744875225963193,0.14418087397227114,0.15486271271945545,0.12497963696051595,0.18715632202916724,0.18741194871176353,0.6632637384849098,0.12643411486141432,0.1670670901054662,0.04766336289605132,0.28443215652604176,0.15700271645478772
U_4460,0.06267428054398688,0.10270999815832157,0.5900693726221995,0.07299885373542014,0.08008813710517969,0.26680873632801255,0.6690932228018982,0.14145791288494813,0.6532894435405452,0.0731754823020357,0.08368902531678808,0.4040636306514258,0.16403478032256752,0.15510801524368853,0.08530478996679078,0.03870934929897761,0.10870480888596477
U_4461,0.3269037656928317,0.31743303272626616,0.32568620585125074,0.05974124757203589,0.03956604680917221,0.23201573648962448,0.07378357792147378,0.1174643287413446,0.7593781785268585,0.07785543787024765,0.07252810036586926,0.05878217375808122,0.1402362229893898,0.2218783156762034,0.28291139052634934,0.041717239758544716,0.1478143321297835
U_4462,0.5617957115199006,0.21090397737341424,0.5805690240734365,0.03535178472615364,0.047342861835332914,0.2007368633686156,0.08945065941522122,0.10242419283843832,0.05288732046797081,0.5437447254288257,0.05559350058869477,0.5359900898168348,0.1473926268537732,0.14969788633934833,0.23121189817490087,0.023726856941730465,0.13350951743390893
U_4463,0.20988011607113155,0.13947974703697658,0.20310202928439264,0.03999796597060447,0.0580721935798326,0.5942777084658264,0.12123611019295949,0.12462270483494164,0.08890565594363686,0.06120939375795316,0.05617950301157444,0.8074872244050406,0.14861361989666783,0.1457329634299287,0.09788740773000373,0.23944021150428127,0.15220229854437223
U_4464,0.2425806872806393,0.249968069204863,0.34877864170388867,0.05670045509487727,0.05451079433216486,0.2843535108655623,0.06585446255189306,0.12851527109248734,0.04301390710172352,0.0491540492666858,0.07700533985442123,0.6187361163376224,0.17231841181916405,0.1826366158685055,0.18437688438043331,0.01911467133093197,0.6410449851875359
U_4465,0.3685877613543198,0.3257473331021925,0.2649769157463015,0.04749846519434357,0.04241099097861376,0.28567830490154966,0.08571237738748697,0.10986774460442669,0.048883560803713644,0.5825128706004388,0.04648747898209271,0.058661195177647056,0.1323157562407678,0.17298026999217841,0.28879542453654417,0.39746171952629245,0.16415832554145476
U_4466,0.036094713196394186,0.09424080068096921,0.11041524233965819,0.099229932483747,0.15739991872996212,0.13619464255112845,0.1280774719838471,0.5076366821446044,0.3916705869509953,0.17165598766677023,0.20680497067859588,0.29183390722582003,0.1378594203657697,0.15302804396376507,0.07259995637824601,0.2594481077523054,0.17431909325168116
U_4467,0.26144356449549744,0.23724127219090035,0.2566269269562822,0.05554592883099135,0.040588482995717975,0.14246460800026492,0.04378009981177001,0.1068779535281159,0.04123785955133793,0.04649653133182705,0.0483863234408262,0.5884752684186378,0.1482044082598984,0.7542175628391401,0.5162237327530139,0.031794099642141235,0.15156128048963508
U_4468,0.5653886725677194,0.5843502745089835,0.4334223191725868,0.031178458121388003,0.04734020475083262,0.2506583224655434,0.07966697546371199,0.1437228547093664,0.07525087666306718,0.08661353377641129,0.07010438823108774,0.059538139137766205,0.20505006015423877,0.27428979373105467,0.45688581528930317,0.09609732805499377,0.21441762163656092
U_4469,0.23349811400185272,0.24029265296897212,0.2763159977145769,0.0726842859367215,0.07402867126265306,0.3223352285273092,0.15010438605424242,0.14902937472025224,0.08804844865386242,0.06559343390137233,0.0758686080990674,0.0817351188985361,0.17613153736350826,0.1629758838457623,0.1179719530932414,0.02785337062914761,0.6048301795760895
U_4470,0.034303747395918543,0.08122293845680367,0.07863579640812861,0.10241641163364651,0.1414389579754801,0.6807365897124016,0.12973841492778507,0.12050134396252946,0.4658139633842394,0.15847060067478547,0.14121357347631103,0.21325996120691432,0.12293890183416746,0.135587185897651,0.07670191505724856,0.619282086979845,0.1295553558204301
U_4471,0.057803001511817,0.13883272903093663,0.19380921480319802,0.12586741659598807,0.38287565698716663,0.31927565054898216,0.1619426373195835,0.19470592102049405,0.2474419353366863,0.2981383425358106,0.3001745685575692,0.2279331789566221,0.16889839359511485,0.2563690349301475,0.08698541811674528,0.4118343551305242,0.25728916096215143
U_4472,0.11055212389933881,0.21683523762217227,0.2778364016607132,0.10841336871081303,0.15301469717556648,0.23116960488734106,0.1692918432100384,0.1712538428303227,0.22962103564249334,0.08344424840880738,0.09758537551366143,0.7693044395245372,0.20136637015316589,0.21321929808603698,0.11207869855034197,0.05039307888424341,0.18805828228104415
U_4473,0.04589079382754178,0.05043555442628389,0.17541679510341407,0.09431541851876893,0.20568578497392376,0.20031575833394993,0.17250573477118122,0.811221809957435,0.10142906441691904,0.23213840510881312,0.22806336366593882,0.2167753700482324,0.12368710623465495,0.1764752345439611,0.050796913683479585,0.29240319230479156,0.22980373331733311
U_4474,0.025250264242234807,0.2638846385130271,0.057587434557427784,0.077984407342081,0.24698466377622091,0.8773393672193315,0.10064413656526479,0.10137266363643566,0.04853411885504424,0.11439157670025311,0.13940593341029828,0.4326491218531179,0.07983654294506609,0.0927866571106919,0.030313618449065816,0.21479269216250252,0.12360688691791795
U_4475,0.18938793150457467,0.1428333919663055,0.5296544957608735,0.06839209717599487,0.06196540069199083,0.7458363334586339,0.17365068072550352,0.12071522652879431,0.12726082989330684,0.48062392916008273,0.05674877799576619,0.30049709850470724,0.16050691228372033,0.15767812166026338,0.0987152320570138,0.042713417705031724,0.12541636763379468
U_4476,0.27777595331100097,0.27701836711415234,0.26353519861893726,0.042717507858090385,0.0382169821475253,0.1698208103814972,0.053881570578464655,0.10041318692652751,0.043791619180213265,0.06701834776182071,0.050047692984171305,0.8382256667681889,0.1400937604662007,0.18359114911402646,0.255037833587776,0.40522678646201604,0.11810909093498073
U_4477,0.3546582429705639,0.9280812829185265,0.26544894383160167,0.05297107224255975,0.04147836694197066,0.1939447609460509,0.0773861231755604,0.10090385909232946,0.05050083916772692,0.0779922581072301,0.06554351743695207,0.07243626553239432,0.15565384962898365,0.1855265806902504,0.2895981404766366,0.07016135739969549,0.17620281424909812
U_4478,0.3034983834275361,0.2450554993682844,0.7614645319054139,0.053536192303087184,0.04852361805798083,0.1632947791713012,0.3286999546468316,0.11084541158033595,0.0518715658696666,0.07950727443463926,0.06333257748243055,0.050109019212732406,0.12329989304513356,0.17449565909175888,0.6580009072162312,0.030621638290769526,0.1238799074856826
U_4479,0.29089477393559515,0.19143273145260786,0.262552340335134,0.0772395581717973,0.06711597349367578,0.26596524069504557,0.1738075786947393,0.1342726197760597,0.06349619866297648,0.06694677285132367,0.055564911847918036,0.07032691794141743,0.14961008048164898,0.25697169301057593,0.1610536131727058,0.043387897804359754,0.7634974991096131
U_4480,0.04937527818008289,0.10271395114719878,0.1114494986443064,0.10970212668739932,0.18096899946945902,0.16662087050692054,0.16518705532635497,0.14240903532632918,0.8422005521530076,0.19772412981405094,0.20736078103419953,0.1673853485330834,0.10870438659615264,0.18412222768367598,0.039859502322008356,0.24018562030548204,0.18939851569300944
U_4481,0.23289444676453097,0.1625078903804964,0.24636788883138316,0.07388440558822926,0.4030641290141749,0.7083637914944814,0.15238438783748454,0.1371047821209825,0.06879829810019102,0.06036373725472688,0.05073434065974705,0.566894631512433,0.14361219923217133,0.15370348794888467,0.12354912736980464,0.018867098917888302,0.6049787951158557
U_4482,0.0845390647423429,0.23618325644423302,0.7875911785643834,0.09864535936476676,0.13372402337300052,0.13288000464092015,0.14706734480388162,0.166796349452916,0.21000180005129235,0.07838944249157388,0.07812676815074064,0.6400759984232177,0.19780100115926882,0.22752844058391047,0.09593972533896694,0.04193042246910042,0.15359036611779034
U_4483,0.20976811568611436,0.21019067411862452,0.20188515905018548,0.08973099070028517,0.10950390941665643,0.2626636129962478,0.18466666268555243,0.17390585097493017,0.17618938024642697,0.7187376881513672,0.06714147131074538,0.6036410791135021,0.19464383005446811,0.21427928047418293,0.11979774040114827,0.033694387199720496,0.16497758268510665
U_4484,0.3017049587907841,0.7152610366102524,0.6416920855225463,0.048131128080074914,0.04545558611655498,0.15762929575333287,0.07050334325957211,0.109213516290601,0.5614502449696809,0.09045776941522063,0.05674471631164529,0.06065004793415278,0.1556187275143709,0.16626803785706856,0.266438429520517,0.03619677980721592,0.09454019781111418
U_4485,0.006931071418825199,0.03167711180529061,0.112360961526909,0.06679742691631754,0.1346847884657002,0.9328461179295687,0.09991469640988723,0.26343967463873513,0.2909014993741589,0.1169780685282554,0.13167825672852468,0.1472682632796124,0.08855176125152207,0.11320283978226114,0.028724114632006907,0.5269632390798479,0.11384933695098334
U_4486,0.2806355651652994,0.2796204433364283,0.29514644355464853,0.04004158010212196,0.06037705010737429,0.2614861922933835,0.10682622778351018,0.11495817180448012,0.05199330742649907,0.06344927828000861,0.05664276823889935,0.11803128537345937,0.12295545495654435,0.21090621690860514,0.15605735441802238,0.5114956664942452,0.7236972195718439
U_4487,0.26466522699222556,0.5960470549375866,0.29413087221775674,0.037217456943899885,0.03222218832665444,0.15047128524175046,0.06748535474966696,0.11616525053736773,0.08108080377111154,0.0681113620022056,0.056768674645842995,0.7573683694694631,0.16097055909904784,0.17013285122812657,0.2532897345475805,0.02961846194823742,0.11372996481790829
U_4488,0.027187601529598142,0.06238809114922461,0.09939608778329385,0.09978072254537791,0.11723949986796811,0.9168624296184451,0.1159029958980292,0.1299391642268859,0.4223764946654599,0.12456758333855378,0.12874593615801727,0.08282143527354173,0.07308336578896771,0.1287969776704722,0.041799769089865324,0.6972204704386591,0.1802570622436122
U_4489,0.226524425287295,0.17563926216639458,0.2025832883837397,0.021021943596394255,0.037648832934934505,0.39570197227890047,0.1577237272820345,0.08965756718363437,0.040629406270471714,0.048395554517637274,0.03891277804365448,0.06452599091323238,0.1019015794902565,0.39516023624591523,0.9167837089010282,0.02401689276054783,0.11138467255127472
U_4490,0.15159297535669625,0.41139356574761926,0.4658837880730106,0.014473413932493339,0.1146175885059854,0.5917573067695792,0.3074368476989824,0.1070348827623347,0.48439227151294323,0.0338833188270528,0.03351173732232727,0.4755308347784464,0.13373896863067902,0.1372425956282537,0.04914932728731536,0.09771837450733316,0.08764509591090347
U_4491,0.36847050391561803,0.3586506830185038,0.327481562769888,0.056852087370891306,0.0533406178480205,0.16029248298166876,0.6743327476619035,0.1296946658027029,0.05493726300586907,0.06667120174147846,0.07769002904030857,0.0684362001499172,0.14866701927461262,0.2104099217680117,0.3326966151061036,0.05152464741442381,0.1303147801682068
U_4492,0.34398785025415535,0.29234596869950474,0.28617718703025374,0.05469153262737642,0.058491736317456085,0.16166514079541383,0.07627482388919563,0.7045676418748827,0.6130746758322705,0.08018115913655062,0.05643368966043215,0.057977542689339606,0.16486487006773415,0.1740554747495464,0.3039105360287684,0.035740565020787915,0.13825896354725442
U_4493,0.06555408662331423,0.7138376127593787,0.11857804517292048,0.08298290052433582,0.10470132549488277,0.19584541432724195,0.18315584049123373,0.14252546679940775,0.6286912187262508,0.1309607304538371,0.12538016004703229,0.7069776860398481,0.1770003289327196,0.16989462399534871,0.07755169391160284,0.05662016563531064,0.15054335550164824
U_4494,0.3246393413099772,0.3066903167333114,0.26721236049469227,0.058711860916224025,0.049437076557315884,0.23268299200913273,0.09155446471915131,0.5128244259219055,0.04755821708834504,0.07862331494285597,0.058359631295096526,0.6213894006419061,0.1268278502493057,0.203172245434933,0.5941185239415405,0.023558983809743625,0.13878128360339026
U_4495,0.26883761748529167,0.7630499668137929,0.2636896491599753,0.0390598823410793,0.21846169768738583,0.1369222930459107,0.22482592575416777,0.08309135359149798,0.3684024360866925,0.200192069471282,0.047644122895744274,0.0676406690260009,0.13233972247202683,0.15220682236646046,0.22204663388797746,0.028595700004961026,0.12185587939404482
U_4496,0.3254117256293323,0.28752699063374215,0.30991051138291303,0.05483955564508648,0.06032515941239908,0.8742793212641591,0.07004841767834771,0.11857198969852073,0.05131059567261585,0.06610468259634586,0.08295633617156173,0.07819571824735225,0.2150494744352158,0.21118374883760388,0.32623299228740066,0.054224276738951055,0.14356188497208183
U_4497,0.1046694491663378,0.12739714601586893,0.10303940782922012,0.12605242782183818,0.17289144379416155,0.15740335735958216,0.9120823171062422,0.19149803274557609,0.07560729343636235,0.09311760259847918,0.09591983390472801,0.07394453985085257,0.1335337271301504,0.15648571038105294,0.08349298773881532,0.34202014686389787,0.20429328218056614
U_4498,0.19673497972789172,0.16416891086177798,0.9413868678435995,0.026915346811394663,0.03381284690200216,0.32875657467332026,0.06508308404998081,0.08556814866110217,0.383594122784235,0.05422656682847303,0.04459168720304621,0.05180888526706611,0.12415140337249911,0.1349378880498495,0.20932641255514567,0.03885455524517222,0.621234708518005
U_4499,0.43017455449188075,0.41750046770162386,0.29443224102746435,0.06663631461957815,0.08521123993447914,0.519543126454971,0.0953693452806625,0.2006247533815937,0.11520602423650411,0.10969040400271042,0.09863607843451028,0.09392805115907295,0.35636049915324236,0.2649644778197816,0.16761818958970753,0.04421538869928096,0.28612418735247364
U_4500,0.3031592706800974,0.24493731792763582,0.7959896149696122,0.040772789328650826,0.0356506936004734,0.10827279236723245,0.0434622273993993,0.0868856173228911,0.03384125930676043,0.046116597920044536,0.05813969501402058,0.03363964171773341,0.1307515601829869,0.6663345619227834,0.5550167657792162,0.03278338175439648,0.14267298978635562
U_4501,0.11289359077641765,0.2368362717964726,0.6198344680801458,0.054101948383404944,0.07658395937100818,0.23990086803542016,0.0966385525584014,0.1183889387068697,0.09224071690941968,0.09474924977667648,0.1155578517736582,0.8415301366915053,0.1574993329919152,0.15246921973018496,0.05913231328021776,0.022803363199050613,0.1379146562314815
U_4502,0.06797430794442283,0.19125021045156948,0.859313214784242,0.104848880932465,0.12088558381731168,0.17230680554291689,0.24003570315753409,0.5593396192378768,0.19000111365623845,0.06507869174067411,0.0728965823245865,0.45277451050903,0.17206099072278674,0.16927542345026114,0.0707249397555394,0.0355889319274423,0.14833862829034614
U_4503,0.240194055940178,0.2434144539016258,0.25685807220121476,0.043160656002995845,0.05492452354533684,0.29346460760555587,0.5589666552700465,0.12564452358572215,0.09046813969018147,0.35726591994783335,0.06595335029073456,0.07621685550423994,0.15830025847378554,0.1633296815572214,0.13886831289941698,0.031176618171167857,0.508064382239408
U_4504,0.39283107063544287,0.1659262380747393,0.8256779039339328,0.034468554420607436,0.02124196069279263,0.2018978060355025,0.04333416532291433,0.07911213556193446,0.04161670234408788,0.20719825256152152,0.05630239942085197,0.5355032147958647,0.12820459433057915,0.6215980408101744,0.3412656278243544,0.018661979868060966,0.09755890048385996
U_4505,0.1835715443150334,0.18103893350912056,0.2610014923840349,0.061938475112203906,0.057717288135683345,0.25509315842742497,0.12762127587227226,0.12984508606214493,0.8111413461320747,0.045156248807796714,0.06334602660193461,0.0692269329070246,0.13102448350339024,0.13654350448024935,0.08622519829380976,0.04257696952481838,0.5080515902293028
U_4506,0.2097264144660398,0.5843262983431978,0.1965786877797555,0.05396959247791301,0.05431047243066539,0.267127141410739,0.11326467801643986,0.1332002245074074,0.051215581325475726,0.06429552147486021,0.050657809557930776,0.05222573988489483,0.1378165997005079,0.1548874621573394,0.1088747204666158,0.4630619683375806,0.783598863280111
U_4507,0.2450222184913714,0.27621752368003333,0.8637781367958222,0.046880864950920725,0.2631348325280928,0.2195122978380278,0.06446881016568506,0.19784583476800655,0.2572695154051712,0.12633092268514895,0.08511241112796228,0.28907174187897083,0.14788526923312584,0.14085688663646345,0.15742271406856403,0.011680034631265953,0.12617643110432716
U_4508,0.2450591458007771,0.23422944201852058,0.21987390851394562,0.051078078993619894,0.04785460247398872,0.2772514195159856,0.08166001756705887,0.13858564507796156,0.08007792575248916,0.3718239159097827,0.05661359335970034,0.6859397203004237,0.16111272872150756,0.1737477947510444,0.13087390278789202,0.036195507541387645,0.5862164477614044
U_4509,0.08770144259107439,0.16981149847355237,0.24794268230775054,0.08428544271422125,0.11486518844047332,0.20349249015847115,0.14016606595468792,0.7369514828606429,0.20392305472600786,0.5031198996511472,0.08291963265374684,0.08473154073803207,0.17466264083137295,0.17618241952774435,0.06304084882146452,0.04587182569091011,0.18036932086196975
U_4510,0.24921490712987115,0.17669665290909684,0.2263132351213209,0.03288625124854984,0.03923389195643561,0.7169053817561022,0.09427023959157815,0.09797293421524128,0.04398596595468388,0.05133602904988212,0.05274925328363782,0.629641364310086,0.1141679501357595,0.13663244607712616,0.22623917297182033,0.13918193821285785,0.5761188606547134
U_4511,0.04970339069269498,0.05106127133657008,0.11272002404304765,0.11409738115735579,0.18092817725240468,0.6950844792829896,0.18527985416654866,0.16580778544350327,0.09916068540020756,0.17724017988087262,0.17612096387434384,0.20906399188359565,0.12990936489895555,0.1603452314047062,0.08328399229000508,0.37413634998816575,0.20022818553515564
U_4512,0.040509629068489664,0.060785518187424906,0.1699574870789069,0.09571992879710721,0.14762365908648853,0.19878580125034612,0.11699848255666916,0.16003040492252085,0.11049949600579387,0.6091328144620238,0.2031623790348522,0.1446573564097995,0.08420047024014364,0.14635061882194256,0.031043577488622152,0.6642722435883687,0.15893312480594524
U_4513,0.29598550210222296,0.28908380330079064,0.29856966344938823,0.032712609695813896,0.04167997120555926,0.2865990696734263,0.08982998895367328,0.11570435484267089,0.37896831211586657,0.5711208313005063,0.04727637491752064,0.07353678943969066,0.1616316428074718,0.17888150543865156,0.28514132333219283,0.05375058812706546,0.14553029560343148
U_4514,0.5544991829111601,0.2319851686358182,0.5266908178541287,0.03402949251871154,0.04214475368983362,0.74580683122447,0.08533384700800806,0.09063381284888981,0.04602598421975881,0.05052080785620616,0.03323943331274795,0.40955926536844167,0.10815308699387921,0.13554804607368173,0.24194318853703378,0.037739070815277026,0.13866711845831198
U_4515,0.29694514277783457,0.2677138506567782,0.9660998463580113,0.05717615495573551,0.03119940662343608,0.23998733605694805,0.054373346351330745,0.12056092615208,0.04486292291497654,0.057381747474872964,0.06291171972967788,0.06890291285980496,0.11804725637781202,0.20199997770063283,0.30058727238693167,0.046137179792134025,0.14467140431174874
U_4516,0.037638929571077076,0.09751941526592668,0.1191870616915233,0.1041966261087987,0.16175367105087785,0.12882845910535756,0.10908622713231196,0.7023891133774542,0.06651009632491692,0.12979656856327076,0.124235427316439,0.1139657253643921,0.07286309478382517,0.1290138993289647,0.08126228183194645,0.9591444482837472,0.1734075780261654
U_4517,0.14063498356959636,0.460394290805819,0.2804021726375572,0.06805222220311273,0.10891436035974356,0.43149207194319844,0.1381408993759556,0.17107922571614612,0.23437720577752955,0.2153895514901869,0.21208165195362536,0.301786681130668,0.19956596068173788,0.278267426321668,0.13122800574919236,0.17807811802682147,0.20073746007732982
U_4518,0.349598991740574,0.33603444430903895,0.32763838378674115,0.05192673417166903,0.04552331269209237,0.17436643250663209,0.07193519331204273,0.13201503178360566,0.7264778602247323,0.05578866498502616,0.06938709563166623,0.07348952950107943,0.15594335939416681,0.21383849854440126,0.3588533011020906,0.036538007567084425,0.14836061747367413
U_4519,0.28394197641497404,0.2401086104580194,0.9843074426015634,0.04546488587159326,0.0398133023066935,0.2531513899335352,0.06668522381634986,0.12029600782924377,0.04811273266688565,0.07936533470815663,0.0661707497176233,0.07505153342418158,0.15908324604277413,0.1704066401021532,0.26411323010595333,0.05018025660465339,0.15642157343712293
U_4520,0.29201547115752235,0.2197578551149237,0.9631664328121201,0.038104100738251115,0.02413769001062084,0.15210447527745105,0.06529359406887757,0.09702667740461723,0.04732600014806625,0.24582188190069612,0.059070479224084586,0.08695812264604429,0.1341526325423819,0.15375943864605324,0.23022424824632093,0.038408670356570015,0.09961634887421056
U_4521,0.33724121761483467,0.268984152644961,0.2922605586871216,0.0383055534529955,0.06887599090671424,0.24726217548579993,0.7164339479180497,0.6047957384475476,0.07498690431636965,0.08789564173501835,0.06953408900405936,0.08350544747981997,0.168173828151636,0.18208190574396316,0.2787305317992923,0.03329066400820345,0.13295068642056035
U_4522,0.07866330312290783,0.10902562668707659,0.19270764568527562,0.06781399941990238,0.08860771456174896,0.10532505666277896,0.1615123799418802,0.6279764034509139,0.4682324073247781,0.09655919787244335,0.09653574681850235,0.6748858703853773,0.16237330974014672,0.1527432469156826,0.08410657566598675,0.029811689041274063,0.16096632494938212
U_4523,0.30643241572356056,0.2889471095605066,0.8741770402717621,0.042528281383426736,0.04135757368339549,0.1350038582966281,0.06783623427699362,0.09377117717439162,0.061352883959360074,0.06330036349104073,0.0525988829709646,0.05220677581230958,0.13013293778844265,0.15964006496396416,0.2567459723026535,0.38028469691500183,0.10777100343820889
U_4524,0.5015091411991587,0.5155637036153071,0.4884833324300004,0.04621293975289753,0.07563059703261504,0.33251182358051945,0.09826144254477846,0.14449723860407482,0.18999080451567013,0.09484911444737254,0.08932088991739864,0.08487627200417973,0.2763995505675779,0.28303943001343307,0.3178544397791091,0.04633909952243698,0.21359371227231358
U_4525,0.043120631067124326,0.07060812722050683,0.12887944539357488,0.0844662245538632,0.20422700816237252,0.18529065747724424,0.1350134009315774,0.8504450675370274,0.07926097231631019,0.15818274978330638,0.14234425955777807,0.352918980657124,0.19397867512760866,0.17556295994116417,0.07241687904004995,0.3554437768196935,0.19307930417417785
U_4526,0.35586263074109786,0.33365393480301264,0.31371074013187006,0.054549382161319826,0.04854948855539249,0.21686780220939889,0.7019597905767837,0.12933885282093524,0.05479410030821595,0.06785910507042613,0.07457536660065926,0.06824883323183342,0.15019254038661875,0.2089125290179305,0.3272393404058431,0.048522826657685966,0.14649341872651964
U_4527,0.24914283481437466,0.228193495516288,0.315541806074271,0.07458003403421254,0.08524996276708881,0.26169422191049824,0.18008485530866478,0.44890545270982696,0.052018888891659947,0.4690448709301073,0.06342603648571563,0.05264979548823415,0.14194418569835252,0.18705761799931814,0.2544775274655757,0.031863817899905444,0.5955022897273715
U_4528,0.19577196899003552,0.5312325881607021,0.28658739241519476,0.02196872653609902,0.021020197083632983,0.7292250929858866,0.27930728492600854,0.06924051473107937,0.08406421518932389,0.15534461369949595,0.026017165565351507,0.05201932435809912,0.10062990664291357,0.11996788970206207,0.1114637195500709,0.14162560257050205,0.6041908555371274
U_4529,0.08031525351121369,0.129751410108425,0.8965232365062388,0.08264966963709264,0.509392403796755,0.17055980194781867,0.14878555913726244,0.11797036901427138,0.16733266429603505,0.06933882079252969,0.06535578588462607,0.06417286985786184,0.15385210418745088,0.15731853558503678,0.061351033890002515,0.041349302098551685,0.1307420944328365
U_4530,0.24186469930143778,0.6995882524417238,0.3970497385482739,0.03471173415855937,0.3102883153211606,0.12057779458206178,0.03670037042944475,0.07268651926837771,0.023674446411834478,0.06298782030974082,0.039594477884571724,0.18119913201525256,0.1268027716026411,0.798524282741533,0.33244137367065885,0.20646313030656072,0.08441872528764732
U_4531,0.4181681555270403,0.28656005943345575,0.4267525613772072,0.1005574151544994,0.09450700671521775,0.39279779809788073,0.17487270662378895,0.19595912456933426,0.0631638892925119,0.09592348314091918,0.09530007165289382,0.08257029562625136,0.22155416102944034,0.22674908114883302,0.4454139035320806,0.0445265593312124,0.26015890193908575
U_4532,0.302697051349052,0.23861896682342235,0.25045307329915817,0.032496731873963035,0.033183839697065245,0.1493153227081501,0.2576793260939304,0.08865298108302506,0.04643095121573063,0.05896301939587643,0.05551441911938958,0.774248632046739,0.13327413393977824,0.14071649287464064,0.2808604602827768,0.28400930890748965,0.11524071581428155
U_4533,0.04225500896677274,0.06102437681314653,0.16220068847509425,0.0990065353935704,0.17867755617612052,0.10947795926770774,0.12090937883953375,0.14047154918916696,0.6939113805851332,0.14855063666827303,0.17494421884655287,0.14540499208036609,0.09716607344696016,0.16187415812738268,0.06376091131636333,0.8617063762884604,0.18140487025104024
U_4534,0.18741822930880353,0.6316390520785304,0.2637300021582287,0.036992475988816505,0.38563960196505903,0.41276119392151556,0.20807445523154186,0.14689914606481413,0.24067548272820058,0.0514834679173322,0.05592876464474397,0.6162160564031172,0.14231507288157672,0.1442038392230302,0.17918337535373255,0.0007244287862214011,0.08619330057633522
U_4535,0.031067059762058688,0.1559940370907455,0.10611679209212288,0.11219569675049225,0.1910940509111302,0.29164867217060453,0.15446280307733629,0.12193548181966557,0.7564092175250697,0.17335403657067344,0.1906254058375713,0.28216614981566324,0.1570944508669866,0.1770488208148849,0.07143970294517149,0.38161702342004694,0.1694287777857998
U_4536,0.012709793774206998,0.8950932393577031,0.2994060740420506,0.06788370918828715,0.1864289241264012,0.10807724917978176,0.44895714963799765,0.17405462991339407,0.09307622361499697,0.14580204264635221,0.14275083387392773,0.21816345561659878,0.08906594943074696,0.08732124489781756,0.033467123003895205,0.28025538944372685,0.0723725183005447
U_4537,0.2471212818319008,0.25939267728432974,0.26583314368488065,0.05236431189197441,0.048847943626346174,0.23942156534047176,0.07609399027611562,0.1429356111799448,0.055610772870811065,0.04646466640239049,0.060741493639485486,0.5923840429124863,0.15856687273892733,0.18338540138892498,0.20372076642209905,0.024417650328420734,0.7781187652992052
U_4538,0.0342643885541264,0.06185861351687426,0.6250159742514103,0.06469602629714066,0.12625912682879212,0.1531588880272284,0.3729707105340162,0.13156792072886925,0.612547581926557,0.1504467414341349,0.12773845046685556,0.14743682295386726,0.11121665287557159,0.13461965208602078,0.061063300401040965,0.1706827455071444,0.1356337605507437
U_4539,0.03149535323723035,0.1565026604129795,0.11931884535680684,0.10248647197889604,0.1721544961383556,0.1384812833401866,0.13601452974309816,0.12678080682184095,0.09857472635107878,0.16314640086408655,0.19918617487642043,0.9681491086507326,0.1413015706646432,0.1581238471223781,0.05300194066317264,0.27120543630440985,0.19260907471702982
U_4540,0.02932166442938143,0.078769116602084,0.09710849325709639,0.09526305699927447,0.16666290255751054,0.14736055754150362,0.10921096070945308,0.1294568126167782,0.07951560365654256,0.13070682022204233,0.15108892479637231,0.7795147492804925,0.13156339354947677,0.15412057881677685,0.09288306394041673,0.9093468686707837,0.1641473414466112
U_4541,0.020943146539345273,0.2520821176455433,0.13019790740167592,0.07661813931050103,0.10936618596779574,0.45257630533542936,0.0876298101208908,0.11986866585215004,0.7757563025723297,0.09385110988992842,0.10045660853570262,0.21249244742365087,0.09522377798991763,0.08346361640395257,0.05087770044977053,0.40795203585870743,0.093311557721828
U_4542,0.051784587923371594,0.5053400291399416,0.16272471060377589,0.1152555952769193,0.14376318235444274,0.08437663264181142,0.7823043994966936,0.16119329298783,0.07694542759978074,0.15962963653737045,0.1623575363695553,0.13350312331725514,0.09482385459761415,0.14683973008213888,0.0629383450089969,0.5787110025936277,0.16838643197343944
U_4543,0.2937480188834717,0.3099677949319596,0.9308985937607565,0.05789715010888104,0.04915979488836403,0.22110478969088473,0.07216482570014296,0.11886211684444878,0.044848250665763346,0.06190724749646605,0.07704286695352101,0.061083363004571595,0.14283983088374352,0.18766350041374338,0.3196521120555578,0.03928418516475409,0.14027589736454438
U_4544,0.338256492418178,0.9257609716887383,0.25578003046042086,0.03786238683781844,0.04082754086195188,0.14927771288694153,0.06728636044729784,0.09493855198722048,0.5509970693844887,0.05003882983556968,0.04449090203747486,0.07562167417467376,0.1420935147990538,0.1409965176162688,0.23490566617309375,0.033219952919915044,0.10434309274837267
U_4545,0.13290139016636204,0.13293461334469414,0.2331786414808703,0.09310218062274175,0.09219867244269375,0.2122665772579272,0.658785040890774,0.16186476825918736,0.209130354047263,0.09097663491619447,0.07875977454615199,0.44426778700490155,0.18423092233653507,0.17774092700417338,0.09362160245944301,0.06025438070496855,0.1619597473711526
U_4546,0.24232696418849212,0.2617176166754681,0.24989233985278522,0.03454109187242798,0.04945296100998839,0.29659857411235924,0.07456693772716717,0.11794075520335331,0.06441740913783252,0.6558029856252633,0.041005105906636745,0.0484034884005639,0.12316221988585228,0.16757380259026433,0.1477638045606134,0.2920503043229981,0.5626484529091268
U_4547,0.28646151836876577,0.29973118916638736,0.8043252106898521,0.040454196150953164,0.051858221279717294,0.19270935372634485,0.061981524099876714,0.10354051209799067,0.04256001680830326,0.5709568265685109,0.053759730592963476,0.07300974919889458,0.15300023128014822,0.1679264780049059,0.29789066076670323,0.03753105913704554,0.1312746240686774
U_4548,0.05564294476665509,0.07219915498016746,0.09736252428764439,0.07686718434355586,0.15286586660077398,0.20881760922366963,0.8561908574416844,0.1637947533292919,0.11555805742756459,0.23708925208829537,0.2279530836122413,0.13838797404403486,0.1093190381137035,0.1668464188548696,0.07151985878062928,0.35254927418866466,0.1838625408001556
U_4549,0.2288130269398809,0.12429663121244247,0.539455299276865,0.05198894406388781,0.4750901756311099,0.4479127530325151,0.11180623082422332,0.060180458156054474,0.08413062054844432,0.12149908984699925,0.12272021500400156,0.6569418991188526,0.11472348190655479,0.11236351003803018,0.030842998991083583,0.41185526472305856,0.11641157349085586
U_4550,0.022219624066611696,0.34130337844508285,0.28029230013600953,0.04931053565211008,0.11609597045708325,0.2854388781177208,0.3015019007118134,0.10920295342812678,0.07364007678680241,0.09254528478122988,0.1397065120739892,0.9050647992096044,0.07401137038445775,0.1018962112884278,0.026039261267801164,0.19582823468403998,0.10897097446323448
U_4551,0.23382746233780138,0.17531332835614563,0.1798257021383468,0.03360668488779907,0.14964964208546025,0.24946818507540724,0.1802859492346725,0.06607987398360542,0.21841044035397073,0.038685534115825884,0.03272647115649546,0.46918004326625995,0.11470291113655871,0.7644802433060207,0.7721871140407641,0.020064486912378304,0.10006083375512445
U_4552,0.1633535486082452,0.22795060511960286,0.21095958442983814,0.10431423359809426,0.11095502398137051,0.27713945381985794,0.20616730937974484,0.15377811625960597,0.17999634068494394,0.07715568068519901,0.09572040138091888,0.7684613176900627,0.20578687022987746,0.2022654438319945,0.1182899790679331,0.03754185008613253,0.19459461200643677
U_4553,0.250590904235194,0.22358246808730659,0.2496485484323112,0.04332482932348486,0.03508665830680709,0.15386587505873744,0.24541762887476326,0.10611870156759484,0.28502818040921074,0.049741028907048984,0.05018938043972803,0.07435501562590408,0.11813875271969676,0.7461654101758715,0.3775155044499286,0.04642620095932584,0.11068212212492232
U_4554,0.5524431379151022,0.5065060715464665,0.47041565716613587,0.033010700970097846,0.048027501748672013,0.492884089618399,0.08170313296911821,0.14927159371293663,0.05274505702701855,0.0877148039269321,0.05321538668099654,0.06862664989153937,0.18903632425853212,0.27153536747227913,0.476249717130647,0.07624051039955206,0.22660382359802256
U_4555,0.38093390793123927,0.34961618074196665,0.32808164097247805,0.05486951863267939,0.04279579254023479,0.17653230906301565,0.07244299691180617,0.8342143188721003,0.04467418145534387,0.07229479492836843,0.07370250069325274,0.08991631014037738,0.18626630724787518,0.1895088632880019,0.3130787542507312,0.050600563237080995,0.20097738142858507
U_4556,0.058328694981722315,0.15847891634380212,0.1889235019893457,0.11834721735059567,0.14803486108243913,0.940763063165188,0.1903849364101425,0.1659811171060028,0.2093237693523276,0.09520184409251826,0.10946731944785043,0.1537338119710557,0.20187212944249117,0.19001077157168553,0.08482652958398355,0.04884209019149831,0.15644115120796603
U_4557,0.10734137918503692,0.11972247102274919,0.13194374690260977,0.17405178965531173,0.1775364503220406,0.12801011182432692,0.7891832633785636,0.18136480271494118,0.05936129483174697,0.08325755274509526,0.09638037275004031,0.07191758720242063,0.16231374870865412,0.18545725487184472,0.1538974322801684,0.3994927908209614,0.21638582437670023
U_4558,0.027455071516144316,0.05636764785088493,0.10994039026596678,0.09394155659471615,0.16624226345106755,0.14949360979802573,0.7513769187355331,0.1548061553255987,0.13343087859001376,0.21407846793967492,0.17250914645744153,0.15787427627853878,0.10603193039318236,0.16600595545017977,0.048632879664070074,0.758447796591051,0.16472000763787342
U_4559,0.23104157229180272,0.7411493250178813,0.24696345862913363,0.04922693736575021,0.03829196773568315,0.1743287536971056,0.07947655831903241,0.11985553188956485,0.09149547070213487,0.06024694587551087,0.07198259180387989,0.7237003869396397,0.1450628085393994,0.15558567498743886,0.15268637426047416,0.024135195103697847,0.48204233925802015
U_4560,0.24049384883893754,0.38024211364072197,0.19667487077601123,0.013522232978592896,0.020659080756074755,0.3946741872403804,0.04393327648485717,0.09389102169300526,0.014786000887894932,0.1412273251433938,0.04169928157378878,0.1383795717101041,0.09542161911346417,0.4675314080124323,0.9170575208608013,0.06903822388140265,0.08922418027541235
U_4561,0.253196909848982,0.2854669037270332,0.2628236931991322,0.06249158124064126,0.05293922085542385,0.29279504387070127,0.08794816119645729,0.1316495699664738,0.08510299028735364,0.06164274725120705,0.07279220439972604,0.06715346432664307,0.1422162936385042,0.1733317290713869,0.14858594806199737,0.03448457792836618,0.7888348823983452
U_4562,0.16260189080120402,0.19151480008981941,0.8612211178008478,0.02970130801166456,0.03789581474425532,0.21055359268723753,0.06351116644578228,0.21849618194919557,0.21816388986306068,0.24510407738238135,0.04830215408523615,0.06948143457712214,0.09130489199969004,0.13321889721894373,0.09867771250100513,0.03445994065571358,0.5405194490132035
U_4563,0.24944473104798698,0.19606237060411424,0.22466162918355115,0.03142739254587421,0.023160566944471488,0.2798187902822131,0.04427514049510849,0.3126212396125088,0.1745707285820905,0.05828346588745885,0.043567641829481994,0.05621557330292282,0.13409463034577968,0.8330633195805579,0.7315268991543862,0.026173107771691465,0.10470244668136401
U_4564,0.46956762868309426,0.22609261911065556,0.5826939989954689,0.04222187750810068,0.041508843845214735,0.7034962468073507,0.2604563176337306,0.09531754216787218,0.38506645392440914,0.04415808287552628,0.05783263322311896,0.285325646912277,0.13964010658701725,0.13704553178910314,0.2025130982396779,0.015792336841808044,0.10747297976720277
U_4565,0.26422280657699787,0.24404098651288922,0.24910054855865116,0.03651994503473352,0.04653065746206131,0.10968351546357172,0.05641139851208132,0.09848375864615909,0.31931225658399554,0.05302001472912079,0.050105007928982856,0.05333309425353839,0.13307824867175017,0.7123532887444792,0.5557633401665001,0.0298440685720582,0.15922124652771796
U_4566,0.18161702015430378,0.1471192563677174,0.5712400507037343,0.024362756096057578,0.023506570300386363,0.6868582265253387,0.15805126925201476,0.10790853321018218,0.15777018574488455,0.045234003012389876,0.030734240452356478,0.4818736504732215,0.11370335385736487,0.12168185367296966,0.20269314569443175,0.05269723377437747,0.5584003152724617
U_4567,0.04016883943761397,0.04611028176239291,0.07919087803549969,0.09836355428324706,0.16080280481979178,0.79473211923995,0.1343392979372585,0.13433440866784016,0.0918901109883567,0.19770210583927741,0.1704375610658332,0.18511900160635017,0.13156834218835606,0.2035564153942744,0.05919391920483878,0.3140142683918349,0.15924294779060041
U_4568,0.4080824041777913,0.07876756694995152,0.45859449443726763,0.08969097917881408,0.10519659426025973,0.1139243102632652,0.16716064771920375,0.13552343817122686,0.18446205957510092,0.0750455025190243,0.08590854674738142,0.8302867432562441,0.16864573531758112,0.15067561372843524,0.07182263119532993,0.053876615450403675,0.150009828287677
U_4569,0.32270681959807707,0.30102917182912675,0.2560284479338898,0.049174963483486975,0.062093379491547175,0.2103615036087401,0.06159461987957541,0.13609197496403044,0.8009025565267365,0.09142682283181358,0.06667456880251282,0.067927244034154,0.20448028642248514,0.2101486540680751,0.208471677941569,0.03489519409486856,0.2766720119124353
U_4570,0.05210535303666564,0.10200780308229024,0.11529157224913411,0.13942517203164329,0.1525889869203223,0.10780152269519691,0.13388139431987367,0.13940464589840434,0.657981226554761,0.6001483049131713,0.09588659354194082,0.5981037786730226,0.08098559159169721,0.13226903109612323,0.10007013690664311,0.36107119321987513,0.15008127686257844
U_4571,0.06857205397673237,0.18878954486776872,0.26600011047775585,0.10111229612553185,0.10258747055941965,0.1986281710142714,0.13632292569092586,0.15450676656546974,0.20301023352181558,0.08533510326882171,0.09986073740180765,0.5637156748046475,0.16830944176518592,0.15623488922602097,0.05588334165631022,0.03142780065054314,0.5822649454455353
U_4572,0.06688519275525524,0.04389279505140644,0.7485897407533542,0.025206214371143607,0.18697288753144115,0.1443208803811071,0.33539571168632415,0.32200513379457646,0.18182550485950455,0.2453714214889279,0.05561478076883404,0.36606993165177937,0.1503134160364154,0.1208689420850562,0.042124868567465605,0.1280619483681479,0.12443008888454876
U_4573,0.0627194490863508,0.7075229596030014,0.2412727205809093,0.09565851677538116,0.5967417973069882,0.13061861059426852,0.1361002529668311,0.15365108996051435,0.16206265623024038,0.14494833840704024,0.13128795242810942,0.09000156870540846,0.1670847055336594,0.17895906188772348,0.06335628846775422,0.06103733053244956,0.14702896327442963
U_4574,0.5067528913638029,0.32295150724214206,0.32277536908238247,0.03505230254235259,0.05194653448641253,0.16220211146933966,0.08426710803520862,0.11508467852432466,0.06274530353824313,0.07962371099402292,0.060040677790851746,0.668654228723846,0.16999370993321897,0.2051875490831615,0.29821297032475225,0.04937572560257982,0.13961151691791995
U_4575,0.39056159301864857,0.3056916839130238,0.30754043550056254,0.05031813286113822,0.05936396901052053,0.1567525005357247,0.4288186651432243,0.7432412817341598,0.06395924243398013,0.06561036805553669,0.059198919617084,0.04834615005012716,0.14378794574356923,0.17562223720930356,0.31733849101291023,0.037991511689620394,0.13938292879431546
U_4576,0.35775918457438116,0.3127209451440029,0.26551527773665595,0.04668066528166327,0.04672220329533436,0.19977016884679327,0.06579706534627572,0.09707536824540541,0.08014131899022217,0.07140038457535701,0.05426386564292321,0.06150338239651794,0.125802951194659,0.17090463756230273,0.25787980090795315,0.050149443496085036,0.8238087027947465
U_4577,0.24525910866467776,0.27322567342003373,0.7430148489268569,0.04740724631685322,0.4934537323353802,0.18163632617395553,0.09467844881676996,0.6654154770342586,0.15802598435616785,0.08347414195942729,0.08295917592614,0.08319011115056546,0.17052659218719274,0.18624325229937821,0.11727813642534289,0.030290077979011367,0.19745501453342276
U_4578,0.27564401136527217,0.25996637792323457,0.27897405925536284,0.041087984015553906,0.03861812311329488,0.1392847217254169,0.041730084261447836,0.09987624997913047,0.03542591348099366,0.35088901118030574,0.04527420410995614,0.034735049244952354,0.12460983039533277,0.7253097906167918,0.6476262096607309,0.032966571633381896,0.1605225001171336
U_4579,0.382505974327153,0.3484827414339378,0.3765770090382475,0.04808192234933219,0.055766233523312295,0.3267026440607331,0.10350304933579185,0.1313047271825774,0.0683480940641029,0.6873475547780272,0.06243646539928195,0.06585026407669499,0.16442672909031125,0.20094840418716128,0.24909855556207783,0.04198440383980074,0.18813112322375322
U_4580,0.47906614422711946,0.518312939687579,0.5063157053209307,0.03190391552451512,0.049497254152925066,0.2988058663272958,0.0927300306293039,0.14895967698910456,0.07130842721177025,0.07255589191818279,0.05550501186787339,0.07966891746241755,0.19750006123434904,0.2692238400157356,0.5266855459971332,0.06955720705917465,0.22928187949255324
U_4581,0.10413463191512128,0.28130301183995565,0.15001086121793605,0.07900938733056906,0.10263786175992318,0.15989335487171702,0.12743981358621695,0.13190049040905005,0.21719071980165472,0.6653990286628286,0.09685398019557623,0.09918928569011098,0.17838035522649598,0.20392689142986284,0.09361239203347507,0.034042467473925864,0.7921998839684883
U_4582,0.394818240560087,0.4195980301586843,0.37632904355403507,0.05130680450178827,0.052029370648890474,0.2624859292058894,0.09547126686750786,0.1464371173784999,0.08336795075441933,0.07100550255421528,0.06826189313926881,0.06579127124326307,0.18113013327971067,0.32332733834895794,0.412916586460386,0.04247313318450415,0.1868121699694252
U_4583,0.32163875474810927,0.30081136434273503,0.29477389402150506,0.06525701527201448,0.06060566732710122,0.8770763633785228,0.07902364704114007,0.10176816774542255,0.03532496189549167,0.06413778206212731,0.07900139361575415,0.07420785651974013,0.22904744669566987,0.2205137101934782,0.34565679144655165,0.052791688417761135,0.14028810684351728
U_4584,0.34723659781989014,0.33618058840931814,0.2963127046409103,0.046285672947175956,0.043908795591191846,0.15521577238255646,0.08126596299675132,0.10820321784475403,0.05620335609361689,0.07027336594117503,0.06531582736534583,0.0879063035122092,0.1756399302765574,0.21448054784982296,0.2905096854647547,0.7441225731890746,0.18562626951965666
U_4585,0.19132964581055786,0.2920203165657197,0.21464397612784158,0.058723564970740355,0.0569223705868062,0.21935557415683926,0.09263107544337998,0.13688826550261676,0.713613736973272,0.058691801824470535,0.08501762942987119,0.055671580142473705,0.17569168090455747,0.2599656212680418,0.11514462690879718,0.0271869005227257,0.6779360593175532
U_4586,0.06872875541570281,0.12219233576475126,0.16445596506331928,0.10066268011674528,0.19697218509875697,0.2557020766931747,0.14335330986103262,0.17866062483677989,0.13076132172653898,0.21445120020051373,0.21589599559001274,0.2756057092532812,0.17474395358075903,0.250492307656684,0.09000965712498774,0.6865207876798721,0.24916600271602957
U_4587,0.033490946011332214,0.7797361695238483,0.15522349760925566,0.09155472645752104,0.17513514507382213,0.11779414370838125,0.1264163540756807,0.15952513360780052,0.48476058658541726,0.18234001301353117,0.18376580133522624,0.2211472810711953,0.12814118985662776,0.15900376075805303,0.05026757994372363,0.4380070583159601,0.18303004264126202
U_4588,0.03861329846827886,0.05868784184649285,0.10770116456086803,0.09664072858331643,0.18058810228240318,0.1689118083451932,0.869408207430229,0.14553618966252713,0.10504358756495139,0.18383225536182546,0.21410196656605596,0.39074919239796835,0.15383760370484675,0.17452099619372882,0.07457610247765323,0.35496392348385,0.17030474007392649
U_4589,0.05128923326319493,0.16974159355700613,0.16507661660368383,0.08531132952999465,0.11418692096700772,0.7018356215079442,0.17755942221562424,0.15645044772667321,0.20201041401901543,0.07502431373131696,0.08605781388962491,0.4749700628909618,0.1474472308765711,0.17782116741089704,0.055245072493919765,0.5999247820805217,0.1486725604808231
U_4590,0.5722336717973493,0.5803510249016083,0.4713495018573802,0.031127507497251544,0.045650140514405996,0.25680414339620194,0.07280567351998118,0.1560454628011184,0.05046621961752823,0.07024002926236014,0.056775921389437926,0.06968671591133511,0.22454548630296836,0.2784846407331752,0.49381129319258826,0.0636439331628348,0.20200050516177653
U_4591,0.03210691246172661,0.028759211821583967,0.1616985809873066,0.06787171283860335,0.1433575455414633,0.25330856604084384,0.09443659858868884,0.13993495690816207,0.6916745582061794,0.12178441337500227,0.15203553197117084,0.4398432349134519,0.10093235544637429,0.1305309400688724,0.06427851393952885,0.7038661331426602,0.15193391079228802
U_4592,0.3467500250560491,0.3168908046288089,0.2998388361539404,0.044916976421933576,0.03911703952746637,0.26592166517394605,0.08023587316382129,0.10531753442914822,0.06044277185737017,0.07198339944478749,0.06682044569789218,0.09168192356577355,0.18074599521980095,0.21199947086761706,0.2829422250099395,0.7533897044449017,0.17316093929123721
U_4593,0.146681496761998,0.1609775843788976,0.22515404675890183,0.06286268934650865,0.10363559009655803,0.23739364731663407,0.12989167857286668,0.1556483793125864,0.5877566560952616,0.09417374629864056,0.07733873736385358,0.8508592215798947,0.1969924210055444,0.16836375031628228,0.08391053378797067,0.04644892383388083,0.16666391486436832
U_4594,0.1885134696753701,0.2407263246281729,0.2068804649547163,0.03339304813423926,0.376385589048387,0.16945685513987407,0.07895537756258977,0.10771904629825377,0.5512146540111448,0.3103124172505161,0.05600280603919217,0.06911981368509315,0.1389526523152894,0.15285615031161168,0.08385040152309114,0.5298041474681348,0.31702694346629384
U_4595,0.1288926525513206,0.41690299652515894,0.6407357437203886,0.053209830735501625,0.07981573507295425,0.5019967447378283,0.5253531800177574,0.17496340717852105,0.10234495123684487,0.37256382111168945,0.10942736182735213,0.10505605268150882,0.14752266387218868,0.15042937933397682,0.09602999783000367,0.008199756004553232,0.11500222452360845
U_4596,0.025404066114807382,0.055859063216505876,0.5267524546881692,0.09328832274061218,0.1479193375914487,0.13526780217292034,0.1147340018689322,0.12402289256798216,0.07773979230956327,0.12939233789476226,0.15683703320240583,0.18926348268741602,0.1044366794983781,0.12971989111407684,0.05412443344915393,0.8723893869381667,0.18024930486243476
U_4597,0.07651429558560396,0.20995308334088641,0.1914743965225079,0.06244418041377749,0.2503694000052382,0.194904712573108,0.5318106740071662,0.12177381595972729,0.197046281643406,0.09065754734669972,0.07915327039389702,0.4916438103707297,0.16544286070044947,0.16661941209237235,0.07620980775667016,0.027773805359027518,0.12497259626378929
U_4598,0.22144112049990056,0.19886066216255904,0.39423591871223895,0.0400754600863609,0.0632365091524264,0.10341237606632743,0.07964329221192706,0.10045224836596418,0.02773855965935847,0.2849175484897741,0.04676540097309386,0.256074762324912,0.09833125427650101,0.8084152311558028,0.5914378981266902,0.043802551913096316,0.07617111820343998
U_4599,0.032689315984826,0.03454107334817325,0.1659164744029384,0.05656600681554611,0.14501348741980646,0.11923517899357369,0.10044273574099422,0.1428208573816402,0.5291319012977721,0.1671762938247117,0.17125098313560383,0.46649678402533246,0.10421642764103776,0.14174127584563218,0.05247973419938187,0.8189512645516352,0.14790385790624883
U_4600,0.06246812136605915,0.08420555677617284,0.5239234753623029,0.06522773407733612,0.07261636461580533,0.1532735011173678,0.5051757628604172,0.12224040590366807,0.6450890213691114,0.06413374088427543,0.055429359713718776,0.34929407953594677,0.10390488232973757,0.12742113287058898,0.06482346814515712,0.20485003461192314,0.11531691859635892
U_4601,0.11440887170775242,0.15469997048145578,0.24659689257431222,0.04866190801631941,0.08260419392660419,0.15894106657021695,0.13878084337997987,0.11804971111869628,0.5691336446984864,0.07417231245215072,0.0538311747085845,0.0562651142444268,0.1412523006685639,0.13290329933025757,0.05102345038109357,0.35312997331249996,0.3608458440803415
U_4602,0.3373904421979501,0.9849700191773721,0.2511529693567992,0.04430044753110428,0.04993243435179566,0.189285688442524,0.0831792580325012,0.08433786486261834,0.042052768319725334,0.0589885006014272,0.05666913806540648,0.06436697214861452,0.16408430286019232,0.17957488454567214,0.31988851846033245,0.04270795471345222,0.16166236962620778
U_4603,0.16123583865786703,0.6769638163313925,0.6375501193819095,0.032828840958578714,0.3666051814095863,0.20675151639110662,0.27157875233722845,0.09453156730521378,0.27682151270004796,0.04893024875257185,0.04809594411603929,0.05294822509242465,0.12375454872392543,0.14707337002056134,0.07831754140699633,0.17223597494904347,0.29232132337717526
U_4604,0.453013151363972,0.3574375984638566,0.43600715691223657,0.03916774738712507,0.048716865728096026,0.22198090154640637,0.07319013524324056,0.16013750934861803,0.05594127148206485,0.09158365114758449,0.06832651442394304,0.07774036606234914,0.20984485868475122,0.21315678576283645,0.3639355862311053,0.05354963972283739,0.18708321195997454
U_4605,0.06203478038378622,0.15838649262219312,0.24454063719563857,0.09599018769588159,0.13686482953418352,0.19173399982256417,0.8436984860869616,0.15221731994758278,0.212752005331204,0.07228972162747369,0.0873589350312684,0.46344644581525657,0.1648788509912384,0.1771785452014933,0.07006690461630687,0.04902652176055738,0.14687223518889805
U_4606,0.2970872313532287,0.27107988880979655,0.28222688039277044,0.030382242298712506,0.03950569924433933,0.3258955206623009,0.08412236207086721,0.13101184216137393,0.058223934882867916,0.07831405351120077,0.06210923892457434,0.5331321693992273,0.1706513097000604,0.1773062623858432,0.2922736524271973,0.584915845304534,0.15327526382557513
U_4607,0.24891942662456737,0.29267291063931455,0.2745599321896621,0.06786918761482447,0.05433478563817845,0.2591508056776958,0.09707541634932634,0.13516322140532078,0.13701210721685153,0.053827050863858056,0.07060646607681278,0.06815912132450663,0.1434332527060702,0.17553339624563644,0.13691419796858947,0.023327979429420966,0.7927169065293322
U_4608,0.2615719253067168,0.27319720867760117,0.981561974210853,0.06465110811214059,0.05442008409059495,0.2513621660780554,0.08176845648638548,0.13355230107754304,0.1345408100784226,0.08253596578520224,0.08044517168533258,0.07042322289544398,0.1923544344664568,0.1930429956689091,0.13473388320623758,0.04791695422161858,0.1784207154229708
U_4609,0.5844403782863227,0.4866048049842782,0.5426384997239411,0.036716437592227036,0.048076758145097834,0.2556528634577349,0.06563464278945909,0.145615385814789,0.046056492300490914,0.08057068513682628,0.06028866980802496,0.06510342549686414,0.22107781388631367,0.24801330686574607,0.46638773992870197,0.05488902908176044,0.2114317182702405
U_4610,0.19463585358887187,0.20665004281577243,0.16285258818272674,0.04639840783800782,0.0352466277074863,0.8890014341669257,0.08969831558079,0.11253569362700971,0.10629884957680269,0.05290322023156778,0.05271589217413811,0.34140111996881334,0.1438505175369502,0.14695718779983938,0.09530878661589111,0.018953238684624348,0.6629450292090104
U_4611,0.02974079863865313,0.3402159732253884,0.1811094041290244,0.09879292071674017,0.15799383842150366,0.12000838962554147,0.12031802114457009,0.15783561823269282,0.10687765109156491,0.5920983806293814,0.15219913037195967,0.7218999640383884,0.09098358115313651,0.12224377373675378,0.028497695989860142,0.26881992877472477,0.16489409593143733
U_4612,0.3092474325937868,0.26068583720681676,0.27146633347634064,0.03963794948850883,0.033459186467032775,0.12785256297339326,0.04723773200091953,0.09197028946579416,0.040290260559432425,0.04930457164186753,0.05500801720264291,0.041206744762928724,0.13200879299363494,0.8394988334609568,0.5589841160326794,0.034557890490030274,0.16920621595553453
U_4613,0.12601616500531318,0.12222072043695614,0.2817938890390412,0.08594053761448903,0.11618194089357564,0.25724955304274266,0.7151538314275367,0.17058742866031273,0.15901539627046493,0.0725254827270779,0.08793896431878101,0.08271325450801184,0.18726653181164338,0.17969632135785538,0.08923147909975082,0.033516196025272865,0.7102410301923863
U_4614,0.31999592755718004,0.8857904971914612,0.2545405094964893,0.03705316987557504,0.03763038249075763,0.5322544942939124,0.06743090024979828,0.09207634827053732,0.04593135969973054,0.07013336960987449,0.049005726120014755,0.38936003176894696,0.14309662019715025,0.16674703632476495,0.2209823032686587,0.0358302733703309,0.10126743207327807
U_4615,0.3991968698584275,0.3264459296861575,0.3186504268026784,0.04660159885468557,0.04885659113479268,0.1873907626932205,0.0696755483461721,0.09601816056246061,0.6629620300955912,0.043878696566440806,0.0515415839822878,0.07258580197867012,0.15379440289507376,0.19009446906070182,0.41095648990718225,0.04885361594737499,0.18819778927393982
U_4616,0.19500054451801202,0.32291530875918223,0.2848114133613049,0.06571286687262208,0.06841320559003533,0.24078897273359995,0.09723593641812114,0.12606843019308045,0.18254293067698493,0.0623948606372736,0.08310904758953677,0.058995515084414696,0.17694557006551453,0.1905208335068756,0.12684197973060973,0.047245766018126426,0.7612542108994754
U_4617,0.2306175498709154,0.24566775501443205,0.30392196925779114,0.051437706846898794,0.06962183195870483,0.19682109408791515,0.5911385485039711,0.11990919852305706,0.1638129555442768,0.06579310201431418,0.07098541182724444,0.45196189145126625,0.13278523498513067,0.17420886118653384,0.15057135838289126,0.02383276478973259,0.614040236988926
U_4618,0.03890659295878494,0.547498871609343,0.6207585245413509,0.03658059745514114,0.434820392600445,0.7024652871854138,0.13206977695161604,0.08739309796047558,0.5814089433652063,0.03896662323372149,0.04999123821602198,0.6076371643409292,0.11801379687002474,0.13096420895806707,0.030524410048145836,0.057720825314149266,0.11318303619518957
U_4619,0.33145609967987816,0.2757387192824339,0.3459939051382469,0.034695806172938146,0.0537267546391442,0.2936035505833632,0.07592514569572756,0.10718723554893836,0.5889332863456471,0.04832918875054956,0.044359443003894064,0.06603804294946253,0.14523950807473276,0.19493559197939708,0.32658997678611706,0.04674928677489867,0.5809645742845934
U_4620,0.24276525682610658,0.33208833810291166,0.31175868770823084,0.0676093771376523,0.05073575033450257,0.27697479976378037,0.06598285627994444,0.6688169030228349,0.11802811702646665,0.05627302470873599,0.07520254066825727,0.046687026894436864,0.1358491558576322,0.17977999298631264,0.1501401338826419,0.023102660484755608,0.7107369432372737
U_4621,0.052564661857881625,0.1596176656180061,0.2103538477319839,0.0929500410803707,0.1182239953622923,0.25481422215770844,0.15479334237939793,0.15950145610189373,0.7193508896340076,0.07458983694862897,0.09613916140047954,0.09523326179812688,0.15657358223203538,0.16150987791847154,0.06528732329996631,0.617619084138368,0.15716268337102313
U_4622,0.2099989117805863,0.15051701229375994,0.5077915335822901,0.059020114697606,0.05032595573046528,0.2311533211438814,0.15987715673642783,0.3016374647131598,0.08028196201928864,0.42913438133822257,0.054784088187697755,0.7843275750989068,0.15494267174378712,0.17315979682598248,0.199249597915437,0.023637580218200952,0.11676323691345095
U_4623,0.14453702765800633,0.17989413331110168,0.8460067655635585,0.07646782812690327,0.07694625902726339,0.6654688782959179,0.15074824923065863,0.13562561192987874,0.07137024791056,0.07225773548735887,0.06953356431726432,0.058497150156676614,0.13664295269497417,0.15353076455885645,0.07818346385149828,0.020251344912500843,0.47856402330461967
U_4624,0.2653679518502655,0.2705990046187958,0.27465217470524383,0.044447507779183874,0.05906780219431632,0.23137907510108233,0.10483550732727713,0.12486781073271178,0.15600128096142585,0.060926704824460956,0.05286203873957707,0.6396399245630294,0.12210592186262798,0.19657190686856718,0.11632760706201854,0.03642361611070387,0.7686914282186795
U_4625,0.07944328024992252,0.21116808189350547,0.7234863607674011,0.09998250507201062,0.12348136174652855,0.20313964051524194,0.16039572118744302,0.16312899352160437,0.23287880101499236,0.07640822364522509,0.07346699984484226,0.5020186189337303,0.15913516261066737,0.17746284045731822,0.09145376580176344,0.04428401074697989,0.16393198550290816
U_4626,0.2861161903783142,0.2539352172328052,0.2693314288649802,0.04641314365095371,0.06405445248253869,0.16363972643937785,0.05161192757031876,0.10103391770587644,0.5761948428461741,0.06841360268821219,0.04465111785099059,0.07658592418039109,0.10744594235047174,0.7512638179457776,0.3229606102661408,0.31161914984232353,0.11663778994265711
U_4627,0.253635662727146,0.47777289269814294,0.22630221372342768,0.02973861082999167,0.03912253258413603,0.09157014326809648,0.047857265841207496,0.0895895068727079,0.3503945338059806,0.04981945743365397,0.04684518763253409,0.06432804911008877,0.09757360674429162,0.8995037112065758,0.48908855313443733,0.031259573539314724,0.13608943149238528
U_4628,0.5693179481034784,0.48793086338026553,0.4508110095058118,0.030681213728286912,0.046362875909850686,0.2603848123045895,0.07449745522489773,0.1437220948335564,0.05515528844219529,0.07306130192031178,0.060443818044425654,0.07449767533983509,0.23579177069339252,0.29001461887346147,0.5798251807982647,0.0719087208953818,0.22326123595752947
U_4629,0.1321444590625847,0.2282978100358744,0.26634563929762656,0.09249536561290769,0.11777341950731599,0.22124249174598265,0.1668888304346719,0.160097980574153,0.22394941491907736,0.07881726377567269,0.08991055401735387,0.8340121068048353,0.1729274894431202,0.18814855151075055,0.1078326167535654,0.02695662448809087,0.15918097626429134
U_4630,0.31944174632428757,0.23373342875283626,0.24826309276496195,0.050237537558422266,0.04575550727124733,0.1195597207571559,0.21289288663081493,0.1000687003603386,0.04073000070781403,0.04759348451864679,0.04118022610483231,0.5328943774018149,0.14600637217332024,0.7454506114623363,0.2522500926300976,0.26586422283417727,0.10952909216747822
U_4631,0.07044971765404484,0.1745144968929239,0.7805276534279975,0.06445736074318935,0.07945128689033058,0.15020353127604097,0.14328330217283453,0.11889684046655201,0.48508330352999707,0.34997160583754716,0.0623012258008379,0.5251196217784057,0.15964636637730067,0.13792146068637476,0.06574175628844549,0.03828433675240999,0.12538225559753674
U_4632,0.2529889484195093,0.8721064865760564,0.4061053059309442,0.019595912330159143,0.03053246499980867,0.19087340951110673,0.0514498632295146,0.07946533030969047,0.18940704679645076,0.049081525260171094,0.036090248059075056,0.0492518990264272,0.108304268649052,0.12778827130783157,0.2155001798995076,0.0385842189334465,0.5606634118806875
U_4633,0.20438522256085057,0.16613475568690916,0.20441142225912973,0.06458235007405018,0.08237859635331818,0.2613756307292102,0.30054878791481093,0.1261154148731599,0.7641865222050652,0.06969723007951875,0.07669968235120984,0.4199937363825823,0.1365982039195315,0.18228062207198556,0.10482230436133938,0.0440064880969392,0.16150405088676534
U_4634,0.23040303420146097,0.442896875088687,0.7690705864378753,0.032076395774899666,0.050667192797426326,0.2115634733376387,0.09517254257008032,0.1175304375627948,0.3556051229935878,0.07844429906567849,0.07055532059901679,0.052656643195028816,0.14089305658580129,0.16770268322485388,0.21355973184059956,0.24913910212121904,0.14842708231931157
U_4635,0.2099910939505475,0.19022810227264653,0.21781095637462766,0.04633606076205038,0.03655993365630609,0.7945495438151003,0.06800711415245264,0.09655413147957172,0.17963899532020133,0.051455115418932856,0.045722359149552035,0.26602695431160633,0.12960118621628192,0.14675968493722097,0.20105148501373798,0.018923456774572772,0.6436531316139005
U_4636,0.10873175407418204,0.17756760159973922,0.6631648545923553,0.02443070247550325,0.24644767409788715,0.38256130715972886,0.4073118514042698,0.09677696363522997,0.6657439494889354,0.056659023952341625,0.06140436745647737,0.530776349487267,0.10445143384394476,0.11990531674831423,0.05179810158151513,0.0027682956173672524,0.10070145226175634
U_4637,0.03750988779465854,0.06653075368753868,0.18801964065495352,0.09428579964240721,0.1571537225874945,0.1776920343998115,0.14899168188447556,0.14613638834282852,0.09213886900784929,0.5228466558256757,0.19802933034603254,0.5533551413440119,0.11830691006300745,0.12074659204185659,0.04797520864179293,0.346323520054695,0.1562499649828984
U_4638,0.5205456191082396,0.3897189835818591,0.4042519122784798,0.0789293271028275,0.0741179924577979,0.24154628314211493,0.10548002411935511,0.11130740732380505,0.04809730413106411,0.09474997119279038,0.12388705670129244,0.058344208799400124,0.24796989057129087,0.22551451260134817,0.5283209160921715,0.0511810595467149,0.13739862868370256
U_4639,0.045880707952502646,0.1041401256033595,0.1013335275519834,0.11872644077333955,0.18659264235045953,0.11607367399219609,0.15843048230355877,0.14399648172889548,0.11651308044813907,0.8545802351777828,0.24466248317309702,0.16340405425522575,0.09806886705729682,0.14898261486616626,0.038201843547135926,0.2930391598764378,0.27844231520726737
U_4640,0.238349664804773,0.6405112020676358,0.26565028598756024,0.07171703311434907,0.09754611061757482,0.22439402914777842,0.5160627100676665,0.1403685057044574,0.188359607682897,0.06379902482564018,0.05950881443108044,0.09265065369812855,0.16353431000084379,0.18360943926102205,0.10822265650403436,0.03687550495906807,0.6216502533567952
U_4641,0.14907396434327644,0.1485447666544049,0.8719009882718062,0.09096570560538991,0.12057564582046022,0.27184248350334494,0.1858264713722294,0.15330404748102527,0.17686407035431,0.08230413727498337,0.09038100504672379,0.07851253521568634,0.2207822535195525,0.19115245095582092,0.11047830501600424,0.042891918369045025,0.1669689020509793
U_4642,0.2551763293009952,0.2664853923352023,0.7207831766360089,0.031327979007778985,0.04944603572828772,0.19870432694122236,0.36355773225045723,0.09442582411299216,0.4919745015153159,0.06069050740278652,0.0703443642223918,0.35808054636440995,0.12824347939745936,0.1391630758860279,0.12005539364988699,0.090104888180118,0.12195556729826515
U_4643,0.21352927378967726,0.20580154744035492,0.22341577587401384,0.036198767154910994,0.03532094662328552,0.1758423049053603,0.23477211132546658,0.08408182484958193,0.024872100893382806,0.041234186006332545,0.031303235203578146,0.05148774281081664,0.11327154442272347,0.9108926994985973,0.5207596957798303,0.26409442407241057,0.16135415611134749
U_4644,0.25457374166800134,0.2514185813410582,0.3021653160796064,0.04048451352425693,0.04878251066394186,0.3186320200913221,0.07442587195290899,0.4153333406602713,0.6054557973172733,0.04474288825098496,0.04992513807516265,0.086468454278535,0.1058632084780113,0.17369171010827025,0.268231350754245,0.044322895570115636,0.45937317943648104
U_4645,0.28602902804842184,0.24207608576285614,0.24783135978512044,0.049646116527192884,0.0505085837077317,0.960478397151478,0.06935674944120014,0.11744724977639556,0.07272065517555552,0.06266028638543347,0.05939528839755507,0.09300740827224507,0.11604476163594435,0.1775410913539647,0.1591442855453854,0.029575737310522703,0.615797118830911
U_4646,0.2643407730858306,0.2066879625311165,0.636405996206945,0.025540637728747435,0.10461023969109406,0.6953321030349868,0.1975131619822496,0.07642160020835101,0.0546043906700379,0.21539101231081645,0.03045490589789137,0.12912539622813732,0.08743204694671725,0.14921861529749564,0.2358454368269717,0.1428947492271077,0.07870992745632835
U_4647,0.09012281240012301,0.12166260370721368,0.28740934298114373,0.09239941276479458,0.21048263293779856,0.2653485834741398,0.15485407434620851,0.2013421104746758,0.16562107806355958,0.22989878939680372,0.24149825371892175,0.2843756978314747,0.20136729973117762,0.23906634040512462,0.12769310071483309,0.45374785412014895,0.2621313919514747
U_4648,0.2168815091004531,0.19764580801804646,0.7104943010956963,0.06287583376530492,0.38604186747886143,0.17140117581863948,0.137470102649203,0.1036305048483349,0.8842262435679784,0.05549525509727095,0.08305609253857779,0.061036743795029005,0.13285216858029053,0.14714162156602828,0.0838979487111083,0.020528023722009583,0.12778913289682065
U_4649,0.2604664239272591,0.2403243175689716,0.24718004457490414,0.023241400197728218,0.03893016589260433,0.14164810185760696,0.046112171423405686,0.35208830189100154,0.048536605627428835,0.05812739605937156,0.049858806781233014,0.04676446329021644,0.12056888272230737,0.6873595879772265,0.8007081058503083,0.026880615523390976,0.15696948200636968
U_4650,0.18398062849792907,0.35004901175940073,0.4228594392932905,0.02856979570004132,0.02814761352199939,0.5222846457523949,0.13252161126532142,0.0978433138888116,0.34275374517633517,0.05246975456727081,0.03865891805857549,0.3419230362307484,0.12966044577487587,0.13076210919098094,0.21413392378170062,0.01668363824162681,0.7097926786376829
U_4651,0.19851719915572785,0.4832917709129347,0.16833121638195087,0.025663846129900025,0.027329539723647784,0.9017962939053683,0.08646072302466844,0.09286815799096405,0.32685771811067,0.06181882727540393,0.04757195089857731,0.06000570698095778,0.12413660845779417,0.13929909333832446,0.11173639795032561,0.05751915852158172,0.16473422586837572
U_4652,0.36986813944680735,0.30386769636101507,0.2791407375634586,0.04132614746819627,0.04872729520673227,0.16490314365195258,0.07265978585691624,0.10259512081088454,0.06838788058659957,0.07240004385991007,0.06482715336526823,0.8888500311097377,0.1767262001882567,0.19174354890037137,0.3245840910871474,0.04243060819821852,0.14214359253097067
U_4653,0.26516828561916284,0.2625663904017438,0.3049450328654515,0.032170559421956416,0.05992329149359717,0.18729333127065295,0.6296344607096775,0.13627373711376092,0.09546036953107583,0.21982884488178714,0.07207930080077876,0.08544073377194275,0.1495737033692268,0.1722952212076797,0.1417554606890099,0.012738061721002834,0.3865219926719443
U_4654,0.05174706203496745,0.06133283214644047,0.11527643574867173,0.08860233817653246,0.5048353697102115,0.22614582919210668,0.4389633839977879,0.1879196785359069,0.08384870088058258,0.1579930862905509,0.13677916030691223,0.18727744136698077,0.11224993883599979,0.1753068991278507,0.08200021899665876,0.49760833056827086,0.22243271078140409
U_4655,0.2156055259898308,0.7222193813935747,0.2601846353971251,0.05509594037407259,0.058232561758574344,0.2558567843158573,0.13019961548901296,0.14458976999416812,0.12723794080473677,0.07123484229128643,0.06187079315000435,0.05619106864023061,0.15784082120448537,0.18175608834505408,0.08353759960996845,0.5621182206145111,0.17957308490556043
U_4656,0.47046721802080127,0.1876693907817361,0.5679602779348336,0.03054475592056904,0.03489784821004478,0.1342130960197072,0.4308429206276326,0.092304576314284,0.0769476638601845,0.057406449886237304,0.06164215211059253,0.3273558696483193,0.11863628113635924,0.5774351284868569,0.391537317016332,0.027682550422243726,0.10549458522767508
U_4657,0.28625325949154284,0.2303992001748244,0.25975263257208325,0.030559586516057793,0.17399681581041765,0.7509948777674184,0.1465480031782559,0.17692484252394536,0.1288617791737796,0.054369261418332065,0.04403617524004494,0.09128123922202679,0.1504858512615368,0.18737167843010877,0.2747894769132969,0.2035448765832312,0.11296303339466578
U_4658,0.232956672546203,0.23411657618183118,0.29810182275146463,0.06041184645656034,0.06324526748066364,0.27050876434940385,0.1048768466119212,0.14547877716483662,0.7342949587745047,0.09962423398700324,0.08910730575488421,0.5279471072194883,0.17718778066984192,0.173335140012432,0.1429092368710424,0.037927903182830285,0.16482965388139878
U_4659,0.3242038984453284,0.25571758182704857,0.28202720930184927,0.0403643553187035,0.03748214548323928,0.247583281805812,0.09099312273292376,0.10834147982225613,0.6664594227175654,0.06634942867577395,0.060904106704729594,0.05928329532991945,0.14899733728887227,0.18488444614845256,0.2699067642174236,0.04638070249408008,0.6747133715468288
U_4660,0.2809492658282119,0.3122191510713018,0.2731200417421414,0.04870425278702236,0.07229935634676281,0.2843773124605793,0.10634415318230683,0.13529880625224644,0.07769721823983665,0.07316098647850323,0.06843970593965308,0.10961065428911161,0.13340627375910302,0.19989777857175373,0.1517078946966049,0.04362323752424854,0.7338202661428012
U_4661,0.4041011744687801,0.300715127008618,0.27457766970129716,0.05400533380880253,0.044014410970383736,0.1398360559698467,0.06279714713910857,0.09854005648179566,0.07655961855525377,0.06402096461321499,0.06757732763472767,0.69331397084711,0.17985455019544322,0.17687957692041467,0.2998051954928034,0.03241160214743976,0.1419364484237582
U_4662,0.04066919057735819,0.051507813285404894,0.10262015714604932,0.10173193696311264,0.1809482091875708,0.093307172324869,0.7815963706870225,0.16047185771182426,0.08304353577235121,0.2758062429511279,0.25206593688764656,0.2419038370830768,0.13528126379159205,0.1713259170861547,0.05801832419128079,0.37985489960717816,0.1832445237534728
U_4663,0.02179401975102358,0.09249890908379232,0.11919449232759771,0.1033727847060709,0.15959642166907867,0.13958177620573523,0.13567930461187905,0.13547353548522995,0.6414254889075954,0.5308011367383687,0.16776551813923854,0.2143520123662081,0.10917119756954695,0.13070389952853143,0.06961635983537066,0.715714199188868,0.1492631642908461
U_4664,0.3617824361476452,0.33999102434360856,0.3267714798909308,0.059170795081783564,0.057382113077227646,0.202945575695084,0.08701556746751772,0.10923757076772461,0.04824902392227613,0.5561404920534416,0.07744741307596748,0.08503342313860382,0.22948439465170056,0.22149350468175877,0.34568743962000487,0.05352549117905085,0.16070422775177867
U_4665,0.35133998111204445,0.2643522926593387,0.2662374643482253,0.030942000035746854,0.03903268140769635,0.13705344035579287,0.08382302760658922,0.5207226628544273,0.42457835959884815,0.28036102416940384,0.051166068247253345,0.059127774255025606,0.1258078958470675,0.16519884060328385,0.25456185628967487,0.40104751312423453,0.09401153192490982
U_4666,0.2294557389855479,0.20913923885103083,0.2543523798006452,0.04175700969006483,0.2972201865936679,0.6252196386925023,0.08463813014555621,0.12010434616249087,0.4995755637930547,0.05518193019076736,0.06782757156180966,0.6920769209943223,0.1501795628568414,0.14253813522978853,0.12110647523967963,0.01426306847384785,0.24279366483833328
U_4667,0.2430763963980343,0.19223983040729903,0.23661955177701438,0.03816744439913962,0.046981034025524504,0.1879574482051682,0.2524790939040174,0.5741437161443961,0.37484923510870155,0.06417984074805606,0.0559977796020683,0.054621281539629356,0.11440339196743039,0.1667457219593422,0.7889014023536213,0.013818406740450543,0.12095316262320174
U_4668,0.059573172185016045,0.06590113063071293,0.08602520001747359,0.14219232962225825,0.15460051170209876,0.07588007884892194,0.1169494500916953,0.1548873547569511,0.06362101854674368,0.34129870205382706,0.09247452862457727,0.9039309395884061,0.08540025985464356,0.12248481781879356,0.07640139465426002,0.3142332087266201,0.15034427714055085
U_4669,0.424136800200191,0.31007552256872384,0.3050890833033748,0.055975214401569565,0.04243263178970794,0.7667750770485147,0.0778318429506196,0.10666203077631227,0.054103249291025224,0.06056931069645523,0.059641815536109366,0.07416920209382694,0.19319377016375883,0.19701277844948256,0.29025038271267123,0.06273797996267624,0.16555917100244905
U_4670,0.44104285077811406,0.38018497004829566,0.30391316340751473,0.03804427819883143,0.04553139555119089,0.18850138767177305,0.0826549489896305,0.10627184239909303,0.06460515334655507,0.07117310335535443,0.03967384161860352,0.07403915571762827,0.1410609088365033,0.19139423734948116,0.3069276466353264,0.5540683857318953,0.14549688137957678
U_4671,0.3365172663544131,0.26279171396194406,0.2948345812051862,0.03966314224869945,0.03591113382526202,0.25993486998926174,0.08333362291326435,0.10665838526502983,0.072651362738025,0.06651025930082158,0.054447592200172736,0.07144945456231075,0.14352999349946646,0.19700710351672387,0.2912347819260712,0.04826880914471795,0.7983691357946512
U_4672,0.22251411643281177,0.7638485381715142,0.27096376593369453,0.03921879713453301,0.05337871361836677,0.20874061298104993,0.08422573656409886,0.11329369119668507,0.5292586719919374,0.3076092482824758,0.08835503382469923,0.06336866565516819,0.11715061961323248,0.1465345750811518,0.14322030391796567,0.019188699573503713,0.378102986363653
U_4673,0.22001332916470848,0.1648438585038626,0.2235252670631493,0.06970558664643248,0.05119905803806392,0.9047393888859049,0.14020684382270354,0.12014181106229871,0.4741128457195195,0.062345843715435875,0.049748143502697434,0.05370296331721054,0.1334501928107838,0.15008406754741452,0.11831615194856802,0.03665888235695524,0.6729296781010462
U_4674,0.33900515214690896,0.35548553221829415,0.3450147164217492,0.0466036827934605,0.04185944614620516,0.21914299744922638,0.09843461255323198,0.1412357552010236,0.14015538683423992,0.0732593668795521,0.06716737293167999,0.07204281818163072,0.1554896875115374,0.20897782002019427,0.289760520655695,0.7916742169880583,0.1997868364868436
U_4675,0.20232714448075734,0.9377872218633265,0.42236330512205933,0.017392503630061125,0.14414279477483832,0.40401146081765305,0.042732907982980115,0.08174526312884259,0.10036555267200822,0.04210013438616247,0.023841205425675437,0.04947744253314065,0.13114051587285191,0.13524404632452228,0.26295727506415534,0.2302674429952923,0.0997110274591394
U_4676,0.25606546862719143,0.18572368102706338,0.3146571899504942,0.02502082800782226,0.02499668704446133,0.09426559589242411,0.1592019350863021,0.08391226660783552,0.21094339185314698,0.04600031111383572,0.04587816724134493,0.21156996930616032,0.10265541956077404,0.49725354254035314,0.9259249050184282,0.018901413984122078,0.10728114789038912
U_4677,0.03595691058357198,0.058300088230289766,0.9418119262305149,0.06560123872023958,0.12618713580610869,0.11174942835452117,0.10957604768250594,0.1431498434042467,0.07797948742864491,0.14571669520902236,0.16354605698628707,0.2868024497999118,0.1231780209899207,0.13373601104454486,0.07306265477598736,0.2541848053488375,0.13905148350146923
U_4678,0.353949363773715,0.27185364699872466,0.2897257598385968,0.053378649968427005,0.5157117831590139,0.21843913111816848,0.4745111503788454,0.10732757892128045,0.05167683639834707,0.5930789702390493,0.051738722495287263,0.07950849557868409,0.16582000724312485,0.18433651167838647,0.2752771810522661,0.03976225227455666,0.14916322303374116
U_4679,0.3047670314865304,0.2659760021852153,0.7067764300685893,0.04864186256153319,0.4555512877694296,0.1576066815972531,0.6251219812079677,0.09256090691732166,0.05463181516231187,0.054884641096990025,0.05816850318149347,0.052046850184461424,0.1345445488044606,0.1515994334381614,0.27714434404545374,0.0422066974714524,0.1354767128222421
U_4680,0.3686347377592075,0.29146531046458213,0.3362963850414189,0.05165299891289032,0.04635855911504862,0.2860423746933934,0.6635014868921452,0.10976944642073244,0.06238631472203829,0.07503012247429833,0.0715088147450813,0.08630556809104817,0.17006264915007313,0.19490838584644565,0.325624634079579,0.06373762035070352,0.17849687373263712
U_4681,0.09931774303738632,0.08484209264529512,0.5187375524811445,0.07365461340612008,0.07998913638279495,0.19378230277087613,0.22508645436083302,0.6043594735061044,0.353164971041787,0.3192345988331759,0.0773436820738838,0.28949930141664404,0.17109119643380247,0.1771720480571483,0.07743038916502917,0.03414340974772083,0.13109613628605235
U_4682,0.24783978940730206,0.19404543603596563,0.30240581479184286,0.06610435897160266,0.43594950743258803,0.2110560568302332,0.17611052970434993,0.12242320564011462,0.19209508874746742,0.047929085116588575,0.04502892249459188,0.08914902820938758,0.14208522823854008,0.18034509246389485,0.13659614694072764,0.35557264261470406,0.5334648164234265
U_4683,0.2957951923811466,0.6206678349618094,0.29118311330340463,0.03331196305303176,0.037795679117711936,0.14676800896427816,0.0691580803506476,0.10465765358513437,0.6583511511270457,0.06808641972170681,0.06091045098241578,0.5460674561525385,0.16532254321350373,0.17568440497874716,0.3050566013246512,0.043025190451436345,0.09959949678073533
U_4684,0.2307609650274848,0.19256990242044092,0.25160257862507257,0.0819806340437425,0.10569050522166804,0.29254962745875723,0.156426245965318,0.7885599420342037,0.09728306644746289,0.07973221433488319,0.0684450935779144,0.0845268721011233,0.1685910431173538,0.18242739159507423,0.10457777390901381,0.03715446803815501,0.17934219327205708
U_4685,0.2821313743744348,0.2139401398663389,0.23318452909242504,0.03843514610132193,0.2610302950917549,0.5565744897741359,0.058650508234806616,0.11269328844573338,0.03645589572469979,0.22396715854757734,0.06038594438514695,0.05245827891233315,0.11195971377539625,0.5717552477280191,0.8251885723720148,0.016127362798999154,0.11453246718853011
U_4686,0.23047541002221067,0.4031802655530142,0.4260192079156413,0.03672125954760107,0.03216804342937971,0.15541509600900938,0.37480710131582406,0.09359048646989497,0.1610221323901034,0.06961906908130293,0.06528689472684923,0.6009704706122198,0.15946697088015305,0.18237963180901323,0.3138077161894674,0.25636279854534005,0.12807428900145737
U_4687,0.35750229541588346,0.2719505801276254,0.28686944597285674,0.04991429034474301,0.03306520970118569,0.694693402045471,0.24567200117967372,0.11722425598359144,0.043320073186548846,0.06709821645101699,0.05817233982848947,0.07924427989431615,0.17303555362379835,0.1688347847379203,0.2972624933362198,0.04046450521576211,0.12917601312354077
U_4688,0.30367272989469396,0.2350493822379259,0.8693840379559294,0.048759275218986105,0.18904746067110098,0.16840720477912588,0.208826369859088,0.08556564974257388,0.05714847574353926,0.3007854006788484,0.042874810351641,0.05950715889947425,0.11527915111499847,0.15867351297671903,0.2206102636171855,0.032797418771015587,0.11414161886847293
U_4689,0.02231304243142635,0.290694784370887,0.16386739054302732,0.07740202922238618,0.4134310005002249,0.8740000971749886,0.10317253095083836,0.11845067905446817,0.4022059081951779,0.10382799248177366,0.1098379981509512,0.3637481572623358,0.102445813594308,0.10590492522638625,0.05877133594290847,0.4100616491446617,0.10457734178316345
U_4690,0.08142296127228395,0.35472612559594974,0.2197885257676535,0.15448371923604498,0.19418951164609394,0.37142188127127507,0.2833272160238857,0.2147884879383108,0.3754436554881984,0.10953642677454817,0.11677872262913719,0.137028561945223,0.3433139549778246,0.2823834861685982,0.15560478562974298,0.05212291845663673,0.3134034842525156
U_4691,0.10412284845452474,0.18499434892835248,0.22508756219805917,0.08877086272071849,0.09110423897906854,0.2875834652371215,0.22137834519654268,0.12780331783381654,0.23088033378216305,0.4608487679551194,0.07288283926086066,0.06648012129075204,0.173624306533306,0.20071795091514358,0.06611629825198628,0.5831363352323224,0.15192811115666374
U_4692,0.226229963232904,0.06095203120168064,0.3283503437849814,0.07272383612110972,0.12755797898865523,0.10013291642715422,0.3737292007744942,0.0958975321412174,0.10368118013778015,0.13157681261941429,0.13130913574577963,0.8242436267596711,0.09196700251815337,0.09978829415169031,0.028135540544653743,0.19728152239642566,0.11156387817863375
U_4693,0.5910124027246753,0.5255474363294694,0.4785837651734117,0.03306389921173772,0.05529954254789043,0.2703565378181667,0.0746487435762214,0.147848119267177,0.054327429408109605,0.07381004524627421,0.05917312601840838,0.0728008211303241,0.2268629971911324,0.2750852081268119,0.5070696422741338,0.06265835358104345,0.20421156851481453
U_4694,0.2872855701152033,0.2331041193270867,0.28674620126338357,0.0352591377882106,0.03965971633877116,0.22241666027095636,0.08102093395797141,0.10645607621665881,0.47782292516839897,0.06805865505847428,0.046627024332544675,0.04675135024224032,0.1371641240177239,0.15324439188074215,0.27405199183204726,0.030295216926993454,0.686597965042539
U_4695,0.038346532319959305,0.08213542986410685,0.7618286334850981,0.10213752238641072,0.13555491792913923,0.11400951356166175,0.13135262446815968,0.12652573632034309,0.06364459323277441,0.12002296066503407,0.1408305798682768,0.18835247305185615,0.10602603652821513,0.13388144206941993,0.06986450113839895,0.9091242703646361,0.13711349215981367
U_4696,0.1414344163018942,0.28673099358733034,0.1934245987256442,0.08344443407353572,0.09504116813653017,0.9681182967170179,0.1323137884290241,0.1333157555246829,0.22053906419569838,0.06943571448742178,0.0833487547375455,0.07285307836835145,0.21747131296309158,0.1935010025434012,0.11257923613101736,0.035096277372536414,0.17133426733403317
U_4697,0.02416796854208078,0.02576832118447841,0.2800165665769684,0.08406403864502647,0.14418340876929395,0.6931177390308874,0.14827996621092843,0.11623266490403017,0.27411392346461844,0.1822258853599865,0.20675788215737062,0.7846001263118653,0.06698632511655396,0.09885327948535352,0.022428314716625534,0.30599323474294404,0.10855491365257341
U_4698,0.057614086442321404,0.05815229078419207,0.39553471193487044,0.1246405190300013,0.13382576151298567,0.06291888326931117,0.124876124597984,0.14060007729373336,0.2867651667366887,0.5047673341159539,0.08930187986138594,0.5613524916092869,0.06556137065188133,0.10536139777477338,0.08184673424648745,0.44326704226509117,0.14341082157540497
U_4699,0.20220200887419282,0.23140743736708766,0.771814281278138,0.04123748170014268,0.2956299157957861,0.30184100036306916,0.08157635625529155,0.12475483257942893,0.04422178918475099,0.047332100578852336,0.044928151277604605,0.04816431127417006,0.12660178548200055,0.15727965037773076,0.2224020227219589,0.24990964383947362,0.7053720459232189
U_4700,0.3103115157850209,0.2947466026995186,0.2653596228604504,0.05768999708054448,0.038872483228858744,0.200111448048631,0.0762564007854093,0.1279145948507054,0.04972196809672749,0.06628958002271176,0.07113076540249585,0.8742450603635932,0.1311971547690865,0.17555049666893743,0.39769517813492544,0.031246499599592113,0.14301370590694096
U_4701,0.0535022544469604,0.27933555787737296,0.20156121855909487,0.08407645783513013,0.14413025780679883,0.23680645239724074,0.17608148769308013,0.1593862820368464,0.3420776490990992,0.07336131370445181,0.0794806705113375,0.10112933671759561,0.1803321814178941,0.20169873736231936,0.06614451132843582,0.41083590151035637,0.17079626080358426
U_4702,0.184366044693332,0.7605498361630192,0.6711702562209065,0.039635028198500594,0.05173198762620962,0.20997823683948638,0.10829641432333478,0.09965413727425072,0.24362745780852874,0.04957482309066304,0.04984064473402487,0.05880763457799749,0.13670794123306723,0.1385771156442446,0.2182627600825417,0.03907228445293828,0.626710302429218
U_4703,0.07185488971726633,0.12914609853820963,0.11359978101146628,0.14298831567032735,0.16690648722224072,0.15363729822735828,0.6189618637361411,0.17163973426179807,0.08567804738877881,0.09542812937232867,0.10441294066127331,0.08030201057430025,0.10382043653117845,0.13070835538651127,0.10727781321572107,0.3612888828798168,0.7260697280356663
U_4704,0.28386067200264276,0.7326248281524331,0.24904969359952597,0.04301060267971939,0.03191289784918515,0.22320659401956428,0.06986741198503787,0.10431914492521127,0.5233945344677582,0.07201995073396644,0.05436982983637068,0.07686911946908209,0.1213675134048594,0.14710301729360978,0.20235972490185022,0.03274737927046169,0.5797516917192913
U_4705,0.4949543351842794,0.4415792157608758,0.501302210469052,0.033859815909746946,0.07736137054121743,0.4359126512963458,0.08353768212621204,0.2157584629363452,0.09017776685257546,0.11735794839398034,0.08564569868426562,0.08400601051157534,0.2257114755931742,0.306965921595595,0.35241583109625607,0.04086315511919994,0.22576250770194792
U_4706,0.3110804384115651,0.265192227867202,0.2796888700778108,0.041698621697821216,0.034083048260285034,0.12139355737652481,0.04913932576014782,0.0996499087040649,0.07774578095863621,0.04575820505142386,0.052417944899787496,0.06412354248255818,0.15463744646473374,0.7478323693935482,0.562406625171022,0.03270488619955476,0.17969905918745496
U_4707,0.4350415638487468,0.3814877595183992,0.5070376129021935,0.06123810513043078,0.07713227079958315,0.3598166521101234,0.1369305993421025,0.17124571242797154,0.09075192940729922,0.09623179336170941,0.10144122586469663,0.0882777750171888,0.20815607456063698,0.2312849023715139,0.2708079409254248,0.0433114823345037,0.26434415854106014
U_4708,0.02588352690758,0.027195303066856698,0.4983542078295562,0.07639215918315506,0.12575784925252848,0.8476977090956943,0.10267220171263158,0.5544279285779928,0.06273654477097432,0.10916199493023182,0.11083605689989845,0.1671391400725446,0.09277973784787959,0.10755006677622453,0.041826445239465465,0.29844650545676304,0.143181559519033
U_4709,0.10187286233503376,0.6304502198733923,0.19540900648171322,0.08420994288072531,0.10605035217178732,0.641339217908469,0.1624964774399164,0.15350534780767347,0.21387183536819324,0.07495970088354789,0.08420299333814552,0.4612619700425927,0.17037937278378193,0.16919365487949423,0.07393323729270862,0.03845338962461087,0.1579280033581233
U_4710,0.2920335337493121,0.26037594910605816,0.26119603151814097,0.042543506720333496,0.034383670220510316,0.9707282995742181,0.06168648231119473,0.1111401804436068,0.03919727390784427,0.07953514272910849,0.05051701606159639,0.07150689585410669,0.1495542157994219,0.17352400205155286,0.2733943452531783,0.04249975463081566,0.16377500480112617
U_4711,0.35541527958520347,0.2983187725344474,0.28949451010125365,0.05442214716494219,0.056679818587121296,0.8607230730570051,0.0833437604747092,0.10491298978875045,0.05312351690651546,0.07478249207656792,0.08909678519196201,0.05435597687018362,0.18525442411036339,0.1971945364146141,0.335776792109541,0.054249693744174474,0.11446447022158454
U_4712,0.3450356994186635,0.9015422982812253,0.26710745622188914,0.05114424493035798,0.05608890973302504,0.14741191653810506,0.05642448950267416,0.10418362631919643,0.06304319864885932,0.08459593754964656,0.08868410241210489,0.0809574886395795,0.19083400070225615,0.17731382021040487,0.31087307986829477,0.06143654036464914,0.14212883521876307
U_4713,0.13447930320719848,0.1976565563417425,0.6178255107411376,0.05952242272373529,0.39051626666056916,0.456456613769873,0.42748510452889843,0.2552064934884766,0.47093731985778753,0.3129722073643725,0.08137313863788903,0.08575803209259343,0.12714427804905054,0.1380459546906663,0.06807314570688099,0.005300675311714906,0.1563560353886227
U_4714,0.3569281418027432,0.31641119336055434,0.3148957013960896,0.05954207296915752,0.0428662190645783,0.15161448460184512,0.07603861104129811,0.12270147713885954,0.7029142832712884,0.07458649604450013,0.07349955586464803,0.06395067683616029,0.14584268227718566,0.30545279812050685,0.28813688830151346,0.04285016956926613,0.15301088898992338
U_4715,0.24217735687952674,0.3831494722964219,0.26467771423164876,0.0444948461691889,0.3253051496355296,0.1504111759044625,0.4825095558115209,0.2651407123122588,0.3431162495454122,0.2372494809668956,0.082821530609804,0.4995691346636948,0.15687843653342454,0.1689041127212916,0.0983949689861202,0.030159324804678034,0.1751290156679259
U_4716,0.3557682232880912,0.32447479766995413,0.3223762856170946,0.06580760066680856,0.0677225689967364,0.18045932705560858,0.08719747329107252,0.10148253079402346,0.7502576197336678,0.09727832369807521,0.08644085201014842,0.07109259890205472,0.20368232126674854,0.21683420189784589,0.36462326479229157,0.04247751085026483,0.14179780056712568
U_4717,0.06300000453928095,0.24056839258080806,0.13508126282156435,0.06405303826200738,0.385772272463848,0.12058164724869955,0.30644178608628403,0.11386571768763325,0.7585061738323533,0.43520376871232885,0.07311575024106709,0.08688623069357772,0.1374481841529232,0.15921661387228608,0.07190092061574341,0.036766890575552984,0.14101493541650806
U_4718,0.025341086768989156,0.3228858504189668,0.1568365903654056,0.05000689459802775,0.06845038748775112,0.3468183815907048,0.4176427092562237,0.09651645825207955,0.7207079343464015,0.20939414974424853,0.0625206396916711,0.4631935213567492,0.1461967458051181,0.12429291854442014,0.01513325783803304,0.14462878551514408,0.08911477302024247
U_4719,0.030747889407714984,0.048330610150031095,0.09546856510659948,0.10387045832628643,0.15754617589226735,0.1585354105784292,0.14399308553368786,0.1616645875594448,0.49244815445278317,0.15944022559012125,0.16943630282519162,0.9131700578686734,0.09820650238675832,0.14335130333070373,0.0603511491994932,0.35078870505710624,0.15469901606504163
U_4720,0.08655273245104947,0.10485225224937168,0.7287453171931307,0.13061140257100703,0.13845572502214448,0.10772280042936781,0.6557711164088517,0.18164761244743477,0.05861532164218569,0.05942709717531401,0.07108392826718253,0.06173543105118473,0.11164017372211384,0.15105485733038745,0.1428386842870126,0.40056193378700633,0.20655876599246578
U_4721,0.5218662205641591,0.5431966856795979,0.49251614026147367,0.033874055369881195,0.053662782269051815,0.44255876989511533,0.08654494428791365,0.15124068019954648,0.05765589521172071,0.08850948325520452,0.055104130635775385,0.08489588609620155,0.2256549646314433,0.2669813124528182,0.47025502221457915,0.058617190648901085,0.20414653243552436
U_4722,0.028863844406563997,0.061417556370911355,0.7659513189008399,0.09057308716506328,0.14508809325928632,0.1608360470458781,0.13800191811416387,0.1244290587699945,0.0929989495158965,0.1884830685701413,0.19195033706329126,0.16726484668393643,0.10763015611799528,0.1331457591715534,0.05917925485064279,0.8906770379686096,0.1314282524213474
U_4723,0.26439163210054967,0.24667997056218327,0.2494620996584991,0.04878156764060129,0.04039497105384591,0.16011444074801945,0.04255648722989652,0.10276500768322047,0.03404315977965552,0.05407837384022665,0.06250285562396024,0.05994708899859566,0.12970892574413678,0.8189296615844237,0.5698615852981548,0.3394582063157399,0.16109625673567898
U_4724,0.19274030743452336,0.25033146010470964,0.20015132668605148,0.048234644098383885,0.4080139808027389,0.4614974062585878,0.10231223793920229,0.5707669352947855,0.16417771288805777,0.07527572579700756,0.06942698059133873,0.4666502569203568,0.13842104612631853,0.1545169613064607,0.10681127788468378,0.01657391347644625,0.5464737256380834
U_4725,0.08604073315022188,0.12904767986239724,0.2500527698405788,0.10099506955386667,0.15039475999838636,0.1640214978612259,0.15101173752721958,0.16207878860300007,0.23885755953930876,0.09084313027122512,0.09967261066882034,0.8926250638310558,0.19072505217516467,0.20729017153739865,0.10044615346965141,0.03699639835049873,0.14852495588148215
U_4726,0.21172252577962666,0.411328511519571,0.29720805196178335,0.09049365047402588,0.14008255684142312,0.3834473188026682,0.1595800380073656,0.18441403935123885,0.17159916391725616,0.09621371594528914,0.1104812644494864,0.0786934899256995,0.34541273412837276,0.3503347622074834,0.17331847215468427,0.04531730285594927,0.2256180857224988
U_4727,0.27210710541571476,0.8924875850216096,0.2449248400103337,0.07022076724767577,0.06317351179614993,0.23453990813465952,0.12830482306286947,0.12291145765180814,0.04832884376687907,0.07083907620933573,0.06835681147322184,0.06689950631107092,0.17266933231678416,0.18335938049025063,0.231843668576436,0.03986598214772008,0.7169583086289877
U_4728,0.046649025256989086,0.06776422690840536,0.12950844374274986,0.07706898907151824,0.21054098989568812,0.1765684480767089,0.12497147378944592,0.15503284118019311,0.7816058220673787,0.23266205315629745,0.24188377169251093,0.23415270368738125,0.15566195311585582,0.1943993093980897,0.05958480974787672,0.3504361610091664,0.20396337019503102
U_4729,0.22974814301661578,0.7902097710453868,0.24340927322727998,0.05253170576005435,0.18464372724786954,0.44539643214958197,0.1885336875856472,0.29567928492277534,0.3061718155280943,0.16391374224431637,0.07186828825469987,0.06235318472633131,0.1451047504562849,0.13522484826101935,0.10229819140769798,0.007715646919788542,0.13080823297977157
U_4730,0.21672936698876194,0.18594441378143006,0.5027281235828105,0.036373020029525395,0.038456669266765595,0.19530550957076614,0.055910110578970225,0.10946536749075989,0.4425595275548213,0.19419062897236453,0.06090232669859047,0.06014504264129586,0.1203133122922997,0.5720079060497163,0.7578001366926489,0.006561316030067441,0.08816666244003024
U_4731,0.026992821611963334,0.09291257163061023,0.6973104939340687,0.09676827248516998,0.16575446052978135,0.16318417805488541,0.13558410716268224,0.12069593890525537,0.12959134361345404,0.14992093704271325,0.1603180121826145,0.14558163803417384,0.09819079797511689,0.1710339662649235,0.07272284321660877,0.8814526262398695,0.19497376336185923
U_4732,0.301854725077417,0.25362194856162296,0.26362536044050355,0.04788929680866961,0.030138433283208463,0.12190861534626463,0.04357581457523586,0.09124193014152918,0.14130673043308184,0.04482511192853036,0.058799057162432194,0.5232087905441505,0.16216544747788186,0.6476035234674762,0.486014480361422,0.03165645607345459,0.15846376545010815
U_4733,0.019522719606053812,0.07684756793861816,0.12050630676334223,0.04770857828792503,0.055672508111116445,0.7385033876131215,0.19244265655735557,0.1002732123007652,0.5451625964734793,0.04916578775982394,0.06995411170627674,0.5788337633267169,0.16640965178845274,0.12929674566516874,0.03575647161865599,0.15237528012089807,0.10705576050662748
U_4734,0.03864435139107221,0.43899692311846994,0.8596760474995984,0.08042852020617536,0.14822701495527252,0.12709746300337588,0.12859974517594866,0.15055752475569342,0.08047279526644678,0.18372702690527742,0.17857428509870155,0.20542853998649946,0.1314025371259333,0.15506483906729296,0.06476077138008411,0.35821831012166105,0.1616632893771592
U_4735,0.11076916595229022,0.6916232060032804,0.17954983388774393,0.05015446906945603,0.057918014124735205,0.21976051956362216,0.1542766033426935,0.3463518249859474,0.31855578844459626,0.08286246587606702,0.07188718270737281,0.06013153108749114,0.14820584899195946,0.17474386038021994,0.0767874080215176,0.4274951905423153,0.12519318843220853
U_4736,0.36483734833939374,0.3192941458962868,0.33102654264766007,0.05500073912920202,0.038592693102842086,0.154539730413016,0.08210913311005187,0.1141644510246619,0.05588926212962387,0.07284960336840718,0.06938320866666232,0.7582702237860247,0.16622479951358,0.20516212200832756,0.3117874961997698,0.0670505920016512,0.16706086770124598
U_4737,0.03579607129856181,0.13474184466619438,0.5213738143492558,0.06985841251012136,0.10173670626521925,0.7558940425222394,0.4536857693863012,0.2631936658135434,0.533229777303829,0.06569882031590438,0.06032631998945308,0.5120763485426479,0.13955909976744332,0.1398412697761588,0.054563201883000755,0.0009858485563837577,0.10642715984396453
U_4738,0.22516160930321022,0.24134349892457316,0.2513743995075316,0.0434145612072771,0.04701019711852626,0.6841306934591904,0.07925893217839541,0.10462650882283892,0.7115037788280092,0.055820378409075805,0.06115364416611441,0.06899249524446928,0.1285577009159715,0.15050526335917744,0.125263741103116,0.030201083499861846,0.48649959522410574
U_4739,0.058537653555385545,0.340268652388259,0.07522457164352231,0.1221812207518218,0.31416243745494393,0.546047668590616,0.09626661525301043,0.1395838382965909,0.03443773292006979,0.07136349191242689,0.08278500488626783,0.06121410550739945,0.08581543259388019,0.1283708137392412,0.09241899003972211,0.6892496736210165,0.380829431258246
U_4740,0.3327659054493888,0.6111995752987552,0.2623452732633195,0.03964717821805124,0.10483580463314002,0.1098074485409419,0.04322754856259608,0.08748514288428023,0.0329807775009721,0.04812438023628545,0.04938122426064609,0.03456715936639508,0.130177908124488,0.7032012452818996,0.571370472696139,0.04379311022479965,0.15616146507248296
U_4741,0.2181485454417942,0.1956577187113036,0.6459711090039151,0.0365580081081254,0.13436525249447473,0.8367680206345345,0.5283541003131954,0.09323723052369906,0.25328011889268665,0.18568615275835842,0.06303021594935473,0.0805580071838741,0.14375336947928516,0.13942412852050662,0.12829822388161166,0.004885113059745315,0.13721320365229916
U_4742,0.21857400973113345,0.21024891976807664,0.3998774354670436,0.028228953355808405,0.02434860939287031,0.6978799486302703,0.07163316712610361,0.36389877292148065,0.6117738434865653,0.18389763023886913,0.02499542681869797,0.05346159979905464,0.12133783681490215,0.13636618112054408,0.217324792168682,0.08807115611389897,0.10769955336994717
U_4743,0.36662686695803415,0.30992158603491204,0.30105593413043563,0.050371496890427234,0.05737881138275634,0.9044936821842503,0.0807703422314475,0.10144555842560854,0.047404696976015646,0.05839429155220303,0.053706910579016914,0.07332615730702265,0.17373582922673525,0.19469305056054742,0.3081447781589181,0.03484503560070176,0.1746633706660197
U_4744,0.2404937594364268,0.4501117696687208,0.2533783957826431,0.05159032608992067,0.049506441317437117,0.27260351347697953,0.12374407801324273,0.12942429408730907,0.35729654136572064,0.0598146772092938,0.0374301396933238,0.04841848439380199,0.15034907959698737,0.1549650949261838,0.18628909468637117,0.5856327414311128,0.16517289043022537
U_4745,0.29515508895234976,0.27694228833662937,0.2671637001576164,0.05231748527712368,0.054675325111645856,0.2334648228041366,0.07800679941413965,0.12211185920924239,0.048317930558500595,0.4676410252023069,0.050515042333713615,0.5580935304641035,0.13592574158503754,0.7593515534209131,0.29946523306073475,0.026527599242762108,0.12606446975065755
U_4746,0.03353764183746171,0.45793791315755766,0.09778546621936182,0.084105303928875,0.13538554099120464,0.08196798725692196,0.10804858641436746,0.12110431271038943,0.622203569216143,0.45554845480835937,0.20041515521636571,0.170863624872021,0.10153245686674917,0.12879197913237597,0.04667074872135542,0.6301666187798256,0.1412007661603381
U_4747,0.24025504439085651,0.5801969751450182,0.2168603624246659,0.03332903588502456,0.38902700561655135,0.10857848152196661,0.0828722048590379,0.07054059358836207,0.021207621473781677,0.08461131454395865,0.03550134813257705,0.04813804851303922,0.10875889097271035,0.8260267754294051,0.6121428561508544,0.03010853756217647,0.12888962363694975
U_4748,0.3526952210207148,0.2964104984146716,0.29522449684072194,0.04989008997682434,0.0408715454132718,0.14763058636373141,0.07673309918834012,0.10852402042023561,0.06116600535111639,0.07716434720741315,0.07327384767711824,0.9108404577653326,0.19384636991985937,0.1856450816280122,0.30304882788725007,0.0637594567276136,0.14088891457846367
U_4749,0.29119175486174737,0.3321358972537263,0.334401291707166,0.05756800299792147,0.08798148221790249,0.25956987825763683,0.3110750791865123,0.5187881034144113,0.14970356248557815,0.1253765613574752,0.1097102248277186,0.08185355008556414,0.1891632245273332,0.19288503216319147,0.15949539280468467,0.03482562300823263,0.19981326847393477
U_4750,0.21215534089595103,0.5569274675972438,0.7433557410286107,0.028295793546087092,0.015094904792955222,0.20053211596405646,0.05435642311514048,0.07759523211893155,0.01564184346227612,0.043424351901465735,0.048063985213945094,0.2126224622812866,0.08879477231748635,0.8133767926914813,0.5535097603535433,0.11535954924290424,0.07867579606981007
U_4751,0.20427986332159803,0.22795493673130213,0.23015243364747198,0.044292269090326776,0.04413568059756587,0.8467034125016686,0.5290276667991249,0.1141589111006341,0.05781714243282077,0.059553378329261206,0.05906414500535087,0.07008066764765278,0.15058615665282998,0.15304489086390283,0.11241698332284306,0.02341494262585813,0.5231094815789402
U_4752,0.22721691231994906,0.21877904780007923,0.18104639780307857,0.04574968844120725,0.047318640460518153,0.7113270999050744,0.0810511374933396,0.14101924510769293,0.6687619974542437,0.06510047866268122,0.061662608280163705,0.07699169822387365,0.14652495715298136,0.1593046075982628,0.135843105914523,0.043927131953343634,0.7110952769924865
U_4753,0.19317472742200273,0.807101414491415,0.2039137209127162,0.0396052738510067,0.27492315893342567,0.6369360243688006,0.07743398885783506,0.2794249339272896,0.09374280263510622,0.0666952275650097,0.06328317901111155,0.2965050134412558,0.1395881385073932,0.17060643108289564,0.10419353029462293,0.018961819520087443,0.1363771626302931
U_4754,0.2524728325146514,0.20976293421890957,0.7930446039475734,0.05808015817939933,0.3564503452120218,0.6833321174191449,0.0655432929890516,0.09334322622067379,0.032833913376085384,0.23835293384832917,0.05493445343014464,0.07147443048818353,0.1423964052344171,0.16056054511649648,0.20759813519547188,0.02795705656354231,0.11098943259767177
U_4755,0.26683135984628903,0.26675538231087603,0.2813590635564899,0.059631727897399664,0.06341177854547611,0.29166682707452485,0.07782392822385148,0.15713348229573396,0.14709637990646146,0.09421111334161955,0.07154087778265902,0.8986007474454903,0.21654655277381546,0.21605215449290155,0.18808475151630466,0.03374210916611623,0.18868029284168694
U_4756,0.03290941675328294,0.8296548134401055,0.1835709909124255,0.10768124205759295,0.16837251568055817,0.14050711375760627,0.1001239382403965,0.1469858187266956,0.12238117475497437,0.19045138458769026,0.18646978607318596,0.1561045582274288,0.10225389195270387,0.14975310401054298,0.06463266916535473,0.706282618437478,0.17063034075742606
U_4757,0.1208278713925725,0.11040273682466158,0.1775097978506208,0.03488237043006537,0.06555894098537315,0.20409557867626563,0.7539722897193846,0.1164322270307922,0.3182221525220927,0.05511799462531348,0.06330452105423445,0.34545906419531386,0.14358978897750146,0.1354837820205948,0.04013164737144755,0.19204579014245926,0.29686763235267116
U_4758,0.3409949952337003,0.29849300622582975,0.2929484232743718,0.042759783461859234,0.05018208999290481,0.2822800702415508,0.09756041096277226,0.5809566533788536,0.055254985115153935,0.6234292758111577,0.05825768933184096,0.07184185283524823,0.1522890526787014,0.18065891187346717,0.3143405947449744,0.03835706204767275,0.12151351088153253
U_4759,0.25692042327956705,0.2764246434938523,0.245785332301602,0.043416346171536675,0.04968079828713113,0.16632350174486632,0.09061784170997997,0.1240764264536039,0.15090459456498367,0.4086996329109308,0.05272196794481958,0.35994422279824434,0.14107967615585998,0.15516915012063148,0.1337262010238704,0.525714556890553,0.607207718658537
U_4760,0.3262663806153423,0.30075609059575437,0.266427752310573,0.04416312169464094,0.04128366078380185,0.26518302697494645,0.06964549213330429,0.11882764148385747,0.677806362725621,0.06641513466975034,0.04933349475369089,0.07808464533753844,0.15939716881664304,0.18019211309376565,0.28880611174755966,0.05250564764354144,0.1527377924490772
U_4761,0.3557598926030846,0.2985459787299518,0.2818472459795482,0.047388930387592634,0.050639295834301365,0.1466078114923876,0.08404324167437244,0.10395443666323373,0.053547834616389,0.060356858439945676,0.06497160278625816,0.8585473348501332,0.16374087066654353,0.20351635413772873,0.31612164579883517,0.04054473917067329,0.14853383551364116
U_4762,0.08969013355624386,0.8285763437406874,0.1854800484913657,0.06089356018878402,0.08381840505300997,0.5725194034904121,0.11499153919728672,0.12468453975748692,0.6081331266911272,0.08717578883368901,0.09404950954772212,0.08947426968393316,0.12034183616067315,0.15152433916868502,0.05952904685146658,0.020405358573609023,0.3054070352903009
U_4763,0.25857394616768903,0.23862471535582172,0.1819273484126902,0.03773622016966357,0.03061155471492489,0.8372962397715014,0.06675625756308427,0.11780923381711084,0.6090693425615418,0.062485309937695646,0.05205384617765783,0.07947502136732187,0.12175278676920075,0.15163237847178904,0.2163127018370087,0.049122277620982535,0.5871277386286298
U_4764,0.040544599962147376,0.05103218343641491,0.11121249796038557,0.09931376290161059,0.16656998210909035,0.7328324830915299,0.14821230293231535,0.14684259265624683,0.09977037107876296,0.2028355396750966,0.18423505322258316,0.19675872206276737,0.13161037381533264,0.18175057074163084,0.053388725317832446,0.3889015928602642,0.15729104301903465
U_4765,0.29625020571995286,0.6478826928211308,0.26250246996787796,0.04284573281932037,0.05484499312860213,0.5546579774965453,0.07211841661900233,0.27970914197221064,0.19885904915713004,0.09553173545257161,0.05521453647143028,0.07588942966140846,0.12062121256606141,0.18232939875117682,0.23439410145450384,0.03177231173098581,0.1309290730308133
U_4766,0.5819766747699741,0.38308594625380615,0.4442883553885961,0.0834583100955861,0.07460502092594817,0.23332501833419933,0.11085558655374261,0.1305840761116556,0.08100839460176669,0.09418870997931375,0.1287356243160744,0.08637419241074301,0.2843555346207385,0.20705918801298326,0.44839233027824743,0.0467908579087596,0.11747435289484957
U_4767,0.32892479501853605,0.8642663830810596,0.27257246072777974,0.049030636275102,0.06451815854513329,0.239491303912378,0.09980153708837025,0.12158804779778667,0.12662108626667942,0.09194464907126743,0.07165050895418255,0.06921508146769734,0.195553148288599,0.18733382022231948,0.20159721178546208,0.04507139235392924,0.18563594265201036
U_4768,0.07011099265892395,0.1324849824350504,0.7873129544873989,0.1482892532633437,0.17797969520004694,0.1864660669357188,0.14066393538058075,0.14800029379517482,0.0899565628504388,0.08674383019666691,0.09173259955930749,0.067292740068014,0.13229899862115369,0.17777361585484136,0.10549871691068591,0.5096307505735003,0.2294042143101526
U_4769,0.0430823378514415,0.352163431716924,0.0941850007092934,0.11361690024882473,0.16879389490635582,0.08851366806072973,0.11887447809285762,0.1618776667473483,0.6610997180840374,0.1622587248276667,0.19487740419751914,0.21799900493077254,0.11133798779487962,0.151276176195519,0.04845056198734261,0.3522899819217592,0.19278927186553596
U_4770,0.16999053643781276,0.1793134150406333,0.781016614522607,0.024395254538509555,0.35092722132882104,0.7566268757570329,0.058279143052378586,0.1015270297750393,0.21369021540142094,0.061203724338745866,0.04114780217696155,0.20260409181667582,0.12233750288361656,0.12535554975935476,0.11986013113785843,0.030867753679814723,0.608541321767901
U_4771,0.32868599584077834,0.9367581881329494,0.27171654870216677,0.05580992370246049,0.04866599006120358,0.1379359458030475,0.06893126034792052,0.10595092086692803,0.05303252397059132,0.06768366036424311,0.082598560308594,0.07465451439136664,0.14784434470789626,0.2123126867162963,0.2958559906098428,0.041371454384901724,0.14519699128923189
U_4772,0.24553574616820434,0.20664751416170815,0.8544155548309682,0.042153664071218094,0.05522722600413861,0.1437609586408332,0.08997539697679299,0.7449598538027737,0.31155247695983984,0.08091040150540156,0.0699185932733874,0.08730039598278115,0.14414620121141783,0.1791673449632339,0.19235814746926533,0.02667105363262614,0.1196802779223166
U_4773,0.28700184513649074,0.29844361987289114,0.3020186297080576,0.05383648482506678,0.05717197950486761,0.31095253703893,0.07987223036966208,0.11883882534115488,0.05347071384665515,0.6997439738017472,0.08767018341680417,0.08508734913747436,0.22469930877921152,0.20261198310430295,0.35446986535140473,0.03827983568989637,0.15093606848712293
U_4774,0.3400879282493237,0.2692037524063379,0.2523986180443617,0.0343308885236999,0.4608463450232928,0.17330596267356457,0.07355029366507251,0.11485040317618322,0.04361692907595384,0.06031612472828041,0.0520148866964245,0.07106927567247787,0.152846313554285,0.17579645911733688,0.28882381653167855,0.5870187616030245,0.09700651932558518
U_4775,0.2956864591401678,0.2625792520711122,0.2660034268518005,0.04154424676492754,0.03273709107076706,0.17428353924888618,0.06361341966307738,0.5396529040412154,0.055518606477383714,0.07688346875090753,0.052304866656484914,0.05089407849381211,0.16192687026741792,0.18672862261633166,0.7141070791145906,0.5197769935504712,0.12490524965841211
U_4776,0.05687070466223919,0.06305384270734907,0.4659173939968262,0.09969005279181829,0.15048022448425616,0.3539117019765974,0.14350410798165525,0.7241099318931061,0.07319008151566289,0.17756651460300787,0.16615583813486165,0.14292442510139547,0.0939482731048212,0.1329572379286479,0.04007043725510746,0.3890311491989262,0.16969150193115234
U_4777,0.2511893956115873,0.22196075771698803,0.5356960857944009,0.03367864324293715,0.030415807374549145,0.24473056917935734,0.06698985270351633,0.088995420794022,0.5500072747749948,0.24846902493128983,0.044865465412769256,0.05104531042490858,0.1202459017769145,0.14411679425530552,0.25354259120597117,0.028904026012692964,0.6590830795642613
U_4778,0.32588594602609405,0.2731805489738671,0.32897052891906403,0.037154938389151036,0.029552758526766296,0.20556325755034954,0.5411613166664596,0.3632088110227102,0.06387040879716908,0.07431708476246805,0.0598987957562927,0.09394234958475244,0.15530848189892768,0.18944576134018376,0.2642003010190741,0.33850525135683407,0.08532120170824173
U_4779,0.385446362793893,0.251248384591905,0.5546140617231158,0.054207815374184606,0.11106951923744966,0.4391159411530813,0.2341490348108879,0.2107573951395488,0.09572020577512863,0.12165963706744787,0.08839937949100943,0.09822980354317089,0.23326512290853685,0.3059606115268684,0.23309577990051902,0.048415834582635875,0.2606675127545548
U_4780,0.07388358909858922,0.17366495298788823,0.24430943306592484,0.09044543696383411,0.1388030938627606,0.2060784511215522,0.1501698584951531,0.721734874117738,0.16949040408041752,0.1667403961798999,0.17699304157647672,0.7930501666462508,0.15399216790116746,0.17900830929729777,0.06626618373849463,0.10050424553528836,0.16876773673833295
U_4781,0.27864463143012347,0.24885435752601334,0.2589815522572717,0.0440362504456157,0.04052841456096576,0.1485797967842404,0.042067457100698105,0.09526682301674502,0.4073789220201484,0.048676029133608766,0.053885036674444095,0.037435496597801904,0.12423597311911289,0.7972960262738736,0.5899615109749864,0.02979463704841457,0.15111154864509627
U_4782,0.32410445645240704,0.2394472737110518,0.6664872560110985,0.042770386498993215,0.030810052656905486,0.11002466619792615,0.23629244050616485,0.09991618112448634,0.03561167334539266,0.07186229266635155,0.05523292213022468,0.515932280117286,0.15162668617980507,0.6178162631882174,0.4620273198304261,0.03590150609702593,0.10994464907530015
U_4783,0.09574843181398593,0.16357302607774535,0.2365096382655601,0.08082959363001893,0.09391496578435268,0.6524306860994912,0.18567716119462283,0.13246489497866312,0.19654102912102345,0.524641623951724,0.06721772089747542,0.5252121654442151,0.16527520399007695,0.15347290377522696,0.09069171741678028,0.025265186862697908,0.14116369629827258
U_4784,0.3776249093993782,0.3123466856107001,0.31383965044593154,0.04467380328944516,0.050026844271653347,0.16111400035370527,0.07246561046445026,0.10274340942617793,0.6756680735692728,0.061579845940396415,0.056418029270569686,0.05755514211795408,0.14855332555064327,0.1810649896789266,0.32760831231763266,0.04988689002786902,0.1491331305732494
U_4785,0.5635429227862723,0.5882112790324393,0.4565635720707332,0.029856498229604327,0.03681731025350989,0.2717618666220633,0.08451777739756988,0.14933817342915262,0.06663964408920986,0.0931703530275145,0.07533250715121519,0.07275040904818444,0.21447984690951508,0.28248373454420306,0.43450797911268374,0.1114712001845605,0.20295964475637407
U_4786,0.20902387781794693,0.22103564321823924,0.9047747881414946,0.0400660195804034,0.2709064074870229,0.2059098379565986,0.07465156840426912,0.3154723257445621,0.3292167238692731,0.08196096687340143,0.07746393249617639,0.39650621662203905,0.15774608138855667,0.16302691271422803,0.1060334219758139,0.02306893345367088,0.15104508031782732
U_4787,0.06841991924089835,0.16736779397785287,0.70147740120751,0.10604358133468661,0.5349644845501933,0.19354717332480834,0.1590283825435161,0.6783987371082201,0.18358108647902946,0.0806669481870518,0.08237942479469668,0.8295373559577088,0.14575846580932952,0.15975626877266844,0.07212346355093938,0.04168669664734915,0.14589905429341476
U_4788,0.2611797552905428,0.19602313103793723,0.2919996387024343,0.0712275783264118,0.06954713834290917,0.22344166296060625,0.1755013785729469,0.6450995454239759,0.06647989624499544,0.058462093802683315,0.05953452727878498,0.07381236735743774,0.1607748793759897,0.18489544866134225,0.16237695501744617,0.02801293881360859,0.8085881353159793
U_4789,0.09055143284229689,0.20024424301555785,0.24399550003488224,0.09308555990319359,0.12114317634134708,0.9226101832555875,0.1558673442332133,0.14596712795197175,0.21298641053722328,0.07749100764969617,0.0891482867139068,0.49678978490321235,0.1991278493926918,0.20860406216414637,0.09621894041062912,0.03667882987422813,0.1523282685678864
U_4790,0.2224834107251022,0.7983714233073425,0.2185607066684788,0.04288142152049056,0.041047052584848906,0.2577750776911927,0.0675935677322754,0.10523255074617549,0.5242991272811466,0.0575966061851753,0.06635288994652684,0.06842106179152012,0.13977988816371265,0.15136985159397665,0.1534310827883883,0.03069313881686124,0.519187945298079
U_4791,0.3699678673660606,0.2888940262246469,0.9778108799782335,0.04775694982999597,0.04508945551174899,0.15846463753351323,0.06437452755875603,0.094047137075806,0.05533845582260021,0.056339248898631365,0.058343551354662,0.054966410316614395,0.1649627099675484,0.18052120228737353,0.29887142276401374,0.03857786880374342,0.14609391683053974
U_4792,0.33825758877744994,0.3052244558835224,0.343747845208511,0.044113941016250935,0.049483210716848594,0.8901607860108394,0.09043691912347439,0.13287043642307614,0.042906645728626486,0.07247641250290411,0.06429420674941022,0.06561046708558951,0.14504237723418623,0.19957974737412768,0.3456003896889248,0.04629430394157799,0.1821540915865768
U_4793,0.5404869764967972,0.14646852456535722,0.5965006786779548,0.05279439750164374,0.052308807176773296,0.16821106717583154,0.14271516693995362,0.11807589733225693,0.1506109880940332,0.05871344017907804,0.048417562223933806,0.5023225059195735,0.1398396828190171,0.13000372629001164,0.08047245958752412,0.4759217838598243,0.16008013541972088
U_4794,0.5217008225377946,0.4280187423861362,0.551130762872715,0.03611353039244781,0.08105762505336103,0.4081156003323837,0.08485645255043106,0.15639323686887335,0.0510722541512022,0.0833759237371298,0.05791468692523931,0.08067091665198906,0.22988883689233472,0.2743237412448394,0.4929446941194626,0.052466891716188666,0.20904803500259653
U_4795,0.07221985615603743,0.11175555035118591,0.10177743220718061,0.15874325298685496,0.15824728436070754,0.10750775561607533,0.11389226532924392,0.16888211713185364,0.6473252942874936,0.09115323606417398,0.10046454564165827,0.06364486776924498,0.10131889739275365,0.1272657115420094,0.09750713796507782,0.3732050984537918,0.6532053570253226
U_4796,0.352463224305119,0.2815812355325428,0.24907315508703062,0.03467394744174671,0.03443913378901704,0.2261664404099734,0.07228403197900415,0.10482803467474106,0.6955016069351849,0.05011918610522641,0.054995280925048955,0.06483948650941748,0.14179347032829948,0.189287633298278,0.28202616185501095,0.052507209092033616,0.6415701946802429
U_4797,0.2609829281054093,0.24775858969023118,0.25058780728745955,0.03188930302128732,0.04502916485799679,0.11140468577789954,0.21144059651389757,0.10675961129091123,0.04654088119623037,0.04809791175567174,0.05584777675007085,0.0561860988148227,0.1249434563667354,0.700046115113419,0.5937856961555715,0.04553962029349565,0.171538051483831
U_4798,0.17447355651378957,0.25013666205435636,0.925301431414985,0.0498987423166566,0.060440873694643946,0.24482188670735228,0.09206665727805657,0.12885954412419484,0.14691047191809853,0.05486101108142839,0.060785041613467566,0.06422692147705243,0.15136685805213965,0.13873719538774054,0.07735065605117299,0.033445284423020034,0.5623278289497037
U_4799,0.155955277562199,0.47925723691797384,0.4051244559614024,0.13540652216615331,0.17664645582492028,0.2831849822099116,0.24428924282447967,0.2525341383120193,0.3713871176876257,0.131832058735953,0.11039173347883707,0.1201743519477757,0.29336768720659495,0.3116180008180114,0.14322290603991775,0.06421170020977711,0.22600035976042357
U_4800,0.2993468217127331,0.28967411272212856,0.26901690573511755,0.062613997372545,0.06125764243161807,0.30346052927953154,0.06953082209292927,0.1389134908028147,0.8063740220392646,0.09884058309380553,0.07649965799473038,0.06910010408099161,0.18053850457444773,0.21133416251978976,0.17235755679895373,0.03581101948410101,0.292731550716973
U_4801,0.11309445328110398,0.18328928083005608,0.17558859531116514,0.09690534768304276,0.10309632911074376,0.19098155473130007,0.17328207166564313,0.1583866412158063,0.7162404511618979,0.06625831575782705,0.0756309551815259,0.815603585859032,0.18529159769074172,0.17490636836859658,0.07569822557770961,0.03705509475444106,0.150378306671354
U_4802,0.2958058366983253,0.7590537670866757,0.25565145220121727,0.03848693945092317,0.033677240137285985,0.09450233223705666,0.04480529436439283,0.08802974289592055,0.03488229052659945,0.04210909232480883,0.053471790614785755,0.04035598992192245,0.14130549703146886,0.7405710989104946,0.5189932884297472,0.03321711337787241,0.14300439729927064
U_4803,0.14355032759866848,0.268321014957986,0.9136032416965449,0.06561967180520309,0.08711158530062775,0.22379650995108652,0.38775912978631516,0.14836205504394595,0.1717556864595827,0.08827115670713434,0.09386715431861282,0.0778822201940853,0.15845319188411822,0.1807523961259443,0.0818484129855224,0.057525005308309875,0.17173490882641343
U_4804,0.06298590647919353,0.11409564724453974,0.11225352428727552,0.11731578454778892,0.14330035211067937,0.10778519192461149,0.3227501283557613,0.16059299079319744,0.560828769375302,0.07672569707681401,0.07823015562543867,0.493787700572033,0.10621262636941652,0.1558736161961327,0.13821162956031996,0.3154418067216994,0.16721356359020081
U_4805,0.0621892628185031,0.0699838494130186,0.10290810277847579,0.1301954416531176,0.16943268085608265,0.5080280940089563,0.46383465314313654,0.16450648104525734,0.08188835994445087,0.08899339672641185,0.09192490336367133,0.08922485348939041,0.09139387352980842,0.13202020489386573,0.10446627209885777,0.5435764992379325,0.16938469079735619
U_4806,0.4984653716914945,0.4792230432887111,0.5845313387361663,0.037062821896896206,0.049433909709218855,0.39886794137143394,0.10051921401275864,0.15803757942177335,0.053173244647898285,0.08841771190985936,0.05235793091094214,0.07186783531552714,0.2062290235727367,0.2772016877892568,0.4639613513304623,0.0517244404916772,0.23186370577158347
U_4807,0.060879875143576304,0.14208752315786866,0.24186674472503805,0.06698835834821287,0.08267580913043886,0.659834646582987,0.15089306268541966,0.13253019620738485,0.5297660790823004,0.07027607158199238,0.07024055711945035,0.06806825741303496,0.14237242763670324,0.14141227713874993,0.05667381425870174,0.4843987007387489,0.135759348294426
U_4808,0.5475486497859146,0.46405789574126644,0.5378947107652583,0.033209046786419866,0.04975844429011771,0.422803036187009,0.0856439837683766,0.15449512589724457,0.053805955144988815,0.08967283712196814,0.0553372179319309,0.0774751449414174,0.2228767411096397,0.28240451745523615,0.4922131828643901,0.05283248182817567,0.21845330796004717
U_4809,0.2633910412542223,0.20002519699203294,0.8163806946264673,0.0394906182158603,0.03140564774893495,0.17925971425172937,0.035994961313172806,0.09093057920140839,0.022473960958444908,0.060501904045679955,0.050769474362813344,0.031368549329208587,0.09837727317443114,0.1386412718745642,0.85105461851234,0.19079819537810308,0.0857662570034142
U_4810,0.037997957006015465,0.21702506564791013,0.2298136256532805,0.152302531516169,0.24986600076728605,0.1498795945668904,0.14894467130105238,0.20165803996318266,0.15421295885549785,0.22552773888302552,0.23547421672104618,0.37226095826017613,0.22743770062022578,0.20755246544308836,0.08492443621319379,0.47126219983893947,0.2367322029852284
U_4811,0.24721348471798976,0.24689133954756276,0.18811995624502292,0.04975787992913998,0.050152664429163954,0.885388539818433,0.09924969483788808,0.1325325550825343,0.07491014582296265,0.06107487034392157,0.05563029772440319,0.061875748850512835,0.13973867946992755,0.18612818486989352,0.12664284671180565,0.03898967361617192,0.7123744192207271
U_4812,0.3741491310833531,0.30728380946162903,0.2850085248825617,0.043301265648465315,0.048438592092151095,0.16367645372161116,0.08832230964402088,0.10189374758330816,0.054648759611663586,0.07184164694941744,0.07054925227476218,0.8637618032304878,0.15935666701493834,0.21075272882387963,0.3188910395184572,0.04582795947670501,0.13928590412141678
U_4813,0.1633171866188567,0.18786931755142308,0.25952187959406847,0.08978576744827334,0.09755526655210463,0.8904130757642017,0.11611960100527383,0.15590461118706295,0.135949650323353,0.0646898585423199,0.07607225976514966,0.06761415075202204,0.17428978378472074,0.17833060862112338,0.09896451818922812,0.024198181884737813,0.6935986874044429
U_4814,0.02809471651003178,0.02198980239620931,0.3953900673472288,0.07806806014552181,0.5580401398527,0.7379827587039567,0.10618105030116712,0.1320626200038556,0.2436678842308328,0.12350044093095411,0.14185268908588541,0.4798400108087599,0.10353235812027566,0.12686262498247422,0.03593464409958918,0.30991683343851983,0.1512212200261709
U_4815,0.22629327076164685,0.4318017335244053,0.4528423568130886,0.02492604496926273,0.031802275725228125,0.3909198492596352,0.1863940529191506,0.0819386246659038,0.13286510282961872,0.05019453580514711,0.04209247519572995,0.06959252493820481,0.11516414515983256,0.14324168045457808,0.2300683096100338,0.10646881470792,0.687797626922726
U_4816,0.2417092768633287,0.21155908223771663,0.23399264344770804,0.038809575159597355,0.17951418113831458,0.14454319919559117,0.3865892468531916,0.08557009962368825,0.028890709332448836,0.060121366272184014,0.036546180225568124,0.05736633855555786,0.11569202873874834,0.7731425514246779,0.4732869180323779,0.22833652650612996,0.0880114556962531
U_4817,0.30392394403262574,0.617352420443925,0.27578735773956853,0.03622556182887636,0.04619790207024212,0.2340265266648382,0.05822618120734079,0.10563208129516446,0.04178665353442481,0.07543914041662789,0.056194763650350886,0.03710654028319531,0.13143692659304454,0.7480146589979093,0.3379621063153047,0.4546123418270038,0.1281151782044771
U_4818,0.18177957472283884,0.2377301220917684,0.22166565179776326,0.054683851589285806,0.07210984955051793,0.7720780832353091,0.08531901626456762,0.11187932422709113,0.3572962416539648,0.529520346523529,0.06810414439418273,0.0754714845574791,0.13345061128915625,0.14470348751864093,0.11485229733933713,0.04163382558782734,0.1373970876717076
U_4819,0.2898442286003727,0.8360425192614812,0.25663840492753953,0.03829640704934686,0.03840472979223946,0.15716820686566457,0.05560542048954947,0.0916322193975422,0.05567934636726253,0.08042676293462898,0.06113133257854301,0.5998567815075126,0.16435216819123413,0.16288521937230827,0.30469411898266857,0.03974831242538596,0.12077205763319293
U_4820,0.35069582062700366,0.30153104489401583,0.8897928560950941,0.05222026483258741,0.05422459640760648,0.20155420776563557,0.09798597199048671,0.10164585514194681,0.05114970855770335,0.056807957299658624,0.05207936514170218,0.0722317546293067,0.16978057302773067,0.17706270701960067,0.305349578765787,0.040043988531883165,0.1502515663518848
U_4821,0.23183288883108016,0.8087399087007767,0.22192075750571436,0.037203070970049004,0.26889288037390136,0.23985541231237612,0.08764073971822584,0.2720628259584641,0.06551056533976475,0.07255337501465885,0.0630597275785919,0.7427969832717527,0.13673159906728946,0.16846161663908393,0.13547905861034115,0.018256284101762527,0.12802775036637482
U_4822,0.02762018702323926,0.07234958818482948,0.10760371382689285,0.11695781258150673,0.27691429162482684,0.1775307878188046,0.6362104923653082,0.14326109268011902,0.133156649850462,0.3054623312242766,0.29765652098545414,0.26580750333837677,0.15680731857803976,0.20599714719819345,0.07037004044692433,0.41417988299035535,0.19544269368273248
U_4823,0.12348722480298643,0.18611375516015188,0.1707729330157391,0.08719242126396026,0.10232504583967576,0.9441258948236104,0.1362165197316365,0.1453406644483894,0.1659169995320695,0.09048047255105181,0.08818822003920951,0.08215216430881744,0.17270118905130838,0.17639967820442493,0.08746515364144505,0.04877545711684758,0.16660067000466436
U_4824,0.40435646312441753,0.4756105256622667,0.5059210120950373,0.034589027629201484,0.05690111325250244,0.3447167332648799,0.11801288337952032,0.1693584259942248,0.3569127851594429,0.11175062045729853,0.07097204898132502,0.09067959472779802,0.21991649597764423,0.31411650874438285,0.24206187156617098,0.045402152380234484,0.2621309200681806
U_4825,0.28914012755046475,0.24883047060223634,0.2526817768554303,0.06534283858015497,0.03217714288319237,0.5038648631274181,0.03717383174933487,0.08539349331214459,0.028259758279775334,0.048320491537866404,0.04481025651243383,0.030297144749862108,0.12595827852380342,0.79308962402269,0.5495951402028039,0.04204084544454107,0.19901187701313036
U_4826,0.08864441820185617,0.15253239981563238,0.2537767233728743,0.09686525225124062,0.12609809803338012,0.2144298232541456,0.20363981591026994,0.19520386637365006,0.3599271538904335,0.08947136446378372,0.09317203449573004,0.7331087697489869,0.20200924721691912,0.2057130413343854,0.1032998642436166,0.055828716999913444,0.15585832626451632
U_4827,0.33910615143210354,0.27669232806321664,0.26994464255820705,0.036804564529765695,0.055946849864505106,0.14689243364614799,0.06379305443276663,0.11325487395349204,0.05304125686602097,0.4918784192880102,0.05342759790627682,0.06559883311010353,0.1319244412479209,0.19455631949452723,0.6306799078674068,0.4171022172781688,0.12554656762062172
U_4828,0.46624043849660357,0.20414659043537509,0.4845224306143353,0.05361827324377694,0.06099465326724081,0.21294736050664884,0.11776506450164761,0.105996344052171,0.7664159807952869,0.08039355905749392,0.06741846768816513,0.6823025747399538,0.1393554431335084,0.15074831698143606,0.09662460842090408,0.020838046664136824,0.12599201778698677
U_4829,0.3702164353060774,0.3090353140465167,0.2909751962008934,0.04109650425340458,0.04923205920143274,0.16054409049155471,0.08653257701656983,0.09911436435469509,0.05729050111059032,0.0710486869227786,0.07201935440867814,0.8832207356725035,0.15697994276158708,0.2129761976802528,0.3087238606987166,0.047188206036196986,0.14183868832556357
U_4830,0.37539514210846187,0.3264923849202525,0.3699361496804763,0.04283197793269724,0.04818294381035739,0.2754163975932946,0.0687646660828458,0.1019923510053315,0.04235362067437662,0.06853342060397685,0.0583133087220714,0.07019711274165719,0.17412851991775138,0.1966033734487746,0.336911581260006,0.6474608235541881,0.18094207995436484
U_4831,0.07353731090664498,0.1723902224724322,0.2065489270282137,0.1082346075915966,0.10470761886267337,0.31117325677990626,0.14631881880361072,0.17229977502919339,0.14390864542383217,0.6575693237392705,0.1287315434423581,0.07412027075743179,0.15434616374095622,0.19441042421645216,0.08442234968863327,0.03455783264004034,0.6924053556011236
U_4832,0.2584742845557483,0.23481715071962403,0.6454338901151635,0.03126574117928682,0.03651834205920744,0.19693952582356095,0.04638376463857102,0.09665235683677331,0.30881450240875824,0.04093519264257485,0.042007991536108014,0.05171505962263539,0.09867066143627182,0.6268187365072642,0.7144551086389868,0.019424522885066,0.1623220953266848
U_4833,0.36098639215064926,0.3202310395252744,0.3546931691774959,0.05233281255556833,0.04413335546845615,0.1896241897058439,0.6938637189763349,0.1023184560922488,0.05310880768062005,0.06308078712815755,0.06520234106959005,0.10082753115667784,0.19024819927950753,0.19591749494028063,0.3094876554928288,0.07394307405332703,0.18321252890845058
U_4834,0.21541437047826306,0.517137358710403,0.7523536281744565,0.025887901823575296,0.08526006352756019,0.2280560162958133,0.2777550213157253,0.09252545173427962,0.30899737527347093,0.06568044613549273,0.041178963403942115,0.20052387702139637,0.1257997888657702,0.11600062395941009,0.212128213430068,0.01572371403065425,0.6315935929330071
U_4835,0.21315243560902278,0.8148058874016475,0.5530320906182724,0.045115221484785056,0.04444814798792386,0.8026353069729514,0.07160080195955285,0.09762361299249436,0.0858983310571907,0.06473637115907832,0.07416237783011895,0.051787124682806905,0.11533512006532969,0.14128623763604417,0.10491740425748006,0.023720471333624017,0.1401188484343556
U_4836,0.35754234096944965,0.2980813778521989,0.2985725984989408,0.05460526901898737,0.05490028648889675,0.8770418517931622,0.08696907241648073,0.1023444818430701,0.0535485966544728,0.06630053588117832,0.08622380215697509,0.05265466276559194,0.1979140740631742,0.21332962625010965,0.32341064553221477,0.04938580151582722,0.12284736016977506
U_4837,0.2631291855093397,0.23545975162472962,0.7270362317901718,0.05446133517870588,0.03875482584068388,0.17596896261380549,0.06209476628802886,0.092754632174575,0.03296472855385017,0.06631042751108959,0.04546444080588199,0.04194853989785597,0.12332283031953822,0.5589048519239994,0.5621967818960083,0.4701058624649932,0.1190075785201157
U_4838,0.571845095848011,0.15196699519491064,0.6055176571284555,0.04932255341970247,0.06341515734074551,0.22275124574635602,0.14435239350448154,0.11945697157337437,0.056645134368172465,0.047512026927077226,0.0398044962578901,0.4793868252188457,0.15189132754793247,0.13882726273347534,0.231587750374221,0.04682236972556503,0.413711282482967
U_4839,0.268079538652875,0.531871828348405,0.21883243971216176,0.040797264881187255,0.04399775709987946,0.17160741483245814,0.04518088006961561,0.44908928215242006,0.02290906910817397,0.04346126179863295,0.03692103802393442,0.03125109074762733,0.1131611942906426,0.8847670396778315,0.5478008293856163,0.031218793232624144,0.1525002178242122
U_4840,0.2120147162199274,0.45741856406004294,0.6034863167857978,0.03469720128551744,0.19791063144797963,0.12820798102879663,0.13427244749211237,0.09206514157698224,0.012806200810941124,0.04581465396905904,0.0430012827910544,0.038511112126517304,0.12027205283603129,0.37533309673845205,0.6109533345067285,0.13120184833900317,0.08921318678779037
U_4841,0.3454422981883187,0.29440949521256377,0.29430691924523594,0.0631894556130144,0.053797845677071014,0.8895084953955271,0.07724783661526874,0.10217080507529229,0.05925504645374323,0.051094524496432134,0.08614682665498419,0.07061445084552037,0.245718502159547,0.1862242859028252,0.3370938547926139,0.040699884509884265,0.13506474879958702
U_4842,0.041112128544517845,0.020209083481549952,0.5208733733887418,0.05608247854870051,0.4090221115638492,0.1132586618462351,0.578066325359381,0.14781230977209509,0.3879399222944029,0.14798486509047282,0.13114380348498383,0.19691692870835567,0.10816818825097767,0.1278932395252491,0.05021878379948325,0.34173775419151914,0.1665614999319066
U_4843,0.3435668668941313,0.3361894798889033,0.3662408415741782,0.04706930749894792,0.041303797330130544,0.24990155310853276,0.0727805689163418,0.633366403559081,0.04695523673488583,0.06600490738055985,0.06673116096194905,0.088483069211618,0.12156170969962238,0.20140532568455072,0.2901702918783724,0.03399004304051531,0.6134871371102237
U_4844,0.30424123520615054,0.19023457870881197,0.2849092784242103,0.07267339916193785,0.0783867901450949,0.24814056955869027,0.1572850188982285,0.12434193088455145,0.7423699336511868,0.04627562463101732,0.05539402112498177,0.05563818121052286,0.14059954238147188,0.1770043205053341,0.20506471953566735,0.03630146284627968,0.641795599873247
U_4845,0.2493031805810477,0.2133876041937612,0.3074847907267758,0.09596406299381055,0.09352637579519449,0.26864361814438975,0.15705671217968134,0.15283484948586581,0.13770461893376873,0.1420111628175328,0.1387397107382238,0.8072266121383748,0.20176665224870502,0.2082932073193772,0.13357551301094706,0.034166652254694535,0.19392311884914953
U_4846,0.2649220049891381,0.8888181600722604,0.2001798299438799,0.03215934399590967,0.03970536821594156,0.23122089012034408,0.09236842408332639,0.1125129342723084,0.04093681570606943,0.06924551277974011,0.0431073032360685,0.056612113672432476,0.12263492886680796,0.15145709348159153,0.11943239059260827,0.21861846353116599,0.45295425939158923
U_4847,0.10379601850344486,0.1334636176390513,0.16209635331058841,0.14784356087741093,0.1839312546476286,0.15123797155920515,0.12018487960335306,0.19303196849880083,0.05920178614954216,0.10127233294876897,0.07651398340728312,0.0821614149774853,0.11876620766515203,0.21328273090885538,0.2083299774998838,0.7196310126267125,0.34282827161387824
U_4848,0.2589006340520312,0.7026010273683541,0.2639498374454977,0.03947896914215701,0.05995339319626431,0.15243249142636212,0.07495830432460499,0.347627136174203,0.24222912010258596,0.08983142138069748,0.08257078887128262,0.09022520808682127,0.1299447951958651,0.18432580397610138,0.24971689812795062,0.03796672174540689,0.11728692366468826
U_4849,0.37304741378383577,0.08008367244148774,0.8132107971092,0.08555800691050641,0.12165202732410008,0.11587574233997061,0.15066372999050304,0.11433125835891854,0.11966621585804933,0.12423970747736335,0.11080609382556636,0.4856061216646516,0.07062074421747025,0.08844979670546144,0.035090489089635565,0.16075194397195222,0.11784997207548478
U_4850,0.24885931649487314,0.3432707114153707,0.4729839116275423,0.12407266105744635,0.181514900347545,0.39980973522957286,0.22683457170606788,0.23348183421060936,0.3275023720626714,0.10861251307589313,0.10184465638296225,0.11611332653247643,0.2763111557047824,0.28992044834864933,0.18413674317746465,0.0473790273401416,0.2535411607093185
U_4851,0.3231512881749104,0.26159344329073053,0.5968904442641843,0.03914119467380358,0.04074501116576082,0.16521627065637162,0.06705950585936814,0.09859540389712679,0.7446330910628445,0.05455710663301089,0.05071973947188732,0.08895719957714479,0.15856038411908602,0.17252088464945453,0.28828630187513504,0.04053537599585404,0.14102323941406225
U_4852,0.28251107643062084,0.2839597094813043,0.21938248105180616,0.053339778685462996,0.06414329210934408,0.3092649854144767,0.512842819991077,0.7152197503572147,0.05482628222600044,0.05571738764130187,0.06199606173951413,0.09327078732454938,0.11851986339026815,0.16997691243902097,0.26285386220523826,0.04849590077425438,0.20572401395852863
U_4853,0.19367088946249322,0.23055821793912432,0.18529532439233679,0.07392333666713984,0.07202830962000317,0.9518022254510952,0.29364915824737625,0.445717425661856,0.12253968431061349,0.09753708669497303,0.09159641593755079,0.08706169633239728,0.15617767020209555,0.1831123193811266,0.08339242354873533,0.02697624307772244,0.1619050678428603
U_4854,0.2611079318440488,0.21341736620725826,0.205272256504719,0.03729089998173843,0.024046163378745128,0.5639667184490116,0.04925792475070863,0.3725599292088586,0.025019872865848086,0.04460929838753236,0.044197649712704165,0.045514711838227064,0.11290918242114618,0.8378833403547954,0.6582876639921866,0.0260027430234262,0.12838300538235184
U_4855,0.24484380929162625,0.24201365407037742,0.2398401167523643,0.04824762682611172,0.047469196549439305,0.9362855754570572,0.0794660246411969,0.42148751308416676,0.028853083762572306,0.062343664692826886,0.04721786973507694,0.06620486078552251,0.10105616563007852,0.15083685007364012,0.2301729977890942,0.022704567820961245,0.35610001656650636
U_4856,0.02140908433238943,0.1301524711227569,0.10814685421451475,0.06280419430477197,0.0712222730180854,0.10485042141799719,0.16381291177291882,0.11869970943907196,0.8634613728474491,0.18450272363866974,0.06527948331701829,0.5522327372790659,0.14555619545462878,0.13341211553732565,0.04548199659787792,0.2898227125913203,0.12024764453724383
U_4857,0.25453677752265286,0.0780694109690405,0.40648803730629224,0.05568123747268043,0.10027058402774912,0.19633522820645385,0.12490418862003715,0.1036574791747775,0.5763888310618974,0.10375896835865074,0.10233867074178712,0.7534399564316046,0.10338590007669793,0.09037860334008549,0.0868240149645515,0.03944631817343469,0.11500646720436832
U_4858,0.232761866606083,0.2119481987926723,0.22788821308457743,0.04758200887044302,0.051963173280359626,0.19456075874535994,0.0869698548572995,0.1266611941922093,0.1365325359467927,0.3722171827381307,0.05409548326114598,0.7753384591783796,0.10830464104644841,0.14013311715343174,0.09873947634732186,0.03092476792599345,0.6623331722726309
U_4859,0.32280512634576575,0.32650184338488064,0.2926867566549114,0.0437865886260306,0.0523376838770291,0.17386151652168036,0.08120373020853275,0.13625904041077425,0.736374428861284,0.08305597031214346,0.06339393374302388,0.06938660420880252,0.16716776408359552,0.19697573358881526,0.2838027210035339,0.06668718130052115,0.17523968420405495
U_4860,0.09621961670383015,0.4846951783011377,0.18245105001932216,0.037694488549811354,0.049245267983379484,0.7334055972320883,0.2499366385680949,0.10573195842304677,0.25154289178344263,0.09598493007523111,0.053282186856273187,0.1385911516040622,0.1267385965626872,0.12677428536126525,0.07312476139855972,0.08578723279142784,0.1108344783955997
U_4861,0.0975524389868138,0.18043404641284866,0.19763646496676884,0.09441695553519577,0.1126247109371144,0.18990912136901117,0.18955635771483043,0.16619459981372817,0.2267283149730175,0.7985679795407605,0.08473399987897634,0.4463442435177619,0.1700980104376408,0.16679964942808873,0.0714058542101436,0.03479242727402441,0.14277688289649007
U_4862,0.08585818486492842,0.1582183311543949,0.8065219963509601,0.09724961178691083,0.13785469150753693,0.21640530802026975,0.19091291796022175,0.17568845654792153,0.19093913742875615,0.09069983455603202,0.09371270250707471,0.6297600436621573,0.20524876059816355,0.21424147690745016,0.10368172678373118,0.038930824704438205,0.15602072367839379
U_4863,0.26612913501811397,0.5533183352531408,0.21742327033454317,0.04011683317615301,0.1278822904365162,0.10199083439566525,0.3165325668922141,0.09201912193539423,0.03253360365565672,0.06379623665389718,0.05357163600695234,0.03164682514681241,0.10540873258839398,0.4958362749137647,0.8644558040638989,0.010924288939552058,0.09450083912447388
U_4864,0.4170382769211928,0.3095101068961646,0.297993703597979,0.06770313596655189,0.06524363535074368,0.7636396060817476,0.07425519113745366,0.10107183216091596,0.057729401578041226,0.07867519975980372,0.07040837423334823,0.06347230731209615,0.18770972737953956,0.19682053725409995,0.31421069893035075,0.032841133232845675,0.1524635847194939
U_4865,0.3106828448231497,0.42956823598400273,0.292871384607735,0.041877519787447026,0.33170087576823803,0.4513220093760394,0.04970257748125359,0.09164561345770843,0.3955570957845882,0.1684510548868306,0.05079793816553595,0.039296893661594084,0.12899395434851285,0.8796351157292337,0.46137686375621934,0.02851735449931888,0.12149178046200557
U_4866,0.4616826394097615,0.866110851790019,0.24946865903956805,0.04456618065705497,0.05861497259216418,0.2088682056085488,0.08009329405981261,0.09459772142213878,0.04396605360114237,0.059817375848876274,0.05204215491748474,0.07401218361990745,0.16124439977121163,0.18437285419608598,0.3052361829914561,0.04660417589727818,0.15059384228819225
U_4867,0.25529432587983997,0.25358940689993326,0.7677056689289159,0.03870683688501402,0.3995090399214913,0.19238680315506448,0.2970828233858095,0.31569167694268285,0.09007165228783656,0.07808554981648182,0.07727941542157918,0.0657070650062846,0.14051576958085993,0.16075027181289334,0.18933945909093697,0.029354637889068023,0.1299973883965081
U_4868,0.545854802881366,0.44229296921222583,0.543088656624204,0.040371825407384945,0.056753272800080794,0.4621059225901333,0.09105845283036107,0.1567823749010211,0.049116794949557285,0.08437503197327441,0.05909206840112548,0.06634726318995553,0.1995119183740761,0.2470019757616816,0.5156901610840218,0.04410196860574766,0.24838183669483052
U_4869,0.0816944104291103,0.30509679555866737,0.21431044402276694,0.13081702564887515,0.226067408938161,0.201414087778791,0.13181521178386707,0.18166747890888985,0.1830755473051685,0.32176865984837894,0.3055993033717062,0.38511733512669766,0.23813121249754865,0.2919182229638255,0.09318507244707519,0.31904813404113463,0.2523110896115355
U_4870,0.25350646709995794,0.22818870957665954,0.2708662738931705,0.03451405889901256,0.04242560971159501,0.1934195920729075,0.30626164911380377,0.11263422848662408,0.03393825783616382,0.04574696912913974,0.05157122393973053,0.034979809918636404,0.1293305110694023,0.775897453136523,0.6127612648971963,0.03709793007619264,0.14877898765364894
U_4871,0.11699148263390105,0.11875506498399654,0.45449825108985276,0.03500912492163109,0.16680609643832262,0.10521720535773671,0.3286681870184613,0.09934691621908097,0.7625947739944632,0.20799607412582669,0.04359366448106315,0.47540995114229184,0.15068368385984438,0.13792920788823618,0.06151824646467307,0.16228034539525604,0.10092503847946155
U_4872,0.5111636390581742,0.4236744038391485,0.45500689584127374,0.03553075770116647,0.047970113333683506,0.5936741769972129,0.08608522429953328,0.16968441333003018,0.05580350282570391,0.08852388570152987,0.056118800093157305,0.0656455200587551,0.18657846532082986,0.26069601723226676,0.455966081111282,0.06927847303161191,0.22232779919698037
U_4873,0.20839906496702576,0.2742922499134805,0.3118966033584496,0.05024556260774056,0.05560450093946169,0.2529623336650864,0.08746755209205487,0.1269353553214421,0.12189871348183345,0.05309476431155894,0.06090563049475403,0.0708009397552582,0.15863753620321566,0.17552439377604656,0.11931881206637504,0.5028529888650596,0.7808587786953815
U_4874,0.2502220916684459,0.6180973752383077,0.16621796879330208,0.044718161451061125,0.04340640137821503,0.7486515994703262,0.058872068121065255,0.11478160020182675,0.055061989366036825,0.06942914465965336,0.04980077683594118,0.051898156620653536,0.1320783654383594,0.1591731187593648,0.2201002338455187,0.030210372179857652,0.7114999408454679
U_4875,0.2761856521605439,0.8716822131392736,0.27648220576665644,0.029402968137882457,0.02989985710400686,0.14583446853060444,0.07955876475547567,0.0956777389109541,0.3363762555418551,0.08183265330049103,0.047405120275538414,0.07601429106006831,0.14474975764462616,0.1682621272135449,0.23179574117977741,0.3121751855219711,0.12053095174874445
U_4876,0.05396921945290833,0.058750598012525426,0.12367194975853868,0.09883488764176303,0.3961741326228523,0.07018691705989277,0.4863039312819446,0.13749931439723292,0.25244636499068906,0.07409224159104061,0.08935407371955494,0.1399744628963899,0.08184909130797166,0.1268783690978149,0.06176099860079515,0.9511733115334277,0.14192583966725042
U_4877,0.0464225672572815,0.08080986614390909,0.1286594065775333,0.1407369017961679,0.22097708373880834,0.12491409442928175,0.16742878131262862,0.1759945307939712,0.11224295560496064,0.2109374417002694,0.2044951483509593,0.18738117161571388,0.11952258132449828,0.17480827371960864,0.06999973855298323,0.667354548150114,0.24807434340566983
U_4878,0.0594187385823135,0.08988078166671251,0.08891182542390486,0.09728504953457892,0.13868856298226492,0.4578029910233218,0.09323728591617492,0.13385066833852355,0.039393559271624,0.07024639919719482,0.06462383873178772,0.40815686514029076,0.08613129793035715,0.10695148213236086,0.10029686162030807,0.48771362188564854,0.7490005920966214
U_4879,0.37079582826731916,0.3000060256777277,0.7500133077748381,0.06281589988446713,0.04405596583384813,0.15570414636686317,0.061785513907924916,0.12050515610806917,0.060179908838386205,0.07647990063210734,0.07536024736580647,0.06032760199893876,0.1400817298389161,0.30284903835654065,0.316069975067536,0.05160079334511473,0.144292668219309
U_4880,0.03365113346691918,0.04853469047479064,0.08440410732964253,0.07946530992582646,0.14615229000370566,0.15648827210340005,0.625541837404885,0.4106561576113836,0.38286266600101787,0.19823377868734093,0.19093984618936194,0.19235391274734495,0.11531970885795988,0.1306277452240826,0.05054889370401684,0.34584216335294765,0.11222761238867208
U_4881,0.06241303068164131,0.16417802939777323,0.2020496660503976,0.11316779071518461,0.14763342727237083,0.2328043310037355,0.1979773555093903,0.16428072039874422,0.23714371271107715,0.827110118433742,0.10653910178506992,0.09000641564780917,0.27259115863120564,0.19376886398138474,0.10213808211950655,0.05012114948897381,0.16478277352508727
U_4882,0.34741651534719464,0.32965614879811217,0.3118273877103935,0.053174020541604375,0.06113828430211878,0.1796304242914239,0.785332711644815,0.11216893170510345,0.06820489207406669,0.06489414307895236,0.07037268021364439,0.08501501046816584,0.18893119381217233,0.18690790710423294,0.3035833203219561,0.053278778955356716,0.1555181226648977
U_4883,0.1609380830637856,0.17049802390220775,0.41388510414168767,0.03175593435623477,0.021109909884851293,0.2752064735542925,0.130460432648359,0.09064513313158482,0.05416863703755412,0.11472124573533293,0.038160011800207186,0.46213610280005485,0.08771170201259719,0.10338669598806613,0.09027977651010904,0.42147549661647027,0.8785590321496529
U_4884,0.2636873922211937,0.3752316624915881,0.31940881828836964,0.02025918028915658,0.31311380116229853,0.27456764598027295,0.0724085246436654,0.1008744498805524,0.1843167841524606,0.46513435952459625,0.07962989134911654,0.28985750857859227,0.15367615464260187,0.19374057004986658,0.19628146957108158,0.15913029348442992,0.20009858701116545
U_4885,0.22649409881523452,0.1814372164807732,0.5631123313895577,0.07282002210690391,0.06513786546175049,0.9986828871153288,0.16603548169617735,0.14712081067476868,0.06952448318250323,0.07100432074871113,0.06472270050863581,0.05641374520507984,0.15877131743322506,0.16626439683630903,0.12281559982856113,0.04362415068794496,0.1666504101328711
U_4886,0.5373012032728357,0.44887360310375235,0.4908553921106991,0.04987126688556573,0.07615105078112061,0.23870210423979413,0.04981046078788705,0.14975247547506784,0.05118154094586546,0.09957974908421477,0.0680584727745299,0.07092143193987828,0.22758175426474217,0.2955575662462252,0.5361524465046292,0.055541166546686914,0.21844890610840184
U_4887,0.27830327028959423,0.2811841988695558,0.2994487733188301,0.03723352303155315,0.0657186252744913,0.18569525157357228,0.12325486198342972,0.11238528625817595,0.14286863580001022,0.06637452687321332,0.05278425792900412,0.07819177805955008,0.14388801831816173,0.2139336526473539,0.15883871436000768,0.5696258363711612,0.7060850563347022
U_4888,0.05222234659127364,0.05843886437258812,0.12249082303012548,0.08086379498591383,0.16914034663272046,0.10745284901017355,0.12868466504960432,0.544815597378445,0.3486282560398895,0.19858934196079306,0.19555702983738735,0.24490851566178784,0.13769390778420956,0.20742532697398805,0.08402559606206136,0.31817623946900714,0.22066623742271108
U_4889,0.3324795068697832,0.33895815496641263,0.33231225056824754,0.03469483412814853,0.052856432043469154,0.2508381361444009,0.7853794478000797,0.1418322396242315,0.04816046886979257,0.08309016410325143,0.06661045758344758,0.0661528835896872,0.14425893833449616,0.1982035908612021,0.34830057985577884,0.06932332930515989,0.1886154284538349
U_4890,0.23760313213095471,0.21951215663901225,0.3201571875176495,0.0803498052352112,0.08291620744727804,0.28592424382307824,0.12667967808957672,0.8077035671709895,0.050223921663598625,0.06580382004424987,0.08837532370231165,0.041734722331719314,0.13674708510688421,0.16975780758540457,0.15588617544453853,0.024535712675482553,0.6304320348115945
U_4891,0.03570952402650892,0.1196115474225925,0.20722077228892008,0.0431413536605067,0.18506419372093683,0.7555487816157156,0.11869259511052829,0.23215835505926205,0.5683456001421004,0.31076673687167733,0.040448140500940824,0.387964208881491,0.13747906476252153,0.12609686585590943,0.024388508146354557,0.10885259056126348,0.10362335814554738
U_4892,0.05751087860388854,0.03651143511388142,0.14854401102287945,0.09531645076319038,0.13937888420760677,0.06906882615203105,0.1229181996800688,0.5680602339046806,0.373984973413266,0.13669309645174124,0.1406001681954841,0.8509428909689587,0.07273434945480078,0.11038638784018748,0.04995866110039221,0.3010597654246739,0.14955744029439177
U_4893,0.35136536931360424,0.2509536222556262,0.2953621689337724,0.04402695736217312,0.02646587545953366,0.6331606784374813,0.35778951123156577,0.12643553623404621,0.03603128305610874,0.2901977348883547,0.050970938716066366,0.07039984234635314,0.1524970340147515,0.1625385495771506,0.254224327327883,0.2236735054288188,0.11589766364517691
U_4894,0.22040226068881055,0.18158336736717007,0.3060875523982712,0.06546572706141386,0.07890164111137679,0.608569258607532,0.15233538006128017,0.12078029915654658,0.725736040929912,0.059113424828716704,0.053523758128289904,0.09455859201021041,0.11794530312158902,0.17382126606840023,0.11848977131406394,0.03209117747701335,0.4268373714683913
U_4895,0.18819226867270483,0.19526133702798396,0.2051701140124905,0.03149537342518862,0.038835314665454944,0.8846316076267209,0.08187348839684326,0.09983246932176759,0.12321468922170334,0.06321617876431591,0.041917176659861465,0.06516764929399257,0.12560117648900926,0.12573842621082515,0.11206704630182919,0.03843978933179458,0.7055435185066777
U_4896,0.09525764408829838,0.10766838522226091,0.17685867269537228,0.11399863361099513,0.12624621847546785,0.20738384960157433,0.18387089513056382,0.14106373655139295,0.8450418929589365,0.09844240924928066,0.08294349188672626,0.08931937499979742,0.15225506609791006,0.16620546850077894,0.09931754421274777,0.0519303673283802,0.15735465317064057
U_4897,0.2145797908443031,0.21162435337558538,0.17712943538918266,0.03158289212283501,0.2998725156693862,0.8712542255043961,0.06377966858376846,0.0993241066756616,0.04827863725146368,0.052032820630118645,0.03949430988781803,0.07693979139131459,0.10432031456178359,0.16397573407676322,0.24033254135408316,0.29553721498134927,0.43000895018316165
U_4898,0.033956989701723124,0.06907831556820358,0.3908620686980433,0.10736518556086437,0.14859623160329544,0.12758437647914417,0.08284205825692192,0.11625063187409923,0.6383760213531757,0.1410239624605291,0.13125587708305902,0.6065611493503575,0.10504917273367961,0.13398009023497567,0.05517867639973714,0.46082129900493823,0.14936226030660216
U_4899,0.15126525793559523,0.16589293570812086,0.2407045744061007,0.08181919145586135,0.08648964045823589,0.8706433237887027,0.12653827017401056,0.11975573899691384,0.4930860596415088,0.06965736358941316,0.06961589328652909,0.055107705281328134,0.1463209249642844,0.13557650412737102,0.10139301980454687,0.0361711178329047,0.48506498225440564
U_4900,0.170643656703442,0.2279610615056882,0.2347459591615007,0.06825426152268989,0.06085834543570852,0.27156123955562683,0.1454474463527264,0.5761869465511105,0.1330225699532274,0.08228203623450257,0.07844125440447627,0.7714282445190194,0.1514846358849702,0.20053257274462788,0.20329324973017188,0.03285559509460316,0.14341827322254214
U_4901,0.21273286159852225,0.547704945071257,0.24743250717404186,0.04249844833386767,0.04820310222340254,0.21831620306618532,0.20445420485337007,0.11104758055279386,0.4561359474168961,0.05178352649744443,0.043492046834203574,0.3011500238637324,0.11642383898881692,0.1287668462432354,0.22720892809604576,0.03283312549203254,0.6568936356445152
U_4902,0.240280450516775,0.5744658394030859,0.2639297118122437,0.02328681738024186,0.2738526641307127,0.7316594657723685,0.051144170167446996,0.09267295492914703,0.26317227898049556,0.063319830240761,0.04581343526169121,0.3634232192231104,0.13672511452429836,0.15585827931903642,0.2537643273038799,0.04019307624937807,0.10369540870470842
U_4903,0.19396958734151554,0.16163823717640483,0.23580740982093817,0.06272820936626977,0.0895506803221837,0.20481545986853056,0.1765240997455017,0.13540578960532745,0.6037212413589285,0.5255082460703531,0.05274981433791259,0.12337896216815111,0.12001594724298095,0.1673802534626897,0.08652967790555768,0.05180022702560037,0.5209524978517545
U_4904,0.18191703803349024,0.20997137455344378,0.20465442961142788,0.03127182298263136,0.3889623852361425,0.7290065013902034,0.36996627553615463,0.10405957939287053,0.36146954253899044,0.05715009036305812,0.04633830683588096,0.08173705897909624,0.1164612673601439,0.150954812513252,0.10452191538956988,0.03542150402433026,0.5243776838921214
U_4905,0.37289710496115713,0.34506112329019945,0.3265441754437879,0.04122221593300479,0.042216538096014805,0.19652227170000916,0.07889223160979433,0.1100441745166005,0.06508031563891822,0.06772261603402616,0.06859872131505958,0.08138443768110458,0.1783981451607114,0.1997972801565379,0.33559117497896207,0.6887090904244461,0.17091984758811077
U_4906,0.06236120377295346,0.09221148825110273,0.13993429087123124,0.12097044706603051,0.21391860127047524,0.26842459111837486,0.13239640878411288,0.1864735909877591,0.13184648456825265,0.20640398308668043,0.2208475739304532,0.26360619426595816,0.19462223825457475,0.24939823623688936,0.09495873305905114,0.43298118459038776,0.26345844038438093
U_4907,0.030970612108567983,0.09724831054987618,0.10714473900942408,0.08804783913705255,0.19074681883520345,0.1492244563875652,0.12519901865236252,0.1368477494652562,0.05650428199756684,0.21787449576466883,0.22236312288302645,0.2230123507146171,0.12927024320337097,0.133354384390396,0.07405449512361062,0.9078372220835736,0.19771624499251003
U_4908,0.04902513973161449,0.06153179567329389,0.08183248198670592,0.10736586922311003,0.1821984564821334,0.2098865609599532,0.13485962097838525,0.15862697198499234,0.5731893504572501,0.27675746510630483,0.2393289477723163,0.2331817166264457,0.1411436494731185,0.1784172682054016,0.07592870643335284,0.5394886307476261,0.19991670475233286
U_4909,0.21311986031104424,0.35682679752477175,0.22697877282170462,0.025982495148776524,0.028849315049230898,0.745782952956914,0.06406188548192462,0.25402318740480045,0.034504236630410544,0.0414502363915945,0.03820941616075919,0.6114591578713249,0.13406108791744892,0.14410216175618068,0.24007371436107466,0.022562224472484915,0.6161935903068353
U_4910,0.03401104638479256,0.10443513519302182,0.07837679862367058,0.1368876091567388,0.1992002733322928,0.11856539526452367,0.12365840765868381,0.14512193115114436,0.08928670945911235,0.20706142549765974,0.28781510461254034,0.8944223533323474,0.11333083462635893,0.17313106306679532,0.07426462823908127,0.3573249739609803,0.17743142766904385
U_4911,0.2899615336412095,0.24040103261685186,0.24658469637270447,0.05463525685531617,0.04204638181275845,0.4656772398527371,0.06040199227430941,0.0981742174678023,0.5505273672671767,0.3381505238957386,0.06513075065635823,0.04200351967849872,0.13348432404762772,0.13514392385957652,0.22931643717823613,0.016219026040798376,0.5526057738403203
U_4912,0.22016849058626498,0.9083005506179945,0.23903931355419367,0.029587344059558547,0.027969843629339665,0.1537355891767374,0.05875503566509699,0.3914997869267517,0.042011351396208416,0.05695698286907038,0.04066289998933119,0.4329973841634052,0.12528656686449363,0.16720970022508916,0.23142440367746264,0.18695718390163873,0.09760681510745693
U_4913,0.4812223565263947,0.33451695313770846,0.3504163232083666,0.04616417615445659,0.03344494418703774,0.2419583062677239,0.08101614606151844,0.13479860561693224,0.18203665810117378,0.08592362655315257,0.06877463886658333,0.10700264773228899,0.20404815235920473,0.22213818017654674,0.36646987364517764,0.0942191639432342,0.1701349899781196
U_4914,0.3165305446307619,0.2771879726959648,0.3043656265391113,0.02567198249776161,0.05482657193647842,0.23918465157211488,0.08751072283312566,0.10091913503480984,0.03933345051493515,0.06359932786105567,0.05201773912904564,0.08433848568094107,0.15688013630160796,0.21497854564273552,0.30559453906255823,0.5696336761408483,0.6369943824456632
U_4915,0.08901601289941348,0.3999584419291832,0.21403532046898852,0.10168915379676269,0.15570618389679197,0.4040183588229618,0.18843957609707374,0.17843055325998877,0.3022738068930159,0.11555607193175664,0.12063351850243234,0.09415972018305656,0.3211900607289913,0.2609198323633625,0.13451592483344513,0.052412136718559356,0.3417982196774773
U_4916,0.06718592307650885,0.10017556684509599,0.12959551058578825,0.12512067471331112,0.16614009621732356,0.6249316631850691,0.10762263045442957,0.2499629091643208,0.04778914056160284,0.08359774336090328,0.08110538487549143,0.06968646236130878,0.11260624922261694,0.16987010145477877,0.3757647821203086,0.3999156226876357,0.2022845984290258
U_4917,0.03467545410986177,0.050346227474215605,0.6334169355460527,0.08719057621199656,0.16219506336061082,0.13708786097672893,0.09700966271768548,0.13978431940910985,0.08123619818282132,0.148892865383904,0.1605475139887582,0.4564597354309837,0.08060895429317892,0.11524614758941648,0.04999979756684161,0.8165618548157294,0.14446223379350936
U_4918,0.20662045240120916,0.16205826981495253,0.23395008612977153,0.05171078436913627,0.06523665451710257,0.24129447840131885,0.14023546890090027,0.13381305758976245,0.4352903432703886,0.5143533606719244,0.05751908410477323,0.07137130053730197,0.13359621888495968,0.14492461577286905,0.11574946081910328,0.05687544032341513,0.7759796465901797
U_4919,0.29728903271517554,0.25290697480990176,0.27523232198460834,0.04530667503517964,0.03383567002281403,0.11924673575735237,0.043018505251065056,0.0885280258791377,0.0344447158291378,0.26986365071205964,0.04785527683430741,0.03424350533285349,0.12835929875640534,0.8120363078530277,0.5994400604144572,0.05198066737515815,0.18731899053841022
U_4920,0.06601086140687608,0.25705483691649783,0.28375831630021114,0.10219411133144976,0.1485577818764781,0.19475578653264614,0.2959337678234148,0.1576966259486673,0.3165165339600395,0.08607816891686465,0.09685951104094456,0.07303753651309236,0.22698806841384508,0.22131421518246483,0.08908783306633294,0.5737302146807427,0.16749470133824168
U_4921,0.2500169960444599,0.4406335306156984,0.5469717501124344,0.0301169200733121,0.03137702418174598,0.1842302723674886,0.06289006742206263,0.11481971647417244,0.5598739566700808,0.06483477009712751,0.04921145748564489,0.06103406233768298,0.12901841181634327,0.1401298424453945,0.23431033419181513,0.03998583530839643,0.7776955702433398
U_4922,0.3303731493552321,0.3600322684385212,0.30774797236729684,0.04857279297188476,0.041367866145259134,0.2533499338439947,0.06776955446348165,0.1096553216949813,0.714747013695954,0.07085580330356603,0.07018419774520492,0.09045061824362985,0.18618095921111874,0.19679953108288217,0.30899621579950043,0.06711514557015966,0.17528243328158133
U_4923,0.35721472807939825,0.3129445839299155,0.3213554209666448,0.04275754484858292,0.03889388049053662,0.13478214260975518,0.08039641269521791,0.10477136176254334,0.06312929135989757,0.07246465750492673,0.0758364154772573,0.8612983378461518,0.1943714419759345,0.19290346033325317,0.2768302366458647,0.06754755528404335,0.15800586500303343
U_4924,0.03046882951347019,0.057780296052422006,0.8479751629195573,0.08974858919013079,0.15528197111127687,0.17462770309955344,0.12851370854767533,0.15269886085308565,0.11996038348710886,0.18662243245681825,0.1739014462894627,0.2962503243410331,0.13568798099639034,0.14953508439418373,0.05848195383688605,0.7180774581217431,0.15794750973325292
U_4925,0.32657494541521237,0.28079774624630094,0.8343287212454604,0.04897699201611052,0.0548280763501197,0.2525301712439591,0.06519867108387603,0.10628752184983607,0.054704076857579165,0.07550149189344783,0.08846980139990718,0.05604817356656953,0.15711977085820486,0.19054041259886512,0.35225380434025405,0.05829939975838273,0.16193869030341604
U_4926,0.23804632893911437,0.2763784236523782,0.1763928141453178,0.0433474683881263,0.06737757351394487,0.22790288440394577,0.10504268418154337,0.13204533527718482,0.04733946273585302,0.06382871762736536,0.0574496714223012,0.09647246031221832,0.16022512938351843,0.21727527407786643,0.15785732175450143,0.5607937369787217,0.7070280529658004
U_4927,0.1974972135667406,0.19894434810831985,0.17049299155290937,0.02927982817552271,0.022730502080289393,0.5947158754413159,0.0688141300820207,0.1282875173320448,0.7191333807662837,0.06442228444304121,0.050396313001999114,0.06780198062385502,0.12442541596998972,0.14491717957523842,0.13389819139002465,0.2366716341603026,0.6821828119772468
U_4928,0.04128061243282334,0.04278489388507788,0.16506221030118767,0.08703362024995466,0.18605683031717837,0.711474173973806,0.13367798276668552,0.1920903368794338,0.09023608380482014,0.20221322723917395,0.17460423886331722,0.16930773760194637,0.11258497016536673,0.12870018042522877,0.05596888220861594,0.44274102184466874,0.17284394244384613
U_4929,0.3832893843177513,0.31923725973738193,0.3054323380630437,0.04915182841383302,0.048756645809021414,0.15335156958502466,0.06108175636722144,0.11472183029833226,0.7589885719435981,0.05689359204028237,0.06801456475252934,0.07314821973733869,0.16979894462217873,0.2097213183439599,0.35352632182451604,0.050344917931369866,0.14276256084152547
U_4930,0.2263826032104515,0.20724666612550002,0.5279833771646034,0.022166742880464607,0.020230440381686438,0.11237446675881009,0.03716000380682284,0.16624029582605646,0.144685642175441,0.04495076336336616,0.042355036384074195,0.25977254779284137,0.10860437997817694,0.3177678755345642,0.8149092253717933,0.02352739321842876,0.12688024447817095
U_4931,0.027864209719662893,0.048374805577084845,0.16345292849444965,0.08385166622360511,0.18591948388818394,0.84376450389068,0.12882081371926757,0.15793539770384615,0.12285167897183377,0.2512267613764807,0.24228059684809486,0.2359541037018521,0.15194359212285918,0.1889809422026866,0.05418236921210062,0.3862665386805033,0.1855132394161872
U_4932,0.23950524115252564,0.223864651337625,0.21623412078178547,0.03707747134614393,0.03353444038528612,0.17491045080448572,0.03977994571759554,0.07861638065350189,0.02752182759005193,0.03168891945955533,0.03233991862690046,0.574759224716054,0.12843285412493005,0.8699617141069425,0.5092764689022362,0.02720412628163259,0.1494741894258198
U_4933,0.13863671521031773,0.21024063867595116,0.37139158820800433,0.13731595328873403,0.18977541994316283,0.41867220932525384,0.24009813714746112,0.2693973091833544,0.3413675126424779,0.23974738437775417,0.24107701692048913,0.14545653232086658,0.3101038504775735,0.336109957146409,0.14531002089588665,0.07507764784549913,0.23286976665270523
U_4934,0.06000431978309646,0.12751206794386233,0.13257839551009318,0.14736662063324113,0.16890895794106914,0.13678226207161426,0.15793769204992697,0.15487524012510112,0.11871346315767262,0.6615345659263117,0.09605039134706547,0.07634039265793288,0.13837972450587205,0.17349702856466492,0.11271930164192205,0.47880490000578857,0.17658798391727087
U_4935,0.06491617260696662,0.2223526311902191,0.2206464936109666,0.12375343525424598,0.13697730515915463,0.18588899337919712,0.28335949955055184,0.16057829966033063,0.23443868521032024,0.7012941446151157,0.09195287471144242,0.09616973744721369,0.248982298392895,0.2039537149606515,0.10059962793016647,0.04591734982076806,0.1782566381958713
U_4936,0.30543011861891833,0.26106824924283767,0.29037974120259413,0.023275646525081836,0.0267407224307881,0.39427715528961516,0.23589075089148698,0.09705099186971596,0.4557924864927102,0.05886065074951563,0.0427700309512444,0.27081081012644137,0.12863132691269372,0.16134570938456566,0.23959931921150732,0.41732633364941707,0.14962869473442947
U_4937,0.35616641076510475,0.32221867482675526,0.9200500562582844,0.06398086847631596,0.05017455486695077,0.14488533301068965,0.06884949066763432,0.119277305994655,0.0528064598864307,0.07352358246069007,0.08752271294342985,0.0847040085935638,0.12727040318767951,0.1903764834445803,0.24109733393392957,0.049595647388124,0.13123494385524237
U_4938,0.3197322157845795,0.23156112791481406,0.32473539758661674,0.0637125585340823,0.06695520035207726,0.2557255943115725,0.20344106671140536,0.15138843420245482,0.08766572370061598,0.07466629148991889,0.04244886043866098,0.12917422008271,0.14400518259312722,0.17882458312270622,0.17060324384343403,0.6382450070244716,0.18460892141717453
U_4939,0.2535613248420381,0.23322200807046567,0.27375177691505737,0.048562705448088064,0.04978090705114978,0.18794040994089287,0.11279021482884156,0.10277970928306969,0.0678270780060205,0.06400334643181518,0.05238129426159202,0.5161755434642846,0.13048778992718355,0.15667551073677768,0.2238978603552167,0.017633735590575052,0.8316195008110765
U_4940,0.2991555998922037,0.2618865643504203,0.8487006451682522,0.03640957786450769,0.03915866384666958,0.2206007536208486,0.06684286379875225,0.11982910928325571,0.051116773830218384,0.06112646528290949,0.05453362389110164,0.053066021037106226,0.14824408542139222,0.18070998623140605,0.2305299362989254,0.04116991815054283,0.7699552942177463
U_4941,0.08734004622207425,0.9211937077303252,0.14672348757426215,0.11274742256206681,0.14913961126391395,0.27691753614832537,0.2051628384592539,0.14031394178472306,0.1788160248127383,0.14084326421682009,0.1459120252673291,0.08068384905941,0.2609459528227326,0.1998158688640584,0.08817028053562656,0.04386860001011158,0.17459196291122833
U_4942,0.18179138151298216,0.5964556141286648,0.2263729142444711,0.035557215324459844,0.05693797865024826,0.25180143386406384,0.09410911555016795,0.10274851891012181,0.6830063657008645,0.10503016172569402,0.09714076764110416,0.4394993611993704,0.12127180859236852,0.14836235282491195,0.10304147614434916,0.24237472949960293,0.1397809686003244
U_4943,0.21630039140539878,0.6081836533959388,0.7207852156817076,0.06346186909250268,0.06406489653975346,0.23898689651879454,0.14473186548896888,0.12947884124206355,0.049729759664965345,0.048591915090262706,0.054038720216997724,0.30914907756763366,0.1257439614919386,0.15361790267124584,0.13282262093039704,0.017161352379307406,0.37474222051861067
U_4944,0.3083134147024828,0.26139028871936093,0.26832426601006354,0.04152738158055963,0.0378769613191153,0.1256341943692975,0.049700132923466485,0.09771051995640495,0.4169384133479696,0.04777575261857547,0.05465056231104754,0.06920326338486861,0.15069283019130864,0.7904426531991079,0.5307382749335394,0.027618705769978068,0.1574958297881538
U_4945,0.3012426978499537,0.2591371498201541,0.8752793087591451,0.03463553753182883,0.3463468987881073,0.5928574579062119,0.06081060216844784,0.10218421558311878,0.05873887910385226,0.06469664904637208,0.047582966862384383,0.36665870746361223,0.1500894391389484,0.16831475282002376,0.2253497241977517,0.03898860700819506,0.0991227092679355
U_4946,0.09061180668714396,0.20792188873841994,0.83696344915439,0.10504404175658223,0.12402939696520066,0.22218472536027406,0.1726948928847623,0.16073046436714636,0.22441136719057228,0.0832671155966744,0.09028797284992635,0.47032424291056507,0.18730141041922724,0.17930866109057997,0.0812912178135119,0.044659427796663556,0.17284715331257244
U_4947,0.07924296274817487,0.07448729862562575,0.6669551291093636,0.11045211137172606,0.13393899979456275,0.45559633651207687,0.10146049718021319,0.11046205921261287,0.1564725205660903,0.21393368677898994,0.2428176593168042,0.2750839135461843,0.07100078020296749,0.11917072192128217,0.0660859496659901,0.46346836650441936,0.12168466425055581
U_4948,0.19373855812041688,0.18338032366471368,0.2419766515867623,0.0552399086709395,0.46515207317475976,0.24949721148577025,0.1352738500058529,0.12530904172933988,0.7606894553531574,0.07481548968031883,0.07376766864454944,0.48986568867647184,0.1519865862517327,0.1533053594102369,0.09552517781450329,0.2617199607748292,0.14874494756462353
U_4949,0.34051346520675496,0.2710712361705045,0.7068575321060324,0.05339943759490519,0.04575834870216269,0.12985923027216364,0.06181109961162547,0.09579949790006008,0.5395763761316194,0.06149238599927917,0.06956010131153287,0.047360001447365165,0.13266238029576802,0.18421599625275883,0.6280175940570067,0.031262761481546726,0.11701566870025584
U_4950,0.2437987487771443,0.8794876772845683,0.2922371739093315,0.0506825884996558,0.03263299470512679,0.21848198537762775,0.06206721675559345,0.12045195373220349,0.04902535686764414,0.050467094520549455,0.05611241055024941,0.05004942425008019,0.161325429302805,0.17166972855628174,0.24272966500821505,0.02259470920499161,0.6363392663117693
U_4951,0.23737643823634283,0.20307789827165862,0.22580032122544205,0.013815687864487277,0.030428322593631155,0.5264645908448484,0.06836342151380516,0.08817105969758869,0.3286275507579173,0.06325426249690545,0.05533471203780081,0.5423118988124249,0.11240543542823238,0.1527348332503787,0.2548290290040095,0.019170822500501117,0.6740975455598841
U_4952,0.13809308745020618,0.6741113193632498,0.6649728620475026,0.06149099958810018,0.2595890242911869,0.15159627899394665,0.15682090575094673,0.1303991710307397,0.06903779543626708,0.08009445664602918,0.055684525588687105,0.5454827966961804,0.1597833192541823,0.16486799423386342,0.06340181682343488,0.20940201508236855,0.1288205982248132
U_4953,0.04498565223720156,0.4073099479064731,0.19304382254649036,0.039816620334390325,0.29760740645842854,0.39366096864413463,0.4068321380188483,0.10465100953000862,0.17734877854616812,0.5554319803518144,0.05607026630739939,0.4359239095231657,0.14151490400494943,0.14050196369929224,0.06626577600792981,0.30142483122762087,0.0895257890150056
U_4954,0.23006351973179645,0.2018609811357356,0.1885245952591083,0.033152502467043966,0.17574595873455864,0.45378953319283205,0.074226789803369,0.11535663111054441,0.7412491597978003,0.3159777785434925,0.06972275276811415,0.2782601862484802,0.1489506269044134,0.1666786014604134,0.10117633563833386,0.019627789261445733,0.1173162509242777
U_4955,0.02650537638634156,0.03177822149598216,0.15904322141420124,0.08297608250405622,0.13739146785607992,0.10462173617534433,0.11491418000824204,0.36082348239542666,0.29085471273650787,0.15305161630082806,0.16180090203279826,0.8148277023796158,0.07822637005946301,0.12561758163409126,0.03362197903293528,0.25328699275758076,0.15449881081867076
U_4956,0.11489270588159349,0.23128240130803646,0.128548341668202,0.046161584729781394,0.2635677971791819,0.1964883248276983,0.1375545250102741,0.13905946855802265,0.4763180637613902,0.0777931843562912,0.0881444890681654,0.4401473315723106,0.16401051095941072,0.1777794156177587,0.0769850018886882,0.3992267280393007,0.1635010932619016
U_4957,0.09012137207542709,0.4440070932068093,0.3173568851809412,0.09900553153456726,0.13080568623010458,0.35797983896932273,0.1986877388993955,0.1866822007950451,0.35967453933676263,0.0981721345307213,0.10353422597293933,0.10127419530194318,0.31052056865362276,0.25689782518506354,0.12730866996697549,0.050962307150817315,0.2857396155315712
U_4958,0.3372433863823792,0.4298335495658644,0.29061861488780955,0.057237212119027575,0.05130924424664067,0.20824852487044881,0.07327003293439388,0.1365524967592023,0.055836154088255624,0.6841784906103952,0.07663644254395931,0.06869793198091222,0.1508547761184234,0.20379916291995878,0.3651696927218588,0.04568977286088313,0.14181595949508388
U_4959,0.18381699703125948,0.12235592518889746,0.6847863444858984,0.07403048002976287,0.09036594843794975,0.25263465926847695,0.15729112695426373,0.3469534029404987,0.14096782683999698,0.5521772983994524,0.09475900586284297,0.09759314791712273,0.1509327747248962,0.16948266256062988,0.09993639062757917,0.0340853390437158,0.1697997153696142
U_4960,0.1801175731058236,0.205315111215965,0.22390505522588194,0.03177597010457525,0.06250078876137848,0.2084535316173964,0.08047589589556801,0.32647888778620615,0.8082819026995527,0.10623151848033348,0.10652865522606553,0.09141431248377024,0.1644022417150345,0.16146950422133333,0.15407306513596547,0.035807630677901804,0.12955087116242717
U_4961,0.31649735896346387,0.260676049862156,0.2771209809649323,0.047797853040432464,0.03438814744964407,0.11414580660711511,0.04040088978755115,0.09196809392996742,0.037711474700752146,0.039242340137855214,0.046271686779767396,0.3786408122489202,0.12976227541562013,0.6854191567195679,0.6857360934366326,0.04061194816838236,0.17968194938046644
U_4962,0.30029634993368237,0.9826409371039788,0.2924327687707017,0.04304148431852993,0.03879961916670742,0.27436696921533554,0.08308926412454776,0.12953867332354646,0.05594976356040346,0.07097150512804494,0.06461613717356296,0.06872712086521802,0.15913676415792136,0.19757893282979008,0.2675037577715067,0.03748782795908333,0.17286949966636778
U_4963,0.04037332736108934,0.04341607606929137,0.10637332054255987,0.07903367369401217,0.1646557096753438,0.1516053864792854,0.13153505199557164,0.15348430599786042,0.7541185132282245,0.1915777586037532,0.18785211006691332,0.1879222177893494,0.11700894308501533,0.15064681858575363,0.06087812926471792,0.2802221761413679,0.21286030178470758
U_4964,0.3137365902315604,0.24918163934723203,0.3100413854462586,0.03189260219247461,0.442661348620142,0.696322692988862,0.07286526433442346,0.11559726108281185,0.0697915726504822,0.5276309741002678,0.062336557200609786,0.0721239164025971,0.13856423548874167,0.17840726146220365,0.28660864634253114,0.037135784927260884,0.13481085697750042
U_4965,0.3962250574801846,0.39934165166733515,0.455850699384289,0.10112076434475567,0.10476200512377323,0.4876333926729213,0.26060849983881296,0.2218624999531398,0.07730382825247127,0.10504097534494718,0.07332547171701287,0.10052452663608233,0.27174787104694276,0.30044272582618314,0.23416297314667306,0.057119424876739384,0.29059226220424383
U_4966,0.25225004791279626,0.19880213781525485,0.5289265750885767,0.03074845370346576,0.1617941955206451,0.11045380598652008,0.19863422137466433,0.0813725390905525,0.02691388523829069,0.15932507257740108,0.041295890766275024,0.040093728515839235,0.0963943552305282,0.14342545033707324,0.8243777228423651,0.2549005458326966,0.0937510348453108
U_4967,0.42125158993673717,0.30188883390920607,0.31620899779738554,0.0686513899283905,0.05317921243974774,0.30375383744754403,0.8013533936938733,0.10771363725170444,0.060907895527844425,0.07637248821279288,0.06238200968777402,0.07889234630980896,0.18127705827698976,0.17331628448810538,0.31912103774952316,0.03427618068527197,0.1678768310438811
U_4968,0.3690650862489726,0.3281091774124386,0.35893516726859254,0.061621709356601884,0.0703248525534066,0.17365067360273906,0.6528591419031643,0.12232532184818387,0.06384106197189204,0.07789004901029797,0.08814974126847382,0.05752876867077968,0.14618711492555786,0.19949188728555645,0.3601184618577011,0.06362723393019294,0.14298594768718287
U_4969,0.0562265726192149,0.08118101839546045,0.20731066408157572,0.04686823024429538,0.0447154897347052,0.37691494284036337,0.31941399200341214,0.11992126647782858,0.49893543385265904,0.23551094459520291,0.07134144498955122,0.3720411492073932,0.17322710244544506,0.1480430882406345,0.07822068051020695,0.18226094159363432,0.12493744457493666
U_4970,0.22285033580573604,0.20780655525295832,0.2298887939246842,0.0642724057752626,0.42583106608722565,0.995463318146718,0.09431780664579525,0.11845628578623288,0.04916839838878685,0.05787331072544705,0.039614220007864104,0.3494374796392179,0.1448290316741099,0.15386289060375577,0.16536185735521702,0.02701775519454536,0.12754854094751308
U_4971,0.18883320072296622,0.27520217023267557,0.24505191752273858,0.045293395937958655,0.11518152468022626,0.6764140827801705,0.08130809197505161,0.12811188356421183,0.7906352771861667,0.1226445546998883,0.11245947021573303,0.0727775289825544,0.18673073327004266,0.15807475352072908,0.11344267971942935,0.040914485049043145,0.15103587259248524
U_4972,0.035417390902082374,0.043572415263727696,0.09073429559326106,0.07678537902192374,0.13419233360173194,0.8473943984405878,0.6534861921781191,0.14125266092752514,0.10133394178216357,0.1538490842965463,0.1643649601574994,0.2548955725892116,0.15761924197373955,0.17171376408940936,0.04939529860609869,0.25319216324048904,0.13650571011114584
U_4973,0.01986527128452677,0.08239824670546607,0.09377945595333244,0.10101680636799576,0.18768946850787877,0.15299861107592527,0.552067117623144,0.12943857272265194,0.09131210296298477,0.16981979542794595,0.17739028405382193,0.21944687340346417,0.12540142321020242,0.14657325403068155,0.07422521648229341,0.948851635714538,0.17703667913875581
U_4974,0.3041115924938845,0.2946396210434288,0.2928817525234007,0.04718543715204669,0.06217447015620087,0.27476248298507205,0.08528645539968671,0.13566725707401464,0.8404887064229549,0.09272421229438732,0.0688338885136687,0.11490720309626797,0.1719478924422837,0.1821169586114939,0.15161369627258606,0.06545603993245713,0.19329902444001235
U_4975,0.33033313050630697,0.7270545044311959,0.2547184704564474,0.04273223205518585,0.048845747514780366,0.126570928508669,0.0633869077945351,0.09884039209928012,0.03895463745494478,0.06390408629947573,0.05062518130292148,0.048939960726274614,0.14586613484217226,0.18846500155137336,0.5302021316372056,0.5100227412767784,0.12004442989724581
U_4976,0.3746720665041659,0.3274938424203768,0.31495727980404586,0.05417538432374172,0.058559238679424155,0.16811678032741662,0.08249235255780049,0.10402393885547953,0.75691236133933,0.05585645588197152,0.09301690446872297,0.09344034413877081,0.21404649514749305,0.20040054864287848,0.3376605222625719,0.047522382379269416,0.10978173048642512
U_4977,0.22623655929941003,0.2150823775936464,0.22947688605335076,0.03789831242422279,0.03962527888985537,0.14598652939318457,0.41995295615679373,0.0896239876869572,0.028635588294295612,0.18785683806239298,0.04950043230016475,0.06507064730519896,0.10866419668383845,0.8695539354254697,0.4988969259314012,0.03164074108979538,0.14084055505574267
U_4978,0.3014158188116606,0.30452768042134937,0.2983603204330162,0.05089680350997736,0.053314412094803844,0.25967106386040595,0.08327579567600207,0.0926472456216182,0.767670867972895,0.05884675582343344,0.07943902731122757,0.07604625670853282,0.21572555125264256,0.21647219933496625,0.33062634798869356,0.0626899369738421,0.12627669300131472
U_4979,0.033309444432637024,0.12173643445633464,0.5961587466159609,0.05256788701633888,0.3698856408407931,0.10530824668064595,0.12026681387506266,0.09566519472545026,0.8015243327639823,0.1259202050985832,0.06460826359750996,0.5711655541761702,0.13936390040164726,0.13300728778816454,0.05345884973621712,0.006358432537207047,0.09198886449326157
U_4980,0.1879639185265578,0.9539585729804161,0.21107291280986118,0.0355338679476257,0.05104743151087268,0.16696947113837457,0.11137640807967547,0.11832858795155957,0.14856991935096517,0.09337775807068283,0.0846144234575556,0.06310505243185793,0.1428547995720576,0.17089043750550953,0.06081033375478276,0.2421592371455884,0.12623774017837391
U_4981,0.32213945640904784,0.9865939174350635,0.24970867039275788,0.04561350867360577,0.048452939004963044,0.24902449792009806,0.08210404728934607,0.08579878504567605,0.06257190244945336,0.05947498925324872,0.05920255397351872,0.07261883545670147,0.16309243912849025,0.17506629145175773,0.3169191379048366,0.04372191058939991,0.15787732999710866
U_4982,0.03159864799010238,0.05157417719781093,0.1600241641438076,0.10181530214406374,0.17203535656664123,0.7117808692165982,0.12715414298012234,0.16017627781135618,0.6096575588504769,0.18588353842977715,0.2005831278866917,0.26129531563713415,0.14272215457279208,0.15350090358491902,0.06528997411629597,0.3238121925434978,0.1615812473144319
U_4983,0.08301535493052628,0.0898651443685071,0.17862120481766797,0.07171090210532605,0.09763528753790068,0.7210804060534196,0.493175617293121,0.12217504875122051,0.3435683632618104,0.055495774042584003,0.08366034878674564,0.6380178853006899,0.15302791924686215,0.1332355795462979,0.0614010488036779,0.017014709039433574,0.10627587985090349
U_4984,0.2701524186329223,0.22584375948511282,0.24403024703408577,0.035257564885378116,0.03756953494991309,0.13136821563941412,0.2661572144870389,0.09898209591765057,0.046425789855404645,0.07663196345464326,0.06004338624980711,0.8707994983586945,0.12835423374025223,0.15727340544158536,0.24152890634577995,0.03254799590922012,0.11546369256600242
U_4985,0.1104353537529565,0.21558379589056204,0.23197810222074378,0.051023573359680344,0.5354194269637982,0.7761130845348116,0.11006536374390868,0.11593166989483399,0.7697338773272143,0.05160162578462671,0.0646558976695922,0.06463491682779188,0.1432130575996896,0.15687040834020238,0.08153169520848264,0.04082869585436209,0.1371460383140588
U_4986,0.23292261743786263,0.40187962689163026,0.8357698191305927,0.04935805708258435,0.03738623500031201,0.18820030327637904,0.04727724381297482,0.07733338810982313,0.286329080992672,0.18059262548920701,0.041082565577111,0.054821862749632105,0.12314125084534601,0.7101587677612642,0.6065293916859159,0.01204029937235801,0.0921226678962067
U_4987,0.26719677917880835,0.6299270579519173,0.23548478875285986,0.01230766484302475,0.03637043340153617,0.23600278405051978,0.12530705937435963,0.06757412551993744,0.5914356738412272,0.06782145342800279,0.057690729534579877,0.6807431861898899,0.11086622029764456,0.14657437094437326,0.32897489669016383,0.32029386986916836,0.12615278046700848
U_4988,0.22140322109455166,0.8670095941080349,0.2627908422780988,0.08329384994380461,0.06580718556942156,0.2724230748167604,0.10472847213822048,0.12676575257855377,0.051362232502263655,0.05695856223779047,0.06392042682615223,0.05426443122079586,0.17235620937039853,0.17250394661277385,0.14900750166380383,0.0232687782052334,0.6770892035894265
U_4989,0.27714912892657617,0.24615808247437193,0.2616570996615011,0.04186755756573109,0.0381303610171012,0.10831387552164237,0.04086522581788265,0.0967488643939424,0.037137458110776754,0.3187652743803311,0.049745272630990864,0.05981258227233845,0.10476635786585592,0.7169597436862951,0.6592017345615468,0.03496581854719994,0.1509946588472859
U_4990,0.03731660890377815,0.06822458438743785,0.10298830761063171,0.09928213196066099,0.16517733922599864,0.14996235256978094,0.1615780911327701,0.15372810640082404,0.1329677157249087,0.18247319025579337,0.1918799102172981,0.21048225664397807,0.11011035320790419,0.1455963749086736,0.06280665848079987,0.9668940836418844,0.1694994650432321
U_4991,0.2477001430075243,0.14996567482715853,0.24017828444212297,0.06376027618569241,0.06338131158852059,0.1700891691698848,0.382687073060326,0.13005645137892477,0.07670736331949349,0.4228492128930788,0.05021115039764491,0.40056635569988647,0.12742355541402062,0.1487137789026468,0.12943324107909046,0.030318185491471156,0.795297993369581
U_4992,0.27145631145762844,0.24024291686103066,0.3004603803687912,0.05256797535496638,0.06429711643744965,0.8601070264039903,0.12025467722202436,0.12220843928148173,0.13335806887680135,0.058588287154520205,0.05263916602625879,0.12302722081594401,0.12152112656242314,0.17868944406409173,0.13778975935601145,0.022558235139068326,0.49865030819110223
U_4993,0.3018675903857931,0.33892554797409014,0.32454714036317234,0.04602566168542235,0.06811362100570932,0.20923703138494593,0.08630277822321314,0.7131609216710386,0.03228147417152237,0.05360791059421041,0.05143731931555133,0.045386339661371594,0.13267771831452244,0.1772073216451271,0.3124782803288796,0.04451314783580368,0.6168004540291911
U_4994,0.23284520384512197,0.26327591613517126,0.26727825576731035,0.049414932023632646,0.06353695406791504,0.2741162099478513,0.43251565269337766,0.1350018073080882,0.07802487974975619,0.07086248754155622,0.07146347771238173,0.06616478543678866,0.178374711072542,0.1694125282432326,0.13348046267398211,0.6828040067290919,0.17512030201119186
U_4995,0.13233437062884135,0.26355088611254707,0.23804274563971503,0.08243648848824965,0.06858080918301881,0.21979697144216453,0.12641465001656163,0.14321664684812457,0.10789703293007742,0.06340987695251962,0.05026681016130488,0.4852882025767682,0.14766438228195256,0.17062343360342677,0.09488801428243102,0.5456279427637615,0.15497796724435506
U_4996,0.013355523689447346,0.03955928608817101,0.0824427342959415,0.0786737086266298,0.1346506063084248,0.634420455436714,0.3157967031868168,0.23246293554089584,0.561999330250352,0.17879738471924278,0.17999830898620517,0.47979962401598286,0.09708466721327016,0.10572707372744196,0.026303605505617843,0.5268123191488601,0.13301952960080562
U_4997,0.3526611376563507,0.2558107373713681,0.2971737041562956,0.04104997029710321,0.043628826617702746,0.6403236726592654,0.07259857855762825,0.10500743390830368,0.08713192768010149,0.08163099043683482,0.057117335609808625,0.06454782281401583,0.14736658118631726,0.1754763185965753,0.3273958650079392,0.05169842688679846,0.15148399298623832
U_4998,0.005474460316312428,0.019710924511297613,0.38830816353880604,0.07445176501847693,0.24471471273114684,0.4397498552121013,0.08454192485610938,0.4866541664291383,0.08322954544860178,0.21974428846146898,0.12666122117459472,0.7583566119966225,0.09022971700658333,0.10642014504225804,0.03572924910421155,0.23375953485360865,0.12002232695744514
U_4999,0.06957934530192064,0.11888680016155682,0.3547862142510275,0.10642529989144484,0.2295644318844135,0.19823351881200596,0.15276630274780245,0.22102481283700176,0.16662842447438891,0.3072159914643236,0.28309796723176733,0.23789908066338825,0.15524414734574568,0.3166219493393672,0.08906610723423519,0.5388347651118679,0.2757084059004343
U_5000,0.05869972351539522,0.11220889451586581,0.10819301641853839,0.13495062565152832,0.16638116474305328,0.5744551990270057,0.1280158867912793,0.1746115090682867,0.08317183814756823,0.08826979718348689,0.11392167348926302,0.5344164970799512,0.1330566156194872,0.30953512507568515,0.1091603998131727,0.3944483078897303,0.17064396343952393
