user_id,M_001,M_002,M_003,M_004,M_005,M_006,M_007,M_008,M_009,M_010,M_011,M_012,M_013,M_014,M_015,M_016,M_017
U_4001,0.06913298792781508,0.08697195441842168,0.08597596526627768,0.12649961214086064,0.1537466818320753,0.09102996250690847,0.11045810969820025,0.15429894659972299,0.06137976198329036,0.08375926603658883,0.08095782504680485,0.06170564710257738,0.08713915558847699,0.1364432120781737,0.39752375567140985,0.9409555821596378,0.18223314517187866
U_4002,0.07399805442367172,0.1676848764360664,0.16498926197265767,0.09128999966860832,0.10573988099881297,0.1751106516890463,0.18329765230425127,0.15249181381787935,0.17123384643916373,0.12108458953293501,0.1230428035844301,0.8920404698716276,0.17384378824715924,0.17242415039289402,0.06495924221238725,0.024682766883916907,0.1374158603784724
U_4003,0.03095284032453649,0.07306872009528478,0.1145405166281459,0.10243590008376584,0.2001447095944263,0.16572344571362718,0.1505754086747389,0.14892085029049096,0.12670483480608918,0.22953747940333546,0.2270969100419863,0.8536884475735713,0.1533715179080558,0.19025325337754276,0.07100844420224837,0.3473728950040147,0.18488596000746033
U_4004,0.12924942484784366,0.22933308015351897,0.24845313258129226,0.08268821904806037,0.11217786731383173,0.8857686395583522,0.15162430606840555,0.14490414364989815,0.1527215053913738,0.444551968439074,0.09775152950360838,0.08844705946968434,0.18807289739369304,0.16749181381679826,0.09573226507784219,0.05998524283015117,0.2132962003439642
U_4005,0.07447484415214162,0.1301047838777875,0.19665821908379785,0.10525951971632244,0.14569622063218202,0.2099238911051541,0.16222694586140812,0.183625628425768,0.24620124866588136,0.7939314000331759,0.0972459075542225,0.617709616606537,0.18818074449548666,0.19978833217561245,0.1139475162773381,0.04180896310382777,0.15813889798631828
U_4006,0.23944463680806397,0.17900714623514136,0.23689929853700295,0.019917225595809038,0.025388018854415145,0.6336922868146027,0.199576927798788,0.21341044968189124,0.625683210075618,0.05088202342603013,0.04140780449015777,0.7288729134876517,0.1410677027242485,0.1369387624892065,0.36094702402005246,0.026249748146746563,0.11837704711719507
U_4007,0.26969526393773435,0.24679703528909117,0.25671626441385265,0.05394905050033563,0.04964389977877101,0.22173115085261372,0.3055310834159197,0.10025325805357335,0.2592206624719214,0.09164477638465109,0.0522790813910545,0.05709539137799882,0.1281322151431129,0.8205246473261825,0.3169692773923756,0.03172197956433684,0.1251408213152795
U_4008,0.2736470186380423,0.19220690273931107,0.1990851995081197,0.030066005758108354,0.019727857633103488,0.4801770103548828,0.030449978472087566,0.08313790119427156,0.020334856849719002,0.04790506726494059,0.04186887438772848,0.2046083607852821,0.08869923564912936,0.709907523006259,0.9039235849892568,0.024608840961709986,0.10677346476732169
U_4009,0.21520985862857078,0.23421886076793053,0.22694174076602203,0.032347108963897905,0.2738258769138927,0.4283240849581894,0.07643457560998199,0.10899790206373358,0.061493835755477164,0.055742833522793446,0.054507667584442775,0.6945828093438919,0.13154369600908353,0.1570565001007916,0.26903937564567093,0.0406899150858067,0.41658873954772263
U_4010,0.029105582210112266,0.05966926706264092,0.06960542433825873,0.10406050788139108,0.17761947166946204,0.5786802149765409,0.12548121066574147,0.14817771663307383,0.11945621121331058,0.18370190948047957,0.17538957520522652,0.16919175408015186,0.11541891218657588,0.17390094562422959,0.047051402212565804,0.8583349393005542,0.169112565888956
U_4011,0.19333581283083312,0.2792686273324515,0.5579662913681449,0.017968970820425298,0.021437456808872143,0.2503528835382084,0.022166417846256746,0.24509776200761113,0.4588040134956794,0.05918346107098453,0.036574799216752045,0.11955996498616239,0.10465377908768472,0.1322055668929002,0.27652144676369417,0.13086089354968247,0.10494531692466963
U_4012,0.24748351680572833,0.214945907023423,0.7312148774865663,0.049027668496452986,0.1625225294495225,0.5774948986683817,0.057566226882296255,0.09918168830217208,0.029117188382823907,0.07196374123167064,0.05579531386363414,0.30298548093188316,0.11082029165965265,0.6878116085815011,0.4710759992107784,0.022743355241471565,0.10864851612231591
U_4013,0.3600714328037608,0.3574971648857064,0.3158289904258429,0.03471593437710145,0.05661199790193673,0.18475519894433282,0.07526271138382327,0.10447472338880712,0.06669349762050769,0.05965990904985462,0.057866660361180544,0.06920605712697941,0.16867705400454733,0.20332761048042391,0.3330965395561443,0.049647727457551305,0.677119773405545
U_4014,0.20718789285947517,0.17972010442044425,0.9851041445746909,0.04972554778030774,0.17964108037744006,0.2253923439954688,0.48944524630180575,0.12231673568649082,0.06696918676321326,0.05244853507019637,0.0745267741222669,0.062123182100263366,0.15666155039869412,0.1303222964011247,0.10070919005328917,0.014076696232960793,0.13100840284114548
U_4015,0.03689468273693823,0.052374447473181124,0.18717671593661,0.09362683554258835,0.16504189472694003,0.19075487930257654,0.1351064403655071,0.16446828835683636,0.5276330250995076,0.19093367046347526,0.19821227212377002,0.20732361627536502,0.13659001007820804,0.14157699771396157,0.07710961533660021,0.42161025176178274,0.18871430409823434
U_4016,0.24362938419561853,0.24346823073909676,0.26848163116153295,0.03662107889955269,0.05076718917056022,0.27827005651149983,0.06326671870211242,0.12011635614436925,0.04564959598408694,0.5666966429090621,0.05914933854636964,0.5659001350581614,0.12887898228603573,0.15331598816479597,0.2418678565343648,0.030957299425551046,0.5163872283084334
U_4017,0.35648173715945924,0.2866614665282205,0.2833666263646849,0.0470428813119181,0.04564005373456417,0.929076359876057,0.07837842257712552,0.09522905768083328,0.042879946796153055,0.04828572921615091,0.049694315587334066,0.06243215929680533,0.17815519331864574,0.18366315557549584,0.318002691891421,0.04479424755937804,0.16431268433221244
U_4018,0.2606199989136314,0.23319230379376074,0.841139323823006,0.045533921049867226,0.03897694350989909,0.22554904752370442,0.04904044440296083,0.09944378305610313,0.0473137068319579,0.05525217387372905,0.04375670291750668,0.07234599366362235,0.10594914009079423,0.6476027730638398,0.27344374954929085,0.03980369200851823,0.12424940884753394
U_4019,0.21355522174429822,0.7153536132760903,0.14218615266388618,0.03472081193198736,0.28380821507982773,0.23133136616464933,0.07199831927159707,0.11540771225834857,0.4694378456562209,0.07093551187678093,0.04524552414482538,0.08009950946948294,0.10485829149627461,0.15920652076955877,0.09679077209077665,0.035688307256860646,0.7995954286736473
U_4020,0.09486070315036403,0.35262052100021785,0.22050349971854097,0.02504512535746306,0.18408125863228642,0.15453320635344364,0.24965575339238855,0.11734486729847599,0.6660978919358136,0.039387098499631894,0.05101402316301953,0.2268380408953663,0.12764111801451306,0.13462729005784335,0.05253485844894471,0.11766292554475888,0.09265692437314263
U_4021,0.17021479278719134,0.6421462533231688,0.19845422505801597,0.07772523308888304,0.07558691819946839,0.25814225164465515,0.1850471549872811,0.1400458924257716,0.6964542718016553,0.0744509070882369,0.06669859960473241,0.3086231397281728,0.16747505656480619,0.1670836006833556,0.09389591795530221,0.040993605230794955,0.1424649307005904
U_4022,0.22410290540045238,0.19821010624431812,0.20673675514889944,0.027751669260896773,0.2517608052166645,0.6471791036966887,0.03702926858537745,0.08488283448825795,0.023240549097930916,0.04913233413945744,0.03945344189557568,0.03729712163196968,0.10210695917616695,0.7280134639330231,0.6612387885920783,0.02432978185705098,0.1312634644388684
U_4023,0.32704612756925805,0.27731521758688366,0.26894021963059034,0.04412081023152803,0.04830106316003932,0.3303664955277097,0.07698589992017521,0.10922335177234395,0.0797818024487197,0.05875201636953282,0.058112504632089106,0.09806180987083926,0.13686907517923907,0.2214955507428591,0.2534245516474217,0.043078186150342826,0.6750455901293284
U_4024,0.219286533060918,0.19084209040359534,0.8406715823146174,0.021948561326361728,0.24393999403074562,0.3065795720053048,0.11148690899266904,0.07852789027776708,0.21167771709808497,0.07781360820091654,0.05012643864089391,0.5444566087632294,0.11944638514548082,0.1492368277092928,0.23979657415106703,0.15015788587489756,0.10690504690150514
U_4025,0.03884300480780204,0.0627701415522628,0.0794457980675907,0.10124472978969828,0.15445584056174105,0.7168612616119316,0.1326286546631293,0.1481246969985543,0.10546806970745974,0.12012052522263619,0.10221392711705762,0.3285008554739806,0.19699849287688123,0.15602912490891716,0.09195501419978505,0.6831549084711819,0.1571025329003335
U_4026,0.037685493821290966,0.06373401983006215,0.17138409359693552,0.09753664972746594,0.1920657857461327,0.11038843202675391,0.12138218730903949,0.15425816568865952,0.7443245754969294,0.191798493710884,0.20168979663824682,0.21195618182237225,0.13153269007935914,0.16997527261908085,0.07196739174821454,0.756010886068482,0.1748863669647595
U_4027,0.32238145614934755,0.24309579324332678,0.6179939032232606,0.036741443359373196,0.02935218553069174,0.14604786283223387,0.08377954605388242,0.11415066581957509,0.32981231854559445,0.0656400959748023,0.05080058311042492,0.5957825825499705,0.15562735787857868,0.1713684152270492,0.2593123724643089,0.0632022899972597,0.12391725989649183
U_4028,0.036867882948753886,0.0760474713274503,0.13995284473838804,0.12318926046452253,0.22703999257131446,0.19241886703818317,0.15605283864573827,0.17013412233521283,0.10077242344280918,0.2959310530091705,0.30388158049681674,0.2764618592801022,0.1429466727925464,0.17033904537500363,0.051516341790203646,0.478571789970178,0.30284284808481354
U_4029,0.35747648941026305,0.3015160318163566,0.2670275780950085,0.04408012616869983,0.03176185852542087,0.2647735739594134,0.08335719955493093,0.09631670150924394,0.6596361438179041,0.0640045559394915,0.057010292387340955,0.08059520713322695,0.16349453609026735,0.18998282328710564,0.3013349305014105,0.06106857799484834,0.17140513088653378
U_4030,0.30782143686605934,0.7139814199213095,0.29074636636753176,0.03438271794414011,0.038645726851737214,0.1525686534454274,0.32017983972821223,0.10250073383380323,0.5760613253413562,0.0713142780221272,0.053630847033778364,0.07958084306072657,0.1520907879404286,0.17037776140666977,0.282290194900323,0.03892713026959255,0.13266628528647365
U_4031,0.20247742265540636,0.16959007010854535,0.23385661160516513,0.0639577863221788,0.07009678806896892,0.8915415493854104,0.12776484344598446,0.5216164688403948,0.05749571575815696,0.06284520647337524,0.06295196016774339,0.06157908261431613,0.1449407000928958,0.14722269627879442,0.09117454556591892,0.033347309840247336,0.5342252219720978
U_4032,0.356595545532681,0.3098569104152376,0.3768409353730957,0.055404589413423876,0.045508660027090884,0.3102026640568197,0.083024344310613,0.11186657187703139,0.04998744533176366,0.5626617467969266,0.0712540834226545,0.09523631622222292,0.19267935816587256,0.20854836365709453,0.29907998520193774,0.05603434937390292,0.22686968881823316
U_4033,0.03940617454220825,0.057369917151354276,0.06908817302667464,0.08473036759889038,0.3541478421732838,0.08561027371123447,0.10038194043916862,0.12361605302824386,0.6021334343909603,0.17932127928197916,0.19064181059192184,0.7082071117360911,0.1564502538384925,0.1323301139373931,0.049086836934162756,0.24592476657823892,0.1522397124055512
U_4034,0.06524338395295379,0.6711652301496791,0.1765560255186659,0.06878786664370422,0.11709102747135212,0.20975721010471937,0.15024699651890608,0.1397866250793943,0.24043610762752132,0.12203323722601127,0.12368875965672893,0.09406070576059745,0.1558009917256633,0.16393672262636932,0.07516411024775305,0.0584724343888172,0.16361724878373915
U_4035,0.3979467272033977,0.9595150390588421,0.27454496748247104,0.05465155801023118,0.06333965549365873,0.1637412642129887,0.0846284722775816,0.09345454704371797,0.052998386939141495,0.05479521593254141,0.05294569203969585,0.07675291992286658,0.1581993439992616,0.1827352791444621,0.3011578413306127,0.038518489745548,0.15052230041410727
U_4036,0.028472534144450175,0.07102463520186818,0.15464708770681573,0.1032392006405777,0.5557421464834054,0.5165568088600969,0.10428548601187543,0.14601954112657722,0.06643300118724162,0.10733639021900591,0.11019058463989403,0.9197463427157273,0.10876210274960911,0.10988012604675455,0.062692223429394,0.538046633903682,0.11992690110004034
U_4037,0.17974558570022997,0.263762853268652,0.2601152405966909,0.052571435557404,0.07651792708012314,0.27615618839803985,0.7444413274342558,0.13217825492490373,0.14013049285153872,0.07932897212865256,0.09075426163691752,0.06722269674992484,0.16765940666743828,0.16405810638025695,0.08038965368660865,0.3463671463568337,0.14846139807901765
U_4038,0.2641662750860151,0.24087726815649596,0.28149933667044746,0.08162929732175105,0.08609838103083868,0.23682101780794934,0.18348623117794066,0.14450756596419523,0.7837068495587354,0.0627060364480232,0.12302493758208091,0.07506750753682406,0.16703579443245145,0.19645991480722355,0.1699008162118304,0.032623069535694264,0.19821816075410859
U_4039,0.2438076098230947,0.23291057069246715,0.25036543200559286,0.03874542441093544,0.04701736393373738,0.5766626873479093,0.251283020406628,0.0937313193546894,0.025883306527950206,0.045955283204986305,0.04394811101185509,0.041459792598363604,0.11711262639269752,0.6049927513152531,0.6437756323130603,0.029310277852574528,0.16127362592094355
U_4040,0.2723819029296637,0.2369331386946417,0.24653629648553033,0.04099796989928207,0.0474623254266103,0.1282559236725016,0.05033841375090999,0.10151925341985302,0.45823221711160306,0.06603169243755161,0.04976067964516863,0.07387642543044809,0.10059849544235754,0.6979100405625192,0.728701752808979,0.028599473737434704,0.13888154169157213
U_4041,0.24510309242894002,0.3653985940923227,0.5461498167068546,0.016721469685211494,0.026301415730567122,0.08842753180530182,0.039384348071338934,0.07639820448046997,0.21027353167571255,0.11314250042566484,0.04399775083178906,0.1916865850386654,0.10034563097299518,0.528754324786558,0.9174844931779302,0.013290314154720418,0.10127523092033876
U_4042,0.054431504972675196,0.6440963382415013,0.08654976811558908,0.09813000239355917,0.12539772786515926,0.14702244143343826,0.19500466747569348,0.11644654661497769,0.23774351360196938,0.08355869015505363,0.0973206277004864,0.7716408208265328,0.175747623440671,0.16923666369053605,0.06776325297151777,0.03668299492874395,0.16587697425536885
U_4043,0.4162534958808548,0.3771308178424388,0.4401054434267916,0.06612824155870341,0.06867380624631607,0.23973672784848138,0.09876588817912352,0.12822793038956593,0.07716599247454148,0.07319711482837261,0.09295565199604885,0.10245521231493632,0.2538112729352105,0.23853562047702692,0.464396421231034,0.0599803266443313,0.15872928277807224
U_4044,0.3154507443749945,0.2562807497948397,0.26533789383847034,0.04882742228663298,0.047370133871713724,0.2118242798869839,0.6053389791767732,0.09757574912617313,0.08759156867669846,0.06314426075291472,0.057989290463497864,0.07389880208583584,0.13347625151263934,0.17998533425978466,0.22360209986865714,0.036657014909187574,0.74950446147687
U_4045,0.2956185200792104,0.9833580457341706,0.24969828046259285,0.055237220061084724,0.03937438511573194,0.12755240156191017,0.07666248107675096,0.09363512122613801,0.05583878844488613,0.06864801538196239,0.05129198221940104,0.06652050210920375,0.14487850826512008,0.16584353198154142,0.26032152700657163,0.030200071455343508,0.12314103841077474
U_4046,0.15368097160291813,0.12458914720852451,0.21410354434872542,0.038835341468615066,0.0641089153864801,0.7531581488871071,0.4218330461237051,0.2712291973456153,0.13330075469675068,0.05560465971049315,0.049600426143332925,0.4366991543876417,0.1499523372598405,0.14928616138129702,0.05121720700858772,0.20908780209744793,0.12876228307923201
U_4047,0.10451978212091603,0.07804882336864308,0.2800447590310092,0.06675987264142598,0.07119257908011699,0.47681221338484303,0.593423383770002,0.1308961313064072,0.7580342559197426,0.08991302704506768,0.08277032654378765,0.30047538208298546,0.14633255873907175,0.15500003441094334,0.18927301768652605,0.032766236318508404,0.12176827869359283
U_4048,0.20615478100362286,0.16396885061032032,0.6138816353475396,0.02355752901813564,0.018830117645671933,0.45384070596607196,0.12885965960235973,0.10984971600165938,0.17267622371913877,0.0444408190692651,0.036067836670404536,0.37553603596395174,0.09161670501261505,0.6607749740265692,0.7402563422101591,0.09763486544905695,0.07423418654917228
U_4049,0.15181376607197275,1.0,0.21365666715514828,0.07470988057134678,0.08489346232712819,0.20454032506438022,0.10993797174573541,0.13912541974628861,0.23521515944949858,0.1041994721285267,0.09201797144274453,0.0904108393835604,0.1989903094080083,0.19588733959560062,0.09285174416713718,0.051199058555020154,0.19701848772833508
U_4050,0.047920100091443076,0.04032059247590109,0.09233582166387873,0.09384133031379802,0.17087321246585593,0.8005601541731628,0.12421001318051164,0.7189122190933985,0.1062623082442189,0.2373410596308782,0.21835996232296023,0.2667656083768922,0.1364062920522943,0.1609070959868958,0.0630851879005077,0.23722461058285893,0.17059124161322317
U_4051,0.23787130331570117,0.8803053383534789,0.2472846982758621,0.04105248554179894,0.05799784855880102,0.20830000110422936,0.08786343971308284,0.11037984241592462,0.10487164076021285,0.06564911591389863,0.059265130926605215,0.48836269862932247,0.09995713145096444,0.22643025246378606,0.19580756472378055,0.025350735630642655,0.4939850934815307
U_4052,0.28671452270688846,0.24738913073007837,0.2653448623031137,0.04815372701682114,0.03412267270864336,0.11525668075929306,0.04330190951030557,0.08901199138431692,0.4446862617141024,0.04120297795051302,0.048190661810729035,0.03504999531142377,0.128473667210932,0.6909124322684168,0.6373471912414814,0.033140673475587586,0.142212184227203
U_4053,0.17967509576047624,0.1298566677175167,0.9908180380999814,0.06892393241369867,0.07858285522983804,0.21904475085427225,0.13389800452991263,0.14110591438100004,0.11013637102871379,0.061908651954130506,0.07405952747110427,0.06800358909963568,0.12444198599200879,0.14409705466313705,0.08384302841869903,0.03564348082245816,0.4677107503371092
U_4054,0.09851602666680845,0.12953971164062578,0.16014456497123658,0.14422920722309887,0.18054965921518992,0.14906432262762281,0.12143130476973947,0.18917108826621115,0.06364022402118341,0.10722439090659308,0.07479457574956941,0.08104091729779295,0.11592667811656385,0.2000606734216073,0.2008559550475505,0.7045782222807595,0.34541991083355444
U_4055,0.3611551962466526,0.9524740257747109,0.2763161439529238,0.06109581022544085,0.05502137500127672,0.15589392283941403,0.07098851498565592,0.09311144120673596,0.058122810859447614,0.054726555798020535,0.05782743956520114,0.06750289692763119,0.1624509258691449,0.18656843969224834,0.2972005677348144,0.04727661022526658,0.14722705523678534
U_4056,0.6088127551055105,0.47372999394913756,0.47393375798514786,0.03542420658701448,0.0857125825250609,0.24859591830418032,0.07411899352141053,0.13983809379566026,0.05219163943096141,0.07960736521671441,0.05035757610071595,0.06956967548588715,0.1970763493058321,0.27491466380715124,0.4730131869312522,0.0648250158494018,0.23605839746092724
U_4057,0.3198737526596223,0.24823041021007394,0.26862864927276126,0.0362823871165848,0.031850144502597724,0.24125960128377105,0.07352773090825487,0.0961006665231307,0.7758183699136378,0.049566127978216266,0.04997978360618752,0.06977357934102138,0.1385717576075006,0.19895861780438395,0.2568208964495067,0.03979220465853301,0.5991780079278424
U_4058,0.25492088048771383,0.21061995627697677,0.30714927845101103,0.0701603935602821,0.1083936205466972,0.21347700268790126,0.7099586032030842,0.1370492718337952,0.07887879296682077,0.047272469448363205,0.06459359411905821,0.07310390569895708,0.17230301998157768,0.20099069644199735,0.15907561513394586,0.03819337913108506,0.6805398648112218
U_4059,0.09970536372052685,0.16216588029324802,0.721923799242884,0.09412315110333613,0.12175445892966388,0.7995826323699362,0.17033794560689114,0.15178265344288233,0.17624932984129546,0.07796737317628152,0.08032266521667276,0.42814361698251735,0.15226640674937214,0.1905395471651245,0.07427079238973223,0.03581187637442505,0.15929721785704035
U_4060,0.17922654605775293,0.1991127512657866,0.7830690690304651,0.048381092564949664,0.046295124511755256,0.7508262930459155,0.055760293295216125,0.08613286804097972,0.39919338508708013,0.06407082363611054,0.0802679310276707,0.046101080118070584,0.11401739413028389,0.13379050241049928,0.10904563794321227,0.1738934654083765,0.10016195527979896
U_4061,0.07527064949599666,0.1733057253191621,0.1618118670177334,0.12323477178473999,0.15997470368766023,0.2324685313299879,0.16991704104200145,0.17411985685157202,0.9718210011573736,0.0916450986658813,0.09661508477235399,0.08640825270807713,0.22744732610492086,0.19498589838207833,0.09239333099914897,0.04371545647609,0.16299027536850513
U_4062,0.026893829208384387,0.052053550417788,0.08191060059696131,0.08824467713654395,0.16351409306307127,0.18971092958200453,0.11929909784677684,0.7396827096077996,0.11233047516757565,0.15158043710387747,0.16127647413925283,0.6466446858066546,0.1007850145000693,0.129455344811618,0.05370349118335563,0.5682341945114862,0.18719167775747506
U_4063,0.44312358853513206,0.18094242209728692,0.4625477239450941,0.026768393196116326,0.03541441791549293,0.7976620215659307,0.08232524472905078,0.08219057877834608,0.04233931978300243,0.048208203930949184,0.052463601620002194,0.33391444180518975,0.11289333905092488,0.1324663428490777,0.2122494967455339,0.03533726200295897,0.1324796856334889
U_4064,0.2342689582095351,0.9791261558476236,0.22300479743739773,0.043059652905118276,0.061893137569188,0.2421184530529776,0.10272380891374856,0.12379208534690633,0.13091674777632167,0.058580878524919125,0.05576834657714153,0.0666256756566,0.15007431599918392,0.17554780766716666,0.14312124063518517,0.043268587133033214,0.5757805790301334
U_4065,0.02817314508464095,0.04467453203759036,0.09692643721615074,0.08160046648642319,0.15489171352770265,0.14584274673394124,0.12174208151763138,0.5867772817939707,0.1002650099308058,0.8083002146348797,0.17011298241739237,0.28508126350995155,0.1349450938306781,0.16182442759827811,0.08247419128893516,0.6138103108418631,0.17803094197290123
U_4066,0.34198886074314827,0.3273829546131051,0.3144536451657356,0.05245397335128388,0.04816744294200219,0.1650394436447008,0.06644026604195852,0.10366772904517092,0.8133521210170411,0.07456832664952318,0.07144823230932618,0.07334884414700513,0.189488042343839,0.19603418815675153,0.2864757022851992,0.05175861406848972,0.16894320863952175
U_4067,0.4034215022811792,0.3869811865702318,0.3110827805089626,0.04852166738712317,0.061865347781510704,0.16292865943142829,0.07982234362023882,0.1148855054583694,0.07071485545625099,0.06728192377429108,0.08697058889065623,0.0839323352502555,0.1798101936615838,0.19949292444530595,0.32662876275838465,0.6644053099033338,0.11754696684831845
U_4068,0.396054292960131,0.271785491348414,0.2860742771746731,0.03619345972887143,0.38253876327408376,0.2361029758796803,0.3596482359076107,0.11845821221022758,0.03763228813781257,0.06635527541462122,0.05131138451013209,0.5061446341713252,0.15522069032388247,0.1854408648447049,0.29251695232451586,0.5191105652243777,0.15316978687652893
U_4069,0.549161174297639,0.46531892668571556,0.546288806195087,0.03612317053147939,0.060510378194867945,0.2586719761378706,0.07684407755726337,0.14312410283039476,0.054594281639387066,0.08568151851465086,0.05231046776389772,0.13962094724294427,0.18810109604639233,0.27919474900332925,0.5111918479088866,0.06693230676027134,0.23246197194755264
U_4070,0.32640924007808725,0.25929931793961447,0.26077200262023553,0.04354927703567705,0.05578723401023217,0.6390823028295576,0.6605386694384285,0.10438517790093926,0.06730604003210378,0.07961544132733103,0.05860551231876009,0.10022119605683083,0.17110766581460174,0.1741200417390649,0.2777419014467369,0.04619459750602392,0.16256767901666042
U_4071,0.17683219954603532,0.1730118530675285,0.2770069031946396,0.10025583351845486,0.08927615895903046,0.2570727413432455,0.25447024016332154,0.15073965703656592,0.5984661219932197,0.12677856933469736,0.12490180177252441,0.5931010704246753,0.17574416585169436,0.18283377108459445,0.11093510293274872,0.03473655322341202,0.14519049888483482
U_4072,0.28338842630814814,0.6038436008773689,0.25096347002837904,0.0562717645635126,0.04913908314413018,0.21929386223938935,0.4690216426902511,0.1030974908042798,0.048697416780959464,0.08233556642823206,0.0637213998263791,0.05866294376758985,0.1513163054778477,0.7148531525352884,0.2945169372941606,0.03477673807944009,0.12623036457225484
U_4073,0.13150419555604884,0.23258397449429188,0.916696144088605,0.05790953182947675,0.09063834555507039,0.18920174043364646,0.11500988080400415,0.12237703560642911,0.18013751225361868,0.06357097331631645,0.07942152691997874,0.4396095714441001,0.13771686018444368,0.15434643660735584,0.09337978762679694,0.041552000319950065,0.14067796513393943
U_4074,0.07489460065214897,0.2112211520611063,0.15704459790040928,0.12369885466079272,0.15819152289816427,0.23585753904654372,0.18932929319390362,0.16751280455958495,0.9392597236375559,0.1440783861307496,0.14562536729998835,0.08965323658580311,0.20592087731025593,0.19842227176643476,0.10584229317016698,0.04050714444061803,0.17430921870395508
U_4075,0.005732352871173156,0.6131930647824946,0.08977624313701334,0.0666182806281974,0.12789621188769235,0.12579041564122018,0.09815215393479626,0.10479503221227993,0.14136533974818552,0.38554032746701,0.15464085258653265,0.6095589596900006,0.10318170512820506,0.09324446997817969,0.031090908672500903,0.4352287820728987,0.09235291021602798
U_4076,0.20872818890316575,0.04535368732070756,0.6591681182122875,0.07928642552139964,0.11682582298575069,0.09442175285999371,0.1062113325994415,0.0921974508273367,0.09594646342256317,0.13497654500169062,0.11792662638766169,0.411133642486071,0.08139681009277433,0.09162427191787115,0.022407679977132007,0.8287155124317362,0.09813471381680576
U_4077,0.2957229373972993,0.25976619732273615,0.32488957849209116,0.07136496714902776,0.06163599076854924,0.28603561040736125,0.11166187171352011,0.3059401012875381,0.07818140727860659,0.08311125303505143,0.07882582194894167,0.08104665447824738,0.16652598032242963,0.18862166909703867,0.24342864402702236,0.033737100224407374,0.5161356679428306
U_4078,0.24896840892825506,0.2545027333535896,0.21707565074300975,0.05963422853004377,0.04830707885274024,0.214273949541881,0.5081231579690437,0.268238655100651,0.2577711573303545,0.09104658617940103,0.07358446915419167,0.0948446168948375,0.17981512139162803,0.17307491293138624,0.22612191892921019,0.4208174917653501,0.11824105527771464
U_4079,0.2628955754152264,0.18154233858940141,0.5213050738730596,0.025642507387543877,0.6306181871579764,0.5825072209724418,0.04607597228438945,0.09628595957798497,0.045769617632306754,0.058632712020339414,0.043468936622837615,0.49239687285702816,0.14769468526883878,0.17065737985007032,0.21176963511759225,0.3729792352559555,0.1250619437877038
U_4080,0.09531359705859248,0.5638039771181182,0.2360515983390601,0.10332600969711783,0.12612862960583887,0.23691580118485828,0.15968704609077441,0.15677865624624618,0.09278508252866227,0.08973422120499035,0.08412705649742641,0.9279738699103237,0.15711084400949504,0.18115614365614227,0.08880614126453654,0.04879774909470166,0.1541427016290394
U_4081,0.06018417554817307,0.2322629091493093,0.169899068296906,0.058167377376330404,0.07941087422976753,0.1767012613276297,0.12358267313871055,0.1307271125945213,0.21024251980023403,0.5163547012951135,0.06632472468376245,0.8895117049846457,0.15507735138630724,0.1594838624690251,0.0710300486933582,0.33153212217632494,0.1385587954940922
U_4082,0.07027643174408185,0.129573464831024,0.683659768482737,0.11007254212470986,0.14225944207894572,0.24714558548520604,0.7312741451224767,0.15944556750509797,0.16600136913054575,0.08556615642193627,0.09683445010790842,0.49038132602800866,0.18382403957669174,0.1812788457397298,0.07851059203276736,0.046126852294844436,0.15582165921896646
U_4083,0.181438429923395,0.14114680990657738,0.18434696444613716,0.056944258674206355,0.06421634369008702,0.23001448829249124,0.3192260719016336,0.12417870964580954,0.2451392969573927,0.0576152195212846,0.05694353132480151,0.8152052993332621,0.1626578161650864,0.16059221669941487,0.1681911821700263,0.03954272264006234,0.3583582091081271
U_4084,0.18965270065040019,0.7652457344295633,0.25524091020639245,0.06747501574073454,0.07900682053742163,0.1966886415329909,0.10624220986799424,0.165098210875691,0.20127337715202467,0.1058647634110092,0.09284912400142058,0.09813587043624734,0.18583929385112433,0.18532952737224112,0.10399851625719458,0.04774338560203378,0.16339435229594299
U_4085,0.27567815317951466,0.252385572170842,0.7735072388286093,0.03888275627254103,0.3759582304272883,0.1874707967732727,0.07035997719574714,0.11485901761398375,0.6155467710478266,0.07641301947692053,0.05498062531556832,0.04959822948470104,0.1333238486680586,0.16492600308658648,0.27024983606087544,0.03060035799401789,0.15397884306996443
U_4086,0.013741367273398327,0.039074552960934865,0.3470361150267088,0.08251820192937587,0.4232554458443833,0.06593020974762835,0.1074837098824355,0.22268921797804445,0.6334619614031558,0.4132868106951681,0.17392901677985678,0.6804912307110011,0.08905866582730138,0.1096832134067843,0.034445447546211316,0.19381434672395026,0.12192658380458701
U_4087,0.031205449964900378,0.06833180459599802,0.11035337134933457,0.09831249947532343,0.1847157646261198,0.9414803794727762,0.11757258648430284,0.1492121182832154,0.1168559159644893,0.18562780388373498,0.18846707154950135,0.23061336926926926,0.14560027443291845,0.18590728137781085,0.06670505321787867,0.3371978922596551,0.17057895257744193
U_4088,0.2366106617496688,0.27502561954583615,0.19847461227557472,0.06056784252203316,0.0734250507266097,0.3282297047937082,0.07874897110449686,0.14315452652399369,0.8482649274860834,0.09002856912104926,0.07797023091702131,0.08476145315792459,0.22062237233347445,0.19625577061000055,0.10379029637224893,0.06178159151845028,0.1912683453656411
U_4089,0.10381636064061192,0.13555447118545208,0.5514700380962492,0.04759462403928026,0.24146165290871718,0.14695485898208227,0.587447386736476,0.11585482855684157,0.1526107134655249,0.3859403848812802,0.059223990473817045,0.07222872428933853,0.1519503789256765,0.14829664874685167,0.06657983015916029,0.22403159134538841,0.15553497919371664
U_4090,0.4050572129271397,0.38743773879105514,0.3814183427914714,0.05242793286776708,0.06292624208975627,0.20303284299880725,0.10756997359735043,0.14310407145514387,0.07956660130818524,0.09011348587633189,0.07737991177054865,0.09039660251866574,0.1851299932069745,0.22475163572930262,0.38367505621186854,0.0614436794329654,0.16906218306589418
U_4091,0.5200492231199141,0.21450280214876521,0.5793845693839266,0.027337745058306884,0.28385967182383826,0.13636863488974998,0.06701712841812478,0.08495700523822847,0.6488363149436631,0.0702513780520191,0.042173652693235385,0.38796821162151013,0.13835222169250266,0.13253020760864306,0.20931689225303265,0.2862289763763392,0.10126959114901067
U_4092,0.21237958137134,0.18444235773194811,0.7859884762577494,0.02136391156667117,0.2145978233475536,0.0778255056544847,0.040558731394614383,0.06592462133769376,0.11865793212719869,0.03686129332951624,0.03152285083201514,0.33832787563356864,0.10096440663743338,0.8006902656403436,0.54158589231877,0.024331979794630795,0.11303419380113489
U_4093,0.02322293715296366,0.0712983276919908,0.07464916577352264,0.10692260036739308,0.15358218925037276,0.40981334503064654,0.09756237589905845,0.10329664270297961,0.4670202646752393,0.4899632764371183,0.16287908562493458,0.6514210915759389,0.0805763895683778,0.10109961646894457,0.03287383253189731,0.29045004177786327,0.15047528300883484
U_4094,0.24770983874936384,0.2239547160001374,0.2840453649393097,0.03405992465145211,0.06008164573220007,0.22975757218466006,0.07372310063486072,0.4237816392407358,0.27104471105100497,0.09960189737753594,0.07249703317695921,0.7122889350352923,0.15072605910372158,0.18365463010740987,0.2356236641424315,0.048847659009266076,0.629685983109129
U_4095,0.05906914510555353,0.17552837146527273,0.10154021503106676,0.09217916060464751,0.09714616596359037,1.0,0.1528545026680864,0.13183218087692672,0.20043690083190357,0.0630056873337957,0.0676862911625283,0.6895163295382394,0.16968987833409285,0.17167790039774888,0.07231599348950853,0.03824386487537838,0.14604993468428273
U_4096,0.1851895623398636,0.294655184490144,0.42440983909230034,0.019411298627828262,0.031091901645231526,0.8027269365994294,0.07296431444143506,0.089276676205048,0.06092514181489596,0.049654564040035466,0.04024725622642075,0.16173947589335977,0.1103858338392984,0.12460303495344954,0.2073560617047433,0.01768945325867147,0.6991180036031217
U_4097,0.21679239421402702,0.7128946478443763,0.8326229480863512,0.03886219796284945,0.04725601490457816,0.2389531978411113,0.07491247199146953,0.09827382182482411,0.054405377864284656,0.06438457978008869,0.05821092106312354,0.06748820332137695,0.14430246009858166,0.14229380885412002,0.08930717747684887,0.034096096598705376,0.5103727958689133
U_4098,0.2866570650729276,0.26041567542246435,0.9544609361295142,0.044893795983325734,0.47072063724781843,0.16934320514321932,0.07970283061359432,0.49402515482071085,0.15723016081078967,0.08039430854619048,0.06056323081824849,0.060472155040158224,0.15391713730697748,0.18060567702908478,0.1263649672505273,0.02653351451148858,0.17235952485062894
U_4099,0.13032317698302787,0.5424081534346363,0.6890830218697619,0.032064928378526814,0.30026515371179374,0.17936360350550357,0.10327625893706252,0.1121078802720937,0.1405405397331943,0.3580021887141858,0.09204406369167047,0.07586219201513662,0.12224420407338552,0.14145691983363437,0.06305416135661801,0.21309842299087414,0.38220703311843784
U_4100,0.23988015641981225,0.2102020601973813,0.6271025176119887,0.03687723014461758,0.03318922141175982,0.11117724466497567,0.03764822923958038,0.08062747859371219,0.39902306840653934,0.04189904986386957,0.04053408873980882,0.05382045342598094,0.11346184252100447,0.8775352374620811,0.4951694586889826,0.025141732988216408,0.14674993634734204
U_4101,0.17210457220949044,0.18934018247301937,0.29297902346114774,0.10453928276339132,0.10216554143767483,0.16690178598713454,0.7070937488456832,0.14588196388821711,0.1599501613976492,0.06020131463607125,0.08749596072735333,0.07155895510502071,0.1888650197784505,0.18300872270039767,0.09868749106153483,0.03312810057608822,0.7226924137208106
U_4102,0.598971914225572,0.39171216431908584,0.4116813120993229,0.03896055251754634,0.04104451940511515,0.23099809703014743,0.07675856278954687,0.15093342706952148,0.06469444080444643,0.0921041193373805,0.07222636383778794,0.08075748255234197,0.2099894178941298,0.25478174932071124,0.38112308901698494,0.07021259448444532,0.20409932789418117
U_4103,0.6456998371532026,0.4768374885820176,0.4678134323668125,0.036507228620860116,0.059341054883486,0.2539091797686448,0.07628174278259756,0.1390812962115731,0.058202669431777154,0.07867768194791755,0.05830664602758821,0.06728091600303655,0.1971192344141204,0.2726182493556532,0.4703703561728945,0.06742325440983557,0.2193444989724053
U_4104,0.2538104122866878,0.17061218267655312,0.3304937138109497,0.028865655405699384,0.017921733862180246,0.08899895439613129,0.03909587260765785,0.20292144560146902,0.0838022886606594,0.10173320168739401,0.04056165534313106,0.030929585593433603,0.10091330036862542,0.750300473685102,0.8247102981436016,0.01315044846531801,0.09055856000790287
U_4105,0.23301287000043527,0.20690704740490445,0.21733346324506728,0.02966454669514927,0.03137714035430276,0.1806666268825652,0.04450276049477088,0.08743788237143857,0.45101886791017076,0.2609922619819042,0.041424576289051065,0.05851275384371421,0.11736553979280578,0.8564021851792927,0.48503544223733636,0.03103222121890968,0.14321910985984826
U_4106,0.2526538720110864,0.3751644048536999,0.7914123330747413,0.04771957134167918,0.15119387687674743,0.10548871332215906,0.05584565089341844,0.08849891325803033,0.04174218062208626,0.06324191500152963,0.056756624730346136,0.24329222469863163,0.11559326868630188,0.48756713025593484,0.5600215121258136,0.024887127145750924,0.09287239683936564
U_4107,0.4332513369263908,0.3456201178421729,0.33027370862225514,0.05071343540636589,0.058361868120363855,0.20844656594625507,0.7980825458013385,0.10052690772525935,0.06059161263882911,0.06300824956504542,0.06960134702129965,0.07786757717421855,0.16935416120175828,0.18840500380758896,0.32058692505009784,0.04367423389938615,0.165728868358401
U_4108,0.32799802998808797,0.6565431782841757,0.7307734922825839,0.03871613700768406,0.04949369758899621,0.25017107476313794,0.32360479811489684,0.11249554413464385,0.050251689146526925,0.0713685466900944,0.06614485433513724,0.08115255428940497,0.15395718782280518,0.18100343063173457,0.2572901458729787,0.025473633866982984,0.13443888781648797
U_4109,0.033335014843747804,0.04269699862874905,0.10667169111891159,0.07494789470428288,0.3953367186557915,0.42250981337511123,0.4311043761536125,0.18032515651171113,0.08979589953194121,0.18542684570887463,0.19704328078968963,0.2503383764925922,0.1233358009698808,0.17555248341960444,0.06651687563221373,0.41091667579064306,0.19361242026485176
U_4110,0.37325012424415777,0.35680850459289976,0.3284479735430143,0.056079681752673874,0.04241731836868925,0.18237746159203921,0.07119369658880918,0.10538175860198376,0.6656721671818502,0.06910355294625573,0.06952562055768027,0.07228773739527308,0.15724501143716232,0.19857271349859124,0.32205141789354164,0.06752212817206224,0.178725512002882
U_4111,0.06239255726526309,0.8539919447944944,0.12939003075145383,0.10709111549396283,0.14746001454698504,0.12556640549126674,0.11929467370265015,0.15306204491507439,0.08748877133707361,0.1303065068851994,0.12170197228600475,0.21373020303393542,0.11869950445738937,0.1538162621211167,0.08070902630950101,0.3322513334955363,0.1731197390940205
U_4112,0.2993884824956062,0.9631682184903971,0.25678452937245044,0.052149827873206336,0.05813818240913936,0.2243923151792555,0.06704432410383133,0.10364934568728566,0.055359418456139745,0.07120629897209314,0.07860047486904616,0.07183720228147032,0.14009015802087277,0.19646616034669154,0.3742893612604952,0.03746732596699104,0.13855037378134522
U_4113,0.317854340194858,0.28387880472866966,0.9068301632867253,0.04452082619905281,0.04511702348355066,0.15322422406594938,0.07297197050024978,0.10405132083577807,0.05490522576855645,0.07227110547215758,0.06008690938639782,0.07323477587711259,0.1611881933983426,0.17201330972271275,0.2883909446826372,0.03719608750566052,0.12845541071379352
U_4114,0.2510492411634537,0.18934875309044097,0.2827082964926177,0.0675860245670241,0.08319556688583896,0.9222831746885902,0.16497781002823259,0.12842629546562953,0.057104314727377176,0.054483208281819406,0.053180855032503166,0.10670885623490596,0.1283610747581807,0.17671822559404132,0.13520303453939106,0.03824707242632316,0.5314328389247425
U_4115,0.06758089043527946,0.16169003210466257,0.23185451308234362,0.1151199958756689,0.11624065884893377,0.20434162312494414,0.22443596153527753,0.5557538905595627,0.14787155670980281,0.07183605690559909,0.06759211982983632,0.8376605465472198,0.15732181217386162,0.2187866351549143,0.19857292068244292,0.03754493455518447,0.14225009659707036
U_4116,0.16356611429011375,0.22676959447462766,0.2686644094430271,0.15203083159052982,0.1960143427188829,0.2948440134452241,0.21664451087673686,0.21389047237636435,0.4821145370720622,0.12912313343579077,0.1165833619142094,0.15088483719679405,0.3106786822651009,0.32295837202720523,0.143488820054173,0.07939583830599228,0.2254112723054548
U_4117,0.45427814948145173,0.3508306247945323,0.3781639209048268,0.07526015429318983,0.0608225625907784,0.31160412378439234,0.09531597390258256,0.15861926408240182,0.06148035388974572,0.09568608695335404,0.08469967763957652,0.09899514489523799,0.22260669942907146,0.21420298362649956,0.36476175031082214,0.0487060287350133,0.19080883710508295
U_4118,0.40111852662452313,0.206347071465841,0.48703692499895934,0.035411199304743755,0.05290551356377485,0.13420199505228456,0.5791121218199389,0.0925771835276171,0.15685922307466962,0.049533771639588206,0.05841770616804296,0.32942687364184803,0.12625059602389638,0.13681685560541593,0.061972836752085717,0.33449515832492366,0.10507266994513427
U_4119,0.41564909016947366,0.28962279051970624,0.2827077928112107,0.03554663188239885,0.039172998206123084,0.2107911158026154,0.06960611386885357,0.09907379560481255,0.7047227305397892,0.05578771928778249,0.05678438169193682,0.07230978389797399,0.14684210855042285,0.20486062349487244,0.291099028277299,0.0462244824931209,0.6013016349403166
U_4120,0.3619414237858175,0.2651559084770338,0.30158947306446665,0.048643885966709585,0.05822776034529044,0.1569622253912233,0.28418411509558406,0.10353057103496513,0.6711543316020105,0.08480592759206868,0.06138173248715677,0.06267294148584708,0.1484596449541483,0.17007936596956227,0.2529150824463683,0.03261603682505391,0.1152542987412806
U_4121,0.28257946462555134,0.27896986377656635,0.5102907220406665,0.04204227864900349,0.06963578344886388,0.2052561966135964,0.25884361497407,0.13127093338262408,0.5242802739801786,0.49841518843279004,0.07484465342610952,0.08052290424471192,0.16822735459558574,0.16780638204174436,0.20283357433588076,0.032418154892347326,0.15009396756451
U_4122,0.06280219268523084,0.0654467977247978,0.13223382898217034,0.1032923129806233,0.17804019433559493,0.15209828331483052,0.7593928750932797,0.1848502143145794,0.08401554262502978,0.15464512369238761,0.131811205350815,0.14289286713828062,0.1060530234356463,0.14425340747232762,0.05612453087965928,0.3413420973377122,0.1593492027536687
U_4123,0.30462215353671895,0.29220245796226135,0.2977056616982015,0.05282566265250693,0.0407070148157241,0.16358852324333759,0.06683589088453024,0.10944030933297351,0.6877980750739381,0.06328300975716099,0.05167411755349342,0.05752924679476465,0.13326332254696738,0.16752697264109961,0.29120152298983,0.3359347783829861,0.15579267535132146
U_4124,0.27487057439518686,0.5456829638796681,0.24094272748795534,0.03343027519902084,0.03689805828410922,0.21106996346851573,0.04438149858601817,0.09150129509051194,0.028442420906576067,0.04903633637252446,0.041441881965732154,0.06334684166291568,0.1450182797326402,0.7173546518059106,0.5047518574535375,0.03502204020922248,0.1540242210012676
U_4125,0.24859336509209112,0.17652066476161693,0.19545242770896346,0.07881990112179793,0.07768738364312858,0.26391560733129293,0.1580295595618169,0.14566281951540797,0.19341715972190868,0.06292817784915315,0.0607830671004911,0.09106680983987796,0.17201496324536503,0.20564377562693142,0.13018371366822123,0.04535072032113718,0.86851786098941
U_4126,0.22088440180606728,0.41538268995447863,0.2272250261071817,0.021143342489531633,0.02967102938396725,0.24443515217255402,0.12195414411800617,0.1720618593122232,0.02358607746789531,0.16998194873234435,0.03570374467574892,0.6296418866103377,0.1372678575413383,0.13186550238736222,0.2016350797260198,0.014075555565716207,0.6898284620427089
U_4127,0.32677493946123143,0.31182516941894317,0.26490171075973185,0.0368959985285605,0.06308564140709624,0.25043007814476786,0.08157402738241248,0.11959936875855914,0.049621948010684994,0.6153619617888073,0.06336841254609604,0.09486670378697926,0.1713761527160143,0.17878476793137535,0.28173786355733954,0.4694560462722623,0.13444134579094372
U_4128,0.04200804691432713,0.07808065405339659,0.19512117449959357,0.10377944372413535,0.16605447328738948,0.19958652288467119,0.1474875251057262,0.17017812415007436,0.6179880495435968,0.2378647501773869,0.2170920329580363,0.22298245014006923,0.1317434424632336,0.1537530223790377,0.06270085145216035,0.43516204961864957,0.20930472545623086
U_4129,0.22267803450820947,0.20054282684237645,0.8401257474750805,0.03092331263439129,0.15950440579717579,0.20286128100792894,0.04834085695824688,0.10604883462582995,0.046050556423582883,0.06578390266863066,0.05728805611088969,0.04058737791086413,0.11554502602988899,0.14596645260067143,0.742687577432052,0.051173398609056064,0.10610971996875795
U_4130,0.2537472439198995,0.9061529242079676,0.22776848032875766,0.03627593432108972,0.3572840431564733,0.15292415776894416,0.06788944201735082,0.10292974429185547,0.0727654329698033,0.05789629461474592,0.049932139834505056,0.4889693242823518,0.11163313854333387,0.14514168910509112,0.22076579547256714,0.02687156603964404,0.5000424618279236
U_4131,0.3530272033173109,0.3174303716866633,0.3125518465343691,0.05250865999319778,0.04541337089710869,0.2944831524149433,0.08733571437971427,0.8318188691155926,0.039606893538146476,0.057167090788183224,0.06577505129098125,0.08372714488345177,0.17724678898500218,0.2005803829892484,0.3013431942942416,0.04656268771566396,0.22611076535968827
U_4132,0.40994733256639476,0.34384268264568424,0.37426777609903145,0.04261322966390967,0.049684275618499335,0.1741286995790086,0.07848311248707625,0.10556023030784686,0.05004433002164056,0.05863910048375544,0.06034326711895493,0.07365295257150035,0.16928270545897403,0.19717631864111126,0.3414124860454609,0.6470725845396892,0.16560721578237445
U_4133,0.11063741435044364,0.8002115931434439,0.1377168110838189,0.0713314208218973,0.0995094906544001,0.25875395076163626,0.13060594848298107,0.1384588700585777,0.15421664972960744,0.0704688515843509,0.06956455120848183,0.750697614462351,0.15968248498341459,0.20986736760605393,0.10863038480067327,0.028728736533982294,0.15559457110135522
U_4134,0.053036336174065314,0.1460787350466563,0.10219328150849732,0.07848788553912625,0.08726207272474777,0.15193576798512334,0.14669740126552092,0.12276272566033625,0.9655130215642129,0.05972999632142435,0.06802493688350277,0.5660317510752728,0.17296168372633333,0.1540065309236582,0.05842020302900929,0.026907325231776413,0.13073430999075972
U_4135,0.20343979336946544,0.8561391246462173,0.17663679533888937,0.02883778293380815,0.19932238197624236,0.2146725077001681,0.06571864044840314,0.12655830590009262,0.6366161128347518,0.06076414157629811,0.06640709264625684,0.05369577151048052,0.12840743239433514,0.15841348526613397,0.06112851357992469,0.25762331269236555,0.2997276469925773
U_4136,0.5629669509321258,0.4886209526185038,0.46309756477630615,0.03286491583729326,0.046412874300412535,0.26322123748422815,0.07925022090126098,0.14537542646570667,0.06221549627598347,0.07598735257147111,0.059946492441294505,0.07532868561867707,0.22529552598532263,0.284711686105269,0.5642569372287454,0.09257486818139046,0.2048220411269058
U_4137,0.056180745942926075,0.048404694987788766,0.10416914402284971,0.08612563440218207,0.14034659208517822,0.059446255156222254,0.12355625343402465,0.12294372618596947,0.08084448804172428,0.557780047515805,0.1468396003229333,0.17505191485450716,0.08312512975400024,0.1189658809926947,0.03977846464652638,0.8343872794109497,0.13847292069113687
U_4138,0.022090727042368887,0.11540821163098505,0.7641634442251348,0.03696014992340787,0.25622188019195913,0.49441529235771975,0.3857052411250056,0.17558579775668387,0.1726383903886379,0.3422358407872813,0.056531271584065096,0.4691611454912729,0.11136151931203057,0.12174109838989215,0.04279626802081832,0.028311741869203426,0.0891977003686646
U_4139,0.30803214499332704,0.3263682817499288,0.9315294154676999,0.057021695779288936,0.04860161449799743,0.15201547800714843,0.06391324640547347,0.11621187205657674,0.047155402841100626,0.0726667170285226,0.08061565333262677,0.06670948087190123,0.15842196085303514,0.18562979704887778,0.2699491493820439,0.04212508592914545,0.1288383435526891
U_4140,0.2539014094609026,0.17697987702842174,0.2858195553801177,0.08096107807386321,0.0749652735697843,0.2800982021829332,0.12748140568332889,0.14574161771508037,0.0447654681386786,0.06177479318920942,0.06974361856199815,0.6987329212587814,0.16291408860593448,0.1723171026051955,0.18512550895238214,0.026648111133514077,0.7082994420812623
U_4141,0.24147460738122956,0.21712759828878261,0.6655069508822127,0.0339070947908622,0.03494834803953309,0.10978736884725959,0.041466386055667215,0.08846463667174759,0.02935831745115844,0.0436138948133776,0.04405374043151687,0.0695952817296442,0.10980135884722331,0.6445270173908428,0.4945217783952492,0.04045492561104621,0.15529712007762364
U_4142,0.2833453791474567,0.2282356356354292,0.2393329650323826,0.03896114238129129,0.03403819064726289,0.09180346651649901,0.046900848242928596,0.3246777114782902,0.3605567732545175,0.044108726393628714,0.03737842718209649,0.04165446637476486,0.11060826979693628,0.9154950638519441,0.5681529053960561,0.0345183895435468,0.15258454999983886
U_4143,0.03116904439184298,0.07590164975437959,0.08003017246235025,0.09320812705590659,0.16575879476603608,0.13128120542790683,0.10819415950216334,0.34674598911649174,0.3326110686269671,0.1563775647290477,0.1807915569904531,0.24463537296918914,0.12036867846510163,0.12462206153288141,0.06138958487906372,0.8604945218044866,0.13731073690319184
U_4144,0.31497440183907777,0.6925374070487686,0.2774554976676659,0.054273366733847264,0.052839727304436354,0.6060533653681277,0.05329229153675698,0.1100470180057839,0.04888939301539474,0.07886346631927711,0.0572939278575154,0.05021390211001926,0.12692242091281355,0.7149663333723468,0.361093909510704,0.032637988353614276,0.12541290386691484
U_4145,0.03685295774195075,0.06334872569449944,0.10699183718060894,0.09837016062491852,0.15230140139869433,0.10788651757313639,0.1483678911086801,0.5442597057273766,0.06536748108650998,0.16722933242328214,0.15669803292660006,0.21866810952487822,0.11489291621351037,0.14865994997261292,0.06997312773248957,0.7001289029147237,0.22040651711124742
U_4146,0.29191455102262026,0.25668683545761883,0.2834784361260085,0.03765005013328979,0.038167116579020874,0.14984245760170672,0.07358581812153557,0.10856513284412843,0.07086981115267911,0.0732986104251599,0.07009367803387294,0.8238871516622339,0.16473695966740287,0.16884339807494553,0.2592898619519897,0.037852960747606676,0.12810174364653598
U_4147,0.34755485617966153,0.2834669020732508,0.31326306130390963,0.0417030979542859,0.04841909778014057,0.46537992753374485,0.07716472812337177,0.11659011829578132,0.07377129226857869,0.5270114662733998,0.0651808997494901,0.0847210746030675,0.16569530574136512,0.17020030034719513,0.27391313491181346,0.03965159647073029,0.13703913415870855
U_4148,0.5438918733860834,0.21334274691556065,0.5360830986569811,0.03554232080834416,0.03971102074258706,0.19173934099309792,0.5664938321664863,0.09730516350690281,0.08074403869886662,0.06835134097796228,0.056527671749314216,0.5224951499459136,0.1118450941323348,0.13864561697002156,0.12978066780959457,0.034398966741409825,0.1605017690649332
U_4149,0.28680484341387796,0.7351629218639955,0.25765876696585044,0.045638676136068826,0.043833827778619834,0.26906056840953385,0.07345482784885021,0.0971292436890339,0.5962680207026119,0.05480959930460212,0.04352677408149266,0.047177040116254544,0.1367704000629497,0.16029533829971448,0.2713993087581767,0.03350633060543526,0.15663446619237
U_4150,0.06660326715824154,0.11799688625431001,0.10877027258701771,0.1447764343829747,0.17638042014547828,0.1135402386217393,0.1399263938404476,0.1965830807182504,0.18729467939108901,0.10008232028268219,0.10120036473223905,0.7380874746668564,0.12166299101918195,0.1874749273931312,0.12141083905635887,0.4276946196959043,0.19637608582274615
U_4151,0.26606511019484613,0.25767821158625753,0.31128020737878803,0.046185831242735155,0.05190359590599809,0.2574397588143397,0.07945032619701728,0.10563463688881349,0.6087951255034092,0.05253266821206689,0.04736652257042579,0.0938834005666409,0.11938405717479982,0.188464601862973,0.2734760509941008,0.05861775488779134,0.5135808866565217
U_4152,0.056368760441313136,0.05946020307699563,0.09408119893684748,0.11660756668254083,0.2762731302000931,0.42645127602710825,0.37992191115559454,0.1326774855320831,0.3686612203852678,0.22857491226995882,0.07261773265255331,0.05860587883854408,0.07354931031198426,0.09720812286315444,0.08104113959269116,0.7660637895769451,0.1414634917958227
U_4153,0.2750978319806305,0.6178724413247709,0.2478907180045263,0.0303881265925322,0.31373263465867174,0.5728069212055036,0.07892570511136379,0.10214049675334247,0.3945318064393919,0.0686755753534012,0.0543380291112492,0.07228177416179189,0.15096000628457973,0.16957971227325006,0.2306795557856632,0.4553688669859156,0.10777727399687388
U_4154,0.26597510451715034,0.19931658738819108,0.22453048618439478,0.031085476181373112,0.16907370226318513,0.3670928444389957,0.13375690496191456,0.07507545444438897,0.03823254733775632,0.058742893040058794,0.042657822264394143,0.043080882897216025,0.10416965297444723,0.1519483971066405,0.8844393610373147,0.19263410924184118,0.09232831142837215
U_4155,0.367240220454298,0.280148150974556,0.3283227429412166,0.03878998097348993,0.03986491378299957,0.3006753263665968,0.07204055568353676,0.6418798940088801,0.05341623795504084,0.07257943452791804,0.06321708956732677,0.0930791340541833,0.12362548688456321,0.20630021243372204,0.28381503951967596,0.03408035929298594,0.6972727651134896
U_4156,0.3055913497673971,0.2719520420677959,0.28080650456250184,0.04595115258249944,0.045823554729152366,0.1450685114124004,0.06261395632514072,0.1076929496501352,0.06160205624134729,0.8203085870944224,0.05808276875828121,0.0708819149014261,0.15146744810316312,0.18132166356801896,0.26639414765960584,0.040962799201846464,0.12076775516952934
U_4157,0.03547602166963599,0.04111324477591139,0.4545035571710593,0.08534729527157456,0.4770743914149429,0.3120479696102168,0.29675657780391684,0.1050179185509746,0.7065818933790591,0.14868377417005596,0.14921720581163114,0.10625284693604302,0.08231756106590413,0.09720977036407633,0.02545372223105814,0.5741032367002021,0.14383333988346703
U_4158,0.03663385498045647,0.15022692737872353,0.08647724953861433,0.10036948986511934,0.14562698958794587,0.15528854728304636,0.5859502977081441,0.46104825071046945,0.10258729032092828,0.1302272441940211,0.10698778514839383,0.20129863013139412,0.1193502162529681,0.13232563692168378,0.07477039563427566,0.5035298128809718,0.16375617756202066
U_4159,0.26613505800272524,0.22720463647228178,0.2374638459327236,0.028060828889594436,0.033130867330091546,0.4732883464076508,0.046385801281914836,0.08734876838689247,0.028824611498347204,0.04790858238082617,0.04061164491099474,0.05704815583590364,0.10147063560729136,0.659537217698241,0.6010872335941122,0.16437986376682764,0.1691385851365102
U_4160,0.21770536054066275,0.2707825674851368,0.25246625447905563,0.05827177130067965,0.0567952718887562,0.21012889284548375,0.11363313599415517,0.5536769003359596,0.18196557837659358,0.07414453027810425,0.06874329796669026,0.07742358897992146,0.15262568790316625,0.1622353553693001,0.10709959683548514,0.02454459701718855,0.6866446822352452
U_4161,0.250250520537417,0.8041381147436653,0.26647325023273677,0.03522069106008046,0.036376355590744466,0.20331224049485225,0.04618298579005405,0.09107163617816529,0.03316919609458885,0.046794839256887565,0.053094611399026985,0.0372924425931562,0.12498755028362737,0.7090315543816117,0.5574370559640474,0.033681657403168794,0.15176832580219127
U_4162,0.2686031256669923,0.3230460821866474,0.334380394984317,0.06333135858911167,0.0710894026047247,0.22329362469601893,0.09102413296206206,0.1307689301477655,0.1512214225472085,0.06213159898312609,0.0801325194088547,0.0570302569714853,0.14271654859233826,0.18375936746093258,0.16235624752295463,0.04875904471891089,0.7626503848754678
U_4163,0.28868508093510603,0.2345071988284654,0.2521031313956263,0.031201969838548296,0.029421408507297575,0.1326582464284236,0.0590511633582232,0.08548501757948469,0.13503509564715713,0.06327300192444239,0.050235646957370414,0.05630268489736973,0.08582884302279051,0.6080083674692489,0.621705046472588,0.269852165609496,0.1119084571485742
U_4164,0.33019787840666237,0.28497571797644544,0.27236472992734234,0.044065247200185065,0.04658147911146256,0.1367959851045766,0.41894405597090195,0.11062452267967895,0.05399591047492479,0.054611720037400426,0.06333117781100042,0.7133421905359931,0.16922124477494555,0.1688243210696934,0.3039460553050881,0.04889879150926717,0.0985588357672668
U_4165,0.4646769023814839,0.3031095721729304,0.29146555909115834,0.05455026744478091,0.04094675533229286,0.15589319303589907,0.07108402432633847,0.11683761037591704,0.06258381569771095,0.07412799652544905,0.08447450044445179,0.6951266334967245,0.14751613565651167,0.21493074449502833,0.24918413308243276,0.04445685733639973,0.15012520124329334
U_4166,0.24352294305175476,0.2561532206368058,0.7216857029218657,0.05367262649188486,0.05772705848320208,0.259578896474204,0.09988633341084584,0.11368675423384084,0.08029614580658749,0.07044769029499597,0.057012686314292,0.06199084609255154,0.13289771977696674,0.17650969321483959,0.26339792960687736,0.043678499256984846,0.4733100393212483
U_4167,0.2279524329869672,0.22787940530055395,0.2901635673043855,0.08598099786318684,0.07761597928054742,0.26481114728098093,0.15245460098954505,0.13515109478059653,0.6543448878976779,0.050826414726242025,0.07617162883387747,0.058738256303258296,0.1769859708250187,0.21793512552149694,0.14492156414148924,0.029849337149557252,0.684514595449172
U_4168,0.11140442904932349,0.16479947224672362,0.15993626095854369,0.08981057568181279,0.10397546043080873,0.1823962387849635,0.1583861246586836,0.15891957353743574,0.5462756485597706,0.07084175348972147,0.07126644102103766,0.954662921862641,0.16771386145312514,0.1661988599947079,0.07396714996068492,0.04062250924119051,0.14784013588760364
U_4169,0.3711910268345067,0.29867167667139044,0.30318041200689466,0.05250764845279329,0.06422732476624529,0.2636870906129532,0.10013191399895097,0.7575570940986325,0.08214707720385489,0.10046188425929582,0.07320169971843406,0.08565379228481854,0.19064859731219502,0.21223225398098972,0.2302058379124724,0.03087493924469735,0.2969966543646366
U_4170,0.2232363999391669,0.5229299854561213,0.26264433950479216,0.056576398606482566,0.05806397858720614,0.16804559099931524,0.14698613757783963,0.11598306974812386,0.5758362741690604,0.22814741983046333,0.053086469956799415,0.06477596379562593,0.15009328017609447,0.14350744651509498,0.11479920785136383,0.024528747668647308,0.6438208061261974
U_4171,0.3400155740452638,0.6383827249108369,0.9400822137975078,0.05328218656298693,0.04487877449587517,0.12460598450121907,0.05422835999136011,0.08369534040329893,0.05147171566455721,0.06972667517264042,0.055079986774313854,0.062426961197546024,0.1492042396184519,0.16395891716019462,0.2452436772605389,0.03991727602690492,0.10518101860127577
U_4172,0.5943373435752581,0.2205619642132616,0.5411650716096019,0.029789477301341565,0.2835733032727394,0.16011992132512168,0.33732622441799487,0.08512261589591807,0.05306486402867998,0.07716780798314901,0.05100631169045963,0.6886422637071623,0.12671292455716718,0.14227231650309935,0.24964623250802354,0.024378437207757352,0.10904275038124434
U_4173,0.10972215069403711,0.10451109739533447,0.7489033752763063,0.0618508309761336,0.3772867860927309,0.16166399883412658,0.1717286826332041,0.1265102612308866,0.40060470176105406,0.07618510988061897,0.0742189742440246,0.39965192803420796,0.16028643416608768,0.15768561691099992,0.06644986700915047,0.02477590275850335,0.11547936464100013
U_4174,0.23839709694106567,0.21627523458394604,0.6951573400236843,0.03645854037474943,0.03958775620002284,0.849067613516499,0.07500733382231209,0.10776725471546994,0.03222815424537419,0.05314436508131519,0.04041443365760948,0.04732598963011269,0.12797958048014588,0.15587785006114488,0.2587208946971268,0.031285873795432684,0.37292744625500107
U_4175,0.30955560654314856,0.3171593429601628,0.30188681888941854,0.05159816152996099,0.08064197468781537,0.17617486989151823,0.11081213089065159,0.5909155597615512,0.21718149270787182,0.09115007055219732,0.08067754984904098,0.08481128416780676,0.2170717745965719,0.18592198511017055,0.2248996672019833,0.04466148328459439,0.22478527471436568
U_4176,0.2370192033267445,0.2086714270057533,0.6649959294473455,0.02337512411977361,0.09709872105398058,0.22976227255501314,0.20384066996303685,0.1916398865511551,0.5459976065899499,0.04758477818064883,0.029240377226423538,0.05405641643038866,0.08265345984851594,0.12068376913729585,0.20495705827048707,0.021235913193289588,0.5618211796742674
U_4177,0.07304850450072181,0.2526494174650702,0.23948167316960717,0.06397799182422732,0.10609905241773045,0.18570638142318294,0.6910860320143779,0.12431574644642646,0.17429170351878503,0.4817421732316907,0.10461599990301439,0.08202759903993917,0.1593262114308438,0.14677078441603178,0.08271932383915176,0.03729909450223787,0.5558526047050498
U_4178,0.2643574489241795,0.2500144451580314,0.255241546693799,0.0465584448999752,0.050431619510213604,0.3074197634818093,0.07783150981364793,0.1145203078134727,0.050743939223412755,0.05645605960667471,0.05296122361704661,0.054114378064113886,0.12923458796133586,0.15250999124414982,0.23520860873428517,0.045811089197834054,0.8591344213456928
U_4179,0.22741335928482498,0.1991985246979382,0.8565515710683642,0.03867946525091198,0.03758930978703803,0.24983673924355615,0.07238395932231606,0.382430393024864,0.28610505601131697,0.07181641899992774,0.05501746842328874,0.05916490709249278,0.12262815022723847,0.14551007848193473,0.1959599798332552,0.03200570626036625,0.6235701860827951
U_4180,0.4437840050290023,0.22396446790202498,0.5426047909862488,0.03895288119389015,0.05849857728692113,0.23248193626058095,0.08604914553117697,0.09668044705162719,0.13314028134311467,0.06743092057472366,0.07647120031219187,0.31254491655822136,0.16055844842143185,0.13732501663314017,0.143212719802351,0.02507843707806627,0.14938359931086895
U_4181,0.2143849834299592,0.31369539329699875,0.24222183927729884,0.16722841025967322,0.06849538140432204,0.1853094947008191,0.08021539294768737,0.12864193046686778,0.7177435238660572,0.04862326909841252,0.08002284242036778,0.06367424094811647,0.1651941977676277,0.1751569767769618,0.10958054415905967,0.02970778801045642,0.6324810599765811
U_4182,0.388924821579874,0.3357711951241444,0.2972104588261181,0.045535470270590114,0.04517403438210093,0.25117373921416936,0.07772184320728526,0.11534623660707007,0.07250103214353913,0.07533721299391899,0.04539035570722697,0.06852923058399471,0.1782152194317451,0.2021255589499634,0.333765762281251,0.4445091724125265,0.1955500809716923
U_4183,0.24872256355766115,0.23241936539144595,0.293326798442378,0.07674292020115256,0.07901746529619098,0.26195296826425546,0.14681434962495063,0.14045784726945573,0.7847786141531583,0.05968103664797512,0.06680563780861946,0.08468814605156487,0.17676721933586673,0.20018498399659582,0.17632051957172656,0.05075301442270878,0.20212473905242245
U_4184,0.2625545860249138,0.24038091491879227,0.2510000925691721,0.03872286287798725,0.04796577269744168,0.21423929708447773,0.4008472716169213,0.11927384011664072,0.12658137905262962,0.6668739371366039,0.04822147501493675,0.06902285223152309,0.1234157966706575,0.15628330874489924,0.14319856663578168,0.032892827392926045,0.7774843489220054
U_4185,0.2514737014035112,0.19569589045769084,0.22295914516648574,0.03237164111767446,0.13099097778194793,0.10044086306775778,0.05777854008801612,0.20996690604331242,0.031230630368370614,0.226287493563108,0.043333251227013446,0.3372952021291112,0.11211758030990436,0.5763599829527177,0.6638857450069038,0.09020495785263392,0.0964787857787488
U_4186,0.26846418555053686,0.28891435370742036,0.2957167441913351,0.038037556052130786,0.05676025386583155,0.26586268884758,0.08517431988198566,0.11132291491853522,0.039889771723174525,0.06216671367523925,0.055757334471831,0.10234685122501065,0.11936794938185666,0.19114106839224124,0.259200269549297,0.43250970436522634,0.8168186247879676
U_4187,0.05136027632676161,0.6226894926235544,0.7466847273736148,0.07638506888884994,0.28148234055869314,0.42313396986210394,0.15143004166244856,0.11594263174774881,0.15269396833633947,0.28062964386586736,0.09504652668437578,0.5467905124326169,0.1395916474513726,0.16150904874118946,0.06302952896166644,0.029910506077272483,0.11604418871488276
U_4188,0.023517210036029048,0.05460946870365089,0.08145526507266773,0.076368878408829,0.44735221762626676,0.41585604800783504,0.11462707498764779,0.12030971247727365,0.08349775920631486,0.13766452172547583,0.13436693205830896,0.7852635342484888,0.07591894448831199,0.11084333051460714,0.036209314393921735,0.7094908247446485,0.12550581056365331
U_4189,0.32719019926305487,0.2979354008510971,0.8467181947572584,0.051263550845301015,0.0528035051186443,0.15254818875768297,0.07680150254065701,0.10876615055467595,0.06867211468784562,0.07571183870264862,0.09182624467984031,0.06881407827619498,0.16443398797886405,0.18608629901452683,0.3197804849736532,0.058333782935136594,0.11801157597245228
U_4190,0.2943876774688467,0.25991734834378316,0.33103557630368907,0.040644014252605914,0.06191737049559021,0.1857684958820367,0.07063694317109973,0.1634424449039328,0.05909276956913277,0.07635244769205125,0.05963918526623151,0.060745506406104904,0.15157961882535148,0.18550644991385878,0.47166346958876704,0.07174488817306832,0.14168309007966093
U_4191,0.27381021403568595,0.21755772651851366,0.32281650243323745,0.06415734905627703,0.09684842506807147,0.26942744115578315,0.1723139246266565,0.1308371774540637,0.5710995710596514,0.04967531993639142,0.047620039778931526,0.09415538127591808,0.15911890077796165,0.19381963686171166,0.1480929576953336,0.04798123501929908,0.5878254245975048
U_4192,0.3636270671824022,0.2853769894150169,0.9452580143180713,0.056107915575875654,0.05838516400116736,0.1451421023949687,0.0752009546097008,0.0942111452252291,0.06019811364679457,0.06898158350659367,0.0847320939373581,0.06987955916342603,0.19996197597884857,0.1899402901171402,0.29956389601743433,0.05371736538305735,0.16579752019040736
U_4193,0.22528764436929,0.19864062650385103,0.24851084951949365,0.07892143603901296,0.10041438121237622,0.9132452371700119,0.16770895311573308,0.14463644200795905,0.07041172799794748,0.06066972978329841,0.05971303225331122,0.5672916252375773,0.18246909326945177,0.20803519929272563,0.1253251673942676,0.030800886297652076,0.1491614372869594
U_4194,0.2764467587008847,0.2527101914807669,0.2591433451273602,0.04399779206264116,0.03232539007354533,0.2018230873030994,0.044029379923512364,0.09088355718643212,0.037833398317370835,0.0456536324385267,0.044069075874685164,0.4206922128575993,0.13826747958182395,0.7050808735455656,0.6325447950371941,0.03603243682549315,0.1720465809895436
U_4195,0.3995790689329752,0.4344647077514358,0.308900141531996,0.053502243037922205,0.03694299184315311,0.1632615846384929,0.07235000210547436,0.13234566201520315,0.0603090801891164,0.6738930639709464,0.07623034159637876,0.06778005008470314,0.14924990773310517,0.20894305307385913,0.2730298324827941,0.05303028014584192,0.14653391436852148
U_4196,0.03553136979318875,0.07267533381337068,0.12019263104616365,0.12004946840891202,0.20366008485897788,0.26282128370724,0.15959921280581155,0.1822942363048892,0.10491236282334405,0.27456762477762353,0.2714960138395908,0.24772716055430294,0.1508337794217568,0.19022618354815618,0.07524986040836454,0.5138717920801557,0.2512218924036671
U_4197,0.20772064285211408,0.3525727948469436,0.5556427297025386,0.03181146767486024,0.08363875242813781,0.18028034223893763,0.051960698272818046,0.08535090855571767,0.656264110115385,0.12009855738128906,0.03658191935629665,0.04214770373288061,0.10627484538068944,0.1144404606599219,0.20775108639271186,0.133288194358209,0.7412850310643457
U_4198,0.1347185345519071,0.12889022781552628,0.2512764893660646,0.08909183723930675,0.12290090275878529,0.25578869395792414,0.14865371270578623,0.16108489068481596,0.9019149257129462,0.07511633389700721,0.09184576466469511,0.6222216919385695,0.1848646516963467,0.207056397733673,0.10104497699337366,0.04353018320727705,0.1664662178284352
U_4199,0.20196540640160277,0.21392872506525204,0.48736019997547214,0.031561544084526806,0.016192889151983185,0.40655867979055393,0.0423547831325595,0.1935258015077712,0.32719708200860964,0.08254458758625746,0.03936625327580876,0.022249265861505732,0.08702527782372413,0.7002681351158977,0.8075476697550301,0.006836594449437433,0.08307600648595106
U_4200,0.18479628270624138,0.20209427003270644,0.1920505756687229,0.03647577260615594,0.04522245229142047,0.8122607459220186,0.39467916852559237,0.09944014528156254,0.6950475150884265,0.058353909485160664,0.055625403611550016,0.5104823143152009,0.15290392510131656,0.1540677540769603,0.08996868279460926,0.03652288352742504,0.12034986020574079
U_4201,0.641710653027511,0.41262210109761654,0.35919691296123285,0.08107297990566739,0.06791352104293258,0.2947685565919127,0.07726332395059886,0.11040728185528247,0.04239104991489571,0.06345150148912229,0.06916434920794774,0.07902062252385017,0.2037000110109934,0.21635833222665427,0.4242548974658846,0.053410996864040286,0.21209040968104148
U_4202,0.2865391534467168,0.23912751714700264,0.2896415156530436,0.031442094395932034,0.04704209031537572,0.5069202085083975,0.20300755986712885,0.11461455175188437,0.05563584645624687,0.05617918819344497,0.048786224047491555,0.6819222459998944,0.13167093389969303,0.15520676765287056,0.266812256017064,0.0433955372286456,0.11820869214298604
U_4203,0.06507619793672662,0.22582599362034972,0.1479999468686436,0.13330762750230368,0.15070385466896757,0.9417219848135161,0.19890063757358478,0.1544499523624082,0.23193433345418946,0.09482154147740468,0.10737467444955322,0.08735035421543896,0.24023840396584206,0.20613440151195866,0.08601017561084168,0.04584967085689648,0.15769155896933384
U_4204,0.03185410447591306,0.05866863877059679,0.11314966940574837,0.10555878686948299,0.19208317083700574,0.7533550334229788,0.12319108494577585,0.15923567666071908,0.09667314258930196,0.2012540191768665,0.20573537639897618,0.18724037158593645,0.1368199024956708,0.17543530023846904,0.05473967528366769,0.5191686206649011,0.1976604197356355
U_4205,0.3624043350940852,0.2944279338312696,0.32651398343988125,0.03770329882512967,0.07192423501113296,0.31956167879232544,0.6766569928447608,0.10659549961448332,0.06561434802275325,0.0746542630411171,0.06759643346869394,0.08831509759646337,0.17371020821893599,0.1934986990781119,0.3213627039412454,0.048441882114631726,0.17126372633613987
U_4206,0.22801468092765165,0.19925704380969483,0.1726495595206695,0.030246831549998604,0.02764193055688807,0.2658730274948185,0.06683835505203577,0.10839846958278308,0.5462341906030594,0.22199858222379787,0.04553647054231146,0.33451847241946,0.11600833884774647,0.13290821548034398,0.1964896064113525,0.30424520120917264,0.8391393123562714
U_4207,0.2022935157259122,0.24078379000675354,0.6134649754985146,0.04512930121658133,0.04811166159410476,0.3076451100263576,0.07624917901148262,0.13112991768539112,0.0688145660476267,0.054707970068810015,0.05935088439711164,0.07297685216558138,0.15446485118755213,0.16066910066922374,0.1644189228187208,0.47420097598503236,0.44950508214828766
U_4208,0.3046125963066704,0.2570819644410647,0.5682162490117095,0.050717719202456754,0.049706723742082785,0.5991585957294163,0.06640815669387816,0.5934762448490816,0.050448844211100144,0.2830847188108525,0.05835100730124916,0.08282556772802806,0.1524563191391697,0.1842670287305047,0.22376920766705422,0.028638553726362103,0.10063697954761694
U_4209,0.09440872667627105,0.25937537809261396,0.8297702662698967,0.07574258248552868,0.10059214164361774,0.1625542088918774,0.14391403542423561,0.13698555429152667,0.24512756052509532,0.07629486369877522,0.08841872410357274,0.4737560873607602,0.16090844804483292,0.17664888477368906,0.07921254121696318,0.04380165830721311,0.14286639089179942
U_4210,0.26062339339063983,0.25689197537810826,0.28569093369514975,0.05128424425809697,0.056410527335865705,0.284579935779805,0.5857485219253522,0.5211687237066478,0.06263550884906638,0.061004462516685384,0.051236771990368316,0.07234160505472903,0.15004341871547175,0.18207323166549813,0.15012904678969202,0.024807016008563713,0.5603687217644868
U_4211,0.5334882734035988,0.5512777058110263,0.49137563109849813,0.035746482582297165,0.07624999359458018,0.42936508972943016,0.10646022762509164,0.1474142195618476,0.06785192329649749,0.08160216589046393,0.06910700548316864,0.07046678299608447,0.2049679970198697,0.2766403102724149,0.36757943267999443,0.0783556264853789,0.22872080069326156
U_4212,0.05375700606425808,0.11391114467362656,0.11063838032268589,0.09935289099881148,0.14124598458912935,0.9940181006373767,0.16747813765618663,0.1451432483182816,0.18737443651757157,0.13055570234270572,0.13401037845116803,0.09648267446895187,0.15862637842815747,0.1701345679462361,0.07776790305029575,0.0487342028819934,0.1471729278256023
U_4213,0.46585227687198405,0.43981388606190913,0.5010289595796391,0.07642169492458267,0.08066913762178672,0.34178989858453107,0.10868648260596518,0.16625717293529213,0.06465522499188377,0.09766087131342642,0.09683350222359002,0.08162501149399176,0.20892226511719006,0.26303176047555765,0.38345931419121354,0.03912895602424152,0.21352595078454753
U_4214,0.22578177107569763,0.19977834580912762,0.8764576124925099,0.029522628479002562,0.025357118366724517,0.23394997184226884,0.21015188180935715,0.21368435666269814,0.3221251202925084,0.047066328624953774,0.05486306597443482,0.21111103146308113,0.11105211422511962,0.1369174020721618,0.1529544930409416,0.057414110564581,0.2342824658459245
U_4215,0.2585754222256443,0.2517238465808559,0.286392065658373,0.036843078234474566,0.03663240876255067,0.21515753521546857,0.05857708608315053,0.0974913142720248,0.03922176133807247,0.04882427917460556,0.0520868680104879,0.043768959104990554,0.13142537214437625,0.8149973052714803,0.5706825614045037,0.03382415427312753,0.18510383924409804
U_4216,0.22415951073721888,0.3325928107341924,0.18821005006792108,0.07180048673130428,0.059294988157969485,0.2311803268056565,0.09498709033229387,0.14570127706283525,0.14107252788153257,0.06081511331809929,0.07908369912725419,0.06527915033132767,0.14606200991367915,0.1814434450059064,0.11994293175357762,0.04541264998302657,0.7945070355232264
U_4217,0.16701118758824493,0.20637036826736024,0.95689003331353,0.1004652322354946,0.1094343875731484,0.22204041256898605,0.14304450741738195,0.13026518481405439,0.19681653871770227,0.08210915055046446,0.09034671549046087,0.07370431598688418,0.1925462050429518,0.1902349535734141,0.10908055688774726,0.04445024387521488,0.16056915372823552
U_4218,0.2769775929025654,0.22724990377005488,0.24092614290319087,0.038669734342373856,0.3809560607094821,0.2790342447579732,0.07697584009341503,0.1091535198704973,0.06696738884512797,0.47234187029754066,0.04986396806952675,0.06116556133526109,0.12860273103987727,0.15675449885019635,0.23969740480941326,0.031955197956625256,0.8191065260911949
U_4219,0.2412008073862692,0.6631405294690507,0.8432771184064869,0.026062992217038793,0.14976313306065844,0.3453128406493833,0.06646007750785958,0.09626183856764002,0.03989124959395987,0.05102516122970765,0.06252269737792598,0.12272988626334708,0.11041247278268959,0.15395542773769594,0.19294520577280308,0.19301239710420343,0.08843842552453975
U_4220,0.32524261215303013,0.25922415503995616,0.3132275918448216,0.04822273829110504,0.05224167807860893,0.8570167055921223,0.07435111491512504,0.11806809723746188,0.059236282154713285,0.06809862449523495,0.08060120475250909,0.07587767457753702,0.207158610754627,0.18649757437706135,0.3249077637169442,0.05182877389163676,0.15047922463472096
U_4221,0.1744346181961899,0.45938224122146926,0.22412953806156521,0.019889068850359026,0.02121125164360941,0.7814274867427642,0.0687497213167698,0.07172970118461713,0.3694687244726629,0.048602572821539305,0.03338213716431933,0.05395480157462,0.11743689994245385,0.13827362062453855,0.22029023656742022,0.10484960574130758,0.12301632829783979
U_4222,0.2440473872971583,0.2233995028564892,0.259775932842117,0.035751675781228995,0.02884798085793054,0.6367294895443498,0.04123542497271168,0.08869034986867554,0.0304048841599028,0.04715359121086138,0.04812007256225277,0.03359167221261001,0.13148928253514364,0.8031410741666714,0.5595554774781841,0.03693327390811131,0.15309962928921494
U_4223,0.03137600105659883,0.33419105689682843,0.4170513083214856,0.08980819292099691,0.4680711699225881,0.1283555599003928,0.564416414132457,0.1237765547615135,0.046134049614166964,0.12045739904878534,0.13948219709152399,0.11490272830297181,0.0743478241447969,0.11112953121753663,0.03565530715281123,0.6761115174524921,0.13011597483909382
U_4224,0.28604280239039714,0.23395482100079384,0.27042672320893824,0.03487511116254476,0.03934028510953849,0.17447919570182813,0.08496911048120451,0.5425996777738293,0.475968233023021,0.26765600209130835,0.05753304911583252,0.45093712545669423,0.14413465873883483,0.16121302144650146,0.2540771420547251,0.02407377700316029,0.4784281414547946
U_4225,0.1446970838145539,0.16150363388733385,0.23283547351316605,0.07166013566732883,0.11333472306971745,0.18619707122548024,0.1386084324158283,0.4101015072102877,0.8531090033939466,0.08700329632086544,0.08550358859821619,0.09688221741174863,0.15767264803767772,0.1778382463367047,0.1088207355358624,0.051649920854040327,0.17467989514485174
U_4226,0.29180569417066105,0.3135036019097271,0.4166722397077366,0.028998047382051126,0.23273265752638445,0.1188193283934919,0.06150662513998592,0.09826715951611949,0.3178355832143923,0.18839003905441185,0.038241765260270996,0.36666529513358276,0.09613183540883177,0.5839167267351937,0.5185881942093924,0.031762956144749166,0.09950481866267505
U_4227,0.3215114268146944,0.26531006450506645,0.2558988056251141,0.03683016838794374,0.036474443370923676,0.1177203746021028,0.5709654086131217,0.10902600726022693,0.046208941837196996,0.058919169531721514,0.05110447691384938,0.047557096001793996,0.1472117237099184,0.7607451040494491,0.26162434032410437,0.3432041619027845,0.11760998500253973
U_4228,0.24114056570823977,0.7922253395130241,0.26214428616721563,0.05160652444680219,0.05091715986721058,0.2350106627232407,0.10284930164482553,0.10824423306740533,0.3947548298178291,0.5006148170075972,0.0937498541184442,0.08756905277432432,0.16379966732207366,0.1490587261176264,0.12903321433556889,0.035335598202910476,0.15346669031654528
U_4229,0.03309642101153067,0.04437441809579368,0.10159044934669723,0.07689614034705768,0.16963100998533537,0.9072911995734414,0.14654882313897277,0.14536054563887285,0.11904418936061617,0.22683313598696916,0.22129235505496417,0.17381870907121671,0.12298471065067508,0.15310548136672367,0.047042455055009647,0.3780112891058907,0.18273521775821885
U_4230,0.06812397614310121,0.07941235638889685,0.08385953367035828,0.12183726833810021,0.36772671401257595,0.34214686501640135,0.13549581795428414,0.1450718518446085,0.05044131054177317,0.5093548569617508,0.07866800731440957,0.37233115194360394,0.06972033359891551,0.11659985385762406,0.09847491559586011,0.36818738800402245,0.15039961256820314
U_4231,0.032577382290083626,0.07448683163916962,0.08867469996913209,0.11029340315354075,0.2033394462815275,0.17689878496120873,0.155109690406406,0.15242594893772593,0.12956399194175275,0.8494173661379356,0.20574303941676647,0.17247783708675898,0.12540807960023584,0.17333385169838264,0.0642328174365621,0.3724370379523488,0.1912328360703764
U_4232,0.0347661294243799,0.24337989873648333,0.21716909097271228,0.07768143752412039,0.11774543073972635,0.24783447010257315,0.32578491287070305,0.11675391886750477,0.041377377571544346,0.10718974056702911,0.10067344199797411,0.9060474119281006,0.07059490390338875,0.06906186034521342,0.01879421236118241,0.36318613937454686,0.08585177954955966
U_4233,0.15621824266223136,0.4638485568998107,0.37990892762205186,0.09633991935122625,0.13631717678505964,0.3886293498763052,0.17493548933889672,0.20109182046205548,0.30665697013199966,0.21927240088032807,0.20109724843249083,0.16087943632574742,0.28213649828417053,0.31117361424509865,0.15453892942729,0.06880814763466324,0.22576151086839827
U_4234,0.15557612125516776,0.15694144500366125,0.20842070889504724,0.05777321016035116,0.06241068791478477,0.21495223318425327,0.13206980544562022,0.12365841500591554,0.8666647223322745,0.06539693681563433,0.07307013659643069,0.06053865336651483,0.14796730898583058,0.15037423127846786,0.07544426957339428,0.03202098277102555,0.3471613292909903
U_4235,0.23955087959238042,0.2888422039494806,0.2832779244646039,0.03993078535699465,0.05335719568840368,0.18175870266335234,0.10278279625096318,0.4422201881523139,0.15737906738627525,0.5809191418891777,0.07766658412165632,0.07299033934950175,0.1319497673573605,0.15722757226654102,0.09530814505899317,0.46349700628322105,0.15799174031997462
U_4236,0.30381473013746463,0.8185500619676656,0.24568930067846548,0.049496303224053295,0.03949552032328829,0.24911549163940855,0.08674090818470442,0.09714456601463188,0.05757994408958511,0.07108152141184142,0.05228661221189158,0.6289957397935027,0.1573157434352682,0.18205566338325868,0.2834681600862931,0.041750363182353326,0.13892187261478703
U_4237,0.3633837289336828,0.2784583572716961,0.27174693660093163,0.06434686204829887,0.05382122642493736,0.16178574766630885,0.07886645034360226,0.7305377948948284,0.5247853908121396,0.06466277232004479,0.05162015300845116,0.0651258329841354,0.16853913819724264,0.17439036990483858,0.28098276462787247,0.036106769946935784,0.15333311678001824
U_4238,0.3042416850267227,0.2824331724297506,0.29719432322559375,0.034545551053868945,0.5143242127048742,0.2897854249448574,0.0797563999944322,0.10827760217796283,0.05128732885830149,0.4595149800078416,0.04442354766779906,0.07768377015846056,0.1526164938436178,0.18327605562065175,0.2834702011727451,0.5398025125067027,0.13885518764233873
U_4239,0.3034085021719652,0.2429732572257091,0.6379488011623728,0.043858602422817465,0.42958885079340314,0.15775356420622919,0.08570203965380929,0.6113309804048921,0.06074600900568315,0.08281457087611327,0.06265210744691982,0.33560015630182977,0.16414488079226047,0.19417419778948525,0.261114364187397,0.0386326023513164,0.1244825213720484
U_4240,0.27649345069512443,0.2951450898465294,0.2627302351301412,0.047129516695031626,0.04315332026996144,0.20674360442971026,0.06832785356160694,0.13342343441677856,0.054252746328901175,0.05856701371838954,0.06512178716180604,0.7893989222253881,0.11809016794626243,0.15004419027836607,0.23688669480245222,0.03235969975742763,0.509120036485522
U_4241,0.03528136123647324,0.060179330394340085,0.17506795911418346,0.10655867493064969,0.19287599633714642,0.16411920939813132,0.15962673164832292,0.1519396951190536,0.8355101906177032,0.20219742490900702,0.2266704057161895,0.21760525416118648,0.14173654318271245,0.15452374222097298,0.058778215277405815,0.3788203062574742,0.20599926524614426
U_4242,0.20230933689369063,0.5960302880008099,0.2733475312702792,0.05088688307815498,0.4336598927964928,0.263695713160032,0.29284650678226093,0.07974973940742469,0.4346320919495421,0.07684476870532995,0.09990958913263603,0.6769830179633554,0.1251628725535958,0.14178811158000168,0.08529292088176955,0.016387296260442528,0.14970788307310895
U_4243,0.23585362117489986,0.21141210854166276,0.23132234201027657,0.07216188918847233,0.09437640706650453,0.25413888495734893,0.17471090799074307,0.14342888167593812,0.731761163953732,0.0799101669984812,0.06232028162989013,0.06482335757700314,0.16014796897333564,0.1940388801751787,0.15651116854433755,0.03803716517196727,0.6277198747962442
U_4244,0.3900681380477285,0.3206505720771664,0.3104567466539815,0.03633839398771583,0.03890569436221675,0.17154153670162436,0.08875850936289457,0.11594027320905005,0.05195551324780943,0.06678386679100896,0.05551805478664725,0.06564660056891405,0.14507831297613155,0.18407593836215386,0.30938240703587033,0.711342320631908,0.15881706326828185
U_4245,0.08133444386923663,0.19190713302649565,0.12134087527643875,0.0985909938106905,0.13112323830461728,0.9340374203744108,0.17864417630935445,0.15469460858346132,0.17494852913296197,0.08329623262506482,0.08512177365292935,0.572057484476818,0.19639405601989657,0.22170422599965228,0.09295494378367372,0.033306089932011625,0.15546746743499124
U_4246,0.09242066939581244,0.09500063154950227,0.13286960249880306,0.09934073654825494,0.16285963695077288,0.18219482503613013,0.16654216163524949,0.7751215922623842,0.22740118323412487,0.10303199753042347,0.11119532481424639,0.7865655491087262,0.19730088705132712,0.2076298562244424,0.09325302891676905,0.05557809032213338,0.19249554058562962
U_4247,0.03352475534760759,0.0857277381946082,0.8208018389083487,0.11489740788822252,0.16522327297883357,0.1496606161859124,0.14801706571048784,0.1432694026815172,0.5374264328293692,0.1671927788764068,0.1781756268491458,0.19654682587684863,0.1287218759423614,0.1418796928843702,0.056478936975378535,0.30749368229414026,0.1926714428002818
U_4248,0.13028411650555177,0.1482137793035309,0.358390521265975,0.03518100757905722,0.05288487996726114,0.7827775285865186,0.29588889063126067,0.08069411743790184,0.49449533827282616,0.03974496317354603,0.03439671922578479,0.06251378681626721,0.11836657827590988,0.12059584505362757,0.06434870934450812,0.13798508455580424,0.47585059092271487
U_4249,0.21892739155362806,0.27900675894733984,0.3674357794996995,0.11290069618493309,0.12726942292595653,0.41285237729087926,0.20503925641936066,0.23182692100422636,0.23304777356928497,0.128756745879994,0.1314100684981982,0.11278559492850611,0.2280526001854779,0.2560445886659622,0.1599988475376824,0.058915424147693345,0.22859848464198504
U_4250,0.28716637501775166,0.2515111712713057,0.2703843042307011,0.045412096143548616,0.0318964105739638,0.1213066223173985,0.04395668203892444,0.08701842401830696,0.5245826908834987,0.05255340159053072,0.05070074134400193,0.03922786260558802,0.1424330464526598,0.722514739900753,0.604800906079277,0.034760537851526274,0.15291009911295528
U_4251,0.04622040925517021,0.3925419203375356,0.11914742545013292,0.08019465447546334,0.4149514291667368,0.837380886006645,0.16770451293061106,0.11573481188139637,0.1738387589388031,0.35386239883685583,0.0751804335803592,0.320069008752416,0.15955601167429687,0.1624043537958963,0.04660339720142602,0.04316777609829718,0.12677334374613092
U_4252,0.21210527359740924,0.1929252138342685,0.2641726862500176,0.025357652823879317,0.049065567768821164,0.16070911416802472,0.08313290281187409,0.30899692939860596,0.6972276094408543,0.07619611912949767,0.06012134203141787,0.10643572201564265,0.10637742301026797,0.15089715848890473,0.19083098763046752,0.30864610091296857,0.6255127590519778
U_4253,0.313769351029739,0.2665242094155046,0.3241442812171972,0.024989945307334845,0.05338803007301316,0.2942097556550348,0.08100084632488964,0.11771050567406156,0.5367145906807185,0.07400208053061434,0.06435405659101426,0.09248860845655335,0.1644258373969655,0.19011085816615822,0.32823533163926505,0.05095310305991744,0.16645274317931075
U_4254,0.1770248426062443,0.14648548173173043,0.20780396272088883,0.06407094628443484,0.06936607947975107,0.8908577943970941,0.3994399193550659,0.13095589242752448,0.34787960323285544,0.06287492530531766,0.06250094083087758,0.07395941854966419,0.1442586428690448,0.13847149483231888,0.07954229467984447,0.02632704999213764,0.3848751899018072
U_4255,0.2629264923263161,0.19782870033317715,0.2624720579499294,0.08999180741413311,0.09217826427229389,0.3170101556228388,0.13971433713242432,0.15632225344882544,0.8775891857016382,0.10694650190268735,0.09018074372053363,0.09062789242537331,0.17684310005494167,0.1926891985103753,0.12198739259427893,0.04984000359800525,0.2223512726182197
U_4256,0.050116601408443984,0.059802478223871205,0.0790063416734478,0.09698744076182718,0.1323231275676228,0.8000122838069696,0.12812330300226085,0.29023876412200417,0.31545155436574696,0.21865591623579628,0.20728666694913228,0.4051103395083875,0.0873262769018246,0.11119773216910857,0.03143711272939948,0.30493319546163994,0.15706092654572448
U_4257,0.18180575946749644,0.22028131211237062,0.20544731961703572,0.09369127574482755,0.11679813615042958,0.2268120372775408,0.2084778973289241,0.17918794786559283,0.22052578695743105,0.06961962213569758,0.0731393858814665,0.7400779081714188,0.19918868564192596,0.22424678150142405,0.10859423656778029,0.042026456424635664,0.17919187102905737
U_4258,0.04895774480798745,0.12370321979822047,0.5990117036318292,0.026162818230422418,0.05173247248812792,0.4806294803231033,0.12039106256267343,0.07950529800886222,0.26132734224475973,0.18496513070285237,0.04564670013947607,0.726799792699024,0.11849029158066397,0.111507244456198,0.05820445551005684,0.3201144864465257,0.10810275406424397
U_4259,0.06714331546752302,0.17279969146179971,0.904017245277106,0.10818732490151257,0.09922887593804702,0.191439473110813,0.173138354425942,0.5030690154671453,0.19244012033397576,0.08456489807275913,0.06760459290000913,0.39234513571303486,0.15646063588035294,0.17085379983482332,0.06252100960738347,0.04349908307187759,0.14119098899323962
U_4260,0.3983255739378028,0.687284530135269,0.3280254324151624,0.03549985432422056,0.04681715730356082,0.1560979895564963,0.5902770449658852,0.1503664405988384,0.07963418204205369,0.0725054723824729,0.06247574384663962,0.09957205215638426,0.1598993036075502,0.1791307214331192,0.2925683520478083,0.04077095525226881,0.12690514327293315
U_4261,0.243143425839022,0.19955686486259683,0.2504170377854907,0.020110262155823736,0.04209367485101891,0.20455880220586445,0.04871742720849669,0.09307078674964035,0.3132089257064858,0.053521510890844844,0.04152323565385141,0.5959407172179636,0.11610728299432127,0.5857038623258017,0.7624629042139428,0.029330573364773165,0.12780752919012325
U_4262,0.02928042076288729,0.22335203612040294,0.36327616569982973,0.0822664157665865,0.13046024194326922,0.3701444062302985,0.12389736221748626,0.12155002728137593,0.08683186986978578,0.14759460025583573,0.14853490965712945,0.7512591491148786,0.09877790849967369,0.1154751344824597,0.031250818974963235,0.2667220421679694,0.12128572405342807
U_4263,0.5197696852488309,0.19987112461962875,0.6743506170212099,0.02894440583618856,0.04249882751620695,0.26958444727462605,0.3942269484777265,0.10536952753326372,0.4281122241868495,0.11578624026325347,0.054628816925043615,0.352190273333901,0.11597287419131083,0.1516181809721008,0.2708084401586556,0.029843826126434242,0.13467567420429413
U_4264,0.20439201260601328,0.026597183273158548,0.35001605845608097,0.05380707059887363,0.453099078259316,0.8588249875816925,0.597325140236834,0.08675765358737454,0.06696543549241935,0.09493191479108061,0.10411674754986351,0.4078788414697411,0.0792763302454863,0.09119555615825808,0.021386210089685262,0.2954292960111597,0.09488054816847451
U_4265,0.3373037084543143,0.26284468813299877,0.8492104204069306,0.045927069998307986,0.046809921378593425,0.1405026239466927,0.06700506780702531,0.08924341258821679,0.06205654584423424,0.05881663683509224,0.06834832465460149,0.4334583949084935,0.13464219958320678,0.15289419419644307,0.28905468332416023,0.036444638327538345,0.10253492990006229
U_4266,0.2807711977816929,0.26602636635639354,0.27462994075099334,0.02749582218507947,0.0506211034106062,0.4653299596111967,0.09577908635250172,0.11704215414646638,0.06788061241671282,0.28106570665904435,0.05216836936458827,0.07441543344157893,0.14160252593532577,0.18373013821272247,0.2704285743425916,0.3870678927505258,0.6425955854929462
U_4267,0.11720490931695865,0.31383361227841594,0.2171070506826363,0.07893332506105194,0.09991983459791993,0.1969854678126538,0.14458763148158965,0.13761592435152006,0.9441001859773617,0.08115325956663474,0.08919566774188978,0.094240950605552,0.24087048089016624,0.19460102372385024,0.10219813453877036,0.05122861873711047,0.16717493430280067
U_4268,0.42734800613769464,0.3448626337846667,0.318438396020597,0.05036110093812159,0.05495734876087448,0.2051886529016751,0.7837455361294592,0.09821766648265942,0.0697417959753733,0.06885336095621998,0.07050004319200086,0.07784894461683063,0.16834909943916737,0.1868610956986017,0.32043613988156305,0.04983590918048901,0.1608949739374409
U_4269,0.11768064442091579,0.2124129475359699,0.6076564261148818,0.035271167234581596,0.04782986134660182,0.18345253793087907,0.1115187481947745,0.42190511861087976,0.38194912947908843,0.05501668952946581,0.050667896152731276,0.3267638700868085,0.14529772032878344,0.15308835278672384,0.08573610928612053,0.3256923483806801,0.11014701341803095
U_4270,0.055155372686970405,0.09160846909397508,0.175409272333929,0.09909757676583222,0.16494487574344252,0.12074336230511398,0.13612666799594283,0.15209142674086126,0.06597773865712576,0.1717610441327216,0.1692138413311081,0.2029902394216691,0.13260145892076106,0.148269882158615,0.07810220203967459,0.8791374200939719,0.1608377028279176
U_4271,0.23844893166193545,0.2860855532720841,0.6791874955231061,0.021770116595149692,0.1379246092138696,0.4156759984734364,0.06881057265054819,0.1899093518115776,0.055780544202100546,0.044085943609862385,0.030378850995321054,0.038747283532428754,0.09575654834662908,0.8132869458581029,0.48943021509763207,0.07743534635791599,0.07716438084885657
U_4272,0.278602400674218,0.5801165963219426,0.26311742117069403,0.03705497695458242,0.045876691842698485,0.2231438236747456,0.05467973730903143,0.09325173942319809,0.031949246648811915,0.05042685700245136,0.05023447071689431,0.0405831083946771,0.13135947257783848,0.7175270417057638,0.6422793958718305,0.03769675185982691,0.16699931231679566
U_4273,0.03530696313412027,0.06555464992593854,0.10014344276893075,0.07359032332763457,0.15392263201002002,0.7022933328476038,0.12202037067061737,0.1530945291565461,0.12302915789016033,0.18614018140463265,0.1800813498397108,0.24727596176225694,0.14241087155816715,0.15842693335000452,0.07900996800480703,0.59767303558049,0.17903033850997552
U_4274,0.22758115851296176,0.8412895632766966,0.27572123181310576,0.059065948612957414,0.06376285855291981,0.2507941766917569,0.0771608208527266,0.1185525790820242,0.11055827246530979,0.06427706028022656,0.06936015034808113,0.06711792607450205,0.1588248687672611,0.17200545050487936,0.11832156644829657,0.02439868163525068,0.63689619143804
U_4275,0.20238229526714313,0.13146856999753906,0.8239745068980602,0.042021614435469076,0.12809684538893462,0.7433225397239767,0.19431359343308036,0.10568582949700504,0.15784123623444507,0.07211049108628612,0.0731272499990468,0.07912135454374854,0.13188266690474373,0.1257308050473165,0.09761544682735884,0.017267842450978822,0.12459726449685032
U_4276,0.08944968599559219,0.09743400360134616,0.625475474954265,0.09616504610510392,0.1087683198277042,0.9619009486625361,0.1419123321977177,0.14339385101018773,0.1419524280144882,0.07963919520320285,0.0610253546520457,0.36472854010409234,0.1720337506914671,0.1614736032431183,0.07506436625561594,0.04556773052193325,0.1189562983070151
U_4277,0.2747604462062009,0.25160409846823045,0.26444895027017595,0.046609182645509326,0.03497011300147247,0.9607263837439557,0.07469384734605143,0.11694733788462587,0.03663859475739653,0.06328972389399166,0.0601839289097188,0.05773836026721685,0.14821308375103062,0.18617249441843275,0.31389416962401756,0.05004837123553131,0.17549191405386158
U_4278,0.46657301579693516,0.07663681465559954,0.4520587549068446,0.1204261696867377,0.1122292168010217,0.0761578191644094,0.18393169530868464,0.11585385180001505,0.5789445916865668,0.04235981274354793,0.06310752965671235,0.43455580375453956,0.07259638362926349,0.0821595431819752,0.10598543444588193,0.43321203690902377,0.1503683496159692
U_4279,0.20923064964380766,0.21683142409728895,0.2349017080642181,0.028928440448313796,0.12604458414846748,0.3859078302312062,0.07264554721616624,0.10920864121615315,0.41483091946578343,0.06083911087562638,0.05143484486554301,0.6484694445080375,0.1321994702980394,0.14246438641472345,0.2785015858881548,0.04134200674107943,0.3329854505768694
U_4280,0.2843856463779817,0.23957854261806094,0.22272579199328058,0.037324805949229156,0.04065808149328276,0.132652192212469,0.059401235852996885,0.09869573900422257,0.5883376661784874,0.05464886558430861,0.04630588781453836,0.057764379923917204,0.13435847883263566,0.7406880761918826,0.41090796832854476,0.030377056074413128,0.10791511425707545
U_4281,0.04181908049503126,0.1307662011989401,0.09625589521035066,0.0915567041153926,0.1610490280548667,0.15922504451101382,0.5665635861730263,0.1482124951537976,0.08703401328261687,0.12746201991547862,0.13115561000147158,0.18836405858503708,0.11530172754430568,0.12198105657984168,0.0638778722397883,0.8353254388071123,0.16476132190387136
U_4282,0.03515526033507674,0.09737142119486655,0.10198535171830785,0.12587959397048504,0.20323682845759813,0.13061896639919612,0.7783434039103045,0.14207878082988,0.09190046059378847,0.20758990613875586,0.2192769996083284,0.38904923792159424,0.16345186424476738,0.20046488897220638,0.08440843355686019,0.3233400575831513,0.19793250053895783
U_4283,0.24382914212449167,0.2644366660484766,0.9577497392934973,0.050080707858792727,0.06346787628712637,0.1832608447239694,0.10231327137913782,0.10532572415173687,0.17475880746440847,0.06161839733884267,0.06255906086894729,0.06790630337936113,0.13906033237911303,0.1698040908396213,0.16152376002488428,0.0339576092953324,0.49285466347875956
U_4284,0.25145978178085804,0.20990336873961757,0.5050032640250457,0.030342538007953827,0.03538098377999638,0.09954389141467106,0.04597333348331969,0.08288537246255864,0.17243225779838575,0.05794346897074973,0.0447735500419866,0.03470439439761669,0.11360109979353465,0.4289195870878915,0.8106880316597751,0.028022994607315735,0.11841676003147983
U_4285,0.3078563832326421,0.28456375922289323,0.2926084130252179,0.04062888219444244,0.05354278274512515,0.17971182162075483,0.7058304065172061,0.14600303687070026,0.18546698270001624,0.09171967713995727,0.07568585954812207,0.09586008881089012,0.16687469909866423,0.1757596057944737,0.24776205114105995,0.048322056840176986,0.1672760620158378
U_4286,0.4557986259407766,0.19185123985876545,0.8115741376644567,0.031043697387870925,0.032746856880889214,0.1172066173254106,0.0561507977901956,0.07819450001181788,0.041092622108092815,0.05570763591903327,0.03896008244333285,0.5112700289966394,0.10944563685345231,0.1371660976591521,0.3385755419001916,0.02646975788022735,0.09637463928432428
U_4287,0.20753532369363667,0.3170390358921524,0.29708130864014154,0.06603743489613217,0.06819220998757411,0.3194889767005727,0.08639791323427265,0.12401670086299982,0.12612558515673122,0.06895245549397461,0.07765205300391356,0.06225463629782016,0.1429533880865586,0.18732653535976135,0.15486554441602315,0.03339654720933437,0.777861025525387
U_4288,0.17965572911295175,0.2977574737039732,0.19123569306517577,0.06853261029034204,0.10514445400664757,0.19340584381705725,0.7118852505347719,0.15214525198361334,0.205448679514297,0.07393667722864121,0.0695877558401246,0.7338819307939415,0.17645811886309534,0.20063583500774793,0.12002911687492372,0.038342218603755335,0.15014115687671759
U_4289,0.5525262695172304,0.3671946058302932,0.3684149755508369,0.04672313325238434,0.06466248509216149,0.20573821265845266,0.08300979368244206,0.14092081662744355,0.09570505984881772,0.07979758340499017,0.0726226399095697,0.1061184591859437,0.15414910174341337,0.23864925762325664,0.3884137328027325,0.05542675175468371,0.18256073835099673
U_4290,0.22155322403817246,0.23206229548406923,0.9009199697607535,0.0478532596883834,0.049351584044210674,0.20142384994981197,0.09356205532972958,0.10634317751364586,0.11815726101024226,0.0607596439843679,0.05750506169809433,0.06518744529895612,0.12224720305025859,0.16374652520400737,0.2089316254396404,0.03838759146170724,0.5497934904272868
U_4291,0.13580142567234382,0.2402726161525831,0.25021850448240585,0.06504200657725857,0.09115201174879185,0.654180707427352,0.7508637653811554,0.13389787341706436,0.1745126971228128,0.08744941940550498,0.09469276267095213,0.08487812415179324,0.15502060111081267,0.16561251786102815,0.09556418144978383,0.045716154405134476,0.14200936538438846
U_4292,0.21604666112172344,0.46679461194957106,0.5308790607350022,0.032619719886121494,0.08382471820478976,0.2653726561370913,0.12609336079744768,0.1360124354348035,0.12823053522613717,0.048705412730652445,0.0390051350925537,0.1933109718451647,0.07959035036904415,0.8049081355551779,0.7212280119775545,0.006096762825665764,0.15204157428125403
U_4293,0.41447537919052185,0.3541379820675349,0.321501098606909,0.04538037404827859,0.055511417004228895,0.20058078656666894,0.07528896737119317,0.11095810035790062,0.07897080094322714,0.07224416861497202,0.05091608964644846,0.05983756404394054,0.14599970020844366,0.19441019275901195,0.3393550016777519,0.42132216765432695,0.16151431881253975
U_4294,0.31804042268950466,0.23346509556492753,0.8491438882982392,0.037596480780840345,0.03703272853499982,0.28689684419923533,0.06512305355903891,0.09796769345817294,0.04703422648252831,0.061863937984861256,0.05039712716412782,0.07982825883371408,0.10785530723793053,0.18467713849601614,0.23250253305242521,0.027488840907352707,0.6785514368330161
U_4295,0.27319490994349305,0.2929806481146379,0.24375640214484176,0.051045624015008985,0.05576030899497711,0.27337222463010113,0.45806373673447676,0.10909543026892887,0.04315389765649988,0.06428913650850768,0.05590699309128486,0.0397720023619054,0.13477265213903603,0.169965162594249,0.24583733493137797,0.47377060207168326,0.5581324983991043
U_4296,0.17267025360422172,0.1686010481506265,0.2333326937559648,0.06330803256551323,0.11808651008985349,0.3223434832499248,0.13306341784627404,0.4357971250233092,0.6884713133075366,0.09013542398579671,0.0797140132689507,0.0954719492761032,0.1302221428447518,0.17423063553035778,0.11308989822043344,0.059070125111383584,0.14704050920056558
U_4297,0.24208777736096923,0.23400583423801025,0.25804439144420016,0.057288985370063175,0.07656570754947888,0.23131962150633545,0.29337590550535025,0.40785343192190476,0.7496277642589997,0.08183797963359388,0.0824015161254038,0.07264775048808342,0.1778341900769993,0.16077603221490847,0.1606726323070962,0.02869555139235159,0.15810921667849656
U_4298,0.2989697892053646,0.28604808750901556,1.0,0.045947937384967434,0.04217110487707537,0.16014223539017805,0.06330830026177277,0.09642699065031898,0.04826798167522774,0.0631783237796474,0.06826541123040433,0.07176592092079613,0.17274148616184612,0.17917922222011845,0.26863428044074206,0.05128858532013049,0.15910293192713673
U_4299,0.2159907375427046,0.1829688367765737,0.8880029478596825,0.01789221256078514,0.0349480342285856,0.2045875294558553,0.055698933305634635,0.0976678730896104,0.05853251059803888,0.2614524590432977,0.051878526364111,0.5285351016844233,0.14672658435950905,0.1402838844345036,0.2709732224936076,0.18578733580455503,0.09286480866634128
U_4300,0.243562953751505,0.18479598635636207,0.2505752250960936,0.05208929237868372,0.02347640106100079,0.3832017240652595,0.4367485792775886,0.10180773463609631,0.5846312730149434,0.044881459272547886,0.033036801129091936,0.5284493813329854,0.13108031223116065,0.1622422054321071,0.23280368217196928,0.0936498252562686,0.0926829492038553
U_4301,0.013161850893925787,0.03479004061467311,0.18344694833358474,0.08498944916786087,0.2877841106400678,0.14830175633899104,0.43153442152599525,0.5957808434570608,0.2665562375357402,0.1289588575364108,0.15737313832034946,0.3460052178368504,0.09630038451010779,0.11071616185526086,0.044942811187937505,0.2638517505285816,0.11614355675545075
U_4302,0.1712974412693558,0.1289227432916921,0.20806358778294803,0.04170781267845847,0.04008402389378146,0.15578728931921965,0.1359069515094235,0.10212497383336987,0.4414252392084444,0.2218146755545985,0.0459093385568585,0.6893669659412875,0.13332552965238922,0.13824862678070063,0.12143535896490926,0.18483644216993558,0.7794914889431626
U_4303,0.03303382124974701,0.050210277397878054,0.07238265348333192,0.09454714703614606,0.13603769992626233,0.1698271475390679,0.11498647253239033,0.12775101561587499,0.4672311850204515,0.20325573565358085,0.20488227665955777,0.8974976404871677,0.08648903147441446,0.13529322612258662,0.06399927441021346,0.6734744926173728,0.1666013285032569
U_4304,0.4922375132271359,0.4015957155154493,0.37805261006475743,0.04847139375332356,0.05982050408463732,0.2559459115828418,0.09615673585710993,0.12096200152254954,0.048470896913396275,0.07362992673108071,0.07226296831794059,0.095930958396081,0.20715754017770185,0.2311103153662012,0.4911096962631641,0.05756918148990454,0.20391388425555904
U_4305,0.030551194010172908,0.0594228694860542,0.12699995727971208,0.07428171548746779,0.11158346117692253,0.1289403771971405,0.5859444830326679,0.3285616683523965,0.5911272367391149,0.10061014997954673,0.12799299921235072,0.6786127298976103,0.12325155428821816,0.12547935097918722,0.06293578289569601,0.2381644597357426,0.11457828602879613
U_4306,0.26234598618404076,0.18239668499519646,0.22324580043473372,0.03323765227811622,0.026147962119886514,0.08808631118492397,0.19716454813680884,0.08256078072859627,0.030178921437205318,0.052141941078975226,0.03483353876485308,0.06561637048463417,0.11661453122501216,0.8111211887023797,0.7717010292940627,0.35442547928052337,0.11074104803202361
U_4307,0.03296365407539138,0.040616208274193766,0.1474509560067167,0.08607268421899204,0.14725666930170714,0.8376813486714441,0.13000733868247252,0.46914782730306903,0.30663642925973383,0.11199339511255264,0.1054915488626861,0.2333300015485535,0.12381178816240435,0.15362293938414323,0.08152162840694085,0.31144518648399283,0.1438206832205166
U_4308,0.2750943186553965,0.2394127906683109,0.26178705739849123,0.049983880672811135,0.05525244102765293,0.17431198403656545,0.07116551646042837,0.35000266719215173,0.21012000806253703,0.07219754928394362,0.058163024189279405,0.07077772948859348,0.12692707972055556,0.7081167041464762,0.264817654253293,0.03326239912503577,0.13084471371597192
U_4309,0.3781967177762932,0.29368083963592423,0.31249980037215325,0.03703970617635435,0.03813444430651363,0.192697582081896,0.07423394501295898,0.10814607031732579,0.055625855918056424,0.43288926403756256,0.05889222517906574,0.08522002616957047,0.17431189183926865,0.1664749293917845,0.2934529819344628,0.5714991497862276,0.14593149792104182
U_4310,0.31901656937700607,0.25911350084159895,0.302379494237995,0.084217905112005,0.08758197985806522,0.3483300629633101,0.1441519341985819,0.14920876495679458,0.05143166389702198,0.7455903941450035,0.07098034382261295,0.08223957892293549,0.1642372131963821,0.18926123751373286,0.2943045189932941,0.044824828539101885,0.1857360207592492
U_4311,0.29644589618165007,0.26977425279102846,0.2853315572304663,0.04826475418237593,0.04389486654558744,0.13366105376426476,0.053829122646141515,0.10840247419046016,0.042727342307600016,0.06395981997089939,0.06145189629599712,0.0687289515962693,0.1330841484939902,0.7944052122744494,0.6202680354213523,0.06768165654394301,0.18356967035586072
U_4312,0.08038049083236548,0.12671740485936445,0.1276765475724363,0.10295432942111471,0.14038178374506058,0.8120395101374853,0.18818728160964254,0.158319232701373,0.19531642146311667,0.10156818335242078,0.10742965054146622,0.4931380452564657,0.16281901419636516,0.17026448386062537,0.08638310047829524,0.048654583872178414,0.16195111951762928
U_4313,0.28653335854936535,0.248664604437224,0.7919842463390925,0.03579557909420954,0.04154368188778802,0.21031792379911302,0.09615565496148896,0.0991473674576675,0.06977121556860688,0.06312514869027908,0.05242192732467206,0.06226422690222255,0.13040944543697264,0.18490000923875857,0.23073348848360536,0.03799572437158361,0.6772688954055051
U_4314,0.08242618146725927,0.4577742540988474,0.5632712457115507,0.07553138479264511,0.06494452350636648,0.1516273376320008,0.2805559671382757,0.2813033747690851,0.41900003703950994,0.3121946730619656,0.09249176189072418,0.5282333476253227,0.16166533497634478,0.1449160905796784,0.07778417512753243,0.0049991728565814755,0.10804789701993425
U_4315,0.02755224273902229,0.04731214251611708,0.056963499375491944,0.10498365759241354,0.14224888950368467,0.0832460923114066,0.11163465569526396,0.09367188416776194,0.08655762284323487,0.8732298705564905,0.19487812009318484,0.27167166047359037,0.12149618469017058,0.11986764638677105,0.062118926655416004,0.4691317283873541,0.16281521314878028
U_4316,0.21853622875492512,0.4173854131374848,0.8643540696294141,0.05622289143498475,0.07100346882632262,0.2308993439626305,0.1576454579891826,0.13701895424699667,0.05527797706962225,0.056845802660005815,0.0716146545752768,0.05101087366385462,0.14965449459613442,0.14106577696979583,0.07478543489631403,0.2562984343220804,0.11467811300410585
U_4317,0.44904038885573033,0.2048500873532183,0.5201634433737725,0.04229678243682418,0.03881205764557816,0.11560205448687158,0.3805172465370958,0.3363471574431358,0.03449088939015288,0.062296855184825445,0.04514607319318947,0.31524383251698773,0.11259314730406542,0.5915748626972699,0.6064169700604842,0.01822422657017972,0.10896331524189401
U_4318,0.3265876133153713,0.30641697701628406,0.3379751664245255,0.04625069012406202,0.0447865290752891,0.28368118253860636,0.09875926706741645,0.13217541035061053,0.6938373013706776,0.06923604989002025,0.06566006588085452,0.0713735721925497,0.1461078387235894,0.19169697323199403,0.3052347442453025,0.07297791259502166,0.20256267127411864
U_4319,0.3304561235295314,0.25405849669347824,0.28485666692186606,0.044118508576825616,0.03736382694223241,0.22354057338896172,0.0655137727582822,0.10638732174815635,0.661638365631104,0.07174747060042812,0.055560193727103815,0.04981368093275864,0.13625158101591875,0.17305722016989245,0.266665101139972,0.39269172231708366,0.15106624328381463
U_4320,0.20045769422582954,0.48646089979193086,0.5232272535920237,0.08966544019787685,0.12608671207265648,0.3953715233622038,0.16075361399515284,0.17571892211060275,0.3201102519848588,0.12625315938712658,0.12055596699944676,0.24318494138247354,0.2033740304449288,0.2996763939758488,0.175684182804293,0.05092894792718019,0.22655144479276382
U_4321,0.3033374879399489,0.26141116781663054,0.255519021408237,0.04002954785629702,0.033673102276446806,0.22677900288068506,0.05506029661647896,0.09693478338091771,0.08273192060898105,0.0488536326670135,0.04920197090065906,0.05245548023523904,0.13567230552349924,0.8204657253935173,0.5847327458527278,0.03557877766602299,0.17334019918286458
U_4322,0.07836731817922854,0.09141251081789006,0.10646875564916847,0.1286216121765046,0.19519348339830317,0.11572415997528325,0.6639554183969689,0.14260454552785454,0.07527722401100802,0.08557939143186677,0.08771863145183367,0.07545360175078056,0.10660258345640392,0.1473694281279112,0.1098070847352705,0.37815373341364233,0.8370709270384331
U_4323,0.2688452243913576,0.18854238717736888,0.9084303632080033,0.04586989277598231,0.042892432319506346,0.13326264708433325,0.07777689706420418,0.3463949404185403,0.4502299525043616,0.05412504766179908,0.051907462865444134,0.3049065455557143,0.1231306967306697,0.1429470997254719,0.2511368911252952,0.013390917869995843,0.08295384041742228
U_4324,0.07123082501166983,0.10157764288710908,0.17187653460624855,0.11367654367595391,0.20148656056524267,0.18089386816331812,0.1542567026411745,0.18668484069475677,0.12616838931144583,0.2110799305902254,0.16665861074746816,0.2972014606232342,0.17717691375061093,0.24493471161603184,0.12222854926413726,0.6466730966895311,0.2505697302535487
U_4325,0.04960040133512591,0.04232493700808326,0.8004407744216682,0.08509729499971687,0.14316405548536082,0.15479938585283742,0.37605751124754766,0.42682919132821656,0.1166504664723321,0.15679681084392671,0.15148277991781892,0.17328884053352578,0.10302663849401963,0.12347477720752362,0.049407292487377755,0.24702734828996845,0.1339970454940486
U_4326,0.018462086525480804,0.43313370300027015,0.0858170047690397,0.08516507533934464,0.3426705874559913,0.07895608024098096,0.21436376119008935,0.1402643862420257,0.08242861654103872,0.6103816791626426,0.17269119646410994,0.6471299577133731,0.10945630900557865,0.0986031510621006,0.040372918626452196,0.21334080458950908,0.10771995775492779
U_4327,0.06785200207703032,0.11090072567282602,0.11612655204384258,0.11370941142269549,0.18065198497874646,0.10665511160061095,0.11719962619216906,0.15556152479810978,0.7301992582852852,0.09113226935663848,0.0915179930632326,0.0744792116534941,0.1027127667183045,0.13744772278977577,0.13098331129326807,0.3721760940266462,0.49082531393444956
U_4328,0.0331602679133037,0.047344212681056784,0.09934076457237435,0.09785934372147445,0.42163157525024425,0.07894048216429457,0.10987791770364774,0.14882217800195321,0.0668975404044421,0.48936481117124236,0.1650382580635362,0.49968865990849026,0.10502230812379436,0.13059567442109962,0.05711434884596039,0.8904481254674352,0.1735464931064511
U_4329,0.2533787811858155,0.22413775492049182,0.17136334236413212,0.03973455916808259,0.0329463472625192,0.6145574331246602,0.3768786543771915,0.1069941225517058,0.22805886826899083,0.07534180513697815,0.053277071270610335,0.04654115185885576,0.11897682456467194,0.13726626421117122,0.21674643104818025,0.02602262815727858,0.6848949695554587
U_4330,0.1985846222321618,0.12862862407623118,0.36780456857723265,0.03886848713851255,0.04836664206267313,0.3003868257242865,0.18968606460863657,0.11106068012805961,0.6098277291020266,0.04481428503054165,0.03401248200617267,0.07682374970766088,0.08830453152574026,0.12473744587382102,0.1907078988086972,0.05128221363468891,0.7710713853036228
U_4331,0.18521850149939056,0.28796995815768106,0.3429791862997701,0.01905852667855015,0.013114522612475017,0.10790113490997699,0.08390485707315948,0.057898417740525114,0.3707620961410877,0.08233751024216462,0.03458817603976001,0.19817422911597746,0.09016109014127822,0.7518420253079441,0.7230862890615422,0.023302776301928802,0.08246878067144199
U_4332,0.2141900897007124,0.7488573281204911,0.23287092995783368,0.05250319191231092,0.04900524105385744,0.17270625356556252,0.07574136557794833,0.10518755652200897,0.6631245325543726,0.06537333310256449,0.06208768928617883,0.06889700309336978,0.12566113155475675,0.14984575174756454,0.12711327742407016,0.024220341872373232,0.4995733127507807
U_4333,0.37385204016031165,0.3115719684473497,0.2860595278073948,0.05674176395500833,0.04188187608363236,0.7672417055300456,0.06745476706554863,0.11734553425835328,0.05242614838631316,0.062460992605249024,0.06717725700502389,0.06097933804994579,0.14551514295795326,0.265963793400611,0.28921520460801386,0.04428732478844656,0.14850182232099765
U_4334,0.10609782267765364,0.4064473617365805,0.5600207989760326,0.045645066902756964,0.1670102195980987,0.7280008076320548,0.27529699274886993,0.199778743263918,0.6779670521735657,0.08313427208891142,0.07600242212765475,0.45774596881296953,0.14575510016953677,0.1484023451932443,0.08057339566782384,0.0,0.084270907718756
U_4335,0.26474429381561104,0.24324611381632383,0.2438523323369104,0.041297337008322554,0.04135634643879568,0.14466808078368504,0.18570651197681337,0.32115059665854123,0.20137488447149737,0.31218162352161166,0.05162787994945143,0.7046093216122704,0.11092981203807208,0.14362866125980794,0.22700083388987052,0.021850689709840814,0.09810937166363044
U_4336,0.29320291714363034,0.15716371313667843,0.2383301764658901,0.0741912322674107,0.07042746953253415,0.22828266545752815,0.5614614070720223,0.13017133526208347,0.06058231542272693,0.06542912947118602,0.06118249662066633,0.4605140900856239,0.13125335071808186,0.16160459457839302,0.11064281170740373,0.02777770965295701,0.7603754583216225
U_4337,0.3286556287432853,0.2586470312649798,0.2753258638061935,0.03881799043841009,0.0528739019211452,0.14717249523245318,0.06598562552971815,0.1205560014619246,0.415225926643427,0.5628866124901271,0.057979922083124864,0.059599034208103224,0.1389021193275214,0.17916046211301587,0.6830436461227465,0.040131590262635936,0.125984361497265
U_4338,0.031627334034331545,0.07595496588023085,0.17811484518843962,0.07829383926563582,0.1689713628190746,0.1848351171687793,0.8479761202199063,0.14414329472502335,0.13006672153532808,0.16620166782303714,0.15803696306181184,0.18989880101110024,0.13339177820635745,0.17021363244496282,0.08062755584594002,0.7357001383794621,0.14825815875607548
U_4339,0.37708659141169654,0.31592420334921706,0.30916127293368917,0.05473028334191571,0.057702173599834955,0.1917057267557456,0.09891551811580024,0.8088275179041342,0.04952175456588692,0.06726651154420173,0.05995723024874881,0.06040012028461167,0.1406714028667265,0.17787216469163275,0.3252401995522693,0.040390306995004156,0.17573740238581356
U_4340,0.1301613227384961,0.2212044202031121,0.14554878028303458,0.10355978225817758,0.1301848406274382,0.21478468969270853,0.2065840086953537,0.2633748827380461,0.19738866091852866,0.07440377739096896,0.07347889184978063,0.7192988336722512,0.20146812640718254,0.22571604069130452,0.10527251098683485,0.03632456662294925,0.15929595169220334
U_4341,0.13876942358503588,0.17539047060583818,0.8293156569566149,0.07131867125159153,0.08350512754879738,0.23648701104611464,0.11782888271868328,0.14202507485819593,0.1311897060613135,0.07329742624933386,0.071279923672721,0.06281739645216922,0.16547219239260424,0.16281630888696763,0.078132348768186,0.6661253262058309,0.151084812948583
U_4342,0.055831292943166425,0.08554381571911802,0.7515386608849466,0.07934482777761881,0.08929989067111842,0.5975459157678147,0.17113170031287855,0.31739388619614,0.3999589346809441,0.09109957628219224,0.07838025814033002,0.367351285842427,0.16172236416068794,0.15569279245688106,0.08237537181867138,0.042144011897597804,0.12305497477760881
U_4343,0.2931879165562157,0.2585525447909462,0.2719231352221704,0.05101686673294824,0.051920009813460614,0.15267799879333854,0.0710966464031181,0.4762648931358135,0.04490048765335371,0.6729330513873413,0.061035120952178445,0.05135054859429537,0.13587187287014654,0.1977887513995017,0.6225434678316009,0.026658101538299887,0.1260201194288983
U_4344,0.40524214011737075,0.246644012428184,0.2540119571415417,0.036895755858916794,0.03166133313442877,0.16566739571572234,0.06776766546747173,0.10432149326751,0.6119587943550426,0.07398414791289451,0.0601094049729156,0.45971435605198113,0.15778641385258535,0.16846189703752143,0.2923645106612821,0.04254378887972193,0.12000002390231931
U_4345,0.43394550887215355,0.3981374830000472,0.42459695812752624,0.054014852871572976,0.04491126856397043,0.3716562737571831,0.09052986074863491,0.13417063557567022,0.11858712527912736,0.08278313587021346,0.06973793393257048,0.09587801057919561,0.22114808390132307,0.24187157743860052,0.37717873849256395,0.06141339137687804,0.22350407932498806
U_4346,0.23786454776965282,0.206880044648297,0.22292016525222275,0.04090043033541504,0.03415891183284115,0.8644864998068527,0.4438681502763888,0.11080563908850141,0.03851187085793762,0.05988774967759431,0.045692840585463274,0.058943579436171414,0.128713473784725,0.14708850537437088,0.24637721408704963,0.033852324213221,0.5634655451341075
U_4347,0.3974780221332223,0.12119512470846905,0.8325676363110823,0.07653634174379191,0.1156133983203981,0.059492392911454695,0.1562690419278649,0.11644326814659894,0.08009117739265288,0.13320204676203043,0.12147698329854159,0.5183015294733821,0.08565185151547335,0.09644701802060679,0.049862741167191166,0.12720288636498106,0.10175024120290325
U_4348,0.21324870663319548,0.14283784531823532,0.2607262127524328,0.07372391344189771,0.08887962190353145,0.2599030051458241,0.15712754936355183,0.12329445446655,0.32680808703633546,0.42509328253826023,0.10838988856098694,0.7300236824300192,0.17027867146447123,0.17754610757387793,0.10305901938405317,0.04646482531259807,0.14432927596952527
U_4349,0.029252753882055522,0.37475929043174283,0.10323020166699912,0.09744338757502058,0.4580180106094926,0.12518591335547224,0.14590612555344604,0.5134031426605494,0.10745827372026058,0.16183778892790396,0.1465061137159313,0.6420275168981533,0.08801249191627449,0.12299564795256357,0.03769759497165965,0.20995507898977617,0.1590439998510319
U_4350,0.22698305912137096,0.19562078916379314,0.8482095991007046,0.03535314939830415,0.26683310471526983,0.2242709667629938,0.1689066526796937,0.07507959525060896,0.03547204935625675,0.05780686458316756,0.04557153271905368,0.054087153431983476,0.110282401244665,0.7296086994652753,0.3293670042659323,0.026898382293668352,0.10080151184248101
U_4351,0.18534641067169993,0.9594845403996977,0.21035109469512162,0.04240244849848498,0.04412663790487479,0.21627822034228458,0.08122081427632345,0.10275255011356953,0.5149711009792899,0.06560816035741272,0.06472681647234503,0.07763564204517048,0.15095389215283977,0.1460361587703954,0.08216626453412476,0.030315768821770353,0.5235001317053289
U_4352,0.11612663857974077,0.20181817929451665,0.2501332268877098,0.07050184628954356,0.10347324166914994,0.2083829677997925,0.16024920913750176,0.1526220710044551,0.21801333017755234,0.061946938289732106,0.06606940700790812,0.7501113215282316,0.16029244973001872,0.2003231352931976,0.10207157163596427,0.5106435901079858,0.14742457518123336
U_4353,0.5423075009504605,0.46096910112962247,0.5587565532439782,0.03587541515708925,0.06063519841779717,0.25671325838611514,0.07666654375705709,0.14371820749841532,0.054757896732297445,0.0796969455865231,0.058243051476759525,0.06838449587452447,0.20060198331438014,0.2765384383162981,0.49612978271981334,0.06662692619242039,0.21944095477038372
U_4354,0.20607922176247334,0.18921094717234005,0.2569048613108727,0.02321217382007134,0.29885491306162015,0.2011882868520434,0.07656774172399829,0.29435809090165155,0.5195502321539189,0.2895588590079517,0.05689957069825738,0.08035782890319118,0.14632659444623197,0.15997842112719518,0.20564291830586684,0.38805456465714766,0.12517750192859262
U_4355,0.0929786357815394,0.16860038174060504,0.22945151366827174,0.06979578250237067,0.10029470663490299,0.23826031263068437,0.8025015300169938,0.15868129690576885,0.14958774223731072,0.09867856534947364,0.09055029644609748,0.09596534884152477,0.1690776285319618,0.1481067171644636,0.07940669523342636,0.05098708778324425,0.13431950086037256
U_4356,0.05773504056414643,0.14194190927388065,0.1196232317779481,0.07200799475069015,0.08033552243636492,0.1649136817565174,0.15291530281886698,0.443276303239481,0.7734552330623581,0.07368473471967225,0.07007624145308064,0.6459151651641131,0.14399096911754183,0.14710678265108945,0.05721769432810824,0.037277003184845205,0.1317107803916046
U_4357,0.35797018912792855,0.26824613210081266,0.3082763078523836,0.05549548301463293,0.05887512876182226,0.29689590052064146,0.06732885595406106,0.10080989549731531,0.060039057266638995,0.0625631123551443,0.08141417442696319,0.7214017577711254,0.250266003285955,0.20533175596060826,0.34675066519206016,0.034290371173301484,0.14942766434449906
U_4358,0.19611123132861577,0.31347543803450983,0.1439391433503057,0.07962315617677623,0.07701832830697565,0.3409744470566281,0.1029061225087054,0.15440888650138676,0.17121153549145354,0.0898375223103559,0.08264230648458415,0.07283640518795542,0.1505501043215924,0.17519777567403994,0.12087041204126305,0.03741124034198583,0.58031083536777
U_4359,0.23419264715797922,0.606927369537057,0.24196475622401262,0.042372603355255445,0.035648117502319526,0.18562096588536653,0.04213598718565867,0.0821442827461924,0.027711135105440418,0.04469005719056669,0.03883939509010805,0.3652019710352145,0.1084366104432432,0.8755811723211162,0.5023984832512434,0.02882286283520076,0.1449292868418517
U_4360,0.23994938135225635,0.19436944548810553,0.2931254555122372,0.04799027946324834,0.06822444703667678,0.23951168373998744,0.20675473865721306,0.15442167071149798,0.34817123728557625,0.3336929742220189,0.05196653734438207,0.06480495635207667,0.16522480738842582,0.16313782663748985,0.21002242592787576,0.3233574813133678,0.41637626292913105
U_4361,0.38043414040466467,0.3312831625441389,0.30190479524362396,0.05246922517225547,0.05837756889772089,0.18490924653183308,0.1000225420570838,0.8606116252423501,0.07158527588699823,0.07615073423054287,0.0737577059160731,0.07966102357352312,0.17361121542467337,0.18370473357014067,0.3136018448684759,0.04782065016745435,0.15884489337979324
U_4362,0.02234164762250689,0.0874293921795828,0.09053869789650443,0.10257722301967516,0.16230504893066564,0.14789019016645732,0.10657889104973062,0.122664851873796,0.10471990718353608,0.15544487881335411,0.17187948226247804,0.20777059178220167,0.11371492728088199,0.1686328926483798,0.07460741483096825,1.0,0.18594462878685838
U_4363,0.5254869931837973,0.44082387761113495,0.5824405424647976,0.03409890739712836,0.046408579988923365,0.4038171092950255,0.08367754926974581,0.1503026833578868,0.0535808047033314,0.08782988439487,0.04900020565883784,0.06354909751534168,0.18867342011139074,0.26977989408427594,0.4819713568417023,0.06460722561683584,0.2231481446073555
U_4364,0.2375724225123347,0.19502941841533747,0.4931253946139594,0.030520179894980917,0.24296118784487433,0.0746481338334926,0.0429278760323457,0.07705969542185832,0.023372914349992356,0.13279995017706472,0.03616499978214941,0.4754900724490737,0.08849792744632544,0.791482010576912,0.5164526986104645,0.02470154453111502,0.1346506290292245
U_4365,0.09181017500446764,0.08515822948992136,0.2453437998104871,0.10018292667730457,0.20429462692367004,0.1948151132891509,0.13208488414704775,0.20163523800766492,0.10287758718069975,0.20007738547207918,0.20031476366270481,0.243017765520095,0.1712695705764936,0.27546039971989905,0.09380896600311822,0.46335790056253473,0.22905190030624129
U_4366,0.3794968413945542,0.29773296092366003,0.34911393114173894,0.04182481799957521,0.042807096826860125,0.19726878214784416,0.3338536141709478,0.477469532831344,0.06402747127177355,0.4567091994374517,0.05328659875534318,0.10080588593417696,0.16944528082278176,0.16338903289189924,0.32634473432418987,0.04320168693355225,0.1358202213620206
U_4367,0.34570330803732247,0.28091965384123807,0.27007453353666006,0.047429936236458775,0.4200431920496635,0.15970515696018267,0.08463876184008934,0.7141767201708722,0.0692425476307127,0.41028125677249244,0.06092774365697949,0.08687530413601424,0.16368633794178908,0.1859521874074764,0.29295997278313707,0.03959592319004626,0.1712582240098718
U_4368,0.3921216994552211,0.3065294298395893,0.26947279038474947,0.04327559245909996,0.04941461635536939,0.26608856212262805,0.08465318095938065,0.09870632653597583,0.05259809817602819,0.06055090888350614,0.09770848751869568,0.7239702927237415,0.16065146146510803,0.1812946451769139,0.3127284324492637,0.039158326220964955,0.15848282748899006
U_4369,0.3300099511438881,0.2559138264661794,0.32313256429863463,0.03486695917766819,0.03217417812415877,0.3265869689258567,0.4073024189401764,0.1194392226338731,0.053589032561390665,0.3187897271974432,0.051432262400964296,0.07785519607174061,0.16467733564245152,0.18061193152441754,0.28973344011249486,0.5833258615568973,0.15865242103449023
U_4370,0.2947486154156664,0.7259282349435221,0.2614622139081793,0.04599666688283113,0.04086777294718198,0.18177544067792148,0.06490944308726113,0.09335919071386377,0.06130867700441879,0.07215625455709516,0.0537443504656534,0.06837342258893259,0.15320303373024832,0.16837573568405836,0.2552932645140403,0.5624924173988206,0.6210888884384735
U_4371,0.100258704527791,0.18987826539315156,0.1925790011876239,0.09310995087541103,0.11238330135335406,0.21117591576905148,0.631347724981218,0.15959989346372289,0.2770720850863229,0.09043931805557107,0.0976443093884358,0.6339607129277951,0.18313239867533382,0.17087172802963335,0.07664671371666239,0.051085389289077944,0.14941164776523927
U_4372,0.2275280582267612,0.18521092990817922,0.18218359656319594,0.03400546812834134,0.11088570903356183,0.5527861857278331,0.13648281688547845,0.0643023190195462,0.10183717168264483,0.11782052461346312,0.03391007488547191,0.15019604250438734,0.09226212256731818,0.7146121574653677,0.8744041466857431,0.01608802500058529,0.1054004696798077
U_4373,0.0465942942203315,0.06704038280938938,0.05698645304368281,0.09799160977647339,0.12719781984237327,0.7478167497749821,0.12571837372143782,0.566807256262787,0.11371980388625752,0.1588195866169321,0.12967249868207262,0.5548479765035825,0.13792150698287942,0.14244407704276182,0.07951711922913773,0.2376587192183488,0.16043197520731287
U_4374,0.052861969195118215,0.11398194110832155,0.10265166339815282,0.10385348952920861,0.12910687506116855,0.1674688190453121,0.15434613317435578,0.13394660806919648,0.1192847181636454,0.2331894572621257,0.23554920357433262,0.21778271944592817,0.13584215119906407,0.17842013253942626,0.08165584190280273,0.8445964151121392,0.16610563413965385
U_4375,0.23351351570277884,0.22118398100663703,0.5650645538435524,0.029328158320501597,0.2591227759006642,0.6806596719432116,0.0786537997742008,0.30969635732984996,0.5196046092057431,0.05315071017146642,0.07024143251811621,0.05647813093172268,0.13257453196128816,0.1532639588011917,0.10322450515093769,0.1459579889332815,0.3108609400352191
U_4376,0.3462739925535075,0.2965329449027739,0.27395758353794203,0.04863349360911495,0.05134968272741193,0.1713207542483815,0.06337081018200538,0.10682192960797295,0.8130734646525883,0.07016645266684224,0.06147591168834207,0.08129854824568467,0.15904936087260657,0.17803247450089113,0.26268941954187264,0.0446180549214732,0.09199634852847002
U_4377,0.2558750153861374,0.5658294903784351,0.23874346322755577,0.034987985409988986,0.31300301618081905,0.15966126144956302,0.061468272637322796,0.09829276675874823,0.8074124468450099,0.0663846546439632,0.05237304069426587,0.06860199114663709,0.14407478297029097,0.1592915296821961,0.24042263150437154,0.03258374660566094,0.09412855235473822
U_4378,0.1840740347229712,0.21748023744419168,0.7862311459441407,0.09493854622993143,0.11282852574941124,0.2861106233886406,0.2532860867787454,0.15717765558323282,0.18421953429750185,0.07811828674725414,0.08213094649319623,0.07733395276912265,0.25238782585193065,0.19867309981570885,0.11151813675870217,0.04671895225002094,0.17662317511570777
U_4379,0.06350578401203748,0.23459258817680723,0.19849641224340075,0.12211183293259295,0.14210651008349384,0.9144943686175127,0.1870544927466179,0.159983468381728,0.250346923174862,0.08193491510563003,0.09276124846724594,0.0977129849392624,0.2347936529988851,0.20112462802138042,0.0982310656380447,0.04646324348857721,0.16771189596842648
U_4380,0.05854143990326064,0.21585332870462748,0.3307889292725394,0.14817445357904116,0.2963360111983897,0.3259838580159935,0.193733296943111,0.193770478989718,0.2689400533673236,0.28887038632062323,0.2836248881278948,0.3073961809992798,0.2061044741380777,0.28572161594473744,0.13747747583473674,0.3979487222704596,0.29181429861466807
U_4381,0.029587288648749415,0.0804615817483229,0.15721577845448226,0.11425988825741423,0.14353736036117581,0.12550814648670955,0.12248189213965302,0.16192450092544286,0.08819856018894098,0.6221734788754238,0.22622499216014258,0.20635100759014685,0.1328589374589127,0.12265575740446563,0.06029779525401985,0.9234288083315918,0.15744311029232394
U_4382,0.28092140077059413,0.31970927611911254,0.2798967882850489,0.045639629025759826,0.06498325264817797,0.2519484850349082,0.7516638606340482,0.12305629138829399,0.14954783989284487,0.08768257803718849,0.08176718516049028,0.09230808500918748,0.17594243293781522,0.17124552373103372,0.18956877316551787,0.061439785398302915,0.18562081091992405
U_4383,0.50613785169548,0.38862470693197654,0.4872836568461248,0.037089200129383756,0.054943947546742776,0.24889030250242355,0.0772802086655241,0.15473187726774992,0.04924241814457494,0.08750194359638389,0.06673023291335033,0.1216631015905407,0.17004739056701673,0.2566189114216113,0.4399012398379833,0.04978863911774681,0.22209856234458974
U_4384,0.28390972180949225,0.23284668770920688,0.23382019328519674,0.04104550504133066,0.033685860780274406,0.1022092680145358,0.05307923835573566,0.09101119266506245,0.037752385253157994,0.05674856318089224,0.043498781980816414,0.032586558263697774,0.11579605556727901,0.9038705846592834,0.507586214054266,0.3434105182284594,0.1642118232214995
U_4385,0.13344803810645076,0.15767795108556582,0.15811501771531092,0.051431309812729954,0.06096617273114473,0.2343516237923382,0.15625825352191933,0.4046585285717339,0.13973072325416308,0.07293250619415917,0.07355211025927862,0.05491172712263974,0.13963567447732061,0.1624403530941524,0.07673507203724275,0.5356896574247079,0.4392952859504307
U_4386,0.5403264970700858,0.3821762072729738,0.488544504863499,0.09221566538495896,0.0775783212673245,0.2618192224884759,0.0933244440174886,0.1256137021875245,0.06070993602071487,0.10206669402009902,0.12093338976205752,0.08925915601901667,0.2948900823232627,0.2161461355948151,0.477870672565796,0.04681146310809757,0.13755514957468765
U_4387,0.2576631549412864,0.23708712094532391,0.2541060833233407,0.03871190932507229,0.030133037669669897,0.18130470361510725,0.4041655475581228,0.1002316959494543,0.03254133920059257,0.04674336605289821,0.05101870575283881,0.06614086660847857,0.10449614748187788,0.7787434438007661,0.5311652556590816,0.09365259628148934,0.15190631190712015
U_4388,0.06650728012903616,0.1091924230995033,0.09798243490827363,0.1317590952083563,0.15337660880607243,0.08699333309535323,0.1365246043583651,0.15217858750334257,0.4147862381188553,0.07994383678157238,0.0781648110469554,0.4240940057770351,0.06672179040843505,0.1284712108118229,0.10019262837788191,0.7626223505494882,0.15082193593023466
U_4389,0.5884175846795134,0.4961864103392262,0.509554216291698,0.03419878334216869,0.04615214698099553,0.26298844188086185,0.07889207101369324,0.14514263007795836,0.05745642658472154,0.08502757295284749,0.05133936762117545,0.0612143131294014,0.19566225169157095,0.2755996875307756,0.48754024279775793,0.08474923108843288,0.2201648221867837
U_4390,0.3081832139460801,0.24971350997796332,0.28562265441153484,0.03526886281736989,0.03450047147036481,0.2333635061596533,0.04935837887778759,0.09670088644918941,0.03986107259482328,0.05003084242188812,0.05211240757211892,0.04938243322275947,0.14776233497907904,0.7555773200209712,0.5553284254179605,0.03312463146120107,0.17440779800713527
U_4391,0.2741765982784917,0.5682653767782853,0.25355835832060825,0.037406158233227696,0.22678261840704056,0.2102464087535166,0.2623056605967756,0.3844481674652627,0.6322756026498377,0.08280648786832166,0.07018737591453439,0.06720025293679785,0.14578937595548377,0.15619938469779282,0.1836794142825577,0.01263634091091006,0.13150619118046233
U_4392,0.3761665197010758,0.3490541191201594,0.33558359031880136,0.047848812165578763,0.041882765051738456,0.1694966389632444,0.07977329121562796,0.10583402794215392,0.05593279684343327,0.062438271800193124,0.06804730376763748,0.07162922675038903,0.1685748549403283,0.20503630607514373,0.3156304924754015,0.682762074150568,0.18331050124142462
U_4393,0.27807468548208364,0.6839825317167125,0.2397179434562939,0.0325421658405276,0.04501385527280877,0.15154419488656926,0.0695062163082133,0.30139390336991995,0.39479768327853293,0.06803557547885565,0.04679659679750563,0.08628648988814083,0.1113683720102054,0.15940630164157654,0.22730726839257565,0.3990314753297177,0.11191944404992382
U_4394,0.07096150280174723,0.09307040913119402,0.8226384596918157,0.12518163261470397,0.16801433858823964,0.10533660822452592,0.6907489931065764,0.17396536546938757,0.05364295238270954,0.08761425750008679,0.08123676651389963,0.05332986744850004,0.12136630073792792,0.13488069447078285,0.10511205620647293,0.37949134577597265,0.22176379083147482
U_4395,0.27552163417449926,0.24790498521182697,0.2961451648735957,0.05171319650340603,0.044763816722186475,0.19708959633827233,0.11044428939987112,0.1268098292824057,0.06735512373344862,0.0677977284957025,0.05891437102731264,0.771787736432346,0.12022293495428536,0.15915740448533408,0.30679440747882847,0.38683636030189167,0.17445393723413638
U_4396,0.045033492972963766,0.06986460151258796,0.18071240229259883,0.1065469013758323,0.16761788405401906,0.15146986024121759,0.12905624954404807,0.1502440627905407,0.7856927515401753,0.11042382755748725,0.11855601480453364,0.27819567040916127,0.1451669261958982,0.16075772518798784,0.08370364868495561,0.37776285859754516,0.1764841753378518
U_4397,0.18037453158122108,0.15694345832810902,0.4167077560428704,0.13088462700665704,0.19221153526465082,0.4687718061284127,0.18610369235257465,0.22047880869857406,0.26592177562340485,0.12362762447380052,0.13455903794821628,0.12657968789290663,0.2449226654241527,0.2713437110180458,0.19164231646106497,0.07079696923521231,0.25208662452203173
U_4398,0.5559098546397614,0.47605837865604894,0.5625208584187089,0.035847397072067355,0.06184624571063484,0.25954025325267566,0.0777021763362189,0.1434851039200965,0.057859246728889785,0.0902341546815117,0.07230402747765055,0.06908130021324015,0.1985868547776664,0.27497044906613116,0.4869092769083933,0.06457713627391881,0.21834089590878117
U_4399,0.11463546462169641,0.29651128278930056,0.9307747713364056,0.08722764790263458,0.11441304895460036,0.2380376403684933,0.13139669795017,0.11938173843493773,0.1847789761834932,0.07762829646806078,0.08504065088522014,0.08497197596376609,0.19495107241546797,0.19899879428365372,0.11696173353344887,0.04715012941921709,0.1784863204762828
U_4400,0.20848898186418782,0.1813508720935175,0.5925373573722896,0.01895714097038223,0.2927412768712912,0.28996339251068465,0.17249083743098337,0.10970982988720793,0.03711487832496438,0.04342719836868726,0.046747641675124976,0.256801453120258,0.11564117350619418,0.1511646825315434,0.2340898065611073,0.28243276396101646,0.5224664324448669
U_4401,0.3387266423515805,0.2545651636894612,0.2845954091322986,0.03480730667090947,0.031657508488365814,0.24644950878567284,0.07554615641124839,0.10162993822875009,0.7488316947994578,0.0602881120608676,0.0553162808703831,0.0708095203107235,0.14297918923959757,0.2017589341542364,0.2752874943699682,0.04819834785993732,0.6298639461817526
U_4402,0.19224607018068252,0.1582001507176904,0.23669836817587778,0.08365081981158795,0.08979539095681248,0.9211003816233325,0.1433942434751667,0.1625474578499856,0.13367618359559247,0.09751313528451122,0.09276668014721068,0.08388603203144589,0.1907571797661026,0.17749926508098635,0.10912306436825547,0.04950584821801077,0.15928461715256045
U_4403,0.2531583558572807,0.574732909724869,0.2762692509498239,0.04421053407193547,0.05839490076761947,0.7060349547667473,0.10172605737912394,0.4101657291140454,0.5374527729942657,0.06145572412717619,0.05675420033792712,0.08247924078963316,0.15375245315108638,0.17848226319366334,0.22825292086279544,0.018580846023358605,0.1335058255640369
U_4404,0.05017864589127504,0.09141150447251636,0.1722510738713788,0.09307447584387653,0.11887159101527324,0.21869035258783243,0.6614845653986172,0.13574741220240658,0.1867442196709604,0.1335566507955222,0.11241572059572688,0.06474081506726419,0.16953692745140966,0.18128249715895017,0.05921673439325478,0.6298103693684489,0.13917058724165113
U_4405,0.31253479488628005,0.7186875902873733,0.27709953757139694,0.037933529864947975,0.36174165607333886,0.1457434355692542,0.0686999089565956,0.10308045231655241,0.6745373008031812,0.06385170260101705,0.05511394147000185,0.07412505247494891,0.14906275653476708,0.16995805315938417,0.2489276998258213,0.03471694705507433,0.12075399007048815
U_4406,0.29669544597215414,0.4088616249036933,0.3400485176773882,0.04585788834287399,0.22137609414111395,0.2651085950481317,0.1614929728530481,0.11768448631348925,0.6125568797574721,0.45887726485277797,0.06364899707554911,0.11381670214643949,0.16002580865861699,0.19109324476944023,0.2942492412623476,0.04012779947349566,0.11010272146361269
U_4407,0.14521140675874733,0.19412099596205984,0.5125082044322808,0.13634775120734263,0.23209702275522495,0.3766435658059119,0.20245945685097183,0.21042562959155806,0.3936788497044305,0.109006196470014,0.10129678463355478,0.1268584559028797,0.29652201086520075,0.2944175804265583,0.15181288077892915,0.07766834327475279,0.22105509498606035
U_4408,0.2906127048124156,0.0456173083037616,0.30768445599782746,0.0545969037498818,0.1383064942862128,0.7503834912300427,0.09633628882489276,0.11912435600160562,0.11664005833743754,0.17247449943252222,0.1705346153565362,0.516730556443975,0.09218289824160912,0.10681511034603802,0.03128697431146744,0.2651197136346501,0.14936001444793412
U_4409,0.1619073131099326,0.11864462267105619,0.27145773941467066,0.09619888824770968,0.11448366306720004,0.2898780209128781,0.23092314557251065,0.15136688331323875,0.06199715653690832,0.07761427500309667,0.061464057109058765,0.051558091466847714,0.17492230525715313,0.17483634989582358,0.12760336046349915,0.7712244014348624,0.13739599058840948
U_4410,0.4631900752626573,0.3593656573911373,0.37691164680891015,0.0719756010373596,0.07955685300837387,0.4116393587744562,0.10411871587330994,0.11243642533096511,0.06770542412821527,0.08531362842925963,0.11930498892431415,0.08954662497732585,0.293973286105335,0.22581414153627455,0.5621059783918281,0.045680661858688354,0.14257102677692082
U_4411,0.3366782635887953,0.23159781744157104,0.28712298436779904,0.0506577667345745,0.04654034880239221,0.37078899011333316,0.45550934215978545,0.11581267929390385,0.046918523073672676,0.07449601963128295,0.061981007347690326,0.04709976749609961,0.11703413921363784,0.5373067863515064,0.7955186651497415,0.020805979282978174,0.10898230394454463
U_4412,0.20975333657395184,0.6733254329727505,0.7306094478066538,0.06358628536757222,0.36911091911424865,0.2321689801935912,0.12612535046896042,0.1258044518781521,0.12556101488742577,0.05904759996434799,0.05864918603973612,0.06280173701704796,0.14381863115419866,0.16869276892294027,0.12427623308571689,0.03452663197399605,0.3610944253962869
U_4413,0.2401623380066939,0.3768372615250077,0.556903250396541,0.02231941899687422,0.19987171179840768,0.3770204158509866,0.05216770453784204,0.0970409209187933,0.5769824320777199,0.17422910982088496,0.07296898198759726,0.31215249671816464,0.11113491219921717,0.148143584165921,0.24471427487089997,0.02271070082162389,0.12316178775109533
U_4414,0.14184248107109315,0.5485653953197136,0.545128998508934,0.06869345782755967,0.34912365956280267,0.19929808683191425,0.1285680123527337,0.13363417138920672,0.18171523260480638,0.09168012765449102,0.10714391050474932,0.594069051328731,0.14939262605170445,0.1641662815491458,0.07409888156323065,0.030033453856753975,0.15531980359780292
U_4415,0.1546289689713493,0.3326828138371192,0.2521771275153663,0.136399176588976,0.19525574821934272,0.2925678529486045,0.19259514651621168,0.19286349573142336,0.48974873670003255,0.1252582565720058,0.09191005875663222,0.1427876513343306,0.2955269291417877,0.31352464561699267,0.12781682150351784,0.08803936339245157,0.22697278858521971
U_4416,0.1262623113405486,0.09935658792172142,0.6861627376170192,0.0696404334670892,0.39315913120520096,0.21854734913746013,0.18331363142777118,0.12085776245654371,0.33772664285422177,0.45622143836445755,0.07611738021966952,0.6644428101996873,0.16176016554062517,0.16011492831472368,0.0994537143953246,0.031528504323101024,0.12143907957042903
U_4417,0.200842951823834,0.2909243553341217,0.5408131846264332,0.03223820793698254,0.029026796007702582,0.49503827465080913,0.18332457667516952,0.10401280124120622,0.19773549591981984,0.29972794104672495,0.041737995920577455,0.43649285283351297,0.12493212455193517,0.13615848262903646,0.22799575145754336,0.011290027041109714,0.5165065768793078
U_4418,0.27055324698577815,0.7270270861255759,0.6444381028009907,0.03588204394097966,0.037346650813797184,0.5590823318278655,0.06610312993397041,0.0882361796705114,0.2245746449044739,0.05466775207278754,0.03888380404676388,0.04797270555916841,0.10829456636213838,0.1449966161139062,0.20602497843150805,0.04149135719952777,0.13706634252759245
U_4419,0.23121705181422825,0.21534416755525226,0.32465809587681865,0.026032021114874456,0.052316902700567644,0.3167627320966395,0.2109331908492886,0.06448762664830858,0.15626557100134092,0.09969861831303763,0.04079385716637358,0.024744638042743943,0.08905199613444106,0.3861043500270337,0.9494112813461515,0.05969312956150778,0.07657415244378972
U_4420,0.27032070843447864,0.587945277742663,0.7740433432703793,0.04921556358614673,0.04906691080332943,0.25026389947843797,0.2950199315617142,0.09059687005161532,0.05251381787575189,0.06205505460744187,0.0592761482546666,0.5142911920168949,0.14193850162154512,0.15575028864508306,0.2451512639491492,0.019325765715964924,0.12117135720530581
U_4421,0.17664599435771194,0.14327746874369,0.20097428926320685,0.10009179326052556,0.12810380151086878,0.16977952583994882,0.18583488825647934,0.1643267397664717,0.9046825046685454,0.07630437785475686,0.0857512576968041,0.5475015742996021,0.19250888855186415,0.20641943600875814,0.11565996830420998,0.03310257178300342,0.1786303508056834
U_4422,0.07524694546656764,0.2848384264062637,0.203904289969848,0.060951107959433926,0.09756445466315285,0.15846671162905618,0.1421593304906426,0.15630249646493977,0.24195288976981408,0.0629947074125688,0.059985507804774296,0.7608916976732778,0.17313818030876543,0.2275122345649946,0.08742760550066388,0.5364989727798288,0.14827847387101606
U_4423,0.378163249958506,0.8545754579595941,0.26934511214464435,0.05345922776123389,0.05589485115248098,0.2547138766497099,0.10450021934244257,0.5237218716092729,0.048286959544220964,0.0859740772197945,0.060559092553906395,0.08159964352227844,0.133487104906782,0.17583398381577334,0.2794636735533079,0.03366859012868066,0.16944559057345984
U_4424,0.38970450216705793,0.3665313426952063,0.317325777640115,0.04386583224108547,0.052321923348290306,0.17925011928837511,0.07471908800830582,0.09582193203610262,0.7300208308745701,0.06080248862658656,0.06228054384733579,0.08453264912907,0.17001369475342487,0.19492970480723146,0.32624997702217495,0.049244534579385865,0.1538318078240375
U_4425,0.11154651003795622,0.24894556690389258,0.17141231004880605,0.07064538153058064,0.081725586430683,0.19293855394330686,0.13034854085146932,0.1445413688145345,0.6613866514911793,0.0643938049485882,0.06544095359930079,0.8976512167991695,0.16837289390049662,0.17524837883334904,0.0791153743870242,0.04301939465240971,0.1478520496951483
U_4426,0.3439571231799896,0.2814574970003885,0.36159128393097234,0.043439606379384064,0.04313855943618643,0.17572403349569526,0.07650636009759909,0.14126043507999203,0.05274264011941289,0.655467204762733,0.05698758632074086,0.06491802290972493,0.1384999892073872,0.17989110919095153,0.30310338325924363,0.03865436838264764,0.16351878383198853
U_4427,0.1639288279140261,0.18548661550147996,0.18025825164760678,0.06478935872701372,0.07809151099241898,0.3393042521016608,0.1445768177175825,0.15241084955550982,0.7729589001946533,0.08875262777680047,0.07437679426780612,0.06241737584202277,0.16935340171801974,0.16120378118637338,0.06336078319181286,0.4629571075442422,0.13986792833968714
U_4428,0.16081276005320072,0.14886120378741458,0.2866122383241568,0.0655661509963838,0.07028984302352416,0.19956371185910254,0.7155588385402321,0.45295137998411145,0.3739066569338601,0.07912512288569028,0.058990942069997436,0.2528303013204893,0.14940733847791782,0.1714095777841387,0.1313315014333834,0.03420113718317111,0.1306615034429436
U_4429,0.29550234397930325,0.590199966368923,0.25885296311086864,0.05865868814669078,0.06225420669817218,0.2459900051459319,0.09780055575867758,0.10502558644266631,0.7118868648090872,0.08192743213670493,0.06370606107034142,0.07042603506960053,0.16723266398186698,0.1605997699161219,0.24187661528315965,0.02610654660813946,0.1415192622324658
U_4430,0.02932460231504438,0.060003505358318325,0.1006588630750916,0.11132973034693383,0.16039139416555395,0.1362894916856507,0.12082632625151947,0.7250936211203656,0.07639474874679214,0.15297362652794277,0.14946388930521604,0.1942441149752632,0.1105254063728622,0.15008891345258324,0.07240895356638691,0.9528776226187137,0.15664639074620598
U_4431,0.27166952281296847,0.18189294888406116,0.21424550359770742,0.028962984911617414,0.024088410947740453,0.08459647841757155,0.09948912557121656,0.08425426291324781,0.023710795925261915,0.05011066915591005,0.03499793432073297,0.02599073664993548,0.09638125915326755,0.699917702181551,0.8506800391098588,0.1785295355242903,0.09628999002778463
U_4432,0.18016764062157892,0.2535056464605132,0.2527696282190747,0.04458802233411096,0.062265492793069935,0.227267565807758,0.08902267069264809,0.12235176608110512,0.9260666209973021,0.0801919928136157,0.07907681376770907,0.0529999627205633,0.14332113108477715,0.14253172453535037,0.0859417005525374,0.3546388729632475,0.1315154195051768
U_4433,0.31038668067532904,0.23737376314664574,0.8516564895139795,0.03692569355575981,0.03077013870589633,0.25288018772026594,0.06863036894833194,0.09274125412132103,0.10669133757112054,0.0654571026899231,0.04962159793114011,0.07644869496712901,0.10925626489368621,0.14714193460214284,0.22594672973316218,0.08071343437969414,0.14539470981974498
U_4434,0.49021499380062905,0.3590033997765267,0.38735897289003945,0.03993393241909275,0.05798235220717092,0.3385592820222081,0.10182292278028635,0.12551818547182417,0.06727754069861175,0.0710373411734763,0.06689105873485347,0.08674689828311129,0.20757528664664182,0.23210153158904787,0.49378611978732995,0.0446335739470151,0.1995406922390381
U_4435,0.03580497003724525,0.8435983322545595,0.06465832006501761,0.09884164430429689,0.14929938268435974,0.10107674798566162,0.13184746607708878,0.11528671932968534,0.08287854025006937,0.20965734967924116,0.20988687767998512,0.2017007309843408,0.11790408480096098,0.13424956691839834,0.0735078412768523,0.735745136569357,0.15980923810455122
U_4436,0.3685120492914596,0.28789125603207244,0.2912825395362415,0.03950595582510516,0.03883608447647435,0.19374320061493047,0.09057358856753418,0.3810396095055715,0.06939486472881687,0.42625046939098404,0.05282170392284251,0.08693627646442637,0.1720681381408767,0.17113456006802646,0.2883948264068385,0.5412675487064622,0.1333589148202846
U_4437,0.2641466598949477,0.028072099232886775,0.3618015491515954,0.07802881162831607,0.39725192499445067,0.048064641779550984,0.09713250248695143,0.10122530412425156,0.04388832814374091,0.4396549437584253,0.12232744642325104,0.9456747420520115,0.08510708127820378,0.0926931294243643,0.060545239160226264,0.2656925889416346,0.10260581963196205
U_4438,0.03693944282106617,0.08091321408663019,0.08813151871983503,0.08673445814226222,0.19042521561945203,0.1673064102220494,0.14017805671986508,0.14901615702317605,0.1226197225793233,0.20040158790437787,0.17550081716245117,0.16474325344506674,0.11229526910387413,0.15801057075173014,0.07258695732469421,1.0,0.18473081339595504
U_4439,0.35571087344945784,0.31654881866105594,0.32541112968346214,0.044518667708903295,0.045037601418446344,0.28956120924139356,0.10546082235371361,0.12608021776076736,0.7582646410159029,0.05798716256933717,0.06093429107429117,0.08996071315343979,0.16830943448999128,0.20505266690945803,0.21069245224639027,0.05559792087366164,0.19224066948147647
U_4440,0.33853582672635874,0.3033993638091171,0.329391996764885,0.041280037764659876,0.051109937426843874,0.2759587535359604,0.4543213350546534,0.11358214331615148,0.7087638981597846,0.06974076372840203,0.060738412006701374,0.08341994727357523,0.17515963114831629,0.16821248244391224,0.29679844929878885,0.03675439553670327,0.14018670463387156
U_4441,0.3572619573786232,0.8778001980842689,0.2815839113198031,0.036176465221060494,0.046078911683953165,0.1422171564779627,0.07463958340845755,0.10034446734148304,0.071297554626545,0.37237350409985004,0.0529014963999066,0.06980241633756877,0.12844669618699495,0.17101247122967195,0.2667322452318927,0.05044462649414515,0.13104644834777995
U_4442,0.0444711002731293,0.11139303495650418,0.1385533496893461,0.11027830330766557,0.1591990276141009,0.1594676942262444,0.18261692165507393,0.14518718890385207,0.10159912930473905,0.5091923716196207,0.16270958632199448,0.2576036510110403,0.11622780298139794,0.14650584481146156,0.07622969221727523,0.42448118245931404,0.19877190946526865
U_4443,0.029098209333602864,0.017820819178173304,0.6125545031116386,0.06565190317161954,0.1284353735634493,0.13696684107005366,0.10911939364204298,0.11686756958068228,0.0798311583566541,0.12316756214906793,0.14419606515467537,0.7110137066431337,0.08610686348376738,0.10983007101045399,0.04010624556308912,0.3491479951932251,0.12234418868950889
U_4444,0.406215655907498,0.3432806215258017,0.31196212893742853,0.045410784692769005,0.044928492909621455,0.16950665491434666,0.0727667377900827,0.09013146640941172,0.6965614867660754,0.05788821140592126,0.06401011234780352,0.08835425428579148,0.17052850609790512,0.1954044267168031,0.31678361678021655,0.053661083928427236,0.22528144222031776
U_4445,0.2039684930986592,0.1753389792638276,0.4700950598508645,0.027511649888165377,0.2118348977011113,0.9084209095898912,0.06400655170946506,0.27088919647134996,0.22286052203126736,0.08073637834015245,0.06511016100302604,0.0724067694924664,0.14710531645260286,0.15923259692447495,0.19453038988673194,0.035894972841516784,0.7137987915752051
U_4446,0.5406246081755779,0.4982411794826827,0.46490542999227136,0.040094606865500065,0.08195271915300466,0.2249792423252115,0.07276611324081576,0.13002170331065946,0.08945369871925728,0.09190248658911325,0.06584465601960475,0.06366730222835477,0.20534458230053418,0.26239536988489537,0.5521619244884008,0.06646325140177814,0.21005162868180347
U_4447,0.006394911094873765,0.03106059909564838,0.08283035670952348,0.0917048375806446,0.37955120575791573,0.11318568107491597,0.2915282042784984,0.07286773901833969,0.4162396675356459,0.1886378181876927,0.1538197682185355,0.8653326727345496,0.09415617886690222,0.10058619406574301,0.046438233078272044,0.39656532612533046,0.07943017854445589
U_4448,0.03809282776899074,0.07431848719429644,0.16056528880353207,0.09740604666370817,0.5375091915969787,0.16731554864086812,0.12098545737519177,0.14263926121196302,0.10383814897649044,0.5639660350065419,0.1854744200948477,0.17892292827102446,0.10264146549087828,0.14643183911432353,0.05509637304436514,0.8739519801116287,0.1478949335341779
U_4449,0.26410502292668403,0.4073546222290091,0.5454825901244822,0.043663840595635287,0.14077272445677086,0.4022246090225953,0.06806876521843924,0.11607363802764657,0.7525085557866438,0.08950406693372812,0.06967378848310207,0.43670738946566684,0.15057090143443072,0.16666845801111624,0.24646293862328678,0.02137405397063528,0.0875972522234859
U_4450,0.36137105925188845,0.29395231486791373,0.2852205968454769,0.043687040118312176,0.04030943173952832,0.27926723012795035,0.0777082281790514,0.09645705711032126,0.5450851620119768,0.06449798498761408,0.05109374292034962,0.09336079729535017,0.16277642691578026,0.17410542608473006,0.29685153255598823,0.058437136096801595,0.16658365224697008
U_4451,0.1725964243421631,0.39683988588769853,0.8704280883251585,0.025850665088945818,0.2045812121215598,0.2220850348869519,0.08765050505902405,0.08752844612294797,0.08747409586761493,0.045608174299028414,0.041170605544476886,0.5409070390379263,0.12345552083384115,0.15441140394793326,0.2778231352502847,0.20194674416179423,0.0959317868159002
U_4452,0.07070546568309678,0.18108729332986376,0.11773409546260907,0.10397997554775948,0.11976267104935372,0.14639258113631365,0.1762646344086393,0.14221279695134745,0.9143615940646201,0.07494899217036476,0.07860469234301348,0.47214454280709167,0.17042517055860662,0.17373633353772244,0.06560353804403483,0.028898216250054592,0.1474750723751837
U_4453,0.19537029716845034,0.14617090119902118,0.7958694218707041,0.05923316920869724,0.0662480083364205,0.23163735293421311,0.12156748482431019,0.11633448905436404,0.05624915893862942,0.29128749366424916,0.0418935007482674,0.05039262569202036,0.12843184579027694,0.14804559817874227,0.1087321505966767,0.041835063219718166,0.8605961668774287
U_4454,0.3319063712712712,0.35295317733157383,0.31489772755095213,0.04798871029460299,0.05220104724039797,0.2132962063061712,0.07701278815052295,0.11589598243931655,0.0589218892552374,0.463326310406267,0.06763829039445642,0.08727171167342274,0.18070623538034175,0.17570606811495518,0.30950910537475995,0.055203442350163855,0.11318805776798235
U_4455,0.23797589545887993,0.2163774507780949,0.8658639470968621,0.05229648143370158,0.028188764181598314,0.41768518369482177,0.05227234573025294,0.0933915206866829,0.2454912498057054,0.06531362706749151,0.05279212855787617,0.05787016827087539,0.14054590625201802,0.1442146606132391,0.23512166455207836,0.03023394381949584,0.3846697733108088
U_4456,0.3047667965198337,0.4137216808096697,0.21362731242856128,0.056094632884533535,0.060217580812439025,0.30078392118577185,0.0793499081107623,0.1539388025123825,0.0796794817489157,0.10326824205576496,0.07340399006168075,0.08352447468290589,0.18595232009784887,0.20795803798431675,0.21379606909455387,0.6657098137378441,0.2206890071180731
U_4457,0.03647413277656815,0.05783806647027402,0.898820922186875,0.0916607606899537,0.16866580145455834,0.10770944507203149,0.14958937115462168,0.15512874540935453,0.10585301530172903,0.17671382555423668,0.18366183105655873,0.18814238684023302,0.13018560747923508,0.13172289615978947,0.06171807221099636,0.34288718701406223,0.19208444176658554
U_4458,0.060644788174315095,0.1843722209923027,0.2237077024948623,0.11037272826043129,0.1250076818237592,0.20773774066111172,0.15764289492833225,0.18072780797971916,0.1824510810513423,0.716194589907353,0.13154173963559526,0.08598609217313721,0.17743771947438747,0.19237417459229383,0.07784736293467312,0.03348596557931482,0.7345987263774685
U_4459,0.031379480946312974,0.7448409929545974,0.06755672160582431,0.10420593085416872,0.16890899228701745,0.18003638170700476,0.14197391737429887,0.1556753408677138,0.12768742286109205,0.18962478734493043,0.1916588568853653,0.6490233101992458,0.1324638233695706,0.1636518709201897,0.05519015185343811,0.28741037629582966,0.1596865275111549
U_4460,0.06132792567326145,0.09929397350824122,0.5638706684503205,0.070063320126527,0.08348416962810938,0.26715246951810856,0.6698283735589845,0.14064235978757225,0.6666571193060853,0.07451013385467216,0.08020805235685129,0.41179263745103917,0.1610478105036674,0.15776432991626657,0.08220645999110911,0.03607658249167026,0.11055316663518867
U_4461,0.32311485067469553,0.3199485474129441,0.32296370622970977,0.05831859813759559,0.040574487615784374,0.23478192324911415,0.07223986853984524,0.11564567378652196,0.7811641968573293,0.0766051765952361,0.07297283057352602,0.06238254399563707,0.13945010079651088,0.21902512985855666,0.28557653940990635,0.04313661601207142,0.1469512888254526
U_4462,0.5585014999589757,0.21004802301358577,0.5637690102206192,0.035495802713348026,0.04581817794775413,0.20253422059471782,0.08573047141929828,0.09100743479001282,0.0522219765932292,0.5235337496653818,0.05625409316819785,0.5391005266171094,0.14817331405127696,0.14695026448811666,0.22790697270745428,0.024301569262542247,0.13498667528231095
U_4463,0.21657294214181452,0.14582231486564726,0.2117314477016599,0.04200668990193708,0.05747960428076093,0.5788661803698998,0.12236707770346032,0.12961865364630665,0.093592285468389,0.061211738599212945,0.05836888979436071,0.8049216874635805,0.148999609325265,0.1428297269183723,0.09640647734569975,0.24576214559054946,0.14795873847197252
U_4464,0.24170495261069302,0.2489939627167398,0.34520627275966637,0.056657185519587594,0.055326827957835695,0.28348750300571257,0.06327376036885156,0.12019078958249917,0.035806020560023064,0.04879539937873983,0.07633585272452831,0.6120274920684046,0.16933605786897332,0.18081321058874938,0.18834597657719995,0.02763070918023499,0.6525532751304699
U_4465,0.37247394963596875,0.3214297325274167,0.2657189989148068,0.050224161641678956,0.04669448241755637,0.2856890328697703,0.09020273569755415,0.1116859111565866,0.04732772597261566,0.5994089072547808,0.04950615155399342,0.062372078459571184,0.13397938003343857,0.17125709170210765,0.28466366796399023,0.3747039941807792,0.16556990058443727
U_4466,0.03471009418791008,0.09354687535318545,0.1215458805837972,0.10066594509942932,0.15826773274615585,0.1371617474623003,0.1290558612900699,0.5038301840465951,0.41302107269736144,0.1706609527376582,0.22735267192369135,0.28403054088470153,0.14392626072618295,0.16005731900834555,0.08259920335136421,0.26188667772218827,0.15920542392390902
U_4467,0.2676216528882611,0.238301848707662,0.25433308799474186,0.05488465331259274,0.040525405570342635,0.14040411014562956,0.045584645553008056,0.10356291669717824,0.03451693055635956,0.04500277320371554,0.04629215028120473,0.5736660627937873,0.145905336141063,0.7704443654815354,0.5040420910326373,0.03328712764620383,0.15017129444579366
U_4468,0.5609805917434301,0.5925650548386947,0.4293494489160571,0.03309454800072108,0.050264390086846654,0.25404293281961415,0.08346040606370199,0.13909423585037284,0.07887945309063057,0.08233578466062945,0.07380750890771019,0.06195688235457984,0.20134721096827682,0.26560570767369024,0.45616091638259154,0.09326529987500548,0.210811798894356
U_4469,0.22872026464032227,0.2406726350613808,0.27678647433294623,0.07411418254999148,0.07762637870569988,0.31290418830812367,0.15270198768392737,0.15277418080433758,0.0916340516237967,0.06836247653987991,0.07574647975944318,0.08249274203886152,0.16913602304961606,0.16328774511580174,0.11918965824670903,0.02969218452586765,0.595406189196529
U_4470,0.033964076614847266,0.0798088598603941,0.07619523036799461,0.09935230783199968,0.1417050014292749,0.6614949326679809,0.12944139226701534,0.11905886622596,0.4962591243611116,0.15492294002795545,0.14201013684981456,0.21998803813899942,0.12376224058887494,0.13565522452229048,0.07753236045015172,0.6141987894619592,0.1308110504079899
U_4471,0.059250931513101984,0.14145017486738562,0.18655765266881885,0.12424810877778239,0.36693468202927054,0.3044394048489096,0.15638615007083015,0.19039264103218123,0.24090459706984885,0.28357113201329265,0.2872850765689038,0.21885860097913157,0.16413297979771777,0.23365014491500258,0.10745176012677793,0.42223212433575347,0.2528232441099223
U_4472,0.1014156191032348,0.2138731287504389,0.2731973214270174,0.10973606510431437,0.15607194461117593,0.22200930918114165,0.16812101129599566,0.17337297487478787,0.22487903264797396,0.08070256881305289,0.09677789226547043,0.7848154632602975,0.20275630520200927,0.21806462917684366,0.1107686651693025,0.04977104004095663,0.18533119128752035
U_4473,0.044169254763622275,0.05129685109296902,0.1748237015992224,0.09621309859768577,0.20327744614130663,0.1966721994156042,0.17012833094404606,0.823341398764303,0.10862708332953072,0.2249509558827788,0.22458402810058556,0.21056521633879113,0.13031906083581776,0.17277589534224483,0.055541451973594044,0.28518888682690247,0.2182672306451805
U_4474,0.029440541536527153,0.2623491632921562,0.06308858803182205,0.07768911630713354,0.24227102386102778,0.8756167011681848,0.09589127218806477,0.10351421237381866,0.045133619669983874,0.11883591708266522,0.14264898357794967,0.4157330055892274,0.08132188392905376,0.09677895506634408,0.034499977617150235,0.2276846568238852,0.1221588457563674
U_4475,0.1937922350522532,0.1464991925457185,0.5255731650597244,0.0713834498078676,0.061991565055964565,0.7317493442024754,0.18499977289297534,0.1273082516820376,0.1308991908946731,0.48153269900042933,0.05933588455583271,0.2952233565494022,0.15680062970814465,0.156503318152464,0.10345636401156613,0.04339901767611255,0.13229446694814748
U_4476,0.27874549106343377,0.2743004302462463,0.266780619695036,0.04337063579703963,0.03961058243238112,0.16818897175320327,0.056503956454570736,0.09933023048672002,0.04330127926928961,0.0711625265667744,0.052554019675697804,0.8325734372991274,0.1372833679041241,0.18291136330129745,0.2542611174862359,0.4066287394032171,0.11763466824171813
U_4477,0.35083385043935134,0.9347004382813895,0.2675063321779785,0.0518312211037579,0.041546676509323796,0.19605364243390316,0.07626452322656904,0.09930606175000095,0.04950633781307111,0.06969122753686305,0.06375026663249037,0.06859509908694088,0.15002751448767776,0.18373980844408985,0.2839997603046441,0.06062426743022457,0.17798701499814276
U_4478,0.2901974417658489,0.24121560311766818,0.7535509874175268,0.05174914804932564,0.051317244721574985,0.16043360525295827,0.32768708114684597,0.11181308799347472,0.05107928185507369,0.07396233540227984,0.061297386303298715,0.05260162959069574,0.12444493656087122,0.17186208691214697,0.6504571653643341,0.0328960945825856,0.12417618855547943
U_4479,0.2876355428819229,0.1863413173969161,0.25813719043663497,0.07660395544010805,0.07295853411773723,0.25918121430467284,0.16874944199888894,0.13265646373754988,0.06092149531006712,0.06593333592711488,0.05787478044339164,0.07260685854858932,0.15057171240445147,0.2557427208865867,0.15794370776137892,0.04079141163634516,0.771174427253513
U_4480,0.048129409028654424,0.10389329664803597,0.11101960090507204,0.11196144807989103,0.17748084873942171,0.16025023061939495,0.16113451002668644,0.14175489018187085,0.8450550558222332,0.193104697886191,0.20053668348525122,0.16523472128788985,0.1167614120403592,0.1828467381961324,0.041902126591135944,0.26616237030543693,0.18807321666248922
U_4481,0.23190687997224632,0.1638093916888399,0.2488006796781692,0.07488171692720445,0.4108218731175103,0.7028740429811497,0.1543689683422636,0.13473614679080648,0.06634692051835403,0.06318213315728957,0.05480632362084502,0.5761361560543554,0.14583512735123472,0.15730065123533168,0.12700338079120643,0.021971402557783588,0.5976113369579623
U_4482,0.08423595411528843,0.23653411003162675,0.775286430781285,0.10247320814744147,0.1339062680187489,0.12999529878112645,0.14943489816433997,0.17344152692768972,0.20790761171587158,0.079966308721959,0.077463141392375,0.6480284926098765,0.20096320223758016,0.22704398795568798,0.09776795145775596,0.04022207856099724,0.155133267647301
U_4483,0.21005265614651586,0.20934188540444235,0.20118219914223687,0.09121475603779941,0.11592954644901207,0.26059063879070343,0.18279852664989826,0.17490821052029376,0.17692044331625553,0.7186397276417122,0.06723470025780563,0.6149714247206779,0.19370346748689413,0.21478368091325573,0.1233128923773233,0.035037204316654885,0.16639960550961663
U_4484,0.30471096979327705,0.7023398645105556,0.6302398182919122,0.05223568695054287,0.04931079510507176,0.1620396929709801,0.08085615741231895,0.11523794500395862,0.5831557179110061,0.09556502668780045,0.059932969220221524,0.06524441908951584,0.15625382537775262,0.16968917539353975,0.2616541135297566,0.038142138634546706,0.10039782693346842
U_4485,0.009594976087442655,0.03179066640386266,0.11567452551944392,0.06662067817879837,0.13311291088796748,0.9310797194177756,0.09505930078645108,0.2653050247977938,0.30464862284902267,0.12119337575893552,0.13245937892405313,0.14919639826699393,0.09114984139441441,0.11039788313843357,0.03239130075456281,0.5284645126083634,0.11123771282285384
U_4486,0.27629474843627033,0.2860078847727935,0.292397602792677,0.0384306762456751,0.05935147990596122,0.2577497180001391,0.10365493375918916,0.11165336350870278,0.05188042329039673,0.059928446402223556,0.05524627541817552,0.12199814389355329,0.12408264656108028,0.2062488804926069,0.15071105594095072,0.5193377344240138,0.7125711417450622
U_4487,0.25500462442441696,0.6121288152909903,0.29726978740304555,0.03698395664798916,0.036783380502045014,0.15495246558316164,0.07103799480161001,0.11230617574885075,0.08381513818940756,0.0652964582405426,0.05621763884104898,0.7465337160754026,0.15417092848895414,0.1700761591914415,0.24489902757171816,0.031890303368296215,0.11542630696046396
U_4488,0.03173005898622303,0.0631211177131339,0.10136616953335083,0.09618794049827263,0.11851740090243568,0.9450539916751273,0.1122885522258547,0.1305465673828547,0.43615829882173696,0.12628780592228683,0.13064716882099306,0.08244646400239342,0.07434337694815357,0.1262489101043413,0.042142546590898874,0.6852616131587459,0.18215225972660448
U_4489,0.2270514595477706,0.17434146480065899,0.19809328348556648,0.022083732262576778,0.036306760794528416,0.386631349821139,0.16567800981353875,0.08855505669196595,0.03930078256433779,0.04560586138887943,0.039840209499470265,0.06155011653630402,0.10093938999765373,0.3833563552313971,0.9364200572547559,0.02484596022194388,0.11129672570195784
U_4490,0.14614930925739436,0.42596896622141905,0.45781224681234445,0.012595852889552105,0.1169810028205347,0.5888682189724894,0.30006781302436675,0.09612938111891588,0.510007928444385,0.03410366310431662,0.03430963864980522,0.4669894593732827,0.12714654313999796,0.13453703703639686,0.05629653971213408,0.09385674276277803,0.08912532039683836
U_4491,0.36366953927837803,0.3454584098517282,0.32331404259384533,0.05466910436914565,0.052417314394403045,0.15974431266106806,0.688750368053731,0.12807552907730427,0.06525117063631725,0.06608585965486453,0.07846875092844512,0.06949563296404829,0.150013173016388,0.20729384747950186,0.3308393030826453,0.05281359295659284,0.12841285370032837
U_4492,0.34831331232184176,0.2852284604813012,0.2819895527172521,0.05850115782235305,0.056474188301872896,0.16340286648686977,0.08024925528707438,0.715421083236119,0.6180708938923356,0.0827345862206351,0.056924196929498724,0.06186860654427495,0.16066623233364424,0.17381385661178925,0.29033061500329443,0.034975654644140784,0.13939953204855915
U_4493,0.06463614746352768,0.737328212421064,0.1149411546602901,0.0848351130161554,0.10989124271000482,0.1886045615914644,0.18398733163845618,0.14096141791798164,0.6456753832906543,0.13244708139559866,0.12624196063023616,0.6793628173227324,0.1735077811514149,0.16804122630506932,0.07128831497798098,0.05217949972086641,0.15075549291925763
U_4494,0.31155877086753114,0.2927279115894936,0.2706024715959243,0.0578082630151767,0.05389038767182922,0.23165701166115552,0.09226305864591594,0.49881879127565837,0.05082340180444743,0.08124056367658763,0.060569058030573227,0.6145661669607301,0.12951467487539425,0.19863427774186662,0.6183542802933404,0.025859463046134942,0.1417801989134092
U_4495,0.2768518448520841,0.7427093911661236,0.2690526736783408,0.0393403834422962,0.22372453957987715,0.14245335869779158,0.2290644033003662,0.08560973621355256,0.3740284889172894,0.19378050982267242,0.0489227761335314,0.06799620496505598,0.13160957301864545,0.15024970779724517,0.22048448242775803,0.03184425280910968,0.12047053933581549
U_4496,0.32968941145961334,0.293122169776477,0.31054568756112033,0.05526816635883093,0.059865602906362066,0.8518409055098901,0.07006356752582563,0.11586184472229796,0.05221650224886161,0.07116390678258608,0.08382892307501202,0.07931136816906877,0.2152507968234689,0.20854825870301688,0.32691892027224123,0.05761667784151114,0.14544984516633952
U_4497,0.09870760934773956,0.12229201063263229,0.093122572769757,0.12679173928800797,0.17562425622599295,0.15071991125757686,0.9187433303402253,0.19141906012217963,0.07120479974666996,0.09433849111375164,0.0946602777898751,0.07770896135649541,0.1332263194780416,0.15787769891075765,0.08218423229375275,0.35027500581115073,0.20439479493175158
U_4498,0.18908617925730414,0.16728722497788823,0.9365242867300281,0.027186528824581925,0.03404878323559477,0.3442294167562919,0.06357589676583972,0.08629973776454625,0.3790219438027223,0.05311533260144588,0.04245235290627024,0.05163131091208937,0.12159768021420453,0.13207336352410326,0.21732827906822536,0.038030438698546165,0.6153539375884007
U_4499,0.4278292489690071,0.4041529205090492,0.29745829881090496,0.06687476765252659,0.09101897853983906,0.5141835602830374,0.09671120934900185,0.19143366040557291,0.1154796911903907,0.11097586393584527,0.09884262567528765,0.09541171491847797,0.3535935860048096,0.267193564268955,0.17333475063865994,0.04659509337320818,0.2837049018077896
U_4500,0.30341648393039067,0.2423665150506171,0.7958945031431273,0.03933315183871289,0.037034125278778765,0.10365388390604321,0.044705855265159126,0.0849455272019562,0.034301053805822476,0.04648793595814117,0.05489750769044793,0.03676555604465859,0.12767976948303472,0.6549098689233828,0.5458111406170478,0.034498647098564324,0.14139405937142904
U_4501,0.10585633854251271,0.24170573182993574,0.6309794571862595,0.05789500960006472,0.07982776115500231,0.2356704193162128,0.09936056791297022,0.11815089003063872,0.08672427859089611,0.09587260793171584,0.11497784129542056,0.7897763092266461,0.14734402632701044,0.15250175881084777,0.05599746801117544,0.023460491895359915,0.140643992180365
U_4502,0.07106319812050425,0.1887639391778194,0.8804657427126559,0.10628243458606632,0.12340351448138231,0.16826330136379372,0.24046725264638813,0.546766701501288,0.18840552216713596,0.06954181223617023,0.07635202867596091,0.45188476587193277,0.16887902981153602,0.17077875718813637,0.0750484706680625,0.03677271274882622,0.15027538468700619
U_4503,0.23658373005705824,0.2447770818231339,0.2587757788157186,0.043665159197859356,0.05550007108615797,0.29477495176012036,0.5649389552042094,0.12439028124974139,0.09019458190499097,0.3695309471582559,0.07054844504360991,0.07327523771655191,0.1577226831812364,0.164932943241357,0.14703486260201062,0.030482138456017507,0.5188818135651003
U_4504,0.3945648158615411,0.17572754443274832,0.815822087201743,0.03493730812808685,0.026385535398609244,0.20803522389535758,0.04195804152137106,0.07877450244118342,0.043690445714407805,0.21131943861750732,0.05422108029279319,0.5579174575688743,0.1334367345860376,0.6181805474099429,0.3051824005248025,0.019886779828864908,0.10140842024927967
U_4505,0.18557807626221617,0.18196517164502937,0.2639264930661456,0.06398027332903364,0.06375605456054427,0.25035850988374597,0.1303281846564646,0.13474377755981867,0.806624979529452,0.05083818984426751,0.06275500524823041,0.06920054561759806,0.1327932967356369,0.1409160892026392,0.08657038742039581,0.03577414122433198,0.5180483383177044
U_4506,0.21213402281561522,0.5997511990983475,0.1833893722586249,0.05942560527157959,0.058587242588482996,0.26741243522431196,0.11289852684676724,0.12939128396056795,0.050758783837630425,0.06490391699647599,0.0530812024059928,0.057739790189880597,0.13806985822989723,0.15360887885570584,0.10902586917776103,0.4642610217230525,0.7872245215601035
U_4507,0.2659235579740949,0.2825886506822503,0.8482943908509308,0.04749868315191369,0.2635852114373248,0.2210702431700108,0.06052445504851074,0.1945574788238532,0.25991344766032304,0.12139742972285213,0.08584366758717599,0.29337647403796085,0.14409578725677996,0.13809943075554967,0.16738636107065005,0.01821427802489315,0.12924273995394459
U_4508,0.24092886540784883,0.23131582867214429,0.22152771592851733,0.05217503508354284,0.054474035849605654,0.2737088481597762,0.08216152007345534,0.13376658250378934,0.07558159816633532,0.3800255172821649,0.06012989167053366,0.6708395018858346,0.16044854523733348,0.17390020408538331,0.14068637074070206,0.034211937500722815,0.6010026470799494
U_4509,0.08187057313659765,0.1674686702812118,0.24722939610927205,0.0869310369264698,0.11878941471168136,0.19678943986160735,0.14217535837769069,0.7594332782120321,0.2033600047643375,0.4925739833936285,0.0810729105414499,0.08980917873100083,0.17011113001847833,0.1729624621865871,0.06259782448985338,0.0433163416457883,0.17353561608538154
U_4510,0.252570175765625,0.18110990596682913,0.2263138426844267,0.0321708311508914,0.03812338851567721,0.7231001012506355,0.08937846788281774,0.09791890907882073,0.04207073379415977,0.055049159119472765,0.050795281254639314,0.6108662730901522,0.11750163502873304,0.1406974249958399,0.23244734433739167,0.14144924372996456,0.580473258531033
U_4511,0.04657139803164915,0.050275814308201716,0.10998538181208359,0.11267049700407536,0.18012281352269924,0.7043368053730914,0.17580093723074863,0.16368740201620136,0.10215736045417068,0.17192029202496092,0.17866189619555978,0.19951234898854825,0.12907216344573777,0.1599868721999288,0.08460318734714568,0.37377060885460506,0.19491222935184654
U_4512,0.03788102750877891,0.055636927664070385,0.17382144841305708,0.09346127351042208,0.14198377337709106,0.1916795362985813,0.11894028757602174,0.16163542065593822,0.10869491766432149,0.6377159811788957,0.20331501695578547,0.14458988326120567,0.09227074783829738,0.15060239073590842,0.034087220206669946,0.6465494156129792,0.15797711807446504
U_4513,0.27597825581871355,0.27717901096229,0.2874848546348028,0.033967432803058806,0.04531661169725019,0.2845233529397105,0.08787371195094304,0.11189714366035247,0.38967841869599845,0.5585122249699099,0.05060714830627453,0.07638474442798317,0.1539851194110572,0.17097450799111438,0.2709577372227408,0.04582127574748441,0.14395149711565292
U_4514,0.5596836023861949,0.23763829154449,0.5156937371754564,0.03253006537751352,0.03927447415608124,0.7535185582532937,0.08353772013403991,0.08509611644634037,0.04650389301757466,0.051604062119964725,0.03726954884222962,0.40659683227167964,0.11004039610214274,0.13468295415579234,0.23942585826711124,0.0406265884918748,0.13643877938155916
U_4515,0.28713524490619863,0.2639120120985924,0.9871118864109258,0.053572922673465445,0.03276666828856608,0.24203650833814538,0.05477258673683504,0.11549999445950357,0.04563814684454317,0.058235284233282315,0.06232163484260268,0.0770079015410527,0.11768252670488835,0.19452166399662013,0.29221065746123237,0.045978828108659005,0.14391715062584723
U_4516,0.03893979688195155,0.1029761755937441,0.1212616765799781,0.1128723001323311,0.1633334952882438,0.12314524731172002,0.11300902926066185,0.7136233077466603,0.06980034458789428,0.13226537531023153,0.12151976044514753,0.1168551477066508,0.08174867829713085,0.13561348268021692,0.07802841819724107,0.9290833835286321,0.16450068834266143
U_4517,0.14340555969602928,0.46971821645477213,0.2845615694963768,0.06930217607062103,0.11336061700964477,0.42530348046007116,0.14273351615985727,0.15874750220040923,0.23540247726530808,0.2067030172089512,0.20175685709633284,0.3009260461365631,0.19554134089675076,0.27085427345297136,0.14126455095915685,0.16968741677380583,0.20421037904029415
U_4518,0.3490946433336618,0.32705863030030974,0.3193027523597182,0.04844297773759208,0.045288387792573895,0.16933524685359927,0.06997289434826154,0.12304812670397874,0.7574214242624442,0.057187594943607756,0.06588046605418144,0.07097159982508003,0.1498520654600151,0.21030460381763857,0.3539613162056577,0.040782190204491434,0.14727262276356765
U_4519,0.28061151980559146,0.23320046590358648,1.0,0.04333111665679451,0.04019744462162612,0.2513212815872915,0.06656818538066318,0.1169521582256701,0.05206126799719288,0.07432244007986033,0.06185007181230952,0.07436897333054285,0.1557893805736288,0.16860887756541243,0.259016290206502,0.04649672470936371,0.15335990823519807
U_4520,0.28825927945078866,0.21529493392752297,0.9681378484899907,0.0371102674746419,0.02925054213755105,0.15024020925851952,0.06397694124896475,0.09407848432942023,0.05223877255633133,0.2351260407269655,0.05718529823649964,0.08197807247533842,0.13302767094315454,0.15143727048770525,0.2274087586231604,0.033890506305791886,0.10162847521658318
U_4521,0.34348481513326695,0.27016821333695057,0.2917883424791398,0.03879223279377497,0.07093705079539232,0.24806023648368286,0.7409568255504297,0.5974858310959692,0.0716706052850659,0.09058721237451735,0.07047567278328219,0.08421290821189284,0.1642035535703888,0.1799770114509367,0.27328568881870624,0.03541801007598762,0.13500854957758796
U_4522,0.07662874094565132,0.10078388047470599,0.19429220188422988,0.06674826853939643,0.0913946517342052,0.10531794954876736,0.16553806318155298,0.6232257072756815,0.49998147291812484,0.09347892860914431,0.10279745652600653,0.6706652504572916,0.16693922219730511,0.1515704340192524,0.08562802364151055,0.03501272987626372,0.15822313225839402
U_4523,0.3087657518674644,0.28801614220040694,0.8755466693254483,0.04270589418235823,0.04120183662202375,0.13510522019063725,0.07203879968721447,0.09131116613739698,0.06216870916199617,0.06442517304839011,0.05346664358989501,0.05435938918328778,0.12730064499078036,0.15547466746456362,0.2492202616899452,0.3892902467387342,0.10741028203524247
U_4524,0.5111933692848691,0.5103903542783794,0.48077100670354156,0.04179220656065444,0.07145846816482836,0.31965844619065814,0.09556071359001185,0.14178393941175102,0.18793833107033603,0.09451981578209717,0.08781842712087831,0.08073069847629726,0.2767270560819049,0.2792849874855145,0.32453498392847174,0.04907108556187417,0.2102623304175658
U_4525,0.0499145994247565,0.0758246082302308,0.12898924303106718,0.08249908237392924,0.20645061700722542,0.18168195789407993,0.13193111198174778,0.8362387594497123,0.08538810892054795,0.15290006356197555,0.14339525955281118,0.3480683897269195,0.20735652924310896,0.17672280907893773,0.07682310682753313,0.34757299325558505,0.18797023992186845
U_4526,0.3511657819092302,0.32678514269252135,0.3164637319435418,0.053529455665922814,0.047703428246334195,0.2195864624604505,0.7027391493513271,0.1266251918008027,0.062190280461552366,0.06571756480059254,0.07497766029331,0.06924274935544653,0.14815772794189846,0.20563532611587718,0.33438066218419965,0.050054174482875136,0.1450441023395189
U_4527,0.2510985207096726,0.22087998978242362,0.32014516485302097,0.07635603492774365,0.09140482336065507,0.2612285721490172,0.18128144978459648,0.45465625502160995,0.0480880466254358,0.47153173873678644,0.06263362817155851,0.060296448669494455,0.14980701983697506,0.1907319775502348,0.26049250578013916,0.03218405324706872,0.5980575311589476
U_4528,0.20341803849725737,0.5421574387670676,0.27179681543811746,0.025314733942367967,0.022237467399747985,0.7272438067548272,0.2690099165938117,0.06743078321201783,0.08333429962736903,0.150534277027133,0.028549456644685195,0.05295745103971684,0.09994728722481144,0.12404763725229578,0.1101158333247137,0.14432889118321302,0.6231782893690776
U_4529,0.08138985751821781,0.13439266679319317,0.9021019623868121,0.07904531567641447,0.516149413497057,0.1753820038101824,0.1449115581369203,0.11411449247711297,0.16897645638798173,0.07019735584526578,0.06655037984497361,0.06473876678874133,0.1477506627131899,0.15288085722380776,0.063857951019055,0.0423177421411361,0.13400209094610357
U_4530,0.233294013644146,0.6968067070421922,0.38004481442492527,0.033737702599923466,0.3029952631573309,0.12336731759509177,0.040911426517584455,0.07514019417732014,0.026233056252492726,0.06303826230368277,0.0424778121558726,0.17949258366466783,0.12543704527281915,0.8115873319583173,0.3273879042694596,0.21164540060100623,0.08763152476797342
U_4531,0.4208179165483115,0.27582341510216035,0.4201703040344675,0.10074161991854211,0.0993765578492439,0.3882921220168869,0.17862936328059495,0.18896720075004325,0.059270481197050015,0.09114198648390633,0.09479663382078583,0.08676178409628232,0.22385092171061133,0.2286849368908283,0.44056472043343337,0.04490770998412132,0.2695412620941624
U_4532,0.3138462539268198,0.2416229354014921,0.2503310050720593,0.033760304040781966,0.032582313870278705,0.14937557706822793,0.2679466185624244,0.08859837548685147,0.047145643640693485,0.0629079914955129,0.055798130883909725,0.7574222295215138,0.13619962569140723,0.1408648381328353,0.274486797222266,0.2817920684094633,0.11509145128277483
U_4533,0.039863313810288764,0.05991445131148504,0.16341756491206008,0.0985818850743602,0.17190385669666822,0.1052556755055077,0.11891508636255987,0.13901353394044563,0.6905499271693631,0.1524895932767357,0.17352103273113584,0.1420588255528025,0.10206469746213634,0.15997609443708746,0.06439591053505841,0.8722077779323465,0.18064674561756336
U_4534,0.1907237394144984,0.6306129063893966,0.26852471352727936,0.03734907049524471,0.4012936358331797,0.42887308051563505,0.20986830771821133,0.13663326021158667,0.24556026023458247,0.05308854608331434,0.05519851438862783,0.6218632666057484,0.13774042509683043,0.1484579457694729,0.18977029478170337,0.0,0.09148152770753933
U_4535,0.03594532384605874,0.15910948745847162,0.10174112052076478,0.11575608747106962,0.19302027266639218,0.2950662222882642,0.15555781147887937,0.1214063023667215,0.7536019977977588,0.17231532178428463,0.1874974808214427,0.28566644894938914,0.15701825933185615,0.17524721122089543,0.07977320731388951,0.40075625092351647,0.1713868973345595
U_4536,0.007035635859821204,0.8916012665780333,0.2869145815278095,0.06642367040614192,0.18870479928133432,0.11247977372685719,0.4431958988134294,0.1673420701256319,0.0994771392726202,0.14875156997748273,0.14591201349026836,0.21696285573644908,0.0929533895926655,0.0895511386740589,0.03567402561683631,0.2708401088311232,0.0679379949895321
U_4537,0.2460064435120691,0.26338622579123333,0.2701403972552184,0.05282000560460531,0.04853957236169382,0.24489010910754636,0.07325943093212108,0.13975135350983905,0.0530011282134139,0.04979724516817431,0.06325479823445426,0.5927026159884528,0.1596220654982742,0.1849564048837265,0.21098356393794165,0.027402016021858204,0.7883878209937143
U_4538,0.03636435844800762,0.05553567260904187,0.6308342192096339,0.06782686698158233,0.1247042468285649,0.1459511957237692,0.3615501837975712,0.13021093668090972,0.6130830663281019,0.15263814102719003,0.13175746775523164,0.15088939016825287,0.10779832865453008,0.13277419634203355,0.055801631706708384,0.16678362513906098,0.13343628159213564
U_4539,0.032225900837413946,0.15756932337606602,0.12073276088843173,0.1039541979300905,0.16768322271018465,0.14115281918201195,0.13604285721439907,0.12706895536788632,0.10139451772414092,0.16173457987808154,0.19091965069773859,0.9734690969494544,0.14375269147949782,0.16219147312386953,0.05996895832625732,0.26744907576957705,0.1886713942556285
U_4540,0.032233012982003595,0.07605591565571533,0.09523023821814527,0.09685042939373946,0.16480365992380563,0.1435487833040306,0.10943370669634242,0.12540784800034407,0.08177241281252703,0.13084503775881154,0.15039887443407324,0.7523520404768793,0.13629719665500178,0.15548758883612315,0.09234144050410314,0.9471663260609298,0.16823522419074677
U_4541,0.02157368287265416,0.24836756648367825,0.12105258334805266,0.06727410647684799,0.10722782096631263,0.4665468812218045,0.08836074128323476,0.11996912882424197,0.7693272127346233,0.08761072270420153,0.09590257389217037,0.2064544414065642,0.09968492978430889,0.08351570768838029,0.05064898010053173,0.4104515297050355,0.09202080141757002
U_4542,0.048088759109725265,0.5110142304514835,0.158803055045599,0.10737466956487757,0.14439041479267575,0.0828867382692653,0.7729361032584807,0.16513398013697253,0.08043928416287471,0.15970085381134852,0.16159955896992584,0.13427740202803878,0.09769437794229589,0.14485461120395998,0.05846480093426616,0.5869861284619282,0.16194216865063588
U_4543,0.2887715357834813,0.3104195210318111,0.9444151841156632,0.05693455385111358,0.049024300662935734,0.22700063238681262,0.07053909170297387,0.11463835023634797,0.04770260939194234,0.06150324646699133,0.0722759280938419,0.06323552283479594,0.1386303283546723,0.1864590702272119,0.31837851864601124,0.03901391712379066,0.14314913942766963
U_4544,0.33964420585335114,0.9110280817776832,0.25088730002992593,0.04163759439967687,0.04220512829570315,0.15512520796811793,0.06769789769696229,0.09551895919117416,0.5752640429528364,0.05527213312284553,0.050933970483307285,0.07810665113531189,0.14567639841311794,0.14718761900051053,0.2357400401417823,0.03230370406812922,0.11208545851345697
U_4545,0.13759414452183297,0.12837067969937824,0.2345119743965981,0.09528487359672083,0.10047154132719043,0.21081391909352518,0.6460780965471302,0.15808945246066164,0.22159301529238046,0.09222136834806477,0.07999181798414447,0.45279965880389916,0.18025360531957502,0.17442005884291195,0.09377978680696744,0.059491246213086296,0.1537888347015104
U_4546,0.23477339695575172,0.25611325422803505,0.24682743680488753,0.035730300088761706,0.046350447000365225,0.2904265043365298,0.07352968693847264,0.11403778682228412,0.06064747961894074,0.6656158563138765,0.04297673201244386,0.04740232112771384,0.12249567856096612,0.1651834645462418,0.14784997661909383,0.29566316090566747,0.5676447768655208
U_4547,0.28922431931887466,0.30183196121838485,0.7784989349262124,0.043329313308323646,0.053282499831098715,0.207592839503784,0.06624148532489736,0.1045221893730433,0.04311013022671119,0.5734320276272604,0.05586033006816879,0.07955864494941796,0.1512606688556695,0.16687362392108168,0.2901142144134666,0.03940246705596699,0.14117611101832173
U_4548,0.05747116531993274,0.07501653938822209,0.09626612071313828,0.08251979405393545,0.15836475605826422,0.20427710682678016,0.8625080345009084,0.15750383818782018,0.12357176100808717,0.24202392808569081,0.22872582746992898,0.14242754553265793,0.11287329873945617,0.17231077442418102,0.07163570562044626,0.35382143085865414,0.1928808511297955
U_4549,0.22889316933556003,0.1291522818693052,0.5480272626825085,0.05214965970832701,0.46102927092094437,0.444105130837801,0.11703660703601526,0.06409684032212223,0.0949293684118779,0.13639089711666438,0.128700975844889,0.6700304967287576,0.11717880188085839,0.11504070703687093,0.040706131056553546,0.4316961221006861,0.11822851690013958
U_4550,0.02390811125080332,0.34894582181861017,0.3023186865616023,0.05248123295754143,0.11587608198973509,0.29883989654874094,0.30178028751796804,0.10766422289734501,0.07737189102520284,0.09645712292328348,0.14650116114638476,0.9003626646446508,0.07699518145001391,0.10029983888060034,0.031568467891794336,0.19638872249791336,0.10690142167248001
U_4551,0.22846875998806154,0.17145525265152328,0.18200061821729455,0.03110744604760405,0.14433267362696683,0.25787996183922623,0.1861369501021767,0.07047250762639122,0.2308858121422418,0.04104402463598969,0.03386474413388866,0.4750988147894661,0.11190554620962846,0.7746730538474751,0.7700362163093988,0.020243908222981177,0.10118394164123627
U_4552,0.1690075915330695,0.2245229837068843,0.20931271483126335,0.10168907726081926,0.10825668224231236,0.2800841946432857,0.20820988556416745,0.15607187221078023,0.1907275663918042,0.08040164865959533,0.09492963119452873,0.7679897320468037,0.20079828520453993,0.19908089130829118,0.11798325172046396,0.04032374457781093,0.19120102590629579
U_4553,0.25465943084084036,0.22178591590339897,0.25269043072219005,0.040303947085664656,0.03559782709527352,0.15682575353367112,0.24605792919166167,0.1049255173582067,0.28572748040234874,0.05304412603770799,0.04852250294382311,0.07002881281989703,0.11664878005705358,0.7474594551347935,0.3788660953355328,0.04636256538686001,0.11232671263714646
U_4554,0.5578659651617777,0.5029910586627044,0.46781975298806056,0.032131375899887335,0.047238058151663445,0.4795154331535579,0.08277375368836472,0.14250228833516743,0.04932607029234308,0.08567953418293087,0.048389070313085814,0.06505037088236736,0.18523571464232827,0.2678228228054444,0.48094521094029613,0.0760557008912088,0.22990216053583012
U_4555,0.38607823160046023,0.35443799407459337,0.3382402557375748,0.055747247652916866,0.04721634772126964,0.1758811343711539,0.07826201459899483,0.8194309643359479,0.04406296516096177,0.06914338436327257,0.07474461987100753,0.08823447902314996,0.18642985842002158,0.19258086371144903,0.3161121139449708,0.05186682578749181,0.19702727347306698
U_4556,0.05775499181802275,0.15067749137354122,0.18669343970604493,0.11561023176213986,0.14773967543257358,0.9596056191864708,0.18964153857154306,0.16701921042787027,0.20338338356283464,0.09639273028890173,0.11002156686229374,0.15532217058418188,0.2040084780447784,0.1894447463692064,0.08893447308405325,0.04935496509891896,0.15711080670457606
U_4557,0.09546587403084432,0.12353606636943554,0.14388926248976186,0.1745965932841404,0.17952561178429627,0.12517181919506193,0.7907173547327078,0.187294169287173,0.06881254874519709,0.0893017599023283,0.0971740144418986,0.07201227798878972,0.17119771789582117,0.1781025902084333,0.15375153901140673,0.3997700289197428,0.21558337166534272
U_4558,0.03056680147069936,0.062146018319423485,0.11268827232989373,0.09904193778517675,0.16209401038073387,0.14871578968369048,0.7372009663996095,0.1529724578539763,0.13740929682132805,0.20821413200901853,0.17554975242102883,0.153745977227203,0.11039867550232953,0.1701712762448428,0.04779548662196367,0.7668722538127424,0.17442933433392682
U_4559,0.23446963741915286,0.7471124558685482,0.24634762964547213,0.05178925004313661,0.042685865443237436,0.17390742179204238,0.08317890996499921,0.12372938334703432,0.09607146387749464,0.06587178787628369,0.07214485522885167,0.7287109144001906,0.14435446037753155,0.15417514165771395,0.15926453326993206,0.025272535462545993,0.4761354152090749
U_4560,0.2394003625415547,0.37408068788629356,0.1967239355303773,0.01571370226174507,0.025281190828571123,0.3996862053339877,0.04809301106873422,0.09664792331748413,0.016403913353440717,0.14112557140966403,0.04104371698615153,0.13613408904598054,0.0954672864421935,0.44772015625852984,0.9279761430937763,0.06684204861615514,0.09168139366892589
U_4561,0.24569645540332166,0.2844945906043889,0.264514315180434,0.06351377413689802,0.05451603180497183,0.28964024674622973,0.08907252133580769,0.1316945226264129,0.0773799376463353,0.0607775336937491,0.07459296751406642,0.06412882287690386,0.14114263457717774,0.17403364754050685,0.152727105695512,0.037730526860946315,0.7953029609852433
U_4562,0.16314157842608365,0.18372134944970475,0.8916378046407445,0.0299413408822677,0.0403456434957458,0.20519811367949503,0.06453236509836821,0.21430917281010184,0.2163417045728745,0.24352851748813975,0.04456609038508763,0.06663225122324579,0.08532023400291615,0.12753961600606473,0.09265790134821056,0.03243986771478536,0.5328606509697913
U_4563,0.25730783193286505,0.1948029745235328,0.22187909255991856,0.029088646377584144,0.022390099451564345,0.2953822658610318,0.045141265312942214,0.335196570936339,0.16959577604257678,0.05564833576093488,0.040286428368827495,0.05456956199361271,0.12540506488800698,0.8245697631375863,0.7098254386900869,0.026746634536075627,0.10539012022917828
U_4564,0.5135485370537789,0.2346875593223216,0.592463071417827,0.043502327902155136,0.042769666688359465,0.692414109458467,0.2681326831145449,0.0895919921831131,0.3855081185496139,0.05223123131707829,0.060046738575254305,0.2957840101770665,0.13960492289099,0.1377500301920075,0.20333980122078535,0.019012918338343232,0.10928933896092678
U_4565,0.26672445885270774,0.23942169621192622,0.25291295310774675,0.03191750974252137,0.043572323212571706,0.10790234831379023,0.05698807028960202,0.1000123622079694,0.331511809644108,0.04969196901341329,0.046763574235099754,0.05773912785865677,0.12895601563632533,0.7050672354451035,0.5386080961955666,0.029381481857589556,0.16147707278878926
U_4566,0.19034173634258728,0.15531621607352564,0.5690879954817483,0.0262352122361134,0.027136109322231136,0.7191032971381366,0.16742430814698944,0.09618715248166779,0.15910882020260836,0.045059645990915276,0.032626211282645604,0.47315072951884557,0.11837669833317191,0.1250835016036616,0.19753125022731985,0.06075941540658232,0.5432557295282581
U_4567,0.044269850260811434,0.04661169543637549,0.07346220302490092,0.09850137451212716,0.1615953641888495,0.7895534626498535,0.1358697192530019,0.13439959813464586,0.0979069682219932,0.19031495518645436,0.1661771216113186,0.18954105736377547,0.13362250572586923,0.20480625109684333,0.06553802449600502,0.32130146709918156,0.16065140268574002
U_4568,0.42577978070022693,0.08013811308335717,0.46645218677719097,0.09381941232107553,0.10754188853495684,0.11874669138714888,0.1670829253825856,0.13951139643913524,0.18569536482778135,0.0786465255030888,0.08563845597706449,0.8383265184668414,0.16868607482398043,0.1539862101033566,0.07098705513138963,0.054897202586457056,0.14558951815771828
U_4569,0.3342322342584888,0.3010921650417699,0.2575997859812345,0.0459457407196674,0.06291826702150813,0.21175451782305774,0.06016158307207599,0.13034783211709605,0.7976216323213405,0.0998265985217871,0.06809197157586445,0.06651012883867749,0.19694744066211656,0.21574853592698467,0.20944224098087807,0.03441808964286278,0.2729828976257589
U_4570,0.051499151350242175,0.10357398505816588,0.11042281097469027,0.13891875746399845,0.15545482920384288,0.11043675585578278,0.14095790911888326,0.13756674286558207,0.6582194647852315,0.5944538407125264,0.0971076627328694,0.5892903770795568,0.08777317601611849,0.13531048533651374,0.1017910449096689,0.3693833174029213,0.15872667873905652
U_4571,0.06440920635670278,0.18988255242462126,0.2717685733420478,0.10717583353182963,0.10717141389214419,0.1955037547022264,0.14144991554418873,0.15499750312936023,0.20031059512341115,0.0901794265384572,0.10332792344131336,0.5653370218420046,0.16675055675587555,0.15898788080636403,0.05765294787160228,0.034475633016305005,0.5710357812425708
U_4572,0.058723950645429374,0.04147722178303587,0.7552575228074097,0.025551210412290592,0.19079993513237858,0.14215790972004272,0.32863668018268144,0.31260785831350396,0.18185573229622803,0.2521407230747677,0.05728997432768351,0.36891648006367106,0.15183503229534734,0.12048217007448235,0.03602497056676695,0.12171007109808138,0.1202321618239993
U_4573,0.0663363394626566,0.7278563756281111,0.2402277298903563,0.09496366645373906,0.5708901557684882,0.13979459296232646,0.13685124713403132,0.15696848794797927,0.1635179223845849,0.145523476885054,0.13055285102504896,0.08938200886423632,0.17379159794033944,0.18304520468518415,0.07166679187240034,0.054198273603395505,0.14439116566957533
U_4574,0.5124385231334887,0.32821791293233404,0.3203316091946122,0.03982708146826053,0.054086607367859446,0.17047814894793217,0.09068535494905053,0.10812487739606332,0.06614748956659525,0.08085558392597272,0.06434674867554335,0.6416049945638111,0.16557438383300602,0.20556721161602293,0.3043237752567811,0.05238829106019484,0.14099781052677243
U_4575,0.39362798197725873,0.3004937640423068,0.30961006567658994,0.05258156644059857,0.05947743510719685,0.16124379032693664,0.4365821266215276,0.7629789943538086,0.06623548663582257,0.06793303667781309,0.05850979605425482,0.05289138724478358,0.1417504614289254,0.17271211212513726,0.30325001051334693,0.04041405425263371,0.1374098421906803
U_4576,0.37544851169659627,0.30685726938006946,0.265964473909549,0.04455630733310448,0.05245205837084688,0.19861884615927256,0.0626951720621991,0.09637734263766615,0.08119037812818165,0.07030742543672426,0.05590376463286486,0.06329501877637826,0.12619212588859172,0.17793803443302716,0.26235783614279284,0.050523119505801406,0.7844944827017408
U_4577,0.2531933631362095,0.2742696522215257,0.7227885638762623,0.04540673936654677,0.5100774660280238,0.1838012834831997,0.1004976004653647,0.6697791940239781,0.1593098677643425,0.08471014022678708,0.0816607651702627,0.08487839978314449,0.17323357608159007,0.18392833303062622,0.12443020921947678,0.03052033549394728,0.19672961995738333
U_4578,0.2755472675105283,0.2543267195340277,0.27805261142014437,0.041639771084284766,0.03815812001464803,0.1368104459740398,0.044784791413103764,0.10086580517255034,0.033655854421117654,0.33571439448967355,0.04384896284175625,0.03919127361179961,0.12669741585687486,0.7339746110129484,0.6475643235477264,0.034149483809574874,0.1608652296836275
U_4579,0.3763338501916026,0.33634784873087553,0.3661861133439974,0.048338362856093546,0.056258853146166514,0.3194593373469009,0.10081536152560122,0.12727391397995624,0.06777818366268715,0.6926030114191364,0.06378449505890385,0.06800262226268669,0.16984821932145322,0.2005209412718422,0.24208487632343614,0.039964984392960895,0.19515809229724407
U_4580,0.4915629644896284,0.5052867095712945,0.5003503262865643,0.03337762021685695,0.051575171272312745,0.3003840520475389,0.09193551847663306,0.146248684768415,0.07038694188039299,0.07344632901068988,0.05108140946312596,0.07871378078430491,0.19057538486935852,0.268998532183734,0.5339751867830129,0.07159382293567546,0.2379381595958737
U_4581,0.10144115586273021,0.2754716947367075,0.15045875262775593,0.08049871953356025,0.10231615875054031,0.1601885198381186,0.12454433362487477,0.12912736409911174,0.2122744006314878,0.6923062594314615,0.09157369989103309,0.097103598039534,0.17662885271751505,0.19818282232241966,0.09090624800964113,0.03444087822060452,0.7835427337567742
U_4582,0.39532089824250766,0.4138412114354211,0.38407602588836537,0.05387072321106599,0.05510907978782289,0.2669108806682272,0.09486592734049308,0.14352394748614847,0.08061565156235984,0.07084713367604503,0.06771403690569949,0.07095869010345207,0.17838267079435657,0.32739484086228543,0.42158806412856104,0.04484917925149041,0.18519628491058798
U_4583,0.324006045226892,0.29956175086754033,0.2955644937506784,0.06304376973060481,0.05837890276631206,0.8593929271630281,0.08279411959900124,0.09754041944565228,0.039335737308572434,0.06597983904061784,0.07818299416668284,0.07280019390078654,0.22771328350166864,0.2136787234336482,0.34288597650322383,0.052607955545446304,0.13929309945594243
U_4584,0.35203322222464467,0.3441591939825108,0.2996102374722621,0.046001045203034656,0.04548078982042039,0.15082644030282083,0.08040786856426975,0.10621189560274688,0.051783789989587006,0.06883218948412426,0.06467640579653522,0.08389840047308857,0.17525927263810073,0.21615785041019683,0.29185462182519667,0.729891648452563,0.1801139225797139
U_4585,0.19465210746090744,0.29527573990612066,0.21652871739043392,0.06285957205992865,0.06081766782053309,0.22145514282339746,0.09414819516667161,0.13950687017453012,0.6938281840193876,0.06759881045758556,0.08577725761665442,0.0626750026816916,0.17669498607380146,0.2707169446718374,0.11363943604987999,0.03107430042056352,0.6736664897639062
U_4586,0.06827109781959079,0.13238958374002577,0.15574995859164062,0.10587028747414837,0.20103570507268106,0.2510039771949209,0.1500913584930119,0.17435282545073552,0.13533002981011047,0.21381882693401452,0.22652058960965968,0.27152080234678416,0.17199058623182265,0.24107571782002551,0.09328560362608625,0.6792557126389447,0.2541129584929868
U_4587,0.034448360556859355,0.8141076060258161,0.16299125583300653,0.10071597546121128,0.17066310581959437,0.12477718424754752,0.1251795637998661,0.16066981686040402,0.4704531161389091,0.1802301074904644,0.18067044269740884,0.21658406120459395,0.12765237335484148,0.1567251564811045,0.05820946045618411,0.4345158046727821,0.18222794022065636
U_4588,0.03990659596377004,0.05699504201739711,0.10722233644053815,0.10072936056419675,0.1785236359065368,0.16656286068673565,0.8800501695873959,0.14650200715618378,0.11435259331230245,0.18191577080107343,0.2099366551181998,0.39396327977234646,0.15885946987768493,0.17652508617954416,0.0796145773752136,0.35568212532291077,0.17251629678860275
U_4589,0.0503466657358696,0.1702843162269317,0.16432955972737276,0.08912913215592638,0.11675288860865587,0.6980515402414205,0.18139931975442866,0.15612883283088808,0.2038553294995105,0.08272789680008943,0.08649781757100837,0.4969791081260032,0.1465424454849366,0.17251413892869327,0.06096309416919643,0.5869858468848115,0.14988712037322796
U_4590,0.5714396738181644,0.5799566769363125,0.4738910810743349,0.03247441599743659,0.044903220037303626,0.2585305638838073,0.07873566589126901,0.15591594140442042,0.05565813233785978,0.07305070738188138,0.058031104153553864,0.07267493348167742,0.22402470995333634,0.27554880203258564,0.4951710833342199,0.06770103393923749,0.19999369283294915
U_4591,0.03552459625273223,0.0260556075225239,0.16077688135009502,0.06713835690135792,0.13933867353386747,0.25156309123000054,0.09705000732705443,0.13899016049388918,0.6782121049232606,0.12630085757654252,0.1504837246158638,0.43121772650870055,0.10357197122707147,0.13169993916201705,0.06752868406553007,0.7098879491188133,0.15595692389194007
U_4592,0.3472141461691339,0.3219932070261417,0.30516221107160885,0.045656269421137326,0.040169188791869426,0.2641493931806869,0.07610492051705033,0.10258560816446194,0.05709972551965416,0.071020774440544,0.06667036079112323,0.09129889900921861,0.17695077465733378,0.2096958504267774,0.28303261955201353,0.7498002878159478,0.16920212644641436
U_4593,0.14322177043850745,0.16718108022214745,0.2321730665871758,0.06704020121702989,0.10560349273017865,0.23468513489338846,0.12846822809188022,0.15160439654376848,0.565631319380812,0.08988448772046738,0.07630547801235638,0.8741858076445546,0.19437154071928844,0.16333610842487312,0.08323437134746596,0.04829961572400958,0.16309918932062867
U_4594,0.19666295041981674,0.24483798640667687,0.20207777922945389,0.02998700683193388,0.38306379472057156,0.16907630224779369,0.07911869959687398,0.10955974858392195,0.5539150162754167,0.3119961303950085,0.05478899797985736,0.0649200179481911,0.1389837736465516,0.15272522111044382,0.0887306094376833,0.5313946174659827,0.3150829989720056
U_4595,0.1303666332710398,0.413680172131642,0.6759764245872741,0.05879337573650121,0.0771319708409625,0.4862711376920036,0.5334515029166171,0.17773789813946234,0.10297695552763245,0.37722161544691873,0.11047150952604456,0.09879506730436749,0.1478665988503695,0.1517535866833382,0.08912764128089073,0.012938128506865883,0.11966325691339103
U_4596,0.026806846327841777,0.055169053339016345,0.5274773591022952,0.08651688012266182,0.14596160758673254,0.1322505898651893,0.1106902786235857,0.12435716745715872,0.07284983356712078,0.126626021522321,0.15460339975349321,0.1878196244312188,0.11001191103689614,0.1352290993362217,0.06311050700107064,0.871438791563069,0.17814566441810475
U_4597,0.0671205770847677,0.20873931049700561,0.1903720029242373,0.05766451644349588,0.24819260743063346,0.1919177027325909,0.5274088680510867,0.12049221042699652,0.21144098081890253,0.08841011626650438,0.07777053040629003,0.515594587617654,0.16192135243448819,0.16548491692462,0.07109881782855454,0.027895418397654692,0.1252739746121605
U_4598,0.22536125754497421,0.19514084253650196,0.39861749477308517,0.03777341852635048,0.06448061707437583,0.10181915848097398,0.07646298375208391,0.09644669110642237,0.026462744604158275,0.2763806312999998,0.04184483676394339,0.25415397899701775,0.0945953021706627,0.776546546307799,0.6188531224699458,0.035623592218565626,0.07776704818355121
U_4599,0.0314046813347984,0.03597179824261164,0.1631219676449185,0.05727259708206646,0.14779618257755708,0.11984775748098903,0.09759700306867415,0.14315208801718934,0.5427134631155148,0.1670306146374393,0.16887597944789623,0.4591750110558315,0.10577135056483128,0.13949347835578435,0.05776607690302538,0.8108054918339569,0.15491227788068934
U_4600,0.0626427343450897,0.08189236291434493,0.5153303491333006,0.06268821965526346,0.07721875757460087,0.14976967706718192,0.524103708910278,0.11977598459478186,0.6315735053819707,0.06260766511982187,0.0575270350712144,0.3419013904206344,0.10307779712124739,0.12620129866507862,0.05923120255832634,0.2048448907509619,0.11327323371119284
U_4601,0.12176278368736129,0.17051719738915969,0.2516467986744117,0.05061756299461541,0.08561975794734669,0.15885587525618913,0.13527558703003933,0.12647015522244698,0.5671490805132375,0.07654128118053581,0.059309064197475336,0.05641310927447623,0.1415717531928234,0.13804865047054163,0.0538933513939842,0.3398827541259254,0.34289229611877325
U_4602,0.33398024467539544,1.0,0.24988792407016863,0.0482616829740453,0.049920442688862886,0.1938259322565923,0.07946153507181465,0.08403151150333159,0.04330190384905102,0.05876660724086355,0.058387707867185994,0.06586854288559561,0.160956302437496,0.17854111626657804,0.31091778592391844,0.04252880262135276,0.1612438024350321
U_4603,0.16031712090543998,0.6844811060831062,0.6499853227154058,0.03250159173414726,0.35284210035688923,0.20353447862292584,0.2639212066085504,0.09087996438769805,0.27552867292144906,0.049560081350543406,0.045483437628121896,0.048157170534198476,0.12091732335598027,0.14394403709505782,0.07814596495665883,0.1704217857491776,0.2923586700309863
U_4604,0.45414846558886846,0.3502685872908138,0.4286342606724369,0.04303240004362893,0.04531573275570183,0.22968947954321983,0.08068615431330825,0.16482800070317696,0.06229646928943004,0.09386728978860157,0.06847627084976776,0.07898284239516774,0.20680531067951174,0.2160769932290657,0.3554996590373417,0.05509884163816048,0.18527872999529346
U_4605,0.061074310370829846,0.1631603322912889,0.2520475029974426,0.09606822150893561,0.14154456179884375,0.19951670856750808,0.8302536838790737,0.1535831795490593,0.21219671163646303,0.06966054482977488,0.08687370658054976,0.4670562570263096,0.16357130641712628,0.17371663326417588,0.07112278210255557,0.049734324669878587,0.15088185136445798
U_4606,0.2954396182743023,0.2732781130224124,0.2786745136822219,0.032593115515270686,0.037627874237983375,0.32520368985661424,0.08610717793602424,0.1266087311076916,0.05498683690464301,0.07722544277204701,0.06298947412092767,0.5498784180823577,0.16794246957898135,0.17573962161831322,0.2867508003839892,0.5552967419588997,0.15620691194565567
U_4607,0.2429522876107478,0.2882093612775468,0.27062084261395725,0.0674070550560033,0.054774865143524365,0.25834383838167496,0.09572854669255584,0.1324695160704208,0.13850595108399794,0.05240958335574561,0.06910435098872625,0.06541396229642596,0.14245784210946527,0.17714309445392212,0.13668640826531891,0.027386246570638307,0.8006769673467196
U_4608,0.2598010872953909,0.26874020015202277,0.994298992481983,0.061792465426852544,0.0592870538045437,0.25181283698895107,0.08252552966169012,0.1328706966447356,0.13513652942580076,0.08153822168370709,0.08091714589661418,0.07096794075341725,0.18646633146776742,0.19320524895230112,0.13574070038823954,0.04555085111222903,0.17741297934447822
U_4609,0.5832436279082309,0.47859487607003803,0.5504037436965588,0.03781090643272011,0.04676928225763699,0.2566937623367474,0.0709787851704289,0.14192469720984818,0.054150888752049986,0.08089752896066467,0.060048206886359964,0.06429600794143163,0.21880681597670426,0.25171137792968057,0.47412261178922915,0.058506936974443174,0.2136699082559216
U_4610,0.2063130015720478,0.2073638880617646,0.1669616440461666,0.04619530396244967,0.038233398052093574,0.8722674520240028,0.08973670069031893,0.11103749237918721,0.10887197086042487,0.0557676434875084,0.05329691585916191,0.34895737343544975,0.1413367603953636,0.15269324467792897,0.0963279033687664,0.019371652217068283,0.6699196203887137
U_4611,0.028634809891653304,0.3427836259940832,0.1842522612647949,0.09843676497651588,0.15670935295235658,0.12193530380034578,0.11693230825549839,0.15557463240595032,0.10280220775829668,0.6136911251380381,0.1477249925230878,0.7004474068801889,0.0926419581150287,0.1244471878749151,0.03927935139245345,0.25853205439003907,0.16658073166966103
U_4612,0.31282984968320093,0.2568656138219483,0.27115741477952404,0.03810639349386402,0.03514899953253974,0.12312413420588056,0.04973616716757268,0.09174135223835232,0.039810481820277514,0.049115257535118625,0.05257568632185377,0.04395211913500516,0.13095336723548862,0.8322804220442965,0.5559923564659099,0.03702255107676631,0.16782171621583455
U_4613,0.12115327533581233,0.1218566514789654,0.28122014389115607,0.08926610969778893,0.11949951877104614,0.2618530321761541,0.7039498192022602,0.17419895275777272,0.15824578511059462,0.07668961142755105,0.09073193150702513,0.0880694184618436,0.18726288885284978,0.18446012074504678,0.0932817576812026,0.033094173146374084,0.7026953690600042
U_4614,0.31586946390436993,0.9195349040566438,0.26145297649729876,0.041197831672428124,0.038734987626794934,0.5271088764860232,0.06662789642783472,0.09004523331048289,0.05360852082214224,0.07098074479009372,0.052380813531150795,0.3809192811770435,0.14264563981947553,0.1651160131921291,0.22414150379304265,0.03502887614793489,0.10371038920552546
U_4615,0.39510417889493227,0.32274729409508796,0.31640295391439643,0.044938250653025286,0.04862233109401474,0.18205593521935554,0.06740355778195024,0.09326779467963901,0.6691079421305768,0.04239876849845486,0.0499959321768688,0.06947783726108875,0.14567213985270822,0.18699263622939594,0.4072544204358754,0.05026296550215223,0.1806052728341466
U_4616,0.19063688472945764,0.32016078219932254,0.28863083481382706,0.06655399996267823,0.07043170164092359,0.23837572841150537,0.10031794768832394,0.12447972074042324,0.18116341378870837,0.06723356928323028,0.08061511546682726,0.06567304484286149,0.1765585089649604,0.19170323246494547,0.1324128130055123,0.0482588874507051,0.7661129845252215
U_4617,0.23264215350726763,0.2449231650653452,0.2981326430269623,0.05309429379604118,0.07099650254490773,0.19789044808681885,0.5906926253376301,0.12114383778341835,0.16934326025190266,0.0634755458110582,0.06851385461030224,0.44827619505470856,0.13720650986646452,0.17755734301342127,0.15090264300590586,0.025851202582118062,0.6065036486198652
U_4618,0.04090376819429011,0.5394459332690902,0.6512783279371526,0.047541684310420475,0.44649212084616857,0.6824634600575812,0.12865499237817582,0.08722099399905692,0.6164763948951302,0.037398811682663964,0.04877818109955448,0.6257639244299191,0.12124329456017366,0.13209399783889147,0.03938238520676189,0.05974534180600379,0.11183105242773639
U_4619,0.338282375777864,0.2812188265971833,0.336571809853586,0.03444307681859738,0.05277944757331969,0.28781167830861915,0.07327681082468833,0.10516948459608659,0.577674983424523,0.04684873358618056,0.04426033475038668,0.06935892299355483,0.14471272429805357,0.19840226626770105,0.33346215265717993,0.05017495567496515,0.5853786479062237
U_4620,0.2476975380701816,0.3314309767412751,0.30405742778168027,0.06985764578407569,0.05085265280459747,0.27501703298130725,0.065189359382984,0.6803230280032289,0.11594006258537916,0.05662203200769463,0.07276896409504334,0.04765759464069641,0.13495907046578748,0.17780447794329987,0.15369561394802514,0.02483164669770573,0.7092526232264535
U_4621,0.05047934197144331,0.16138624610512126,0.20431353532854887,0.09459291922849503,0.1197204101011001,0.24989608666524288,0.15373684243355537,0.1570384345906154,0.7191934851512674,0.07709068942603967,0.09329667820496157,0.09135032275249771,0.15114133059546764,0.15939740051298934,0.06934186118012142,0.6252949387404629,0.14999866843223533
U_4622,0.2136751958835433,0.14874859197626006,0.5090790139317309,0.05400595561153922,0.050400807431929304,0.2343555368043621,0.1570009872289182,0.30399598962367314,0.07496788171237215,0.4118533345700697,0.054240491470388195,0.7778216565630056,0.15492716733051512,0.17190981913460082,0.19502863035166987,0.024983841863364706,0.10843566667795623
U_4623,0.14203009372127948,0.18119046274908845,0.8679607490514023,0.07737880729290085,0.07968557788402653,0.6475537139978518,0.14857851821690132,0.13725465166163595,0.07075192322383811,0.07453776899891358,0.07095064594979122,0.06458705432876122,0.13558717083299168,0.1539270255895518,0.07758062327683903,0.025282537607689812,0.4780589894358199
U_4624,0.2619413768768903,0.26339054530175426,0.26858077832688504,0.04668226405251968,0.06193031711970878,0.227337468854562,0.10607562784975354,0.11936437821033782,0.15915189798003196,0.060485267388371136,0.05212804625248904,0.6478265348794168,0.12284533612584816,0.19866604668692267,0.11174015488776293,0.034469209155558456,0.781714657658753
U_4625,0.08179653157548183,0.21189475173946348,0.7167010817498463,0.10369301606743295,0.1251762952111717,0.20330180966019695,0.17133440333665553,0.16178815811707598,0.23277618933865385,0.08047658391179871,0.07723645684917815,0.5263009663530029,0.15954321344331665,0.1791675632249562,0.09429818803858414,0.04328292236541654,0.1627886590935854
U_4626,0.2897036026678625,0.24995667588558107,0.26783706390659584,0.04444712730645343,0.06303910810026139,0.16401184687992093,0.053595063054699646,0.0992097287656504,0.5861196002097044,0.06955402282842871,0.04554212521370545,0.07870598808806754,0.10767547595032127,0.7494510541528199,0.3260008701732158,0.3117490259477168,0.12353718536283884
U_4627,0.2490477154918163,0.4809593234174234,0.22245143404934997,0.02926058847785257,0.03421215207403337,0.08896358808506842,0.04553488869952785,0.08284153629891358,0.35552763776173696,0.04547954171820434,0.04089836342459389,0.06860105243232557,0.09495360471821739,0.9081162213019645,0.4932795423031525,0.031220970834131723,0.13618460652682784
U_4628,0.5696658989278796,0.48754289240844534,0.44950034622084184,0.03169945513061594,0.04462323899984942,0.2575213530867062,0.07859407981691997,0.14080300697569267,0.05799480140810724,0.07541462035495007,0.0601225921715449,0.07729958835238074,0.23444553166828622,0.28541139215796113,0.5746263337481492,0.07632762172981812,0.22262325690800133
U_4629,0.13053862298500477,0.21954827723124182,0.26167775879613697,0.0920063897526347,0.11979902407093018,0.21815094701690546,0.16503281656010044,0.15748778639054675,0.220493158065507,0.07949821426022448,0.08699146899656711,0.8863127965311288,0.1753514954918176,0.18760871110810265,0.10928555731254255,0.029391574339599578,0.1570288197535909
U_4630,0.32026243698225876,0.23604940227085258,0.2590657836263702,0.04989259902704261,0.04214534742033056,0.12582845966815953,0.2149048960741205,0.10172035193993954,0.042581823046612156,0.050933199915748927,0.042418638566902575,0.5330977739320091,0.14176743515626292,0.7429346091214881,0.24811383731145387,0.2659596650778617,0.10891652253962122
U_4631,0.06548330818693601,0.17143642142740276,0.7890733618979413,0.06602963202018595,0.07929366673832275,0.15289132829899546,0.15028825224238868,0.1238160424831398,0.5044437967311057,0.3514897114002064,0.06469460733266073,0.5167325787365391,0.15540868448169848,0.13952073530176165,0.06893886238535989,0.03986600577410465,0.12549841024941064
U_4632,0.2599969387637076,0.8645102126785771,0.41492300979366226,0.021548889912833737,0.029660569736913285,0.191008249774102,0.05471026838381595,0.08087832956931497,0.19138973574586748,0.05048377969458061,0.03499478393331642,0.04586152627402979,0.10875450713767865,0.12769349187606505,0.21785225552968168,0.03768902951339805,0.5310885986282965
U_4633,0.19827825903372714,0.1627470722379349,0.20008421108970226,0.06944546307769774,0.08348133951328154,0.24846504138814912,0.29075067835009344,0.13002757726093217,0.7988130548259627,0.07493347331203062,0.07810943760114472,0.42093392991160505,0.13917886685085332,0.17261207109451965,0.09766171451077343,0.04170643635018627,0.1691388207589218
U_4634,0.22868643906171188,0.4684861954529516,0.7532183203703517,0.03509923378754455,0.05038959624155623,0.21046227579965057,0.09153027050996326,0.11297441280877277,0.3724990167074432,0.08046495168887002,0.06920473836028772,0.05550415843149506,0.13642317709464402,0.16513391768285282,0.22790805477299653,0.24073640326335496,0.14531178201712264
U_4635,0.21494276638970947,0.19601239276079288,0.21961063338603526,0.047476400157487775,0.03456609900296083,0.7956906834909252,0.06685070445037776,0.09397479740153752,0.18096406851316715,0.04859166465077395,0.04126043115652997,0.26451074196920604,0.1257559532540736,0.13824346304323354,0.20961282631731956,0.022809183978939107,0.6240366873188359
U_4636,0.11500895994306135,0.18220445660188436,0.6428213448604456,0.02599398518146802,0.24174268411508315,0.4029646923251201,0.4137452835599922,0.09513293596816925,0.6981805110544685,0.06359571283572939,0.06853458823180665,0.5218507255693845,0.10556085156873371,0.12597964289014676,0.06267885339804018,0.003941059675455046,0.10267421072557399
U_4637,0.03569147585256824,0.06839917840465895,0.20992423471972976,0.09761843198606242,0.1585918954993209,0.18208380550097564,0.1494786927834353,0.14283796102583332,0.11462058098977668,0.5193893460163892,0.2032136137863987,0.5215737510075031,0.11575648168449813,0.1271995460687101,0.05835673725393425,0.3361625033966408,0.15491251507824363
U_4638,0.5146246219595352,0.38963122406972833,0.4108757381175985,0.07913905132529117,0.07245758475814576,0.23218598156765297,0.10202255750544707,0.11017175282200792,0.05042831439480786,0.09963146843231951,0.1169183940505318,0.05851327297591394,0.24653842007741683,0.21086794341698567,0.5324999757887408,0.054135799618210974,0.13095285888494734
U_4639,0.045598259719686826,0.09735785001140791,0.09124077966088318,0.11600679614856214,0.17679297038125613,0.11147507226403633,0.15516216789092804,0.13848888484037414,0.11599141175026527,0.8551540270485951,0.24023153608051345,0.15289512454321708,0.10415900451879458,0.1393469434889176,0.03956362501956752,0.2883698583787391,0.27042028448303573
U_4640,0.23149446277853333,0.6260838991196203,0.26096920012138164,0.07505413643171832,0.09788723132712608,0.21373126789485172,0.5142873738338927,0.1395979377917012,0.1978038880240085,0.06088843976436542,0.060509990666097045,0.0930435594632558,0.1631093250890613,0.1856452360126638,0.11204301892489368,0.036802815261661466,0.6311784868416463
U_4641,0.15341701199708582,0.15224257860959522,0.8380226294648907,0.0914915760494571,0.12057214821053816,0.27934298286685827,0.18910397432732373,0.15574749985186975,0.18047388812230697,0.0840298149367082,0.0906472438200909,0.07979792398912744,0.21540254060672034,0.19371210539784797,0.11094904717553032,0.04603281596897272,0.16859831759244157
U_4642,0.27671123878166376,0.27204554767879474,0.7086727092426162,0.034631922205170286,0.05553938754652152,0.19266841861875392,0.37641703563448903,0.09319969210189052,0.4850316312729814,0.06728088184411361,0.0786747066773995,0.3651530025980854,0.12228089737671105,0.13630470999751373,0.12805409335312368,0.10004750719019885,0.12452706751238182
U_4643,0.2073060639479429,0.20343851715510675,0.22149636323901092,0.0376070460745738,0.03540004842760378,0.1781999649150488,0.24240263370275114,0.08764873058305019,0.02554249531157065,0.04292488771901523,0.03396966628861253,0.05521411483561762,0.11185138196703213,0.936035236094817,0.5003281738840291,0.2659669685422887,0.1604857384754676
U_4644,0.25772457091703077,0.24808271312504251,0.3013236615412631,0.038082374380649514,0.05058292775187917,0.3113811332852609,0.0691192933674043,0.4108238930434863,0.6043545563524144,0.042630477242159064,0.04542203421250535,0.09672002512709953,0.1092609557971218,0.17474747185617653,0.264502371725623,0.04553746658010411,0.46233749450903955
U_4645,0.28211876757398874,0.2415621602781084,0.24573836271455285,0.04759646372475081,0.051517334828091454,0.96333035730093,0.06759156190077038,0.11232472472879904,0.07061108350645015,0.06144966694668423,0.056916906373707596,0.09365522502262282,0.11452402489836466,0.17686022992668907,0.15910917711505143,0.02775964387912046,0.6214595554774394
U_4646,0.25155319991195674,0.21113958971405422,0.6436672823440459,0.026017690696014513,0.10688657133195299,0.6763002845754751,0.1906054681206336,0.06882230151096802,0.05087774402338342,0.20838420054059617,0.028248992557483442,0.12731824030111,0.08968336130081546,0.14393446208740218,0.22832285150895143,0.1410790468578631,0.08158622058609882
U_4647,0.08748521126988651,0.10890360451972086,0.2887617426372771,0.09019163697273909,0.20281104217347798,0.25720821753396567,0.1529914565717056,0.1878023394621908,0.17445749656790768,0.22964745807887876,0.24254975695803582,0.28474660410069086,0.1971458387755938,0.23850967061085346,0.13168998471540327,0.44658404046498856,0.2635405689271586
U_4648,0.20878842398409778,0.1967678846630613,0.6934452416972103,0.06310786517270772,0.3834900484722736,0.16006831597722895,0.14041371785351223,0.10376688933661361,0.906610797919188,0.06520471674497605,0.07934370165487759,0.06544831723337241,0.12422122883580705,0.14064141398183694,0.07441550977790469,0.022625470231270275,0.13179702322871212
U_4649,0.2612713873179523,0.23441001880155585,0.2455534003742482,0.02612805075615875,0.04046135176805208,0.13100125857141753,0.04918729112260051,0.35301358044529946,0.04521220740913199,0.05546904039657081,0.04660229933351029,0.05083190077590609,0.12064994218490445,0.7061574897019884,0.7756112353046214,0.029291361788698657,0.1529674210791877
U_4650,0.1888117919588499,0.3629286451366436,0.4187391616041531,0.027752364009370676,0.029448185337573807,0.5232897812563777,0.12727905268181622,0.09428232532399834,0.3417541760460036,0.0561324116677377,0.038997060258226884,0.33739592539144797,0.12613356384292845,0.13146098604402023,0.20813418038638393,0.02219819107878281,0.7106254505179974
U_4651,0.2074797848241749,0.46988110195732624,0.16219444742330003,0.03042172399526169,0.032107582245267614,0.9113823396411684,0.08252869564414796,0.09541700289823554,0.3310792093499182,0.06393825255810816,0.052124494857897774,0.06171457106311562,0.12341720303005499,0.1369360250628094,0.11781229891727635,0.05458972991546336,0.16157264502973875
U_4652,0.3749107106247475,0.3133965770356393,0.2853336070500511,0.0433261720980441,0.049535650222288855,0.16745663863063687,0.07348911463252734,0.10006315999588151,0.0717814730838454,0.07647004418758276,0.06988459910625484,0.8502893860416296,0.1752437922404853,0.19747227003596082,0.3302375944478063,0.0473124105716905,0.14338719146246426
U_4653,0.26803015305762506,0.24996736244669576,0.31128044794278104,0.0380925556263143,0.05769471565019069,0.19258132794786786,0.6423825806077559,0.1476733115846296,0.09155836189001865,0.19829551691925953,0.0721733331490191,0.0818560766013686,0.14397086747840174,0.16783211891810576,0.13704675153932364,0.02303363635142726,0.3770856092564882
U_4654,0.04959009559889435,0.057211401453072463,0.12006978491176877,0.08972509403014121,0.49454403241126293,0.2217501097287462,0.4416352262545647,0.1796225195325947,0.0878175533782179,0.1592454013605384,0.1366628840426817,0.20089029073650058,0.11671320644498152,0.1730342286764383,0.07916283148143119,0.5016955849042257,0.2361721768880083
U_4655,0.21017581913570826,0.74593879049065,0.25391115272822334,0.053171239428614646,0.06380255594246169,0.24824304554687365,0.12797703840393937,0.14219026587166794,0.12238275035185614,0.06924103675625523,0.05985839771311631,0.055944881494976124,0.15899711551332413,0.1771677233340511,0.08204076451685806,0.5770114309697187,0.16898561763369604
U_4656,0.4664133146968104,0.1868838323776851,0.5752282456009365,0.02534053023851123,0.034848964601111886,0.1366503236200444,0.4411941622440016,0.09407782962648638,0.07645786774914025,0.058413573757717246,0.06138178985459247,0.3235301360937602,0.11976936735991646,0.5598240987845025,0.3691916675956032,0.026021938614536805,0.11110250625216223
U_4657,0.30519369567193516,0.23457146830497394,0.2907531922648137,0.0321638092098934,0.17800549007212085,0.7171680098988074,0.16368134144890253,0.18271516523742098,0.11755267660475643,0.06308649330457386,0.041720307644455716,0.09261908372372066,0.15588058136678326,0.18822210599058808,0.27952140127822933,0.21868241145650386,0.11803624343375757
U_4658,0.22283930164388613,0.23294020928089595,0.2879653374048011,0.059898202319647785,0.06523148514313265,0.26410452997330053,0.10591281251163316,0.1407447490124955,0.7038712571722887,0.09601038991239172,0.08681532589794569,0.5639342890193908,0.17354723913701903,0.16924168333425868,0.146958961832506,0.0377241204000663,0.15902355749580135
U_4659,0.3218987296433586,0.2599863974091859,0.28078549189316443,0.040540703629089014,0.03834495774037745,0.2500399204386289,0.09044811413931558,0.10512767652937562,0.670330202566547,0.06352491640195022,0.058938943694182754,0.05935248245899418,0.1466529968373978,0.18771887625100966,0.2694800371167562,0.04241940465513855,0.6722512750708838
U_4660,0.268885332647808,0.3093527566973355,0.25752198827535,0.048293251568434045,0.0727922047572015,0.2751618590783982,0.09877199466127137,0.12841418108548663,0.07613839094093951,0.07090341674490974,0.06605372267873652,0.11372478561963208,0.12968548526421658,0.1958050957538953,0.1464646753365553,0.04202086528630092,0.7436443434081801
U_4661,0.40391380908500146,0.29069283306508786,0.2708091341821783,0.04950217848726892,0.04408273770605921,0.13563846216951572,0.0643586753108798,0.09407038051047821,0.07227458668653972,0.06296595315985119,0.06454904653899905,0.688656385919443,0.1696349801502894,0.17422063076208064,0.29639378155450186,0.03556198628342339,0.13885185458208
U_4662,0.03861997364503682,0.05220505824081063,0.10483461686905123,0.10114260570102708,0.17883772523954286,0.09179366677769689,0.780377055701142,0.1632818447813123,0.08475990696110866,0.2631539729256885,0.2508013008738861,0.24059041407057805,0.13402911137793833,0.17034762232590045,0.061540093679433666,0.3639695063556267,0.18565520954428907
U_4663,0.023166781137864127,0.10109419909762814,0.12003769301197006,0.10931047664310445,0.16273660980072693,0.14364337302105465,0.13957390671268452,0.13892624196610143,0.6422271686307666,0.5342519728552744,0.16338935725134557,0.21134670238980965,0.11303159162553598,0.13223340758435254,0.07401444163963183,0.7174187445850462,0.1513340596149803
U_4664,0.35748695616179865,0.32570339830532624,0.33303980476438727,0.05899799603653835,0.05683387590165245,0.2060989059524583,0.0871808337628797,0.10806836600687755,0.05586458163647673,0.5675001984479944,0.07703472799046518,0.0840527085045229,0.2183754797405565,0.21114126754567014,0.3340541187809793,0.05370809441001001,0.16094087616054548
U_4665,0.3527977848649108,0.26655818152473204,0.2735898422844667,0.03243372604549791,0.04250340693659251,0.1362143441354874,0.08846135436047042,0.5196417389641432,0.4295952955145331,0.27248757474404267,0.050379512101566805,0.06201768821793281,0.12984897659153874,0.1637235821827027,0.2547249601810231,0.36879007732555236,0.09738842149023258
U_4666,0.22426596597664306,0.21159709604056964,0.26554917006098666,0.041069785266780345,0.28549026597208704,0.6210605671019622,0.08718370868121907,0.12563084964849205,0.5118824280369851,0.05686928946679777,0.06773382604308209,0.6907368451467888,0.14630571842472678,0.1424862691267161,0.12575531508920468,0.01747537342080189,0.24352773807774122
U_4667,0.23455444953719293,0.18767825455546652,0.22686389191418188,0.03644869761612909,0.046301519989652706,0.18376307866360045,0.24108073291628734,0.5639197439309687,0.36937043893180593,0.06179306108721626,0.05229078120983089,0.05250108206541122,0.11396502194463694,0.1570357031673703,0.8140551886603136,0.01593552803250903,0.1252767348199073
U_4668,0.061557533857312774,0.06969052680289722,0.09081788049985921,0.13422164369434586,0.15549389003835584,0.07661972008330427,0.11378901982162971,0.15303896266319508,0.058879273259782705,0.34583256780424043,0.08835569985752152,0.9106166418048198,0.09085981617751679,0.12445590576612162,0.08156189149510895,0.31474314943008425,0.15252216899334886
U_4669,0.4278468143269953,0.3099660593736723,0.3019841461264836,0.054280658199342725,0.04185205262428512,0.7696272041059327,0.07927249629181438,0.10357094212444899,0.0536707095688313,0.06013768579421221,0.0614450691612885,0.07211008440737372,0.1892588067085513,0.19482555220856052,0.28493568863813423,0.06200925989865408,0.16686203590969978
U_4670,0.44773785530085247,0.36755187119355165,0.3011515043029232,0.040560658676667964,0.04915351283652546,0.1853456873766552,0.08372790618226322,0.10669423135217712,0.06705899521562048,0.07339508595073596,0.04473041915985407,0.0796981603006815,0.14262518491491613,0.18990178563288015,0.30098364568522645,0.5223261691596814,0.143512519504888
U_4671,0.328646895253443,0.25976239710752796,0.29177544927786225,0.03818837225620576,0.03679375433647958,0.2529822936777232,0.07895082865376775,0.1026612257159406,0.07386834137346045,0.06435073914006006,0.05497098106860451,0.07104577566163435,0.14257418663927632,0.19719693807828836,0.28737775388307085,0.049314565829184406,0.8084836055620628
U_4672,0.22933553044721433,0.726695272968972,0.2629201036277509,0.040194414522370686,0.04951499644390011,0.20359413478483346,0.08466168197795207,0.11445970083451239,0.550271419765066,0.31115188193720317,0.08500727928039051,0.06614086855234208,0.11934086897763568,0.14857821178940062,0.15075275750564143,0.023925028733353806,0.38175756206211436
U_4673,0.22383935189854434,0.16028263560344214,0.2203934030278118,0.07107763066455376,0.057653055781020104,0.9126926595728133,0.14604704895066645,0.12108142381923584,0.4745368496744747,0.06388669352147228,0.05254139455393304,0.058552539294363506,0.13389014644236844,0.14977372681985557,0.12361154628495619,0.03628284273776483,0.6631857341799723
U_4674,0.34836407622653265,0.3592368867993695,0.3399006766909665,0.04724435289224044,0.04746678522846611,0.22019902492892318,0.09670363806779586,0.13477953554211658,0.14094612635832132,0.07156116711275803,0.06526542265892153,0.0751977241708638,0.15718649965736703,0.20706278283275792,0.2986474577758049,0.7891412998268066,0.20229047305474282
U_4675,0.19851633818912717,0.9357786449204344,0.40162443902962286,0.021524610776286514,0.13922444376294568,0.39672785915699815,0.034397690246421427,0.07406829387705424,0.097433923607104,0.038362162232759206,0.023307222645739558,0.047682946139020556,0.12411379053721527,0.14053362063490282,0.2530567699364848,0.25066177858817834,0.10121025415441182
U_4676,0.26217407380861163,0.17683206796968418,0.3099558540030181,0.02479770407079292,0.025118462871292917,0.09381463556088715,0.14390965227640598,0.07838351469205845,0.21924999996875594,0.046910657424268296,0.04307270492228507,0.1975979981701415,0.10026422284696601,0.49297117690771314,0.9159740927987154,0.017761993171659916,0.10700080950497699
U_4677,0.03586642929213615,0.05322606029709755,0.9428988795941604,0.07039570630680007,0.12709365139701698,0.11479374048226136,0.11049459498735384,0.14499674058682904,0.08590063051407139,0.14920816355590102,0.16171229048590416,0.2835169704127277,0.1238886274670882,0.1351894918742714,0.07218741512385854,0.25538192763550344,0.13888263082888125
U_4678,0.34955236497689574,0.27068881048035304,0.29230919913931286,0.05294030902440038,0.5148771035171185,0.2252380266223419,0.47444115422938915,0.10366468620298204,0.05167999390060182,0.5969901505496014,0.05359673114201394,0.0820670155988529,0.16711078643178098,0.1845366300266369,0.2713303448723891,0.03902963172891771,0.14503877907246338
U_4679,0.30761687038474705,0.26663553556331526,0.7179738590403468,0.05062688375946896,0.4784792412736429,0.15886472468690344,0.6352871418127439,0.09507481606226124,0.05585828406955745,0.0620754476056395,0.06169119953426569,0.054204138026105166,0.13751949942245434,0.15403723212077605,0.26963626823200876,0.041958663443051714,0.1435768511158222
U_4680,0.37169532936734156,0.2934973450425957,0.33193609484609393,0.05097302853606393,0.04585482646788443,0.28598558147945663,0.6705186796903004,0.1067141706938253,0.06337518272602574,0.06986325654951202,0.07117386893723741,0.08727474598963718,0.1656164587008764,0.19064818726508084,0.3209453839006051,0.060490849949407934,0.17995085052123913
U_4681,0.09628928517551787,0.08651701163711256,0.5253784464106295,0.0685613396724671,0.0847574811606825,0.18873655938021613,0.23459774659243338,0.6027594036120194,0.36336195228540796,0.31162314018414755,0.08113361078141888,0.29534511602585056,0.1696320701951704,0.1791536890461674,0.07841097450239537,0.03507615816152812,0.1310353902744848
U_4682,0.2441678290303808,0.1917814878212664,0.2947305637475081,0.06682594778119738,0.4670923454067199,0.20671281774427427,0.17674505269354804,0.12518476736649606,0.19103769308836363,0.04616850151164964,0.045993876210923886,0.08427957704336866,0.14655161816706191,0.1805735289768901,0.13711747805974392,0.34734418388243965,0.5112633209769726
U_4683,0.29094422478456605,0.6263410488723873,0.28733197769889,0.03273673314978641,0.0379621848668934,0.15076963045503144,0.0714382249353324,0.10275152948104044,0.6594721841398483,0.06752346931355668,0.05861901475116178,0.5436715735750233,0.15883378950936314,0.169687671480224,0.2963794304481461,0.04091259364728307,0.10852723111641371
U_4684,0.2340031095692986,0.19009723257441125,0.25376595265394036,0.081542811901488,0.10433389260981693,0.2927621118755413,0.1543232105083293,0.742211224153156,0.10125401895707842,0.07843040766346333,0.0667765758661653,0.0804200935285321,0.16512726668721162,0.17914529144799657,0.10853437719740254,0.039891654337053814,0.18109180427722846
U_4685,0.28325175828272847,0.21115690573291013,0.22299496300464647,0.04209614746187629,0.258177922519456,0.5533654807103197,0.05964956927276433,0.1085492439963517,0.04163440760019338,0.2160767472518329,0.05708147847719453,0.052213786127869054,0.11116215379157786,0.5700841813146584,0.8346055550412081,0.018170525151567172,0.1175011517893066
U_4686,0.22508308100584384,0.3960499800986321,0.42779776223394256,0.03577367659259095,0.03496088915658235,0.15056269582403792,0.37850546319367917,0.10128515467138535,0.16189474476601345,0.07342546568976963,0.06448517577617459,0.5871293503489066,0.15486681217488665,0.18689294969865203,0.29939881748739916,0.2611570154542821,0.12604736265337552
U_4687,0.34708346145613844,0.2656790746745549,0.28771417916335595,0.049969942708907,0.038519971716419625,0.6554591578299933,0.25375350277568043,0.11248395419296708,0.04267383804900057,0.07287480729889947,0.061403578849799384,0.08248470854901173,0.17451922409772663,0.17128418882257626,0.3024946413464609,0.042838172724930346,0.13102069457294854
U_4688,0.3012859938288914,0.2333712285414961,0.8889673248331855,0.0498159952900604,0.19331221797551162,0.16191212967611254,0.20578892949504232,0.08511320588999728,0.05902936968562252,0.303482047263006,0.046854785293131994,0.05871710047555788,0.11529631247731839,0.15754743488789485,0.22006551553728154,0.030845743956596332,0.11017232998326457
U_4689,0.021752653669686192,0.29435709851820463,0.17257122920439347,0.07930583580313083,0.4071529128796002,0.8853525304357355,0.10348624098401639,0.11364884080601001,0.4167518659210294,0.09958362761055072,0.11138122718084902,0.3671301921301283,0.10439508577032773,0.10584105807333066,0.05734941956681488,0.4010452622249227,0.10157539940553935
U_4690,0.08440794096321577,0.34164895468354667,0.2196077553495368,0.15803392475223488,0.19913952579436606,0.3787908358465882,0.2889563018299325,0.22354832626135196,0.36755749526588527,0.10963721858965071,0.11552732880846273,0.13528884832918564,0.33398841908905136,0.28499233542984814,0.15925858599355783,0.05146493445350689,0.30459534913356784
U_4691,0.10518525425723395,0.18759836943582703,0.21153369296246016,0.09227944588330961,0.08810635249924348,0.28582846624840685,0.21898045251853265,0.12570010011328459,0.22755548774831863,0.463750180242326,0.0696327480315808,0.06554363950852525,0.17301123060570728,0.1977178241158544,0.07195710157649488,0.583832396857503,0.14922835743531832
U_4692,0.21944246320803504,0.058832912783434305,0.32856511841354624,0.07366904078204146,0.12310265305330241,0.10055457508767618,0.359195063159632,0.09040590603443135,0.09926018239408509,0.12941893596967613,0.12924576572756036,0.8466743919016764,0.08977469085235756,0.09770351320213534,0.029090562392527226,0.18889147877402113,0.1074745483918017
U_4693,0.5880982087119242,0.5308794386762075,0.4803568984704832,0.033883153352768175,0.05638780846104156,0.27027308925530746,0.07978900132071726,0.14720054842249486,0.057786416568353344,0.0755451534159551,0.05921879995835334,0.07658071265632813,0.2270311945752543,0.27393959668306217,0.5049989670646935,0.0653470759604769,0.20191597465263195
U_4694,0.28842423898397895,0.22561569485480676,0.277654754277043,0.0326455990539706,0.03727912145874059,0.21814179893041846,0.07472120106083799,0.10402332206181616,0.46224761648774115,0.0679379743456184,0.045237764144838814,0.045428709705708566,0.13083686450803994,0.1539681970886352,0.2670427559950647,0.029928645758597314,0.6994312904468964
U_4695,0.03918381806008645,0.08441398239921483,0.7667341820790283,0.10844242226345144,0.13746044513190872,0.11939911427384628,0.1288429378574879,0.12795520836206195,0.07041459528405335,0.12224633003438604,0.14167497621783853,0.19004637750418024,0.11129354823671599,0.13726855511420286,0.07164583790916403,0.9095912714924244,0.14483255061986258
U_4696,0.14510665995802371,0.2854444873366119,0.18997948210702106,0.07795848167772733,0.09045890119717487,0.9913130223127651,0.12890558282814282,0.13096357641627418,0.21451351437174804,0.06914988598167779,0.08034977073609047,0.07405254704184139,0.2162745450261485,0.1910036224245562,0.11537997432587563,0.03841147142007983,0.17072824718105817
U_4697,0.024415412694023114,0.035718233039180966,0.26872323857245717,0.0853550898621038,0.1487506638075067,0.6772632036368722,0.13790245304909848,0.10661572302056484,0.275129487950446,0.18798974979022684,0.22268164112271172,0.8158273544371408,0.06854292038712057,0.09970518338413992,0.03949564410632379,0.29240378440558773,0.10552032203280562
U_4698,0.059529426846890034,0.05970251883618819,0.40171582987260485,0.1239505787788156,0.13251364145673314,0.06513262089156063,0.12591024925026334,0.14213066177362887,0.27883238463951604,0.5191927929665339,0.088432642556228,0.5541426218609236,0.06813549925511447,0.10769549518793646,0.09069302217280575,0.4322999669177053,0.14212314975333745
U_4699,0.20566171844979125,0.22934924094396666,0.7649768151184939,0.043334318716045137,0.2869045661077709,0.306601920417223,0.0851556184484282,0.11977389118550771,0.04487696979532419,0.0496414979418512,0.04490847616678589,0.053593789027307465,0.12662625529166485,0.15822219581904703,0.22240196941950646,0.2581620824612901,0.7027500994475782
U_4700,0.3129856403627486,0.2967374760798489,0.2703607181765231,0.05736455066699381,0.04141628557598864,0.2051413854604797,0.07344859187017778,0.12330049379151674,0.05511149827686129,0.06986845384093911,0.07206953918437856,0.8817855214164867,0.13601381803363957,0.17840608729446414,0.38866358738836576,0.034879803003601335,0.1437491387142795
U_4701,0.055146440151618,0.27803314624742154,0.2100040053555493,0.08252050249505785,0.143476380484018,0.23008754718150448,0.17781948332109218,0.1585668791053345,0.34122606997794386,0.07452608736642578,0.07859599646295891,0.10218032338479163,0.17918759049610541,0.19293308995274605,0.07000073640752094,0.4070887491771766,0.1681493616394206
U_4702,0.18580553079324075,0.7644161568237806,0.6608050633834484,0.03983466606383087,0.056019938509779384,0.2123514097550036,0.11062162446600274,0.1048913503282956,0.23203178852973813,0.05257958340641311,0.05114942826616507,0.05574954810164588,0.13574410658356195,0.13843460580860129,0.22115222165667692,0.0398965035897561,0.6103850065474801
U_4703,0.06271880363689017,0.12514637394493347,0.11172460141960253,0.14379475508265643,0.16890949373178218,0.1385059230246512,0.632925481583533,0.16124721026614636,0.07608761568573322,0.0962823824556864,0.09748952873097051,0.0726325632563697,0.10055983521325054,0.1315902027818708,0.10816264896917942,0.3596804872351137,0.7165449138377573
U_4704,0.2914610513877894,0.7007029771237703,0.2552988880279609,0.04377307583365507,0.0354495524627709,0.22649481525456502,0.06861454401905995,0.09997706883255918,0.528001864583101,0.07433675382720122,0.05567659168887059,0.08456986017575384,0.1237902989318069,0.15353308556016745,0.2126847775806998,0.03325508600258481,0.5881460444997324
U_4705,0.48321266995024226,0.43794742661955266,0.5079422472689366,0.029272012866335163,0.07159408169921859,0.4339347695320543,0.08328197839403381,0.20265070394372275,0.0849624178122336,0.1149333847919529,0.0799809276054465,0.08451917767346558,0.22003464684913077,0.303489184673818,0.3672045647307099,0.04208611534349864,0.22775373224247045
U_4706,0.30598750139435493,0.25622684580877464,0.27070192397514475,0.040747645597047855,0.03707048320345591,0.11684030330986242,0.051798392019952545,0.09832689408630077,0.07584965105524835,0.043401925006740776,0.05027152281723619,0.06316531426922103,0.15151534022130006,0.7586042978570848,0.5567147920643132,0.03431887305090663,0.18002374686963407
U_4707,0.4376023016138749,0.3812796129468567,0.48836799743598386,0.06759746613169801,0.08186296633665144,0.3654997591708176,0.14134214957834065,0.16691825330653262,0.09192762187680008,0.09290562441837961,0.10195707008740683,0.09157443360524173,0.21265357472739171,0.2322560084699458,0.2865501001838843,0.04316201422472683,0.2743329134137162
U_4708,0.032487988916718724,0.029062657326197845,0.4886196596214983,0.07067993241977348,0.12474457280591858,0.8635196103070981,0.10127155223136154,0.5534460130888088,0.06085172452073349,0.10796585860664859,0.10755983348147613,0.16055484792674787,0.09188700948025495,0.10807340218291955,0.04456299679759583,0.3011940480722637,0.1373373349995172
U_4709,0.10328358096929537,0.6302214181923342,0.1925772383608235,0.0805669428832492,0.10410496570473324,0.6611740717155339,0.16421410968602454,0.15421749459603454,0.21955517323805668,0.07690521534228942,0.0826651299277085,0.4645371645383854,0.17066112677182757,0.16609044656177316,0.0789235405144331,0.037863099681257666,0.16142323923633903
U_4710,0.29475149944234,0.25869287883923814,0.26472402985472876,0.042632220035545954,0.03630917873573883,0.9544141456247457,0.06429398847086525,0.11058277173923738,0.04395984359360384,0.07717344505541618,0.05005370097476825,0.07184357103039976,0.15014956721572983,0.17267210318773168,0.27593522563004125,0.04411773522556428,0.1653592771474778
U_4711,0.3614517053565537,0.30490640481092257,0.29403704025501054,0.05463986753067734,0.055885809280429494,0.8186701908986644,0.08556996544051232,0.09898064340398657,0.05893092723995605,0.07368597495953091,0.08638080873390594,0.053201132421758286,0.17877263683000055,0.18735935457260947,0.3342968886718367,0.05497278512337542,0.11508301676725512
U_4712,0.3527104069991207,0.873657922965823,0.266105747082901,0.051064521464220324,0.05452974219851836,0.14835676233828146,0.059382826393386254,0.10053904617308065,0.07205239193599972,0.08545769479525836,0.08934361429426206,0.08076538557717836,0.1880389795134591,0.17474381020789803,0.3131367416493685,0.06303393316547884,0.14077438248606464
U_4713,0.13764612009162128,0.19603401417895572,0.591368101113819,0.06149174962691943,0.39980832535499067,0.4437973407763473,0.4321778105744457,0.24840779655966377,0.4811212922730434,0.3179160720482747,0.08194958180085501,0.08531688123659749,0.12615079911798155,0.1357268402422797,0.07181155177598221,0.014172889704251325,0.15350349698286378
U_4714,0.3519553077247242,0.3181711116788566,0.3162175506926753,0.05673383751833882,0.0425449228512407,0.15351025192813195,0.07718052834824508,0.12035978594105977,0.7257353441963181,0.07211275645780825,0.0710664829169304,0.06491677131226074,0.14468482957201068,0.2978734124037445,0.2897526305310867,0.044124914178867415,0.14985257628750043
U_4715,0.2455644958636623,0.37574398316949076,0.27702414485514026,0.039121675735396974,0.31594360620148537,0.1461091839937902,0.4894100689355142,0.2642882250684736,0.34942545449424905,0.23197752002200517,0.0772133540760275,0.5232953363761044,0.1522677604785946,0.1641715891223368,0.1085204715134704,0.029085225808672347,0.1652979926579864
U_4716,0.3535833120251232,0.32668346732829895,0.315639996991579,0.06582163434177553,0.06665219918691045,0.1712068500589481,0.08845321319284871,0.09993303321084335,0.7596783205043005,0.1004659458263742,0.08405335789027235,0.07271356577128295,0.1987247406132849,0.21212206750671278,0.3583582605129135,0.04206475461700416,0.14276640862528983
U_4717,0.06549428373910222,0.23258985765781962,0.13664738374079483,0.06223960787429325,0.39292338203308425,0.12728684618104752,0.3033041643324411,0.1086659756406718,0.7487318245120278,0.4327683197683871,0.07153781157604402,0.08702647367082975,0.14386794825226562,0.16153383531735993,0.07690754602303701,0.033318399685602705,0.13868302529752477
U_4718,0.01808442618206927,0.32343433725037346,0.148537782536608,0.04444178890556378,0.07311385815897789,0.3385019600101497,0.42579589851005045,0.09234520080256664,0.7367128119904789,0.21025151615695836,0.06044653326839905,0.44915206999485235,0.1395783620314115,0.12132572841176144,0.018308619543265247,0.14285600484597138,0.09033951300966951
U_4719,0.03269313824498594,0.04832167463753639,0.09562412449482977,0.10721350077355533,0.152733973173801,0.16274038512305902,0.14577850155081507,0.15790379163951712,0.4883937411476696,0.16108738459968894,0.16546941521431896,0.927903351058883,0.10648542351617844,0.14510813343641585,0.06681261428461868,0.34549998923685893,0.15785741847817072
U_4720,0.08672824207384908,0.10543888970961603,0.7209400205074161,0.1329019699031011,0.1437224607322881,0.10915376444604068,0.6618299778549128,0.17984836832641596,0.06575053963723192,0.06439679463998427,0.07818561744519599,0.06557370506207025,0.11381633456907078,0.14743193703564744,0.1406624040381712,0.39321695539953466,0.21193032365616077
U_4721,0.5250832581075264,0.5408088533194062,0.4978618250556597,0.032692163998855626,0.0548946924787462,0.4414177127465249,0.08684661078619318,0.1467503831383049,0.05814277098068851,0.0890315193652005,0.05079202320553528,0.08416608236088992,0.22604281286447606,0.26701504657686637,0.47292634090803176,0.061571832279887925,0.20539498737938336
U_4722,0.03190699662227697,0.06077047190659065,0.7598613963524361,0.09726837687190286,0.14823464430117206,0.16446509130608025,0.13859539555396364,0.1263985975002621,0.10087929222575208,0.19138572885245864,0.19128649310402995,0.16846288205694646,0.11188518904137108,0.13534259673768712,0.061187213903092494,0.8979002439629882,0.1376366337392809
U_4723,0.26699068222625133,0.2486112960401085,0.24997646103830445,0.048048565648731084,0.04134665501887038,0.160212104736807,0.044893834725939934,0.10221549498337569,0.0337412461600551,0.05361031522531267,0.06052692272217156,0.062018205873107524,0.1286397179070358,0.822178311974461,0.5699358705963797,0.34717928648985485,0.15661624132253854
U_4724,0.1956785447779605,0.2513795018371035,0.2044935534458257,0.050303447525363726,0.42213659255153385,0.470054262998547,0.10640831226920969,0.557167716612603,0.16363674953403926,0.0776938011684232,0.06916908850876162,0.4898321562531836,0.1394601771538351,0.15646126203034502,0.11042221243885765,0.019728132346648674,0.5431750431532729
U_4725,0.07868055274336411,0.1246653525871135,0.2488600334419181,0.1024981381221065,0.15032945300530218,0.1585038398682611,0.1468273977058269,0.1609348170917127,0.23283390139292162,0.0891593477517524,0.0960404463999257,0.9293814842376793,0.19080061669075768,0.2008743489427769,0.09639155042048018,0.04176527599058406,0.14913952291852503
U_4726,0.2179407367233888,0.41427584607635143,0.29901193673843773,0.0935264382059698,0.1404959310848642,0.38492754367825144,0.1688685159039514,0.18327277027709346,0.17887043572269412,0.09850728800807165,0.11070260979411581,0.08894262331088412,0.32807232964797883,0.34288817494187585,0.1731716576556917,0.04625133559756468,0.21810538517169398
U_4727,0.264413542926627,0.9320411155810175,0.24456114134538953,0.0698596741375396,0.06636244879154637,0.23379027298926452,0.12489892880599263,0.1198114084349922,0.04594641279096226,0.06793806331284545,0.06577648991293639,0.06754391019870286,0.16894759977995424,0.18272750281329592,0.22918934771455426,0.037764007188874626,0.6883685894989631
U_4728,0.04560649963969321,0.06753941802208702,0.12690009799352278,0.0826444752800522,0.21569309054469102,0.17424426587266317,0.12686482050688536,0.15388390498251547,0.7698816840234393,0.23146187863176906,0.24526048877724435,0.2308108285388127,0.15876377103896958,0.1894073376286755,0.06474114284853015,0.35516800977194224,0.20756383528363123
U_4729,0.22865276688974887,0.773973306288702,0.24486340402443138,0.05355832515988371,0.19238348499381394,0.4597978181513039,0.1911363273789628,0.2896381944729538,0.32069034912611205,0.17416392530711652,0.07278119359571422,0.06048868599948301,0.1440072707705237,0.13266497994934207,0.10193993653839054,0.010052268872594592,0.1346336485225401
U_4730,0.21755704705906193,0.18036757322740662,0.5030864852374861,0.029542753133042922,0.03974308032481459,0.20116290465144668,0.05811075542738793,0.10350241236692426,0.4431902662462719,0.17975899763199846,0.054693435877900924,0.05843632162988244,0.11356993157201675,0.5696783614026995,0.7585200519035129,0.01094824286107026,0.09056083777905954
U_4731,0.03233988926795921,0.08997689894230397,0.6628248941884651,0.10123783861121356,0.16328524214592122,0.16231612522313457,0.1353452492285372,0.12210573752203606,0.13174592475170183,0.14940009843125313,0.16176829260935152,0.1440551665356959,0.10307192750012664,0.17186195547886696,0.07602658931386172,0.9370439332706304,0.1926806128054882
U_4732,0.30258333496989775,0.24939183277626165,0.26078340579570347,0.04317844025806554,0.030763788331441985,0.11692443874800644,0.04376762170758539,0.0890374166227767,0.1369730926540632,0.04758820029248647,0.05914573788371285,0.5239232422692508,0.15769189271719822,0.649918792939854,0.4827671755224509,0.03367510608592528,0.1557148933183042
U_4733,0.019633235142523915,0.07433129150734273,0.1309475634952184,0.04476739319846463,0.06343315630273154,0.7224785473882755,0.18674836267777462,0.10070573479126106,0.565001113274217,0.04626608281695936,0.06497180049699197,0.5615610441701231,0.14530170356985844,0.1197230081881451,0.03834208113808315,0.15349610009318462,0.10059274887596575
U_4734,0.0370225432096678,0.44855900790301645,0.8584930146742418,0.08302362448735681,0.14775933534622784,0.12740826993470597,0.12407938399171187,0.15123797870658054,0.08421413877491753,0.18055015437289065,0.17752169594699396,0.19956645560027336,0.13198743071653093,0.15064214209268822,0.06805228812878293,0.3499038773629034,0.1700646157911403
U_4735,0.1034938130234019,0.6835293573934185,0.17612048655758872,0.05534737699234565,0.06539623119124777,0.21330311915592648,0.15324509197302752,0.3454555387149456,0.3216253732912084,0.07945389748669981,0.07178770550309563,0.05803617398879027,0.14615109726609588,0.1720570834366399,0.0763591933479023,0.4134691898484768,0.11837502455900736
U_4736,0.36635175998822633,0.3202552805444296,0.33508287117418106,0.052970520655781256,0.040818960253156025,0.15553216498788508,0.08160696186055419,0.10715699879428993,0.056476395200333325,0.07057262613664173,0.06827931562617831,0.7336398463880782,0.16196128966997603,0.2035854586762971,0.3092566838596523,0.060969673661565804,0.16882020143088153
U_4737,0.03364648185136895,0.13376062540674624,0.5456304744776292,0.07183883009953129,0.10957615678080378,0.7549270913772523,0.4618025834275549,0.26555838320441055,0.5406716568857377,0.07033311996233274,0.06558029415376157,0.516684793792112,0.13934742288719099,0.13822501920460206,0.06332349067350565,0.0033869135901525927,0.1111722394431487
U_4738,0.2235046782129813,0.24090268152982364,0.249103013188756,0.04417702409607713,0.04922040504177783,0.6804906714494694,0.08399342077434077,0.10631702033016072,0.7069614464417016,0.05311259766501525,0.061594836852016915,0.06316755802451185,0.12660635749199967,0.14841100127331938,0.12875424261191995,0.030059916016184317,0.4894690351695968
U_4739,0.0550868590993863,0.344237297296563,0.06309686584979951,0.12179363372771634,0.317819991668959,0.5736640162702022,0.09568096969546598,0.14569340536305173,0.03809687176269707,0.07179442607196541,0.07962793752622564,0.06731482474776096,0.08225772570141497,0.12609557918466036,0.09552473431865022,0.6588669866075911,0.37633873770942655
U_4740,0.3254056315845395,0.6008203798496607,0.2568143433591594,0.03844675689778855,0.09708615585336668,0.10642519839427389,0.0442456426085103,0.08637796354072509,0.033869245393357596,0.048059243971181886,0.048716028300733266,0.03799572918209821,0.12966738199014372,0.7201899601828612,0.5647224056420823,0.04172079250966921,0.15822424373256466
U_4741,0.21777214993176316,0.19559818668009502,0.6391046545708998,0.03325670349099799,0.1335412784373499,0.8555061149674117,0.5423605812037438,0.09446559721857661,0.25529831761270655,0.18184415113855,0.06446707724101561,0.07088379696151645,0.13661088542212532,0.1384826844887162,0.13725735608854275,0.008169724841908445,0.12703314175093883
U_4742,0.2264291060899846,0.20784071745809557,0.39572645038341836,0.02965103782405886,0.026711911348511884,0.6986361698065782,0.0696175604389423,0.3767813152148874,0.6120910110111843,0.17800740734265977,0.026335052488857036,0.05677977731128617,0.12036447786087053,0.1360407655711664,0.21009108787117609,0.09173198989470051,0.10462891666704488
U_4743,0.36160418356106083,0.30832411220983946,0.29302487657630166,0.048479429364346176,0.056153003892373925,0.9299420524916966,0.07978024176139455,0.09828487858867217,0.04645392234819543,0.0557995230031996,0.05371366095492237,0.07032422401162874,0.16639344364888978,0.18986578112763974,0.3033576006866162,0.03593438383099598,0.16666531614728428
U_4744,0.2472289634470867,0.47747748735727186,0.24258895197809194,0.054122521219485784,0.05440395153346698,0.2617148634566609,0.12026229809821928,0.12806218440513042,0.35366605266217327,0.05788575407879831,0.03896008204157209,0.04869354767814071,0.1512013620846388,0.1557804044016245,0.17801750872700545,0.5667950036790845,0.16404495518136689
U_4745,0.2921319495532569,0.2724991587731947,0.2757240995103583,0.053648174256642644,0.05944814981144349,0.23989618754420564,0.0767296923494474,0.11971467008561787,0.048561394264872056,0.4616823988456385,0.05264147942871961,0.5598797075874282,0.13082956842447954,0.7684637382816826,0.3120164628068065,0.029199842438027458,0.12749938027510027
U_4746,0.034953642235975246,0.45164808719072513,0.09593871115303908,0.08026663773908874,0.13066846023869666,0.08330651415191276,0.10675833128974796,0.11903298328192569,0.6703823000573004,0.4418737774239721,0.20219368620093228,0.16906945761046055,0.10226860305903468,0.12892934165993108,0.0474814950292064,0.5965950007426593,0.13839399835595878
U_4747,0.2354870113223648,0.5740917126391898,0.21232129704240565,0.03464664170702078,0.37844930788080994,0.1059283144323541,0.08503344836874062,0.07321100461020538,0.02168214305499182,0.08294788681376852,0.03767587812309175,0.05260144174230256,0.10702289932664893,0.846280455071504,0.6048737237955466,0.030455153775401082,0.1333891887027155
U_4748,0.36250821706054887,0.29898819521465736,0.29191954031252854,0.04982392096881913,0.041085147432988654,0.14690197033049876,0.07379510526284495,0.10240220710696668,0.05988771957495943,0.07495662245917054,0.07303216974665114,0.9068571048872309,0.18725578366615792,0.18654947018245563,0.3086382976919838,0.06215611810401975,0.14151713187102022
U_4749,0.28635673612574397,0.3146102319463096,0.32510320874497745,0.05658663363569613,0.08749075657393424,0.25166099237081596,0.310436168490705,0.5035475144926753,0.15877124737167217,0.12672996125903513,0.11471097127447911,0.0838495013452534,0.19280988692967646,0.19271986012633457,0.16245927499341456,0.03267037266149257,0.19403789881266797
U_4750,0.21440389111970864,0.5419634333478238,0.7290483230090918,0.027651250059003298,0.0229346690937628,0.19176026866464985,0.05907989708829917,0.07951757538982793,0.020779087670742487,0.04628422139686454,0.048518398104220734,0.21595342773526488,0.08530918427016099,0.7920351089925208,0.5544844760342151,0.1181824217194743,0.0800572231016235
U_4751,0.2089348028536232,0.2318594768587154,0.23067961153157449,0.048406562864933264,0.048848789978210794,0.8106702201078737,0.5602891617496089,0.11614596302608268,0.05979163923609169,0.06154120245012336,0.05920036760595489,0.07073852935398914,0.14780336375172326,0.154614810748183,0.11709751637977837,0.026381046767415144,0.5320292325932865
U_4752,0.23218788815425223,0.22386813730254213,0.17993497149129026,0.04574610243213438,0.0497388818709638,0.7078617314954392,0.08270808719653827,0.13601832150998233,0.6497736328446821,0.06699509147562062,0.05812197206744151,0.07384322861875245,0.14818007896874574,0.15899767051146974,0.13445015271310481,0.045073560326962414,0.7294748001643674
U_4753,0.19604888304784227,0.837179689566413,0.21520462183475075,0.0352790900993022,0.2818961804475968,0.6132425838714659,0.08396456295313294,0.2721959314012046,0.09190930170580595,0.06380298657066778,0.05872666106085224,0.30815764165484866,0.13798453876727665,0.1617797423513624,0.11063251953961324,0.02301725434884992,0.12993662910908735
U_4754,0.25252217234249985,0.2143999244439681,0.8203085530534824,0.05140144551309446,0.3532423423857032,0.6668160667771006,0.071068081951132,0.09177582080019699,0.03476268494613155,0.23887329956422632,0.05547042481770073,0.07044392147338019,0.14305734035440598,0.1586336278822582,0.21443601661682737,0.028043497442771407,0.11479901740833583
U_4755,0.26525444507396584,0.2617153405325163,0.280526672905611,0.06125586779595535,0.06296128946475431,0.2876550205410332,0.07880417677785048,0.14820738910101,0.14917487243807254,0.09275002624960335,0.07593725877783213,0.9309185242865983,0.2222987735618533,0.22165031001455388,0.19918902874747085,0.03368862977139444,0.18057605971968155
U_4756,0.03270737898835259,0.8201642907269127,0.17828279118974888,0.10454027399697023,0.1665741929519191,0.13991277375008457,0.10365662980417317,0.14564594020905464,0.12006572651106356,0.18615613844379966,0.185790560618037,0.1544745531926671,0.1067548246286179,0.1469482471216936,0.06643266474272091,0.7314077023482435,0.16735872896905227
U_4757,0.12025412035305845,0.11693357401018892,0.1931743155879623,0.03848408888907453,0.07157439435822777,0.20484245040914095,0.7699302586348271,0.1197335986947659,0.3092564511488637,0.0553922337787349,0.06259521853864797,0.35700706605061244,0.14270456697877232,0.1442989474525068,0.04171342509725371,0.19365145256011673,0.30779640325918245
U_4758,0.3350548122558521,0.2935910011758161,0.2888384703483909,0.04617716763866579,0.05623956564453013,0.2828828239957222,0.09275542061249543,0.5733451551396991,0.055627753781708464,0.6189771135730864,0.05966829726730168,0.07538126015110261,0.1548629053175768,0.17754955976526127,0.31234634570329045,0.037116054441475824,0.12567887612561526
U_4759,0.2600696765273482,0.28047681606752656,0.2479186999719022,0.043200159992665695,0.0509998465220997,0.1712108454961671,0.09322584604237845,0.1192807015098478,0.1521145772272103,0.3997972435816161,0.053584226032469755,0.3572001010065139,0.138579087113895,0.157472713202632,0.1393259421147805,0.5185207683758319,0.6102775276055337
U_4760,0.320958159955685,0.3010412456258499,0.2677048208590578,0.04563590527530711,0.04695959496351412,0.2651233300840593,0.07929640369152578,0.116413343904399,0.6479552676228468,0.06262267432048214,0.052710864445358455,0.07820943788420091,0.15815964798617663,0.1801908966107538,0.2849301666273365,0.05135894027474426,0.1559221147090691
U_4761,0.35340629744803315,0.3032688817555016,0.2836163027936715,0.04754855688059009,0.053845330406927065,0.14939958004876133,0.08764389719919377,0.10077758849784668,0.05605032210921696,0.06733852696135034,0.06805827507141905,0.8520337557132656,0.16559863794917834,0.2116315358822897,0.32067103718103823,0.044470738377270114,0.14920224480315875
U_4762,0.0828978517521356,0.8717513851327401,0.17834805226507275,0.06429349212577877,0.07825291670888161,0.5594598846208494,0.10796142703040941,0.1269719664321943,0.5859115629899712,0.0861533554648415,0.09456478062073936,0.0900829354782275,0.12149815034603662,0.14839365654187756,0.05389742097785023,0.022210908009107633,0.29095268083796855
U_4763,0.25480972106462046,0.23985244506634545,0.1791032588637668,0.04140169566989324,0.033303169865386104,0.852836019246628,0.06778949059089309,0.11583630640445458,0.6050117349495645,0.06275047782116408,0.051941448828831276,0.08376430789767975,0.12321442282052891,0.15316605807040462,0.22158114990444117,0.05030213798657551,0.5805382117954125
U_4764,0.04619623595459425,0.054525709370116936,0.1128370451902232,0.10372579983770429,0.1653108229049619,0.7451586172699145,0.14857952979756348,0.14556018739568885,0.10899908379013276,0.19831221692649217,0.18327674938060076,0.20057791522074722,0.1354446026495084,0.18053605907803444,0.06222968823638571,0.38798798154029995,0.1588954954269927
U_4765,0.2945901772250021,0.6250502355710257,0.26104636334742015,0.04418956839844775,0.05407911405442242,0.5435260334637768,0.07441047878544813,0.28496655716632185,0.21026212535008126,0.0925961911137801,0.054528999751233286,0.07214879433714569,0.12060292838010547,0.18072518334922896,0.24150729179512942,0.04021323402780443,0.1287235646203445
U_4766,0.5909543929627454,0.3858587812848193,0.44422223518723364,0.0859693142521504,0.07442763919548585,0.2275575689591232,0.10604992961414025,0.12317245551134264,0.08151550699382537,0.0956546627939564,0.12230997609235883,0.08794354187704322,0.28031681881668213,0.20047121244634958,0.4511680894201024,0.05128671455072004,0.1103844124679243
U_4767,0.32620865775755375,0.8601081657383418,0.2736685869945705,0.051088015868079456,0.06275206483221046,0.2360671552391578,0.09449959975870488,0.12455498088182523,0.1228296727558359,0.08865874411460423,0.07324648391890298,0.06928518825202981,0.19104612853992733,0.18521204388479195,0.20367251156723007,0.04000046875095791,0.17865447052928363
U_4768,0.06738316089596726,0.13469681137147338,0.7943611664181345,0.14816577643433837,0.17522596914168465,0.19895836846980058,0.14593959824360414,0.14741413036312412,0.09004435041242112,0.09559445841043099,0.09490594331437131,0.07444022181168053,0.1362436712255947,0.17469430727555907,0.10535941839430434,0.5043630540089883,0.21853690658585376
U_4769,0.042777231751308695,0.3521304113893902,0.09012240190061296,0.1068279756989707,0.16254023990699262,0.08725728341230538,0.1185730650048102,0.1620121009157298,0.674241328766396,0.16557886444758935,0.18743904802671482,0.2208544888278241,0.11175508250995353,0.1532365261976347,0.05194034667000671,0.34707443626134765,0.18812147185210737
U_4770,0.16951227380717576,0.18546245235813563,0.7861223738281986,0.029885883645595697,0.34485104553720924,0.7724503125249869,0.06410228078230815,0.10315461680041159,0.20980136493006302,0.06399811259845664,0.04266618357016498,0.19941992524278265,0.12316420047920647,0.12635329075611612,0.12469204786586485,0.027569166003785922,0.6075582249190059
U_4771,0.32374223053342494,0.9588796815080605,0.2691015242354393,0.05273791119413174,0.04615457071825771,0.1410682667547617,0.06606523930952815,0.10408421856660881,0.052307306409629405,0.06478059506311624,0.07722671666115052,0.07208429760897284,0.1437524122938165,0.20372993733435554,0.2894596874067179,0.041434125040219316,0.14092995662018
U_4772,0.240417669088918,0.20711458037987962,0.8646227899953285,0.040962154495406446,0.054265319008168,0.14285299962288026,0.0873046013862098,0.7219990320224652,0.3208493195062824,0.0793207476856152,0.07014263768318145,0.08443371880398219,0.14310766940687475,0.17837274893450483,0.1983016124254062,0.030018464253152986,0.11879248513444268
U_4773,0.28251617719914307,0.2986837660701596,0.3071228950197928,0.05468976828579501,0.06129520477030323,0.31042531488830366,0.08321427690139857,0.12090310346193248,0.054592294257717486,0.7054840671286122,0.08451565593673038,0.0857829152165375,0.21977710921229793,0.19686248966853137,0.3427363721111027,0.04036571712435835,0.15915989529483743
U_4774,0.3389237621487246,0.2722411176895045,0.25401315287284665,0.03531369599514163,0.4678299989276273,0.17652302066754577,0.07477281508092547,0.11024773500830376,0.04765460634012114,0.061703016528118965,0.05056195016641747,0.06807445543144537,0.14939366320082098,0.17603127557946557,0.2826783767612158,0.5735276587201343,0.09750188184523106
U_4775,0.29610629823876744,0.2616751104190631,0.2691707289997282,0.040480155204317095,0.03688089342526285,0.1700192369852223,0.06662323653813479,0.5390718546147664,0.05539969731279161,0.07589166490130875,0.05362879046513645,0.053039808521632884,0.16353108573480465,0.1849449280586949,0.6866810021309198,0.5409006613471039,0.13006195372575163
U_4776,0.05869130495586779,0.060755953628782784,0.45475055484017257,0.0968940126477267,0.15168701742644075,0.35048927543249003,0.13554743149420073,0.7163601434126041,0.06913024466903356,0.16953555266003476,0.16713607607608372,0.14354393435978421,0.08800233655886988,0.12593053053119616,0.042854927689177626,0.3951195931661756,0.16840191540516097
U_4777,0.25185087008990353,0.21931566035965155,0.5344838134335519,0.031302509107577786,0.03252752010065075,0.24217090367858596,0.06120591506401851,0.08811591731411304,0.5680343835491499,0.24410485189195205,0.043734757962962785,0.05148667094873187,0.11598442196594687,0.14378918459792633,0.2521624403943479,0.03376187176757374,0.6431843503569803
U_4778,0.3205510887285994,0.27059557084716296,0.34255530833745407,0.0350344647006276,0.03184835334178547,0.20871645692460417,0.5259855333889305,0.3569251690379638,0.06396089630473788,0.0745562023431077,0.055522885127450274,0.09387994750588062,0.14951716421587583,0.18133951153007946,0.2606152202224789,0.3355993528930917,0.08721961179674687
U_4779,0.38380103497003215,0.2479639751592072,0.5399198667180898,0.060283743018656154,0.11621413370857313,0.43874793862795675,0.23324180643141934,0.2110044434267065,0.10151541471435141,0.11865525954959225,0.08804916866796525,0.10606711316662755,0.23383832178044034,0.3095158447807923,0.24506076067439067,0.04575502690858246,0.2677382303334531
U_4780,0.07710441336577036,0.17228343892609496,0.2444180428796266,0.0913347881677656,0.13989668070903255,0.2047093791468843,0.14730237741088292,0.7549421806330214,0.1688808484132067,0.179389160467538,0.18856480836393807,0.7774074706692242,0.15356909158334928,0.17641927075482125,0.06657054696865475,0.10496736805620627,0.16734357366026867
U_4781,0.2752589428725254,0.244012686629374,0.25259360108091466,0.043112605380931125,0.037855430426996316,0.1436668188729227,0.04185347255145259,0.09428614196351394,0.40586775389781704,0.04577681332975932,0.04969816835025507,0.03639648094062543,0.12292701916854624,0.8000267772282685,0.5913315814840654,0.030369904971637336,0.14676183953477862
U_4782,0.3221523683785591,0.23391847885209294,0.677577819696703,0.04197001934049194,0.03365799945963997,0.11503995709744069,0.23453673113669277,0.10015446956218131,0.03837003951172504,0.06950730423357367,0.054600097388381896,0.5106124038770661,0.14546767645937445,0.6094332632795343,0.46812179527665976,0.03388361675484912,0.11183795079186407
U_4783,0.09926731188374194,0.16170187485493484,0.23316229043019704,0.07644221019710724,0.09213617971740916,0.6737303823814675,0.1804246736470032,0.12932396197323062,0.190463493650755,0.5067402069506242,0.0659070646379228,0.512053201798107,0.16146404481134935,0.1551171754229862,0.08617022057956157,0.02569886416714453,0.13701336884485016
U_4784,0.368559157024105,0.3074139154010583,0.3125979782142487,0.04270293443244127,0.050594496627366446,0.1632867738713011,0.0744104762890485,0.10355065206033172,0.7099962268304811,0.06232887164182066,0.05770858374385501,0.05947093734614449,0.143851732620094,0.18036436383571317,0.31221843540292205,0.0479215415840888,0.14521857132643584
U_4785,0.5661777247071977,0.5961319546920487,0.44566555288211074,0.03194143895654084,0.0394406891378883,0.27135612495470296,0.08885469308005052,0.14491048611791746,0.07125813194641742,0.0912390989617965,0.0781898884449645,0.07390437062471766,0.21200384152067883,0.2744131409398201,0.44269609504441987,0.11261703830674143,0.2066027010022801
U_4786,0.21139394187246546,0.223602862970475,0.9185621551007634,0.041898424516083325,0.2649282984778002,0.19785591509679476,0.07677247197826448,0.3228253085790743,0.3392691151838391,0.08210770606226396,0.07945104980232445,0.40359487871892447,0.151916816293258,0.15851835523224958,0.11000098464469561,0.022157961417665153,0.14930658948573372
U_4787,0.07026464452728999,0.17052038041925277,0.6946248470191405,0.10646889095943766,0.5276485251782868,0.19373309314033105,0.15943433559861053,0.7087668775872122,0.18364603701185872,0.0855159389156087,0.08260858560035565,0.8219700936846703,0.14639324435610163,0.16618779322851115,0.07968727878535131,0.041650034279741656,0.1499150694398235
U_4788,0.259067620228117,0.19284344602567322,0.2846827980914393,0.07446347044308602,0.07574297698417787,0.22192923830984135,0.1796048227462291,0.6326555381375065,0.07071648865818661,0.06055829489893374,0.058960336075496445,0.07431944746254497,0.16057542286312265,0.18978655388311605,0.16243993923781247,0.03225423336727795,0.8038849229741247
U_4789,0.09266259919694317,0.20220259369149443,0.24498954204778503,0.09468186461584199,0.12476937671576299,0.9277280659589737,0.15532091784744645,0.14625880568191588,0.21180788899020775,0.07953171419822301,0.08779153495181295,0.49449175919833016,0.19754747203591833,0.209451708339361,0.09945910775460277,0.034947645233294376,0.15392193675365667
U_4790,0.22531166438834127,0.8014294592850086,0.21975510317031288,0.04319936731324748,0.045418846335213654,0.25618441701139727,0.07044266896637529,0.11244595168840277,0.5125551077359252,0.059821545067769315,0.06214075941091757,0.06753722409700033,0.14008820286568624,0.15038003199758332,0.15726138242342677,0.029021789064097685,0.5236465158974175
U_4791,0.3661102827573115,0.2935805670388986,0.977185043361738,0.04771465839819755,0.04785116696263564,0.1584838542616573,0.06767861411558414,0.09211242416976802,0.05548383409727213,0.05832740446550877,0.0600941689101005,0.05864339056917086,0.1594518151535924,0.18006424456342138,0.2934676768910556,0.04350783475240193,0.14656377554599204
U_4792,0.3259133915719295,0.29467098569550404,0.3314676642130468,0.04379399326373553,0.046878001718114,0.901709848424362,0.0860295704925021,0.12676850664801476,0.04225667854141043,0.07346206219705156,0.062300415922516894,0.06506710807440273,0.144145636090256,0.19401437494267895,0.3359442558833873,0.04401420552345063,0.17978769867726913
U_4793,0.5471829374684662,0.14863127951838231,0.5667514127268432,0.04877025674570866,0.051475083800439234,0.16853918281821206,0.13945554711060965,0.11165673818704339,0.1441722206467168,0.05679261561929402,0.04678758295357673,0.5072561552261079,0.14057951593553003,0.13075093210064445,0.0845387901350522,0.4753562245510749,0.15431095504300127
U_4794,0.5191399148133231,0.43008577139506493,0.5512321908397253,0.03620551172145178,0.08077152316946559,0.40614807993969054,0.08314026560687984,0.15143916464395324,0.05240783419005408,0.08488977815309379,0.0542751073050322,0.07734082571657773,0.22268585702730972,0.2739604771098021,0.4877283853975446,0.055166077556188034,0.2128464964749506
U_4795,0.06398354429818408,0.11086318570611381,0.09651823545505145,0.1582203519434856,0.16052871763849147,0.10080086456909543,0.11650224771824455,0.17567377266637035,0.6639543175724509,0.09417838235209702,0.10194020257362213,0.0676811963142888,0.10288832216432345,0.12844438889434498,0.09363035954680847,0.38274998896367823,0.6175344939278193
U_4796,0.35465692992803527,0.2800812163821356,0.25250389551257973,0.035265238129379844,0.038790817122307156,0.22297199819736677,0.07266890571041729,0.10166464780832216,0.7311760522464494,0.05292961427469309,0.05439467367995422,0.06765936388685104,0.14199894046175748,0.18844321522004417,0.280355726213774,0.055391284539662654,0.6235308926055185
U_4797,0.25933123278289527,0.23429393901617518,0.24648918854114854,0.03205554753140189,0.04558571896420981,0.11178871482577186,0.22510246632370964,0.10638834898733954,0.04214996610919149,0.050711331511793405,0.05445418630890695,0.05932213038052621,0.12174492514510754,0.7005927431214318,0.5838440872268318,0.04666060189197814,0.17450881614571245
U_4798,0.17573755843605157,0.24962868300830543,0.9005523530324928,0.048300656779138654,0.06116671638049914,0.2443647779937953,0.0911774524099494,0.12623296939899034,0.14289816954971665,0.054341263772337556,0.06175507347992028,0.0633208195524886,0.14849867488811688,0.14303666147256727,0.07854624248925622,0.03353213739289353,0.5671848086355051
U_4799,0.15778206209307336,0.4734801669191268,0.4039069694098431,0.1438398104662104,0.18331396218232326,0.2868173128319421,0.2567086395468227,0.25641407475685446,0.37697199251127905,0.136788226467624,0.1110681769003524,0.13144640030539623,0.2992890169195936,0.3129109481705076,0.1506973540695511,0.061244002322367236,0.23052582374859876
U_4800,0.3046099251051891,0.283263131430824,0.26908534355385133,0.06008999154076131,0.06341491496888496,0.29805642188582016,0.07076727646381599,0.13791943712169732,0.8060568432037807,0.10395027946886223,0.07795166713421083,0.0695605439637612,0.1771092880684023,0.21777794572239376,0.1710898032312334,0.03379446004937976,0.2879809637693987
U_4801,0.11269575035416554,0.1843633758933364,0.17440926539175067,0.09919522639465266,0.10713846635352686,0.18922802728432034,0.17469735233283148,0.15780043482296577,0.729552301812959,0.07448895025208586,0.08316860357247376,0.7967578815840275,0.18145646555848283,0.18493369206960622,0.08139995468813704,0.036233984424192546,0.15455634163017132
U_4802,0.2966195014064816,0.7699558692345818,0.2522014606734152,0.03578552828352037,0.034061651363972247,0.09143888391876308,0.04499177219574241,0.08568119581506814,0.033139990605757695,0.040209881693609686,0.05049631823328435,0.03977161081261461,0.13723226818889478,0.7495584387246168,0.5042721207812737,0.03479830660556947,0.14309083471792977
U_4803,0.14936964928196333,0.27450910659376637,0.8966862391052981,0.06927730582472603,0.08605409901497665,0.22092713216033943,0.39023515786089036,0.1448048965575569,0.1712306224909841,0.09106260702342067,0.09542438039513051,0.08302744945191273,0.15975359843583165,0.17426023776423444,0.07963427830508102,0.05857598678006526,0.17177895716893943
U_4804,0.05784519022824846,0.10791223303602067,0.12008995078962996,0.11821122791780679,0.14233471166751838,0.10594392832347653,0.30949712660464274,0.1575421044820155,0.5546395389310748,0.07495700846977275,0.07519614399101417,0.4919227467026948,0.10455884854549746,0.1472713752641795,0.1272172856137879,0.3227098052720683,0.16729828126149401
U_4805,0.06573513978082342,0.0715288298162489,0.1042948562337391,0.1224149079666226,0.1626509480943261,0.5225823938152288,0.4507126179192505,0.1554419694170078,0.08483681993099212,0.07998272192249808,0.08087728159653748,0.0759712693248634,0.09050798942551902,0.1282838019850749,0.09796213114711695,0.5328825357489853,0.16706185620802685
U_4806,0.5056167844786326,0.4716938163649195,0.578403531289591,0.03975644747813814,0.0496891720909919,0.3941287945243788,0.09872530497209603,0.1535753423244154,0.04899054038397621,0.08621371275851743,0.04747921583011529,0.07133454440139961,0.20278110394068363,0.27684608317732395,0.4652312004765726,0.05429563094169356,0.236453200181419
U_4807,0.06170069857059418,0.1416339696483935,0.2454734907730192,0.06196715529475226,0.0828003017465747,0.657012660627605,0.15489028629282142,0.1262444938830881,0.5299791679974766,0.06789026453991154,0.06538216293055679,0.06542517427741165,0.1431103810607447,0.14001744653983525,0.055504960872803225,0.49257408691693066,0.12898219897363203
U_4808,0.5494973766916493,0.4670308598033661,0.539153882381453,0.03402316384853607,0.045804253271069295,0.42228303652728977,0.08507847653445458,0.15050458824614826,0.054583998261379996,0.08901700928489292,0.05105751949458343,0.07963189148255091,0.224073071779655,0.28382674363347343,0.48984910621033656,0.05659082621572604,0.2197783814934403
U_4809,0.2547492328328937,0.1971634536391488,0.7977006217263918,0.03747270421281415,0.031828186074096855,0.18173778864063517,0.03827482250054273,0.09121110990394093,0.024682473218402112,0.058252224987994705,0.04687269897616354,0.03505758811713103,0.10114205864565004,0.13281349969622694,0.8690157354938186,0.18125060477507401,0.09210646621639282
U_4810,0.04267105156372462,0.2185457964072495,0.23281317535527143,0.15170197282914674,0.24718377392183868,0.15226756659500654,0.15954476864248518,0.1996444163795978,0.16708092303887426,0.22038700764555985,0.23386043777899074,0.3576775191966834,0.21592504081645994,0.21116363744635128,0.09029606463230999,0.4865519057134605,0.22693956851659605
U_4811,0.2466457580287941,0.24773237748178326,0.1908941545870514,0.052752322728691514,0.05395667107251339,0.908898784653803,0.1044835620329719,0.13043178484755977,0.07884734038592132,0.062017936353497005,0.056835032437872066,0.06664246736725539,0.13947946569042804,0.18676200017459438,0.1273260620361451,0.0372238501790967,0.6753523026147243
U_4812,0.3758934963244531,0.31222256244814384,0.28508295269635936,0.045331860592728125,0.0496175729313249,0.16736064696326186,0.0893025006216782,0.09645468585753594,0.05877742985620308,0.07566572856713741,0.07369740240150222,0.8388135927094607,0.15739867154483328,0.2170846687706189,0.3241128300421746,0.049494825047464525,0.1406235939188218
U_4813,0.15771773391662272,0.1888986109264848,0.2610937441862665,0.08522981353768232,0.0974573018573959,0.8904594502078504,0.11756534737215973,0.1555425148366404,0.13169920677812313,0.06379232172953941,0.07454592067860481,0.06991331416870519,0.16822138519827456,0.17635448918252972,0.09597369443567687,0.02824482287573674,0.6974649512139837
U_4814,0.02871597190452015,0.02671730156072408,0.38792229008067247,0.0808475347296351,0.5637280456013132,0.7580417098048211,0.10445952247224266,0.1304746121752496,0.2448066912377127,0.12289020327645708,0.14151951406521185,0.4735623899200905,0.1013439834831423,0.12398824401933947,0.03971829433890364,0.31277363850440576,0.15121161691442328
U_4815,0.21787954789589445,0.44580976456951343,0.4530074681805385,0.02241940320777454,0.034210606979409176,0.3824498819150551,0.17404566270743285,0.07640663841259403,0.1411468709092286,0.05540146853927511,0.042648323346554995,0.06422533552834297,0.11726059872567486,0.13922076062493632,0.227868039841227,0.11913462025284431,0.7053147689335568
U_4816,0.2384094057493487,0.2039264178882724,0.23413308499529226,0.03913017903194944,0.17305374210254487,0.14091783919342438,0.39061872367902567,0.08363997810082545,0.030041997324746862,0.057255832473377136,0.0387132900058632,0.06193261492998037,0.11369109441515138,0.808689295565785,0.47215474500975396,0.2270402352754104,0.08752708622790882
U_4817,0.3007255805092564,0.6208665777952389,0.2728427374730363,0.03526164287010428,0.047593613765055456,0.23151952684860316,0.05645528880899452,0.10580805636600425,0.04363838832240761,0.07219632397236836,0.052926359490294436,0.039584796206687166,0.12559765745829204,0.7522437828285162,0.34258615881291793,0.45847891609067254,0.12811189632929118
U_4818,0.18553086573618638,0.24204013325971052,0.22857548547282325,0.05714653895784781,0.07624214744789005,0.7650967474791344,0.09035118506391993,0.11691852453171743,0.3613574774955028,0.5379873910082997,0.07000553691120431,0.07676852843869124,0.13337121790705525,0.14817061297932796,0.11819283002672402,0.03805871367446721,0.1450703411950621
U_4819,0.2884638401381199,0.8425302849760332,0.2503427615328877,0.03937961825506121,0.04038554724895562,0.16157664376015096,0.05860056697571944,0.09540675028238736,0.05458982909036819,0.07873910818775748,0.062232531019316695,0.6077864156784345,0.15976332961278744,0.1604446660205997,0.3030162110551956,0.04137825227357024,0.12196799164695661
U_4820,0.3518362860259126,0.3002732178108637,0.8778951268876161,0.05134291397473569,0.053954118531982884,0.2093653791938713,0.0963114825828779,0.09837750463142113,0.04985202025724628,0.05680528516352804,0.05377876649264378,0.07038780916362322,0.16316823341154701,0.17680022577774246,0.3013807645590771,0.04145113725655192,0.15259836184011474
U_4821,0.23506130754646137,0.7964614115405846,0.23242269625705764,0.039760675473296446,0.2660330919226918,0.23708366281561302,0.0838687041539407,0.2727044883606277,0.06316437154084133,0.07287127678777347,0.06394179164483567,0.7520902851364382,0.13745387856322022,0.16908077779767883,0.1322781183846896,0.017752262805761695,0.12570395793945227
U_4822,0.032225743084845326,0.07180842579409859,0.0998645452395499,0.11411027306807464,0.2763011053199874,0.17590511049220303,0.6493648311703315,0.14364149036995438,0.1372211137185471,0.3046345975391033,0.29362979628844266,0.2574728298283447,0.1560276036388498,0.20374768272358354,0.07760943773237439,0.4144510326943491,0.193269686185113
U_4823,0.12511441953322014,0.18921235113685786,0.17571634384311982,0.09099005460526707,0.1027243554709742,0.9424496789987986,0.13669884002049576,0.1439433744301038,0.16162859928065976,0.09168708607183775,0.08900563313942725,0.08332454124369078,0.17306181708532037,0.17494227358580375,0.09314618409383607,0.04736828864461402,0.1638992300022835
U_4824,0.40479209743946337,0.466817804816262,0.5099263253551269,0.030260773707551467,0.06396870896206584,0.3504749162485798,0.12853751709179495,0.16774505144650448,0.36574531393327075,0.1109113078419772,0.07075580743262601,0.09990829983148074,0.2263873255005023,0.31837241696794627,0.26246699484640656,0.0414049836772676,0.2639056611431183
U_4825,0.28944149699164406,0.2448404390737119,0.25047276586991635,0.06052745027505645,0.031414088031643125,0.501253085996366,0.039261888971541085,0.08357599385064728,0.029187219236302846,0.0461508138576764,0.04317307090665731,0.0312690329105314,0.12290394649085509,0.7993536123617806,0.5439040797537746,0.041256249176912264,0.1995385060432685
U_4826,0.08940572144941128,0.1538737145311477,0.25411550097461494,0.10165165326247028,0.13215977505871784,0.2159841793079719,0.20683497047405747,0.20221471360551213,0.36902995552295387,0.09237373899432437,0.09376698002237625,0.7223045701675355,0.20858343412009417,0.20987354310933665,0.10584193404759366,0.052358745507441073,0.15749940740302099
U_4827,0.3442376134456003,0.28176244538074,0.2693756018456444,0.03736494102557326,0.059285718206695266,0.14641811005390779,0.06598367148309159,0.11270226400370073,0.05028772299575241,0.5044792417051476,0.05425400947302899,0.061516810492012464,0.1316051623404742,0.19013021856400122,0.6225302138083189,0.41152116213678774,0.13189062726399178
U_4828,0.466855918139753,0.2116166590223321,0.48899123830643126,0.05349148217585595,0.06238079088689251,0.2132048098985323,0.11563457673900386,0.1083189948018291,0.7663780013722234,0.08866640091860413,0.06916450068633465,0.6849649564180591,0.14080221047511693,0.1510241842827365,0.09869816244437604,0.024152236403022914,0.127181433981734
U_4829,0.3759555116038018,0.3153353008696317,0.2922966224294899,0.04360336009317588,0.04973014153913624,0.1655036550456131,0.0871602792067189,0.09250553600401595,0.06055259436517428,0.07522054336112502,0.07704506100340007,0.8513780804914872,0.15617673718454064,0.21853100556447483,0.31925489752931974,0.05168463173035108,0.1398206764669566
U_4830,0.3804905981664822,0.3269481963357943,0.36800097492264044,0.047338049183798844,0.05271484177587595,0.27756753031147896,0.06967960159804705,0.10171069309753673,0.04405486181764283,0.06740169357093138,0.06125669668510554,0.07068930474888722,0.16999767036219243,0.19659286867227646,0.3415866695113487,0.6242516758324959,0.1808306906364054
U_4831,0.07020910573982025,0.17035619569316168,0.21313706320354178,0.10903830255444169,0.1115852671520295,0.3061877790602172,0.14653087382031924,0.17270587092909356,0.14263948935513723,0.6842230038302797,0.1323058538230441,0.0777111088579517,0.1565399294806812,0.1938686473182916,0.0869415557257602,0.03804470759642067,0.6893068087336551
U_4832,0.25190543907758,0.22762904672462728,0.62782819073733,0.032823921257416955,0.034774396914348166,0.19933276275090717,0.053911021570542846,0.09217623706804202,0.309603550738288,0.04005628041047461,0.038642012964663575,0.05869247413388145,0.0960125091608886,0.6344331903490803,0.7129214680780169,0.019317365573916348,0.16718475769016836
U_4833,0.3597206153571331,0.31775963366451293,0.35480433375195136,0.05143912683950758,0.044198777094332564,0.1874765675127682,0.7040960253089263,0.10392214859017003,0.05004605692693711,0.05974631596258839,0.06424513568502872,0.0952131728867062,0.18424096008051488,0.19858151247807257,0.30535405527111276,0.06469362536643106,0.18061268711360587
U_4834,0.2114223151217875,0.5350017290665239,0.7661329090296487,0.030006432736700638,0.0883913118310824,0.23669493055353671,0.2730598140544738,0.08411846277424984,0.31518957993953817,0.07099490827027245,0.04404624956864115,0.19094163345994855,0.13067044986777515,0.11796397684099946,0.20423034079258054,0.016634195683051654,0.6180129509659982
U_4835,0.21209115084189695,0.8131125447615237,0.5463678490729496,0.04413928585655735,0.04677081820953939,0.802040161028331,0.07251693880684727,0.101873511058016,0.0879392113154419,0.06198457730577579,0.06979105826140111,0.057931617394512955,0.11318477493188567,0.14009925760560576,0.09700088349477187,0.0267407361744973,0.13596168586052476
U_4836,0.3554251219993757,0.30503736557331973,0.30086441269561337,0.05414347870812896,0.05318100919153694,0.8347193943703872,0.08760975055083389,0.09829322073362633,0.05891148993819506,0.06848207705425638,0.08599283170456831,0.052910419265633724,0.18688809860435468,0.20089349209753365,0.32398407354704345,0.05007028583590849,0.12546090798856843
U_4837,0.26194309165795354,0.230970933060916,0.7035255997526846,0.052228862326534016,0.042129166704213024,0.18383067345241078,0.06452427554171652,0.09595066246697645,0.034290332017263864,0.06668445170061942,0.04867360597627757,0.04718239011816246,0.12708001339611744,0.5562861122416425,0.5897250259035269,0.47065387773795364,0.1251450052005834
U_4838,0.5798897984699942,0.15898721863541354,0.5992342685278644,0.049940938285055456,0.05879378423238384,0.2240625952913015,0.13974857807736052,0.11726303322217915,0.05249681388591815,0.05102952505602856,0.04060724093553872,0.4753916480937072,0.14629094071633095,0.14249689487547704,0.24227824998134112,0.05428352584576695,0.4235291465837567
U_4839,0.2611699979247494,0.5323849439765582,0.22015554241485508,0.04384655772781564,0.04146370470536156,0.17156767926728794,0.04741930637756186,0.46259853682153723,0.024811124973815595,0.04530460169718943,0.038683173786553365,0.03461283694635493,0.11259868670638007,0.906770915910666,0.5439720530192198,0.029978529264350587,0.15209857663605825
U_4840,0.20863248698098497,0.4377943671416303,0.616387354788748,0.032651670758529566,0.19460942409385232,0.13017559941023074,0.13730545419098975,0.09110185343314106,0.019212942327335017,0.04832694539442749,0.04148951077399603,0.04225617861956803,0.11872415506802678,0.37487935423929547,0.6200979016453763,0.13573675807744429,0.09140309927490103
U_4841,0.3463805461778901,0.3003045808459304,0.29463093888415975,0.06035415703698653,0.052841731412166686,0.8481923200947286,0.07687755379714825,0.09991001297410132,0.06118011230618024,0.054387135260312906,0.08189716235664829,0.07133127302498239,0.2377120895159613,0.18115812606728882,0.3347462384047049,0.043020908474139655,0.1337557605619656
U_4842,0.03909261146893066,0.02656879203212085,0.5286234243966026,0.059281069305582926,0.41255818933289035,0.12083314974386862,0.5520889378480904,0.14576755469871155,0.38810248162740546,0.14799587422586116,0.13348235920638984,0.19830008416161413,0.11097156898938847,0.12952605535890113,0.054841043066043274,0.3514618514637829,0.17035403343239267
U_4843,0.3366376053214032,0.33251321506248477,0.35221137297415445,0.0457615931267779,0.04549013650689001,0.24316904513132037,0.07070931030642848,0.6226550223770264,0.05018024670037233,0.06814766973166957,0.06611504152956572,0.09197872514606831,0.121263898744313,0.19872338117789987,0.2747196612513612,0.03860479474499148,0.6456242913391779
U_4844,0.3107111636809101,0.1876558650226318,0.2838704216884827,0.07320174609488295,0.08202408759856736,0.24175638337972286,0.1602501884430974,0.12684652758098824,0.7504173010823085,0.05107279051840521,0.05445668776311545,0.05773891679060835,0.1437163105799497,0.18203208638169197,0.2101429047824209,0.03497153490231125,0.6338581440608733
U_4845,0.2502623841719067,0.20990458908070428,0.30414964124056254,0.09180515224449248,0.09476781992312959,0.2695795957425296,0.1552275058798363,0.14971557871609353,0.14255034225822624,0.14403206608050795,0.1362273221419917,0.8131340118339756,0.2006745758610846,0.2074879278806448,0.13705006040214748,0.03313307950257832,0.18467106245176323
U_4846,0.2566425015912273,0.9109104538768589,0.19589987856524688,0.03484909031284579,0.04062813633287946,0.23205770966740152,0.08665662937220832,0.11247907036701252,0.04171956224562931,0.06420673098844663,0.04347948821543798,0.054613258131232655,0.12070315980807177,0.1473118898536463,0.12114535837844664,0.22214311155912117,0.44762865541432023
U_4847,0.09851602666680845,0.12953971164062578,0.16014456497123658,0.14422920722309887,0.18054965921518992,0.14906432262762281,0.12143130476973947,0.18917108826621115,0.06364022402118341,0.10722439090659308,0.07479457574956941,0.08104091729779295,0.11592667811656385,0.2000606734216073,0.2008559550475505,0.7045782222807595,0.34541991083355444
U_4848,0.2604243408957566,0.6834301521556383,0.26890004568575576,0.03943894169126846,0.059218070013304945,0.1507155830702487,0.08523615939827892,0.34503795615047755,0.2484966947331565,0.08820092798812634,0.08451070623889331,0.09509205452808657,0.12237785173552612,0.1841216140253778,0.24721066142464102,0.0362793936740073,0.11695380077659336
U_4849,0.3785702112019012,0.08115571179798983,0.8110155695790013,0.08742109026584106,0.11671483085705864,0.11129535405690873,0.15004199644579444,0.10786026233938271,0.10828836324862479,0.12579152181369996,0.11249834068780251,0.4941109180453903,0.07172141659509049,0.0888305115388655,0.03590754345229854,0.16333700613011834,0.11444903504288291
U_4850,0.2384424638437428,0.33248323905684074,0.47039764205756357,0.1302535795830807,0.18726713386693972,0.3972719708307996,0.22663471821702605,0.23025525070531008,0.337952865996012,0.10974348801050664,0.09896160584499838,0.12088294571828052,0.2727522136124426,0.2924285186358072,0.1925502611194609,0.045898397964300536,0.25565755944804547
U_4851,0.3145005105530531,0.2586376351000737,0.6011178979439973,0.03850766488221918,0.04139732314634293,0.16825447149929318,0.06715966233109623,0.0986656094311363,0.7553786287859232,0.05936264302110134,0.05591540796139562,0.08451049062341112,0.1586614975253768,0.17170111432369284,0.276149752066069,0.03961000774425533,0.14101929007179909
U_4852,0.28093659712610297,0.2874375024980534,0.21716601548480707,0.05509155258022817,0.06618854730808674,0.2995336809458717,0.5518433134639773,0.6795663078288454,0.05821829999415206,0.06024493620173085,0.06296695849537967,0.10042929114126127,0.12765200604819218,0.1705813362511241,0.2548197625369542,0.04450339542778803,0.20902494914442296
U_4853,0.17911464562794413,0.22546734257363413,0.18977890044809032,0.06841972371418659,0.06827152354352684,0.9671946475573381,0.2849985280730887,0.4345509301061018,0.11892116114794984,0.09182692844000279,0.09559877066330527,0.08418572501455773,0.1548712772103475,0.1744942907188679,0.08049581914004622,0.03472863499473036,0.1568450078931829
U_4854,0.25811588908290795,0.20390772740032667,0.20395271286959002,0.033572579569178966,0.024727788646943485,0.54866737265193,0.04856450838358404,0.36196154700331407,0.026733439992337647,0.04665200797664932,0.040270559168491565,0.04021177588592525,0.10815692091319269,0.8038414899645392,0.7176840552594306,0.028250121266879105,0.12666646973513904
U_4855,0.24668326564441534,0.24763846336672707,0.24216786814237715,0.04621049090827614,0.04802976040289911,0.927055971367803,0.07463030601753955,0.415280995086648,0.03181819956320853,0.06125263243895386,0.04923820178028006,0.07077368265786668,0.100672054565346,0.15168496126665448,0.22953683035803032,0.02722584926638586,0.3476683835302955
U_4856,0.02007228433248829,0.13267184788895794,0.10707998584795914,0.06517352058830825,0.07610071114918265,0.10759234022018269,0.16283622851240842,0.11076880447113506,0.8787411333333952,0.18803392550299253,0.06672791298078279,0.5463309867653581,0.1475209208306192,0.13541379484570915,0.04673386269755837,0.2921882290607285,0.12465031816015348
U_4857,0.26447974560657395,0.08395204286476902,0.40747059517766765,0.06431346113560338,0.10288952791713846,0.18991661935745946,0.12598764047933791,0.10410594271785371,0.5571142678987213,0.10676062628507976,0.10476966596968763,0.747945394836387,0.10786640147109748,0.0965528670964495,0.086073563020491,0.040615901976494395,0.12190437269788892
U_4858,0.23214919811415397,0.216177295569323,0.22885694487157054,0.051685830786014214,0.05361801342375593,0.2029490899209412,0.09127237631815878,0.1257397701650306,0.14162024332697903,0.3724290859141306,0.054052928810339504,0.787368658753457,0.11101980154048711,0.1423594301511386,0.09967388237129636,0.031787023451757816,0.6569493726372946
U_4859,0.32276630838624015,0.31679141050534243,0.2877900964991467,0.04442521305507863,0.05409817437165092,0.17127951097836705,0.07845660154686204,0.12669459843957007,0.7511898415252818,0.08434403654071278,0.06243306945550749,0.06706810953354257,0.16540747744674092,0.19282542282564386,0.2793057646803495,0.07192890032651791,0.174991450556657
U_4860,0.09577049260001329,0.469409639356969,0.1721975400713172,0.03964233215629567,0.05182226023631946,0.7417587898114884,0.24100124485295885,0.09650257236523327,0.25059918983929136,0.09135610353827614,0.05262571839639005,0.13274275213271788,0.12027576449049088,0.1223225599529141,0.07600783738872556,0.08111998601199218,0.11123354289450885
U_4861,0.09613939872171845,0.1786657687621388,0.19128862097266033,0.09619089088292157,0.1164132172667112,0.18751436104643177,0.18928915733437737,0.16754829172096958,0.22200857322186968,0.8103702848760928,0.08560690643927456,0.44795953350291384,0.17280468753633302,0.1676151860146249,0.0771981520961895,0.03549944212357613,0.14484218715614763
U_4862,0.08328887928791977,0.15512446107140085,0.796565341105324,0.09764153432217272,0.1404654402122796,0.21491713549902347,0.18982344357728945,0.17913254249439722,0.19305042121143018,0.09341479583262871,0.09437975923418698,0.6305779889076781,0.20971339854377197,0.21233997771122384,0.10369271933015335,0.03944158856655125,0.15547859360402597
U_4863,0.25803127452502894,0.5437286264565966,0.2126487132945654,0.04049075587996155,0.1276532379949081,0.10447179425309198,0.3177654939479903,0.09267606039098054,0.03521423598246379,0.06537847915078815,0.05245049156920496,0.035719377119442765,0.10525754480721936,0.5113487072876313,0.8742186842268951,0.013543851508833048,0.09540950434931406
U_4864,0.41570139901215303,0.3070010502170207,0.29682271593016496,0.06731460414374521,0.06640523136048729,0.7465909065092768,0.07304535281319183,0.1015837543424696,0.05832236055957457,0.07611675654092655,0.06603183115891514,0.0690075168951251,0.18049266076263829,0.18909311527801784,0.29914091364776124,0.03518436459830997,0.14751385741764683
U_4865,0.3125640795545367,0.43056581027932395,0.29545866858182185,0.0426773255510122,0.32843242330076783,0.47467666700264644,0.054622477377999065,0.09271041228465275,0.41770771985017213,0.18454689435559166,0.05244508656780671,0.04515358522267501,0.12960403476867544,0.906323895496985,0.45715368056944133,0.031839791700130675,0.12369092410538304
U_4866,0.4580815184479099,0.8741219809858316,0.2502717400170811,0.04985410299533643,0.058521196695641625,0.21350979273392284,0.08379094841972624,0.09247649889199575,0.045267921584179964,0.0623712751904352,0.05691875953062861,0.07409298543307177,0.15990434003818763,0.18248216739294007,0.3010210594054506,0.04726427081403343,0.1507827278090238
U_4867,0.2612707521297573,0.25000849040469647,0.7743078956841125,0.036429973253480644,0.3888535704182693,0.19871929722545362,0.29545826971900885,0.30817824537859034,0.09121821036382993,0.07459740894766499,0.07452089292149214,0.06376174987531733,0.1432966948422767,0.1606044982849128,0.19354591172994057,0.021699048461867352,0.12733692937120986
U_4868,0.5427140777805322,0.4425477493102389,0.54135820725957,0.043693630707338456,0.057584257174507505,0.46249187472767517,0.09251628160397649,0.15152829774094276,0.047482313904408636,0.0819261628432366,0.05682191306057128,0.06635449459127563,0.20030066847997033,0.2521084390317264,0.515567972824035,0.04367857041717847,0.25421271881057667
U_4869,0.08149463031806067,0.30620527246115115,0.22202579451518883,0.13577690216444954,0.2281782719733282,0.20647619113825139,0.1396944083308038,0.17973222358972638,0.1772381721974096,0.32163666403879526,0.31808197261743815,0.3811130873338852,0.23457636822653122,0.29287666064811474,0.10891570990838174,0.3098552665434435,0.26314331748624753
U_4870,0.24558061532871864,0.2245772121943382,0.2735251419227113,0.03538558391170146,0.04122792777085732,0.1983614242562678,0.3055339582330558,0.1116169311069259,0.03233492474639313,0.04329682186691955,0.04856839490350269,0.03942153123875406,0.12862362403742672,0.7755681844163886,0.6116289801056929,0.040344076837492526,0.1505377449798905
U_4871,0.11637978043636216,0.12282932824462682,0.43891513742054766,0.02936939116477947,0.16129838987969713,0.10163466848484948,0.32238767107694544,0.10195997873967667,0.7710543028560044,0.20423834562492849,0.04588192122130265,0.4712815599260788,0.14285712258520572,0.131625484727788,0.0531604147871325,0.16237472226277755,0.09983619048305915
U_4872,0.5116577793289403,0.4282641146824555,0.4549949940080709,0.034901419974899685,0.04560239574427592,0.5779061839979227,0.08440317944817702,0.1618508291783279,0.05369223742335615,0.08602801011344531,0.0512138846775883,0.06671025961197892,0.18364338924395618,0.26024035589683964,0.4610993558245459,0.07113761372837932,0.22621715299863557
U_4873,0.20974124381065828,0.27498619143701575,0.3014644121942132,0.04900357514653657,0.0564301840280572,0.25711867562468504,0.08918901477237218,0.12572404134216772,0.11845908409635589,0.05262035446744953,0.05967666567999193,0.07392396578125808,0.15438111414030584,0.1751644160259913,0.12055899466290862,0.5049322152232194,0.7831111246849469
U_4874,0.2485439415164839,0.6246096420071574,0.16938628618829943,0.04755399911757749,0.04509874792634601,0.7495799991038159,0.062334325472648416,0.11278000405174765,0.05467679758762192,0.07056956728307408,0.053514587671905804,0.05470834183563256,0.13197222612876425,0.15686522969185596,0.22277905260364583,0.030792968420972927,0.7149617959405523
U_4875,0.27425962886454985,0.9072775081611639,0.2719344980631988,0.032324840582493505,0.03466508681880552,0.14534678112889451,0.07555918384421305,0.0975193336277204,0.33864981474466993,0.08452304652544068,0.049873126271933375,0.06960281338646268,0.14311330185967308,0.16784140847770723,0.2286816843787517,0.3242305530325912,0.11910772745799869
U_4876,0.05440244486729344,0.06464468752249024,0.1226599016043876,0.10068798908362105,0.3844803956673839,0.06917456926452528,0.5005581365849772,0.14381021555253248,0.24491537605319036,0.07394130228289225,0.08722189232633293,0.1432984474479649,0.08085738610828283,0.12409193131552651,0.06270854982637573,0.9462978781811959,0.13526340650527757
U_4877,0.04538615381726838,0.0809551209421716,0.12880877158851967,0.13582523192050208,0.2208992898875859,0.12472162642702062,0.166641404865477,0.17902012504729262,0.1225621695912512,0.20482944960174398,0.20146045046884187,0.18196858982094438,0.1299914195390564,0.17556513054080986,0.07068070166284626,0.6696116542860606,0.25127010973014907
U_4878,0.05954326710101687,0.0825263667532599,0.0883081303629518,0.09692946281583979,0.13491902468836667,0.47146884928914146,0.09191705171549809,0.13227832560760933,0.0398730048680435,0.06453079970245648,0.059194201028492766,0.4138176542501794,0.08538407621457862,0.10364963252047853,0.11126985322552266,0.4741930410113601,0.7436532893143681
U_4879,0.3679018398098757,0.2977849611578227,0.7337073084617292,0.05903155208704907,0.047414487232488096,0.15383903816207686,0.06537450178251752,0.12034768492435555,0.061500697662453696,0.07563600200568078,0.07420434435587418,0.06275135999325898,0.13884716208371828,0.29489701364150445,0.3071143414893733,0.05283752877116272,0.14416435399462782
U_4880,0.029536410033825733,0.04676835086150755,0.08967367576948373,0.08169476689510126,0.13851446783936272,0.16085362302364847,0.6126656831152137,0.3938320773114911,0.4003996269509839,0.20089154129171444,0.18974117769772353,0.19702262341545523,0.12133988632004712,0.1291514681225005,0.053178544618732046,0.3533121918178393,0.11692361389224978
U_4881,0.06338136458531332,0.17002922486818703,0.20689304755740753,0.11179534291547816,0.14569774832836685,0.2383169818103237,0.19948478394381033,0.17012719971450033,0.24286629979865892,0.8297380867344273,0.10717026146442162,0.0924343093926688,0.26806499318266225,0.19365145711080303,0.10182344237524485,0.048468576557266045,0.16426836734936665
U_4882,0.34989723227863007,0.3360418207698676,0.31766348634265745,0.0561674917331469,0.06061695299951362,0.17723977283842432,0.7847221665845985,0.10644119615604403,0.06370049868764263,0.06620581546691855,0.07040979692424632,0.08060667763710305,0.183361623646056,0.18663156211023257,0.2971267192749676,0.05248123615899787,0.1571733861425746
U_4883,0.16672249581318152,0.17002522516260868,0.41793741645593235,0.034210295922616145,0.026097009593754418,0.28058222058058196,0.12977912980802547,0.0872089837249105,0.05213720469517322,0.11063992441906587,0.038274864857959105,0.4721904484997828,0.08883233554826718,0.10253201057060081,0.09324816819166536,0.4347345901642467,0.868528809850061
U_4884,0.26685814331383784,0.389772182374062,0.33639966141277133,0.017755164084098086,0.34206248611958806,0.2755742068350574,0.0731490249143832,0.09602755916432,0.17862314635323548,0.44733858438779406,0.07096143231030844,0.2953988073721477,0.1538222065410987,0.194249752784497,0.19696106639284894,0.15946770416292746,0.19307236248201193
U_4885,0.21701236751444242,0.17970729019040826,0.5648268682991877,0.0763271745150382,0.06990373179214153,1.0,0.16654459677237,0.1463240696730527,0.07288074617394727,0.06980788136859781,0.06555335680508265,0.061770334737601795,0.15955965701388197,0.1659743242137535,0.12199428268702979,0.04079464642420717,0.16652662594794998
U_4886,0.5286020622341479,0.4494231648131207,0.4995898252187064,0.04823794473254639,0.07564702548630693,0.24287387861455711,0.059506166365295744,0.150219112448923,0.056100551666003806,0.09538620013182758,0.06290043383852695,0.07283739023556901,0.2246100789657486,0.29156121866364765,0.5473113221408856,0.05174925504390876,0.2185833757185799
U_4887,0.27178782798463325,0.28288965593671145,0.2949742902006088,0.03839543596909262,0.06753820894535925,0.18965890096207305,0.11503258584207476,0.11156765635576572,0.14501836839619545,0.06383552504539344,0.05456952846282451,0.0831946309389712,0.1427970798151688,0.20796771801687222,0.16032811624893595,0.5608998498326705,0.6942002179888973
U_4888,0.048928351636318396,0.04344406638979147,0.11618878873434711,0.08011076408282479,0.17318911783688473,0.08716888628508618,0.119282147760461,0.5503807615596603,0.3486749462835644,0.18926603977224218,0.1968823341550735,0.25724464458224217,0.12901099510594585,0.1936403743590995,0.08735456380350198,0.33022478197089544,0.20733167842239764
U_4889,0.3260495239290811,0.33086505343879136,0.32552268319207944,0.0369944916641319,0.049726498823293816,0.2498328757502623,0.7873542756387713,0.13949231417539304,0.04692050948554174,0.0854619666364579,0.06674150236544839,0.06439229746712717,0.14672751443039936,0.19754851202463986,0.34870436954676814,0.06628412249151172,0.1939358689523512
U_4890,0.23968237202819367,0.2193813366307481,0.3180947722080973,0.0839983620216721,0.0880264209309679,0.2878704554452602,0.12784359883785676,0.7995330674102474,0.04887055632381956,0.06619103536185246,0.08786803289725267,0.04862404227913274,0.13973986963982823,0.17126049424476542,0.16406785755953923,0.02900971742915044,0.6438350247774094
U_4891,0.03648488107484484,0.11949145106468054,0.20971014939249943,0.04380113562687622,0.19075623041473164,0.7437937298772417,0.12229711393864126,0.23293714201658638,0.5815467062275945,0.31898582933449476,0.04337134677454019,0.4102436668637435,0.13775257005869562,0.12614656974955396,0.028327462093790633,0.10834434583958222,0.10019876432652063
U_4892,0.055339047329262335,0.03495402736381563,0.15076890587574365,0.09230647457973423,0.1398701813913963,0.06483317691966745,0.11383898853426644,0.5638248052205674,0.3765122391704236,0.13675640096978328,0.13460484626024147,0.8594037922365219,0.07334286758832936,0.1093774684903786,0.05068061876934351,0.2963243528002318,0.15152157873128994
U_4893,0.35962542184153756,0.25952018730042986,0.3061383210769932,0.044182635992331486,0.03410482910902203,0.625815579161799,0.37365973877023634,0.12286023061646494,0.03786117156380896,0.2772310503268269,0.0538030867997063,0.07235763129861188,0.1506675313233453,0.16048232073274438,0.24992346881910626,0.22992763743885192,0.12609282211375555
U_4894,0.22360522883606315,0.17950870425858362,0.3033025087697707,0.06690977809042549,0.08306101511429907,0.594059807632628,0.15732891331265694,0.12348961051241164,0.7233430492431479,0.061862358069830356,0.054883527686044015,0.10599447765501896,0.12488619479907961,0.17798327025881475,0.12084690077788376,0.03170898243243032,0.4120667365210567
U_4895,0.18857046590818152,0.1954884765318853,0.19847387079472467,0.031240737298266347,0.03495700858828602,0.8689952249673176,0.07936950778801258,0.10015596337075545,0.12964519532998536,0.05982655141274768,0.04229998070481069,0.060667928289443576,0.12033220828499414,0.12550036282309848,0.1136558465717473,0.0446654461655072,0.6992301269338763
U_4896,0.08675535015352101,0.10499321428920654,0.17396437061275943,0.11634534506452687,0.1271052874561408,0.19880790134822257,0.1870981972277202,0.1372542746950602,0.8225835498229468,0.09787455457524374,0.08596814267544478,0.08880931539884303,0.14960822008971764,0.16340470228874202,0.09870605300701185,0.05099137481131995,0.15451197342332107
U_4897,0.2171729792989135,0.21706604315983874,0.18516633178712932,0.03256127748593704,0.3196013964614222,0.8523960852554076,0.06252545245009622,0.0972771142449928,0.045843465857210663,0.05325464035575745,0.042360432046743016,0.08586654274203362,0.10881589274332522,0.16339226006112112,0.24069858990902526,0.2918416793493753,0.4205550435093594
U_4898,0.031962895724374135,0.06989224857874185,0.40562213055178686,0.10863400578826998,0.1499863282026605,0.12985624775364554,0.08904866650327756,0.11754224026319222,0.6283850230115375,0.13635816448332633,0.13415693011000307,0.5853010664544911,0.11142109843476435,0.13980734423608152,0.0602647823202818,0.4514653975799295,0.1521174872353984
U_4899,0.1500350669560285,0.16725956939290637,0.24403146616677526,0.08089451386977999,0.08916929182996991,0.8632966272980411,0.13168614961422478,0.12459968383761885,0.48587645227446147,0.07300908601631004,0.07189299273405861,0.056580391503070954,0.14761933700259883,0.13875283086104237,0.10043435825744479,0.03890403897818878,0.4780588881347415
U_4900,0.16680672014207934,0.22994577273425992,0.23145601758937834,0.07216279026601659,0.067028014599339,0.26853645015664585,0.1495728221980695,0.5863974855330085,0.1324480244902405,0.08489373504563519,0.07699746678325828,0.7565230008319528,0.15839319682588204,0.2032439981561649,0.23498198672287302,0.034799792283892725,0.142802349876997
U_4901,0.2175133921872071,0.5445443879719332,0.2405224412007023,0.0442252508640251,0.054934335168321184,0.21496555767599476,0.20508321245969396,0.10686494078880615,0.46113150460382385,0.05181667674978444,0.04475860748435381,0.31103935743158095,0.11972470837746033,0.1335437032745048,0.2299838294109483,0.03447735592593813,0.650549672098109
U_4902,0.24041391253001415,0.5860388049962568,0.2637761022503839,0.02565256148321355,0.2735927789039248,0.7315720678697013,0.04808761325745337,0.09208098942120199,0.26391510634384935,0.06041796885304036,0.04411170554892881,0.36485727724633116,0.1335733305202224,0.14905390730341456,0.25324988180846897,0.041854567658287864,0.10125428746011728
U_4903,0.1977404443772115,0.16070875913052596,0.23828194938051794,0.06734956092263274,0.09471228243171587,0.20037191023827872,0.17551312594733512,0.13324616666365335,0.5973357590125583,0.5092368667740803,0.054366521308336954,0.1319889463958887,0.12483313484194208,0.17149495996048883,0.09392533643900919,0.05361691222877999,0.5512505713271465
U_4904,0.17919976596744747,0.20898409375094706,0.20142482373723916,0.03258999897266736,0.38309435247259543,0.7525443064300403,0.368179898685785,0.10322110984949108,0.3590143401572972,0.05523107566511334,0.04768326522522312,0.08147284602771987,0.1160516183945142,0.1553927789807621,0.10553558841161062,0.03767207802661975,0.5263229119285648
U_4905,0.37194775989678536,0.3577760490415121,0.3202239953646089,0.04125129393898081,0.04377604330190186,0.19692715470525704,0.07870628190473175,0.10689791036831982,0.061322556541376944,0.07277291360869559,0.06932427598899463,0.07892931055537229,0.17198858032133094,0.19772828241624388,0.33197358753562084,0.6724441195680666,0.16752299463922893
U_4906,0.060346461690184615,0.08387445018086576,0.14613298585442286,0.12523232212882413,0.20781596893320975,0.25815262408046424,0.13743558333566325,0.1840376806096976,0.13518350930275147,0.20877817263586834,0.21835516596888677,0.2653011058525861,0.1870192834893151,0.24035145265507513,0.09271132120116209,0.4158499557523242,0.26091510592386
U_4907,0.030478882759236138,0.09415592862757333,0.10695033666304625,0.08719541502159338,0.18317214270016757,0.14243228874806624,0.1215741333204047,0.13239094610290314,0.06418920854596324,0.2074628877067225,0.2212911353877431,0.21658980736270536,0.13305204601258963,0.1364978036744804,0.08019235462171365,0.9495906617390584,0.18600227164784047
U_4908,0.048497744335898055,0.05990286281149718,0.08045900966637133,0.10944269133288809,0.17916465309307184,0.20298352674716535,0.13248922999401358,0.15681598523205492,0.600198135346838,0.26928152551752377,0.2353802842408109,0.22713118111124875,0.14104636848030255,0.18074074082248434,0.07966384654490791,0.5213780567735016,0.20837137235571762
U_4909,0.21254431103050636,0.35755182456535667,0.22667897261845354,0.028044806017732328,0.030230377902451658,0.7363468028466786,0.06407520079192353,0.2631722851147746,0.03448055226714369,0.04384044121662833,0.039341100169422535,0.5939695074831499,0.13678661375717416,0.1415117225808693,0.24129147629177278,0.026166725890704436,0.6101163141110852
U_4910,0.03637857867099936,0.09954120195883534,0.07636728423928427,0.1386708118400708,0.19620423471788784,0.11755475009013194,0.11990965890330067,0.14097640400327244,0.09645641902961383,0.2013858939256925,0.27037813860749527,0.924870990012012,0.11747877351692357,0.17347907249040806,0.07569487363561468,0.3616350686003627,0.1761342539118566
U_4911,0.29250195806313706,0.2405521433515212,0.24314589158036815,0.053610566694608244,0.04504202229348841,0.48097670451181124,0.06497740072850419,0.10567022337092202,0.555511352878201,0.3248256556735422,0.06455098256340917,0.05010025689519558,0.13948773672287085,0.14318923773683354,0.22679154695020406,0.016706661002107173,0.570937971205848
U_4912,0.21961796232726494,0.9324446172809531,0.2453524588302597,0.028574940817384868,0.03274974942576628,0.14771639271982634,0.05700463693245835,0.3902390429560956,0.04309668501267126,0.060441792901129957,0.0431307230458184,0.4200733062146627,0.12753128494977575,0.16353455131886602,0.23063045907965518,0.17966121639472946,0.09849687640940971
U_4913,0.478810780653072,0.3336815889269788,0.34340135495500823,0.041710856031036754,0.03590316370209775,0.23829101786028586,0.08233934931367613,0.1400319274220156,0.1695603349575514,0.08518263004799992,0.06609870839507664,0.10284338697137677,0.19918408590265055,0.22231806388891376,0.36022783602654845,0.0916942606372984,0.1780963469985889
U_4914,0.3131533154116251,0.2854322678387259,0.30556143035439365,0.02695487433411705,0.05504470045671816,0.2376170298647835,0.08321480513479036,0.10186158179050195,0.03573532906225268,0.0642167723167312,0.05346506503290984,0.08251535734059172,0.1580992330204673,0.21294502850333247,0.2997635046996781,0.5748696497270547,0.6389829061406032
U_4915,0.08794000345848024,0.39699720701029995,0.2185126310132095,0.10311361712635382,0.15381793976258523,0.40165102185485874,0.19731261327089786,0.18819178360767846,0.2920016369230976,0.11537773674032488,0.1213724932205106,0.09808105060345242,0.30967009673426993,0.2584647896512454,0.13778794496411045,0.05341727849178652,0.33674723124675593
U_4916,0.061522425701030545,0.09436122295327233,0.13033282917212086,0.11353744875016783,0.15980499336838888,0.6363575662938663,0.11110919218706239,0.22923997350331746,0.04994486956570288,0.08300189323544764,0.07684764639189028,0.07028077928845607,0.11060141271132205,0.17240718066123256,0.36196317679856266,0.41271655269206325,0.20269850648119667
U_4917,0.030992284588418156,0.052862674649338415,0.6569507635614042,0.08209758582727474,0.15642078893284528,0.14036365034321505,0.099587648289276,0.1353896355310132,0.08737658003323746,0.14681265230529553,0.156900924096036,0.4644235538776788,0.08020882878641167,0.11640890259737262,0.05094538258356481,0.8026137618246882,0.14058291721457977
U_4918,0.2102328960831516,0.16462445665318462,0.23408052887942837,0.05831408333680624,0.07114594667171918,0.24435196404400605,0.14963665860113023,0.13312530836742076,0.43639435012058875,0.5050107017844179,0.062277623103649676,0.07296732423555102,0.13414656056355898,0.14646310635509677,0.11360510732568968,0.053070347319597,0.7794548647390389
U_4919,0.29424660000580216,0.24736486965174537,0.26838871847108137,0.04260993813477409,0.03315391656101668,0.11234986564035465,0.04304161924825772,0.08772591378338747,0.034361260399381366,0.2608630341263782,0.04540133810989582,0.035385022953261576,0.1252077428026715,0.832181985750212,0.5781533599369064,0.04603430531444514,0.18799462117566654
U_4920,0.06427148199539183,0.26839819120807634,0.278277430026109,0.10343418026347305,0.14679443611860918,0.20416168682149138,0.286954613477641,0.15471942953647244,0.30464033236164395,0.08555471258367033,0.0957889913230425,0.07828950725742176,0.21943912754017506,0.21931686940786663,0.08815305699871497,0.5695757434476099,0.16610237706003456
U_4921,0.2539073581275906,0.4413072550739407,0.5431272330426453,0.031859850351100755,0.034055555400119064,0.19228656173594083,0.06647018151825441,0.11815078599338111,0.5616558035151276,0.06968022041937984,0.05306788757280136,0.06277021827379906,0.13033006065156508,0.14105989108251413,0.22839721355492468,0.03805534701894136,0.7768249915101098
U_4922,0.326519182617705,0.36287176568615354,0.303848956568098,0.0487759547809464,0.041239507554348125,0.2554344459089649,0.07162604980525956,0.10565870953549095,0.6933485339279193,0.07136799774457434,0.07067657053288878,0.08954548052283835,0.18223566366685676,0.19916271278515482,0.31594659960678556,0.0607055800568216,0.17375027620579442
U_4923,0.3613359573109632,0.31227717817372175,0.32969017138126083,0.04268315127844371,0.041534887996118784,0.13790433090145718,0.07828948966332244,0.10278939464291999,0.061737664231059294,0.07288346027440104,0.07502702698982991,0.8522086795231636,0.19204753770789312,0.1921397397284211,0.2820805553901597,0.06524808007483214,0.15843405691677587
U_4924,0.03257378904926152,0.05926682498411833,0.826051710170882,0.09543948769541583,0.15408011985573491,0.175920575038168,0.1325920424742867,0.15414734540514408,0.1216857011636259,0.1844134544649646,0.17336670279704913,0.30023685962546,0.13545942013841006,0.1506305655068575,0.061951274970603556,0.7514339759470776,0.16306381789847807
U_4925,0.3202385574435708,0.28184615606782026,0.8050899429813332,0.047828161344968576,0.05290535802637872,0.2505197902498857,0.06796286510742416,0.10486014052748821,0.05960231466012039,0.07711256689208776,0.082205526827241,0.054198341069650824,0.14981006086360513,0.18347237332214503,0.35662078124429936,0.0538474689456736,0.1605938517439995
U_4926,0.24115483856448022,0.2835233451241969,0.17685575051422306,0.042447362412688164,0.06728735046182177,0.22296558873519054,0.10014294071684342,0.1331435133987768,0.04903789977661738,0.06332765791050479,0.054939671620573054,0.09042849879570695,0.16247433409051734,0.2116020076760995,0.15447480398765068,0.5485997676848928,0.7054367320055328
U_4927,0.19874075790307608,0.20495387543213706,0.16714097778876816,0.03162981450879012,0.02680107146551906,0.6057040395040789,0.0706790867160331,0.12310436682535565,0.7146780977643237,0.06407199309790343,0.049036758323441086,0.065596247314065,0.1224996094726688,0.14052766815356246,0.13013903931864804,0.2341052557997042,0.6761508623594041
U_4928,0.039159771503408894,0.04417484460845633,0.1620348083287247,0.08778830704828286,0.17785474937245435,0.7251519481085806,0.12909871624580252,0.18790398546358716,0.08942972266655544,0.18963191557293888,0.17688868157385226,0.164845665332374,0.11439583977053162,0.1311398628315183,0.05406109388051109,0.445808222751054,0.17476006575638198
U_4929,0.3881899985233843,0.31842117553473387,0.30461439691244957,0.047951864543801306,0.04933679132944532,0.1566538739917664,0.06187809259238446,0.11337404779205279,0.77610144772465,0.058076189542067315,0.06582376675945416,0.07185645123861269,0.16295504514092346,0.20995220253505617,0.3451980182709026,0.050574422836915454,0.14251211828063384
U_4930,0.22652182256063474,0.1977102820674295,0.5276148920976833,0.021364044364388064,0.022209041909684195,0.11167359231920722,0.039924283849479346,0.1680577547300148,0.1478804205425473,0.04815837074531404,0.04161211485017472,0.26188769616256646,0.10753665567210759,0.30582143582146937,0.8368674427727634,0.022977584268073243,0.1332276608845791
U_4931,0.032317630927160716,0.054508904029102974,0.16861906193300705,0.08787399287166847,0.18204271349907705,0.8561805386640065,0.1310450830942227,0.16118672097091352,0.12695278374820151,0.24365777192391205,0.2366593940790384,0.23235281656614765,0.15185241171143343,0.18625900539673365,0.059385325803112815,0.39689473341376724,0.18469834987324776
U_4932,0.23611465055127656,0.21330124037047168,0.21748297095247032,0.03841157668429647,0.03221791313261678,0.17447070658238648,0.04497769154724421,0.0805319227473131,0.028182591703666052,0.03595322758670359,0.03361866304291133,0.5997536827570735,0.12502200507658473,0.8564770567119788,0.4955228909156996,0.026025849941205163,0.1513600566014727
U_4933,0.14837840703122568,0.21467541283857722,0.3777257035087479,0.14961289998213714,0.19831469737125482,0.4085217758067151,0.24397162808950185,0.27291704043043075,0.3616256530622377,0.2512311521981983,0.25145939795973427,0.14791340472000486,0.31330277620301594,0.3398849252999196,0.1526093391330961,0.06784063495077675,0.24101780074272905
U_4934,0.06176759127796594,0.12964331848089442,0.13303100435053494,0.1467499421038298,0.16774910804187845,0.1393187007875587,0.16028996129096118,0.15878487682979364,0.12267455537803929,0.6640369685298648,0.09949989925232156,0.08395477601882845,0.13969936926596732,0.17264062215969234,0.11193956450228107,0.47912385058633733,0.1787581174588578
U_4935,0.06339399498101465,0.2175484683178622,0.21822523909365701,0.11848338801790458,0.13710656039909289,0.18761003381407715,0.27249201294040676,0.1608186758780427,0.23561687681536092,0.7092273038606147,0.09352476346081383,0.10224256647362925,0.24485573112336997,0.20139912398848547,0.10175733669116757,0.046600025909876074,0.18028960657453177
U_4936,0.31692204915917377,0.2594128057128268,0.3031028300100584,0.02513572197859355,0.03411269679958163,0.38885475353013416,0.23634215811500656,0.09703313442134069,0.45387604982871993,0.060001375108453166,0.04324269496864019,0.27814920674702537,0.12898720159178137,0.16159835825102195,0.2516713475785884,0.4204693052541939,0.15205148960845452
U_4937,0.35097871204540504,0.32036107364392413,0.9416827223550357,0.05897848627044894,0.050622885948040604,0.14612197609991748,0.06909888766884378,0.11667282142558602,0.05479772725959134,0.0732736291495748,0.08141854636238037,0.08783740443755032,0.12369585125785212,0.18701638636283377,0.23613833092361605,0.04717555219971541,0.13262525441926765
U_4938,0.32602424643275446,0.23420380002921734,0.3048264103771787,0.06864473415288566,0.07050799930741773,0.24643967914669127,0.2055712319106109,0.1510780731049347,0.08925917525127737,0.0719181352767464,0.046268123827264473,0.13314732113685174,0.13934588463716832,0.17742111600570762,0.17298094150289978,0.6314089547959889,0.1886849853654725
U_4939,0.25144739451683373,0.22872836907264277,0.2672515317062821,0.04630682959287282,0.0487299983219483,0.18793159777950608,0.10627483185187443,0.10213904652328837,0.06771187654965044,0.06073739184687402,0.04994118162342287,0.5041943950157417,0.13162391890914107,0.15575913294560684,0.22136174393217584,0.019953624822407177,0.8400238900833461
U_4940,0.3006826120146297,0.263633893229957,0.842861030764066,0.03840505344834858,0.04265761358992612,0.2167921598250825,0.06968193253555892,0.11609726382447381,0.05185002334001448,0.06320119004407825,0.05673459770555704,0.05818413555117946,0.14757220455495534,0.18339671565329002,0.23148941551318547,0.037154766498715915,0.7744804139282988
U_4941,0.08573056318424774,0.9121272537880296,0.14697623928055362,0.11557347340024329,0.14572062191148175,0.27992003997097986,0.2004215630131861,0.14322201129807954,0.18713877315205502,0.14427380943285106,0.14709030993248923,0.08515950503538633,0.2512540763996264,0.20005329937384383,0.09209355636728843,0.04418570067612618,0.17414213264487746
U_4942,0.1775919056588148,0.5912550373129786,0.22483237734074057,0.03543323934719072,0.055621764501450136,0.24928609710440952,0.09930586492444528,0.10800130087102494,0.6987595933568751,0.1067759015060911,0.09806892228464431,0.44922890002802035,0.11465897756614045,0.14295493810038107,0.10060664266535235,0.2489526848277993,0.1390866279177909
U_4943,0.21635682714778387,0.6081449873716125,0.7312242566744336,0.06680327954830943,0.07316809563440331,0.23976416387324515,0.1482848137982263,0.12852607428157078,0.05122225249409566,0.05619431437245007,0.05699955081901695,0.3030949334060183,0.12931723190368363,0.15638558308898648,0.13243720361068048,0.024541061084712747,0.376602928264312
U_4944,0.31086561053016804,0.25804298969615463,0.26675707324640413,0.038232806828885135,0.03806362466639315,0.1227492571543454,0.04856670217242277,0.09281154764890791,0.42125703208249954,0.04761650267958256,0.05263472326948373,0.06632335323936649,0.1475657813360082,0.7894457080373043,0.5286448679829661,0.030476781762732524,0.15636013243696092
U_4945,0.2969210925891405,0.26211299415533573,0.859426745145474,0.034795334617747885,0.36464844382975314,0.6114201405496438,0.06713979016387162,0.09929514333437266,0.06065563860603043,0.0688125583529745,0.05246179151072518,0.3665399297576645,0.14869330820920695,0.16780711320158098,0.2228248267754478,0.04018345734430177,0.09935027430409198
U_4946,0.08483072545378358,0.20406670282963593,0.8449684039921381,0.10407244703077762,0.12504869976638724,0.2122681885029065,0.16927370439890843,0.15592369827956126,0.21849646215369625,0.08556112048706303,0.0896477499561227,0.47277175624272016,0.1810960875669721,0.17744587549972873,0.08389919002935434,0.04259062713589218,0.17095895919848464
U_4947,0.08004615726891985,0.08142183969121597,0.6749167677882122,0.1099480083275665,0.13566070228666058,0.4843750195293017,0.1146524130440017,0.11052093341594389,0.18123482876319796,0.21476239779203163,0.2481996760446813,0.27870633897202646,0.05750031540009813,0.12107785182037704,0.06558652560016551,0.46722117042688927,0.11775287343027104
U_4948,0.20325814198548273,0.1883426952337781,0.24402128652793975,0.052173634595942014,0.47133193335180185,0.2516957772706573,0.13447789322628742,0.1262450210349365,0.7512421241755802,0.07526307361754989,0.07339415820966054,0.49050385477915354,0.15248898565498947,0.15449318012592334,0.09763697060390492,0.26254208240920535,0.14858355986756563
U_4949,0.3380533155652195,0.2648091711253372,0.6867970831286041,0.050128940877222,0.04750199160017127,0.13188767236635823,0.06469578927302713,0.0959996790365609,0.5549496954241226,0.06160881163712849,0.06374070149593696,0.048496014776010496,0.12992277468600857,0.1779238627463611,0.6209053132590887,0.03218996727928274,0.11938411177557455
U_4950,0.2472560872608002,0.8773730672117186,0.29866105365069173,0.0546507069295913,0.03549109515266588,0.2222166119402291,0.06110429346066068,0.11993451557900091,0.04779452940487389,0.052502186592901706,0.05913474564968969,0.05312293756973838,0.16080026093324018,0.17296175963069874,0.24898396582699184,0.02589011329260546,0.637515693089973
U_4951,0.22804591265094679,0.20058295749712626,0.22684709995019597,0.016918812258718594,0.036419379674441935,0.5201165953894056,0.07648413937942639,0.08389738217306633,0.34538253110451195,0.06733865505465073,0.055210418233429245,0.513873636119287,0.12004148465217573,0.14962428925228766,0.2552694922577642,0.02035692605499068,0.6599767385204052
U_4952,0.1316070383469029,0.665126845105559,0.6611410662082613,0.055275320796294304,0.256905256865532,0.14701642862732328,0.15486617411177242,0.13297948418205532,0.06819918082728876,0.08382438380076677,0.06431857594850927,0.5515348419527963,0.15787567129638652,0.16191224897756826,0.06274028169953803,0.21129343222702704,0.12653322639908549
U_4953,0.0403659846139732,0.4029926711788041,0.19089201831850783,0.03896860276712309,0.28039165126806825,0.38425832437299384,0.4113629792747813,0.10040711054857605,0.1754419407995313,0.5525668146590548,0.06025796955196101,0.4272920907385118,0.14048035048001342,0.14123484035780628,0.06752841231047423,0.3160519016825532,0.09118682116990441
U_4954,0.23588330040486688,0.21523551614434164,0.19376922069296404,0.035257424571542906,0.18164571776819283,0.44595618487883654,0.07384878107006047,0.11521897847878784,0.7539337863008488,0.31300696579040055,0.07045405996498542,0.2812645689554053,0.14330014064288296,0.15924972246789543,0.10114409560052676,0.02226185457126545,0.12101606406582271
U_4955,0.02846802566025303,0.032921625435654966,0.15770837421082626,0.08314245330777549,0.13239608363631258,0.1074363066659391,0.11333087234324846,0.35800645632474487,0.2999289276700871,0.14843339505612949,0.16222989166857235,0.8200121858853655,0.08091945832533595,0.1286023142493967,0.036972419366423856,0.24630680087135104,0.14756863487274086
U_4956,0.11706865782234534,0.22755946129897986,0.12110005443518879,0.04369423430563894,0.2607198658609853,0.1943774641986914,0.1324468138554455,0.13267245498478394,0.493716805265219,0.07355586728549623,0.07768638042485472,0.4409722162476324,0.15960621937305244,0.16706428981949142,0.0788974578159683,0.4133311557290431,0.15978812046665852
U_4957,0.09142786313492508,0.4295600267606499,0.31279875332851564,0.1002171052285866,0.13321519073156646,0.3675859298746566,0.2074987471039263,0.19175397931952431,0.350594782785108,0.10131475837324969,0.10759165813652997,0.10410236480368212,0.30233089373408173,0.25879581066697827,0.13221734208104166,0.0506826276229787,0.27231571920232983
U_4958,0.331334144081468,0.4211911042944188,0.28767996729797113,0.05560173755186058,0.05063034385332598,0.21359441650275518,0.07209403120543095,0.13210549361888488,0.054126892537370845,0.6939540087249458,0.07374437955143852,0.06946156828539152,0.14733633791062234,0.19944855011534918,0.3654550099800217,0.04510336360713761,0.14601432715048862
U_4959,0.18037260265737293,0.11270989018579297,0.7235367684679925,0.07031925062370678,0.08914450245975275,0.24006029876879342,0.1515251323238966,0.3348492127075231,0.13804705039721865,0.5301986742270612,0.09967038764400805,0.09585170487233564,0.1536662933188411,0.1682071842097258,0.09543186636290465,0.03113820907200565,0.16604547614462328
U_4960,0.17375495193822516,0.1937740333465907,0.22080892936555274,0.03409617271458105,0.06038198842015473,0.19371090153647563,0.07792878639081303,0.3180063280499657,0.8193967934290678,0.09917471588310686,0.09892754253990849,0.0826577440496542,0.15846656182275193,0.15739997243134043,0.15047334483563735,0.0386252693881986,0.12227525286820104
U_4961,0.31376638017998987,0.25535805894480085,0.2742125168258421,0.04542249526103994,0.03397418569574974,0.11267381406712622,0.04163920644285336,0.09287183328221355,0.03718003121683423,0.039478228292707654,0.04466526413041706,0.3772741453169509,0.12767129947992453,0.6958709700738381,0.680343844071863,0.03912426475925872,0.183374211442751
U_4962,0.2934230276517819,1.0,0.29080608136130065,0.04618211814222326,0.042852296213881404,0.28044731172763276,0.08321334994763226,0.12545578943935068,0.05808310329417564,0.07087823306452733,0.06535894693311585,0.07179161989635692,0.16162413067627437,0.19543119828543867,0.2608248423952482,0.03815821123854243,0.17290395777679213
U_4963,0.03793723854910075,0.04007884600771693,0.10248810706662223,0.07258506007674968,0.1582622096165597,0.14782765199409925,0.12831673461611193,0.15227952040216453,0.7484939604973695,0.18963731637808856,0.1848865606415364,0.19091044169810203,0.11652021534567768,0.15382342316941736,0.06318371727662861,0.2963211671478037,0.20841870316262046
U_4964,0.31294092193337947,0.253912918364167,0.3070682315749752,0.034751951833458125,0.4543799601106416,0.6898879967678155,0.07582367116593396,0.11646952555453825,0.07241471416831669,0.5222366840007289,0.062262971151058874,0.07280479485061796,0.13683628623038008,0.17814213440311993,0.28439177327600007,0.037111045888360505,0.1428706522107598
U_4965,0.4029818098233342,0.3957781562798404,0.44550886315149424,0.11116448531310387,0.11751818985881336,0.4731173497994726,0.26578428398885734,0.21659088355198977,0.07978579132669335,0.10841686332229795,0.0790244693159432,0.10588426255257119,0.2683018717752502,0.3073436004351202,0.2432584732939199,0.05688223027774201,0.295153647806041
U_4966,0.25224306157113296,0.19556008236366865,0.509555436562132,0.030410355184512607,0.15831526204893903,0.11177251930308772,0.1935664687449263,0.07991691254458201,0.029685233595753355,0.15414260984811734,0.04129781704757161,0.04367819692875201,0.09882336347464481,0.1366937842466746,0.8472822216959466,0.24679355508282474,0.09385147046661153
U_4967,0.42140452868110345,0.30017811351751505,0.31787266959968047,0.06191918453036044,0.056151414370884355,0.3066567735223868,0.798361611038632,0.10772248766597825,0.06049063187281761,0.07609511792242364,0.06434691271584829,0.07752075846225882,0.17369421791470063,0.17204232176362919,0.31492022755136745,0.03424203949835507,0.17106669490714768
U_4968,0.36284748394574606,0.3208328060204127,0.35436568047123507,0.05835127420113296,0.07146052207427517,0.1727091460317321,0.6704733682642952,0.125734207112114,0.06439559827513068,0.07700765321452975,0.08528619324869362,0.05926536023496115,0.142876494494076,0.19805692240473863,0.3620742928191656,0.06256832489080442,0.1409700509722935
U_4969,0.05227775894622817,0.0788089231473518,0.19816261476531322,0.04467708779870049,0.043700651510057156,0.3618195399255249,0.3196644146909416,0.11105592428310093,0.5101721690679779,0.22503644222143737,0.06582168385043041,0.35948108790856487,0.15753289840498974,0.15430444301423024,0.06971402677895049,0.20168998287446363,0.12033340973560569
U_4970,0.22592207089856148,0.2079627992308296,0.22882092102467036,0.0646225530976057,0.41521818973588515,1.0,0.09098564384508609,0.11947393604436087,0.049074240015008055,0.060629563116939025,0.04363617339701241,0.34778769812952365,0.14407409350678424,0.15355024259623412,0.17009289985378223,0.026604282707098036,0.12777179885251969
U_4971,0.19681271056082184,0.27941230888276924,0.2490407665547993,0.04749017530552027,0.1092199821459287,0.6755791106693918,0.08765982453764384,0.13323259495940465,0.8038576869374345,0.12541975316010265,0.11378236530176855,0.07414392589542147,0.18854208925802474,0.15807847782403558,0.11816515749969207,0.03975231522994896,0.1543795423568325
U_4972,0.04026212017350289,0.04757279658945113,0.09217944290975312,0.08217442240875511,0.13651040952328358,0.8453755041323494,0.6449726776805913,0.14247218856577584,0.11176813938891551,0.15592129723667458,0.1619987170012712,0.25261529076624173,0.1593641461302256,0.16942732117852746,0.05387883818426326,0.2532452636022247,0.13952885275403393
U_4973,0.02355482449916073,0.07816675263017049,0.08414887807356325,0.10140559785701399,0.18167860879506098,0.14599234782990347,0.5466838502328848,0.12644794338542478,0.09960154264138632,0.16583517740428494,0.17337429928042097,0.21429177203629055,0.12767289366208887,0.14551514831349835,0.07720964942330567,0.9689494229338185,0.1782481987046452
U_4974,0.30147244360541153,0.28857562108402585,0.29138141408612556,0.04767721263572512,0.06139187570510271,0.272448614194879,0.08554215194359036,0.1336759746472606,0.8461337838767924,0.08516406862360204,0.06791393931165692,0.11741916054566551,0.16675972904909053,0.18193144962596844,0.15311317976299857,0.06447089961732419,0.19159411839754623
U_4975,0.32512319531534933,0.7058016845873665,0.2545048819603742,0.040255291345948484,0.05203979019549444,0.1331813696634636,0.06374877468548429,0.098654552032599,0.04084556985806231,0.06359584477562577,0.05068891596149597,0.0489488278498139,0.1434298542664732,0.18312762020716142,0.5572782779764935,0.5040398704437745,0.12272411160664634
U_4976,0.37194617505044675,0.3242236338411269,0.3140471055584579,0.05380432854952329,0.05555813912760906,0.16250758382185304,0.08287063176765241,0.10092407617595095,0.7664452893866884,0.05588717934142348,0.08523810564932884,0.09041962973645581,0.21080885215070755,0.19290411485849096,0.3326062034852462,0.05202717340553286,0.10950084675005041
U_4977,0.23147718957076197,0.21601189161989987,0.22853213777629308,0.039208997443220726,0.04064113756386267,0.1522817884253067,0.4098587008690049,0.09082775553143271,0.024521786715803736,0.19488851087166115,0.04659757146972665,0.062193276338790404,0.10866435451476705,0.8793216732448828,0.49054941326135576,0.032058201304235756,0.1430617026734574
U_4978,0.29176900980274506,0.3030570106966793,0.29961444656312014,0.04902967235554804,0.05373080356080377,0.25907643512771644,0.0870183455368429,0.09035589018730908,0.7570456251346074,0.07035526927123865,0.07887425148068129,0.07728487690760866,0.21201440845686695,0.20777845348385304,0.3282118292238688,0.06122649130386869,0.12677490192981533
U_4979,0.03450358548509683,0.12635529654664715,0.6239350172314944,0.055785041452523734,0.3809765287827023,0.10977896982751632,0.12125695116035698,0.0903094241564263,0.780073351077581,0.1292122802878724,0.06465452986586666,0.5649980710942566,0.14220525990163457,0.13986554830523612,0.05845504784188562,0.008624968277570609,0.09942228923451844
U_4980,0.17657866215449403,0.9661929450248383,0.20979257231794737,0.03733940278534833,0.053618475180851236,0.16211180723113716,0.10698239794016724,0.10943196101655307,0.14879720106867242,0.09531834055840133,0.08590591078641013,0.058855949498035284,0.13408870617927904,0.15831779769304666,0.050890869517655014,0.23145227054964018,0.1309544158454617
U_4981,0.3158977765687474,1.0,0.24853765995095412,0.047938593751644686,0.046523889108854105,0.24495644993985877,0.07772668911779751,0.08266737963172364,0.059931448721582355,0.05899736534310816,0.059831763678773305,0.06974593977472882,0.15804468262876228,0.1734208388794994,0.3054625851902443,0.04372303487652364,0.15547719591230638
U_4982,0.0324574745681431,0.048553871618894184,0.1630508141228943,0.10424449031162923,0.16744737477829977,0.7379275174823898,0.12544593874731905,0.15894649740397143,0.6174791558404276,0.18827908549223712,0.19705723696787794,0.26543291300312677,0.1477537275627983,0.15731348106716295,0.07051557428422718,0.31887543682895414,0.15998000122655748
U_4983,0.07255613754644233,0.08474387672590229,0.1755311116630614,0.06623930002120873,0.09981382929119773,0.7254427276204449,0.49933082436239357,0.12495991331023312,0.34616555965159546,0.054662618578108634,0.08266810605137183,0.6333071528198828,0.14733047211165146,0.13288269189506072,0.06372980071927296,0.014609776966464007,0.10502798450660597
U_4984,0.27134094968546973,0.2230554031977519,0.24059098167582535,0.0343303690606253,0.04042101724702358,0.1319906440992755,0.269525195812063,0.09893432373147656,0.04889912218774716,0.07415080382030466,0.05895408268799726,0.8850898150453481,0.12978172254775552,0.15244492172846896,0.23284129033355197,0.032711272563516025,0.11486829548334442
U_4985,0.1239753477026666,0.22178756306674352,0.23488583322246995,0.05588721282533021,0.5415738830888988,0.8125321867311788,0.11358725757128287,0.12115512549735387,0.7409352101645885,0.05722625373537034,0.06729158080928244,0.06933617538405296,0.14840180457925298,0.15964476945702083,0.08719863140047818,0.040863197773506776,0.14189631101946487
U_4986,0.2321256114126196,0.398708104772647,0.8510630195578657,0.04486011015525724,0.03918666594742736,0.18541858493486846,0.05183088467782145,0.08254699466869372,0.2814786338157676,0.17852898874508177,0.044749343882365365,0.05547419143079196,0.11749563299584337,0.7154498362531345,0.5921139899289636,0.015204445720708712,0.09721402589879118
U_4987,0.269779708914177,0.6157034965459007,0.24395542083630825,0.016421835778603164,0.03239108458952949,0.23803269446345315,0.1314416471949174,0.06891218814335585,0.6105573459013189,0.06679980079301386,0.06708759331901193,0.6751785808689681,0.10902959611720349,0.14571761618183235,0.33027654890720975,0.3277648341316483,0.12648253205333151
U_4988,0.22096033746427798,0.8616755230554833,0.2575215451870559,0.08471005416734734,0.06912863812570583,0.2721679646632001,0.10685836433443356,0.12996591406790317,0.04904568197890338,0.055903908619739456,0.06514423961410272,0.05639647763029494,0.16760590397111078,0.17336852224598392,0.14755446717652915,0.026472717072418404,0.6698525371657216
U_4989,0.2808125830613183,0.24322012239547197,0.2613564145556045,0.040553139458911425,0.04042316189612035,0.10976868479542573,0.04317230983049507,0.095562150483919,0.03608165723327474,0.3082866779391423,0.047281755850064056,0.06723693568535127,0.10659332054672027,0.7249795787420579,0.6609279008509412,0.03561601428819058,0.15175575496861957
U_4990,0.035795063883277536,0.06286736992766083,0.1014008871640256,0.1025859845214083,0.16112057039154346,0.14771334403823777,0.1607606626652471,0.1491075279564568,0.12591235661396943,0.1776675429105831,0.18710215575321631,0.2042302901537619,0.11488943135422136,0.14155759849488675,0.06714008056264345,0.968611366474442,0.1634276302305131
U_4991,0.2516344286241636,0.15372401738159328,0.24448457464374604,0.06633095305693949,0.06671530318492472,0.17027337651726027,0.3891987420640799,0.13004699176683793,0.07729082679299615,0.41785623058054905,0.05391592906487632,0.397772761966568,0.12801993033655526,0.15135360167519515,0.12824733621911613,0.031235681263132926,0.8131374627332646
U_4992,0.2618395575457898,0.235159465468481,0.28740289612143477,0.05099241736496905,0.06467228024976092,0.8576297960252055,0.1151365681772783,0.11937495174719526,0.13771416721853433,0.05718262591137141,0.05447436361282194,0.12583302135098884,0.12242712921359908,0.1763885097327015,0.1262725617947776,0.028638320518994793,0.4896314861519602
U_4993,0.3006140428647955,0.32605212575644227,0.3176008600017512,0.04612144324528795,0.06644033742195589,0.21148703651954487,0.08239188281679252,0.7123309288641329,0.0339971776703379,0.054915164415284545,0.04982508948358621,0.048678442549707164,0.1324870572728954,0.17848569243486284,0.29914344954346433,0.04133382944700704,0.6301927159310465
U_4994,0.23557033524188625,0.25718465467236223,0.27367188678658316,0.04820983933224417,0.06326610178551365,0.2744201946394744,0.425051793236368,0.13076849143814484,0.07428610918714433,0.06864832659804485,0.07128663545450453,0.0648280780790268,0.1799771279207151,0.1661606576544949,0.13217674109271546,0.7007204374827964,0.16935377017433142
U_4995,0.1305921855520768,0.2586712889469281,0.2323324876299142,0.08169278502409415,0.0700901627332388,0.21308914512306298,0.12741361379720853,0.15399505972968003,0.10588667644076818,0.06727097635227297,0.05197516098171328,0.4874641995888321,0.14752855312741067,0.1716733060937448,0.09959208653497872,0.5500241848953624,0.15027553001846788
U_4996,0.01699972840256289,0.04137928460466991,0.08905674539591263,0.0782590736196337,0.13820768102195102,0.6378960190711582,0.3020300540724711,0.22475650426699773,0.5789786688103074,0.1782586422994315,0.19046198004473175,0.47758388902098303,0.09640136266581473,0.10578697735228995,0.034174823522766865,0.5183121919864089,0.12693620218831622
U_4997,0.3674359228044499,0.25139485168339276,0.29127005705629416,0.03971332036901125,0.04339202830089952,0.6051845904342663,0.07478378705911096,0.10475473294626736,0.08737931359810394,0.08156245500589497,0.05882862718091285,0.06346289273812704,0.1481176675175484,0.17221361315254405,0.3302081041387887,0.06034869984498514,0.15638272166503703
U_4998,0.00903040779862742,0.03197189073910862,0.38602898912195527,0.08106658210286077,0.24823320217617406,0.4522656336257547,0.08560158485934877,0.5259858695560673,0.08672653544840402,0.21726216163558115,0.13310731652355592,0.7569990211434601,0.10074902181049979,0.11130013625950853,0.04465605565933894,0.2328089549452395,0.11803431669187027
U_4999,0.06949382497749518,0.11192283354719029,0.35464774850882486,0.10108812854214778,0.23001303176778287,0.20238535167251173,0.14644892644245122,0.21674660474010937,0.1638118164059976,0.2977215258684621,0.28126054540613454,0.23788982418568802,0.1531534741107635,0.3026094674012945,0.0880358441681846,0.5367005428063727,0.2957373608284551
U_5000,0.05520817779293792,0.10900113606796318,0.10485268862079034,0.13843170711297031,0.1663552986757593,0.6160547250131976,0.13043959219213763,0.17798212786821851,0.08232965765592445,0.09558950775483481,0.11297674174985767,0.5217254257728583,0.13717751978923848,0.29973909027235274,0.11204870185722615,0.39492738674832784,0.173862632407749
