user_id,M_001,M_002,M_003,M_004,M_005,M_006,M_007,M_008,M_009,M_010,M_011,M_012,M_013,M_014,M_015,M_016,M_017
U_4001,0.0626778862870555,0.08590760502015181,0.08672618570746891,0.13323479260737137,0.1684220411999089,0.0885375417946319,0.10836394498841825,0.16194323783289377,0.06337374912140056,0.08451434803626427,0.08131999264527418,0.0662275810738961,0.087329290788371,0.13543378938458112,0.3933957566756659,0.9575048379813018,0.18734988976694106
U_4002,0.07233368763146295,0.1726018186744937,0.16181635264506267,0.09217451582757857,0.10680131092090106,0.17780621449217623,0.18742500087277217,0.15411611004027093,0.16257943639861022,0.11841136770597101,0.11961260266417792,0.9268914097097241,0.17535847577959407,0.17279971040955136,0.06534432711103073,0.02742662637155003,0.13608429512501358
U_4003,0.03012529464072319,0.07160247978173127,0.1137532092977327,0.10639611683420332,0.20599107244332426,0.16566724413730793,0.15172266862076655,0.14913644356832884,0.12357736159084859,0.24013689741754057,0.23708283836979885,0.8614199990792817,0.15048838519456056,0.18811417891540763,0.0675427288472246,0.34110514586657337,0.18436982794017892
U_4004,0.12870758000027557,0.2208750041098428,0.2422009604955287,0.0814697770143066,0.11264931060581651,0.9070916054038712,0.1473440012806527,0.14575158299245347,0.14858604017357832,0.4419406857555649,0.1003859541861333,0.08412867439279502,0.18954757395387833,0.16663103916876593,0.09121493338060932,0.05923098037958749,0.20684160109266805
U_4005,0.07422755957377065,0.12992541929793364,0.19826235000724024,0.10569668591673213,0.14838100032950133,0.2148149211636919,0.16411141420615324,0.18846287318425733,0.2544017036639791,0.7568628398167074,0.10002927812122507,0.6165024020286296,0.19281646945500186,0.2016017753590009,0.10981526281055816,0.04073405625432461,0.1670486406525151
U_4006,0.2329395396329789,0.17171811281556082,0.2253964085444746,0.021789748695311147,0.02457261466634986,0.6361256562710673,0.19012528080696622,0.20998890677963938,0.6141680658118658,0.049375263114073385,0.04191017109638471,0.7301977355843042,0.13810435360959045,0.134589405067873,0.3566917046226603,0.02929394031400934,0.11716358142984425
U_4007,0.26149769545224083,0.24101690849264662,0.25064695477315346,0.053833954332485855,0.046511684805097,0.2212411931304126,0.298721013090853,0.09882152334035074,0.2691000419420573,0.0881862723233361,0.052354525010056045,0.05413205695233561,0.12443006892177792,0.8385248855920474,0.3212582461301884,0.031129377692704324,0.11928565318344682
U_4008,0.2720829701681173,0.18552518928913475,0.19790694104302164,0.030352380275067908,0.02042571756606656,0.4681619006594089,0.03222848054114487,0.08224458055753378,0.020640530047595404,0.05051443502213413,0.04144389028333868,0.19695987825355263,0.0888151594346183,0.7111857659318785,0.9013440076686595,0.024802128397028445,0.10355992217315577
U_4009,0.21590273974627308,0.2370525070982861,0.2279751604762912,0.03228035840888876,0.27156300610220935,0.42183676502139233,0.0739060842545239,0.1041146421173083,0.06555965955198124,0.0570217938106973,0.05367126806619019,0.7053475322242715,0.12855840662568668,0.14821265275261356,0.26433624337691675,0.03919206850520274,0.4102075147881816
U_4010,0.03158034825497831,0.06419973052435793,0.07376890755989192,0.10881605068648129,0.1705281895956011,0.5699325653117253,0.12634363221959116,0.15040304512978608,0.11377512146008771,0.18307130877497532,0.17490757159839157,0.1702167801278687,0.11322330655732565,0.17881575437282357,0.04525129364790383,0.859815286585475,0.17344202908693213
U_4011,0.18493368910271937,0.27705521128355315,0.5475783586123442,0.022382609366266966,0.02250987150373849,0.24616128325891726,0.023211579751939885,0.25394403241720825,0.5102849186676138,0.06389725291147223,0.03947894501591664,0.12450720800356332,0.104591890081587,0.13324268390502345,0.27912461112137965,0.12639286060633323,0.10832513179532857
U_4012,0.2504370986751258,0.20880192832746916,0.7189986344839087,0.04587624805576692,0.15745323767137265,0.5548760029444878,0.05794100473820814,0.09507812190903092,0.029591961270492954,0.07048451846244129,0.052584575610233136,0.296606738031983,0.10701390923902424,0.6975040154208011,0.45648218085587805,0.022363735462715157,0.10285929429935031
U_4013,0.36566052007784744,0.36366140415377574,0.3228834241535694,0.03870384241391043,0.057012907537877126,0.194823012197893,0.07427091510118383,0.1050865221519047,0.06540383452116398,0.06006193327234286,0.05817563336519868,0.06953967222190151,0.16791562354509923,0.20219560102358894,0.3519133877219471,0.0464985112559527,0.6762850712712473
U_4014,0.20136691524665232,0.17528221692264404,0.9949070210716943,0.04999132022564204,0.18176082397146073,0.21678235827598935,0.4936879324187932,0.1167803956176364,0.061947979380845716,0.0520709376802073,0.0732629732594607,0.059905268771339844,0.15052486094198284,0.13068492300799495,0.09980480908823705,0.0134926869393713,0.12902114784610852
U_4015,0.03666771084249046,0.055485194241796,0.1922126101318237,0.0976327175713664,0.17911386514449484,0.20360870605084566,0.13238641289861303,0.17065439122049753,0.5332745390685989,0.19407812601172394,0.20105583168193172,0.20350068191258314,0.13634933964795212,0.14334210322466637,0.0740336513488641,0.42943418242701725,0.19334145794296917
U_4016,0.23946240873445898,0.24327771490243125,0.26808589556896706,0.03599362346587758,0.04881723170400782,0.2709007363213838,0.0650054139475851,0.12186060296194705,0.04357869276960053,0.5670469160400974,0.06080335436547282,0.5699631819991802,0.12837940452178365,0.15132895802172655,0.23569041035950292,0.028945047600582117,0.5224165347352612
U_4017,0.36258249253420044,0.285875645182907,0.28286613176475156,0.046403645062332355,0.043655752167156885,0.9148118523346008,0.07428975407617888,0.09382769545037575,0.04865290658904584,0.04944385292451939,0.05087607838867133,0.06351566185010869,0.1770907972468231,0.180504008434426,0.320781358484082,0.04345281621432236,0.16374851066054227
U_4018,0.2539375844615811,0.22879610387179872,0.8348384227472034,0.04638112768969695,0.03941861711790319,0.22617718679786605,0.05252911652745421,0.10081085995627649,0.047075289246191886,0.057891935134080884,0.04646418135342227,0.06520468331385865,0.10443430251688084,0.6671679278991036,0.27879467787889184,0.04401662134422369,0.12283518441556748
U_4019,0.20797547930555985,0.7182658414300658,0.14024911339028356,0.03724771053037451,0.2799091518013315,0.2247483292871408,0.08072089085912808,0.11638625008414973,0.4677952080622815,0.06902414774146344,0.04844146687719516,0.0745721312916622,0.10435484873662816,0.15705777004331348,0.09610946394294746,0.03404064006661785,0.7973466043296853
U_4020,0.09101765146166779,0.3681257809658333,0.217475714370693,0.027007256408305355,0.1861261829220422,0.15701370920983812,0.24889049845865577,0.11566147523387561,0.6767806137667989,0.04152374336227742,0.054313537911223495,0.2243871984569948,0.13747240768958485,0.13583259491054478,0.04846504696329286,0.118639125877321,0.0950066582886672
U_4021,0.1697501791432913,0.659342645504683,0.1934360040061331,0.08302782553871746,0.07622135006500663,0.26207035854515703,0.18751719212877288,0.14576238648230969,0.6876601115068767,0.07284180085519817,0.06838617337342778,0.2940874966112022,0.1690622802861968,0.1636775205534955,0.09345013392522752,0.038581466825358436,0.1433255049262676
U_4022,0.22258852005106136,0.1966690767734058,0.20455816292024365,0.031098070358964974,0.2484264814283073,0.6558904529889773,0.03699200576026045,0.08424536966522346,0.024622819555133676,0.053718952357612836,0.04197657999858592,0.036675374491498214,0.10383830085930384,0.7347990733272518,0.662440300735696,0.023606134397521975,0.12984688658657867
U_4023,0.3325790019702253,0.27164129655735614,0.26878462673003134,0.045647344661465146,0.048752544212316284,0.33098714138363244,0.07713966508071136,0.11353324722280711,0.08304150038872316,0.06324551524889117,0.0604843898389368,0.09153749320030152,0.13811391996369596,0.21845511437718593,0.2626896088082392,0.04216900784237885,0.6919051558551851
U_4024,0.2131744033363491,0.18501970080743216,0.8380389420973301,0.02502808095375154,0.23848558003541362,0.30408367079047394,0.10512038300451657,0.07336990197538049,0.20433318755558852,0.074534277998138,0.050200537340889834,0.5326642964620975,0.1234469197368549,0.14940162530789486,0.2535370419070581,0.14338278041523525,0.11195144203806229
U_4025,0.03785707292607805,0.06263478695337504,0.07865783579751355,0.09709991132550706,0.14939034458398565,0.7537760320705299,0.12803245082077563,0.14698304858758968,0.10174798870184786,0.11443067377826867,0.1010978212280341,0.33413113662415184,0.19281353693042586,0.15379088468623112,0.08986042887607953,0.6661934708164803,0.15943716634948357
U_4026,0.037416093839316315,0.06420531594998655,0.16939557702956629,0.09840343465073495,0.19696562446941446,0.10583457225158409,0.11810531280214061,0.15910924800156417,0.7481855336426243,0.19915559364745272,0.20672319948651294,0.20963133444835996,0.1315187042947246,0.16728682941094233,0.06530748296755577,0.7435629296514438,0.17705047197813506
U_4027,0.3155587254870116,0.24434085082571635,0.6231353139572433,0.03636222752855215,0.0283825771173998,0.15283330929778127,0.08070745648529447,0.11178572066694921,0.33040787551201284,0.0672000236191144,0.052896979732348054,0.6026228372981898,0.15671559358259665,0.16940888462762518,0.2553744243239644,0.06387961829368351,0.12485482115759877
U_4028,0.03754160179361362,0.07366261896011925,0.14529096861422616,0.12513437426231933,0.2415382483716516,0.2015288482185858,0.15550618221233775,0.17571877411029735,0.09858407290252465,0.30250483926101335,0.31766033003130234,0.26283090361250067,0.14087755274076771,0.1775162411714145,0.04541084572678067,0.48405413263371366,0.3091348515225958
U_4029,0.3562640331495078,0.312358138015974,0.26590767669847626,0.044926660505664275,0.0317246221400669,0.2706147830706143,0.08393281837028452,0.09752170827567179,0.648904384675321,0.06760981842181261,0.05901677073609552,0.08116498537767994,0.16927258675202894,0.19532642636422687,0.3135553523759872,0.06129653664696162,0.17114514321233557
U_4030,0.3065239949180015,0.7309174870381698,0.2858123610004005,0.03547050963651676,0.03914191544334074,0.1581290224603816,0.3082036324966934,0.0986516871381658,0.5729157307633908,0.0716135718082126,0.054865900960967065,0.07650497687640163,0.15141573854084325,0.16953183181711073,0.28042161644679653,0.036795807407450365,0.12759973891355914
U_4031,0.19971147514066545,0.16440952178831547,0.2270140281455236,0.06267803646771074,0.06746618836739747,0.8979467344873584,0.12568987820908858,0.5383076656887847,0.05457790065928175,0.059902583752287276,0.06262462209208998,0.05955727760600646,0.14162061759100308,0.14175600083044973,0.09016120717306299,0.030802080379313965,0.5185020267329075
U_4032,0.357490248331157,0.3083662909123569,0.36839963441836815,0.053619159102927486,0.044357899964545075,0.3166869975768882,0.08615037892746907,0.115182891194277,0.05458768675461599,0.5717104925123386,0.07341728924844823,0.09681657519814461,0.19457583103440432,0.20593552416181707,0.30236440558496025,0.056942587918617615,0.22652733277996173
U_4033,0.039957401872884796,0.06112069411114413,0.06903345599669458,0.08599575795194991,0.35443217997307463,0.08461394304999796,0.10255272070702948,0.12356498319960406,0.6195661065343935,0.1773533787599465,0.18475005421491145,0.6957108746656031,0.15623995676337651,0.13381690571476254,0.045766388296547465,0.2360032405281951,0.14929375854406396
U_4034,0.062023782720329934,0.7009491447374052,0.16593107834784443,0.07321306734964049,0.12327145624221214,0.21413708775711562,0.14943089575059526,0.13888079079960702,0.24681374438108974,0.12072761107972488,0.1264771865742086,0.10163994076269052,0.16028373170195082,0.16942132818629746,0.07208057644366414,0.060669770385921036,0.16935118451965936
U_4035,0.3931675686048604,0.9692446212901883,0.2722687137275741,0.05456184182054026,0.06155745588531506,0.16000142064577413,0.0808351894231632,0.09215759175143802,0.05430790692405029,0.05794300031733903,0.05527718988603009,0.07627500183608071,0.15816373123926722,0.1825647619888856,0.3034019923103509,0.03999360977484614,0.14900152347417842
U_4036,0.02837804994358006,0.07493666056155672,0.1499107386789198,0.10086213457408906,0.577376527996169,0.5017051454705215,0.09867519555072833,0.14463266476353256,0.0669963912625659,0.10775109895364887,0.10835620176676575,0.8985807111963393,0.11043263975315663,0.10936711848240345,0.06498965776279853,0.5269911148339821,0.12084398730627897
U_4037,0.17921759772287382,0.2635732068558777,0.2594968616776544,0.054310558645316476,0.07515007528205353,0.2664767365127567,0.7270216711087731,0.1299827891638672,0.13544866076795967,0.07867818793538513,0.09412721780125252,0.06756398974390229,0.17659105089159333,0.16629212794103757,0.07977862506148559,0.3495574008963044,0.14605681317083757
U_4038,0.2613072179780869,0.23955856345952148,0.29661473287268647,0.08272855818735915,0.08262631120767791,0.23439234314736052,0.19307698490052366,0.14669123554237032,0.784651391230871,0.05992024980579881,0.11542068355629358,0.07618297307166491,0.1653800790593392,0.19395765112449795,0.16703151435256908,0.034088766675303875,0.19612676054764808
U_4039,0.24888352673483274,0.23000309119088286,0.2529364951395188,0.03943999769947275,0.04763266631161442,0.5753407715120571,0.2495154653563106,0.09747349001043705,0.030697153768404435,0.05071934302883147,0.047161649670929645,0.040991532817043166,0.11910964110539733,0.5986966366560936,0.6445664776111738,0.02927687935758111,0.1558668871101997
U_4040,0.26686312652533245,0.23834798107627045,0.24657179770482376,0.042153767554678,0.04537785860040374,0.13079137017449965,0.04879152740311195,0.10027904258659204,0.43965625845866674,0.0671296145499326,0.052593622414439434,0.06833520432778194,0.10181834841330435,0.695234401351724,0.7448807350211222,0.029772651933378025,0.13741206461071892
U_4041,0.23365827450480425,0.3643987758799267,0.5376322396211757,0.016880215294605636,0.024658947010373085,0.08896115908566417,0.03827926475391972,0.07446443785212796,0.19844309007449007,0.10860333855040843,0.04333458518718903,0.1807745852826729,0.09744983796328031,0.516717313270808,0.950160511134784,0.014868873393043157,0.09521996395220622
U_4042,0.05303758500178751,0.6522793195478716,0.08398732470844235,0.09831353299720054,0.12870195501085044,0.14925498756844469,0.19695604663460323,0.11492740538842984,0.2384175999352326,0.08210077314945169,0.09577816142585358,0.765677673000665,0.18407812614865943,0.17569030583979156,0.06625503170138021,0.03746784534277958,0.1631596061230295
U_4043,0.4253728287827555,0.3784533643559489,0.4389906646693487,0.06956608591578231,0.07061381805539088,0.24749599681608206,0.0965100780062915,0.1313410131597581,0.07581148230924747,0.07298910941929614,0.09616734624511745,0.1039456250434963,0.26156084299421023,0.2467572258723104,0.4642738017113656,0.06462544474518006,0.1605344696306219
U_4044,0.3021487785716647,0.25485270958229944,0.26416177833378157,0.050757394975888104,0.047883651461895424,0.2034401434771857,0.6214357804266649,0.09653231713845443,0.09077832228861055,0.06483198655325885,0.057495439286324876,0.07334510501037822,0.13232703252583067,0.17800551287040223,0.22120387611664288,0.03567078859740713,0.7477408551137444
U_4045,0.288294323101989,0.9971935879894758,0.24540448005221485,0.05683643001413119,0.04294429558998295,0.1339814837162608,0.07323594082876556,0.09306195904956158,0.05907885888864657,0.0728627169899997,0.05600997237500954,0.06932314474678256,0.1504098497474447,0.16784626465611163,0.26502465415153503,0.03223108753023567,0.1231340123187438
U_4046,0.14681909193856632,0.12182826203034317,0.21909349461244074,0.040790821353147724,0.05994267813411018,0.746687856378628,0.4224017094322192,0.2674484573227453,0.12919702250752452,0.05734917334206518,0.0525628158734727,0.44781384966165294,0.14647306487523293,0.14529754445488738,0.04731034286204073,0.20224303362848772,0.12976809977718864
U_4047,0.09823495945022986,0.0764962692757049,0.27374176979557635,0.06712235277435397,0.07018339417222874,0.4825460549075385,0.610234971674115,0.13099092174789512,0.7495266424426157,0.08794729395161313,0.08477824533820252,0.29669684568233035,0.14224466992903456,0.14776511269559314,0.18591483255284263,0.031333772170365023,0.12208193924247733
U_4048,0.20242571628980338,0.16544026860597263,0.599439251773017,0.027570269004085584,0.021419678278181788,0.4422309609137738,0.12649372003954817,0.11282533973658682,0.17650649836341328,0.04852735390700231,0.03961361650382265,0.35900907792195486,0.09088280874229926,0.649974310355577,0.7384374817604317,0.09880447854785812,0.07189819717349773
U_4049,0.14680237336887847,1.0,0.21569282183991037,0.07584814344399335,0.08951057771350701,0.20458190234674264,0.10745620757166571,0.1408524260786767,0.26190716786741175,0.10617487935395122,0.09347727589707762,0.09403860481656906,0.20046065780699943,0.19732106960335943,0.08771984063253689,0.04986426003182864,0.19931364159876083
U_4050,0.047960225305215355,0.041192081576365044,0.08897060581947731,0.08937776980124972,0.16652363853482194,0.7697862516358545,0.1213302497258449,0.704045238418168,0.10380880940392181,0.2468193141811926,0.2237403765866112,0.2783053038402602,0.13687791095467278,0.16284822032784863,0.06077370367607963,0.23379175654252243,0.1713417528918117
U_4051,0.23108790306132765,0.8788455533479946,0.24286438018756162,0.04194109013728926,0.05512677784506588,0.20469267203687835,0.0833217582049124,0.10900515322124485,0.10193788837430708,0.06607560015091106,0.059959285032448156,0.47151364097997983,0.09949314046279698,0.216270775357968,0.19549300691666202,0.028272146262193924,0.5093109723773472
U_4052,0.2875133617442694,0.24652857589625543,0.26729287071953156,0.04859569395849038,0.037477613748894315,0.11559357539182664,0.04349810145207673,0.08987915773548896,0.4273854173191203,0.04714002547549621,0.053321838911947035,0.03905834152355937,0.13123638387867795,0.7083900436928158,0.6192460671605848,0.03483079939932836,0.14245877496742648
U_4053,0.1787648870770161,0.12516096347706474,0.9870540401068538,0.06844600490710075,0.07853897617277243,0.22674735176531996,0.14255325271015734,0.14462753650854293,0.10582052409689233,0.06238801015092289,0.0761754770072197,0.0663422450573839,0.1235256853830582,0.14192087507453552,0.08254632554935838,0.03406128674236144,0.476835735548561
U_4054,0.0986684706250152,0.1307740571836418,0.16028284808337362,0.15020076665938484,0.18621355631327918,0.1460456558773739,0.1198097477829812,0.1973919985825647,0.06330697039839597,0.11266123044501865,0.07987137764288144,0.08515732244860585,0.11232451778914429,0.20888239260860364,0.2010657768427468,0.7141502821320902,0.34924507622357936
U_4055,0.3600239618836958,0.9697482728278366,0.2727939758335486,0.061190297203491166,0.054890673687160094,0.15817187208340003,0.07058332088670913,0.0929090197565144,0.059679676492401655,0.05570412790078812,0.059229782712752935,0.06786100648605103,0.16284524170272577,0.1829148673412452,0.3060499298819776,0.046351695860096395,0.14427603266736747
U_4056,0.6104722857426474,0.46819034368569995,0.4743129658990357,0.0353574204104811,0.08380914953319422,0.24566772731701075,0.06754397527052389,0.13804950560492296,0.0488546133330618,0.08065068327269188,0.05201405544598734,0.06903211222375534,0.20053142132660273,0.2755451441451963,0.4911212917304405,0.06515183302034383,0.24007316926192812
U_4057,0.32090595460797366,0.2448296177231535,0.27642198578487986,0.03761804575896055,0.03016662098873697,0.23489089190207438,0.07214244001097864,0.09182488502673535,0.7668195151977443,0.05201513333559032,0.050885545397699884,0.06822231901627528,0.1359109387771812,0.19450713639498254,0.2559811026117165,0.03742985454132161,0.6043171508740219
U_4058,0.25290854175716215,0.2096311606239935,0.3146969392610084,0.07218613663595999,0.1035785139093259,0.21297109446485984,0.7193104916463359,0.13826542044194,0.08451368476312728,0.05128404436264129,0.06355047531278869,0.07501146265705039,0.17119476959201604,0.19362475363329795,0.15458455049677308,0.03856806668898291,0.6740438604360737
U_4059,0.09508515555178798,0.16721280578393444,0.7057377235245025,0.09288124939184053,0.11839360443308573,0.7852060932391994,0.18409073471815002,0.14958963276307727,0.17362283376928367,0.07980596078701573,0.08295320069677578,0.41938113281859696,0.1517099888052953,0.19311104368762838,0.0741598726621918,0.034578599479549894,0.15594469666840569
U_4060,0.18479144337215903,0.20648128552853642,0.7512460895057715,0.04827430027106416,0.04536569422907761,0.7670578280360127,0.055072257966094364,0.09169154999445996,0.38330983878979835,0.06563829814524186,0.08409214183400723,0.050575324614300574,0.11540248348901737,0.13938346291572476,0.11122313025599938,0.16988237406149598,0.09939491788339168
U_4061,0.0690390748576622,0.1696169947657485,0.16095424402972128,0.12221051611340515,0.15968788370617001,0.22779426700531946,0.1707167673651749,0.17339016806039095,1.0,0.08878188557921818,0.0956752105897704,0.0842030994196001,0.23139121985723457,0.19566445563413765,0.08871081805247158,0.0421978416930409,0.16057104891605747
U_4062,0.03161177284067867,0.05578707325048058,0.08210831350006767,0.08627955513385697,0.16517599333782093,0.1940312043352214,0.11465001683558061,0.7247602605929213,0.1107219839186357,0.15227040244978637,0.16362676809778565,0.6573612056549072,0.09922578133019357,0.13234764382298422,0.05139985471552914,0.5739388525176291,0.19083456294533413
U_4063,0.445294376689131,0.1759971195993699,0.47246682212892716,0.0270983881939867,0.03297255408763492,0.8019867878568533,0.07930751834442219,0.0809412133017786,0.043377260751942676,0.05206410120496169,0.05268331998113881,0.33838130159423313,0.11447619453406656,0.1296596572841286,0.21021906662863318,0.03473497462404534,0.13237465765383571
U_4064,0.22791819991266965,0.9923513572004765,0.22781770438343021,0.0447797918236575,0.05895869338101441,0.24109038911867703,0.10191228783931078,0.12654742059475693,0.12735222019784834,0.061393988047700854,0.05752582409609627,0.06842655655828753,0.146661453551961,0.1699541868529374,0.1392778439823118,0.04385078938407347,0.5834512471776778
U_4065,0.02940923738058414,0.045210417201168494,0.09424084548608769,0.07962887424282356,0.15649454343842634,0.1464852389609407,0.12030233569357274,0.5891743787336932,0.09999739607138038,0.7833613966717023,0.17169344141323642,0.28984288676091297,0.13201433721490172,0.16212644575923238,0.0772619669151655,0.6142314016993168,0.17863237812893407
U_4066,0.34458607990790296,0.326195673443779,0.3138821358986483,0.05343225614948861,0.045536531278369756,0.16453975365481097,0.06955791606924218,0.10294013357647754,0.8099484042183945,0.07542964194212014,0.071777557544496,0.07767178101307269,0.19113206972985428,0.1942723315360537,0.28379114565539615,0.05256173355455376,0.16684885577945827
U_4067,0.4061487772000219,0.37781130859188367,0.30923596267462783,0.04830304134688944,0.060357745423028755,0.16412065932605716,0.07623018357248298,0.11210459694725429,0.07034454642891806,0.06363659850093314,0.08608450395290579,0.08256254414928062,0.18084218334100396,0.19692287433492414,0.33305481558754474,0.668573061273754,0.11471219445063162
U_4068,0.3959028010745172,0.27598191174808373,0.2817729931547316,0.03747660997349334,0.3772896125736498,0.23445736385072202,0.3484099954139304,0.1148787482938908,0.03781734480279369,0.066583543789894,0.05125985722475896,0.49831223133401664,0.15737501303122703,0.1842051899151781,0.29251336277393897,0.5080049925060659,0.14760591929304112
U_4069,0.557018443368321,0.4655973982865204,0.5444899413633478,0.03495944855289227,0.057592540421585854,0.25627882825325715,0.06946266448131054,0.13926495144102752,0.04880709658809641,0.08556724462602741,0.052412493121544716,0.12732921162374733,0.18766688852346294,0.2741360740831845,0.5482106782315942,0.06463806915204039,0.22873561427104616
U_4070,0.3164124444644559,0.25357213376727405,0.2586285283982666,0.04331008611818891,0.05502491232582311,0.6306275050202688,0.679713837359876,0.10164692182795164,0.06781022653850799,0.08038194304372451,0.06199713117863078,0.10085166514013323,0.17492982461980228,0.17223556183890162,0.27523376808379163,0.045571534576303765,0.1598012036182305
U_4071,0.1744183364767013,0.1683881019420692,0.27534986093318925,0.10360881353503665,0.09170154643289671,0.26315787767678317,0.23901892311093648,0.14915545713259676,0.6043927867172841,0.12261944960538713,0.12349426925807555,0.5908858969235521,0.1782573252136732,0.18058263935132468,0.11306312474361963,0.03481592452032524,0.14437336024648637
U_4072,0.2726406147296053,0.5925967386902341,0.24586973705310028,0.0569998687908923,0.049921713623836725,0.2170674957802053,0.4696701130165183,0.10284897368611634,0.0503925397934573,0.08174008643913393,0.06375950766018197,0.06042304431845756,0.1546775345347191,0.729169910644532,0.29512401993125603,0.035865330665844776,0.11980438903717369
U_4073,0.13779041833292185,0.23503355218367722,0.9021518248873962,0.05906979001987723,0.08908108297717737,0.18708985128751732,0.1107734070205475,0.11776367392047205,0.18526906408162158,0.06563647265749042,0.08217970747238648,0.4421025162239533,0.13955590075921223,0.15632275919141064,0.09774045728454128,0.04201724593196233,0.14139001742631851
U_4074,0.06996694045859125,0.21230485649426412,0.15518550488503696,0.12713949211670345,0.15852649157440102,0.23656518500057425,0.19205064176152067,0.17163578991834408,0.9442709637762949,0.13846414761166423,0.14176135920332578,0.09155312385789033,0.2111687101926552,0.20519749833056586,0.10588585364628705,0.038161870172807304,0.17498218287354816
U_4075,0.00826503260397145,0.5852287784221071,0.09080092321083016,0.06980362065313882,0.12712148270907733,0.13229484652417386,0.09458007275500625,0.10338094352015505,0.15147882145312366,0.3787236903955518,0.1608658905815946,0.621076288511872,0.10681073738136906,0.0950133500436407,0.03539288010005358,0.4341396630229536,0.09118494508744698
U_4076,0.19563592708131222,0.04747905652975446,0.6458907249735093,0.07495990235719588,0.12067810436861248,0.09729404896285578,0.10365424996415448,0.09003800575415154,0.09124527128715826,0.13833784992115905,0.13304515506253428,0.4133096034104766,0.08296533868315446,0.09265950537984911,0.02063698570772036,0.8277851930963527,0.10426407308580316
U_4077,0.2995874943513315,0.26149127632660524,0.3320280036893081,0.07509486846437961,0.06089367607476373,0.28992003885431494,0.11884670371234503,0.3150627834093643,0.07709693977361515,0.0846532027328567,0.08016578040437762,0.08436542114235031,0.16873837235372702,0.19184888550160262,0.23908179131359,0.03551832112992523,0.5348488895334198
U_4078,0.2551363895829634,0.25339152549412086,0.20799220068008056,0.060701096393588574,0.044912731561481,0.21853831926100703,0.4973761404318701,0.26740635275373975,0.2589175865942125,0.09142523188789019,0.0766245881419316,0.09809128633456148,0.18755662642567186,0.1794071939802398,0.23260746922375508,0.4307534389663742,0.12250803465199153
U_4079,0.25152454328022505,0.1723296033220779,0.5239121752430168,0.025626216981557554,0.6506320032297319,0.5565123016060922,0.04706994998757132,0.09564529762597075,0.04342310261999408,0.05719224653165668,0.043672119338297365,0.5059597696823565,0.14525162321677484,0.1637152245326298,0.20465194682068458,0.36555662366084085,0.12364945121469276
U_4080,0.09935854687089485,0.5689474928626095,0.23799658499696413,0.10331744944369226,0.12306917112245382,0.23781181467776605,0.15878374369531814,0.15926517658895595,0.0941718334565647,0.08763535927399738,0.08691603725050258,0.9258479165471952,0.1551763517288529,0.17567043679125893,0.09102400234086894,0.04445391970824434,0.15078244173597197
U_4081,0.06003547415830628,0.23719845336202058,0.16518733881378525,0.05449160921679462,0.07944507790003401,0.17679630550832987,0.12055643820426365,0.13247367489173484,0.21255643772711935,0.516626109476446,0.06590684905491531,0.8668027979512567,0.15614985202690268,0.15897958728372252,0.06623796392220575,0.32368397773408486,0.13852104431084464
U_4082,0.06967119383028356,0.12872896114842883,0.6817239359958631,0.10732400323406668,0.14177931010773498,0.24691201971295476,0.7404625971882735,0.16101822113075429,0.1626696566058033,0.08872392862387485,0.1002260079507582,0.4855784848437499,0.18124474729468762,0.18010542455212653,0.07758647750427246,0.04258149944526514,0.15384192833111898
U_4083,0.1789551913816903,0.1433566614018949,0.1841702213940725,0.056263370892983375,0.06059262760672421,0.23454780239894762,0.32555411056478856,0.12191777592180522,0.245589524775351,0.05675584770885558,0.05459887457085388,0.8252634456848167,0.15708428585404802,0.15206988297436308,0.17023918476298122,0.038534370171719186,0.35684952327190067
U_4084,0.19366075791662646,0.7695681847667497,0.2540577686603031,0.06690217405890647,0.07801441561360128,0.19292153488073943,0.10143901806656076,0.1634487510114827,0.21482304139991537,0.10667033422751439,0.09247173062518953,0.09724259518548882,0.18857495178012085,0.18646032006237195,0.1011036598466339,0.04695502713031532,0.1655409394618319
U_4085,0.2738094951705715,0.2580949064352969,0.7767775756049867,0.04105054842171929,0.3609339926135778,0.18718528092466746,0.0704354397664167,0.11327904640006127,0.6044251082898661,0.07558866338552654,0.05518027575448794,0.05125065270320755,0.1325394483499275,0.16640826132471892,0.27011772739046847,0.03277781746245799,0.15040694592552437
U_4086,0.016140352935412577,0.040359644359255625,0.34524046038159206,0.08015893948095586,0.4143312792223726,0.06188593691045082,0.10020449220943463,0.21596791897955728,0.6352574431238727,0.40920794299337676,0.17026685047968432,0.6933414178337748,0.09146020818110555,0.10985082418761365,0.03544578261906383,0.185727173640629,0.11953544498641153
U_4087,0.031335346066924286,0.06932010117857669,0.1105827158855969,0.10117963503252295,0.1871966797600256,0.9183483420441063,0.11908354230504965,0.15108112358769576,0.11566691059190552,0.1872214487740798,0.1941429546388655,0.23571279032677817,0.14643134981829029,0.18671805586300244,0.06389556408976782,0.3357212135658662,0.17443111906726322
U_4088,0.23579942145486807,0.271736240354709,0.19759196091538328,0.061623574879723364,0.07271310296336622,0.33197096644887314,0.07747530158538526,0.14634114872916432,0.8473359196846313,0.08875955939697891,0.08101334296730435,0.08433246177763773,0.21626898998217006,0.19325791578392268,0.10045527753055959,0.0631632700896757,0.1885372029587008
U_4089,0.09752413146947203,0.14123988404349122,0.5313770287470823,0.04678078796500288,0.24620430838835136,0.15717519290994414,0.5623110801810637,0.11765701219939767,0.1497297147380657,0.3965285632985415,0.06222185506362105,0.07491158811091309,0.159938133955028,0.15885087977237622,0.06415858971063473,0.2277436057081527,0.17129926524902533
U_4090,0.426660060554068,0.3877450615467737,0.38597315898042783,0.05435115395925404,0.06252023607353056,0.21114495118082172,0.10513682443121063,0.14514434331910417,0.07420348771322882,0.09416575671658894,0.08081073319960859,0.08745689596713029,0.1887301615907072,0.2301972718062593,0.4096306536404618,0.06090213511193731,0.17123478002290984
U_4091,0.539130455799437,0.21532539335237405,0.5718866073845348,0.02678549466449707,0.2847991519091795,0.13607537902093986,0.06422566570295472,0.08267790699523851,0.6341989409274889,0.06738565942037543,0.04561616573749789,0.38215800832437025,0.14131408130850825,0.13233570227059155,0.211850959240484,0.2818802390781835,0.09793060879464925
U_4092,0.209643871648397,0.1791493588041659,0.7707692273510829,0.02398767798574566,0.20842818160907464,0.07753115323304735,0.03906830944649767,0.06526217921143417,0.11541717615667464,0.03934046672517792,0.032918991108270075,0.3318107361072167,0.0996530790956267,0.7961959835026209,0.5416419950367295,0.02502634594543835,0.11221188120876799
U_4093,0.027690626394524805,0.07174911726622742,0.0763011223687436,0.10242221435366802,0.14973724591534865,0.4136493650039906,0.09561859957709742,0.09956973934239141,0.4775036387769703,0.4848699010918027,0.16226928135485358,0.6531489580564488,0.07531392302864709,0.09914503380608704,0.031171664313095024,0.2849835066865778,0.14905229053706248
U_4094,0.245337522645677,0.21675430656141007,0.2795795519396105,0.03324855927833921,0.05821484797775939,0.22501613524070724,0.0741125677001965,0.42809828675177103,0.27245653116287005,0.09594846773024442,0.07099535600576273,0.7172079099955042,0.149844306248492,0.1796665300501179,0.23682689259328937,0.04499975134346075,0.6225624291118517
U_4095,0.059024655478468746,0.1819439771200203,0.09935113493503926,0.08921566490809132,0.09782907828166994,1.0,0.15630486998370552,0.132992871201872,0.19714348305907173,0.06235507601390762,0.06697002515130715,0.681514211744368,0.16746461198364598,0.1695412718111125,0.06795497338984084,0.03537624683385522,0.1450469763156943
U_4096,0.18339345501690052,0.28605559415450743,0.4305677776046096,0.02034177403903253,0.030842539919131703,0.8180067096460311,0.07084616461621433,0.0850960922644824,0.06400596063923865,0.0503881940249927,0.041839375450716455,0.15743327125277223,0.11203256413829295,0.12171650605628787,0.20877994948833203,0.01828530896015617,0.6997669681382594
U_4097,0.22042412002267536,0.7053987246923699,0.8228538986171362,0.038953594531109,0.04442422247554687,0.23114382455359128,0.07350474862671826,0.0980483481372102,0.06045940443453934,0.06499360218494521,0.06181904320072014,0.06611173786303114,0.14853836609561522,0.14203914731678427,0.0894751331795522,0.03333489206450696,0.49368597563962047
U_4098,0.2827123930719003,0.26044372733652066,0.9439351568263639,0.04421868582569938,0.47173747685146794,0.16223444931036524,0.0754891734400431,0.47232975189817195,0.1548058418489333,0.07887529279581854,0.06105766294576337,0.061099696349587874,0.15289760220302942,0.17262456309441754,0.12237883748309816,0.02684013978715585,0.17200093258239602
U_4099,0.13047993849473133,0.5427743597120347,0.689304010263895,0.03365918760522095,0.3062361441742369,0.1735308434549197,0.10304918636002615,0.1129230854737463,0.13611913026596917,0.35650365873968676,0.08921049612872668,0.07354765300141411,0.12636876351587598,0.14039186285501712,0.06518557761293324,0.20663511747507263,0.3698527897290168
U_4100,0.24277177986726006,0.2055980335571443,0.6292070972864882,0.038470224411537524,0.032991797641050966,0.11144219298352141,0.03745350760305164,0.08153402323335852,0.38620267280358406,0.0451176941237681,0.04122588008566212,0.05569213420718632,0.11266788370628951,0.8683344263099854,0.4946515751009124,0.026142413848221288,0.14947019514569523
U_4101,0.16937932699281197,0.18708715108272386,0.2937947246214917,0.10300656632121555,0.10060957827272614,0.15818082472095932,0.7269162396614852,0.14240358717008214,0.1590544370244894,0.05946037931611784,0.08644260887421389,0.072292769440895,0.18721228876147558,0.18035470563146286,0.09626639360831221,0.03317064771457116,0.7082981523201807
U_4102,0.584771675385916,0.4015477317528134,0.4209512689324107,0.04093677034694184,0.03686905180075851,0.237983011371026,0.07493383474322704,0.15398032993537936,0.060916024450679236,0.0951329071583267,0.07158360311180624,0.08121759268848451,0.20901587236831712,0.25164262392661385,0.39199467734264265,0.06778867985740619,0.20547010273871688
U_4103,0.6433598769892583,0.4771906778431177,0.47289319907519534,0.03578087383511788,0.056358448272082425,0.25473084905820254,0.06893447095898944,0.1366052704641306,0.05749007820256233,0.08131749688813632,0.06122034086364204,0.0649499331443578,0.19877392017115464,0.27225635881773613,0.4856908582787505,0.06689460353553327,0.2195131979139718
U_4104,0.2548108715204484,0.16752923913310322,0.3316261095597549,0.029914124483528585,0.018768299561282516,0.08919052094506077,0.04075220023836257,0.2017366624107565,0.08283310591669957,0.10831200263758851,0.04200751228898759,0.036236654964744416,0.09970040350634478,0.776318796346384,0.803596653210169,0.016056308085782428,0.0909181195357701
U_4105,0.23092782333847212,0.20844283231529226,0.21328786697917304,0.033479426167840234,0.03063109094385253,0.18116532063891758,0.04497220931603735,0.08836038697564137,0.43855180688007905,0.25459531321594847,0.040792983314541786,0.06196512281830796,0.1190587098770903,0.854791962531342,0.48646242578932974,0.029956147932283208,0.14729595288364994
U_4106,0.25662673485071896,0.3677786740270455,0.7870383186053946,0.045799235453326446,0.14902531833569985,0.10564005221499358,0.05632590880500997,0.08949987522192769,0.040045181505532976,0.06520767069370736,0.056424568937163064,0.2322861943852543,0.11512612147781395,0.4877665017986542,0.5593954894420299,0.02596396274966957,0.09198708903690266
U_4107,0.43201250543948416,0.34550620692208533,0.3298466708828332,0.0536500800430177,0.0598025719205168,0.20242551906008896,0.7904713883549472,0.09943745953064438,0.061615095426312196,0.0641277352500483,0.0707325715217615,0.07799230806790657,0.1685975173890985,0.18744833785243853,0.3220021616916258,0.04530969979648691,0.16735451031816354
U_4108,0.3202417913354631,0.6391132844243248,0.7406703077078257,0.03656485377578598,0.04753799325393992,0.24604052738709573,0.32754243158589585,0.1111486921091031,0.05072039896549152,0.07500628900639124,0.06668506771135167,0.080787199849898,0.1559260026070631,0.18036402545067798,0.2529150774910779,0.026320112554964956,0.1334996642253534
U_4109,0.034056797798495686,0.04099515867819446,0.10854656821181005,0.07599262555272294,0.4070233486169992,0.42339372732874864,0.43139260134052965,0.18056141766256573,0.09377234693518208,0.19225811294417966,0.20095707675671662,0.24979211049280753,0.12305912786391818,0.17516654960668845,0.060313084109925544,0.41088315267915254,0.19823914998615444
U_4110,0.37680157567650363,0.35636611110775945,0.3280821683289302,0.05840612202694503,0.04190645052313256,0.19038997469153804,0.07196034394505386,0.10650348321901176,0.6615983862321637,0.07421275607690749,0.07235055014263676,0.07508660697588274,0.15753659221157515,0.20316289002464244,0.3202936439229872,0.07032424356303404,0.17646455980236259
U_4111,0.05940577249078098,0.8793876181053816,0.12295879839844998,0.11078214121259525,0.14686475900332255,0.11983170415824897,0.11769145837392114,0.1486230651364764,0.08582909722359545,0.1315255995484219,0.12140651076840366,0.22049757394648803,0.11457492722309578,0.15214548196157124,0.07624699317972876,0.34242887535006916,0.16990772094292478
U_4112,0.2964980270472271,0.9774848130615938,0.2539121226230989,0.052667405320523386,0.05793387584770299,0.22471125608178863,0.06301564153161016,0.10527795101523528,0.053656599382316,0.0728156523482753,0.07688710023922188,0.06832209808954087,0.1431095447081365,0.1949881420875177,0.3720110609115763,0.03896153118263934,0.13470088954801904
U_4113,0.3213188324655777,0.2808622975837526,0.9374661118127412,0.04540180334144442,0.0445198860991457,0.15101939933657293,0.07103175508823036,0.10353187255030118,0.055211376358820057,0.07547062446017452,0.059743956137149536,0.07381191076379741,0.16305606694532523,0.1748430966278778,0.28608773850348884,0.035978173760460794,0.12512549081193733
U_4114,0.2473101810711094,0.18420010534405082,0.2941735434975123,0.0692663803025474,0.07974769697955482,0.9164372213225087,0.17085624985507059,0.12954187118101762,0.05966357156945395,0.05676652317988401,0.05430849345785673,0.1001852077463481,0.12454276020731786,0.1707112786232446,0.13277510569138457,0.038147833341927735,0.5340807455271385
U_4115,0.06878092306614512,0.15739358587534,0.21771667953978982,0.11444295195144916,0.1162478694859519,0.20221187296574625,0.22122747660358408,0.5623365841664474,0.1469718337927597,0.07036448442845222,0.06684530880701106,0.8427325688588566,0.157469106264041,0.21067665607963784,0.1959913592491693,0.03673986279242141,0.13933486204331108
U_4116,0.1552394015677934,0.22461824899039237,0.26491059111816706,0.14792559016726875,0.19418276409776886,0.2989457677441581,0.21920206040455945,0.21677105332606889,0.48181410994990004,0.13397874218603287,0.12205446056241441,0.16021711000107178,0.32071501497841204,0.3183805901481369,0.13124132759015286,0.08261526135768402,0.2185249325142217
U_4117,0.47378775688490016,0.3629687017414888,0.3784954209204792,0.07385626110045479,0.05927864779041051,0.29576527493125543,0.09379923376490704,0.15766491229803026,0.06642703941474548,0.09940065680914252,0.08426324374025466,0.09878752669756025,0.22539848210149613,0.21384136230049688,0.36881772549001546,0.047527000179104405,0.19582592251599512
U_4118,0.4079231078749474,0.2110904621911998,0.5047146388887266,0.03623926222578572,0.051454552991267194,0.1338960615445371,0.5801200866944053,0.08957199203193869,0.1521081697527696,0.0518067603312287,0.05941442993509824,0.32643667154580536,0.12477684105650003,0.13531755705822235,0.057746508006618215,0.32735423339503184,0.10511775671081114
U_4119,0.4051140465070796,0.2853832915576132,0.2801165279311817,0.035312449133284685,0.03726994841994905,0.2081435422848185,0.06456562271223869,0.09550556218360172,0.7094104080807627,0.05762826685008095,0.05644287735203691,0.0686120389056463,0.14471646300028193,0.2026774082131227,0.2912169060970869,0.041459029234869604,0.5980098266399595
U_4120,0.3636198502317553,0.2624144063403019,0.3030867310094501,0.048569208642996825,0.053037618471550224,0.15867527208764812,0.29147891717595203,0.1037293757091288,0.6839894614958846,0.08879799928768355,0.06407016822977103,0.0629088177191511,0.14869702554853945,0.1759920348200244,0.257242632161241,0.0315224269938652,0.11388975685727581
U_4121,0.28501628270188295,0.27911826179884536,0.5306854130672918,0.04451791485825545,0.06853409106145926,0.2058477660015943,0.25488124516896643,0.130367657692052,0.5334144145653391,0.49099246744861785,0.07788377383782166,0.07736453495826996,0.17433024084503768,0.16981104983280262,0.19641241426005174,0.03259174034920986,0.1535958400538914
U_4122,0.06616237453448134,0.0673046180545398,0.13867963535054026,0.10507654048004178,0.17617429466903242,0.15039542992793126,0.7555482291501956,0.1990236385612853,0.07902880568773975,0.15693047335446728,0.13134532078984468,0.14462417414100712,0.10398259888926474,0.15249243031082566,0.05905068408666522,0.3522311702273734,0.15975452224754005
U_4123,0.3223387430045641,0.3023556522698686,0.29748954125019117,0.0550452361341333,0.042395439776023676,0.16945576486454045,0.06696470009416765,0.10829205118613953,0.6531416132177721,0.06586956516653314,0.05420704655661177,0.06015127146955566,0.13366608885772208,0.1708518684540053,0.2905967396294305,0.3450355128848831,0.1585384520206739
U_4124,0.2866946172954076,0.5597290157363412,0.23879921917643157,0.037246376655209835,0.035876639625274924,0.20519721610838992,0.04476630441423362,0.09356788524700373,0.029267918080171703,0.05008612442374542,0.04108352676257588,0.06384747519623703,0.1464000308184322,0.7052015770243782,0.5208420724929631,0.03373695692853829,0.15996165709105314
U_4125,0.24585822549065628,0.178897586916079,0.20522634349809304,0.07896589428716624,0.07512756381131812,0.274429326875594,0.1604171160960075,0.1509282854129267,0.18342673496449832,0.06454616673294021,0.0648989950251312,0.09128689846059468,0.1750996154732493,0.204843478747101,0.12396752667621413,0.04202856946613973,0.8733963968053372
U_4126,0.2170484537264126,0.40165522468487946,0.22295748326253204,0.022659522682786246,0.029333772589180147,0.2457836450875853,0.11971626676804778,0.169688899707382,0.02988261976921211,0.16919501313334162,0.04193263997581843,0.629333626620403,0.13486806739116286,0.13052797289721613,0.19921978316040095,0.017843657118007512,0.6883670738108695
U_4127,0.3255276358080674,0.3217456551672999,0.26630867514329315,0.03857644102172154,0.06151649060326578,0.24823535717678413,0.07918993984201322,0.1208525241667384,0.048994986731632585,0.6041613091734971,0.06297615390171969,0.09293608876962998,0.1770838778001998,0.17979059922706825,0.28398471992855134,0.4567383941996026,0.13592765502657558
U_4128,0.041114112066155006,0.07487016077951208,0.19628272212395023,0.10768010592415288,0.17143207673121114,0.20248736656928765,0.14555389401934352,0.1712022548433081,0.6065087143828464,0.24546302938016926,0.22561703453988294,0.2216466217364276,0.12699357442660728,0.1582219791278102,0.05876246922087151,0.44104914780928617,0.2065342292651239
U_4129,0.21116651055013258,0.1890292738635654,0.8172492952313513,0.0299743482993524,0.15396981538803997,0.19324158229769936,0.049703152225905184,0.10206402190910527,0.04354623772307871,0.06661886389447771,0.056161404329887726,0.03933746168881362,0.11509422571342567,0.14117772150970753,0.8349641768134015,0.04942116602895914,0.10060170363782299
U_4130,0.24565899478193726,0.8889221868433613,0.2268226443446312,0.03817520290971201,0.3425502388648852,0.1505756285695972,0.06752448121002834,0.09925473686958758,0.07286456760185842,0.05963050761880312,0.050623892826351005,0.49320471670084404,0.11240822183574824,0.14366297692990573,0.22150974058042416,0.02919327131515806,0.49125174127150506
U_4131,0.3511985002610959,0.3056306148997707,0.304015053468662,0.049856733720512136,0.04116479066642584,0.29431557825823723,0.08457253692202245,0.8506572383973248,0.042045115813863596,0.05519032437401296,0.06403808906656921,0.07987087246239462,0.17557452555926964,0.1938559684247845,0.30128666620125016,0.04476219350995991,0.22057808991748076
U_4132,0.4150207947879378,0.3438208629204397,0.35797215320734427,0.04157268683053473,0.048423754225205444,0.17942410408138626,0.07437508305569843,0.10281058264401645,0.047656963284748596,0.056642644334212296,0.05913093779664556,0.07179858110530221,0.16520397701626263,0.19310054198923915,0.3439087429609346,0.6582756400819003,0.1635928439071123
U_4133,0.10927122534450337,0.8136857732651395,0.13303432814350977,0.07348063307707438,0.09832399549508826,0.26177609380303085,0.12638263928519158,0.14052647589730974,0.1510665820518364,0.0697437180172277,0.06988597734102663,0.7248521209423658,0.16116895289390948,0.21033453075574005,0.1086783528850857,0.029783915271713483,0.1551547859213873
U_4134,0.05235406550030844,0.14544415508054406,0.10065629169714746,0.0780485249486705,0.08785453883080943,0.1550837220862103,0.14331877213313288,0.12622698382360908,0.9711607677888467,0.064079850183527,0.0697467359567233,0.5473389794874812,0.17745946982603888,0.15963777224887646,0.05794511860481382,0.030083566487578896,0.13764550438536635
U_4135,0.1958611824075433,0.8414280981747378,0.17896903924778224,0.030137101808181556,0.193846745271831,0.21093425149685374,0.07147747808189854,0.12460676420406794,0.6356235865381896,0.06056351041442725,0.06879816502690775,0.05357679763095759,0.13197430508802596,0.1536159128600553,0.06187541595182628,0.2555708002543499,0.29129571023480505
U_4136,0.5665946324512672,0.49252292995523317,0.4669402064876771,0.03134315148970886,0.04123379244005366,0.2666028261472559,0.07141286668927876,0.1431702696799243,0.054484535709659915,0.07374355424718398,0.05979807093292552,0.07023726223355467,0.22529937366497668,0.28366719348244596,0.5655607729205978,0.08405310094373651,0.20024051047043825
U_4137,0.058232631607512506,0.04697933806435568,0.11349595493116615,0.08489557718281664,0.14174703634174346,0.05695966570877105,0.1261682032089525,0.12569928505202824,0.08096574196430036,0.5528287425239817,0.1491383471883738,0.1681240274168559,0.08175873516548159,0.11515285125090391,0.0353494177089701,0.8422898040618322,0.13757419966019346
U_4138,0.023610754346480523,0.11860827750947174,0.7537762993729111,0.038059685370917744,0.24567965640599498,0.49486879236034065,0.37415304881614686,0.1675919136696705,0.17349225279839758,0.34524203929577296,0.06198401308920276,0.48215981200087527,0.1160986193728419,0.12303346628354149,0.044773880894966846,0.030718055390450458,0.09032019154375817
U_4139,0.3072340547188981,0.315757006454759,0.9654291243433464,0.05484941613480208,0.04964370253753714,0.1482538245388122,0.0626453786891893,0.11437695550130823,0.050135985017006265,0.07302018887267382,0.0754821313805353,0.06496795193600036,0.16027248958492346,0.18093529781658724,0.2674281304854838,0.04166957810103272,0.12624733180171208
U_4140,0.2478285329909783,0.173901499490773,0.2874872633117294,0.08199756539250214,0.07193256805735404,0.27627524999933695,0.12556734123826965,0.14401598672215235,0.04599059963756915,0.0612248206301342,0.06852859271777219,0.7192220072762295,0.16088604752730207,0.16731638901301724,0.18499164457847134,0.028644273486966517,0.6895926625443136
U_4141,0.24423215952830502,0.2174275253199573,0.6784139805304438,0.03844862075484533,0.033315001276009525,0.10920847897367879,0.04132615895594473,0.08725074101851524,0.02938992492907238,0.046867567269170435,0.04510366838785086,0.06084458508316395,0.10635623311551494,0.6462194225440697,0.5137340567258325,0.03679324571204535,0.15402377689144942
U_4142,0.27624976490637543,0.22552501728983013,0.23418362658497002,0.040589058620588585,0.03387755305134456,0.09210747652690242,0.04712939374552854,0.3192649055383513,0.345995235620163,0.04893602766606104,0.040505452284952344,0.04574650846327942,0.11111583812824874,0.9153498967531947,0.5783510230747425,0.03424340602779282,0.15086506864015284
U_4143,0.03220004062588623,0.07613392154752162,0.08032083724531112,0.09496199054297759,0.17010422589384447,0.14040260719685282,0.11060865207682463,0.37358118651626154,0.32483184407467425,0.16376636750293055,0.18962365422921645,0.250710296165965,0.12793031471985333,0.1313413234103861,0.06420589699678043,0.8307963511438028,0.14242981807655258
U_4144,0.30463348015660785,0.6929347857456426,0.2700056544412454,0.051878381762006015,0.05344736175345153,0.5977305466945614,0.05594228426614957,0.10774906874714917,0.04952422590346163,0.07664090183417638,0.05681228892517251,0.05090745371471403,0.1280612597752662,0.7235453703238064,0.34851540224538147,0.03411786629469783,0.12022797142230272
U_4145,0.03968675623438097,0.06198102925816097,0.10940606436898168,0.09853704554240711,0.1560714056905545,0.10246487907979163,0.14550129762275432,0.5520352531827837,0.061726538281744604,0.1634634046441843,0.15467162377381619,0.2133468653397852,0.11324194463653756,0.1489814205992677,0.0657571800218159,0.7115431919575481,0.22799190999115862
U_4146,0.29448330231797354,0.25356863396153934,0.2906707995002925,0.040002287456952806,0.036977890692785696,0.15312518645032633,0.07301849031256717,0.1058129721546603,0.07037509656857939,0.07599760624997302,0.07093772530821756,0.8326594969942611,0.17249188295710766,0.1684435996276757,0.26564850708284976,0.03917436886418613,0.12456356870525781
U_4147,0.35601141019184646,0.2835224863040271,0.31274180972003685,0.04443290249364579,0.046686767061524595,0.4796391541819999,0.07511008475529447,0.1157290363942244,0.07145106010782909,0.5290393168705535,0.0643599284865515,0.08484162906231955,0.17048170214251218,0.17241494973667332,0.2852977327484119,0.03973396243898703,0.13744733901673767
U_4148,0.5349461582632735,0.21363379351081255,0.5243785684051885,0.03523665832423337,0.038078280179349236,0.18678561060915636,0.5820004396470937,0.09496045604831921,0.08188735358161506,0.07234053063534726,0.06022770135149812,0.5153757730525043,0.11166748740913059,0.1391424791809208,0.12946718253141629,0.03492002572384119,0.1638770742759477
U_4149,0.28211186097260144,0.7322237326630231,0.25102449739255667,0.04654760434116639,0.04241818415754105,0.2824819507826778,0.07453982267865426,0.0966778231061526,0.593169583662296,0.0546805749152964,0.04451108233779116,0.04829930074646065,0.1334138517108559,0.16139828957921287,0.27578323483883865,0.03354042618309294,0.15756013191140497
U_4150,0.06689641481156981,0.1227683994889646,0.11027173787379346,0.15059181494143492,0.18250980038778397,0.1099868490321447,0.13194017257779816,0.20304320617717542,0.17816928286031247,0.09841465186771312,0.09874686429733553,0.7316259476136666,0.11677892653463215,0.187314965334575,0.11860920361388112,0.44820765460176465,0.20432151559727854
U_4151,0.269322116718335,0.25323259102408047,0.32293765926068757,0.0452011845059176,0.049530618679308976,0.2518683433058906,0.08082199313923313,0.10683603215716875,0.6058151250042413,0.05346495585174457,0.04678785317728176,0.08534044910311535,0.1164370661178508,0.18562088639720692,0.2659440727340419,0.054685497288028004,0.5271278953541069
U_4152,0.05827764692927743,0.06565929746406093,0.09363345464146568,0.12237223802755103,0.28288989266834885,0.4188054105568512,0.3692192701972855,0.13740786995799428,0.36449870434739673,0.21707455465919376,0.07242728927429781,0.056161089857820125,0.0715120133818236,0.1026779486657856,0.08453298349313806,0.7513529873538368,0.1450093225981399
U_4153,0.2710303404345058,0.6139754455769437,0.24294369434053384,0.03018611303845402,0.3257137403846518,0.567896318889489,0.07599250641637974,0.10290533139865753,0.3867845756278599,0.06803153241223077,0.054946045032314345,0.07047446453113407,0.15184484642058182,0.1655866730328708,0.2262695967087009,0.44479309847598975,0.10423395640572457
U_4154,0.2545686268419839,0.19116620186228434,0.22433061122112324,0.03017584444264275,0.16623096956282904,0.37112126439947096,0.12485073517703338,0.0751467156390944,0.03879369212895609,0.0603043262140178,0.044633779868661676,0.04160894483241029,0.10263123236313641,0.14660843812706242,0.935549628199995,0.1910730296404628,0.08765861401253534
U_4155,0.3572286044428655,0.27660813624921454,0.3265793763731475,0.03857590587662266,0.03754802187414033,0.2953436726672265,0.0693362490367822,0.6333578333596285,0.050322208005588634,0.07241008539632657,0.061823904554382414,0.0858691320268989,0.12432502651696542,0.20365488579565438,0.2998986278922197,0.032933269659024586,0.6940653495788562
U_4156,0.30786971513121597,0.2762125672225805,0.27660652410644787,0.04688794576392749,0.04547201760212294,0.15130308749355392,0.06020283202519882,0.10602518343252103,0.06058858929255924,0.8428423709730546,0.05801494529792994,0.07052655680922534,0.15252409378152293,0.17761125976380726,0.2729168491763439,0.04033873838486252,0.11984337079830136
U_4157,0.03645019073187872,0.042734807831193745,0.4439128124643287,0.08266476861551783,0.46867112802250377,0.3119092335820806,0.2953664978147833,0.10529567328563616,0.7219947657166492,0.15538123414506377,0.1509876329997729,0.10398486457563781,0.07990198163507911,0.09994303881905107,0.022156841006693507,0.5595495212199189,0.13892451528805305
U_4158,0.04074253466966294,0.1489747701467269,0.08588649585495128,0.10344781029705605,0.144977898867298,0.15235667028132507,0.5915625361644475,0.46753021645093423,0.09873560750744538,0.13174821786474694,0.10864341469409554,0.19570549830730583,0.12187050675192124,0.1352858058521352,0.07329172245724275,0.4984829754792191,0.16869275823542867
U_4159,0.2642802073614973,0.2242705365856978,0.23492782117536481,0.027740963769983647,0.03212419270656542,0.47503410635842586,0.04215530325211044,0.0863609925026557,0.028737461493711793,0.04876508772172363,0.04160899159197483,0.050202393015943446,0.1000294690826422,0.6638118482268999,0.6179801893568431,0.165427167814815,0.1630410817984702
U_4160,0.22074035864933803,0.27410595667849275,0.24772410313387214,0.05575477241475319,0.05615819559363204,0.20765984345147084,0.11016945410458003,0.5778656057749214,0.18453701736048267,0.0730818896015219,0.06601458372607338,0.0757764829950719,0.15469346814360546,0.16067656537192984,0.10426985689808768,0.025711286862309057,0.6823906735714762
U_4161,0.24420359887103515,0.7876317105612487,0.263972335375685,0.03538011111706463,0.037679682026984185,0.19724401880442863,0.04620155476318611,0.0903618337454078,0.03503768268758471,0.048833535976457,0.05370412100022219,0.03831720251005665,0.12674854407796213,0.7132458313443347,0.5569758318136795,0.03502614189089269,0.148287953857346
U_4162,0.2717672152327494,0.32449717036896986,0.3376145027470477,0.06576538066602255,0.07069025513379681,0.2174836686414906,0.09030428403475475,0.13211442153688946,0.15162429071887526,0.062410690771329796,0.08080921524331301,0.05952242504379744,0.14207573579153865,0.18235974293161678,0.15669582691754355,0.046003971449481464,0.765834943905334
U_4163,0.29259801639154265,0.2403943456444408,0.26536094533635995,0.032753683053647925,0.03174459378919068,0.13367269653212577,0.061445727141953746,0.08914519773199371,0.13454772575731647,0.06816467011836967,0.05155279710409545,0.05207453145638587,0.08699741430852698,0.6135514321120925,0.6147874350935337,0.2627506998686364,0.11016314274137139
U_4164,0.3298097273839224,0.2828545978228513,0.26808676210110266,0.04581909053318991,0.04733913699052608,0.13709008687261226,0.42080736435590016,0.10760696590284953,0.053859367882621634,0.054900269023130756,0.06608421143551861,0.7289624369518535,0.16892620034500822,0.16667829495335698,0.3066904004218681,0.047394540167965,0.09799137205003364
U_4165,0.45328712569936397,0.3058356819481381,0.29410548804981634,0.05483957147234869,0.04300136407857444,0.15878835799497548,0.0677665249589684,0.11814355105660057,0.06266971864560547,0.07667093912045508,0.08263493897226162,0.7055160544225652,0.15231401365956543,0.2166469196183544,0.24871333068578785,0.04505886590601521,0.1480017081361788
U_4166,0.25658817722692107,0.2524786036776844,0.7374414159007932,0.05514097457727093,0.056821368911245757,0.25179732989839304,0.09719332075018335,0.11485221624863591,0.0821620703754611,0.07133522454551425,0.05705340578433612,0.06428243876120945,0.13136429897973048,0.17783607877680502,0.26225698637159633,0.04264776033710569,0.47844359759547295
U_4167,0.22043024618065854,0.217802275992018,0.2920068687440774,0.08312468455996534,0.07326264868127068,0.2630335738279752,0.1548732993762716,0.13410395288131188,0.6500628045431822,0.04964716398352221,0.07410666121662074,0.056992536593243034,0.1760477100434053,0.20777816160464804,0.1419467865472738,0.030026456208316524,0.6954162497089685
U_4168,0.1105399543844933,0.16365863807661632,0.15865187499629596,0.0860580051431097,0.10040192896512236,0.17968484670048745,0.15643590279098551,0.15559760890981772,0.569566988115571,0.07001490620705302,0.06980343135070657,0.9507684964933978,0.1677068138189674,0.1642116550983209,0.07114879705011494,0.03890006729044888,0.14224342145824967
U_4169,0.3647343360879555,0.2992805611826854,0.2985914706545774,0.053072745572839766,0.066226049914035,0.25969737994902253,0.09895029476845474,0.7707653929329422,0.08780890201321304,0.09976463574495666,0.0741900953608184,0.08553683882267123,0.19259551191766533,0.20711763889975296,0.2267008264517018,0.033730037436887954,0.2845847163186957
U_4170,0.2187421260268432,0.5377599835416534,0.2593532144954788,0.05822603231585642,0.05771421638732187,0.1650894161142576,0.14593934595658883,0.1130552857243154,0.5633114095467401,0.22586688295204366,0.05567422894573673,0.06610734367576444,0.15124393371887904,0.14462326368977518,0.11744267379306167,0.02428960740992758,0.640122341543269
U_4171,0.3319535553433963,0.6363133001444815,0.9537783110221584,0.05162403556163553,0.044127914419633985,0.1250645919801311,0.051306632352810175,0.08232445604336736,0.052842400154343334,0.06964344159360705,0.055275823796363116,0.0636574890589331,0.14962399624136402,0.16277728838317554,0.24504596932519213,0.03942464356474454,0.1021478853330809
U_4172,0.5951449968887521,0.2203414677712393,0.5351680405727156,0.029016973728588195,0.2756265390012645,0.15887726643545022,0.3245052173835423,0.08341844149381206,0.04986519100237773,0.07600740336901336,0.05267138251258553,0.711139445756455,0.1240179170423201,0.13921910505513238,0.24114366859053432,0.024095428824807873,0.10722923126893324
U_4173,0.10664836556716113,0.1058687448862228,0.7637100984076414,0.06499294581386898,0.38296169250277584,0.1637339996657401,0.18466496357419013,0.1293577775799785,0.40320970553111835,0.07774555244424988,0.07904491550335781,0.3965263602517258,0.16358918866947256,0.15413713011838454,0.06647528587591352,0.024842991661599596,0.1187513545233439
U_4174,0.24056140521584848,0.21122170847668809,0.6957962189976298,0.037474805009330404,0.04277177423410222,0.8555227930634843,0.07517647636343622,0.10606648031775999,0.03698521042545779,0.056104551677346674,0.042687684145895965,0.0498556310850672,0.12399871833931518,0.15096382164572686,0.25578795672944116,0.03129559252764474,0.35955569192492537
U_4175,0.3164554986451424,0.3220439804481561,0.30031613357393483,0.05588581510478952,0.0838142656142774,0.18144743334897462,0.11087710959212523,0.5971107712123829,0.21174386112943822,0.0964320101399092,0.08222564052345706,0.08669821653591724,0.22382779899159275,0.19339386259909225,0.223412898875912,0.04539656320826948,0.22774246439171447
U_4176,0.23667450644123134,0.20000761603046774,0.6720612628040669,0.026048883097482853,0.09429300258367292,0.2229635198802744,0.2036023290719921,0.19161395256067562,0.5447423000179294,0.04909971124221154,0.03323386167787915,0.04907379055013758,0.08539750806019535,0.11989864274728806,0.20020619447655522,0.021963732079503515,0.5612676339318079
U_4177,0.06783751850203736,0.24692007386325984,0.23539393902509784,0.060518995415191804,0.10151778423183268,0.17812333010942516,0.6909896399203469,0.12128717158950972,0.17461900251778506,0.5118120286838719,0.10592732734292805,0.08116291062840093,0.16101777541981827,0.14560399379543978,0.07651974609403894,0.03451138588912453,0.5521362602261976
U_4178,0.27443816293699846,0.24718285492795447,0.26117773832788493,0.04982864086761278,0.05165804592032594,0.31775327691078015,0.08229725453334405,0.12157540808581822,0.05743443745316492,0.060561342923959004,0.05552278975708006,0.05708120612932974,0.1314525908386496,0.1579170119024648,0.24026281533026717,0.04399431268490037,0.8554317867150485
U_4179,0.22393110650864478,0.19294468445253637,0.8586693418299705,0.03684560428841455,0.033841347219133906,0.2472052912312909,0.06906331278327282,0.3837098809348427,0.2888600321413128,0.07192657885906956,0.05375269405271209,0.05612449249952757,0.1223775418202752,0.14136233324156464,0.1996431955088398,0.030144653233214254,0.6088786410642673
U_4180,0.44908530418714293,0.22902884033406795,0.541958708797864,0.03823947279588477,0.05974742823996684,0.2380189088763285,0.08910742956210249,0.0971168611334606,0.12044654201261111,0.07365714674878338,0.07863137669570631,0.31700077432565166,0.16897290879404325,0.1549913424355005,0.14706029719091568,0.025432824277790568,0.1498893227513265
U_4181,0.20570468823416707,0.31747732009815305,0.23800022265078685,0.14801248623300112,0.06753945649603392,0.18105091180461974,0.0763328363247869,0.12368146864153508,0.7361793825031044,0.04941078404646848,0.075937110660232,0.06335102597121688,0.16279846903596115,0.17050831561906463,0.10393198770255835,0.03174409758661963,0.6355661450566182
U_4182,0.3928161243866233,0.34920293581509015,0.2988787861351921,0.044105876687132395,0.04439298417449236,0.2534956070669866,0.07502182645436548,0.11673577355078,0.07147057309014217,0.07638565144764571,0.04904354500867159,0.0680700481628607,0.17737185885703047,0.20453199962835916,0.3388120582742306,0.4530874689854699,0.19417849584094304
U_4183,0.2462850638010641,0.22731964015721184,0.2971992028684626,0.07587504300495533,0.07712686442308123,0.25556909533005884,0.15103865025567817,0.14145702474202687,0.8030931908686583,0.06324986494163878,0.06860784084719553,0.08300813063405266,0.17438577909363728,0.19315150611675308,0.16714041755470968,0.04915305882436056,0.20242011339384666
U_4184,0.25375697684942333,0.23779062217297992,0.25599630839721427,0.038463954693971805,0.04538040340265029,0.2063815804624796,0.40228135651158115,0.11774377358753257,0.12625416999166875,0.6428999225989893,0.049720847560846174,0.06647686233070273,0.119342646311324,0.15581539602797392,0.14093189588932012,0.03077559498930799,0.7800044895281121
U_4185,0.2528740452133729,0.19384788728502775,0.22252594057053068,0.03194180978980612,0.12893984538449954,0.10567913796557418,0.058306796393885196,0.20423728596288324,0.030691567734143485,0.22379815603803635,0.04462768020734115,0.3401643651123495,0.11687457307620885,0.5771206147088933,0.7063774641985116,0.09003592576657257,0.09466828155452357
U_4186,0.27329871110703946,0.2837738363228628,0.3030048339646857,0.0385896860130845,0.05266840355972802,0.26430784586484385,0.0851537554869772,0.11302983118367348,0.041241188628862946,0.061930868179274366,0.05368283085433448,0.09271881447446975,0.11824642619722087,0.1874873134740577,0.2600844128231389,0.44628861034716505,0.7924745427818638
U_4187,0.052767028340477015,0.6064404616048892,0.7437543786601012,0.07754461935446524,0.2690560385059778,0.40710258352602874,0.15460620680950288,0.11735161286503111,0.14934518983158185,0.26702117249793134,0.09363686584491328,0.5310234807182079,0.1452058597732401,0.16259300911574676,0.06729017398409377,0.03011348154302674,0.11761750949705767
U_4188,0.023099890026485916,0.06023956773402549,0.08369328953302814,0.07833948546175534,0.43591146017514126,0.42520098184618754,0.11387157966480635,0.11731366129081894,0.08274278446668366,0.13820805771883732,0.1385834007860149,0.7903140141046849,0.07694897197109953,0.1109479129993052,0.03701290214782196,0.7003419697087109,0.12510516866612242
U_4189,0.32687141685273485,0.2934704203906789,0.8676200643370817,0.05024207409266377,0.052669426841438154,0.15329250534665423,0.07415191465257036,0.10617612864658223,0.06708246694677383,0.07518295247794629,0.09285926107955805,0.06717294358929929,0.16287241566897698,0.18320404190586845,0.32354653616808454,0.05830789307024447,0.1167229654775077
U_4190,0.30954540461807223,0.2733176131762204,0.3477910760455688,0.04270286781083081,0.062338628183731454,0.18372346010464013,0.07221436797518857,0.16503860510516746,0.05954021672218674,0.08327012346240714,0.06278457190480949,0.05986474843661044,0.15081618436590305,0.19007186789448807,0.4738752791331948,0.07079451723484936,0.1435526615459331
U_4191,0.27050718989423594,0.21061865243332709,0.31935233365836935,0.06767902778095794,0.09140078507565966,0.2718665490343006,0.17295509606290982,0.13473852538774803,0.5797976482636897,0.05258122547112968,0.048133728288292564,0.08811539505240322,0.15706628090367367,0.18657541870553637,0.15233303407561422,0.04842925808346892,0.5960953417858476
U_4192,0.36087982835653903,0.2821971528554201,0.9538461715979244,0.057375741694461274,0.05852413869072731,0.14687661508896338,0.07588024112245402,0.0961309658803789,0.059643103222118944,0.06945349337935787,0.08779526582878155,0.07146723945680518,0.2032892973678626,0.18905011062989377,0.296470911507576,0.05326985506544812,0.1595590594973581
U_4193,0.22654730716190427,0.19813047966836475,0.24954762634158437,0.07952468253282576,0.09560917915094826,0.9012829659101264,0.1639508887934515,0.14687733062621963,0.0702533795441966,0.059956651091737014,0.06066498677176824,0.5706354648665405,0.1802644251210121,0.20138011492180402,0.1295155207533943,0.03047368333014958,0.14599740095747285
U_4194,0.2730487759368501,0.2510525312683812,0.2564840892087022,0.043336432701992354,0.03446040721520988,0.19959007796516093,0.042091068234622095,0.09148361780295723,0.038058652205411256,0.04757191178009153,0.04511299262603575,0.42230478723475195,0.1430710704600346,0.7140225255934168,0.6170222371699046,0.03759137582337105,0.17195807262935064
U_4195,0.39937982135329714,0.41453202326467997,0.30999072269317823,0.05429408236575799,0.040714604872330584,0.16825907917068836,0.06996132440046983,0.1317473892172839,0.06064946081379566,0.7047298928569786,0.07509984198069244,0.06636301500298274,0.15335876876278148,0.21394419111920784,0.2671186183229862,0.051440936345220525,0.14714696833319912
U_4196,0.03511216872223593,0.07032113327439164,0.12087651796463247,0.12266329294077002,0.2118950473661091,0.27390180362844396,0.15575582453129946,0.1866108201516617,0.09528373865041405,0.28673658027413046,0.2818345550099474,0.2459212641111434,0.14779406256353264,0.19527231887046717,0.06859169564011176,0.5217906734654506,0.25526025936795016
U_4197,0.20539346961841531,0.3494026153051314,0.563265896607705,0.03314879741528894,0.07937812318281401,0.17883485669818577,0.053128188840654025,0.08605856566143937,0.6447700220201493,0.1153680820716483,0.03879373563287856,0.04178820793914842,0.10547616163596737,0.1127105444417479,0.20327220207690738,0.12156403694697282,0.7302998896726902
U_4198,0.13105195165092914,0.12487138916295606,0.255352474467744,0.0903044563397218,0.12281255999974636,0.26254985026875577,0.14622898790387273,0.16192854193156708,0.8914598185325244,0.07733057819850352,0.09274487870355246,0.6079681917054104,0.18195171492155257,0.20489773188567098,0.0953333011796421,0.04153056323307325,0.16918266563988754
U_4199,0.2052203663886288,0.2109603388614002,0.4956266288243186,0.03067088222109483,0.016844956243600766,0.40001478239773985,0.04440638072436848,0.19073260658840135,0.3085723325572868,0.08149024960352763,0.04019807557197131,0.025304993197977917,0.08693961876667708,0.6893165114511923,0.7905484689701299,0.010413305508323645,0.07975446631902373
U_4200,0.18035894376380274,0.197018288920769,0.18591298269514178,0.03793426167806316,0.04138040982233687,0.8335924496979634,0.39049266004891625,0.10403819602505013,0.6747047308306791,0.05961302680036022,0.057681717436195934,0.48255191059630204,0.15278257677517657,0.1482896786555936,0.09030380180911128,0.035641715724868156,0.11567852773068014
U_4201,0.6488992548460697,0.41755050518567055,0.3650301958244016,0.07772576275689501,0.06469848054166481,0.28381095248036864,0.07648328092553368,0.10969560290158176,0.044711203764654615,0.06259155473409861,0.06637416124345233,0.07540022041986402,0.20384407367097257,0.21195430892549505,0.44104998670556145,0.049767548255331355,0.21266645933532713
U_4202,0.27260009246213024,0.23340837375766166,0.28564825102490854,0.034573584173128585,0.05104493521909226,0.49233518405932275,0.20362268441964598,0.11378074378976755,0.057753690407434784,0.057350746975222605,0.052483187897896154,0.7346510454326151,0.12991061037249077,0.15419645436633855,0.2659063055423384,0.04535171545618093,0.1153572196479069
U_4203,0.06269088172221722,0.23147704665486482,0.1468118031766481,0.13503485315846636,0.15376708376633938,0.9618106906305642,0.20123938373222072,0.15013695962359397,0.2298487590145782,0.09322199994783943,0.10897498046656415,0.08720792245654888,0.23156459458196185,0.2052634496479472,0.08371184127389263,0.04463141508950093,0.15445464744528511
U_4204,0.033042019922231616,0.06045286537192533,0.11797452089641303,0.10814453904733777,0.19970508069507847,0.7390253136856636,0.11747455924776512,0.16615748648778658,0.10013309249246617,0.20928812676683853,0.21536477175695246,0.18799219800756062,0.13519308616490716,0.1785748230364009,0.049291261685851365,0.513631327617147,0.20622581873916557
U_4205,0.3609096642385179,0.2892042559131907,0.3263177819300263,0.0377791959155667,0.07168039714049905,0.31482855512758295,0.7085550818135183,0.1068338974287249,0.06588457502933964,0.07540707732221351,0.06770421050180446,0.0851995130874878,0.17385682115497791,0.19110867034444134,0.3273353426793422,0.04550176419784502,0.16923747399440564
U_4206,0.2248407282833103,0.19591672159852588,0.17114368192241447,0.03132537783766756,0.026852389439590507,0.26228080905911166,0.06880379139853808,0.1069564846820254,0.5441325157013781,0.2157880145823586,0.048447416287132825,0.33835524179055193,0.11408187124137517,0.13369960976302053,0.19482381162903395,0.30915195228875414,0.8431962910953051
U_4207,0.19786471306663708,0.22795228326289108,0.6113492122206926,0.04491051745519104,0.04551688709279277,0.3163467138334205,0.08247360939666021,0.13573800371265055,0.06663086356663449,0.057746510300881015,0.06332488656004663,0.07502501477849659,0.1543991814906285,0.16367022614529209,0.16262823943203095,0.48982287436061045,0.4493110407417024
U_4208,0.2991187564791513,0.25016487275698696,0.564972998916668,0.04811604568460655,0.045987715596370826,0.6164817104663687,0.06457827637940415,0.568080897013484,0.047610662650177216,0.2923966708646283,0.05782864684034296,0.08215091859123547,0.15257509076662434,0.18252481618640645,0.21816453709018332,0.029689829339809456,0.09832348131811681
U_4209,0.09241909382940705,0.27045882664135396,0.8419311647504996,0.07530507094148756,0.0991530591724294,0.16009594206701347,0.144127225043086,0.1358156465153711,0.24847912471382405,0.07435416486679818,0.08606452291663079,0.4682419089756933,0.1590068827075261,0.17678883381178198,0.07754667994033357,0.043085413137829286,0.14421275374543877
U_4210,0.2636293865223154,0.25474352407309375,0.28757391193338816,0.053395543974860384,0.0556062039697029,0.2798572898834988,0.564380187827304,0.5239738589400738,0.06796929433759637,0.06502369699921216,0.0559765605931759,0.07065498402073438,0.15297034475693044,0.18022607012173755,0.15428414335874494,0.02673764164864683,0.5767922288053567
U_4211,0.5316894484825542,0.5370955585593401,0.4840821072580119,0.036325906314659394,0.076150982028063,0.42448175325349724,0.10510332010910134,0.1522587411405655,0.07388743608312005,0.08379851731638964,0.07018236453296041,0.0689173476971233,0.20584051713905113,0.27053896489515805,0.36478082800930156,0.07774365124607474,0.23230178944749194
U_4212,0.05229508428638242,0.11162738913245347,0.1080261607143907,0.10031757346272872,0.14154885702340764,1.0,0.1749704407660505,0.14460164577779536,0.18267530708570517,0.12501825614041484,0.13422226919444435,0.09579469649141871,0.16153723637869916,0.17334178203353526,0.07734944351049912,0.04535029892664567,0.1466542149895597
U_4213,0.46956634572017236,0.4267296462660879,0.5026039485245678,0.07416612264663458,0.08242422439013901,0.3403763768929955,0.10799999650354594,0.16558639182165472,0.06923479086255745,0.09975373792471842,0.09461284420603706,0.0804812788859343,0.2061702716376852,0.2642533932187731,0.3992682823816231,0.03926213031510336,0.21487562460507462
U_4214,0.22745129733638905,0.1994530734900908,0.8725181789377849,0.03107683671612086,0.026186704726091258,0.237280178147621,0.20624327928077546,0.21977802857250883,0.31528790349237434,0.05042963730258479,0.05841965452544039,0.2077231880204478,0.11259337672640045,0.14250554985192418,0.1502835138307268,0.05156156401594057,0.22644118948544648
U_4215,0.2532416930453035,0.24684537684003954,0.285520145332344,0.03843763629648831,0.038306617751592116,0.21017201798307245,0.061482147608334405,0.09515915348771543,0.04332899129640407,0.05067754621696395,0.05270416646912239,0.0449834637117409,0.1341751338551792,0.8178374593990317,0.5738882113652422,0.0351248042789677,0.18440836189539425
U_4216,0.22501348676377125,0.33966416717034326,0.1833420562671412,0.0703042214159115,0.05878205634457008,0.23819376311496349,0.09022765259054522,0.1439947902768253,0.14283596903173182,0.062101895468130636,0.07986782572554271,0.06507897578208421,0.1506631003283519,0.1852127729179854,0.12085002655035793,0.047236016853729024,0.8074162333491981
U_4217,0.16787850787615116,0.20452215884289723,0.9725404577545155,0.10034123392205016,0.10972161011246857,0.2182437364946676,0.14178328264288023,0.12909480758183675,0.19882037526178242,0.08220315680547424,0.09456330668799998,0.07611868255405521,0.18479315869684976,0.18797670474772604,0.1072201712247045,0.04319531080691436,0.1631079033451927
U_4218,0.28118544276916935,0.22449231036962902,0.23985260357207305,0.03675425594158768,0.3707659833003834,0.2806092845660793,0.07290810793664985,0.10761322601593995,0.06755635641207235,0.470096471646962,0.05069438064507294,0.05821520753025241,0.1284156901264569,0.1563643120010959,0.24354030582876673,0.030586840811145103,0.8130065283912091
U_4219,0.22773714500537592,0.660227943754223,0.8450636109072609,0.026683761741134064,0.14238594491702297,0.34383989503418844,0.06169484508083774,0.09145695086116187,0.04009033756578505,0.05192771165321767,0.06148963833139141,0.12384038236413109,0.11363599420478851,0.15512037195725104,0.18870882171451245,0.18036326432964667,0.08987389702536958
U_4220,0.3212806429713415,0.2555456883757203,0.3142714317688275,0.047066198741855095,0.05184199915580779,0.869483133615973,0.0750357716101191,0.11584312367999014,0.05940007041473622,0.06681400495228308,0.0819899161450488,0.07488493096452187,0.21061698058138278,0.18386839745448466,0.32522150360430263,0.05209237208139752,0.14240271488580092
U_4221,0.1649237735452597,0.4607762357004964,0.2190382524502282,0.020402131528279875,0.01998244822113124,0.7815086289658403,0.07040927271006157,0.06836971699166455,0.4074258204488882,0.04894189483454027,0.03411999839400554,0.05302386721512606,0.11344180820099653,0.13831828789028064,0.21823462245186243,0.10471014488473235,0.12049661341466834
U_4222,0.23770032963706955,0.21742340989478992,0.26213164751555246,0.03680526334292065,0.030268774083468508,0.6427958030995109,0.04296464977206283,0.08923061985126014,0.03173937988209108,0.04838118086240434,0.048715586615120564,0.03443646964145931,0.131404035952713,0.7881307618985799,0.5574933442372799,0.0369099340518348,0.15152483864150534
U_4223,0.03269154822852584,0.3248733932643771,0.419794537844295,0.0908234958701398,0.47594213111698547,0.1305656119661307,0.5410714295308836,0.12064724262573204,0.044067879545480595,0.12505167905355846,0.14271790905015466,0.114256944771609,0.07328114351005674,0.11113351519268239,0.03654182637865036,0.6913756197528453,0.125919755635229
U_4224,0.284603140871071,0.2301898315941149,0.2619269765442272,0.03468570764997626,0.0344428749435605,0.1708623827791564,0.08074772058591213,0.5373208989587237,0.4906702539547439,0.26641047422159114,0.05842972519649819,0.4488532908128617,0.1438936369470896,0.1579446708670537,0.2543587426351223,0.024901001430971896,0.47180244499801466
U_4225,0.14028616083273593,0.15502885382834,0.2267609832925146,0.0691472907373453,0.1098925061686184,0.18086051029028188,0.13755961665820493,0.4031419747431915,0.8835709166924868,0.08793697681687505,0.08535729447345294,0.09865936921037952,0.1591502068543781,0.17818558557461467,0.10684609356869239,0.04999411715451461,0.18365119108460395
U_4226,0.28718809243145077,0.3125039984595024,0.4145226989850783,0.031063712142797517,0.22843827496811223,0.12438104393644991,0.06591313875070721,0.10439378201166245,0.29689064575338925,0.18967658000258622,0.04220470931869207,0.3564520572378677,0.09796895864209514,0.5783081878982578,0.5251605712979978,0.032619398397993105,0.0963759849430744
U_4227,0.3124261842337128,0.2631760187688029,0.2510342359992929,0.04010119381819532,0.03564373248414483,0.11691707141688128,0.5696512628214787,0.10497138617199478,0.044745154390691766,0.060797987167814066,0.05201664708377709,0.04954557149701916,0.1517777808550454,0.7597070517562593,0.2702237452097493,0.3319659838542174,0.11494413627673644
U_4228,0.23752499572370292,0.8088617039636978,0.25567471624780175,0.05325340334687759,0.05146359738201535,0.23141598667976368,0.10423558651008057,0.1115861031124241,0.3860442595377001,0.49085348427660047,0.09388260574196834,0.0845848311514443,0.16489256842100686,0.15166480051742387,0.12672465640396982,0.03350252669762291,0.1516530564983759
U_4229,0.03287733923232549,0.04531048584511499,0.10559855699915519,0.0768477273786275,0.1748306251552777,0.8897652067559593,0.15088665063682338,0.15259659834176492,0.11476535318216724,0.23102859029028167,0.22971547005913706,0.1710967876189126,0.12058438664225127,0.15504518359430408,0.04429358536643528,0.3807960946700735,0.18750943398973074
U_4230,0.06843754662750418,0.08388442100011245,0.08312806058158259,0.13293868615469245,0.38749315386691796,0.3309888337424361,0.13738234005038963,0.15624876381833697,0.05411896291176402,0.5036855432747953,0.07950242446549051,0.3503126016403302,0.06532664529570835,0.12280098426335574,0.10203834908298126,0.38442573924347867,0.15946363740011368
U_4231,0.033183336567478655,0.0764743438717479,0.0909301916432603,0.11420338670629873,0.20471098518108038,0.176541905710837,0.1613353282214063,0.15525565111510942,0.12469040708691989,0.8404657692292448,0.2101950023603435,0.17158359637575638,0.12355462356386036,0.17977264903817483,0.06058413302755034,0.3689659100264736,0.19310892671930227
U_4232,0.03632107463823926,0.24027370173777585,0.22198958324964524,0.07460116581886832,0.1133797385079457,0.22636052458536648,0.3191685470566985,0.11103165573262991,0.03793881013008886,0.11119207338289745,0.10128687963075478,0.9082380948907223,0.0708683521482252,0.0669439735381733,0.01933594218110115,0.38120549810511173,0.08325664958295459
U_4233,0.14705845001919102,0.4465766601565058,0.3711014895455907,0.09648907744322943,0.13759150232559672,0.38589482657530133,0.1651249651140223,0.20421933709184314,0.3271344042922237,0.22603651175035572,0.20716415493009865,0.17521415401881674,0.2899425803160788,0.3160498728062023,0.13932715203906398,0.07067540352180154,0.2205097499870385
U_4234,0.15637042419082545,0.15409345765895788,0.21498917408742135,0.05856957168051748,0.06190654869256543,0.21633801939846292,0.13810931424460768,0.13557269601567057,0.8762845759390401,0.06840421036293674,0.07377560177703855,0.060179786372331866,0.14593528622104815,0.14564246989311944,0.0706589038106835,0.033189043490187746,0.3485239457613092
U_4235,0.24266701209899302,0.28636184609446574,0.27077129953900975,0.03805654850223613,0.054861799473820694,0.17808459900480805,0.09786357191484948,0.4520209670564512,0.1526481576278548,0.5883494437704907,0.07566125197828738,0.07374369476207955,0.1368989259236461,0.1593369029647909,0.09391114065909197,0.4525701815016484,0.15870089643887436
U_4236,0.2954668837287929,0.8129254593085572,0.24195321169087397,0.048849491616603194,0.039459198189344256,0.24959567936979404,0.08249341602530004,0.09679063062688416,0.05776614369154668,0.07043294489709753,0.05287018221259643,0.6313730434309663,0.15720322983838497,0.18355743877490768,0.28615481427490863,0.04055248557617344,0.1334504163157807
U_4237,0.3570894197721132,0.27428574144417706,0.2655813089836181,0.06360040039743332,0.050058584993420224,0.15930109752171098,0.07436019851165591,0.7434040712148596,0.5307096850510179,0.06357336682584451,0.05064254292982458,0.06422605778607583,0.16529871382977107,0.16799588688353748,0.28332168504170785,0.035510291312323194,0.14893792399603775
U_4238,0.29721513699978847,0.2749198603768757,0.29476715127548686,0.03373286758293409,0.5117087851473942,0.28622748392675096,0.07953418562469984,0.10575930140302642,0.05261513639727845,0.4732144541445552,0.04871660197254629,0.08063343290977606,0.15684815335834973,0.18027701543612198,0.27971697407643253,0.5283386621916826,0.1404674885594732
U_4239,0.3109218969352531,0.24130553029231333,0.6302120316196169,0.044266709799526904,0.4213094212025838,0.15745251310287936,0.08477867623371364,0.6055502371556353,0.05825883672707853,0.08221945435882948,0.06195437251040647,0.3312399373768937,0.16365247509645367,0.19080440708889548,0.26238850619237364,0.03622512918054166,0.12361796211035841
U_4240,0.27799875813628505,0.2932347806613436,0.2655786703252432,0.04605183276907587,0.04115351775614709,0.20667553520827467,0.06558275199068438,0.12870957956419488,0.054617100409444216,0.0593587656935808,0.06437999958302495,0.8059444603797496,0.11539665555519131,0.14723834092736393,0.22756152167282104,0.032084678907013844,0.5037069033067995
U_4241,0.0349090333370766,0.06197029897551237,0.17579483382932504,0.10719105430102387,0.2026928127464386,0.16169460526848667,0.1615372759363025,0.15711394325986996,0.8331111895791697,0.1997933474679917,0.2205207355358687,0.21557274515348948,0.14225822157135393,0.1554381514345679,0.05935606405926718,0.3804843627508323,0.20711380840712376
U_4242,0.20199020511071908,0.6007883057184066,0.26813507960822675,0.050450176466596906,0.42819485276780844,0.2563999422128828,0.2772732442064345,0.07988472319729725,0.4181961046385472,0.07380453985204494,0.09942043298010204,0.6738216426991848,0.12762221118186443,0.14364347205562564,0.08681924601025909,0.017194201515487048,0.15043813600002523
U_4243,0.2365227880760063,0.21079519650072767,0.23754809034249746,0.07342235531827085,0.08973640785472196,0.2600820283693357,0.1862281692352378,0.1472771792109265,0.7263306824955478,0.08371035047100191,0.06415908740275139,0.0664944932329137,0.15650059199237282,0.1882562709198205,0.1555178633319428,0.040152490394616366,0.6276460093054614
U_4244,0.38275919339409925,0.319817625986118,0.3129034314649871,0.03898971419401087,0.037560299744510584,0.17738600032822174,0.08405189834378257,0.11490862725459251,0.05106632794629723,0.06936515850133776,0.05743158694733938,0.0670279854584665,0.1452717272021645,0.18923533783093047,0.3047937077875856,0.7326637237197045,0.1524821270872469
U_4245,0.08228943253293909,0.19800401415326468,0.12088233398440772,0.1009326588013321,0.13022921045991415,0.9425888573514487,0.1764998344239356,0.1557421059150705,0.172009404764372,0.08470492586896,0.08745537222273163,0.5682912854682542,0.2005280320506732,0.2178957792159253,0.09159904571946906,0.03261237253352535,0.1524189572805239
U_4246,0.0861012469077752,0.08998486202008263,0.12480274260514623,0.09674457938907141,0.15791199882683193,0.17363048188892446,0.17137291491922896,0.7990108631386856,0.22610182026207298,0.10425867652107568,0.1118841797022609,0.7779368764400275,0.20288344128750646,0.20257167763722184,0.08932935370276993,0.05449510601880241,0.18780911629804492
U_4247,0.034257436630277784,0.08987458521554723,0.8205863087310682,0.11593624826991998,0.16474879683673976,0.14855939046294914,0.14286813960558942,0.14360734168100453,0.5536759293078508,0.1636683334464443,0.1728503353481054,0.19008672710103705,0.1278076319556911,0.14236278156950355,0.0564952015555919,0.30150021511103164,0.1970946807519686
U_4248,0.12787900677263758,0.1439292192227883,0.3501492847206742,0.03294438791382575,0.050248821444812276,0.8206123492929559,0.2827422524413344,0.0765211068716048,0.48155092278358425,0.03787793468278249,0.03480298969418442,0.06649569621424312,0.11523010643621419,0.11599880248548207,0.06309687629001547,0.12972909394252496,0.4571914304555703
U_4249,0.23086968309699066,0.2790158318794092,0.3690173496860802,0.11526568272955023,0.12108639066798546,0.4327634597293644,0.20142289058823823,0.23471338123310317,0.22284332487398556,0.13291536039580984,0.1379327511451785,0.109269594404723,0.22907368718775717,0.2597955669722057,0.15960536287630528,0.05895516065684465,0.23409039532461612
U_4250,0.28344323414655265,0.24684696423454877,0.26803911928882984,0.045970099281395824,0.035113440477656285,0.12268585230342301,0.04549865327187461,0.08789878563168635,0.5129584749868522,0.05672680371698128,0.05260375643484394,0.04306759072429842,0.14927099429504284,0.7375918939400248,0.5802857549746544,0.03589245390550268,0.1567021041283169
U_4251,0.047559734146091465,0.38533125982797617,0.11629801096456474,0.08098770272389184,0.4101506510906788,0.8444610882544705,0.1699770625302977,0.11456440631589614,0.17231497370693177,0.3474457789543549,0.07563723118100246,0.313995143712305,0.1570737434505134,0.16317634508854864,0.04528608195724354,0.04273244146459098,0.1286777824676159
U_4252,0.21845707306399717,0.19132529721695046,0.27305692491992767,0.02714642998326506,0.05122602793065411,0.1571822027040535,0.08390249413926401,0.3181201173360869,0.6831142687198741,0.08024508584493809,0.05939203126589428,0.09736208829449552,0.10279607190037554,0.1523257185630403,0.19197264390920266,0.3045243187487395,0.625347730795467
U_4253,0.3196472915438545,0.2656281760447165,0.31998201770032997,0.028179057534175662,0.05284650769811989,0.2870883409493628,0.08119662839982028,0.11848513428655678,0.573855957236151,0.0769628286638045,0.06792022475012302,0.09093567772392246,0.16588220975395485,0.18979191083775848,0.3345277052747957,0.05035316857485707,0.16390536453806678
U_4254,0.17424041754169423,0.1372581290226136,0.20437629835104323,0.06158259976022947,0.06703582998886222,0.9174785757052696,0.40471575574653296,0.13093013358361782,0.35354163194688326,0.061295677437901104,0.06287909181617679,0.07125095132564506,0.14093416828059646,0.1360594928229487,0.07711638413643034,0.025167927139106854,0.3702757144346027
U_4255,0.25533014051963127,0.19285378855850827,0.26609395387876844,0.08875753092312005,0.09231835400961909,0.33358393044682255,0.13527933932287872,0.15528424119229833,0.8653325089176355,0.10822456194046187,0.09090401962438653,0.08977748753519886,0.17562054423338858,0.1908361525650252,0.12231302417957597,0.04969853768291005,0.22647117160539085
U_4256,0.05488769664092673,0.0655835867974352,0.08272537815325805,0.10111426904438382,0.13343956703413648,0.7980902967747561,0.12662566400411096,0.2828665791117894,0.3256914317095072,0.21627448820125408,0.20524777173002778,0.410103432379299,0.08568063088784607,0.11299386615787363,0.03175446909446979,0.30902596750866707,0.15876089533203186
U_4257,0.17773375410109407,0.230347614976547,0.20615890189660496,0.09644162647612123,0.11673280568551328,0.22978552682185238,0.2249642500175074,0.18526024994907297,0.21383267825540098,0.06944463644466523,0.07534365123050363,0.741496962917915,0.20074886066708678,0.22785071768870757,0.10623349104867388,0.04088587084332737,0.17798025064057527
U_4258,0.05304952680250894,0.1288555508540854,0.584348500487475,0.030727622040311334,0.05336604230718475,0.4860405473292996,0.11539224734577377,0.08104080129212102,0.2678837078113426,0.1826510268993558,0.04494019536106496,0.7192032590517373,0.12269357633037682,0.11488721727939494,0.06266180060742087,0.3277602167054881,0.10750882717957215
U_4259,0.06707475177929645,0.16897307396536582,0.9367700202777635,0.10549012532740512,0.09862184914276656,0.1845787430462354,0.1681690484842828,0.5012937836916254,0.19623994617447799,0.0817066888244316,0.06741217267202126,0.3765732127419784,0.15340221908839022,0.16772743935818502,0.06052414625094801,0.04126174630229978,0.13825598216160642
U_4260,0.3907018148685817,0.7013849038554438,0.3340091205850688,0.03716320170839385,0.0450134944576493,0.1579308764284909,0.5864793869463356,0.15264828804324607,0.07588417215594992,0.07307128528640312,0.06377205620660942,0.09712954432625856,0.15933768055965555,0.17841854537597104,0.29169664247249166,0.03961227217303465,0.12583487175596575
U_4261,0.24191036950262446,0.19876614148158908,0.24945513937158295,0.023687986285334885,0.04191927074746218,0.20208718307201293,0.050084349536853416,0.09028652949534417,0.29836927259484214,0.0541468206188308,0.04394530814038952,0.5729654519886734,0.12011367335164144,0.5731153677624875,0.7661299185224435,0.03066502181699351,0.12824626299953507
U_4262,0.029397308514526307,0.21780642141180603,0.3689648342910604,0.0850406658666837,0.12716880663330535,0.3799324202519964,0.12225211619714751,0.12223689915853593,0.08310434471614088,0.14800842201046224,0.15666865781819667,0.7511512896007211,0.10043805607405534,0.1164872446973981,0.033250940201510044,0.2750093264622844,0.12134406523320784
U_4263,0.5361284783110396,0.18915875229504556,0.6874315593238189,0.027529975566860456,0.03878933069815987,0.2575417947001892,0.39425865263083687,0.09931043155175168,0.41912512069372454,0.10918370308685135,0.05405970678721899,0.3460590956059639,0.11329156013700273,0.14712507888287313,0.2591735486785335,0.028895057968650245,0.12895971011002894
U_4264,0.1970287652042313,0.029156989057861918,0.3418189450829971,0.05518304315133425,0.4656350816633179,0.8483792022542682,0.5907102723690735,0.0850006488692873,0.06136114103911638,0.09302489134383006,0.09941769238606217,0.40350402037263655,0.07358536339187255,0.08613307117804751,0.01954487207023568,0.28599549368755667,0.09449933653148299
U_4265,0.3359350424333041,0.2622259739763005,0.8471945740192895,0.045833924903684986,0.04765465683351787,0.1400781027661,0.06698052612187344,0.09228988722210939,0.06150034016243566,0.0586091311024555,0.06978341941181682,0.4397459464548606,0.1354244374690074,0.15566471661496797,0.3009420262431074,0.03627307793576903,0.10255714671749915
U_4266,0.28358491750360326,0.27437073472077106,0.2739439796590826,0.029505593710602122,0.049202062025651486,0.4599841280164481,0.09847151295474037,0.1176414445191336,0.07121804110044597,0.27885179952254446,0.055170222194920605,0.07350802650484536,0.1433955937096037,0.18168516113418343,0.27334474043528834,0.38757152471923906,0.6584684587682434
U_4267,0.11329766336418501,0.31948128719982305,0.2168771955840328,0.0770368161890711,0.09925983164755713,0.19329577515163868,0.1428960393537287,0.13487099232672844,0.968988203872986,0.07788451136835291,0.08684973236900397,0.09124136066719034,0.23142035354207735,0.19626439828816206,0.09723413439119696,0.04902751331501989,0.16666587434401753
U_4268,0.4313801991842276,0.3466343464645826,0.3178541315728808,0.0528691999073244,0.053589365249437367,0.199555921416674,0.7801900220891896,0.09764549848442688,0.06919500697198681,0.07125850860876574,0.06914492539689097,0.07496524362008386,0.16813386375197217,0.18546639699958328,0.321428894290017,0.04951552615930273,0.1579132658370653
U_4269,0.11938880980340924,0.20809171341803637,0.6319808359430702,0.0361193034022632,0.04285149791794737,0.17808110772415603,0.10816233322915153,0.40662483101435926,0.4016127254856619,0.05686093459610027,0.05541155677169842,0.3141609473997077,0.14794415633634037,0.14875703733142717,0.07992794424924393,0.3163524999481718,0.10870538192841517
U_4270,0.0516372501443187,0.0905432725091947,0.17312783472712684,0.10243634277665416,0.16805134565095226,0.11241718575682715,0.1368689420591513,0.148505643903896,0.06645413774125712,0.1823882701704207,0.17886520014464288,0.20864291852010908,0.1306915136369242,0.15225542024719357,0.07461226191988063,0.8944593678843439,0.16623441773552497
U_4271,0.23779177859876593,0.2836890046620154,0.6713524035041786,0.021337222849334724,0.13827663614404961,0.39491861718767507,0.07029972185817285,0.1888661455030005,0.05205393207506491,0.04553839557962249,0.0327808917054854,0.04017074499045735,0.09277437056963482,0.7896243088438634,0.49378882678028513,0.07105605379843702,0.07143107323169118
U_4272,0.2744072174568797,0.5805415637983241,0.260429416747752,0.036097402748964225,0.04377343386168396,0.2169647120592136,0.05269440922873105,0.09136911022979101,0.03469633059291909,0.051089741328507146,0.05050156760807885,0.04040239911069228,0.13174334744123756,0.7230559640056575,0.6250744315486532,0.03759362820676104,0.16393542612894274
U_4273,0.0345790056809144,0.06374224638121863,0.10244139360838643,0.07450748937823537,0.15991884233863352,0.707652321216789,0.12016082092213973,0.1574375220372059,0.12652663678329715,0.18781718356492022,0.18294803202451074,0.2523049261108081,0.14130613199354494,0.16321681874836474,0.07645580182068856,0.6028627995276745,0.177124853846348
U_4274,0.2190277586221736,0.8376057511285461,0.27478934431122753,0.05889867957622427,0.06393519813591786,0.2549427879786962,0.07681007584548152,0.11931559399423503,0.1083696873076271,0.06269067724488736,0.07216680977986839,0.06634274592691958,0.15945516864725212,0.16884992958607822,0.1117911059358044,0.025336255069385503,0.6439090527285517
U_4275,0.20387678686982122,0.13664231581802436,0.8003152612186168,0.045134186545310186,0.1294808141317419,0.7785200527264359,0.18754063931354537,0.10346628680560599,0.15347973260069211,0.0691035093393184,0.07257871686365397,0.07917729736907497,0.13149805303552542,0.1318595627094202,0.09943187656154481,0.017892220351864923,0.13040323548290014
U_4276,0.08945417645178134,0.09265077750174733,0.654102887694505,0.0945360582981093,0.10314973808029618,0.9713132573568246,0.1329998310136632,0.14359963060248174,0.13620947188509983,0.07585875598257932,0.062182563089256064,0.35026177815503995,0.16660880104961928,0.15187350336078154,0.07256598558614795,0.04303128480633446,0.11661978640668096
U_4277,0.27171128384289633,0.2515941520990126,0.26712649637932895,0.04607933474202463,0.03414618157213091,0.9901662221770193,0.0730353690307692,0.11854380735852832,0.03968814257853829,0.06407546358817726,0.06014239155884701,0.05666121959139864,0.14424160633247968,0.18247882245980354,0.3143029643360012,0.04758318185843571,0.17040674926636928
U_4278,0.4591503560418557,0.08151774768096678,0.45301695615976945,0.1256099512376648,0.12347632470531783,0.07446106838747242,0.1839713098542021,0.1212191484810849,0.5533346370425956,0.045425479049283325,0.06302102934311714,0.4181110329665035,0.068470758687112,0.09065164849675686,0.11240073015137933,0.43357132798822307,0.16019447833214154
U_4279,0.2086960395910451,0.21878017394710195,0.23208699099378574,0.029754189370242327,0.12552020257032775,0.3790636024196675,0.06968693590458805,0.1063913310346801,0.41793037086654683,0.06225936415006171,0.0533093764537908,0.6593423481799948,0.13274007738645188,0.14150903476741042,0.2751804708844758,0.04048129333216987,0.31644616186121866
U_4280,0.2856502778581545,0.23157995350983732,0.22621304761273686,0.03852002795871505,0.037839147884317754,0.12771114779523407,0.05951524245272912,0.09484095728025345,0.5743301969086102,0.055104197228846234,0.04542390727402426,0.05495861449715599,0.13054589337165057,0.7453985189463744,0.4376555121289037,0.02873886156540025,0.10318251159941745
U_4281,0.04179523143692055,0.1351765910558075,0.10033876775979218,0.1001651436864477,0.1615208320085786,0.16454136871407948,0.5584677482840328,0.1472858505076382,0.08148586047501344,0.12818140963323146,0.13319221154325292,0.183976946171915,0.11328977207629341,0.12048881536765628,0.06671089665952479,0.8524147340908782,0.16865277227509046
U_4282,0.0349441128881877,0.09914238906160713,0.1002787110929948,0.12815879546720563,0.1991741939675913,0.12520313608373124,0.7842588080565165,0.14714142992128182,0.0916078021424971,0.2052276145082456,0.2210113601640691,0.39031102642125615,0.16482756045100233,0.20304840760779083,0.08342059009516493,0.3179345332260079,0.201661895809504
U_4283,0.23569759818245953,0.25687304488984253,0.9914161906228361,0.04950594280322922,0.06252031913095538,0.17867363343643033,0.10088031772388914,0.10479978085408964,0.17387969209537602,0.06373934529852705,0.06079197849570554,0.06912002769230102,0.13440101058373122,0.1646696634468431,0.15160214085558005,0.034956725892103344,0.5002487575503193
U_4284,0.2540306674901566,0.2083222152923921,0.5313748083966231,0.028698280566387697,0.03362541844930451,0.09831072742268873,0.04412089952702378,0.0852564817867188,0.16647046381680486,0.05725056995210319,0.04557199144426464,0.03463985587603085,0.11524033158605158,0.4347676056749755,0.7993135721495074,0.026706786976112735,0.11974114870099462
U_4285,0.321609307624955,0.2917126129036589,0.3030444573219768,0.04217962060898224,0.05592091971557523,0.17989534798347848,0.6752838348942114,0.14357590386341862,0.1856292103440716,0.09766013078432445,0.07717047818082827,0.09995424058392556,0.17152818127852967,0.18012238214352985,0.24866458050084742,0.04957873179925444,0.1755277660139003
U_4286,0.45833751838989534,0.19010530390780211,0.8001518123168381,0.0315865691326408,0.031933963683357214,0.11700076878905516,0.0535070123488716,0.07707642814840863,0.03864514493732556,0.057448986811886336,0.04140175847663335,0.5290694253009164,0.10726056007222673,0.13446724914771316,0.3462678277990955,0.025079762008987823,0.09349621971497266
U_4287,0.20610672734308252,0.3142725432234583,0.30010040512714137,0.06913972418115286,0.06548823054065472,0.32788443001396517,0.08374858689517957,0.12316455941196991,0.11984625088477949,0.06945464777975666,0.0834231966553981,0.0630102484298023,0.14372128046703694,0.18882249769438325,0.14779032644816079,0.035453719087583144,0.7823343586226025
U_4288,0.18091639684927222,0.30603064469310626,0.1899473344188632,0.06873917464446493,0.09927541271636711,0.186874509628685,0.6919925546446537,0.14979751730811963,0.203349554655338,0.07372557564303002,0.06995935887754229,0.7465536416804792,0.17325498019562852,0.1957097087676724,0.11598665822346639,0.03621956100610376,0.1496579296940731
U_4289,0.5459215786439595,0.38289830974059963,0.38102995885571417,0.050499570488665185,0.06630088433063121,0.2140454116490843,0.07979670670099698,0.14231838814240944,0.09141436400050815,0.08387714169391647,0.07492572915195699,0.09380696552324101,0.15506387469766,0.24834476740537595,0.3875764224130687,0.06018381762622453,0.18457850178547325
U_4290,0.21258635164115713,0.2279770585415302,0.9046367550491572,0.04975949502235611,0.0511937791063325,0.19786041224667225,0.09981461507791492,0.1072973426260949,0.1166877343581341,0.06341982240832017,0.06077257459287674,0.07093587675956117,0.12400093611872891,0.16477831730648976,0.19541931992327125,0.03991218148000673,0.5666768090155503
U_4291,0.14026655938830476,0.23522098772011577,0.25141684094824623,0.06443623800342307,0.08742051284541719,0.64736420012612,0.7501431271245496,0.13135238413476083,0.1789445065851557,0.08484621214580007,0.09126393378395445,0.08370738607650491,0.1534349413645407,0.16238521850837892,0.09733390560628433,0.046565889369076095,0.14203968339432055
U_4292,0.22570997653996452,0.44065918774922536,0.5258116430961394,0.03262937104028825,0.0841710418604192,0.2643309256876371,0.12370645997063266,0.13902184921633148,0.12686029367302015,0.050750336275050156,0.03991185648548539,0.18444911642238707,0.07988363985269381,0.8118616325194279,0.7094322360994658,0.00881502546527765,0.14160974725800912
U_4293,0.42736516347438186,0.36609777717581965,0.3177438991109803,0.04376103111954544,0.05526080146830828,0.2115638765616289,0.07190388493677581,0.11330070179555671,0.0798135578631484,0.07379179144270553,0.05271205102509288,0.05621911021596753,0.1476100150739223,0.1938999921933373,0.33900825421722447,0.4400712575111133,0.1656842275300309
U_4294,0.30629927128077694,0.2242732248843303,0.8757511304886365,0.03720671242210616,0.03318736956221535,0.2770290769837783,0.06335076536327651,0.09762226706098004,0.045121753538192685,0.061527475396195214,0.05045849715110852,0.07492739255027274,0.10570030068218844,0.1814442885099581,0.2379111347352089,0.028467074289982935,0.679086130199393
U_4295,0.27499546523301677,0.30191229874904474,0.24048544415135795,0.050957565060916525,0.05121297308621588,0.26882207948602627,0.438218509424388,0.10716259171092986,0.04437235290455835,0.06544568576456343,0.059647788265552414,0.039893974079949227,0.13769620254188525,0.17364742540950162,0.25806301635788687,0.475360976628874,0.5521369447268999
U_4296,0.17362043477341063,0.16675859953611408,0.2306384833974845,0.06117941621970688,0.11416698276177979,0.3198076033633991,0.13383246602631915,0.4596371766360852,0.7041833187033283,0.09195439875825581,0.08093485970978043,0.09439470854581013,0.13464026226013923,0.17398158520493276,0.11756353931859358,0.05778702300224242,0.1458086923532312
U_4297,0.23236780966287884,0.22836404261625776,0.2548707007953217,0.05561572964138152,0.07692106559938722,0.22734141382629816,0.3033944611960744,0.4183524613994547,0.7441219490901172,0.0806971511315028,0.08088865049228619,0.069108473044527,0.1813733467615673,0.16334816189637305,0.16013839543557035,0.02843109058255048,0.1580566305320201
U_4298,0.3067432733191474,0.28540838563766,1.0,0.045281003888284516,0.04080496844705237,0.15828172394779744,0.06655430129859341,0.09631033584679335,0.05118988507888566,0.06618628406311772,0.06873889272636385,0.07548489025505137,0.1734773569113315,0.17534647095336664,0.2649879163008088,0.052903391310351724,0.15679552247939071
U_4299,0.2145461650488463,0.17788437835069612,0.9021087584132733,0.02057406985266959,0.037128006492817,0.20020556740987866,0.05991977933831354,0.09599545749851952,0.05710327524920897,0.261097542006121,0.05360417105792762,0.5164819880707023,0.14644565344306212,0.1416158180801259,0.2713964219165077,0.18469828151271067,0.08979208798068442
U_4300,0.24005756173567003,0.1832782675824696,0.24885644086738615,0.06080855104958835,0.024868969963330784,0.3860374154450708,0.41792598308613327,0.09805617349206569,0.5712074718767335,0.046637686212074085,0.035694316253820114,0.5097301520992524,0.13669226965189735,0.1654405150101038,0.24573423219705717,0.09555760554695972,0.0984450316650772
U_4301,0.013687253359596113,0.03754687494532946,0.18110320765991123,0.08593408243629322,0.29896980401793094,0.15611395444729317,0.43585344428101214,0.5827991626628793,0.26582194222912175,0.13335674449261276,0.1701837943788113,0.36463994734681043,0.10297187775752711,0.11257447208842077,0.049277605001712826,0.2556934490235598,0.11591775060791784
U_4302,0.16819412282652493,0.13327223152579065,0.20555362580609798,0.0398416529918961,0.03799620358769615,0.15720051695903778,0.1349665003807869,0.09933046274124542,0.4561393210202297,0.2143400116251482,0.044052946965994294,0.6723275496450338,0.12849323869101642,0.13162715077460305,0.11644131027036071,0.1761388658257844,0.783153064060469
U_4303,0.030408285001703592,0.05432277378706954,0.07531100934693342,0.0931072559549008,0.14116328868443634,0.17865670014299578,0.10962714523479308,0.12574900397895455,0.4526381024415457,0.20852429210167206,0.20788752018274564,0.8827383483611102,0.08312321197233463,0.13722796494508813,0.06120560502926335,0.6599813504546496,0.16389084730167008
U_4304,0.5120704670335569,0.411997209128821,0.38622609672581076,0.04984459393283297,0.05961810767332368,0.26597610916243103,0.0896918202670859,0.12282982544293719,0.04788341901383801,0.07409522598530208,0.07310606488811609,0.09296415286600389,0.2095999604477572,0.23293138332990593,0.48658990546966846,0.05431200522598298,0.2050436759875647
U_4305,0.030288744836941446,0.05872814255179666,0.12184110894455644,0.07177913845449477,0.10801426833436013,0.12582876358370768,0.6032986665102725,0.32755078637864843,0.5959582470380483,0.10237935724080312,0.12373836977474713,0.6937031334749085,0.12288149690182071,0.1252197127364989,0.06588275974669924,0.22950152459640055,0.1122403951538896
U_4306,0.2541500044327951,0.17731696026031268,0.218102797495222,0.03513184049458277,0.025264481240356105,0.086096225025371,0.19009102959732085,0.0801467668805283,0.027920507355979323,0.050740529591735306,0.03606569508818139,0.06623570805028468,0.11317091450824178,0.8264184812756649,0.774068625197953,0.33526869668893894,0.10486795764295676
U_4307,0.033151673581562145,0.041242179689619574,0.14670232997985527,0.08757403493927807,0.14780658648316297,0.8381026671939632,0.12818963412353684,0.4797068979341895,0.3083690871864358,0.11263853869991941,0.10918370454615098,0.2439651907157785,0.12205664747459931,0.15032741007533806,0.08368371831742942,0.3156310935054501,0.14322354424846542
U_4308,0.28497583674585253,0.23463400921100436,0.263567644449453,0.051051027638114276,0.054419201733535046,0.17350701060881377,0.06818921838022385,0.353935946272251,0.1992790941755257,0.07021268349275082,0.05675747068253839,0.0654087712017774,0.1248467393453844,0.7267517982783522,0.2803141017854878,0.03297335601236873,0.12418496315416956
U_4309,0.37580748109924306,0.2884647300840072,0.31850289442625257,0.037152808130004863,0.03662839780612356,0.1915232267624318,0.07299885942467074,0.10546207437731187,0.05608237829636865,0.44363544921067843,0.05917205918003998,0.08511912962783087,0.1803772910012217,0.16752726581931818,0.2939764179811641,0.5618602683680947,0.14206231859715443
U_4310,0.31730338253958085,0.25685111147917955,0.31315637799244156,0.08548279469073136,0.08233039718227524,0.34344113665885495,0.14570689231684958,0.15447279656730217,0.0542936815605779,0.7656168763272064,0.07158381051264288,0.07859294750348546,0.1621371748822204,0.18761905448305619,0.2965286540863624,0.042087766281252534,0.179212912458939
U_4311,0.2889942294580949,0.2721701365319496,0.2898006422070142,0.047725547042594144,0.04307850729658078,0.1299779826606746,0.05134583112752018,0.10380948801594919,0.04310773843028098,0.062292236415103994,0.060865271622782616,0.06134000337271686,0.12725904739374008,0.7952474706257091,0.6137461369019431,0.06365685185453435,0.1791903105534
U_4312,0.07449441589178686,0.12023610228848454,0.12079895553994151,0.1034026243213545,0.14006489208477194,0.8075012828281295,0.19245873933514215,0.1571761074826626,0.19545682324472125,0.10601088298647815,0.11251594492285215,0.5059136445921806,0.16009595919549968,0.1745945767262433,0.0835086137378869,0.04879324638794422,0.16200675888119387
U_4313,0.28287479055561093,0.24240720807476931,0.8109737902748301,0.038103455702330424,0.04081677348271798,0.19909932580305928,0.09310935270504021,0.09666266024824197,0.07588320825516587,0.06394535235255146,0.052514181473720375,0.06187632933109914,0.13038677190818584,0.18382880049135886,0.2296337633472281,0.03606199164762308,0.6857839278464596
U_4314,0.08777307005073808,0.449760864010525,0.5565411750190754,0.06708628047353332,0.06152820317015182,0.1500704225658826,0.29528240368578695,0.29670877978017507,0.41758938009122093,0.30956686505674363,0.08799730020609987,0.5154510786659751,0.1653056277280472,0.1428118316094202,0.07658579534379743,0.006802266214710162,0.10852742504490945
U_4315,0.030339041275767503,0.04983663394825509,0.06188368866519005,0.10610128361959598,0.14959641988594982,0.08450765669848484,0.11933606105924292,0.09796675917821057,0.09215686744612325,0.8685304234178876,0.19673978897165365,0.2701203426262637,0.12859085518696312,0.12787235034913919,0.06252444427915285,0.44830341971369997,0.16356263415159966
U_4316,0.21224248479881,0.3987627627920435,0.8728585262031162,0.05485894020498211,0.06693490373391764,0.23701827254855234,0.15717465855439997,0.13555791021828034,0.05086633099433829,0.05641676339615923,0.07374890289994097,0.051836705266858116,0.15063424354800486,0.14270587486482803,0.0753918662187717,0.2551895516541689,0.11588352628679925
U_4317,0.4576394470585498,0.20287414683157703,0.5134543102782387,0.04023171122280519,0.03618017089643161,0.11463461547741485,0.3726871037855029,0.3332373139178578,0.03390447936623293,0.06324178641099946,0.047785469508139736,0.30139945932194323,0.11272407187779146,0.5875961541767124,0.5961180709909296,0.018199398627623084,0.10375903695985947
U_4318,0.3258343571524604,0.3077555691399138,0.33869606948655917,0.046610081296653935,0.041013934539883674,0.28111071662463943,0.0987071410039488,0.13309364475933952,0.7052723529821331,0.06986573458616284,0.06532818305873409,0.0676645940595185,0.1446466034427949,0.19026864281496778,0.3073476312570099,0.07034891743195576,0.19798616280525191
U_4319,0.3273976524309404,0.25251320706435865,0.28639665771761763,0.04413728130504046,0.03868667523445461,0.21758165756026362,0.07015821334260292,0.1040404820697279,0.6620878388379097,0.07237893649054075,0.05828873443532095,0.053454976839323425,0.13854168445635917,0.17261216432281362,0.26132368576559495,0.40167717412392756,0.15117674073067489
U_4320,0.19559230487064858,0.4836965821600951,0.5295267096281395,0.08902880728031394,0.12585400709090794,0.3950218072367355,0.15735824698690956,0.17884730379549624,0.32528491422248235,0.12994026845727763,0.12276455650151318,0.23113737071916515,0.20433472722538304,0.31021069375586335,0.1649844632116088,0.05105425193692798,0.22696200500081684
U_4321,0.2992375948812258,0.25959961301513734,0.24839295763437583,0.03944552280489204,0.03555577879862365,0.22630525951439567,0.05399925852817768,0.09638650810462726,0.07929395338472688,0.05029002220932953,0.051517067049615124,0.05485429222801602,0.13704904591471845,0.8303008312764617,0.5966194298027359,0.037556711480015256,0.174436224407952
U_4322,0.07565860570478868,0.09451973132281254,0.10712818934343922,0.13088754049158693,0.1920581188729313,0.11057515439541912,0.6501127251440573,0.14823538776400236,0.07403688803871868,0.08167189914484223,0.08330607121669148,0.07414035313777415,0.10222127752069875,0.1486996762653535,0.10576479645707645,0.3753740998259181,0.8379412841410759
U_4323,0.2605848295312694,0.1867863540980781,0.8950952900707345,0.04842748378471139,0.04287847142717506,0.1321954742044647,0.07433108802783711,0.3433248070389556,0.4434008885606807,0.053573880560627826,0.051094427509497005,0.3042783604467969,0.1253512571502036,0.14422949686277617,0.2576916164090915,0.015548852273695974,0.08370678332209483
U_4324,0.06687460380280902,0.09548179976118955,0.16957028812069264,0.1114039773727428,0.20373941270652735,0.17375353939365543,0.1557655465598463,0.1871039034764975,0.12245957387640252,0.21195282914279784,0.17025603614586313,0.3131584893878325,0.17321455423009843,0.24548982955038107,0.1148162469732495,0.6541560218315994,0.246726885169874
U_4325,0.048412263625134976,0.04163488111055245,0.7893187627007244,0.082125846550161,0.13957611646992066,0.15506138262328115,0.3847139762048163,0.4312806409579537,0.1071595753188982,0.16018285656560863,0.15415480199177442,0.17625518688900665,0.10023732568489381,0.12336207675937062,0.04355933170865754,0.2619085083425111,0.13452850437341443
U_4326,0.020251587181233037,0.4323865940309305,0.08534782657004746,0.08252254297128786,0.3485864168628992,0.07843914791942296,0.21787299472007743,0.1394823009655164,0.08291403889565643,0.5893541752149403,0.17716503255682142,0.6354830662038626,0.1225266471643895,0.10471521934654937,0.0426484588821989,0.20085763917105687,0.10818522415106412
U_4327,0.06269305991760597,0.11729052450893308,0.1159832558995754,0.12189785856428513,0.1854277283008435,0.10585192390241258,0.11306357571736958,0.16138684482482205,0.7131459111216855,0.08934780294111165,0.08959480926414944,0.07363958016161545,0.10009081336221304,0.1432995795827281,0.12592546201315039,0.36870351399762064,0.49216931742078207
U_4328,0.033611631603546674,0.049189674577784885,0.09732004688651417,0.09897545234087426,0.4196494075889946,0.078004783680537,0.1104314038353769,0.14815913284216622,0.0661425348206713,0.4817395009896946,0.1710234292325401,0.49610441556000495,0.10095347907339622,0.1296624641536015,0.05598300294649805,0.8577337441745833,0.1734149074458647
U_4329,0.25133070226981014,0.22563938864591307,0.17418662923603084,0.037259147851416125,0.031655829100464945,0.632128044326752,0.3650052201052454,0.10444910504525745,0.22476765896608003,0.07182569472492062,0.052027846518056704,0.045628215686733614,0.1192310880920843,0.13718359973883804,0.22075055149214565,0.026023324207558454,0.693084399044414
U_4330,0.20019446138201025,0.13654846501001153,0.3767115140152431,0.03906119431891664,0.048745728365739094,0.3157262320515778,0.1886052900379272,0.1126600454440192,0.5846054381824863,0.04810554363118274,0.035330226157738204,0.07024917075523804,0.09294192021265785,0.12644666568145918,0.19981297867467349,0.048665037165934795,0.749998077150206
U_4331,0.18032685986700459,0.2874492142624749,0.329558028157954,0.022242305545165687,0.014782717008196866,0.11366310769954617,0.0802814148533779,0.061904025141897495,0.35909315271587944,0.08888401577772748,0.03755210099313045,0.19864612875606738,0.0925726054190308,0.7390405266963844,0.7458451725559869,0.025524561165326642,0.08283584755979835
U_4332,0.20908869246176584,0.7696357193079901,0.22299894371774032,0.05324179517755649,0.04761636147896184,0.16453128370909545,0.07175247511805073,0.10208658145708463,0.6664685881417614,0.06551059941361229,0.06350747305018853,0.06560315530225191,0.1232737170834298,0.15133829629411907,0.12362961501199723,0.024414677381094457,0.498655856573541
U_4333,0.3812995583750135,0.3117824187547419,0.29178280465553064,0.055827859441034314,0.043965099953877575,0.7788095813839775,0.06357499347318485,0.1184178335502423,0.0522518980457655,0.06358201431722453,0.06649051941802502,0.059887058785176674,0.15177700944776806,0.25547755599407207,0.2876138239987347,0.04549702762861817,0.14799057416575967
U_4334,0.10124546819240295,0.4086093618699313,0.5776808822394108,0.04491169556020135,0.17050505122465398,0.7223425536566133,0.2632783021116058,0.19357911389699228,0.6489338923751736,0.0768316682307143,0.07191104368927964,0.4459291352217608,0.14262315722114982,0.13526146612877282,0.07749423944493451,0.0026433169770527696,0.08308008190126719
U_4335,0.26680905115834225,0.23492871828641365,0.24601747291273282,0.0394133837619196,0.03983793092077642,0.1452923407270342,0.18541695551627418,0.3360091075637265,0.20156064830148723,0.32984847027977426,0.052096480029269206,0.6938583650827874,0.10813010139302406,0.14636787411168764,0.2212322467803557,0.023882112496334724,0.0970249484714104
U_4336,0.2741473815979667,0.15356504917358432,0.2387293697167216,0.07228281310232024,0.06676195747716272,0.22976765935317428,0.5743213558935564,0.12793937629564972,0.06311128689858322,0.06580016121277148,0.058980540786321346,0.44810414048397,0.12678901440568013,0.15844589666652173,0.11629789340029252,0.02657600390352934,0.765133580092916
U_4337,0.31950210523408473,0.25295440391552504,0.26884905094174666,0.03757972178011959,0.05117099291382422,0.14589782438303323,0.0628233694179177,0.11539620189880916,0.41751824727986886,0.5824644808908143,0.05826090830937088,0.057217526690301,0.13718633772761368,0.1746844493455999,0.6742726640625516,0.040400194377593415,0.12190376794952273
U_4338,0.03190332059343752,0.07480590209717317,0.17827784270043875,0.0771581604826315,0.17062432056642873,0.18441301649819294,0.8485712870431481,0.15620871169305928,0.12791197216182057,0.16056776611385656,0.15463702690940823,0.18398431156006104,0.13122473725108946,0.17100941166808628,0.07802089755574634,0.7264956628192308,0.15092857886524053
U_4339,0.3700947729872255,0.3194784272280471,0.30990167767415056,0.05403240724227593,0.057471772165967445,0.1861593083964012,0.09285465978809773,0.8114298890145552,0.05110945683696759,0.06807121548933158,0.0581493157811273,0.056257199463214155,0.14029953184238436,0.17546577949831202,0.334086917948412,0.03993028912515972,0.172141002362796
U_4340,0.1270665164883093,0.23578227629686374,0.1482451347322468,0.10744080335511114,0.13009716813870195,0.22071222285786568,0.2242740471789298,0.24817310520091046,0.1945776534109624,0.07497383439178751,0.0764804337344497,0.739426372766825,0.2029561180329035,0.2285809680386658,0.10351766640182773,0.03530143704285354,0.16175223946874168
U_4341,0.13347601875964318,0.167585191193052,0.8219371879383797,0.06993987228650966,0.08218271256157973,0.2356700357486868,0.11739506526235738,0.14057093972336193,0.13405061425246093,0.07245179001612612,0.0684318468546706,0.06064533101608506,0.16488721650313068,0.15818859208236338,0.06994451796237841,0.6703054621009452,0.15199991220415293
U_4342,0.05753381949786706,0.08665465698195945,0.7618005382949895,0.07506151618908033,0.08870225566797595,0.6051489616284895,0.16632726866692873,0.31288464947251765,0.3939102027868354,0.08934042207798591,0.08045501481671684,0.36080034840254377,0.1593115678234449,0.15202142362124688,0.08075998848437442,0.04139781271070688,0.131194849885528
U_4343,0.2865923103926279,0.2618692941136804,0.2749660100818724,0.05366310668057699,0.052781541241500494,0.15025278137095385,0.06989600829659508,0.48732679704240467,0.04592502031424854,0.6454564414471513,0.06388544776680577,0.05076936335640542,0.13650288131724675,0.2000396372099963,0.6189001263430655,0.02863465418329995,0.1253907778741978
U_4344,0.40832508639509146,0.24458451330856457,0.25657505758285004,0.037965346569548274,0.03083986250135289,0.1640860284005624,0.06808985198423331,0.10093063016597573,0.6257456137370818,0.07593389935098988,0.06013197913056829,0.4658199609596561,0.1621544103896071,0.17170874017850726,0.3019447160446598,0.047356643585568375,0.11656792830018511
U_4345,0.4444677493723652,0.40164746544829194,0.4245830902098523,0.053111714297163715,0.04196009798690665,0.38219200378107004,0.09693892816251935,0.13821669414515134,0.11498867370576135,0.08511808501658445,0.07368014143569607,0.09836461154326417,0.22402541226011416,0.24160663410485092,0.38027030680046037,0.06483553022673609,0.22578808067942616
U_4346,0.23299250466049093,0.20549247515166283,0.21933431663912248,0.04271015368393507,0.03293401247293047,0.8534542254281638,0.452139221574697,0.10878162923608556,0.04034331095361337,0.0601385321216882,0.048237242206889096,0.05735171341720082,0.12767607302682882,0.15022989443332985,0.2459616043335467,0.03389401898688074,0.5534555876773786
U_4347,0.3846015937497573,0.12304850127999992,0.860339323717562,0.07610412192260622,0.11785354374523416,0.05370467690784991,0.15455667957817662,0.11533090438572942,0.08006910589507615,0.13389804868680993,0.12189708431104608,0.5265856246567044,0.08682561799945096,0.10269799117630064,0.05237639803200961,0.13025345684170378,0.10783837702469747
U_4348,0.21220706132497705,0.13826380284259931,0.2684742243444542,0.07259679088234144,0.08617509537216998,0.2694908707677355,0.1581600846824921,0.1339725611317216,0.3154551542493064,0.4290982565772902,0.11256384411852832,0.7074688805653864,0.17307252653393196,0.17754925555068227,0.1068557648869786,0.04455397752626161,0.14601821249815145
U_4349,0.031059578179745105,0.372160166520141,0.1037289289844391,0.0998384846648048,0.46304204949729477,0.1270644769660879,0.14598426368097858,0.5194678947254299,0.11131556069504694,0.16310120016279026,0.15046679087419845,0.6272945664201313,0.09163956175463012,0.1282978034843141,0.03858055951553982,0.21222086593988737,0.161847054049844
U_4350,0.22231390366891965,0.19235172244101795,0.8267474356386963,0.036465828953990066,0.2599125260717475,0.22744047840577736,0.16657165647334413,0.07668474696752084,0.03531172139270435,0.059854108215837636,0.04565675099226348,0.054641841996486244,0.11095217639435428,0.7375078583936472,0.3386457720912711,0.027405867480099932,0.09798992793235725
U_4351,0.18531904762042264,0.936888462242148,0.20852223278947163,0.04216277952373791,0.043652707604774944,0.21076417212018472,0.07440458368620917,0.10377371913321995,0.5585613116423306,0.06683732839244755,0.06634342467267745,0.07373341063721427,0.14487385368953412,0.14332857990820347,0.07941180618144683,0.030303073428024477,0.5091502690993663
U_4352,0.11503060197095233,0.19517731722523549,0.2590197075474214,0.07252789559460623,0.0986383471537254,0.20244374148087543,0.15983583832584097,0.15127472553793603,0.21546943187403758,0.060109161607544134,0.06417951968566021,0.7442136142705588,0.16024928367194022,0.1945713087681732,0.09778222663322395,0.5018122828741193,0.1471650121508908
U_4353,0.5531214039023313,0.4632030512656745,0.5560668454109228,0.03519111048998104,0.05893567067988621,0.25754827868622676,0.06909291650580246,0.14153777051200425,0.04947179872400637,0.082392616548761,0.061734364165852984,0.06730189231146921,0.2044956840130193,0.2724420018375249,0.5180227985233288,0.06427368694827701,0.21850693988655823
U_4354,0.21484472769632001,0.1861319139673512,0.2559814918533722,0.024857094690624963,0.30175047836017466,0.20312546361353254,0.07489252566416384,0.28482616045591946,0.5230966310709645,0.300051089376526,0.06002950681778277,0.07891666652726972,0.1524211408032747,0.16452031358321142,0.2109794630129212,0.385599214709251,0.1262837920393121
U_4355,0.0941719298855488,0.16912053731114562,0.2344293261946047,0.0703633263844266,0.09695873269786336,0.23376276075123165,0.8403128841323482,0.1585520086900795,0.14258882025487282,0.10239539543206692,0.09037115722822778,0.09701194633591408,0.16835983996321496,0.14843215567463394,0.08007586752373107,0.052400855950599165,0.1314608306019679
U_4356,0.056646600295911724,0.13674207750679723,0.12199561180408924,0.07131965187868085,0.08129140897694831,0.1620383189442258,0.14823240904997495,0.438426458112534,0.8051225608584714,0.07433483295290884,0.07093317285916652,0.6330344512384313,0.145870707157285,0.1521358999501905,0.05166110402024419,0.035187228014108965,0.12826249894771485
U_4357,0.35860247788238653,0.2637122416374964,0.31157276476944673,0.05597445322886414,0.061840212740896426,0.29437443275160896,0.07041663202635501,0.10224880178457035,0.06156904784789201,0.0618815127242868,0.0865014558367972,0.7198626989741785,0.2536176919323873,0.2044391908572639,0.34965454926343986,0.03526788282166008,0.14625672051258226
U_4358,0.19409766026750827,0.3221868596501656,0.1379512597533952,0.07868816436910485,0.07469233741614223,0.35700321923178946,0.1000917173614341,0.15836237666813263,0.16534650777737245,0.09109097200538963,0.08733730763958206,0.07384861838549754,0.1496253352326243,0.18594794502371914,0.1179750408267801,0.03747537361768591,0.5958973518126189
U_4359,0.234386008554975,0.6087914297355876,0.24057690551678956,0.04421188461871645,0.03537198704431164,0.17919035171995207,0.04360165455483554,0.08233759263239433,0.02779905073237184,0.04249112131073195,0.03908958523496011,0.3659736151684927,0.1110748668700325,0.8607262252465626,0.5020726792859591,0.028590203473056273,0.14460348464881967
U_4360,0.234556032748338,0.19022249047534762,0.29757124299716703,0.04621185276860049,0.06524132358487407,0.24364661859695746,0.20403761316057364,0.15615649252213393,0.35528669642321997,0.33278833723235723,0.05418640425484836,0.06344504492366428,0.1654707878174342,0.1615498945214566,0.2076678768055773,0.3218209339354945,0.4184664490872262
U_4361,0.37765233531872205,0.3302251855240704,0.2978411027780512,0.05289115701596807,0.057176884982370085,0.18268831981485323,0.0950593063722489,0.8822245949027309,0.0730569380159238,0.075052240752526,0.07206871363808608,0.07726218892363405,0.17313272295522472,0.17807164937013303,0.3162374106831647,0.04600472852587836,0.15400990759083363
U_4362,0.022870020249522897,0.08794504542804132,0.09119748780744792,0.10466492634010476,0.15762676392427008,0.14819615634847244,0.10776239687245368,0.12879662229960365,0.10083707169764572,0.16044398669887588,0.17607536768302837,0.2111098540657521,0.11203964781673857,0.16614941599744923,0.06917494332050907,1.0,0.18337540769448157
U_4363,0.52728197822524,0.4443619578411586,0.5769387288878887,0.03260755127305373,0.044370902441959695,0.4046882911070936,0.085258092918067,0.15287181645635067,0.05134464180834426,0.08873300267801246,0.053653971823735554,0.061891587319275146,0.19201436219384374,0.26935042083126826,0.4982792809403537,0.06226952349709727,0.21948924979405698
U_4364,0.2377304422983902,0.19149020471428435,0.5040265247720901,0.03242262960423105,0.22883362138878333,0.07762301695004778,0.04354149473855747,0.077463305923501,0.024419955983722104,0.12960232689554116,0.03748462899749399,0.4615763437174704,0.08950981193853436,0.7932100231208367,0.5104415823772341,0.025415826197781842,0.13472435886319392
U_4365,0.08815229826174505,0.07512315291674707,0.24216723880894858,0.09918720184995307,0.2129077878319251,0.1920095627974927,0.13208130184640418,0.20494511561900203,0.09934780344927362,0.2117385779921634,0.2084648751020026,0.2493887955487742,0.1673092344944656,0.26037498662846303,0.08809562981660343,0.4962998091464674,0.2293223300839948
U_4366,0.37478609288376374,0.2806386308914614,0.34221042404006197,0.042082864227605446,0.042125971242479465,0.19138131480566042,0.334595229294919,0.5080255036061339,0.06418154461740082,0.4457502106657022,0.05409142835090586,0.10028838506586685,0.16898262806573036,0.16140903384088917,0.3236959017764278,0.04121850759558411,0.13372820029670068
U_4367,0.3444510449722807,0.28216915297066575,0.26529811107293155,0.048318816107020955,0.40763194733594,0.15677326961309906,0.08158739687085487,0.7110902408744197,0.06766887175362418,0.4073407809657398,0.0618363003596202,0.08755947553922093,0.16849427016796084,0.1840233438071438,0.29152744860971996,0.040497029103999854,0.16619941532628527
U_4368,0.3983940918973802,0.3088050450647571,0.266255325640233,0.043310656482323795,0.048244940033733516,0.2683309778236029,0.08031637803144237,0.10157535773869858,0.05568388191713267,0.06114404366222401,0.09335641561095492,0.7059278284624662,0.16558200581353197,0.1813844730233097,0.3195257489190902,0.03862914853556013,0.15643042402627416
U_4369,0.3239697703825533,0.2515814285930395,0.31914251065881116,0.03528413483359614,0.03386311953429124,0.32922497284371127,0.4081552309702457,0.11871508137336867,0.05501391553688326,0.32908345850389026,0.05586927127138655,0.07843428969939145,0.1681231788136703,0.17815352212099864,0.2865467118523852,0.6003008424600552,0.15552039041411742
U_4370,0.2941746152354858,0.729780136698619,0.25906268229403,0.04354754229440824,0.03937785317914867,0.18683435893643352,0.06187364153730634,0.08817405594075589,0.06049233781754656,0.0710352669309089,0.054387418824616916,0.0692643017563257,0.15365370255467753,0.16603142874168336,0.2541935740044798,0.5503109001878882,0.6093109038179342
U_4371,0.09755025336604471,0.19342217792636104,0.19357460284133038,0.09356635085077164,0.10876011924341723,0.2119917858587723,0.6219595840800292,0.1609875251447929,0.27351611794902253,0.08783321015213627,0.09779642195214391,0.65319818953897,0.18373786566818948,0.1689058521885549,0.07399574237676532,0.0497265843702524,0.14985343498537723
U_4372,0.2242793583146175,0.18230844233624666,0.18306656537459814,0.03453720927582505,0.11479138074503288,0.5558796427001593,0.13248748676522704,0.06683805816240242,0.09852774511098288,0.11954154591233358,0.03628950652403835,0.15244613813241648,0.09458201848070195,0.7217896347843714,0.8596470123699292,0.01757015083110945,0.10428179293518758
U_4373,0.04527806583086289,0.06801320957745534,0.05580216075350814,0.09293246277751246,0.12260604125618071,0.7636854540672954,0.1200722031111992,0.5535622988604826,0.11563706679106688,0.15302593284152446,0.12883269174842868,0.5522990826888363,0.14326852609070104,0.14544504900591085,0.07854504689117932,0.2282251151292382,0.16438071549413752
U_4374,0.05028018454307229,0.11562185023831834,0.09427946897074038,0.1053441384051299,0.1361876566688597,0.17007658653469865,0.15839064899199826,0.13324210507443024,0.11534204444631273,0.2343120031820784,0.23992520974469206,0.23090875734968286,0.13523041090600263,0.17800885883758882,0.07673164597214012,0.8378978425535614,0.17693541570341492
U_4375,0.23606846028177148,0.2105277835532913,0.5607109990379567,0.02914148051972901,0.25192433573944834,0.6967867618979049,0.08004568226402323,0.3120585996686299,0.49500280763956045,0.05155225848748569,0.06997731412673323,0.05361023837813721,0.13361395464629183,0.1500088418487222,0.09977375707792585,0.14730300755224673,0.30653358355299426
U_4376,0.3505390534185806,0.29933716572235614,0.274524172919255,0.04728542627330318,0.049354888131034336,0.17236562519463264,0.06778904547284184,0.10660408347876894,0.8036122831491886,0.069733355334463,0.06375957277246189,0.07993197984605058,0.16275848879132138,0.17711058357983986,0.26712234368359955,0.04287022104661296,0.09375734745577861
U_4377,0.2616656384556743,0.5817569434477052,0.23380556530023344,0.034010915108424106,0.3237847055735169,0.15541532619022316,0.06022762512594964,0.09575607367463886,0.7923903999842088,0.0643466222413452,0.05226278679887137,0.06631427513122065,0.14304510313380664,0.15821041895708854,0.24218098564010637,0.0326467713872273,0.09139684695732696
U_4378,0.18082283611398758,0.21555320178567355,0.8011470239644397,0.09349463138150019,0.10773013033890691,0.2955339328212202,0.24226677665871393,0.1570225495284699,0.1812561674353376,0.07695056513286402,0.08439229042987563,0.07512904598998583,0.2482045340537463,0.19645792675488713,0.10790160760114265,0.045784418749165764,0.17929015793090988
U_4379,0.062460462569882455,0.24346664848941252,0.20673109402292464,0.12321322707189533,0.14193770939578607,0.915293831915513,0.18285575314009828,0.15785757162390773,0.25910423325730575,0.07863167715431278,0.09176775021925734,0.09613156279919009,0.22498954246660638,0.20019967756274779,0.0972746722950894,0.04526048844643797,0.1697428031102745
U_4380,0.054511057882061,0.21964875093424954,0.3195621901492633,0.1526114271724586,0.31053389798183206,0.3303200222126513,0.19232597154604,0.20820559208728767,0.2605555464561424,0.2947852540433437,0.2889390381964284,0.30708081115373015,0.2057154870770751,0.2917496333774537,0.13719509913094263,0.3964702952276669,0.30472622166190066
U_4381,0.030099137516257382,0.07955702149706764,0.1567614588074458,0.11198770542011094,0.14218302497548174,0.1238902769357982,0.11553376756492455,0.16146860989740036,0.08695192770918736,0.6513006037775302,0.2277989084726906,0.20505073011567335,0.13097279656370303,0.12034313797121528,0.05719722919444744,0.9152496518861787,0.15118729371856426
U_4382,0.2804893850508521,0.30912078833099826,0.274351186316323,0.044246061488236774,0.06461317395570626,0.25080345569301454,0.7633191747969389,0.12354937423038498,0.14769811762365398,0.09337590647573783,0.09021930530820305,0.09122108304652178,0.18030638945608252,0.17394414865624028,0.1870721282588855,0.061171031605012804,0.1803229303883031
U_4383,0.5185103640674003,0.3923742981703263,0.48268476641313246,0.038781997389809385,0.052190793035764016,0.24749395733300258,0.07728782883359006,0.15398330521111858,0.05092836703880542,0.09096726700721193,0.06616880546943694,0.10879402125211116,0.17259394545566487,0.25835746694486506,0.4721565463499123,0.04706635381045844,0.21999612371767582
U_4384,0.2782038787385855,0.23084399226664723,0.23029912719639728,0.04187339847831189,0.03291039820281568,0.10087878100091136,0.05171286305506472,0.08809388583945861,0.0373469578293427,0.05559987877540708,0.044053434214215405,0.034521891977201374,0.1136056569612911,0.9068299234115146,0.5250636780191374,0.33370806838817224,0.16303621086538633
U_4385,0.14126454090474216,0.16257066788714689,0.15633716418971022,0.054354722141758835,0.06301218328319887,0.24754112137935597,0.16514479184440578,0.44437124986360577,0.13641453832512654,0.07687620510515422,0.08058350220846953,0.05886141692122267,0.1475083302742149,0.168899907196798,0.0772418293672086,0.5303446163427203,0.44936548881680094
U_4386,0.5536849199798486,0.37998249924850797,0.4731655299195311,0.09218934105890712,0.0774082979280457,0.2594538224545593,0.0955435899385321,0.1270220668349333,0.06349258652585224,0.10005287123950062,0.12293633195619652,0.08794712733232829,0.29984242203573314,0.21297446990052296,0.48705895593620724,0.04564633163723417,0.1347750040070256
U_4387,0.2530452361775808,0.23425837738094263,0.24906974281362484,0.03902342363630932,0.030336235733325716,0.18077525969052713,0.38695805947085854,0.09868950929710249,0.0346417899157299,0.04764874091767905,0.05300682884823372,0.058235711988217156,0.10363183355549392,0.7885376583942517,0.5397526310695697,0.08615372670295708,0.15080219694942332
U_4388,0.06696165268246207,0.11223815498970494,0.09751192698984215,0.1384333131069515,0.15884723144297433,0.08559644938449364,0.13352649960147359,0.1630642931403586,0.4024574459217828,0.08264861528876402,0.07774723218190253,0.40131375610777664,0.061213835760042024,0.12900335701917987,0.10207949113164616,0.7814278748626959,0.1553199287604321
U_4389,0.5971281950790516,0.5000858549210775,0.5082012222825041,0.03276231078496473,0.04108509756098854,0.2644543123758202,0.0721212511188629,0.1415593570731106,0.051112071861419694,0.08511216305048906,0.05212910050840566,0.05647740247509268,0.19418956151369085,0.2726794175029039,0.5040558416277563,0.07878587669389896,0.212853456895882
U_4390,0.2964735343685929,0.24597455106304694,0.2839802845400536,0.036203013635283325,0.03647642244560971,0.22937812906140947,0.05240698649872402,0.09705855078190471,0.041256492110629824,0.052616798666765406,0.05287169827108085,0.05170320662776798,0.15267533768007593,0.7754396251736528,0.5523650910759966,0.03537305068195558,0.17505557925513515
U_4391,0.28277266565020387,0.5674577847881453,0.2521328802387273,0.03632384244834911,0.23189207314570565,0.20341695449451314,0.26346257405037316,0.3815798603911109,0.6112618775278421,0.08345003336801766,0.07011182899757296,0.06653225095019702,0.1450178472713841,0.154665131938038,0.18078850721240108,0.015547669745419004,0.13410750880985456
U_4392,0.3775565059578127,0.35221916557259364,0.3390801374959797,0.04990648601562007,0.041561642489944296,0.1769567778979299,0.0799432011530927,0.10595464344490432,0.05574605235932643,0.06437310637718585,0.0695961539827394,0.07138475771701852,0.16621310150726004,0.20747053460988088,0.3186687583359058,0.6660347297084591,0.1829045057407867
U_4393,0.27835960713747343,0.6861694365282811,0.23889304656501764,0.033787828617998096,0.043308850471202975,0.1512921748751441,0.06755851111445256,0.29660741494871407,0.4003321153383961,0.06589249380978865,0.04812200531626216,0.08323819544474563,0.11080284595413205,0.16086869196368014,0.22975927413218689,0.3940096899482138,0.10951651229964884
U_4394,0.06792220600888625,0.08938723947969655,0.8457676950151939,0.13019308056272128,0.1665353978451711,0.10190766023695731,0.6690611152715238,0.17498041632605588,0.05274487247283988,0.08975657950219225,0.0802793196234975,0.057279310180641,0.1110202204339164,0.13761846478095333,0.09661452458418995,0.37728270910154527,0.21428127358608812
U_4395,0.27880627295539834,0.2475524605787423,0.30031075342502556,0.052951713051699205,0.04347480489293477,0.1930843528645033,0.11128769732607645,0.12406499146721124,0.07018321781230191,0.07146846240132,0.05770528916966913,0.7765037096581542,0.11802967709921489,0.15608997426288634,0.2916836529724675,0.3829398763813056,0.17007322273844322
U_4396,0.04367958392910177,0.06657245633158353,0.17392610259231436,0.10621528269335076,0.1695807954734698,0.14890343628186858,0.12266507365054256,0.15225545883386227,0.7932874882487911,0.10634755181997507,0.116678531441045,0.29077411131252395,0.1445287012944988,0.16040778572086745,0.08373526027500139,0.3963126985387032,0.18181318107772113
U_4397,0.17041505445374325,0.14914027020973114,0.4024697902207766,0.1315305077524336,0.19863983918171202,0.4855150136598888,0.18725566774581254,0.2291814421939442,0.2684159126054723,0.13396897275310202,0.14038158197740744,0.13395888086582375,0.24622799226392583,0.2789952768734143,0.18551626611015706,0.07352254751396171,0.25296516074050274
U_4398,0.566010001413758,0.47641742649224916,0.5576814939115259,0.03567262612188044,0.05950522855264865,0.26163435928758444,0.07010945291829565,0.14195126000144642,0.0578570625203111,0.0919379355594179,0.07523288688747319,0.06826608120598987,0.20171518657057894,0.27268639881752127,0.5043634538158367,0.06331157525844845,0.21894715424142736
U_4399,0.10897380286643325,0.30362767689733583,0.937864946307182,0.08693318524872201,0.1143186330059776,0.24170646481908203,0.13366852339596275,0.12170173149465952,0.17941306089759093,0.07567615977383596,0.08372885128896475,0.08295652261413197,0.19734657471851885,0.20474822039980323,0.1129508961367565,0.044691736038669376,0.17818550362994162
U_4400,0.21687190124668138,0.17522359630956263,0.5781229055655,0.020891806533038813,0.28570698701680697,0.2901578521056628,0.1667982720466717,0.10757051898201128,0.03820567179532749,0.0453736149440902,0.04767384604337603,0.2536688779168251,0.11762704566462968,0.14555645231268877,0.23696796648248572,0.2869179005366419,0.5189711296255411
U_4401,0.3288558815450481,0.24786396636498498,0.28604937062697344,0.03604217273028999,0.030096714591158584,0.23867997711736705,0.07437369124016172,0.09636035600778531,0.7573757334208713,0.061707193893339916,0.055202124210537204,0.06753051769400968,0.14130912709470567,0.1971139700506748,0.2751738874000623,0.04431284549916066,0.6311973778585014
U_4402,0.19154538296390672,0.1604202240820226,0.23668187824931977,0.08630436004102399,0.09059804583810234,0.9119415586191115,0.14264016002326982,0.165813276784725,0.1274849282167674,0.0992087938972435,0.09681722023434114,0.08362945140112188,0.19169090836419989,0.18008781446310382,0.10580345124495037,0.04687949022982166,0.16321712038070282
U_4403,0.24437155904749144,0.5630325024443452,0.27218215079932706,0.04362931141768988,0.05656250927629308,0.7008561717457659,0.10244413898829727,0.4265970869507009,0.5421782353555368,0.06097131944519622,0.05836735849016764,0.08316995741576287,0.15573680925716266,0.1768583657315343,0.2187051151491556,0.021729063597813972,0.13248412264596843
U_4404,0.04557202154252022,0.08936755089169011,0.17203677633878603,0.092645139387548,0.12424190594758663,0.22347876653240228,0.680414763262577,0.1389737644836335,0.18668421854251072,0.12888637578247014,0.11301643739816493,0.06492774099424556,0.16983926435307758,0.1778342233798016,0.05866805743632437,0.6192842526608335,0.13915496176746384
U_4405,0.3130189985398327,0.7104855885574436,0.27230120449288986,0.038952865189682884,0.36040484936956463,0.14727336085005044,0.06892036839075127,0.10045694263037057,0.6549634950853619,0.0669347643330795,0.058887665298036865,0.07727355283463941,0.15425816745913618,0.17337934129563123,0.24528009445132495,0.03754369075736528,0.11843056529013299
U_4406,0.28351684878936717,0.42349808861324423,0.33111163210922157,0.04380096103165318,0.21472363383594756,0.2634906905731597,0.15441446568693065,0.11140325432262785,0.6054391730545486,0.4363976957876709,0.06293361137762295,0.11144156692806373,0.16524780313037682,0.19401875172093497,0.30776427807957824,0.034832614989270344,0.11759403310519118
U_4407,0.13813896896850242,0.19062004988248415,0.5072374545266434,0.13367949582047992,0.23860102370244407,0.38673925644385015,0.19969689606789615,0.2165033841401313,0.4103331091046695,0.11440175266445511,0.10737966253191528,0.13255948606051735,0.30683548856479237,0.2975827778035695,0.14188499636702015,0.07641137627844524,0.22123931339979008
U_4408,0.2773538677143811,0.047645618964799616,0.3158579893699838,0.052903445878942267,0.14311674767667207,0.7240188759866497,0.1053485766147616,0.11716213627909831,0.11510776170382289,0.1770021657091746,0.17623608666572027,0.5186874351962344,0.09456299353400091,0.10651931740489533,0.028543987403433953,0.26562726775900275,0.15344037240040345
U_4409,0.1621086497037751,0.11672526999078443,0.2731964346598018,0.10250843618302338,0.11802249824965405,0.2961249160597395,0.24484518423473053,0.1564167770627126,0.06444380153793833,0.07640023294187669,0.06143512044256075,0.05005691848573249,0.17371374385960198,0.17383710209628844,0.1291625106264355,0.7687196384946946,0.1311815358717617
U_4410,0.45913037790583694,0.36574242096564274,0.3791799097219342,0.0704719215334348,0.0811319913866238,0.4165701361990748,0.10884984235906352,0.11401742288490582,0.06761311266163328,0.0826225998808038,0.12275610163487845,0.09012761249363256,0.3019848776807378,0.22772134940778488,0.5501945821603792,0.04414934166493472,0.1454755676969145
U_4411,0.33072444290629244,0.23111904010011136,0.2778048609632758,0.049850841279125285,0.04553186735222068,0.3558666580407076,0.45415053453983145,0.11415227569178812,0.045596503893854085,0.07525536432267577,0.06156208950011633,0.046680809319563664,0.11549881045609307,0.5468654492312953,0.7989188940058829,0.022953713997626985,0.10331029074552507
U_4412,0.21148450720480666,0.6610079721208411,0.7470507183965868,0.06828012150460927,0.3703345676967262,0.22752982130974436,0.12194025343750697,0.12588033528070047,0.12233469396937845,0.0610958305722316,0.059306128142892774,0.06314569826101975,0.14272936774456468,0.16199758144927434,0.11715425975508414,0.034726073632391524,0.3567682071003226
U_4413,0.23472139764345443,0.3777273377721948,0.5343544917109212,0.021002750379609518,0.20018058481882817,0.37563705362316496,0.05401553457535205,0.09548188975550834,0.5881190180069708,0.18707605342417716,0.07191612384087259,0.3040812710704159,0.11350118887263118,0.15018982228147537,0.24673660210958323,0.02443856908803225,0.12007010942535563
U_4414,0.13815351358783048,0.5711682666319101,0.5406216189191276,0.06711957333179916,0.35266333475652367,0.19880595786491037,0.13028637942357843,0.13161348101444426,0.17920230118569241,0.09344601979724455,0.11306201980573995,0.5929813402729037,0.15185956071850193,0.17000916845855935,0.07690951318966309,0.02869737980477442,0.15472889627171188
U_4415,0.14821737084217973,0.3240980777893262,0.25163023040414667,0.1317627098037566,0.19265657593449365,0.2943511369272928,0.18196285930684028,0.18897434507147787,0.5075626696325415,0.12495255792782031,0.09185083301760909,0.150961531216355,0.2964922257693239,0.30646448343493166,0.11417211490469524,0.08707867637782482,0.2187278358251885
U_4416,0.12318489220675477,0.09611769479378647,0.6831239168918617,0.06803538126250092,0.39027833132294915,0.22092000639640472,0.18467931145110317,0.12244804740628372,0.3312123845610835,0.45858541541217923,0.07687505256142282,0.64277134812803,0.16599598123528925,0.15643950918146643,0.09672679602369119,0.0328851250329426,0.12210467881150248
U_4417,0.20212505080734885,0.27754750654094384,0.5710174137489239,0.032556190298335515,0.03049110825858125,0.48232257168073434,0.17934084291520738,0.10833707196833539,0.19009981084830666,0.29397714353219073,0.04301151645389591,0.42560483435930346,0.12595082910488364,0.1347670389561682,0.22557039544890717,0.014655158810421022,0.5088113391893693
U_4418,0.2612560845025837,0.7247229155621061,0.641369901981708,0.03339899654280013,0.03372606050505791,0.5702106971223302,0.06412779235168553,0.08533525863360875,0.223305882888455,0.05597360992546391,0.042033172880589775,0.04630929248479342,0.10977749149873851,0.14383521751920805,0.20984698925324802,0.03933431082817528,0.13135400353607665
U_4419,0.22399922914181508,0.20944700018253246,0.3206490824816556,0.02581538883701562,0.05151664008662403,0.3136437166270252,0.2017882879898015,0.06447078732284071,0.15164016129422217,0.09955413533140364,0.03867044200205215,0.02845439466750008,0.0878317933625408,0.3862175898752609,0.9842287584531508,0.055879083850859906,0.07835231421727032
U_4420,0.26250864988298883,0.5741099890251373,0.7745344182930517,0.049536136294053006,0.04687024002650097,0.24891320162326225,0.2791342604799161,0.09142237617038805,0.04997041687109842,0.06283945736742964,0.06016302333052619,0.5321137598544614,0.13692389098461294,0.15448960709525195,0.23863116415792213,0.020550544311644676,0.12363853061260757
U_4421,0.16893990986510596,0.14345201275880828,0.20530004719685616,0.10118186068099137,0.12623784400437635,0.16773795959372456,0.20294944704753498,0.16395330928011062,0.8854714450973113,0.07511270529737535,0.0848834646149135,0.5629428257867984,0.191527846459929,0.20652303664663746,0.11112726817979683,0.03412043023329222,0.18028909550254762
U_4422,0.07186825693501213,0.29352473517311095,0.1995872131045923,0.06121890854192846,0.0957177201271642,0.1508111838090427,0.1332577511783514,0.1550888643160263,0.2601842280083183,0.06165719288609572,0.05796046127451424,0.7595393767519892,0.16928890623593082,0.2288458482155387,0.08207706566657898,0.5274866527864939,0.14603042809918976
U_4423,0.36490034134667604,0.8590466090722766,0.26612740360354153,0.05049537335831178,0.053835696744789434,0.2530619348205319,0.09850989802195127,0.5287495886787499,0.05131220974299456,0.08497047876164922,0.06349342581624015,0.08158332336871452,0.13483298230024837,0.16845687146582392,0.27423300747490775,0.03670773168841825,0.16222517892276814
U_4424,0.3938741890372579,0.3606020980871257,0.31395437477978505,0.0426425563668077,0.05026980042838335,0.18424828733983656,0.07281833279548597,0.09547815893738351,0.733493946714049,0.06117192869992616,0.06141935756138328,0.08033293125309288,0.16609753398665258,0.19305622221976484,0.3287392752490448,0.04616777908310341,0.15184272083963654
U_4425,0.11103456308183149,0.2566995926677682,0.1677975189224492,0.06787669474274323,0.08126145463972397,0.19371412675641442,0.12795762534963145,0.14784042172364026,0.6711367355311728,0.06590113501921775,0.06542443686072165,0.8831450412848624,0.16541245156778137,0.1757933382227873,0.07491927595933702,0.0400386233799359,0.14808893332513007
U_4426,0.34979073893466756,0.2848490697264928,0.3514198707519626,0.04257023378340336,0.04160049968000237,0.17738282633007404,0.07243067282922373,0.13716954728469388,0.053140292518001245,0.6823290573224106,0.05724196716304863,0.06217008555151687,0.1404400269962619,0.18400022592085957,0.3177973942890711,0.03698073532416572,0.16392605479909328
U_4427,0.1597831979878557,0.17348912768467606,0.17568919731328914,0.0629460908038607,0.07615592026226929,0.3405589420570019,0.13977948140915883,0.15372509697732978,0.7718113629030282,0.08640818888194562,0.08053927180174299,0.06339362965440978,0.17140239322913048,0.1612485522456612,0.062074343323543994,0.4810794908933138,0.14071548939458337
U_4428,0.1590693760139843,0.1493194154874867,0.2772363520696025,0.06812598860269628,0.06952993873431293,0.1952679363217152,0.7300321908473715,0.4511415523410498,0.38530037366236397,0.07861482443333431,0.05822672895399923,0.2418472605046596,0.1515886970538922,0.1650535820452702,0.12798251432201216,0.03319336104225834,0.13024176464985662
U_4429,0.2954755133590396,0.5845987809381848,0.25775799803128197,0.05614280280213431,0.05714956664374587,0.24735397221645544,0.1025499149729317,0.1027828072776835,0.728249685879336,0.08100058643086963,0.06311324060741928,0.07168224248656756,0.1676429547196259,0.15437341403214164,0.23754120658329372,0.027432025797281573,0.13705852351738154
U_4430,0.031934684592717116,0.06098853182296072,0.09863980644324773,0.10858710699754967,0.15961507858142407,0.13331716854839465,0.11779221529353816,0.7156473361313923,0.07217508893804783,0.15343208676883577,0.1501764535299933,0.19342779244215275,0.10687699084975197,0.14516714870128666,0.0700394775744085,0.9783239394159587,0.15261511636801992
U_4431,0.26927959785258787,0.1743014985415307,0.209734625068164,0.029685381216196523,0.02303816978065111,0.0843235191848422,0.10080143712266809,0.08418948725005669,0.02465726588052514,0.05105365471314276,0.03680871656990772,0.03161435656900957,0.09701557818492118,0.7053559796589729,0.8791459752525788,0.1721822837572155,0.09345704335906287
U_4432,0.17991012951038904,0.2550957114877104,0.24544601119373954,0.046325972133419005,0.06535605047639483,0.22619475644824216,0.09272172723185651,0.12422898495658233,0.932140784172104,0.08015109866801833,0.08294577355609396,0.05084592752580786,0.14911884932499941,0.14560861968912475,0.087048526159955,0.3513401740960789,0.13254780157136628
U_4433,0.30789282133888596,0.24489818214376263,0.862063906549198,0.03850380709572011,0.03051242914218339,0.25339026393260317,0.0704026095420683,0.09159694494402373,0.10190228459883795,0.06849360325893541,0.05211984025149972,0.06907713286953326,0.10946553835313712,0.15537803208245268,0.2301361186000137,0.08495577344750856,0.14610576997406227
U_4434,0.5094519737484019,0.35969555551946536,0.39817362125310596,0.03941434091147663,0.05719146272538272,0.3415851912088985,0.10063543565143832,0.12878601383185995,0.06570612578802931,0.07107055090026891,0.06746357704968056,0.08417644865315381,0.2085067334611686,0.2297952234493,0.49770764304131354,0.043612475428871464,0.1979959681990924
U_4435,0.03318577416640238,0.876508674584149,0.06470991445163632,0.10060668553502533,0.14988403455888083,0.09643128795639315,0.13034755649640795,0.11583182639406621,0.08107920390896074,0.21213832841300567,0.211590729697291,0.19993070017906361,0.1149053919815648,0.13423848165814845,0.0674129798985987,0.7207624386269118,0.15948816665557886
U_4436,0.3731357194401832,0.2837294751595406,0.28765804490100516,0.04246972513163011,0.038208023179207226,0.19274931807403364,0.09134985102400726,0.38236719690321913,0.07470210303024662,0.4238142808540608,0.055796730799710245,0.09162970413433622,0.17741390257846845,0.1743845428145956,0.29374743658239094,0.5357749213704065,0.13334528422731837
U_4437,0.25114856912923594,0.03024937567044485,0.35941016949373744,0.0751683931501631,0.4103063428422503,0.04380744354320143,0.09376555912666382,0.09837132915066764,0.04206725378893555,0.4322000249138013,0.12248695823218772,0.9478205873472633,0.08303649581347083,0.08945180529447813,0.06009905389134985,0.258149703317463,0.0995651617197392
U_4438,0.03713016756093776,0.07970374091720524,0.08452373125422641,0.08714738634125326,0.1896339517448161,0.16914943678355981,0.14135108079714348,0.15524630319183874,0.1160360221765355,0.1971089318238492,0.1764456653065264,0.1602584613727516,0.10921765206245893,0.1614403797231479,0.0682064292588919,1.0,0.18740361189370547
U_4439,0.3496024524441786,0.3112828746986326,0.32785262279628724,0.04530866377618055,0.04321116578308228,0.2898796789447884,0.1041067302746576,0.12821198496091804,0.7557146017652725,0.06283396106064744,0.06255145581225637,0.08906222421211815,0.16663561132657553,0.2002033737436399,0.20632957379106312,0.05540298361371463,0.19263753572848338
U_4440,0.3315070622458728,0.2885081792926512,0.32998251848941834,0.041332458061408076,0.051771136862562905,0.2685183463186247,0.4608589234898657,0.11049383746913824,0.7248041781391208,0.07303347332311441,0.0603781522171518,0.08284710518029399,0.17563593663021596,0.16869369420805735,0.29109928866895246,0.0364911157226403,0.13693821939830245
U_4441,0.3550641238911383,0.8631280271189713,0.285370952897388,0.03660470173377795,0.04486377987149443,0.14820790054848398,0.0707348931621603,0.09845535892785984,0.07107179128539501,0.36879625114240144,0.05403594702406904,0.06767976501977477,0.12969765831198052,0.17865429011885675,0.26297406300523557,0.04868258335310552,0.12628173328632403
U_4442,0.0447233881879342,0.11290741587674945,0.13135724512955516,0.11651841001659276,0.1657560662617126,0.15834323166520475,0.1847477909612592,0.14817202928678297,0.09855356882072489,0.5225775891448137,0.16729407522565315,0.2536240710351823,0.11627888163841477,0.14977558419348463,0.0792345296676953,0.4323266993088378,0.1997172746997949
U_4443,0.02935837319218329,0.023200946486182206,0.6300988546345336,0.06827252741732584,0.12967206991801974,0.14024891610267615,0.10618587915572998,0.11725887045929383,0.07550924058780532,0.12430070526347906,0.15140679963726736,0.7294086450534257,0.08741286283788817,0.11117253056752613,0.04083496926878929,0.33846163871826224,0.1203535683562549
U_4444,0.40971751964741865,0.34473170309905093,0.30854675777886736,0.04397710806791027,0.04253074895253989,0.1753673370787765,0.06963695102996577,0.09083083386638709,0.7099886876798692,0.057999205824055086,0.06240025963466832,0.08470082813266155,0.16687702587271536,0.19235703605786314,0.3202925584613855,0.05008641257390102,0.21025687898411777
U_4445,0.1958946473570648,0.1664040462977557,0.45868037584903626,0.027502011903510978,0.20181706825864873,0.9372654842482597,0.06489889037950611,0.2659918023551412,0.21654564010601313,0.07645294686186105,0.06364455923227141,0.06999917530337763,0.14280233093323183,0.15604630705699976,0.19042163365170164,0.035398345357505544,0.6999810539715458
U_4446,0.5459802352462224,0.486218617215009,0.4558976849822225,0.04004892865446901,0.08085971335314734,0.22503974141507224,0.06682907770834166,0.1330602446334312,0.08608414437510675,0.09601677302862856,0.07161101085236905,0.0635425590409635,0.20538053617936824,0.26088704965127124,0.5627307240973416,0.0705138078737669,0.21182342953401204
U_4447,0.00955576444678181,0.03783076102599499,0.08135906619650021,0.08762920774660285,0.3765131133268652,0.1161944904284221,0.2796981054828103,0.07306973235297175,0.40665725219747834,0.198926944235651,0.1547733435963885,0.8718561941811118,0.09392684863038483,0.09960955734889441,0.04941771460188478,0.37803049410451467,0.07995205219475669
U_4448,0.03651221265514669,0.07750710947968682,0.1616506731801184,0.10005923579088184,0.5365794598575183,0.17197170793552743,0.1212817862226231,0.14436507914605481,0.10058830568639392,0.5556851893016996,0.18972669066338546,0.17813004789039638,0.10087855152960613,0.1475907068008192,0.05327492065555896,0.8556563229844647,0.14770900410802199
U_4449,0.2515106623939289,0.41151934595092965,0.5395349044979723,0.04448308920049419,0.13833009905973337,0.4009291495195302,0.05945998256853366,0.11083628787751415,0.721186309518026,0.08676771582193772,0.06448018262051347,0.4316601087268235,0.1479224208915235,0.16523236352378184,0.2485363212323511,0.0205503836143713,0.09154111415134775
U_4450,0.3678263851776922,0.29645028778979227,0.2901428253843652,0.043850802081411434,0.03996754287973235,0.28061886898491933,0.07591555272832858,0.09764197775144283,0.56531207384747,0.06367497295004597,0.05203369069019858,0.09523612055196752,0.1643944579949244,0.17256827124989504,0.2926635496981282,0.05971117746340284,0.1633731656843505
U_4451,0.17751193665647658,0.3935702750806961,0.8913169108224249,0.026546914863803058,0.1975128305575274,0.2092234110249334,0.08297417425037099,0.0886756933129712,0.08080328438849162,0.04646813017614242,0.043617236368354476,0.5316066958233993,0.12233688609971678,0.14077159576011408,0.26761015641337715,0.19263854551134824,0.08995866373380165
U_4452,0.06946788471270643,0.18635782767584186,0.11812689216538592,0.10451395203552491,0.12315519966377468,0.14341071862534935,0.18295074413162155,0.1415940638834423,0.92242926537883,0.07728270690623479,0.07756416277753564,0.4596957866539036,0.17389891507556476,0.18067899855907343,0.06548249042969075,0.030616039321458767,0.1522937859768365
U_4453,0.2009644112004219,0.14111435691143684,0.8086901548761639,0.05854231762930915,0.06248359041104125,0.2288480239587937,0.12569901023248511,0.12124649129629607,0.05958257170046692,0.2879259863679401,0.043342875393422166,0.052174320644695425,0.12556346506997815,0.1436352441830605,0.10983485559135905,0.04034758848903389,0.8358075986357015
U_4454,0.3426027448592519,0.3461072012970087,0.31462858195263915,0.04602296703552194,0.05052584356857061,0.2133824916237543,0.07482716856921559,0.1167509510519346,0.05859341917353454,0.49204698952086345,0.0690814344055068,0.08666150648776585,0.18178058575492018,0.17638992640705733,0.3095911658695288,0.05557551902698527,0.11102034725660731
U_4455,0.23542984570484948,0.2143554047506372,0.8757783337867977,0.05189509686093159,0.02491162006304006,0.4120550260831774,0.05302690127701186,0.090531047171214,0.2620280541882587,0.06767687852906806,0.05503446993522088,0.06110878000409999,0.14321603353340634,0.14319388841414257,0.23039866311413518,0.03221972960852524,0.3899459140262254
U_4456,0.3045275281718739,0.3950011784766015,0.21015449506737238,0.05392135070274142,0.06067817145809543,0.30249089085146597,0.07514542367184047,0.15033042487229475,0.08430449052965314,0.10299829334852445,0.07597197799084675,0.08350547939427486,0.18662566265926311,0.2105934254809488,0.2206760421084089,0.6894343881491798,0.21859051479769864
U_4457,0.036068554257600936,0.058622120917321774,0.8897324553720869,0.0945427271665737,0.17525912768212706,0.10671261569154007,0.15930991162773642,0.1579726660477832,0.10344342077030787,0.17753742654598836,0.18408822779726877,0.1852904296152893,0.12760871828921955,0.13377536594916828,0.05987389254795839,0.3488138472862329,0.19616021072076634
U_4458,0.056614041524934766,0.1881473961316542,0.22390116425022707,0.10821989280450349,0.12552378585763288,0.20385597299132832,0.15973429006703416,0.17808568812802872,0.18024145875420453,0.7117558295391425,0.1283992351480183,0.08426893965629093,0.1819414686903685,0.1875656340041644,0.07541398724694892,0.03216425631567177,0.7602207050366682
U_4459,0.03112445320696095,0.744333298047126,0.06922375984961476,0.10369707445229114,0.1646149852115316,0.18139728183934803,0.13879478332968334,0.1555516546192811,0.12114941173633093,0.19006898352199908,0.19447572124332113,0.6480224341789332,0.12977654356700682,0.16452331296730743,0.05346630722036927,0.28760868792461225,0.16148958093142488
U_4460,0.06513691444130032,0.10019600796760224,0.5833239724005866,0.06974177604463583,0.0829639952323596,0.2641560080597228,0.6689265289661508,0.14128765055158418,0.6522005023018022,0.07536778020434087,0.08524404332442093,0.4067815795209553,0.1626873141750735,0.15303551778569124,0.07806605542407212,0.03472411025941671,0.11072946964982638
U_4461,0.3208670840706576,0.32364002418819243,0.3169436322101435,0.058427729200356014,0.04309903421755283,0.2368955876477346,0.06987446982273499,0.11680316573592338,0.7840069253161088,0.07790287388895734,0.07219584891030056,0.0597790684791201,0.14084782867221368,0.21961166997963083,0.2811293741375465,0.04294230968531771,0.14446732252229003
U_4462,0.5734031609651765,0.20407530296014073,0.5602830913568179,0.03430590157579151,0.04390361280804722,0.1970698853182455,0.08317522506598053,0.08833290597852232,0.053235972621178455,0.5287881639678121,0.058420272846923596,0.5496837098769303,0.1493933443659886,0.14361561368631065,0.22456807372243093,0.02450493001428948,0.13308319748662678
U_4463,0.21687265680087295,0.141449216716695,0.21902377271345813,0.042054772021064085,0.0527335565099738,0.6017849639209721,0.12245447293415215,0.1289510137477248,0.08789259852599972,0.061230302654756916,0.05760017770946419,0.7857532647180787,0.14416781204564652,0.14154222105851805,0.09467840066731556,0.2475404995792446,0.1497246690316306
U_4464,0.2352097481475064,0.2459011436378029,0.3276439974591258,0.05947697278181092,0.05461311235950956,0.28727708591693296,0.06266036116431808,0.12217779420357802,0.036912062018473926,0.050864575107794754,0.08108337666029888,0.6143252015251797,0.16743785937256678,0.1805306098975823,0.1857207737780785,0.031749077824520994,0.6480727631627525
U_4465,0.36069193501232133,0.3242530855021418,0.2606888696471701,0.04835282822636567,0.043519373629738616,0.28936833133248435,0.08478178457878269,0.1061469453947706,0.04783916502729205,0.6099426552909792,0.04953261690666493,0.05808439241280288,0.13063940521611572,0.17159713423988676,0.2778204268153708,0.3841778992704831,0.16418508223744507
U_4466,0.036214074974704066,0.09255267462738423,0.12000009645163912,0.1015046367754274,0.15830744121820106,0.13381644190875114,0.13029964877373285,0.5182572070204806,0.4150317965503715,0.17106701163689836,0.2166425981502436,0.3024361552771832,0.1453911107863321,0.16645823641203764,0.0842100372370765,0.269921123046207,0.160918738006979
U_4467,0.26842237915494316,0.2394798339623523,0.2557287801869709,0.052399458887688107,0.04110351660613643,0.13742340605545403,0.04408147694145032,0.10244631721149393,0.03813120325521948,0.046226177077253655,0.04781102969102119,0.5680301568920518,0.15050122667915566,0.7550917712552212,0.5024127676891281,0.032022694063396716,0.14950176901456516
U_4468,0.5644494938657184,0.5781673643654168,0.42249063744248705,0.03380919410079907,0.05089898063989233,0.25002646922770383,0.0778507184249007,0.1409240172871664,0.07501065247319162,0.08416975576226692,0.07574051561668735,0.06059637560405208,0.20001647038552414,0.26289646059261146,0.47298246001750277,0.09040757821098075,0.21624251900985295
U_4469,0.23139226873324314,0.23354411730062802,0.27440194203422286,0.0761114958602401,0.07589459368973371,0.3248919595709041,0.15286274414891204,0.15809600134004326,0.09055644699386613,0.06943064788561652,0.07648881317535947,0.08141882603771469,0.17500550068213064,0.16566892584353746,0.12237260411234799,0.031199209065859622,0.6010506405050925
U_4470,0.03326833142167377,0.08202825590743153,0.0754489491341497,0.09878893017579646,0.13932256558180584,0.6780684436845831,0.12417667900093726,0.12110807773193571,0.49769492823907074,0.1532022546956183,0.14202862604307762,0.22572621310765778,0.12246260525341413,0.1352451433181579,0.07676886532843846,0.5991024308127376,0.13486011512680932
U_4471,0.05249008271737462,0.1334213907524125,0.1823310703814275,0.1229877249235642,0.3594457237688442,0.3251005194219047,0.15782314022819183,0.19963643558100974,0.2377618160863397,0.3013742189189647,0.30847523859906595,0.22004542147981532,0.15901401188755107,0.24653525547738459,0.09681980821626292,0.43125136886777293,0.2641414756702236
U_4472,0.10650937267708133,0.21886600240531304,0.2771723919183913,0.11321110480797378,0.15901211240542573,0.22252274738648586,0.1610669830238339,0.17441318861125732,0.23814157140753425,0.08639612656647074,0.09607769361089015,0.7664147401373115,0.201347548266734,0.21850067239143287,0.10232971241369358,0.0476336577893869,0.1938296595623455
U_4473,0.04310240873730336,0.051767047438840204,0.17234090502698368,0.09602692389794469,0.20250313616466498,0.18711707187792748,0.17708164229324086,0.8358602331635869,0.10421674098359046,0.23004643607237288,0.22482353813771064,0.20752435674657552,0.12713078707905187,0.17009547643549858,0.0549025976329819,0.28558199767390036,0.2158475639603261
U_4474,0.03201428804252392,0.25690262805685493,0.0691513570942119,0.07708631475763508,0.25358657677509444,0.8597771347348261,0.09168038186201959,0.10315111472072008,0.042569261794739556,0.12323153786750125,0.15237065099779434,0.4249981458553287,0.08344871117175134,0.09855463691977208,0.03801962543358669,0.22868389047889354,0.12208597595641354
U_4475,0.1886488960915594,0.14618038291789945,0.5317412407297594,0.07059238416632134,0.061805539159711306,0.7380881299079171,0.18308359136699942,0.12560398904155534,0.130803755911077,0.4732658669428341,0.060424330752722646,0.2857042879547087,0.15860449006592645,0.14968568074869715,0.09743156292432668,0.04204518749824759,0.13274894006095575
U_4476,0.27293701883882976,0.2719113027493956,0.26305880511445623,0.043964748703482895,0.039476417445879104,0.16913057627928874,0.055645294872812265,0.09383980138609394,0.045065042182624776,0.0728999959135002,0.053859252721797014,0.8518417310493338,0.14103895569696667,0.18078984284072108,0.2515013537494081,0.3971973413380705,0.11624112801968588
U_4477,0.351975768736981,0.9499401114092021,0.26822352484554723,0.0540044840740741,0.04115408499812358,0.19594991393920705,0.07474026261442017,0.0982634076412869,0.05330249769615501,0.07143563225549765,0.06574940413840527,0.06905046366755004,0.14612422270692518,0.18242613099088772,0.27768501671076495,0.06112428322526935,0.1783253074639656
U_4478,0.29008352642801444,0.23986401877086155,0.7740970775643037,0.052288480037024486,0.051257825473728445,0.1573370731221474,0.319883980132784,0.10800472666487382,0.051552563105642046,0.07633128174686182,0.06424588317967776,0.05520522606568439,0.12770231474463106,0.1738114178217391,0.6418550542154011,0.03466112735470147,0.12152659587448254
U_4479,0.29236659226917633,0.1862289087973349,0.2678176691875626,0.07888312138825766,0.06725069893437516,0.264694327266534,0.16755500136938192,0.13391351916414287,0.06304294216666342,0.06624704701624216,0.058801971988978956,0.07215651915301968,0.15096073620779402,0.2407748116321133,0.16248776175460117,0.039248923960079715,0.7855684879754478
U_4480,0.048805471458004714,0.11106702184299447,0.11689715114706832,0.11547352481682209,0.18147581378329028,0.1637595932891875,0.17256492075371094,0.1505838097599796,0.8263218430257641,0.1946259530053067,0.20062268814174347,0.1589869361694891,0.1151778280667155,0.1894523877068622,0.04256288075845873,0.264458370476902,0.19697475108387155
U_4481,0.22995396426234654,0.15679279854209408,0.24535671995134645,0.07257121309120312,0.40854619893214816,0.6925089294572794,0.15272546129284864,0.1346587953520805,0.06494842892878425,0.06367413066491498,0.056471217644496176,0.5703627369670161,0.1475083787698158,0.15499289135205094,0.1293015877208188,0.022552693941215122,0.5983395674782889
U_4482,0.08101312623109683,0.23367165565516992,0.7819453206193865,0.10187667177389235,0.13247654195190695,0.11860169731325201,0.14617498983422955,0.17071933384986793,0.22554057816706835,0.0821114268156013,0.0792828380636097,0.6439879813650373,0.1977225935723192,0.22652400050886662,0.09063249507616548,0.04070893775372476,0.1589090296575999
U_4483,0.20998246211164448,0.20936748795914178,0.20337103477536128,0.09081560099226993,0.11199636422738286,0.26490592611937364,0.18146641534691252,0.1781715109945369,0.17253687234176232,0.7015632344711283,0.06985643381478991,0.6250927301065008,0.19650581750350316,0.2081830245501216,0.11764131575856204,0.03378450043038646,0.1697542452993538
U_4484,0.3037933314393015,0.7042430567702286,0.6310509353146532,0.05101587138269332,0.04630137793798053,0.16077960538290179,0.07897123458543602,0.11088609026489478,0.572812757313011,0.09225085152387695,0.0608107964355401,0.06539552324961684,0.15583962003205803,0.16708162334861734,0.2613567963174973,0.038380171769939915,0.09821857196064483
U_4485,0.013784276353470553,0.03277675148647203,0.11846987900203193,0.06689839286703682,0.1309977333971313,0.9315828662514072,0.08999660800462257,0.25996128392365064,0.3030025043085416,0.12180497845609424,0.14362608194148535,0.1484588522859145,0.09076697547813256,0.10771603155071291,0.03797023147962992,0.5379953905951103,0.10954346728942663
U_4486,0.2744774021154619,0.28043543802524845,0.2900548332703978,0.03897865838335872,0.05782987464736072,0.257441278613531,0.09981809077528334,0.11177025088491528,0.05594657484637382,0.06599957321157761,0.05871375700210388,0.10952945611410665,0.1215395931846795,0.2010914022040986,0.14790046313742294,0.532605760167331,0.7092787200367483
U_4487,0.2551951573069912,0.6127428523100141,0.2982039933161882,0.03796040834541591,0.036872096042075746,0.15087850576860096,0.06981880366964177,0.10977993290152642,0.07887909736070628,0.06420966025034397,0.05498725599597524,0.7865496355539857,0.15215375006198648,0.166272148916413,0.23542493863756153,0.03239364255210735,0.11374368360833134
U_4488,0.032254408748183264,0.06382040707668624,0.10162628308402763,0.09604658981736439,0.11827730061767458,0.9698623910298896,0.10746496027144531,0.12693034067851655,0.41612509522526114,0.1238547086666174,0.130506778097914,0.08282152726292194,0.06766720536948391,0.12449388923592117,0.04250265051434068,0.675184728971773,0.17793506265937867
U_4489,0.2305644939963886,0.17252308135848804,0.1969406210355443,0.024274153345567748,0.03515252090016604,0.38202342393845273,0.16282731680960924,0.0861800232565944,0.037366017229713,0.04796433180414117,0.04227399615086645,0.06084654520922882,0.10025651414736654,0.3909852028832639,0.9426875338944589,0.026425466175985225,0.11114730066316689
U_4490,0.14684782031006785,0.4153053035708936,0.46577782463679496,0.014111574816525557,0.11237154026997155,0.5780626967140078,0.3001394715582301,0.1000333994293341,0.50952350831146,0.032016014222918734,0.03297542102250506,0.4836528775297761,0.1291522441833719,0.12379232974260045,0.05201350344021976,0.09067094244671695,0.09078605834354307
U_4491,0.36850614336391974,0.3453845094970578,0.3266798366506721,0.05649472563903565,0.05573782578013355,0.1617132349821672,0.6861960868042027,0.12800664718562965,0.0634818283339512,0.07202024475661278,0.07889212720434717,0.06763384683872244,0.15382128214042745,0.20773022697735488,0.3326532314202122,0.051997984022945316,0.13025598340276356
U_4492,0.34148835101872105,0.2837788243023872,0.2744149038036088,0.05875154697827846,0.055129243810882286,0.1627990188445753,0.07851944001767655,0.7391198798681937,0.5959859149597811,0.08315577015142914,0.056868863871278895,0.06395624025060187,0.16190086145951313,0.17178460724328123,0.29232703844087127,0.034253578677250526,0.1358020696380644
U_4493,0.05976364622572736,0.7442915251981581,0.10817492326398617,0.0835312015605179,0.11280076265844655,0.18408399077889726,0.18537989023801993,0.1390830272921889,0.6315558043844489,0.12629506131432738,0.12354722101371347,0.6816407847116803,0.17262628341557493,0.16617978045280107,0.06642626628364365,0.05115953030237406,0.15346949090549747
U_4494,0.3029394814894088,0.29398616712157644,0.26971620002718777,0.05699194125599766,0.05398085304322147,0.22761769549577085,0.08751444856204667,0.5048245975736733,0.04963981717921573,0.08113886788186037,0.06105559246802467,0.6065765970700504,0.13083552000673332,0.19660821075276794,0.6217393663906785,0.026076643246666347,0.14072847858319518
U_4495,0.27048095862191474,0.7394818103796287,0.26640437878480466,0.04133632211765155,0.22773785000873806,0.13694684246404418,0.2199601431379473,0.08555516714475482,0.38631161420540683,0.19680465330855576,0.051308199716459876,0.06978186172576208,0.13400781779296925,0.15315819741744977,0.22091895299510875,0.031436437003166055,0.11989738014395693
U_4496,0.33196899335799374,0.2898227805135605,0.3082796755740542,0.055498628337952834,0.05892711459867946,0.8544085467518712,0.06803801955230819,0.11312562939949783,0.05478484277307303,0.07070515243330365,0.08717356867625507,0.07967016444119199,0.21610482088422667,0.20582950744852208,0.32455289022875816,0.05838800401382786,0.1396289757289662
U_4497,0.0958000786351653,0.1193733655774787,0.09391295693663551,0.12969179665569683,0.17739428739008317,0.1445772976959228,0.9123032925631743,0.193027779740668,0.06390855436963165,0.09237519928993372,0.09158288914867418,0.07559629233605124,0.12414771577237368,0.1626711057237937,0.085080671703101,0.34928238756860763,0.20982430421278783
U_4498,0.1896282840087694,0.1686702859398445,0.903068516007036,0.02914092725533421,0.033367406655798494,0.34615673204137076,0.06720476918690277,0.08343249310393841,0.40358599124904243,0.054239865418702904,0.04241233354234894,0.05338785276700111,0.12128742822741773,0.12799109799006328,0.21454612188800765,0.035195434248353315,0.6185445459567097
U_4499,0.42962798025079474,0.4038658191053372,0.3023786223621972,0.07060269510709885,0.091561193592679,0.5129547275337089,0.09816491274912137,0.19803565101642112,0.11682101251267374,0.1130802700356849,0.10283943228719268,0.09740990742284727,0.34814829545947523,0.26996563845545013,0.16941830777935996,0.04697144723950043,0.2873032475866902
U_4500,0.29882791418719234,0.23730478682537343,0.8020234363178003,0.0388260872680366,0.03698375859974114,0.10182953428771571,0.041846536080302324,0.08408607364620364,0.0348545561644066,0.048027557440886395,0.05442091350877971,0.03732572753913599,0.12638658424444216,0.6561211828698993,0.5438862783561437,0.034568675998379005,0.13898582552383504
U_4501,0.10720748224130253,0.23395277484279867,0.6311051244411915,0.05825534891261685,0.07890563242303175,0.23280717147593047,0.10103292491667831,0.12352142076568379,0.09117644210657788,0.09073101223594471,0.10934751443686444,0.8031653413326818,0.15791376852419056,0.15820686242288173,0.059993469153240934,0.025277632786597573,0.1417798099416938
U_4502,0.06732642770286842,0.18424841067145858,0.9013984059718141,0.10136967613182013,0.11839317772886705,0.15751595493972514,0.23040821652202523,0.5439342456238035,0.18781869479588467,0.06955670123276736,0.07585914434922243,0.4459481981696286,0.16604234978326693,0.1684822719784336,0.07191119450842273,0.0355389106779484,0.14724914416362558
U_4503,0.23988391726323605,0.23982611451630012,0.25622903950302756,0.041458769923943053,0.04945132854237509,0.2968884067814884,0.5723761429746068,0.12959944597202336,0.08617880903902905,0.3901071105849424,0.07134604845487436,0.07120253032383661,0.16128614494104426,0.16548229754903762,0.14250604054902685,0.030456011837854475,0.5032784594072751
U_4504,0.39006426404401884,0.16990314555146493,0.8205833138529695,0.033394003960251065,0.02368405317658435,0.20080073662089898,0.044436003922723274,0.07909246291058124,0.04141204908326749,0.21370761513386136,0.0523364812087282,0.5377326345295416,0.1305423549617383,0.6142793901141944,0.307130563554781,0.01957356368914422,0.09670872930421925
U_4505,0.1883645323562147,0.1780461616333041,0.2715940427343647,0.06423658519332218,0.06525018372312963,0.2492906712027107,0.12721630971411257,0.1330532956939513,0.8014885623855341,0.05185788299042448,0.06247408354671971,0.06623635596625067,0.12867868626578202,0.14128301524838402,0.08503355725124169,0.03486430374575545,0.5227847865524002
U_4506,0.21081642277325768,0.5865113150921231,0.18264073031794967,0.05603306090257746,0.05333933218862242,0.2723985918112683,0.11143400769534621,0.13087631033051808,0.04950853834043491,0.06138695168581988,0.050796281333646665,0.05502759367671467,0.13510485510311687,0.14912184985452992,0.11617690666692661,0.4625177854914412,0.784865093673311
U_4507,0.25036538160394134,0.2820140010309692,0.8851425268857693,0.04422560107539912,0.2804403196338951,0.2114400509453266,0.061109029804497006,0.20237692737536953,0.25192487383065687,0.11649031097477705,0.0828858509892497,0.2749774428593392,0.14268933930158284,0.13689134740440118,0.16534151242515427,0.017706777342402703,0.12969459796701605
U_4508,0.24055667414692075,0.22790854825491952,0.22351277981515785,0.0492164241782121,0.049629551319506984,0.27554205778639634,0.07778826260056325,0.13825249257252445,0.07327264144751905,0.3830297874145082,0.060774465178352464,0.6779942305517603,0.16120263331635,0.17010005351046473,0.1439968589851925,0.03289977687200474,0.5897126080939865
U_4509,0.08232233732865175,0.169701319440677,0.2475839071378576,0.08454185983690371,0.11726158735091906,0.19283568870252746,0.13702218757184503,0.7804763150101095,0.20474096237560005,0.4903523015605466,0.08014700292348328,0.0902985179624513,0.17047283647527112,0.1677878998900291,0.057782568350332235,0.04006833830742881,0.1761735714842523
U_4510,0.2479472285028148,0.1827663640176756,0.22766449444328235,0.031467314351614324,0.036965127095536274,0.7066571442707508,0.08689455053759687,0.0944914111632457,0.04453436264890599,0.05775844143352602,0.051930855967745805,0.6030955032321738,0.1151948728002027,0.14061682473438167,0.2327202810568743,0.1423737066970625,0.5819899925730084
U_4511,0.04424137288872142,0.05477330642485542,0.11328106634794831,0.11671656336578035,0.18428489575635465,0.6936370315931341,0.191713827706881,0.17065358540430026,0.09756577563899477,0.17343094885219407,0.18602703612554405,0.20077628013258614,0.12995382857493215,0.16221377097971182,0.08314468453124392,0.38652600440408696,0.2041632029836378
U_4512,0.04134904552513753,0.05752575431660797,0.17265768675493312,0.0947280190526818,0.14021392221682533,0.18716497446171348,0.11557696861453323,0.16308907334015826,0.1055230544409344,0.6582366674480487,0.20796560305285788,0.1440783332850209,0.08991432961494669,0.15275463003499598,0.032159796406014116,0.6768185461588405,0.15778733797887595
U_4513,0.2809289943086487,0.2734200946497716,0.29505854977868584,0.03680386321602243,0.04520843551264302,0.2854790588443204,0.08945311285916505,0.11789892629133601,0.4031141069608425,0.5553963371568796,0.05505968590939566,0.07732355020713594,0.15679889639306185,0.17632869781896543,0.27484136857088487,0.04989739808501254,0.14457755632069602
U_4514,0.5674209423404687,0.23194167166208168,0.5121439242535679,0.031047086116075408,0.038618023941308616,0.7338718108815325,0.08237040055379614,0.0805795396508446,0.04664805636099274,0.052338791565383035,0.04039600066908905,0.41564686827588915,0.11343349789257341,0.1296206537009627,0.2330469922440595,0.03911259974127149,0.13304261656290756
U_4515,0.2856909174641455,0.2568968085287148,1.0,0.05398678377455399,0.0356826689333551,0.23534743974710914,0.056549479094922236,0.11599186067217761,0.04498429328526063,0.05997209805568703,0.061008004565607996,0.07160995928469747,0.11385240363707204,0.1905783563824559,0.2949232330687709,0.04574559726797199,0.14147696304273033
U_4516,0.04038498613565772,0.1019390707007578,0.11504160011291385,0.10875009329668077,0.15714321320178168,0.11396367522112187,0.1055752923130405,0.6980037927557899,0.06996038708306151,0.1316074157679292,0.12044971328710788,0.11435930364954473,0.07767680255284869,0.13312736578661166,0.07445131968606583,0.9784963718317449,0.15782361552959015
U_4517,0.1369514460076201,0.449317894893451,0.2757253021521515,0.07286324394953743,0.11466192016047583,0.4335254412937674,0.13765801001641176,0.17017554774330088,0.23697263623582307,0.21537299771511612,0.2157736117982599,0.3015366808700624,0.2055457174211041,0.28435134820408237,0.1394662346061944,0.16444819162167987,0.2000525496724694
U_4518,0.3553971643536924,0.32555956796917485,0.31933670521563307,0.049064878849778046,0.04782869373381496,0.1685121084210136,0.06648628421196494,0.12213807468924202,0.7603498800010385,0.06048206722032893,0.06511878995219378,0.06472180053017774,0.15358805546165205,0.20803697838096966,0.34973720021360777,0.041071295890681134,0.14824080981691057
U_4519,0.2757201708495363,0.23683257340086242,1.0,0.04178455710558457,0.03796461537649464,0.24901018256004087,0.06812992399176235,0.11677654328901182,0.052630606837731776,0.07367020468569668,0.061660914307433035,0.07032305871311322,0.15412689327013857,0.16565207626913803,0.26266915099014565,0.04433973740751144,0.15032708225055455
U_4520,0.29446874884377117,0.20931961035116062,0.9738552817455698,0.03879144764924228,0.027575924830464026,0.14912931150646735,0.06496828731486141,0.09355344252317242,0.050888561102414964,0.24330185777870755,0.05589523903645135,0.07959676457037537,0.13424743922664747,0.15380340186463087,0.2284675969238282,0.03369836988829701,0.09977302776186052
U_4521,0.3296498663299122,0.25888576399711344,0.284609703980063,0.03764615023599483,0.07071093167529853,0.24518260241514117,0.7414482264783423,0.6005568690307367,0.06960561061842667,0.08920341358982627,0.06983058858255257,0.08481710436403764,0.16821452397776443,0.17363655036297226,0.2728903295000275,0.03497061827497052,0.13206347595039145
U_4522,0.0815431686144472,0.09836719410602891,0.19890472363565018,0.06600461620107463,0.09452332723490851,0.10731727610436423,0.17222441445404543,0.6144633083637066,0.4800057830129676,0.09388952209349995,0.10127897323228405,0.6874203430614871,0.1696409365623639,0.1562836513485737,0.08643783058985836,0.037199779516735,0.16772868308477853
U_4523,0.301530928887613,0.28874708374069213,0.8854762403494297,0.04334942026477277,0.04045742521859072,0.13982196773234318,0.07036761055128647,0.08835302159499263,0.05977305509157998,0.06588784239325504,0.05332198197234975,0.0548316404530402,0.12503721178251423,0.15998368717306014,0.2441232365598323,0.3820966504346956,0.10741432730465075
U_4524,0.5221095933649298,0.5097784679683278,0.4857430870709329,0.03934963945936658,0.06952473985637687,0.32754247568668504,0.09212916404681251,0.1377285289770689,0.18672344373525757,0.09577190656830484,0.0887402881529666,0.07645953345900972,0.26329414719475974,0.2793104658565221,0.31279782511919535,0.04671352651657214,0.21375684706872525
U_4525,0.04977982632987719,0.07053284983285288,0.12533957071658886,0.08481050970749708,0.2028526766275478,0.17864497517117098,0.13202335066587356,0.843171505715302,0.08432219441022258,0.15186409829460817,0.14364291144528013,0.35599858958675884,0.20494693799973937,0.17315886147626172,0.07265975196773317,0.3411688574521708,0.187751996233387
U_4526,0.3518577149944886,0.3388720208182697,0.3151839976643575,0.05396487193013668,0.048824081667451204,0.21660930068239354,0.7012490493720769,0.12738421597662372,0.06401140532868016,0.07141839614407247,0.07368653210175842,0.06655263610850833,0.15028158985357593,0.20415875564543812,0.33271464260086114,0.050762137822645374,0.14483493122632268
U_4527,0.25081767228992696,0.21373076768090565,0.3237844971437705,0.07807891340196685,0.0888094145059504,0.25804780199237065,0.18547728272896022,0.4479546421023601,0.049531768810190384,0.48406277476533843,0.06434904684719064,0.06427963247055438,0.15236708259122023,0.1888379106612026,0.2629445980680427,0.03244847654440378,0.6010953316453
U_4528,0.20171748942865741,0.5289513817059973,0.28053041958588537,0.026374203964897706,0.023386410468301484,0.7331654849580861,0.2534300674420969,0.0630947324967199,0.07931102741214895,0.14116104350328348,0.028733813653209223,0.050607581705539646,0.09739472361604438,0.1200979566937076,0.10746701186847629,0.14112129904586918,0.6386264817163316
U_4529,0.07720968257750563,0.13412695711411682,0.9105868448801998,0.07772395744960912,0.5069095015481255,0.17805093470596878,0.15434521747976798,0.11131409640013046,0.16582439905457852,0.06749101218198707,0.06618654334387114,0.062467127652464455,0.15447381427283655,0.1527660340683421,0.055930765843512975,0.04074891683938063,0.13523435617401516
U_4530,0.23128423505551543,0.6917611703146531,0.3732856356817431,0.034635178364563673,0.29583377577786424,0.11947443856733851,0.042400119307594575,0.07545071002542564,0.027835188841472902,0.06275968097165976,0.043461248340183896,0.17885243340609835,0.12708363671691592,0.8121686423195285,0.33606321234581377,0.20187638243857964,0.0831848861238717
U_4531,0.4353172598734787,0.2799836108926455,0.4288720311954468,0.10415631967060156,0.09232849148987465,0.3960325884881077,0.17948632405826281,0.19070099426049014,0.060835572388403626,0.0925170185561691,0.09489595447219332,0.08405935385961485,0.22190400444099131,0.22717211543231663,0.44449566131514995,0.043371531143222355,0.2718749180204485
U_4532,0.3182495117799123,0.23417526637481115,0.2529389235213218,0.03504439905344329,0.030706995567710817,0.14436574249345693,0.2680694520272438,0.0861562779092786,0.04646505147514579,0.06526572689989356,0.05661164106043649,0.7657464043747564,0.14005056414186648,0.13998222485015932,0.2766130963269482,0.27427773938651023,0.11259975465215119
U_4533,0.04018522865631754,0.060998589830644254,0.16287607212381433,0.10125565924273115,0.1772305532359452,0.10097052167262152,0.11968397251424727,0.14020968710887752,0.679530834480317,0.15917534926945215,0.18209463008239152,0.14200755476935803,0.09648909317044932,0.15726000482073318,0.05707040460397804,0.8579375406771076,0.18255453103358313
U_4534,0.1877454439144638,0.6185558605690117,0.2622837857922115,0.04061013157067431,0.3867312978767513,0.4229190076476793,0.21303249808528477,0.14915111405330345,0.23947834024386888,0.05225318946995216,0.05925181395804457,0.6037595670638309,0.14711225059323857,0.14392889253024074,0.1939277698032296,0.00289390447904752,0.09053978475416423
U_4535,0.03625761595879313,0.16646621951786003,0.1016681081031501,0.11839835866132149,0.19098488500625627,0.2906708677101311,0.1502115383553127,0.12376999627434074,0.7529879058706886,0.1708145654394284,0.18945005477749768,0.2828651061535799,0.1586944513843937,0.17861737349140586,0.0810538562532014,0.3924254045190492,0.17391635219602913
U_4536,0.01279904283690093,0.9121041567366456,0.2951077203519635,0.06969581831504577,0.1994566650580129,0.11615814949972364,0.4279673221853961,0.16527281850536119,0.09783386994120587,0.14976006625701208,0.15384691982420706,0.21278599816214086,0.10142584325349771,0.09279867127045514,0.04001626514327256,0.2571509859577584,0.06834605920131767
U_4537,0.23691226312546235,0.26104212875836624,0.2663441796986041,0.05299943196553504,0.04603697762315684,0.2414306807634288,0.0744718357980394,0.13622220097866428,0.05313883743958012,0.05117446508267705,0.06442281712218764,0.6107105265200092,0.16124035026516373,0.18297318348749764,0.20420300895352964,0.02860547522795372,0.7713962011286013
U_4538,0.036367220723817345,0.056184942302754254,0.6325802795910646,0.06972149088147019,0.1280235416510152,0.15296497278029755,0.37549090746435926,0.13447197342593048,0.6021763767474207,0.15392124496794415,0.13310075038658822,0.1426157476162143,0.11264304027960095,0.1400325552309445,0.05596381212069099,0.16285621920385074,0.1362255307927444
U_4539,0.033627742399652015,0.16188633725608426,0.12114057613444452,0.10625744018368255,0.17061230561990387,0.14141195488796343,0.12991244308055597,0.1297874816213095,0.10168022575454656,0.16488198549109243,0.18906254389593025,0.9929984103342323,0.1436303595136285,0.1619021268889231,0.061238960236851304,0.2673568208283927,0.18977272609999005
U_4540,0.031112083921667026,0.0772586845723728,0.0916595105140933,0.09607638452199366,0.16088489369861866,0.14414960616592545,0.10809105013326457,0.12765729848713,0.07518698610943203,0.13148521634670332,0.15312368821594177,0.7649003138222793,0.13296428218258138,0.1537920605207188,0.08781935607202734,0.9314229338018121,0.16859787687382136
U_4541,0.025994516091397683,0.2491412304725876,0.1205307392575091,0.0716482689852175,0.11121134860198426,0.47674998446581995,0.09272537658172143,0.11469761245346563,0.7611447402684124,0.08977412700669515,0.09882226683535224,0.2108389001497919,0.09865545099928878,0.08338484210672581,0.05422587831621695,0.4039951046901311,0.08958650164490156
U_4542,0.04642835620543467,0.5220056066831826,0.1599954117372981,0.10801593580984911,0.14456721806598452,0.07761897673171142,0.7798865221001833,0.16341946824415537,0.07769537320437436,0.1592307035829298,0.15781347541567614,0.13547271730821694,0.09253971548408046,0.1449527099375859,0.054313595817223094,0.5826998675139929,0.1579287049214229
U_4543,0.28068066810128206,0.29999905630895035,0.9632968611470805,0.05425022206759232,0.048478586544763995,0.22593638385793063,0.07617911244678946,0.11562518666878,0.04899531215265874,0.06188306362653201,0.06779671030166892,0.060663773719693094,0.1374724764713694,0.1847434645484879,0.3182609763643438,0.03983870321960068,0.14266125875913524
U_4544,0.33164740625915073,0.9160646367412913,0.2428935188983289,0.04101406704231588,0.03877912616275702,0.15013056965911836,0.06877803903327798,0.09187445075053838,0.5744517773728374,0.05323203897299119,0.04978889231377839,0.07940063933652435,0.14494376951891996,0.14273217324057727,0.23895369773836062,0.03161606356913144,0.10889160044054505
U_4545,0.13339482723968693,0.12575437540513873,0.2357043404337794,0.09729560756092251,0.09649965593841935,0.21041685656268327,0.6839108535779277,0.15983172956713806,0.22243171410387513,0.09080317736183033,0.07994363660617587,0.4460762478804002,0.17984649630058472,0.1742913423652237,0.08748534786993928,0.05501740089157586,0.1574979877263994
U_4546,0.2347134613582082,0.2546647701164867,0.24817972177287623,0.037189978636575693,0.04236670282147458,0.2911895075430038,0.07036335432025027,0.11416837273521063,0.05936561262997822,0.6793043424516391,0.045661782545288146,0.04454571572248517,0.12167079062626639,0.16234903813853704,0.14655763703373959,0.29852555215778676,0.55860588914783
U_4547,0.2899145760098267,0.2973558709810146,0.7681441592673177,0.04251687002595016,0.05124402764230335,0.2057068271908228,0.06698876506182513,0.1021415276709231,0.042803985818842455,0.596532873314938,0.057146934550631294,0.07686278466067051,0.15131104687969318,0.16282337840976624,0.28286904443066,0.03792172532727755,0.1363875386820486
U_4548,0.052634624095614806,0.07451669804351975,0.09247190968156012,0.08424471348165864,0.1580561580441074,0.21173007246542838,0.8372404290635092,0.15560100852526307,0.11890092903358926,0.2509319235015924,0.23648938692745694,0.14689355715676142,0.10917530847343679,0.18299759984580927,0.061501799089935826,0.369443388830314,0.192905859255954
U_4549,0.21112421020031236,0.12938837484746876,0.5328553095325645,0.04930703759838331,0.45639653864269303,0.4398024676424589,0.11766440143877381,0.06067500330219498,0.0917650644432039,0.1322970106256504,0.13186489151169467,0.6583989055226085,0.1180715886828969,0.11699574331105357,0.03956315982799432,0.419139100514685,0.12073914798293667
U_4550,0.02359164950182773,0.34219570064826116,0.30073258724541907,0.05266890250752399,0.11102662551182486,0.29076062710605793,0.3004237090053747,0.10330730702203433,0.07625251975457313,0.09599625392490188,0.14635277200117403,0.9034299374901986,0.08176981577698011,0.10312988248882078,0.032346049350057,0.18556609606611205,0.10402216339357725
U_4551,0.22086970907380382,0.16490779016739224,0.17850987695685538,0.03146831546034909,0.14388680444382526,0.2520423580529592,0.17746853897212567,0.06852078637480026,0.2151898546731447,0.042579555430230405,0.034525060650469994,0.4545483283269735,0.11324046183579535,0.7804824781015782,0.7723528258962173,0.019726215042849937,0.097596326115941
U_4552,0.16797481513300194,0.22899159064077185,0.21256144286586484,0.1035179364645768,0.1034632592481243,0.2839718760563362,0.21027347264574528,0.1547900444821376,0.18088725158576766,0.0784137949702536,0.09719272902394868,0.7696466142693532,0.1986944361107891,0.1991984303170999,0.11812976958057973,0.03921563325218737,0.18944397641194846
U_4553,0.25289416067951415,0.21980525594803596,0.25538854525722643,0.04227077634711861,0.03555609114623349,0.15720829312421103,0.24381573204521811,0.10243282218225244,0.28136953787059704,0.056154279599698764,0.04925478447506715,0.06820886487170948,0.11460942090773746,0.7536298785867899,0.40010871151333616,0.04575837027324044,0.1060498360957655
U_4554,0.5627400402837087,0.5099486458532176,0.47765897291429144,0.0311089423459302,0.04163741555497867,0.47193172401605865,0.07879098101931438,0.14443930212606715,0.05094015549012199,0.08493436904505004,0.04997336930324171,0.06249481111484899,0.18600572502683418,0.2668616024118702,0.48510001462920027,0.07223099629923352,0.22704401959023773
U_4555,0.38066717892174845,0.35053047100125617,0.32762057740326034,0.05450254873956233,0.04367936191597343,0.17020689661594776,0.07797688239536595,0.8256903637431466,0.04625069051292236,0.07086716764622336,0.07220579550094873,0.08832453273555659,0.1870407784552327,0.1875311734840241,0.3113276115136508,0.05048338052790906,0.19351157356209658
U_4556,0.05549986371216586,0.14538636300112737,0.18903348798676328,0.11823184428005797,0.15119416451645937,0.9650311859153609,0.19246563453409818,0.16508556732239513,0.20001182871410708,0.09447086779216243,0.1120822838096972,0.15365234262466432,0.19228733617800567,0.1943324973100202,0.08372312113065047,0.04849361893635618,0.15854360663047368
U_4557,0.08785908579679541,0.12160138464689418,0.13569858333733795,0.1764430935836707,0.18121284877953556,0.12061837774539988,0.7913093761675949,0.18791583785510954,0.06998533647542306,0.09141880726980411,0.09686295301017589,0.07549310880588699,0.16132271792299596,0.18346623947253046,0.14008490283345315,0.3986238724994252,0.2146647413514739
U_4558,0.030713857855560547,0.06382251714467335,0.11225164788239911,0.103021322158423,0.15979847339960943,0.14878665856320192,0.7281275854077702,0.1539372209782356,0.1339277397391997,0.2073623028239247,0.17755956526676456,0.14765469071036882,0.10635786644513658,0.1718158845862941,0.047326336185584586,0.7826795144089986,0.17364707872015245
U_4559,0.23094385538625967,0.7397494220570279,0.24435172897593335,0.049680001888800875,0.04261040662809928,0.16861239837457626,0.07656118820122693,0.11976397466196662,0.09644069468117242,0.06764463294118789,0.06955560109920647,0.7400747417976801,0.14100602414442417,0.148156230818917,0.15083778659745156,0.023483758759732246,0.4796110180070831
U_4560,0.2416881171287619,0.36548083551596855,0.20146904125519033,0.01862602266412433,0.02571491548469076,0.3899649325505798,0.05036742233505086,0.09456927404544352,0.018082133100780308,0.1395604274005553,0.04224765246714059,0.1269530414978058,0.09682088117934827,0.44097692563522467,0.9451449427908303,0.06403779590680485,0.08851438274622654
U_4561,0.2483621499407293,0.2812130795764368,0.2643835164319373,0.061030158729164063,0.05078310662901622,0.29179806027097505,0.08275612120738972,0.13031361228408456,0.07533838164669698,0.06098500848693694,0.07522604876826963,0.060874187695332954,0.1396284069953088,0.17203270284898906,0.15414166324573805,0.039296118230006775,0.8207742046301831
U_4562,0.16600306655073735,0.17974697988103425,0.9069331325488824,0.030989695904013383,0.04173652134702648,0.20045856733723286,0.06611521706840041,0.2091784537963892,0.20624203516844236,0.2489713133781607,0.04611496191924447,0.06422227561935231,0.086646364066196,0.12602625800297013,0.09777751531465524,0.030443153467947452,0.5360832516027595
U_4563,0.25011109726464287,0.1853089235461339,0.2103683400476844,0.029122900808692606,0.022079235404371393,0.2868044008386276,0.04462429193665608,0.3369988856096944,0.16456750940829037,0.05620615624670396,0.03977586624081038,0.054692254941357765,0.1202455759833652,0.8310896793201745,0.7217686215367884,0.02653346313538731,0.10282489937685572
U_4564,0.5289684345224648,0.22475491091853977,0.5856276158115751,0.037989274322514026,0.03664361845295484,0.7059089862768144,0.25567375222711364,0.08233615590058167,0.36938811458671406,0.050229831929017234,0.05544779985786297,0.2848966063167499,0.13399432332176842,0.12985427191921634,0.1985109912645956,0.017894279065571676,0.10343079085016685
U_4565,0.2741588278627375,0.23936644749550312,0.25784276097470127,0.030449120307519135,0.042132833327069595,0.11020670633642525,0.0536638067047495,0.10085305727478211,0.3255259859869988,0.050751118883467,0.048187698536098944,0.05970669987351647,0.1296577364616141,0.7064862408095567,0.5510950759272307,0.02731966316529134,0.16705156619939115
U_4566,0.18315154598816075,0.14582259363141728,0.5641360127751187,0.026932356554763184,0.02553904117053052,0.715584101162884,0.1579919388518909,0.09975744312547308,0.15162636514963004,0.04636547611766213,0.034494150541168014,0.47505313188861076,0.11738293209169118,0.1176619823388504,0.19415761875705478,0.059256873597391464,0.5468571269439131
U_4567,0.043107830396294344,0.05072224403820401,0.07519594345419742,0.09749355285494053,0.1596334600313997,0.8222592181691005,0.13208989499290516,0.13678416529206922,0.0959012441320944,0.18192033848775477,0.1657276409016344,0.18805177413755236,0.13472604899361432,0.20143348496244312,0.06638642210317715,0.3182055987701627,0.16868484616879229
U_4568,0.40796270777146076,0.0809756660313558,0.47422013289894555,0.0895172005578024,0.10914341328895315,0.11717257883123953,0.17013400999899445,0.13951997914330175,0.18916621443198078,0.08313706032326404,0.08549704863811537,0.8449677951509752,0.16842527510847508,0.1541427586560628,0.06812927210589337,0.05209349479123179,0.1453162232977651
U_4569,0.3291163111572516,0.2950112983524056,0.25135628477221394,0.04519971368481376,0.06581040801768205,0.20882827324277992,0.05975683383254738,0.1263830073665616,0.8191017138828871,0.09815729056514785,0.06955932853602818,0.06850241215648505,0.20140341931805086,0.21022509684273696,0.20687746529549403,0.036604302615819054,0.2521185203750355
U_4570,0.051991449561404696,0.10593750789490614,0.10546894686828413,0.13983354167594444,0.15698464306297627,0.10519964590319059,0.12920714899875876,0.1446108614547203,0.6442261140581508,0.5915849041365402,0.09458458965820325,0.5893295610026937,0.07962465583985405,0.13633579123928263,0.10019002631851763,0.37275399830806943,0.1619932283609724
U_4571,0.06172385536045653,0.1844657840688977,0.2805474304408439,0.10543106086440368,0.11046700028449051,0.19486068462447118,0.1367218656601939,0.15971985219434592,0.20932101575902043,0.08748076868038064,0.10099453250696667,0.5616881077515186,0.16808753481568225,0.162346733026262,0.05358522387018975,0.03536742246838123,0.5784719250801356
U_4572,0.061053912955417886,0.034701692763463694,0.7661350631888308,0.022938274449027986,0.1960291124684702,0.13800751651294077,0.34588590327999985,0.3290770717861503,0.17070936986468804,0.2506392204374574,0.05789690879963403,0.3586164734756765,0.15155753036322392,0.12237110899981739,0.03442466208760872,0.11597225579197067,0.11892088321144675
U_4573,0.06214490198170535,0.7266195368399582,0.23456633341384192,0.09836536024426475,0.5870252604042686,0.13883716700084114,0.1358874971838469,0.15622077736335707,0.1694074394786985,0.14198363939422115,0.1315286409761886,0.09386396672269777,0.16948570642670865,0.18329488542618513,0.0637092695881794,0.05876265716476797,0.13987752881739574
U_4574,0.4955160943837593,0.3305397448964704,0.3180885562576909,0.039026571971460956,0.05365495394300547,0.17395966832769488,0.08596251058865297,0.1055924922309674,0.06647130494926419,0.08092032121658291,0.0637417702322856,0.6511146444657839,0.16299966783754055,0.20163267463583343,0.3051457214454684,0.04969097728541573,0.1411367423275831
U_4575,0.38874710488534303,0.29823111329516144,0.3005867192959212,0.05330260513105447,0.05791422357488146,0.16500778705206512,0.4328040418432232,0.7630516153922386,0.06471189305623525,0.06880284520773951,0.05660780705963144,0.05224828934527052,0.14057998496207108,0.17146145235904653,0.3054126808943203,0.03930482261921338,0.13687610176986673
U_4576,0.3761885900583343,0.3130917868212782,0.2680163290093842,0.044972554015884535,0.048689683939234445,0.18840521564782148,0.062295596736320916,0.09528923458663029,0.08436230109950252,0.07033974041184217,0.055122970539025457,0.06071052694195234,0.12452681152826255,0.1778419812199577,0.2671141416860371,0.046425674480382,0.7942513773749271
U_4577,0.24760176568977177,0.28014836733769266,0.7136814296459913,0.04484614501881609,0.5015975189696171,0.17844811278698636,0.0970744946822713,0.6618713117047137,0.15754447234025049,0.08463557623766742,0.08041602087969728,0.08225474940619021,0.17266507405696388,0.18145401402874223,0.12040270510487731,0.02977302361213504,0.19607383989985813
U_4578,0.27518355704566255,0.25497719018390635,0.27902055791002633,0.041615082530802656,0.03906145450116904,0.13560884494893627,0.04526641986633193,0.09935881588981786,0.03698352312295137,0.32837583975122225,0.045685698621474154,0.040186213121918134,0.13018182624806263,0.735690088291689,0.6375596843677017,0.03346460334509514,0.16237443410657995
U_4579,0.371444636956713,0.33733361612814805,0.3651748011530832,0.04813487095273272,0.05528533591076037,0.31721165687987446,0.09867710944011263,0.13100725801023919,0.07176702142446538,0.6954285509236499,0.06535990155516828,0.06761574893292385,0.16821308137735147,0.2004475045175157,0.23431491697335122,0.04024797614460841,0.19634117142085333
U_4580,0.48879609237659705,0.5114315925786017,0.5109767527981998,0.032727832712776676,0.04909534679369155,0.30079044866668964,0.09395627590149504,0.1479006274443811,0.07803553823724638,0.07609115761566204,0.05640655784176046,0.07738977248555765,0.1989649509497951,0.26956170451899003,0.5135349931274766,0.06752004825017315,0.23584648629730928
U_4581,0.09782766723027829,0.2865073029593375,0.14798409211808158,0.0804072954216013,0.1049213531463627,0.15758898279397915,0.1245499299981032,0.12854849858625356,0.232039681776047,0.6921636755704447,0.0905668241434701,0.09934872108252944,0.1820783983463601,0.20456865600253185,0.08544526064307278,0.03502829254213748,0.7602705163230856
U_4582,0.4047859324725983,0.42711186470876805,0.3890323516787472,0.055485021215977856,0.057074686155684104,0.2653171515525885,0.0965711095908217,0.14712898969936367,0.0811298193179604,0.07533715588726317,0.06941660121674707,0.06829411123172062,0.18541339771872486,0.3169843354183389,0.4282988630136892,0.04736779896245761,0.18533203027949532
U_4583,0.32285586862064114,0.29347585068191423,0.29154108693814396,0.06472311399409053,0.05942342278626796,0.8522530011090095,0.08037167677258063,0.09630819111741945,0.041986693667910635,0.06538913521191428,0.08274986209591838,0.07379701715327694,0.23071596454343496,0.21458550960862854,0.33963464430040785,0.05251304532097881,0.1361129859097639
U_4584,0.3549394127092375,0.3501963123490205,0.3064164506055303,0.04722663093831512,0.045401952822354374,0.15092606152071186,0.08449231916472871,0.10439867867813704,0.05612593009059767,0.0693757784117817,0.06347861113193112,0.0841856078617347,0.1757139040497035,0.21039345680291513,0.28863626527449937,0.7144141902280337,0.18096349623597305
U_4585,0.18692586913341372,0.29598018880736027,0.2107569296972732,0.06161549806290459,0.05993119923592994,0.2179739971671012,0.09547029961188899,0.1369707535825052,0.7147004359873937,0.06462735578820797,0.08329763558702268,0.06138430819763175,0.17887209828928594,0.2559856005240122,0.11147464863564885,0.03167775314305821,0.6744477750324592
U_4586,0.0629958711453581,0.12663893856912084,0.1531940034831039,0.10740682704674133,0.2065960678016548,0.2500385494140211,0.14578582099834986,0.1818860266286298,0.13131855243790447,0.21705781847498437,0.22932627216846027,0.2697429878751918,0.16836040508217956,0.24104370441365408,0.08735580249179575,0.664964784557246,0.2630638255423345
U_4587,0.03246813628791366,0.8206071909392323,0.1624723342350463,0.10331769169538382,0.17124201175219012,0.12489590617578569,0.11909978680309562,0.15911397451118692,0.473610099523698,0.18013246008819206,0.17765858860259903,0.2116901183188352,0.12190986485420252,0.15066550615861213,0.056881123810983,0.4423180153013625,0.1735664217763338
U_4588,0.036836617496456385,0.05761850532673951,0.10482779908882392,0.10155208989053739,0.18245419190523743,0.1635509954875059,0.8712488050935117,0.1523080617290563,0.11314027110152566,0.18485178241570296,0.2136671468270759,0.38554146672107226,0.15607711457187545,0.17549838521475564,0.07649306038436669,0.35490302835118,0.17495890891265461
U_4589,0.05158579265566805,0.17490117844977962,0.16475553767244674,0.09178751274442641,0.11873594544143054,0.677968350911508,0.17902315690849502,0.15681739208118886,0.2113922801386803,0.08417444953572373,0.08640208545713955,0.5030439410774741,0.1455362234992889,0.17264929930615103,0.06473048151277871,0.585322257314785,0.1510008642340025
U_4590,0.5833707728713047,0.5706365099494551,0.472477345529102,0.031772554737228266,0.040034545774614495,0.2621254935389017,0.0724227989545295,0.15281342063129746,0.05278959172367598,0.07339410621258759,0.059357961083378395,0.06921418688766513,0.22372709394373053,0.2741033300537691,0.5034306762968644,0.0627653987630809,0.19783123710524206
U_4591,0.03358480357598558,0.027757179496258545,0.15860104464874178,0.06452050126483222,0.1374334799298669,0.25762807767739093,0.09084698415239435,0.1362073203369725,0.6692096279682351,0.12457911050929105,0.14837540330891102,0.42723374037499307,0.1019435179351537,0.13133257570588086,0.06148803261462406,0.7447062684585519,0.153400866458014
U_4592,0.3502260369637492,0.3231168512287524,0.3041381221512612,0.04627512017680362,0.03866074822865168,0.2656572281545804,0.07994997007471231,0.10460345835697273,0.05850909626987075,0.07129746531666234,0.06663926668318192,0.09008149584333947,0.17722608869656256,0.20224614372232821,0.2816303222061493,0.7610609968783081,0.17025910949889556
U_4593,0.14185496532036546,0.1605104814667535,0.22798442702940347,0.06716932659997554,0.10412123813743003,0.23257536114352112,0.12448180410666804,0.1521384887914992,0.5868103979383075,0.08732235990885777,0.0752339799719718,0.8685332926714285,0.18911668220585973,0.16329235027964908,0.08352030856836473,0.045626585610483494,0.16066290859187385
U_4594,0.19703977983196014,0.23872822579177655,0.1974485751306813,0.02886149134836138,0.36966569758387974,0.16508886846775297,0.08319356230724301,0.11210344386705737,0.5713627955964883,0.30756219305856136,0.056350461707072794,0.06684865207679061,0.15267841467138119,0.15463133348100708,0.087850809925896,0.5300641328222708,0.3023805822777864
U_4595,0.12899444108133026,0.4172365238802312,0.6620304612133945,0.05986285912116126,0.07354280232500025,0.5069945595223998,0.5155021575008225,0.1809650025725147,0.09817487346417683,0.37390764122868314,0.10998997184559414,0.09865611491401322,0.1540153965591294,0.15817670214276713,0.08618530536810018,0.01410260560849149,0.11989351684599442
U_4596,0.02910099527640548,0.05740902634513177,0.5526444821258891,0.08383521437459111,0.1464994712030269,0.13302709402921672,0.1093096106094452,0.12969883108157937,0.07080645610635547,0.12468055220833377,0.1515861300572949,0.18545016570660008,0.10808320629222623,0.1366450270235896,0.06052650346234422,0.8675011072753772,0.18178289014912435
U_4597,0.0719539762609185,0.2148153845079315,0.1935753250204501,0.05746511077466979,0.2517987712638867,0.18743053183824165,0.5353712065741534,0.12469488625246707,0.20966951667978395,0.09067483948965574,0.08402888749039661,0.500481991356178,0.1798460192269253,0.17257581279433087,0.07186577626579356,0.02859257016000319,0.12985761886017694
U_4598,0.2376334820498415,0.19370427683812289,0.4027604946320465,0.040680697133046756,0.06491776177609483,0.10959876848322385,0.08091910335499458,0.0995154451098653,0.028970977651120493,0.26408163277244295,0.046794689864826225,0.24780470410974464,0.09579525408222801,0.7429505726145811,0.6360836938147987,0.04100194113441704,0.07658024111802622
U_4599,0.03119368207569851,0.035842937138385274,0.1638162200522422,0.055283274045857915,0.15770542256953407,0.12519529074940697,0.09632539977575634,0.14537361892254558,0.5281654704943662,0.16550284240834398,0.16870656675430087,0.4594253248185928,0.10741938930977307,0.1376171483047445,0.05399173761258075,0.8018645847331507,0.1619743972506017
U_4600,0.060480631104564496,0.08383746427410721,0.5447476885732649,0.060860802815764004,0.07359365979222174,0.1465130266660221,0.5240067073346203,0.11973947398252902,0.6272388251256186,0.0634178717201332,0.05893816706775859,0.3263836392062046,0.10234579425172464,0.12543974149436218,0.05919485749056194,0.19657398784034147,0.11585363352208969
U_4601,0.11446189847481246,0.16669858820559535,0.2595040975303129,0.050354034434753094,0.08508170570298779,0.1601299155465343,0.13655380102671275,0.13013177201166645,0.5750097182652936,0.07489782897180008,0.05946354512693245,0.05520219758519989,0.1386229836256103,0.13547304714829986,0.046436847585626335,0.3401142897745246,0.36209346439082957
U_4602,0.32606724167770873,1.0,0.24700611619073864,0.0483092319036209,0.04817373219942527,0.18921042830094487,0.07719903639916138,0.08570179247946559,0.04739036590027239,0.05959777920360315,0.05839229468766342,0.06610498313623787,0.16167745088402818,0.17927723369114673,0.31317743909529216,0.04312630840952847,0.15911797246796505
U_4603,0.15828781493337754,0.6782202401399217,0.6515485026057807,0.032437080466779046,0.34763072396859857,0.20065610330431394,0.25869140014920705,0.09376194563966929,0.2737877207916131,0.04993931105684594,0.04808085168146675,0.05111390627982295,0.12884542260401227,0.14765639044755133,0.0768372930081398,0.16461916507277935,0.28506141905342786
U_4604,0.45821861343166154,0.3643290840565283,0.4279861861984833,0.04338690372381897,0.04026646947872457,0.23617548268859873,0.07676954648821992,0.16477764231223196,0.05747428574260332,0.09739213326681731,0.06824680296095477,0.07680681239316384,0.20662828989555068,0.2201787901558822,0.36719376117058783,0.05224170310046821,0.1840003866669636
U_4605,0.06410000421896603,0.1630369134091241,0.260451130713659,0.09591260208586544,0.14158337241553995,0.19665686912632732,0.8279728509351115,0.14771062946503463,0.21793332770064655,0.06834061016129042,0.08720727180453405,0.4646383829639346,0.16225262323472053,0.16574794219669658,0.06779518479668427,0.04774074449233185,0.1489199016037823
U_4606,0.2986655230466361,0.2700109935801796,0.2763185602217684,0.03332838592683402,0.03786785086327991,0.32155024683301375,0.08427499114559715,0.13113478079877725,0.05693129729503192,0.07671457941472194,0.06642302908652886,0.5503090945288184,0.1696929950284341,0.17195747708326087,0.28316287207400015,0.5691473008992791,0.15420107276302664
U_4607,0.24348188115604846,0.2953598794714981,0.2752932671785048,0.06606514264072515,0.05393238588469919,0.26409550444192187,0.09551261057913092,0.13214070620572646,0.12975210602853546,0.05442234663787791,0.07087407055474247,0.06391714370728262,0.14275308031142409,0.17588686129653475,0.13593654318299525,0.028134372019016224,0.8155892184919535
U_4608,0.26039433119554434,0.26463848587398536,1.0,0.06005044285080562,0.06101349956297836,0.24179203791925866,0.07879990902461773,0.13215185468409843,0.13632083372704637,0.08531854086156317,0.08108480510699387,0.07380828359326967,0.18569757379117696,0.1886665390777637,0.13099699034319462,0.04403489927068057,0.17769005921730321
U_4609,0.5751198087732682,0.48282358181811896,0.5396024368617561,0.038274861050728755,0.043033404085337665,0.2593810813222599,0.0667920656285538,0.14142800790315233,0.051468915157762585,0.08399231611650128,0.06295359764756311,0.06270840134667637,0.2166363403799013,0.25228456660479753,0.48017852145508283,0.05715031028274332,0.2105564748502581
U_4610,0.20017634339118698,0.2031447658390123,0.16788707524863242,0.046052976222251504,0.03866661313779361,0.8690614777684907,0.08674062903253953,0.11093981820924169,0.1045614463857642,0.05812739896901643,0.05490951957464737,0.34999599216472327,0.13606457061126545,0.1502592207076843,0.0933827726986919,0.020394713132714806,0.6778693574547637
U_4611,0.03302926431698659,0.3454346748351714,0.18596748940357483,0.09830910417041104,0.1546630487202457,0.1233557401343386,0.11569073467325573,0.15576447783091493,0.0985192746907401,0.608953040366916,0.14499913809439874,0.7141057306357473,0.09279963029760717,0.12723010484056593,0.03781264209676002,0.2576819484522257,0.1664178859994177
U_4612,0.31033447416693943,0.2538897339107029,0.26765991120718696,0.039642762106325904,0.036479862207635626,0.12247707678138678,0.0479336313909507,0.09139769552970153,0.0399820052380742,0.05097133860623252,0.05364486958431172,0.04487262658361364,0.1312356839208218,0.8468347575733592,0.5636177426252054,0.03735642140505137,0.16545674969909432
U_4613,0.11780696669995412,0.11852014034069107,0.2873139362127671,0.08714036807023579,0.11490516521630541,0.2579729192803282,0.7127857793913582,0.17336478363079605,0.15293903272022463,0.07724633170302082,0.09200126046810488,0.08537925939282831,0.1858524756877466,0.18042028836166651,0.08908331126166627,0.032437496613457364,0.7211501088558766
U_4614,0.302663635036932,0.9265274594877188,0.2509224526236257,0.040129404469231175,0.035954867295066195,0.5333091256596475,0.06229587110126478,0.08462217527463428,0.05231560730671238,0.06758958158864364,0.05163887361296971,0.3942778424169404,0.13920370252887024,0.1568636795906442,0.2161879334637993,0.033280376641173,0.09929294472282346
U_4615,0.4000791281135835,0.32793002788022746,0.31906063717767214,0.04589586328938118,0.04822704190657886,0.18071405886890576,0.06709347236579574,0.09176457566387265,0.6808933740019151,0.04535016588231451,0.0510515605741968,0.06763395805879219,0.14194371515871376,0.1874612458326017,0.39326625549762256,0.048264097281594406,0.18079981561149716
U_4616,0.19107015682427575,0.32786146040615843,0.28989259316176524,0.06581802606413427,0.06859360659735457,0.23584821954144067,0.100057279239148,0.12507529429091863,0.18004963146356098,0.0659421231258879,0.08218174887264493,0.0660605619164571,0.17491524528788427,0.18646512787454092,0.12238593919133185,0.045961692745077116,0.7767787286507071
U_4617,0.24043326178276989,0.2460105376310407,0.31224975054560805,0.05463961041992082,0.07200929156012333,0.1959230572262058,0.5722709019834905,0.11866521940804978,0.1732883911809007,0.06735963096337368,0.06981049039031506,0.4744262365952906,0.13625752471223768,0.17454169953660786,0.15621273490367518,0.029830577092830612,0.5914135840865541
U_4618,0.03663224258649304,0.5256616502753151,0.6338896490413645,0.045578588999869926,0.4215961667208813,0.6900940312763731,0.12114375897434398,0.08106798807534879,0.5858499501613228,0.03298435389698673,0.047602533925254396,0.6236097906828285,0.11671337745700004,0.1221748373229891,0.03906545988875931,0.0529095401853755,0.10212780949957148
U_4619,0.3339531409390523,0.2756000042130089,0.3298832914484184,0.03565173097620694,0.04996395226794707,0.288262513136437,0.07323857988018478,0.10592145759697742,0.5768341212457924,0.04848547287470767,0.044360592265940316,0.06669361138679551,0.14123200953281403,0.19255938496442146,0.32981631144515666,0.050274609745375454,0.5964688567718962
U_4620,0.24429080133655662,0.3325964534609562,0.296701751183102,0.06727322739187253,0.048852440418217055,0.27602854033777424,0.059424850079657414,0.6668193438480879,0.11185766629802198,0.05582178284018834,0.07364800909483545,0.04822283757348333,0.13284742723427687,0.1774220594657611,0.1467540776637655,0.027448464432045187,0.7123906792493441
U_4621,0.0504135167965862,0.16219407425244867,0.2041206960205751,0.09871672455816996,0.125582368301068,0.26076776695790094,0.14748369746490209,0.1573433123112567,0.7155835934798467,0.07980416101721895,0.09630142806936555,0.09515707455054,0.14917974967868322,0.16228386990383215,0.06820373132257392,0.6283302291767219,0.14877431454947967
U_4622,0.21072782943066132,0.1427409181059077,0.49882878228145633,0.05488493643372307,0.05140438748580145,0.22227361692495454,0.14699894431608684,0.30969051868815856,0.07024258545450968,0.41524696276684453,0.05339033519960099,0.8050814840542309,0.15355966813243016,0.1637273926393695,0.1913152415062959,0.026781455349595785,0.10909722216081662
U_4623,0.14023434937471824,0.1786251209986166,0.8597053515325552,0.0755171148028266,0.07835176226628826,0.6539022293888692,0.14583306581696515,0.13954791897914742,0.07470467035847748,0.07338360194975994,0.07458881220252375,0.06531770133581927,0.13271594444672513,0.15447757171047213,0.07727441265853016,0.025728046415267478,0.47894470593227517
U_4624,0.2576538549599001,0.26159784568223754,0.27517995907865245,0.04850779981141589,0.0623020409939859,0.2189464294930742,0.10302226577174771,0.11713416736923513,0.15929451204493666,0.06253792146309708,0.05410241221474945,0.6476524058026726,0.121426997540974,0.2005135886227223,0.10651512652448104,0.034674481573150735,0.7852679325803782
U_4625,0.0832624534469779,0.21132070251594623,0.7407149105324994,0.10262370953363803,0.12250398768929124,0.1978407446104457,0.1645396582008499,0.16245179371167012,0.23536984035636718,0.07916702626840044,0.07687579204910167,0.51980467678992,0.1584679426715089,0.1764419223780973,0.09342379227728838,0.04293379300240317,0.15935797362197662
U_4626,0.28138315013354653,0.24443746722915946,0.25892373744933117,0.04578228262228087,0.05984083012166495,0.16244580238181497,0.05060560192908204,0.09821090901575665,0.5802098938382227,0.07155660376842853,0.048923996919671295,0.07019534224591444,0.10333801950709992,0.7513509410701741,0.3326999002472533,0.31165571632358824,0.11618325752157896
U_4627,0.24574374677021232,0.5012220737557234,0.2179036702073001,0.03217126929967042,0.03397924128827102,0.09070948933422536,0.04514094609183038,0.0822151005559973,0.33984147640068646,0.04727138610195593,0.041806436997246586,0.06549078646281488,0.09376332941044983,0.9017402601226452,0.5006479356478117,0.03000778455425295,0.13409488291709715
U_4628,0.579725775199037,0.49312107906251934,0.4475129119258266,0.0309997992210952,0.03926944147213555,0.26359029652477195,0.07203692049788257,0.1380212284609759,0.053907303047040514,0.07422899657839692,0.060443668171105254,0.07266455312061489,0.23366851736394054,0.2843923884212591,0.5652090258720003,0.07017040331149126,0.21949754758983292
U_4629,0.13048959287986547,0.21495885093136458,0.2645629983981726,0.09422185213408706,0.11932381973931219,0.21521785782888156,0.16385401861986335,0.16081948975833593,0.22926930689568695,0.08189388844714628,0.0877140774365364,0.8994664737431897,0.1753097580045763,0.1814767657691677,0.10716204354117874,0.030196861128761143,0.1579839301525008
U_4630,0.31190281601537845,0.22971109572593204,0.2571977650402316,0.05055783647011182,0.04061302965908583,0.12677203335073597,0.21285780459384693,0.09916804340010363,0.04092117431398363,0.05255432103697358,0.043563578207456884,0.5353794347342627,0.14063293020811324,0.7451482461888077,0.25606718045531385,0.2640842820563422,0.10583732598393339
U_4631,0.0632080922507591,0.16279131363351038,0.7940612461584654,0.06589539078164816,0.07848078720364807,0.14711607047881717,0.14295098279668295,0.12600355884825182,0.5039079591990551,0.3513608359403251,0.069135548818004,0.5174989800849568,0.1538383162965364,0.14093731311297147,0.06470250671880594,0.04053639575570826,0.12366967778759676
U_4632,0.2567592434088536,0.8683553228154601,0.4099989463884486,0.022983093144044328,0.03157738272536832,0.18659065951609055,0.055988051943849086,0.08104863427593172,0.18851706518636405,0.051580867551979194,0.03733104258412303,0.047820653136054575,0.10782091971067814,0.12772880876905363,0.21960545011739369,0.0382540524585427,0.5446488093034835
U_4633,0.19471064314367437,0.1618981007862885,0.199750537587616,0.06983490101373332,0.08007121541928877,0.2590227814109784,0.3032672654014284,0.13342019489945817,0.7775070937868943,0.07595546500601978,0.07654705523653148,0.42930576088635614,0.1399371452466165,0.17426736326179848,0.09662378068918662,0.039873098927764125,0.17454472290872589
U_4634,0.2318604965302091,0.4742174636929099,0.7637088871940201,0.03518214277024943,0.04968816058930928,0.20919554173180982,0.09098243730545368,0.11305625733327541,0.3780573067424529,0.07673106307854391,0.07135183938585508,0.0578515528931868,0.14138258151985442,0.16511390169411205,0.22070377608025396,0.23305132166382195,0.14300514818299134
U_4635,0.21668000140846785,0.1906750041058034,0.21634581169026934,0.051914343794117065,0.03252377988372437,0.8213083356845469,0.06740844371373209,0.09426270236969585,0.19053744936017913,0.04928481626390017,0.04206215451397785,0.25983145348244113,0.1253688906308282,0.13332349053788436,0.2091601200257727,0.024773542294695552,0.622560160611817
U_4636,0.11713325373991444,0.18313256608438697,0.6620750209230997,0.026701011019214745,0.23035579987890356,0.3926626509917624,0.4059255045418167,0.09666017729814232,0.6965341175395406,0.060911169227760464,0.0667050988951137,0.5010777489146464,0.10681901523652101,0.12403873807615735,0.06259155373062843,0.005236913305517232,0.10479580095302025
U_4637,0.03487261416346719,0.0635885768722137,0.21444199719754958,0.10223197198859547,0.16182805787453822,0.18385430844762654,0.14450910711694426,0.14364797603407523,0.11327200371654274,0.5288232470387995,0.20778061383704483,0.5315432555109608,0.11412673883834533,0.12924113328211748,0.05644498644242772,0.34665150342332857,0.1540258515016816
U_4638,0.5171628889666396,0.39280020200873106,0.41523503966131714,0.0786837371122646,0.07317329900842201,0.2310785519056421,0.10455220540881292,0.10992857607641866,0.05286326268218243,0.10060701512817992,0.11793644604683833,0.05764440495838832,0.249890506732453,0.21382166153320264,0.5302610138917226,0.05083969404034846,0.13100216022412056
U_4639,0.046189165627604854,0.10609747886901032,0.09448293870690273,0.11912945827165461,0.18233796967577043,0.11327507031626899,0.16107894708188514,0.1434200784315149,0.11663175917765371,0.8582740145284333,0.2400354570494591,0.1468398809150532,0.1031394406140502,0.14634734008953887,0.040215171739151456,0.28157986760256504,0.2655367686037288
U_4640,0.22770816936267022,0.613327889555106,0.26386970139208415,0.07396237660478519,0.09914247793276003,0.21134807441575537,0.4902444500748627,0.13813991276825424,0.20006139192152422,0.06437836652813222,0.05998860956266753,0.09928023743374993,0.16176191933541625,0.17823025079794172,0.10075170125871759,0.040547959339351354,0.6504413979532873
U_4641,0.15328907184238932,0.14483463849909423,0.8700287818256421,0.0896896264361075,0.11592700750729917,0.2797958720165487,0.1914027074402013,0.15564443521471522,0.1759219395698932,0.08229614315374936,0.0927603040575567,0.07628035389324585,0.21065999866222956,0.18991555484854458,0.10739935988132522,0.04542607902162278,0.1691586885747786
U_4642,0.2712758612908166,0.26503773493678706,0.7244000238524109,0.03471651063912106,0.05363179878433812,0.19838017070415334,0.37475727855029206,0.09157963781702033,0.4869821167214386,0.06433916581360359,0.0792702557212549,0.3520969654277474,0.12956975374682136,0.13893594746357013,0.12516421098887542,0.09631761653407515,0.132044064977512
U_4643,0.20263684722309985,0.19676200360508275,0.22007332140884356,0.03922472871352185,0.0334119652216962,0.17558119849138495,0.23550955160770912,0.08678920685960456,0.026747986143828242,0.04294811874333589,0.03416749074719785,0.054132532092633585,0.1109414654700196,0.9321678665151043,0.5048977726561797,0.26122981968608544,0.16726840606723808
U_4644,0.2563143277708872,0.24744550661694098,0.29785140836076274,0.03797358851564576,0.05098759617715513,0.3098481533813723,0.07441708691720202,0.4072624845207066,0.58983447388535,0.045916340991436246,0.04702323725104579,0.08895081322895199,0.11444984048405019,0.1759757466662806,0.2703926770373926,0.04700319360815676,0.48860534595678773
U_4645,0.28192039694360793,0.2336182007591415,0.24614051329439882,0.048334883673466916,0.05049462512974549,0.9478663305493419,0.06551467836373527,0.11240423040317304,0.06942319511639983,0.06301061476817964,0.05857815571912715,0.0861744283159598,0.11429120287123021,0.17408100459075143,0.1591369831071487,0.02845033254229456,0.6298754270307892
U_4646,0.2568542262604787,0.21174154405781923,0.6471271973547024,0.029407453093085324,0.10343651384825205,0.6661274067404449,0.18680343181071865,0.07355387774252703,0.049312603030825644,0.20792547345908677,0.032211664813259704,0.12242115115567336,0.09771453666278138,0.15029787185672797,0.24339725317739885,0.13618778620527086,0.08798360854123612
U_4647,0.07842300538194456,0.1048104993342874,0.27531982453612547,0.09797976490260021,0.21197812522169965,0.2584582365649916,0.17345543020814497,0.19828046021386958,0.16846277122222914,0.23864880651961703,0.252374782946222,0.2839361915310713,0.1953572751839508,0.2445688686426123,0.12333224562833962,0.4563067211173632,0.2751027151907939
U_4648,0.20354186092068108,0.19617025203719027,0.6758638025045739,0.060539410312050235,0.3666313224343339,0.16316357198668796,0.1465419813650591,0.1060177541116655,0.8858348286531094,0.059748023608576326,0.07922644807382756,0.06844837084158971,0.12842488397018906,0.14504575405418588,0.07872244824816821,0.02629758790561742,0.13922614650649984
U_4649,0.25250806642297907,0.23239164164388013,0.24114171946217494,0.028974114252979938,0.03985921648952608,0.13089235651298514,0.04933794719571853,0.34838206792009585,0.045245561448003214,0.05818042753988127,0.05072601692427225,0.05433095810469796,0.12263120504220845,0.7066331991128302,0.7864771497582062,0.030654666316065733,0.14784629226965804
U_4650,0.18984838102716742,0.35237653651641176,0.42419759223093123,0.031206268936966743,0.028861798025096638,0.5314388147124913,0.12901727934594986,0.09442230751892325,0.32378385046620706,0.057288093476638165,0.04072670775249012,0.3320759559966046,0.12413696886734528,0.12796580710510852,0.210340190217002,0.022806459296003542,0.7131935643707831
U_4651,0.20197851235430903,0.4913607699366747,0.1613077053046478,0.030211330460321484,0.029310685819022738,0.9388244881455597,0.07728422697124562,0.09209308058318703,0.33592903352418024,0.0636461014591606,0.0528886587931592,0.058550957863958746,0.12438971169151929,0.13428721548173717,0.11789852177482116,0.05028288150548627,0.15435225974525713
U_4652,0.3748297638051928,0.31100539529437643,0.2798688567067392,0.04280983824512452,0.048010211394680986,0.16934977797348205,0.07110364214507181,0.09764051973635558,0.06928081578089355,0.07600811163009574,0.0691025659539047,0.8632227578293568,0.17357119863080409,0.1917349953028727,0.324070584052554,0.046400626300423506,0.140907609580104
U_4653,0.26417073552910003,0.26426996043608175,0.30673487324775395,0.04195765031882811,0.05604571741120977,0.18537553711236004,0.6165537270894136,0.14487658642615422,0.09137371184533233,0.21007537069517568,0.07679987459834577,0.07954738695110392,0.14855492549816968,0.18127664132237575,0.14310003707616215,0.022445018822268712,0.3713750503435677
U_4654,0.04776577142172707,0.05789043252975104,0.11973200762370612,0.09103627249436108,0.5236032813403849,0.2227685444973163,0.428304782161456,0.18716445318964176,0.08652750794746354,0.15866618000407415,0.1408142094463406,0.1984758256811605,0.11257490978871684,0.17358209800603436,0.07884078768450047,0.5000421577529125,0.2380495313277857
U_4655,0.20285345329692303,0.7461033524917754,0.2572809593972817,0.05781374645648375,0.06296259154062037,0.2513575076009127,0.13530452334220808,0.1424531573003875,0.1179214476914862,0.06992861461804488,0.06402580438101528,0.05909528220429647,0.15769304310781754,0.17105288073502306,0.08190234191257133,0.560778278566096,0.17331337199189478
U_4656,0.46733331445611703,0.18628287341550676,0.5596269997515372,0.024884178260555546,0.034232899298520185,0.13244665637481248,0.4316995425668964,0.09219176000421933,0.07447659792754845,0.05958523801867603,0.05956635149641439,0.31255076791586106,0.12009291371603922,0.5921700371488279,0.3748949700576169,0.024009661867213598,0.10364301550698361
U_4657,0.28923694910938913,0.2244528644326231,0.27741485577392655,0.033698032073532155,0.1866968611900504,0.7098327234727552,0.16809951527873931,0.1812296714479823,0.12593433726249306,0.06562651502212827,0.043545167437557535,0.09400476015987375,0.15907477844368748,0.1912541439890123,0.27736663598546785,0.22442397370756806,0.11850328226038251
U_4658,0.2206118087507345,0.23315122309957031,0.28132978832404193,0.05887955324132237,0.06728646657370792,0.265297099560532,0.10250919205586712,0.13871549492129215,0.6939853744833774,0.09784499946629127,0.08899669738575332,0.5768348851953813,0.17125206952268224,0.16938231726869027,0.13901481809827912,0.03644227527656876,0.1585392241598783
U_4659,0.3218772850978533,0.25359354449560717,0.2846711776216662,0.041114587755936,0.036360790794383216,0.24467835887783926,0.08928513749485335,0.10362409639576312,0.6726463775064693,0.06570793694720428,0.05895434068321148,0.05992562565456343,0.14628698757617853,0.18720407668119246,0.2656439672119201,0.04007519264262868,0.6766980333891794
U_4660,0.27549844075861774,0.30647958056342683,0.2607014529027545,0.0525939978062113,0.07154714788084454,0.28433583707713206,0.1052790189731765,0.1326068938002571,0.08048967448892654,0.07530771460667249,0.07106450399586896,0.10638733629942573,0.13090229064549608,0.20055817958254574,0.15010266919600268,0.04829800023681302,0.746706230304869
U_4661,0.40220486469460387,0.2897547025187838,0.26809461622832337,0.05054966548611552,0.04251713043794262,0.13949737511628568,0.067156582225429,0.09442377409061481,0.07001862237966618,0.06287923206755358,0.0633993331868255,0.7091504663854726,0.17403792179748445,0.1739775567361009,0.3066949894177555,0.03679289865063899,0.13963336410883792
U_4662,0.03891316157201303,0.05157749366095386,0.09797656648462588,0.10237546849836343,0.17705643865016404,0.0943780262843759,0.775216923145992,0.16061361365767957,0.08695190171060863,0.2724572298432804,0.2561902360185734,0.24484265875704708,0.13167102443790735,0.1710231502644795,0.05686070051894449,0.3503660878888084,0.18829173088641477
U_4663,0.02452712377151585,0.10494388688179622,0.11491393808025153,0.11050160346202953,0.16642543386963185,0.14037621317121832,0.13255229110506506,0.14129251942206086,0.6523080740428197,0.5406215310047484,0.15805277242472449,0.2052733760993338,0.11356562986625303,0.1316303799613691,0.07137428922189216,0.7134545149329066,0.1504198975119682
U_4664,0.35795793536297915,0.33098826187811276,0.3214040877341051,0.06059654146731355,0.05765342659727078,0.2056970990500421,0.08684451851177963,0.10618131247670827,0.055975205009392105,0.5733906238614993,0.08215574640861878,0.08558640698299214,0.23127683976927285,0.2115850499061738,0.3366703809701441,0.053940085715883164,0.16103110902874704
U_4665,0.35948025746208867,0.261315366002538,0.27229945486589996,0.03185199652180085,0.037705663315050854,0.1354049281701846,0.08689551128997874,0.537437066612265,0.42037704815182486,0.28479431724258203,0.05053797863413245,0.059017524134793484,0.13194362855176284,0.16179007808946438,0.2523651323117502,0.3725561221331811,0.09794196088931548
U_4666,0.2292766271348804,0.20951813147401782,0.25302757363624334,0.041456275842698884,0.27618445623282073,0.6225578934854561,0.08121612536700068,0.12331950699962528,0.5206585220594167,0.06044247583741472,0.06854956191384413,0.6723808155464738,0.1466685115703751,0.14512076706276109,0.12336259988324949,0.018813314632028306,0.2340192091349165
U_4667,0.22583702847417134,0.1842742901656482,0.22418712378686187,0.039965310618331626,0.046911244815801466,0.1802315801155972,0.25627812837440095,0.5567381877745219,0.3729343206812557,0.06438542770896219,0.053919863955392354,0.05400426059038888,0.11515262888408061,0.1604873426394876,0.7936945994084393,0.018834486622303366,0.12408874066472007
U_4668,0.06332957553731018,0.07308090378824453,0.09362083497888986,0.13493643096007604,0.1547364208625207,0.07562653081056367,0.10917770337860609,0.16070773338195082,0.05658981166278667,0.33462989543686283,0.0838754521409027,0.9334100245428569,0.08967024108766004,0.12643999276778523,0.08700830761259437,0.30630595380337033,0.1520495651305619
U_4669,0.4261033779979641,0.31064751540675783,0.3033980902697649,0.05738519743517652,0.040435407562833606,0.759808585019995,0.0805894454742931,0.10549618869938651,0.0553288073262799,0.060562327569944445,0.06346299215909873,0.0740686833992506,0.1918302048259216,0.19413128578691075,0.29362718824258566,0.06134454016468198,0.1664222024033888
U_4670,0.4604672118412206,0.36347681791896,0.3082239598879819,0.042825873444827606,0.04886172668711436,0.19448046321319595,0.07956155274209209,0.10462783533087057,0.064058572219152,0.0715953659503842,0.047668846468155994,0.07677077466966153,0.14155800388080292,0.18638739098890975,0.2998438968568012,0.5468163739372799,0.14130255105124723
U_4671,0.3326838004421998,0.25802294011650084,0.3000350976651142,0.03947945697495714,0.03454571576009011,0.2487357695468316,0.0781930925784016,0.1009861480868646,0.07328091519205415,0.06595908530047351,0.056101485481530516,0.0691082979938474,0.1452115371089986,0.19763974908369725,0.29298143335462845,0.04573084621563812,0.8101256206473287
U_4672,0.22482503665473386,0.7507761863639831,0.2594014707173364,0.04269979631201593,0.04852353166904196,0.20340877555187056,0.0894755493872291,0.11758917936500984,0.5287020882236594,0.3058955456737401,0.08279720301906986,0.0644992572529878,0.11704754785520191,0.14739404492853989,0.14395143072313074,0.024300785386096976,0.37470676184443596
U_4673,0.22115529840804526,0.15296095800300302,0.21962608675101203,0.06793269872830367,0.05385922251243237,0.9183252270296994,0.14386172636139447,0.11856948348170637,0.4738236106706537,0.06148687227277096,0.050957515867715276,0.056428304311815704,0.12851919870164574,0.1450534280431894,0.12330513558036335,0.03146345124744571,0.6580704071204302
U_4674,0.3523975806412065,0.3651388447221912,0.3472893794618633,0.04727469171333071,0.04479597851441497,0.2161056401637057,0.094014719247458,0.13185604834738363,0.14212150606911397,0.07561841571056041,0.06564639571699094,0.07294450182224235,0.15638812819007672,0.20555972838977507,0.29243034100686094,0.7558992999050719,0.20367130810473016
U_4675,0.19085952222502128,0.9867661461882813,0.4051858066033995,0.022604856864112288,0.13742512751237518,0.38021353591263884,0.0373982483170052,0.07369480430252322,0.09253318207574607,0.035513666945370184,0.024597191483368523,0.047231509420851366,0.12110007419412855,0.1346763840957987,0.2488935839888658,0.24384282201775845,0.09462668683210712
U_4676,0.2532210714802936,0.17234346621701654,0.31385237614239136,0.026580170731493696,0.02601924063565649,0.09371415929959684,0.13611538403035414,0.07691516402568319,0.2098447088596732,0.047552734786376505,0.04337405658064313,0.19277197436719298,0.09987001885854854,0.49119604339990863,0.9621459967934324,0.018662049736974707,0.10406667621283151
U_4677,0.03659595566701091,0.049933033425164426,0.9706871941600828,0.07282329950544583,0.12991823538175906,0.11255726234984438,0.11211235727640982,0.1482620334274971,0.0841139353703957,0.1505229397708887,0.161454335494582,0.2850400799779976,0.12241831630496573,0.13222198404779054,0.06665027193174024,0.2527541471376946,0.14335584451848146
U_4678,0.3378365735165114,0.264411722491129,0.28598275061411316,0.05214800862708538,0.5241360832530982,0.21959454716652205,0.46623123183370185,0.10263915078628597,0.0578767732375285,0.5948540540813138,0.057365868825597806,0.08494485498002857,0.1711519845606166,0.18282585134351428,0.27291021430121537,0.03800694525322626,0.1449624313779253
U_4679,0.29914375344888405,0.26648641691521713,0.7051622161140141,0.049643345442403335,0.479746164048311,0.15510224268040765,0.6091654948108642,0.09106410221836873,0.053985229311474536,0.060925639350449125,0.06183140107680813,0.05108300750452095,0.13823071442490245,0.1560658191932101,0.26995212128482715,0.0405046999204716,0.13367938889998354
U_4680,0.3776929942410543,0.29050298623087056,0.34151721247341243,0.05047645585849075,0.04530364505048938,0.28812557878482853,0.6720595117053937,0.10724511223993376,0.06502378974699781,0.07208654259813192,0.07174135129861997,0.08785115242667155,0.1651673184727476,0.1907175844613498,0.31950223584114174,0.05865673182160449,0.17817830246774705
U_4681,0.09668184982609501,0.08697670205020352,0.5215071381932427,0.06941989672978932,0.08042754408499037,0.1869125234617205,0.2442063711169302,0.6009029521813234,0.3692543805926645,0.3138406965811372,0.08308010426263815,0.28237836156898516,0.1706186898106259,0.17452374434781862,0.075537035280478,0.03470572648678605,0.12977144265875792
U_4682,0.23651558492157249,0.1917771302696663,0.2949320345820757,0.06561303187276415,0.48437601044537104,0.20969924455319977,0.174909161141983,0.11974053889137556,0.18088057354474946,0.04633978145520534,0.04730442631988981,0.0863709057426768,0.14448336711456056,0.17537844605214534,0.1327067494790992,0.3434040599583903,0.5075050990434047
U_4683,0.28426620983901474,0.6254657353472204,0.2866425357487101,0.034390708103130475,0.038048663211097705,0.14859170449360476,0.06904369962879729,0.09944648290292908,0.6702008370368102,0.06721387675486588,0.05758336279657029,0.556530743811279,0.15805370724227255,0.1633686069001861,0.29590974749161914,0.040115516161696084,0.10412752742250231
U_4684,0.23843699935895438,0.18992694902518434,0.2524440334149903,0.08210398956621912,0.0999658347392083,0.30611723651545364,0.1496253286531941,0.753667006597358,0.10083270789937573,0.07801011579677264,0.07025404050060699,0.07941926384252901,0.16895299549955245,0.17827896758407447,0.10536801707854243,0.03962885979933272,0.17567490889740622
U_4685,0.27824177586401116,0.20514292029904346,0.22236517302817319,0.042898147107837896,0.2508616312354729,0.5445938842435638,0.06377348427643152,0.10872513750770209,0.04072670363267253,0.22057114363510444,0.05619457246848327,0.05092573696044123,0.10804637534981712,0.570227208772004,0.8134100251207584,0.02080221629985512,0.1136465441843393
U_4686,0.208614169348696,0.4034621620378369,0.4154205343964805,0.03893515886355111,0.037395130149376246,0.15662904565170366,0.35593314708612456,0.0924960006816033,0.1663940947029981,0.07247319099137768,0.06373218192945194,0.5897480931126714,0.16067839128274436,0.1911152126629785,0.3205740533707842,0.24056381649408212,0.1302255394658143
U_4687,0.35942584898343877,0.2664258964583154,0.28287298474942135,0.04947344818518742,0.03723274916887859,0.6544846739535397,0.2472990606199702,0.11001915305654505,0.04652299275342542,0.0751258320064459,0.06280853224715176,0.08307189416364585,0.1780549242515454,0.17310185543379786,0.3031168493224828,0.043124827258823585,0.1296878129837363
U_4688,0.3003629246535931,0.23414378361904628,0.896592750562864,0.04724464940777196,0.1887134800657377,0.1620558900842873,0.19582978778394547,0.08109704750916884,0.05507804416641727,0.31283660703612365,0.04683620407613174,0.0541097036117699,0.11346925558337076,0.15566670184207246,0.21897532800777142,0.030060565046975934,0.10817493307065265
U_4689,0.023174141045621512,0.2944674411313321,0.16829951979694469,0.07865086525438102,0.42832809020444884,0.8810514163398353,0.10008996106905442,0.1098083270735205,0.40890849827467307,0.10170045442304064,0.11304634417632427,0.36750187519520977,0.0997276807055557,0.10654034173020159,0.06027219343377208,0.38298029637877257,0.10520201033220508
U_4690,0.08019916650407173,0.35007235560920535,0.2218764161932153,0.16151249417105615,0.19924644964531318,0.3877056322961001,0.295795914267244,0.229986635489603,0.37685328568770105,0.11260128442404761,0.12276875527890159,0.13926003763955005,0.333415236405992,0.2953395940672896,0.16062350007486254,0.051293137380339394,0.3087470024649954
U_4691,0.10082270742374821,0.1882192505958919,0.21118990504600224,0.09328746306606744,0.08860205831773237,0.2848366896108638,0.235947254328489,0.1309394642515439,0.23407448783836282,0.46628196763915164,0.06810225461368427,0.06278080064898359,0.17696663095399856,0.19764594464533966,0.06589032729831461,0.5809611205570223,0.15223776106175052
U_4692,0.21876856341701678,0.06263728554116314,0.3201584395103024,0.07789224394965263,0.1297028885634531,0.10359681327490275,0.3731542066532071,0.09315529006874793,0.09709592890029646,0.13133743941017653,0.13410131213665943,0.8428144252511294,0.08985948414561935,0.10187484303931517,0.02999289967529688,0.19390914009239352,0.11152404314240846
U_4693,0.5909738501586905,0.5239369807345217,0.4762297861474784,0.03325932749198952,0.05272963128266553,0.2764244951176559,0.07303814735616895,0.14508459989652892,0.05494307792213433,0.07678016475251942,0.06073059112556164,0.07292841718705775,0.22769062111963037,0.273049849998099,0.5083728462083826,0.06154802263589644,0.20017815353637236
U_4694,0.292388955761283,0.2252620653901529,0.28676040529070435,0.03352942887813986,0.03695972391342831,0.21372351961874003,0.07563163763450702,0.10249715801773616,0.45086204400286745,0.06753996476293615,0.0466683857719494,0.04578763272564804,0.13148669164872018,0.15471382760495037,0.2826878629967847,0.03293345166466709,0.7107030301676763
U_4695,0.038584686460751055,0.08465700274100273,0.7822124985031713,0.10604950572320772,0.13863922851071425,0.11751133207730323,0.12379350668697583,0.12587092467272878,0.06514775609316509,0.1195270919211336,0.139546751888733,0.19025172759753164,0.10699724299537339,0.13672969628481862,0.0669322602375287,0.9075570919144752,0.15081395491856042
U_4696,0.14088824740916112,0.28430707308908193,0.18649838385828796,0.07945561508260147,0.09046935797011664,1.0,0.1230011729685016,0.12854421134032892,0.21762635417457696,0.06693605170061956,0.08235298248671502,0.07470458212403783,0.20867176845887941,0.18855966666403973,0.10741471403099781,0.03802742723862672,0.16960400967284103
U_4697,0.024955979477872852,0.03568105730572992,0.25670276208410314,0.08844074496047405,0.14806327668388258,0.6816129222353502,0.1433423159546151,0.10679055801743026,0.2694443286285795,0.18849558425933724,0.22126393956505025,0.8124583328037472,0.0752009403778298,0.1012602454899208,0.04224172535794309,0.2866507021302512,0.10260972265252856
U_4698,0.06043306456709335,0.06247754026862709,0.41015235946436823,0.1294653350441499,0.13246223999814277,0.06570423570025083,0.12047212654377146,0.1478714397477527,0.28102821949009105,0.5197341246022968,0.08204558207524004,0.5376199238201439,0.06579922557949068,0.11139253138514492,0.09578688209455331,0.4340591413239772,0.14560646506990127
U_4699,0.20508777777005657,0.22038934611426755,0.7551725750914948,0.04510223936439914,0.27642726807485246,0.30023980517366117,0.08652471642464526,0.12039088874099031,0.04515105464340522,0.05078043949610462,0.045775254271824606,0.055344375592920096,0.12716558739456457,0.1560849020761816,0.2202265674601792,0.2624092497774392,0.698525894339797
U_4700,0.305667508617027,0.30114072125206925,0.2652000336601262,0.05632018242783322,0.042628219355314044,0.19917155304663445,0.071723786741455,0.12006021544312453,0.05631561301376436,0.07205515847371113,0.07011023158364434,0.9049061319756051,0.13443701090406207,0.1761557880968451,0.38456933391508674,0.03575975351496599,0.1392392755929227
U_4701,0.05283783616871965,0.2895187716565265,0.21488438068409518,0.08655639884387861,0.1475336224651599,0.22789378553750858,0.17625749854425488,0.16322307934668942,0.3586825098301186,0.07770825530732675,0.08471628733220384,0.10779396819226944,0.18819959262181776,0.19982337232612324,0.06923392602778229,0.4228151442733051,0.17540528760794044
U_4702,0.18528633597564123,0.7541540401798394,0.6541091408417783,0.041425128357765205,0.05693411411084573,0.21558767167004692,0.11762171468746985,0.10694804795422122,0.23402669939121531,0.0546853207774758,0.04956397941611567,0.05421495546409806,0.1359326203078406,0.13418456562791103,0.22479132491242088,0.03912954014964792,0.6064116232892941
U_4703,0.05771733858449452,0.1235333152284896,0.1042819895692064,0.15016675139824207,0.17265651393810796,0.1334342450027402,0.61803953879466,0.16652523348766557,0.07555627578441348,0.0983230653435357,0.10202208728218012,0.07694741709169328,0.10078717098450814,0.13880630970124136,0.1050336330039762,0.37242056437346166,0.7352379651241907
U_4704,0.28470189832586246,0.7014839407698005,0.2510129048618575,0.04383650275935959,0.035537887716648904,0.22386381624721607,0.07146595834728205,0.0987834598895675,0.5216579767288548,0.07390619938220307,0.05621080250823347,0.07880185204896573,0.12360378946624014,0.15674473659929014,0.21434008979567898,0.03290033922725722,0.5853115161590922
U_4705,0.5048362711211624,0.4278151310694028,0.5001565355320214,0.041859823452819564,0.06730512898505606,0.42619739070117,0.08040854187818587,0.19603351765675134,0.08671922934291727,0.11432865210538483,0.08007095282282624,0.08202162728411937,0.21743229780071724,0.29487959388002954,0.3680928500722149,0.03965654673754335,0.23139487267696274
U_4706,0.30935653998365575,0.25889122896939903,0.27533569740286945,0.04282950202491993,0.03841354698383451,0.119849881077664,0.050777111195914756,0.09903528354765521,0.07509070125082526,0.04609196625740185,0.052672687073844454,0.06623990194508886,0.15506140048695755,0.7618750511597238,0.5588935661083473,0.033288547009573774,0.1809615112228929
U_4707,0.45762559561560795,0.37502621564750027,0.48542837917316467,0.06864584592606385,0.0798515232547187,0.3662257200646652,0.14055086663945635,0.16964387945027673,0.09813919974276623,0.09959076579022384,0.10335404025390077,0.09171815929509954,0.21056622088351898,0.23119368024176917,0.2926853567648642,0.04308006585903485,0.2831202654018286
U_4708,0.03316551039033479,0.03006585988854559,0.4957638687132631,0.0699514891295438,0.11907234530185515,0.871122065562792,0.10035885147740463,0.552174102805753,0.055172341446316,0.10495543972573633,0.10217075164532159,0.1562591908791603,0.08731751706670697,0.10330992706867487,0.04586468361104991,0.2948755512252052,0.13229072093014033
U_4709,0.10189713703936708,0.6348365061030093,0.19238723382457149,0.08001381168366829,0.0990610992717946,0.6533288313752799,0.1645433756998329,0.15276607844502518,0.21424191629417008,0.07853790718471429,0.08324148863763943,0.47750195414325725,0.16377816747391463,0.16702455017206755,0.07838403207775083,0.03822547284017805,0.16032887535079593
U_4710,0.2947732499962943,0.26235596985326237,0.27050699172517645,0.04136495929493508,0.03245274004347298,0.9659740206256209,0.061502551391812696,0.11277450941624527,0.0470172356136492,0.0768234972503948,0.05303799393175672,0.06898940444196491,0.14913427968199588,0.17134149672177393,0.28120598638398026,0.04276966723664559,0.16021180183118303
U_4711,0.36060411327424063,0.3003707523242001,0.29145705163845936,0.05364699352712012,0.05600334921174685,0.8408641915642284,0.08322006991469416,0.09970796396450814,0.05832389436896816,0.07316808800767312,0.08751083792191632,0.0526988580036274,0.17655160311245036,0.1869974533477263,0.335309355189068,0.054925772541195086,0.11154568732924829
U_4712,0.3550493955346801,0.8769718853918671,0.2635151533965653,0.05038884578948782,0.053214603879284485,0.1471510333963912,0.060287094950650495,0.09840330286437968,0.06977689545386925,0.08156800092073693,0.09086483920580807,0.08001824674325415,0.19064824920666787,0.17441109352933615,0.31284989901537386,0.06076418879571883,0.13770500606415975
U_4713,0.13455973069387364,0.19781808353856517,0.5770423516703775,0.06131105642807232,0.4094120517559159,0.4522421665404508,0.4249066852743743,0.25114042745602183,0.4628954371057714,0.3133340418405527,0.08223465305186564,0.0843481944061139,0.13400825929658372,0.14275846146713325,0.07661835030297486,0.01629461174288069,0.15744067768781156
U_4714,0.35885761693201695,0.31819594878015267,0.3191635069709592,0.057607963879741056,0.045143505869151945,0.15548320046495556,0.07461077986149754,0.11984502880231293,0.7249328735375598,0.07362938781232402,0.0709588488412816,0.06316470124406298,0.14802125418320086,0.28525991519763416,0.2891215375309986,0.04508933271130588,0.14978928067647568
U_4715,0.25108460783791053,0.3887697122525141,0.2770854763260058,0.0393332075623131,0.31958072769643975,0.14306811540088224,0.4780419884031614,0.2556683191369032,0.3456528801588747,0.23674051026623513,0.08097454288078607,0.5197132401935229,0.15864279114461743,0.16997526849121175,0.10727435508988896,0.028444856976946643,0.16715857386770788
U_4716,0.3542745994273118,0.3218839742150017,0.3161681603670881,0.06953634326367977,0.06907075640890899,0.16718034742160934,0.08666200495798385,0.10087239723299633,0.7740147375506654,0.09955851354300226,0.08670693829989445,0.07562915137264181,0.20233045935523541,0.21205401680560018,0.3544094996814152,0.04240765074936063,0.14210265245129527
U_4717,0.06298531069260238,0.24217176646690824,0.13178665602829476,0.06267302485110356,0.3774872492655825,0.12111012455440633,0.29461266415047466,0.10639427679046126,0.7771635494342323,0.4321430230452462,0.0725973120516977,0.08892182442004243,0.13734797782701383,0.16447411876771031,0.0753609927655444,0.033046246858545826,0.1378317314651899
U_4718,0.018203561829016272,0.32082051346406765,0.14439508909156779,0.042529897170692166,0.06934809560091444,0.34029510205947344,0.430416078467664,0.09225452316658928,0.7349799549929595,0.2103287558243134,0.06155210761012964,0.45037426590598917,0.14247494029916552,0.12529142091048934,0.020116216506398964,0.13962065183609879,0.09246579468350388
U_4719,0.03301519576272149,0.051294430876035885,0.09896271683413256,0.10871945459223914,0.1486815076917296,0.1639656415806199,0.14201663602177667,0.15700803675479036,0.46801617298936743,0.1645121754155104,0.17133498515317713,0.9393298038019536,0.10535881669740386,0.14558647976618047,0.06766187783977887,0.3498727991414863,0.15388640597340653
U_4720,0.08067314716999048,0.1048010729146463,0.7213421867455188,0.13731938000825344,0.1480953394530635,0.102319695503297,0.6450746110962879,0.18435144439491263,0.059980021308541624,0.06646738314569246,0.07590592322768325,0.06289884896184618,0.10928594071843563,0.14841314082394289,0.1378471340528037,0.389021343258183,0.21348193839097593
U_4721,0.5220855489116428,0.5414915825384128,0.4924634218514081,0.03196060976619801,0.05230645858675744,0.4412390083991723,0.08105818684463127,0.14918299186919073,0.05437233163102239,0.0890398297323089,0.053326334932865885,0.0820972280600336,0.23213406287819402,0.26754921959516875,0.47609420516750844,0.059226955626906476,0.200019780272838
U_4722,0.031062557863226606,0.05920099120163029,0.7646120709940613,0.09286394568921698,0.14827360154876493,0.1656535309122965,0.13922940733851125,0.12823169527998185,0.09642398691929892,0.19484561612391235,0.19590444866698895,0.16744639460668287,0.1073536618272037,0.13502671797574395,0.05673620048527684,0.8914563265963291,0.13949708490709758
U_4723,0.26493495745965673,0.24007620956238543,0.242857122911424,0.04532423552608614,0.04169199861390886,0.15663599410658438,0.04105837448768456,0.09905163626147873,0.037154218121211974,0.054499752364482706,0.061697517367582014,0.061187245306601745,0.12833649614417383,0.8379527967094125,0.5654333228401118,0.34182709013264545,0.15450610409244744
U_4724,0.19456352252673798,0.2575161936768284,0.20006782275950397,0.04945733687469937,0.4184567468041205,0.4617457600674453,0.10252190006516843,0.549666315905486,0.1673459548662821,0.07981262335650621,0.0680496305804108,0.47932412124508555,0.1416538536367779,0.1572940198329952,0.10991289950130279,0.02090514272722493,0.5219991475066147
U_4725,0.07663126767228853,0.12318957672307135,0.24903264248149853,0.1018528986478267,0.1545133544760636,0.15271103821965532,0.13984439505173854,0.16357418195600817,0.24376265809885328,0.0921207654797529,0.09798172212890466,0.9533848943679581,0.186118518932272,0.1994571850881142,0.09194547577720155,0.042588424685821136,0.14934665254415586
U_4726,0.22117136437126472,0.4148248511853883,0.2927655579931276,0.09406741041333216,0.14032828900771954,0.39068344462425714,0.16251571776828522,0.18598082387595719,0.18950102994549034,0.09765417049279923,0.1130063817261939,0.08305860839090691,0.3377459484260862,0.3351159263444805,0.17759072242160934,0.04666596482439818,0.22128226040901142
U_4727,0.2531612395064197,0.9306131543412972,0.2464595120029742,0.06958335035923557,0.061872788646447546,0.23275801509077154,0.12638346960786784,0.11867782310222351,0.04725665857192999,0.06858380202050582,0.06602054909863808,0.0679366585020742,0.16662578061613187,0.17601307609548875,0.23251248761616983,0.03542482509984417,0.6954372617881892
U_4728,0.044457348356620636,0.06642760286822195,0.12598974578665362,0.08434612071341245,0.22257831108574166,0.17765601391245572,0.12976787723746672,0.15541458503199154,0.7547994292471052,0.2451593287362846,0.2566849161597988,0.23245158181767542,0.15842443019268893,0.19299417249869488,0.06179836585081631,0.3502825071715307,0.20587933594779056
U_4729,0.22600234604932312,0.8006544579272487,0.24251204216770356,0.05016345059237039,0.18847284023876035,0.44174213902492304,0.1842691629300718,0.3107335476634672,0.3119294421261725,0.17207303223778617,0.07254618527918325,0.06022447002771149,0.1393996510719405,0.13188744824356516,0.09974254766965594,0.012582838611813474,0.1326295442433727
U_4730,0.2163233089499797,0.17782187060109989,0.48867420209344337,0.030953741007656983,0.04009497180502769,0.19665438657237086,0.06212766106258701,0.10159809106889077,0.43636962256191403,0.17924517867413758,0.053853349288781334,0.059343265522034255,0.11524250581394342,0.5889131532232647,0.7334952356052106,0.014289036516807638,0.09093119455857383
U_4731,0.031507141583163895,0.09122756679636242,0.6790786138986655,0.09988167635433887,0.16010966853398015,0.16399456135916385,0.13766318000819827,0.1265040525867316,0.1262561534347172,0.1463502347060296,0.15754505640682495,0.141750830857398,0.09980780167900172,0.17446274413227708,0.06897618166637871,0.9176478203299843,0.193358013807862
U_4732,0.30622745497476395,0.24767133653150583,0.26156294090030563,0.044277778617766654,0.03328859168460308,0.1206243024213568,0.04340900977948738,0.09074122511548918,0.12173196477910746,0.05017380595678083,0.06062150373199198,0.5281325540965066,0.16530533788696228,0.6526736244948093,0.4824524409845338,0.034937143791291425,0.15668887173383694
U_4733,0.021444477920312774,0.07851021813619093,0.12589200316896565,0.04311751786363343,0.06229217580633392,0.7227504207976183,0.1864931954199494,0.10131107207121633,0.5716040691817713,0.04886128280566758,0.06860527485268435,0.573454957182935,0.1533440992637859,0.12057474749599878,0.03769384076793953,0.1538307692898238,0.10141312447018079
U_4734,0.03549456896572995,0.4333548056844003,0.8468768067630942,0.08165195079268549,0.15049611252975206,0.1309288000243406,0.12467127571143723,0.15480277404256168,0.08076472742354654,0.18657878844911233,0.1902625863575786,0.19944622314302693,0.12639207351980006,0.15171052167768231,0.0663382858902193,0.34711168250260616,0.17462279816786713
U_4735,0.10505338972711761,0.7074366529439411,0.16896572829117468,0.052409841901369804,0.06068560683243799,0.212671529776186,0.1481983331113556,0.3502911924382407,0.31786584841936966,0.07564417001017947,0.07206279849246433,0.060273565134651895,0.1425081485091618,0.17028866533786005,0.08176553472747139,0.4147996476796969,0.11664184399259643
U_4736,0.36350196646021204,0.32020023124665487,0.3358657837481395,0.05664033263833665,0.04111136397386168,0.16220879199604507,0.08075796114690074,0.10583717846932632,0.056152687383096374,0.07380407071038494,0.07079634407445443,0.7375731052226235,0.1598601713967607,0.2049877125592899,0.3143789452625916,0.05944951875088817,0.1668673865281144
U_4737,0.03413753966041763,0.1341241662042046,0.56275634718614,0.06708044327550018,0.10116199664459286,0.7290669736344823,0.45051748133427444,0.25686633261535613,0.5097978446461573,0.06505441834392138,0.06337100124741875,0.5287187469737952,0.13968782641207678,0.13385344258518947,0.062972831914198,0.004700914363113582,0.10569188580839098
U_4738,0.23355127480937896,0.23908995716478448,0.24953061585395597,0.04436937999176426,0.04712357502005027,0.6833004406147105,0.07629760966942331,0.10571043989655972,0.6994553553242122,0.054279749274637815,0.06387622857188044,0.060725493874254945,0.12454937399102643,0.14682825935290578,0.12588113777427148,0.02930764385918699,0.47873433363590784
U_4739,0.05235957656492627,0.3451991959127889,0.05590825463789033,0.12538120842734216,0.3215453648544832,0.5415003808687597,0.09369655759370472,0.14742414133313117,0.03995433137991706,0.07314231883194677,0.0814313389001728,0.0713311210522575,0.07959513998076996,0.12696093136816397,0.09107610357016224,0.6804870112323099,0.3744035246642501
U_4740,0.3223766838999426,0.6052580588909221,0.2585977120671198,0.039739465767098345,0.08678609251935457,0.10606120799199668,0.043422750815731916,0.08717002236118157,0.03483792688219238,0.048916561756307736,0.05032869288563015,0.038187583954472165,0.1298209780409965,0.7202591053380211,0.5670202845956015,0.04149775354455625,0.1563997671349681
U_4741,0.21857999823388927,0.19469504867801038,0.6432662895892532,0.030644638991301817,0.13414731424536308,0.8684271111954762,0.5269336382513055,0.09288079675419098,0.25115669365696447,0.18100407157952403,0.06761680673067551,0.06776424221994104,0.13828800560520327,0.13700794753160503,0.1304666444288273,0.011258874467234593,0.12806272416881775
U_4742,0.21841607873837823,0.2091351006995206,0.39930331048008677,0.030304585921010936,0.024908909630329497,0.6958174449946857,0.06467164675402888,0.3637412440429556,0.6062980321622707,0.18022399951234241,0.02814709801766014,0.05725456646410701,0.12191795667695601,0.13360860598877244,0.21573551255224024,0.09056544203177144,0.10684824985879293
U_4743,0.3628642269472477,0.3076949635710196,0.29357332002992487,0.04964814363404431,0.05624049092091534,0.9315899878051999,0.07670073929484542,0.09826643879897433,0.04894352717277439,0.05691592106511775,0.05634356981301565,0.07185797356894387,0.16675403301577055,0.18821369061307955,0.30487537011274635,0.03742281805527638,0.16637766253401748
U_4744,0.24354444215611118,0.48593489999037925,0.24768375030311826,0.051394618045618026,0.0509291426729073,0.2742108626418356,0.12112384165927993,0.12702341307621837,0.3625750859722848,0.05582971215667053,0.04013510038391243,0.04998505776526113,0.15117947984101512,0.15396259969782078,0.17565864419709826,0.5740784052970088,0.16043494983249812
U_4745,0.27720823094504715,0.2626878229130235,0.2643775035370604,0.05402672669990462,0.059414656879107,0.2338522324353809,0.0766244889248856,0.11934921016700568,0.04970421420179252,0.45848511778628664,0.05341834380102345,0.5570386991184612,0.13023853883430014,0.7788277121424726,0.3066393195404582,0.030042202938219804,0.1256099998358776
U_4746,0.03371381796489427,0.4520777116788414,0.0986800833490757,0.07980724140175788,0.13261885171212714,0.08083505498382897,0.11167847452566586,0.12461791860667583,0.6608780366954033,0.4331993424600979,0.2034463530223739,0.17019007514445134,0.10278921373878876,0.13203739335960557,0.04709748186383912,0.5918321221453734,0.14281878791419586
U_4747,0.23214187270655878,0.5857997107639367,0.211226105014314,0.0335414611354464,0.3699981048750619,0.10483831029086328,0.0806136480119526,0.0692944537052892,0.023973408168501666,0.08609220621384443,0.037031267214282175,0.050674018231036996,0.1052327557353803,0.827616443753374,0.5981936423629114,0.028455257071133236,0.13325199617834843
U_4748,0.3570928293518,0.291947738938635,0.2852288057049378,0.04893008585984116,0.040015776791775454,0.15028713889691084,0.07250768319434571,0.10019176129282616,0.0583431971558601,0.07389390122623753,0.07192390099727437,0.9326272132461858,0.18237192863157045,0.18164980599502945,0.3036527117555374,0.05953694778527085,0.1400211008457569
U_4749,0.28532784089672986,0.3138388574295279,0.3235330269712308,0.05834451135421275,0.08575472273546776,0.2465735183161867,0.31141975175009845,0.5217180356140863,0.14952036808333696,0.12502040319493604,0.11465994687487606,0.08223015752400206,0.19386153897104932,0.19672206936744685,0.16297746808561084,0.03512564228096823,0.1899831813827036
U_4750,0.2171754760757838,0.5231608736197649,0.739429616225622,0.02646024067373502,0.02117226190180095,0.18227891179502945,0.06031636834960331,0.07958478472473304,0.021170422682350188,0.04842573414333337,0.04538260987790504,0.20568580035779133,0.07976737451609,0.7998178380040994,0.5458986919377813,0.1178126470681007,0.07355028300839708
U_4751,0.2061945089976086,0.22547332281727314,0.22572799910429112,0.04706083110458416,0.04793152017874396,0.827569423900083,0.535642268497709,0.11427359462835586,0.06540740146349212,0.06073948647905166,0.058248896217194854,0.06711772212700981,0.14482087970297347,0.14870121670330572,0.11107208123656229,0.026663292126457565,0.5373099229059556
U_4752,0.23130399221785578,0.22385189097134672,0.17763910347849135,0.04305524361562266,0.047170652459858825,0.7011281524485329,0.08204614655566089,0.13335330673619292,0.65462420281487,0.06468503512600796,0.05605692669472653,0.07091363194444945,0.14730708130939862,0.15468672344320086,0.1315577086730647,0.042200313824434954,0.7157986608481194
U_4753,0.1879572244033211,0.8579432971591257,0.19889537860446752,0.03753134031656735,0.27242310197801806,0.6170163890092157,0.08149597403178141,0.2612924823825269,0.08946616219131497,0.06660860894935718,0.06219847978712377,0.296276649795567,0.14223070460833817,0.15974771374809071,0.10446395785457192,0.025076776050549355,0.12430531157944086
U_4754,0.24663550581823807,0.20945002256120163,0.842267956827595,0.05223498215196866,0.34264227068960657,0.6676185377487271,0.06588788196819609,0.08652237112532093,0.03803683983712032,0.2430215366588592,0.05517149620273239,0.06863191576227133,0.14065280864778826,0.15129495228389014,0.21072820724198316,0.02790990478378946,0.11101999276106471
U_4755,0.26266080518078216,0.2655175598328745,0.2737423888492906,0.0607783139550616,0.06648820095199855,0.28526497970921916,0.07859387237168616,0.1438772257885792,0.14699435985857873,0.09178187243976109,0.07634937090283551,0.9337003227708642,0.21214640920866962,0.2095118590898625,0.19098838036519172,0.03499691623422079,0.18012556919993014
U_4756,0.032698569760425435,0.8313672852878892,0.17711877316077096,0.10438864392013349,0.1670770064922859,0.1380337198334442,0.10008958485031157,0.14755114260924715,0.12231718006153072,0.18554427477130891,0.18460126273206753,0.14794420838850897,0.10144137038659913,0.14764312625472886,0.06061703308042756,0.727938507576043,0.16855258139263515
U_4757,0.12374631534459192,0.11911110168343543,0.18898791156825412,0.04169643846861727,0.0677982384181697,0.2044059718882656,0.7937281478884779,0.12247549769645172,0.3136268372107142,0.056608366974145445,0.0680306897881437,0.35921648362374253,0.14567040756855937,0.14401575789553117,0.037079746107518075,0.19225449353953683,0.2936375798604109
U_4758,0.3337039900868077,0.29103092281662296,0.28237319866019417,0.04382052806152335,0.054599289281274305,0.2818057055625041,0.08998521961982185,0.5938448793725781,0.053431993792273424,0.6303306812963145,0.05896982488034839,0.07123914122554155,0.15762897957833855,0.1780550063340305,0.3160336309862142,0.03564220446760988,0.12746506731382465
U_4759,0.2595861809723631,0.2740661149395753,0.24720911616821026,0.04154961690535562,0.049399963081060275,0.17012335197524286,0.08903885262829385,0.11546423383253138,0.15645597389591892,0.4075095829638362,0.05411566122506545,0.35372228999258926,0.1392146761026254,0.15558257111155036,0.13817870908599172,0.5053876726702877,0.6109267535261834
U_4760,0.3341046194488969,0.3077955102866077,0.2657128849247685,0.045442604928299324,0.045353991336950235,0.2648845442063505,0.08209479533287296,0.11993544627590329,0.6454005221366984,0.06633833294369855,0.055992489233313354,0.0774724410188941,0.1669110251293941,0.18568989290811258,0.27983860232837754,0.051325456617632534,0.1595984854605113
U_4761,0.35471977173828323,0.30317635796517206,0.2843048570593359,0.04755635359628559,0.05264005890697027,0.14642451952062777,0.08503188861746232,0.10034905436179814,0.06080773208288986,0.06997094293137783,0.06653028795668703,0.8578119259954454,0.1608091728065117,0.20434108517932337,0.3149055880379968,0.04451632525828718,0.14814855290079237
U_4762,0.0795004473678695,0.8575945793492673,0.1787474380195483,0.0626729953629033,0.07538145664609919,0.5536807050173631,0.10522387219304341,0.12697818790870885,0.6182975688135453,0.0826932826590216,0.09464249602674975,0.0892348734904615,0.12143153039678657,0.14392304254566118,0.05448079213936204,0.022124565762388367,0.28850376537254935
U_4763,0.25338360529821635,0.23885828918529273,0.17155905917536418,0.04241451023718385,0.03187709820224303,0.8659651343943501,0.06491670408329932,0.11045843557892203,0.5964117269719936,0.062335910929098806,0.05186866877905746,0.07620485009901125,0.11614469971224844,0.15106289332100764,0.21592953120710426,0.04966405663802355,0.5746354680730388
U_4764,0.044690643954973755,0.059911640181055374,0.1153774534456562,0.10806694119812033,0.17376907407891373,0.7528642929373998,0.1504147556460012,0.15311764025496333,0.10653898315228756,0.1957071155904917,0.18408108608379198,0.19921757621517233,0.13598701534119761,0.17848611689185728,0.06316366043023922,0.37877347220567875,0.16297479029646597
U_4765,0.3011221896717641,0.6402157820684798,0.2623450265467634,0.043255245887970355,0.05585157146630797,0.5508625093136273,0.07443218250973857,0.2822322073275036,0.21114619040904198,0.09352292311727484,0.05682843284901646,0.06795560103782106,0.12224743329682629,0.18215804290046364,0.2414205287495583,0.04093901868244028,0.12901164719375235
U_4766,0.5996494505570944,0.3868142999129749,0.4262837934766815,0.08396080196582854,0.0742798311985517,0.22572051590664519,0.10838947542708938,0.12502899821996746,0.08147989940269208,0.09493780795010301,0.12425166631654334,0.08793336790073256,0.2795911964056096,0.1993982913400739,0.46142018492568365,0.0492905786437498,0.11248640145209705
U_4767,0.3237129813666595,0.8960607983446993,0.26892665874187643,0.05447050466984863,0.0608606280618061,0.23262975994085064,0.09155023382362829,0.12338268598099346,0.11618070246137724,0.09369184156825333,0.07738940962851434,0.07014643185840838,0.18753077566772258,0.18341810417405238,0.19959320956365909,0.03843995257364106,0.17687566527391882
U_4768,0.06760401478559297,0.13062941270078737,0.8114452556076478,0.14888031307143448,0.1794213543568214,0.1809207597208164,0.13785105669407952,0.15392114264370693,0.08376728965717413,0.09478634728569361,0.09273476622019161,0.075747529725492,0.12151344008788921,0.1769518326249098,0.10322388478170466,0.5065017172879628,0.2194752976726978
U_4769,0.04590106347190385,0.35362300144381986,0.09491757705961289,0.10982130945261885,0.1653696687937561,0.08268746264002198,0.11550815809107011,0.1683044365795459,0.662824477747596,0.16753480426707223,0.18896661728186195,0.2265000756929422,0.11149175383081647,0.15476602689377536,0.04891780151193756,0.3548796782895046,0.19488049440723623
U_4770,0.1709606874759845,0.17709933265368946,0.7676145849988231,0.030511723351648482,0.3353269389054227,0.7605080334677174,0.06303593432417226,0.09815886300799335,0.20712499842895188,0.062299484782332964,0.044398116159353775,0.1959487984728474,0.12230714515977127,0.12481614550158457,0.12151966672057897,0.025350358987628822,0.6093180571631256
U_4771,0.3266355371396873,0.9659843612342578,0.2714616067785481,0.05477453370569564,0.04819042874985391,0.1405467232100305,0.06221695146198135,0.10392520209790032,0.0513779651335075,0.06642679976908214,0.07575917269327798,0.0699505893496085,0.14487427272081688,0.20393161363044776,0.28967114852999365,0.04288286279913307,0.13874438861519303
U_4772,0.24050887562562165,0.20382365819005124,0.8423408982407664,0.03911929874806217,0.05062376228342894,0.14251647547640023,0.08343133417478482,0.7499276250447663,0.3094972821031964,0.07810540087369729,0.06811024534321831,0.08055468239801165,0.1393237180978235,0.1740632513101244,0.19677018787275022,0.03062633239415286,0.11412103215178288
U_4773,0.2819418026078029,0.2990006349505961,0.3062418956795084,0.055955703150598564,0.06263222210248862,0.31182864523555653,0.0848805918117366,0.12180721349223947,0.055053382150373815,0.7092959749656346,0.08724901344223804,0.0852280144860964,0.23241195559254915,0.19977311521154692,0.34727460480311473,0.039783651024481725,0.1539137162400772
U_4774,0.34184128881598547,0.2779068781244935,0.25315416950404657,0.03621332298730706,0.4730696660828105,0.17666802187140074,0.07153114568626837,0.10970545026997289,0.046810538464481105,0.06400749435515762,0.05317315301252051,0.06591325072293786,0.15213391594920783,0.17758652918168463,0.29240673517659566,0.5800325838405582,0.09781417258084117
U_4775,0.29189564605999896,0.25758780536792697,0.2670326078099334,0.04078089967097844,0.03904338646713662,0.16118723906822083,0.06507523574480155,0.5440057418787682,0.055818837522940125,0.07625543211478265,0.05479467298917007,0.053252811122456216,0.16741500168749374,0.18234963771430332,0.6922901589628023,0.5363606408324596,0.12504198649399542
U_4776,0.0603431525602887,0.06277027722620196,0.4516563244715037,0.10123703393716227,0.15426767785374576,0.34598033078141166,0.1349671315903067,0.7238238256862927,0.07035941942023315,0.17836689654394533,0.17234740048219452,0.14782979035411775,0.08992671485313687,0.12936039647549705,0.04267650426141391,0.39620603944709054,0.16752396416199944
U_4777,0.25255128821493034,0.217343134421473,0.5426498832653291,0.031130315998467675,0.03186275830649388,0.24002661573430067,0.05725533578309012,0.09096774813746475,0.5585481718586557,0.24534848241668417,0.044474815235620024,0.05113231522310305,0.1186787814334898,0.14264715260959865,0.27089762365922865,0.033273076236907735,0.6433447770035592
U_4778,0.31038880887179654,0.26649099255610886,0.3316583895250602,0.03752654384256385,0.034128595944435486,0.20393582440120614,0.5340174408962335,0.3654387289020059,0.06457819274104525,0.07835681837812854,0.05759508001052105,0.09597139752881279,0.15426217017860822,0.1850177776757,0.2593844684313576,0.335917201972274,0.08940715427782431
U_4779,0.3811327396638316,0.2386714790562602,0.5457604254479375,0.06209687912077267,0.10384734629305331,0.4384016862126221,0.25683002874432276,0.216367535741746,0.09707588231801173,0.11611630575024155,0.08707275213036325,0.10208173805403803,0.22847355795916172,0.30176929099548416,0.24638306191138815,0.04277523259993053,0.2731786022724923
U_4780,0.07375730053247104,0.17100358422720885,0.23699349959429827,0.096775530606072,0.14092529319188607,0.19638820283886108,0.14400738246956407,0.7617309345434002,0.16418532822846604,0.17830641359826072,0.1860515743428219,0.7575821909509423,0.15015334517187753,0.17058654545128554,0.060891327295991005,0.10281870803904594,0.16625605727214418
U_4781,0.2743296487131016,0.2395773889131397,0.2520562679552505,0.045666491318191206,0.04096979454092233,0.14214088782816658,0.041892758458627735,0.09670682083404346,0.40184096722738594,0.051131074910023964,0.054434173625811065,0.03909727807866047,0.12528244701550986,0.8112075496795242,0.5913508232486157,0.03160477503213804,0.14552763827868043
U_4782,0.3132570700955544,0.2261706984315085,0.685462267779839,0.041186430853564944,0.03183997302647534,0.1108190833637841,0.231561843330771,0.09757689423598304,0.038036682747836684,0.06812964122793043,0.0548312071783907,0.5060550772371943,0.14462435489281406,0.6024243770836866,0.4663294014274931,0.03319036506962377,0.10791046728833094
U_4783,0.10131144940905402,0.16657284265735103,0.23966418284916494,0.07814306204993121,0.09031337063952648,0.6743422398392211,0.18787933482693794,0.13103673035794558,0.18602151551662313,0.5031461790696469,0.06966375465590564,0.5179800033176784,0.16034465141024326,0.15469838380548392,0.08664557356374733,0.025456860233583217,0.13697355349618365
U_4784,0.37711896889323876,0.3094690250642172,0.3150349848998673,0.042122496592347486,0.04839964831430405,0.1684782153818408,0.0724124120594942,0.10521487220318156,0.7044037678060029,0.060252676010925814,0.05644937118601471,0.05852151134402725,0.14079106591241194,0.18240273076423552,0.31996890330532163,0.0448743338280637,0.14662757264517257
U_4785,0.5619976463254678,0.5860199477783495,0.4444655957696964,0.03245323936038844,0.03588397495661881,0.2708216505360822,0.08408524983357672,0.14586570723960585,0.06371057596815294,0.09059204389675705,0.07877410926133711,0.07196578589589983,0.2090606655675155,0.26709106240635916,0.4542874800324483,0.10457735520382282,0.2041567701152792
U_4786,0.2178696338185453,0.21652639643104657,0.9029607167231903,0.040782607615159255,0.26241732978138843,0.19927432913036186,0.0773559919256813,0.325416873942597,0.3269770034549439,0.0789371880139876,0.07560101446658538,0.40922363543213386,0.14967344808521424,0.15476699782369122,0.10773191631697812,0.022541226439195105,0.15270527321853916
U_4787,0.06862538222948934,0.1684962258344173,0.6860994070807603,0.10452204077246931,0.5145982961654889,0.18873626886502012,0.15096577413898843,0.7042090408415005,0.18333967317554695,0.08635515768947356,0.08443982004830068,0.7917063616441473,0.14098991558082885,0.16232821678022277,0.0757958255332512,0.04057211022376982,0.1479998294614372
U_4788,0.25292903920780996,0.18825122139420397,0.2815030028628158,0.07280573524796798,0.0703979083186966,0.21226508767999833,0.1772389084271211,0.6416366587189609,0.07106892438178923,0.05832112966995083,0.057636296377170854,0.07080887894026865,0.16088987552165843,0.1805180697019424,0.15968711811088274,0.03078903934578925,0.8185460785977758
U_4789,0.09206056448478979,0.19876181867838516,0.23958481592421219,0.09667525614404981,0.12385539630703941,0.9344633097580711,0.15169971492631848,0.14630682098729453,0.2147120709857092,0.08107161547339942,0.08737808922192317,0.5017506387999059,0.19438982435612703,0.2008755042923502,0.09717780891330748,0.03356389099645125,0.15046106524782948
U_4790,0.22360631902835187,0.8044890015095637,0.2128656770448366,0.042642521663205694,0.0448628675623347,0.24683586095917975,0.06595164985875392,0.11321088138880821,0.5182841508348709,0.05983273351553625,0.06060259719737688,0.06183005929013131,0.14072900415915776,0.14619857691280752,0.15909876686258956,0.026852266383742756,0.5207725858553849
U_4791,0.36421637823105296,0.28804129694026237,1.0,0.04644341649628459,0.04592128403975043,0.15696353169639987,0.0650110795117978,0.09181501284818257,0.05451691800729584,0.058632337732624676,0.05926753645685666,0.0592287667803844,0.15487866120293398,0.17532259047928636,0.29122926166018265,0.040345875829318326,0.14708331359919047
U_4792,0.3328422402111578,0.3009000619685685,0.33944452731187313,0.043064736782862725,0.044799881233872185,0.8931684486278202,0.08831392340216178,0.12644135669273493,0.04513494038792314,0.07555825285085234,0.06202495239685264,0.06392134307137562,0.14674889832194407,0.1954189550362833,0.34760411755337595,0.04266843172774515,0.17671678364111088
U_4793,0.5392701421440884,0.14497028934015666,0.5876053418081123,0.04678918128631796,0.04908242782866763,0.16333740642876118,0.14169838421284506,0.10788786987221306,0.13937600547357962,0.057428886994057286,0.04929961994842034,0.5152357856866571,0.14115178741265708,0.13118915658853056,0.0786083619313743,0.48194177739217403,0.15461582374511013
U_4794,0.5174111574842124,0.42451177055239214,0.54228810989579,0.03601092352028395,0.0791870484669673,0.4066867255259613,0.08294842609428774,0.1517749887326577,0.04836855919160283,0.08452106665997172,0.058745352814681295,0.07510027138155714,0.23251514665356604,0.27121944987001967,0.4895029805316893,0.05297350468110785,0.20981268541825102
U_4795,0.060646839076478484,0.10798461181940522,0.09402748889992495,0.15861977029387475,0.16428701678014293,0.09831321910025628,0.11195843260251202,0.17964788719556482,0.6476976810571088,0.09325105825984008,0.09945139566439447,0.06976193114877549,0.09815759285128872,0.1336598970710069,0.0927074543476724,0.3911218419657507,0.6413515379188055
U_4796,0.35190351897939803,0.2796778482276423,0.24631797042373538,0.03533028174738526,0.03524233976297918,0.21618108516480655,0.06961416522803185,0.10010722989169024,0.7406589543483396,0.05385592242653478,0.055198292014069034,0.06529356131684594,0.14081762257047095,0.18594913591575354,0.2870666086444127,0.05110346878687917,0.6140716999474541
U_4797,0.2709680918890498,0.23630869973804935,0.25555976640692707,0.034962242537728325,0.04446595946017143,0.1134634865205086,0.2189656593145116,0.10681938496915383,0.04221984751798676,0.05388784866030362,0.05592080443636385,0.05872728055972716,0.12476051268243663,0.7002336837111933,0.5972010357130679,0.04418733089307538,0.17799569699516848
U_4798,0.17136617139454002,0.24410233559268135,0.92434912137996,0.04865249998648486,0.05988794595515726,0.24083927063812627,0.09242288078341736,0.12778991060893577,0.1379165581327965,0.05547538261006423,0.06629302889830693,0.06435801632553434,0.1467744483996323,0.1423979094015032,0.07886058073517507,0.03393372210304035,0.568528440765293
U_4799,0.15120982015771453,0.4561845145566687,0.41192427005948734,0.1388036285846621,0.18198580147037413,0.28600827056146033,0.25952437858159794,0.2635400726398046,0.3885963728041239,0.1402606238601259,0.11475974731453852,0.13347901779677737,0.30591279616658634,0.3107914692983267,0.14117250139461845,0.06136856082763181,0.2272134312144888
U_4800,0.30276187083320255,0.2819998713602119,0.2700859990084432,0.06161373013828711,0.06586454702912188,0.3031482513538885,0.06912548181037352,0.13683541488084372,0.7966828702821107,0.10135111419758028,0.07909410752484794,0.07027232388226075,0.1782677134940483,0.21120332786555118,0.17585201534932487,0.03683407478267387,0.2705374505952184
U_4801,0.10810193007709426,0.18331280553844922,0.1757737748372102,0.09454013157264794,0.10422467698246139,0.18794182607806442,0.17578763508758696,0.15902048906130253,0.733663910221721,0.0707162565841711,0.0828488912846726,0.7934785713097232,0.18196889748444936,0.18321302858350966,0.07673815687961215,0.03700242131145447,0.1519933807081488
U_4802,0.2961746224738532,0.7613931578451684,0.2522692429057473,0.036475192871210656,0.03463841138233887,0.0933150169737419,0.04261968900476023,0.08574202087947033,0.03431882453340316,0.041770237002262074,0.05055408981247009,0.04082617767336544,0.14268554687266913,0.735764958278235,0.5001776493754093,0.035261099020809726,0.14272024808892186
U_4803,0.14430560042928015,0.2797950878354135,0.8960844797776746,0.06877894964502847,0.08704450564429818,0.21486872573401375,0.4061050948863773,0.1417165167152881,0.17022491088749064,0.09118918301795821,0.09829469365607946,0.08476371190869682,0.1662709762239839,0.17770587076142122,0.08235131457785673,0.057022354062582464,0.17105453480346172
U_4804,0.054804840004943,0.10922277832619215,0.11881176041039661,0.1251675161299806,0.14577426254582532,0.10886474893481125,0.3195118988133681,0.15890902938104184,0.5571109933303481,0.08062979988360114,0.08106884216671938,0.48667731661484137,0.10020808023063826,0.1547878403613991,0.11837549172282473,0.3407659248777073,0.17006602109496413
U_4805,0.06852192780713214,0.07674613679023658,0.10740320164664252,0.13120530305427977,0.16655361999896226,0.5092142857079034,0.44805370380072906,0.17141204894881706,0.07964890526513785,0.08049106454763195,0.08001986970762462,0.0709990085325889,0.08769421710079044,0.1346414779211423,0.10421203151778882,0.5279285639675899,0.17742884663539854
U_4806,0.5015990587709737,0.47377986958678736,0.5827066683083704,0.03785027052045428,0.04421041373377119,0.3981406923527862,0.10117565514673908,0.15554369169930085,0.05237354574545006,0.08597500566816665,0.05022583871459923,0.06845358704959706,0.20532114275571178,0.27474940543175475,0.4653919305338885,0.05175632440642696,0.23001785160357904
U_4807,0.06134851577232771,0.14107612858335608,0.24964248293107558,0.06340789801586219,0.08235663062392977,0.6546509255371438,0.1484679245515637,0.12479680910105684,0.5523906513927843,0.0681443565950381,0.06997375389535572,0.06818022407240004,0.14222258978767735,0.13867678993033325,0.052104431375553394,0.48846352265303705,0.1298699032035394
U_4808,0.555883125913026,0.47582291071733795,0.5374104399661132,0.03273302067378155,0.04423505685286367,0.42265546383702757,0.08560034897492311,0.15081120259541764,0.052490530907363345,0.08888942028953427,0.05498351723161153,0.07731272760804844,0.22806678262962848,0.28198101013128596,0.4958284458818861,0.05546921370748225,0.21621096050472152
U_4809,0.24807353712345823,0.19240857804362257,0.7836769521141362,0.03888351483871235,0.02944627503634931,0.17762880287046934,0.03990828190057167,0.09063560204736137,0.025190965260951555,0.05691915980520852,0.04472763475865148,0.03289479068707422,0.10390050226285528,0.133283111136709,0.8886613290589722,0.1765409405018094,0.08921517341058759
U_4810,0.04551034852571225,0.21899761306284207,0.23593379864140898,0.16324392504775828,0.2545609994468254,0.1434054802334921,0.1547364275527998,0.20711532223054227,0.16486943163495918,0.23076506485667772,0.2390252940297842,0.37655925823032244,0.22645034822465185,0.21550026694910834,0.09264942299557566,0.47494638239777176,0.22929849990673717
U_4811,0.23974257878333533,0.24450948582356516,0.1915273750542389,0.05025211878278171,0.05035231360830895,0.9091021803913591,0.10495833402208471,0.12769240644939914,0.08484221872478621,0.06075128185623415,0.05678247431476294,0.06638628133829315,0.13871577211901495,0.18428580411765733,0.12809346456088463,0.0354622363680615,0.6785591216575808
U_4812,0.3798790663649865,0.31054185936124934,0.28148732864720805,0.04471498043141228,0.04793642070506328,0.168006357749957,0.08412546875115724,0.09601404987716798,0.05954330709466893,0.07479074236133866,0.07234810454273219,0.8435957021060406,0.15697968705735202,0.20830542140593145,0.3211122171418431,0.047718313848241004,0.1373016636527857
U_4813,0.1570775633452265,0.18561491704214167,0.26095277434865416,0.08228114758352018,0.09569078026666743,0.8990485981394591,0.11424413432734243,0.1527990445893141,0.13286096592646926,0.0635543044816418,0.07576039369802247,0.06681505855373425,0.16817023368660305,0.171431127194502,0.09215005877292391,0.02876749911546054,0.7023627009389144
U_4814,0.03149862388826457,0.02770403158817964,0.3897048733736987,0.08171573011560368,0.5647613837053218,0.7518855236066644,0.10687071989715025,0.13391023702748658,0.23983472305146006,0.12133870350978665,0.13487447101956798,0.47258038260041524,0.09823429796945184,0.1202680065899748,0.03707491075719927,0.30602512789645825,0.14974196310141338
U_4815,0.22001907446542973,0.43008163969036955,0.4336415134200754,0.02514613166851846,0.034389680752034614,0.37245943240668683,0.16432269922572462,0.07250878304982303,0.13355684977480936,0.05709938828748334,0.043972466119999706,0.06576157082910761,0.11535972778887471,0.14335907651626295,0.2227461076763198,0.1218499004161953,0.729975805944948
U_4816,0.23537304927034491,0.20090020120730953,0.2375010974183724,0.04069363955838208,0.1747386531017892,0.13999569753189578,0.3689565447082037,0.08463280027331532,0.030878104651077133,0.06094350084154044,0.04314900466665468,0.06368778032471623,0.11097943472433859,0.8117254950283626,0.48285531818396843,0.22128846216818826,0.08381682701575802
U_4817,0.2923742590879352,0.615102362087935,0.2662588946999966,0.03780696228685557,0.04796665426562288,0.22611663361621712,0.05965195803611548,0.10361681107105937,0.04342546086519437,0.07188608614726698,0.05261608039455573,0.0411643600967304,0.12776724763923408,0.7594201244079795,0.34224003255287416,0.44750428889414373,0.12222979979330628
U_4818,0.20253697074587354,0.23735059954333249,0.22456821512830036,0.054434255535297904,0.0742008074952159,0.7502308577898716,0.08401301707267363,0.11563435941222006,0.37339569666053934,0.5382555919373628,0.0684767695928217,0.07347675411974162,0.13637214585976187,0.14729556348624973,0.12303619565130315,0.03675074399722597,0.14349619595488913
U_4819,0.28933910764505183,0.8251895248429663,0.2509699354902479,0.04074487078896646,0.0399005391856709,0.1626589243782938,0.0563345968625048,0.09242756018249579,0.055329688087480566,0.0772438972783836,0.06158759462628764,0.6193337938831189,0.16524307996955434,0.16057243460662096,0.30424282800656904,0.041784498166407634,0.11878987734974529
U_4820,0.3567568108060319,0.29855952692745197,0.8729593683422663,0.05035290422440492,0.05333504674365563,0.20535704884703423,0.09353279395496225,0.10122549783984365,0.05274925036745458,0.05795522807416269,0.05436345963443511,0.06847999918375065,0.16504958154997687,0.17653303710943724,0.311805792699673,0.04077085545752456,0.15198859674369816
U_4821,0.23671677482961614,0.7958656289073108,0.23051453562347765,0.041081858731595075,0.2526072620347252,0.23371101650556278,0.0779648430617211,0.2733460537330863,0.060158154686750245,0.07245319815238509,0.06427859265145272,0.736204121811835,0.13943773402140422,0.17197171010114948,0.13247105525304428,0.01920260740396562,0.126840348101676
U_4822,0.030800516275983902,0.06936924913594938,0.09508315097000627,0.11437969196879053,0.2606311717539855,0.1804329681211218,0.6461153174946241,0.14259701317577236,0.13481977866310688,0.3074266810864658,0.30808240034982404,0.2599670518357543,0.1566220251618517,0.20822390037433167,0.07209217806247696,0.41098337126591095,0.1978032923708281
U_4823,0.12286842227240004,0.18241058146653602,0.1719943428515899,0.09102769467477463,0.10370793032506449,0.987124012102249,0.13150638527996963,0.1471100619658532,0.16469570701857572,0.09279066105913612,0.0901610485974379,0.0843094584595181,0.1777570137584975,0.17350230873894512,0.08891117735407665,0.04480526899654986,0.16273136437691732
U_4824,0.40880138410449307,0.46260855281311974,0.5147027798270772,0.04192759619142803,0.05849132199603348,0.33997416028525157,0.12795404222882728,0.1729424119972813,0.3585883883641873,0.11131731043977885,0.07222593059639441,0.09950078646259979,0.22380257856016258,0.31345928512430526,0.25977171203155947,0.03958248950223109,0.26951004206213386
U_4825,0.2874010209902642,0.24338402572170162,0.2534096529307642,0.06280306312349807,0.03291579288786011,0.502338562843385,0.03937401011651554,0.08381443593679219,0.03093096226856613,0.048523618588626846,0.04582792518054698,0.033500957569538706,0.12430421435830172,0.7904519150254127,0.5441557353335997,0.040829835828692464,0.19902513156840848
U_4826,0.08604463590562189,0.15318434074529724,0.256501912100634,0.10136920618701736,0.13398340846734383,0.2142299322273678,0.20987948940954987,0.2070052931759245,0.35236434522342425,0.0925345560687172,0.09476196893386016,0.7457550489755637,0.21392033665371504,0.2081770509320353,0.10124404959612726,0.052185510589961896,0.15576824031008213
U_4827,0.3353781218002587,0.27644703172181473,0.2650285963169191,0.03720068641414118,0.058590947038891505,0.14788768202123243,0.06265948405273779,0.10824409054261987,0.049969149446293465,0.5102699442865762,0.05477973881216435,0.057779390011592324,0.13268749843441396,0.18403369481580928,0.6352157532975655,0.40660180833633763,0.12674209282458151
U_4828,0.4676161234749756,0.20721266896090393,0.47763222494927693,0.05240910411947074,0.06107208643854946,0.20627058328428494,0.10939622871197638,0.1079919072644524,0.7785991551668359,0.08903203900424352,0.06692184374744778,0.6766132865981521,0.14053289558537177,0.14837149206625214,0.09373436931786991,0.025752940116189546,0.12694962888166159
U_4829,0.37606582251532833,0.31290277112727566,0.2850511758071442,0.042516070258430655,0.04794591545355194,0.16644272823092346,0.08201251795495426,0.09177435997161931,0.06199334995368078,0.07344939147051328,0.07477256759835077,0.8638986829713157,0.15473062080235706,0.20732491190802788,0.31422137411415524,0.04923431683186769,0.13776252402929626
U_4830,0.38457490387651905,0.3346288756935277,0.34952979667078365,0.04496983135387783,0.050937413890262066,0.2828922452072274,0.06539495285479634,0.10046332511397289,0.04466712607756954,0.06441508072917537,0.06090245149236917,0.06831126041077971,0.17008823937217812,0.1941437056322986,0.348378033673919,0.6325944398890446,0.1786587402489518
U_4831,0.06725792169345418,0.1660614284238932,0.21035813623169825,0.10805636954667219,0.11050545391991706,0.32071153666395424,0.1390271408075006,0.17420162114088567,0.13527237171935466,0.6673636967072435,0.13370842282760811,0.07847703540806945,0.156443046627126,0.1935568889787546,0.08300601281891165,0.03730657207448159,0.6923740301514414
U_4832,0.24492440568336055,0.22064457450411817,0.6311855343994802,0.030591469731788966,0.03488799900447512,0.19367901919020847,0.05091190182884191,0.09186890262745424,0.293951905552731,0.040351953761264235,0.03958326064561424,0.05198046088381846,0.09487126204421381,0.6351292112510067,0.7113652589339653,0.021240699773742825,0.1663391882916523
U_4833,0.3702109197163604,0.31422311120843194,0.3466307671272265,0.05490946184707076,0.04251687667177958,0.1919621032998949,0.7046077684016784,0.10529327595371651,0.052809796467479214,0.06185110524942336,0.0660083203980343,0.09741678075082948,0.18702906400081998,0.19811432028877068,0.3090933063528293,0.06333506107547497,0.1808388871466411
U_4834,0.21506658513962953,0.5010596458929947,0.7757762144697693,0.030458697223517035,0.08383686734890716,0.22939052522161546,0.2489146583515745,0.08533730184201282,0.302243193530192,0.068771720631238,0.046095210900066075,0.18556641137420393,0.12975831429889548,0.11635726922924272,0.20250115401128876,0.016932462405336014,0.6247894447733957
U_4835,0.2180496197651995,0.7968830813645288,0.5467990759475977,0.04395094525186594,0.04315079898737189,0.7877745837079801,0.07212980534873263,0.10372547407172056,0.0857553754748819,0.0641662590339452,0.07332791647044937,0.06036811135592922,0.11249011480832052,0.13962478905770892,0.0933715405988854,0.027119467240540214,0.1333487586293879
U_4836,0.35783306485729083,0.3001841063361177,0.29861022849284685,0.05301438963656601,0.05376762930201097,0.8538165609061199,0.0848589685628966,0.09992356625703681,0.058155270261967706,0.06873032817398916,0.08794460311496138,0.05256993350004775,0.1838820928822357,0.2004932707740973,0.32800095111061683,0.051000617070659816,0.1186499906671657
U_4837,0.2530872527230281,0.23569382839862202,0.6923199957583058,0.050575711874546965,0.039670001904809654,0.18086462859387373,0.06416182972078002,0.0933200445356408,0.03440016560540663,0.06523538151187831,0.047421163222305655,0.045670419134539064,0.12684882785697038,0.5563130527110771,0.581969902098236,0.45624422274093246,0.11983789182340436
U_4838,0.5676672711328791,0.16176740147991264,0.5942076882665466,0.05068522589899534,0.059206280323068315,0.22520351710167433,0.14458846514487977,0.1166765083940244,0.05529407799641681,0.05286985051079591,0.04361502813997571,0.4769616065735123,0.14590098192879747,0.1387036930979331,0.24147721275519773,0.051831244710048435,0.4226865953435805
U_4839,0.2548070291355009,0.5302945890275319,0.2129659848214097,0.04411889041564801,0.03872137686855925,0.16623054622017802,0.04788737010030737,0.44481393737834546,0.027134914775924612,0.047882764285534014,0.04052587402028869,0.03847357366296949,0.11233350994370453,0.9002579400815517,0.5540319249120296,0.029842742200444246,0.1493352852955368
U_4840,0.21102400065851645,0.4473570411401545,0.6284470243386743,0.030750099525355613,0.1974853391011045,0.1312884107409413,0.13231682283109716,0.08995493753700157,0.019945251904761787,0.050337908317483436,0.04255833772820594,0.039987314681786096,0.11786812765238748,0.3744552786024694,0.6212599905447603,0.13194683200416385,0.08802063551076045
U_4841,0.344932771557796,0.29765378681408694,0.29352041355171427,0.060994253158611865,0.05382839334129319,0.8570506158504003,0.07771480034909602,0.1009875198008966,0.06270304961107671,0.054364487996575284,0.08318701343392935,0.07323731947134404,0.23790113618042175,0.18426524950025158,0.33807319226872945,0.043158691979890654,0.12955809093725082
U_4842,0.03808867606538362,0.02897259614097143,0.5242245056417223,0.062462547024265805,0.438181988360707,0.12145875853951132,0.5757373616068306,0.14979040981527492,0.3701804985673775,0.1432045909743905,0.13175430414986405,0.1925553216334574,0.10784180821897794,0.12757392404243073,0.05146288817747573,0.3500202228213431,0.16587353386289572
U_4843,0.3393690367519516,0.329983751286717,0.3532663095197023,0.045554851260304716,0.042593320842605274,0.23429809796923856,0.06508500284901003,0.6084062421049873,0.04901550991676476,0.06696783423134776,0.06562876020620237,0.08296042056410505,0.12173222172705048,0.19814630286639429,0.2955936460329792,0.0369031270745527,0.6272610004067656
U_4844,0.3048665206047596,0.17971518024432984,0.2949966925898212,0.07573987427115798,0.07858116102312257,0.23979059284499377,0.1574359578017138,0.12351414752970263,0.7424961309565199,0.05201918068190119,0.057147052535241126,0.05873497030405048,0.1443241779515514,0.18128571292594423,0.20697091328800357,0.03298946098399701,0.6465608955400328
U_4845,0.25268578766024125,0.20749006867459066,0.3010637930674387,0.09490612781354507,0.09805187349334273,0.27088004987241215,0.1561589658450766,0.15375967221470666,0.135528332249661,0.14004788585938838,0.13353146723090292,0.8096333308979844,0.20763135031880545,0.20998860342938644,0.13717717968794366,0.03279921920406124,0.18719438255103152
U_4846,0.2586436457323844,0.9472158523497254,0.20118970993467902,0.034948504627910215,0.03896332843618672,0.2324430113029566,0.08666245576102434,0.1120509851508841,0.04413645400221277,0.06169231162683766,0.04416555206940804,0.054966043698870364,0.11752311593354231,0.14455266966002778,0.12621841832580807,0.21801016240889606,0.42129382161638135
U_4847,0.0986684706250152,0.1307740571836418,0.16028284808337362,0.15020076665938484,0.18621355631327918,0.1460456558773739,0.1198097477829812,0.1973919985825647,0.06330697039839597,0.11266123044501865,0.07987137764288144,0.08515732244860585,0.11232451778914429,0.20888239260860364,0.2010657768427468,0.7141502821320902,0.34924507622357936
U_4848,0.2717539624327296,0.6923983170796533,0.2685133465260171,0.03608452500620639,0.053294505082185355,0.15516931125147757,0.08570445075009149,0.3423561218193491,0.23818988808569797,0.08871323483390516,0.08032376936378609,0.09094948465770317,0.12346910280887051,0.18362827535456705,0.2529788155339265,0.03464513829006862,0.11700836591869089
U_4849,0.3572475898622633,0.08326662187063796,0.8244879038438766,0.08794531552525973,0.12114511347104731,0.10917152812305032,0.13887627859045204,0.1048951799564958,0.10806727524166966,0.13132019000283757,0.11979425360215984,0.49723177482064024,0.07249466969655417,0.09411732007790302,0.03576671163771197,0.16774817806148873,0.11686981008407085
U_4850,0.23399895023328945,0.3302010609144207,0.45753642268731937,0.1324435069043572,0.18967348596066536,0.39165159679471445,0.23215265454452616,0.23484098718700092,0.35546086412209016,0.11541407976120881,0.1012680617285368,0.121775325397125,0.27512350364795896,0.2983673003142048,0.17931656902636103,0.04618078127669268,0.2531463717165457
U_4851,0.3130969868599777,0.2510479173607243,0.6059470655123341,0.038148043270741026,0.03889051229614558,0.16239918431920436,0.06642783715186144,0.09355131897950768,0.7791062217890166,0.05886343984272423,0.055340278713249556,0.0838170064698133,0.1585816113856921,0.16623800509991382,0.2768493930712953,0.03902830555027937,0.1378609579561037
U_4852,0.28297241426984426,0.29272117746308185,0.21025415535682385,0.05555542337733464,0.06223711086646148,0.29722069983220384,0.5381721045341414,0.6774958853126098,0.05372231522719319,0.060802814538096196,0.06179258508791438,0.09206877943538877,0.1270259590096123,0.17218921279204175,0.2631459271506964,0.043130886646694344,0.20848558665553565
U_4853,0.17929846079184483,0.21752242884719006,0.1892837913138784,0.06670046911938196,0.06705246242405716,0.9742738166068027,0.2756991005820852,0.4417215899220153,0.11033477373732044,0.08982590188097254,0.10190794426793931,0.08326723170756285,0.15306463916011012,0.17423330172569004,0.07959724489932843,0.03855658659386771,0.1510785087754641
U_4854,0.2508677444685743,0.2003317721655489,0.19747876667634773,0.035064387112485974,0.02624993747423851,0.5460809884462703,0.04925662536845398,0.3496604803906421,0.027925325754977498,0.05211358119473106,0.042890270410084794,0.04081554008081193,0.10553797049371108,0.8474509220495863,0.6926736311416483,0.028226068195871493,0.126422771630877
U_4855,0.24501193775324898,0.2553314941005109,0.24473855337265224,0.048556113764983554,0.04862337842448072,0.9225852685676842,0.07149419287665518,0.4066976222020658,0.034023496069344475,0.06033579551837676,0.051214602053599775,0.06451029398957245,0.1018289239027471,0.1511129033972105,0.23016584969941167,0.027781911463390416,0.3490402079073855
U_4856,0.022811201659178083,0.13420477045013576,0.10685582565228724,0.06610765735914029,0.07797660155382546,0.10844553348798146,0.1613418382195052,0.10866195175895205,0.9038448582283553,0.18375573852194413,0.07259784979528648,0.5388512011648056,0.15452713933469725,0.1422152587161121,0.04898245038985406,0.28349526048390045,0.1261796264681145
U_4857,0.255434130267139,0.08255466499884984,0.4113109191597307,0.06062769183181292,0.09756711789159024,0.1939508251311622,0.12335811386408413,0.10287734599576764,0.5660843324305098,0.10295693815815322,0.10315126337758165,0.7560257842566293,0.1081515611878328,0.10057162516955782,0.08731115467012798,0.04059258583652338,0.12075177243888727
U_4858,0.23399289883562185,0.21461588641311224,0.22996139429460166,0.05384123039448655,0.053837284247843786,0.19964059646208446,0.09394525813008806,0.12644166150104663,0.14614931919409702,0.3645940117127357,0.054062273710251865,0.7702546846903353,0.10840138870597307,0.142739817371634,0.0998144085771312,0.03306263420587304,0.6577506632774898
U_4859,0.32708794130827235,0.3152835227622179,0.2835171055556899,0.041700106228379316,0.05253667947731354,0.17569690103822477,0.07340698196323137,0.12131754084070219,0.765763092204168,0.08209556409715008,0.06059094828120638,0.06675184957916404,0.1647151623295095,0.18934421142241117,0.28710133151718575,0.06688801942390608,0.17011005803651275
U_4860,0.09855338348838248,0.49442001932564483,0.17885717793008252,0.04194282858617791,0.05349583405202353,0.7523753305569674,0.2433045506001158,0.09774679822391368,0.25867295671253043,0.09376354557439591,0.05738192464112371,0.13505385859724225,0.12672468671913184,0.12777823528117122,0.0810810480714955,0.08552261486249489,0.11149975147385174
U_4861,0.09577288275556228,0.18071369096962261,0.19466929649726705,0.09594687286546219,0.11533838579519609,0.18726126412920108,0.18245499022745912,0.17073238233615862,0.2311449045654997,0.815868414854823,0.08595106571287453,0.45171767993699874,0.17176870997784172,0.16945280638649868,0.07303186223634672,0.03513500819715818,0.15177774234497635
U_4862,0.08112112034748142,0.1524154477174487,0.7861142874464824,0.09875431061483192,0.13973035570109432,0.21241430790570356,0.20639186321302153,0.18041952184600202,0.19082046180156337,0.09327044955917671,0.09516545316216127,0.6379804262626707,0.21174771611224247,0.21158186980671181,0.10178073991066398,0.037872254022201894,0.15448602500536676
U_4863,0.2519384459478826,0.5398627867823679,0.2061280010848877,0.04075077648578517,0.12558609104585808,0.10418919312298282,0.31681677130731967,0.09045827306794404,0.03418406735605142,0.06733144347493235,0.05529207512971982,0.03715155183749681,0.10380689086225628,0.5053966912307952,0.8660830821342259,0.016343806289423064,0.09226234478482509
U_4864,0.4187623826464368,0.31142907163141575,0.293258517842902,0.06920593241695273,0.06637224112679947,0.7631305503269228,0.07123696170096153,0.10077710610799562,0.0582152900893689,0.07790717689518534,0.06605112117131784,0.07265521537445331,0.177444130673519,0.18469826923026691,0.3032615143527502,0.03632523448334558,0.14642717518468285
U_4865,0.3040384547551861,0.430212947599823,0.28162672575984965,0.0390218049239427,0.31236153550588636,0.46316260306957424,0.051670420306382345,0.09019845616115658,0.3907036565444412,0.17731825561696288,0.050483039933621125,0.042483751382070355,0.12434701611175221,0.8913256690466381,0.4616561538830798,0.030656174281540313,0.11728185929197324
U_4866,0.4467236437458942,0.8883053576645586,0.24724017384142083,0.04867660625736396,0.05745643835259583,0.2085203512089064,0.08134133729490098,0.09346901210464909,0.04960796713835392,0.06283950444929026,0.057360622225799664,0.07312723857581643,0.16183729074241243,0.18229512178275614,0.3082415650824063,0.04661464914783265,0.14803658687009402
U_4867,0.26881086435647883,0.25161952393644393,0.7727670582001527,0.038201976772456764,0.40634179208301924,0.19736737027099047,0.2863192357643184,0.3144832285779182,0.0901473338647309,0.07366266220059157,0.07650252813248502,0.06544849728163533,0.14865248022555363,0.16364598234554004,0.19215021431866744,0.022916821938517785,0.12896817247767792
U_4868,0.5418546391948609,0.4360609418127328,0.5367983083701636,0.044532490767136335,0.049323103035920954,0.45260369357844465,0.09023621220166314,0.15506990916213745,0.049667409360394286,0.08186446693071756,0.0579705298000651,0.06288006630418928,0.1956718283771235,0.2515406852948043,0.5190094558607112,0.04238909289596738,0.24475589642752563
U_4869,0.07755574606534264,0.2951004299163312,0.21815413169680295,0.13821687353186726,0.23238783394387302,0.1954271155932223,0.13654519064957174,0.1867369293978451,0.1896406341242414,0.3391487381687755,0.32107039439907786,0.38969848840118343,0.23540755637781602,0.29575547780408235,0.10382622171746174,0.3075445766472843,0.2576427572195819
U_4870,0.2443174909660848,0.21844703078671213,0.26896039306073916,0.037163675821431506,0.0422530399918069,0.19340507109201557,0.3046278202223818,0.11207507832864519,0.03428077352824346,0.047158836764977424,0.049986114075854265,0.04078514216070652,0.13213278312180593,0.7817866310435947,0.6170636953260956,0.04059030425153224,0.1500237444515505
U_4871,0.11468473630953048,0.12682851958753033,0.4290996525785944,0.030361490132221888,0.15791578558010713,0.09641915969130488,0.34325337765783626,0.10136514431034689,0.7778890917794277,0.2012175476846796,0.046541585650572204,0.4653217654595217,0.14213715944499392,0.1266741778745542,0.05305146295591721,0.15409219437190477,0.10003361244482577
U_4872,0.5092192064678238,0.4318806390547464,0.4636668216419696,0.03289118736089724,0.04035876119937989,0.5640327660520739,0.0830448062364025,0.16572601807902163,0.04858324566332484,0.08428409027274772,0.05352654858140239,0.064146958336735,0.18432719293259567,0.25619736330586684,0.4607765841194789,0.06922790990792566,0.2204705485538243
U_4873,0.2058586431887695,0.2773637664590654,0.30145820084878466,0.049627091841396326,0.05713245635416012,0.25300478399451215,0.08554342488592133,0.124432964051901,0.11499650348354695,0.05331380951678454,0.06168566459638902,0.06889859826502463,0.15642016955426022,0.1725815329615658,0.11535508162871111,0.4985285452067043,0.8006270731329743
U_4874,0.24896069151625766,0.6237649111563186,0.17078257559884438,0.04817755852536194,0.04424491626579381,0.7462261307223548,0.06298436270274561,0.11377616744975745,0.055316321255306215,0.07059275827461695,0.055270931590145164,0.05267355481646116,0.13187447792562457,0.15703347916801727,0.22940955004674274,0.03144911876274269,0.7041878874677091
U_4875,0.27585799150486245,0.9057498966257099,0.2699954136744136,0.03352348425808544,0.034241036632785174,0.14868163315568989,0.07249553034472665,0.09271551068636441,0.33720225625688394,0.08407106355985736,0.0518870147943038,0.07060454223522641,0.14368913618502838,0.16370175619394434,0.22547023916349115,0.3292027472061285,0.11628976075600263
U_4876,0.058008453776494655,0.07211585685983257,0.12023473354866303,0.10701239778904643,0.38291212965248583,0.07199690113128186,0.49215334201583,0.14813711368835383,0.24032980777093932,0.06901216836823142,0.08115224602964961,0.14159013956169728,0.07602422326425637,0.12773005507440838,0.06392221171903145,0.9350032267427082,0.14232502896622082
U_4877,0.045559372760923915,0.08819095099826536,0.13041917121213736,0.14107304020384892,0.22408022001398184,0.12134502887881918,0.16955088547590566,0.1826146651404275,0.10768218298245863,0.20664367695412947,0.20020846781607254,0.17971181407718745,0.12345159960087297,0.17724956647609277,0.06885669821022135,0.6769208746123931,0.2544573761391913
U_4878,0.059835590855811,0.08794052224557912,0.09118398826692321,0.1002221233777607,0.13722280944418158,0.4622779554693524,0.09008221749932349,0.1394113411666916,0.03742998762474285,0.06534272298942712,0.05811673315984139,0.4032106212700625,0.08088221693472428,0.10670832577316322,0.10894332054471358,0.4832685248779836,0.7409112413339276
U_4879,0.37088677704767187,0.29996845788207693,0.7567648233875215,0.058816657005593624,0.052013609906430516,0.1561503342019054,0.0629610705892251,0.12115961921081772,0.06092174312059169,0.0777592952034487,0.0732336018869041,0.06206294421235333,0.14274462875891,0.28187966534121517,0.3050086354231495,0.052264787636214664,0.1440200402307375
U_4880,0.028563693539077215,0.04780686997852426,0.0888897848739551,0.08176175520383804,0.1343336049782796,0.16388827351883326,0.6220369541698763,0.39992978944287516,0.3914417893071108,0.20685878610417383,0.20193402154870282,0.20216224425101936,0.11794835787590738,0.13084384251437056,0.051812699591363726,0.35304495305478506,0.11851991590758781
U_4881,0.06268336258078117,0.17037172310862142,0.2123941041655647,0.11025272005184993,0.1497699669945059,0.2382615505442667,0.20594875313756894,0.1727226195537313,0.24601122149394994,0.8315821572487205,0.10694866989216796,0.08933665244786465,0.2609722655630875,0.19527255645113029,0.10002804143920706,0.04670850393618137,0.16416923966704802
U_4882,0.3524726335325442,0.3363304014251005,0.3152883692150998,0.055492129904912285,0.05853259511047246,0.17463288236482588,0.7721705566764635,0.10446252240348215,0.06469729761342935,0.06780281856960685,0.06980738942661543,0.08264759811870948,0.1885795680164999,0.18421114406600173,0.2967551101954724,0.05210257047729138,0.15509482242209802
U_4883,0.16675939342044283,0.16384009174613617,0.4353890404043843,0.03393007284853674,0.02581087569661253,0.2731165013298705,0.12924697470971153,0.08645956430460139,0.053258402218130156,0.10960324817965757,0.03979396087417356,0.47543807289273826,0.09129033892278504,0.10067066458348532,0.09724739851459104,0.41707298933319636,0.8495852506281782
U_4884,0.2656951048533866,0.37799295297346946,0.3383524327176324,0.022258823295112994,0.34378413651383216,0.27961705653774305,0.07940345554088506,0.10320304650750912,0.168464703415905,0.45188606954921584,0.0783597357684781,0.28017658524746325,0.15703933078187216,0.19544919619386725,0.19185645358499653,0.14580588537383593,0.18612430046701617
U_4885,0.2098036008094998,0.1806670310910792,0.5712831514375888,0.07690486515932815,0.06686382253560685,1.0,0.1695519888961858,0.14768539715831236,0.07210189227660976,0.06771546078030936,0.06452815722495941,0.061264953500897924,0.155941414571214,0.15977192063686194,0.11794552063068366,0.038275836538386225,0.16000679457890785
U_4886,0.5329428865407402,0.4431080566541104,0.4842901705433683,0.05476204441730097,0.07372362377759706,0.2405160586165367,0.055283133881560205,0.14974884915245756,0.05191949696664037,0.09866663884582054,0.06283482793513478,0.07206118102103544,0.22296913204260047,0.2919590430049319,0.5426358962344188,0.04997464028853334,0.22321662963016906
U_4887,0.26520215482550047,0.2860598451951356,0.29840328134599287,0.04021101385606227,0.06718235967744975,0.18212960384755947,0.11455786133250874,0.11060883548659925,0.14762788394816884,0.06684790486928684,0.05665258797789105,0.08173616115877382,0.1431310554002703,0.20141091687346616,0.1548368711197555,0.5717285565887263,0.6876660786330605
U_4888,0.04729879211924353,0.04618637190949077,0.11374632353456449,0.07901380586902997,0.17810233912529613,0.08377105431497991,0.12006867527890991,0.5604020516433077,0.3462775075942571,0.2016030935791844,0.20561787529545603,0.26171185168974964,0.13393968285283306,0.19851770229004936,0.08281019091771136,0.334822683718431,0.21075317126714121
U_4889,0.3213799522990698,0.3362958036268914,0.32085082252748753,0.037942769980990464,0.04500427938654724,0.25372394826964006,0.8038523823619819,0.1418173779699523,0.04977890046339225,0.08634092419659391,0.0682694070675203,0.06335309367231232,0.14657314979374184,0.19968982335492672,0.3516843232482999,0.06310506776511352,0.19026776423259897
U_4890,0.23911482941303308,0.21489259126202112,0.3145842965550031,0.08371460634101718,0.08644527911985554,0.28530101026722343,0.12358397350464236,0.7919689577517528,0.048904658280854295,0.06246969566587757,0.08610865271536505,0.047172735977863034,0.13647438048781796,0.16533130912066224,0.16285046921439197,0.02849142321134858,0.6500938588461799
U_4891,0.037420241808824986,0.11965492640102741,0.2235586062210904,0.04082766093379851,0.18712096763909325,0.7479418506180671,0.11821563202497522,0.226110960350543,0.5829043870569539,0.31215734082821006,0.047278673784937254,0.3895991403507257,0.13827916026189468,0.12190454025603464,0.028877186561619965,0.09896499107115683,0.10022773059385749
U_4892,0.056729053016774486,0.035663679345705926,0.15203156665090714,0.0901970019279408,0.13938877180736126,0.05789485969759414,0.10730889934217838,0.5579282054171942,0.36238650695646396,0.13518055486100514,0.1347848076291186,0.8823566810921353,0.07074883773216162,0.10620675641644949,0.04826165470110261,0.29953875895794907,0.14858802680232838
U_4893,0.35388174853429266,0.254972729135289,0.3069028702207362,0.044257098297319906,0.033678327990714095,0.6047877773433528,0.3758771384399945,0.12799336840550257,0.036540556727210786,0.2804792375429392,0.056182325800352914,0.07285106603765583,0.15290723216722124,0.1624118568862425,0.260115160542242,0.23144844748341517,0.12240255723813143
U_4894,0.22165374270466912,0.17233358432987053,0.3136936922445032,0.0680288349161662,0.08263459278760447,0.5854014606366141,0.1636799275993574,0.12426361480068399,0.7045969914487199,0.06393484472741767,0.05607601823516001,0.1006434741889291,0.12513356379391427,0.1751507527537641,0.12376132327886216,0.03367995867434142,0.42446177676424857
U_4895,0.19546602633824053,0.19524701504971523,0.20507430164671694,0.03462134099996023,0.033706043507868946,0.8815232448237087,0.07850612999757774,0.10250623034793652,0.12221229391768988,0.05996978124071238,0.045560267971963,0.06287233062411143,0.12143710976362343,0.12915416661495488,0.11974220980769043,0.045746676732077725,0.6885094545177475
U_4896,0.08035352188826494,0.10200681413539822,0.17545904466789236,0.11545368937634304,0.12910530728608074,0.20984686954683746,0.20005579737488574,0.14394118025878272,0.8429289011744736,0.09943886113859242,0.08992296117683152,0.09156669938508681,0.15534963239916466,0.16614398672179956,0.09587486526884562,0.04951107660341472,0.15858931657312786
U_4897,0.210932443981679,0.2152865644220784,0.17805579654591971,0.03310234233280324,0.31996043850100053,0.8582353506051111,0.06552534974877708,0.09823406389190434,0.04528651119450077,0.05446954421126262,0.04476614726965491,0.07940364194855322,0.10863643667805803,0.15963079444962563,0.2357734601688582,0.3049335477125796,0.4154142625821173
U_4898,0.029898576780561792,0.07382991880766777,0.3995062287673849,0.10691585292220385,0.1452180234504176,0.12641764572253011,0.08599586966556136,0.1186858454463609,0.6253507926172529,0.13883295019223316,0.13474196345687586,0.5888435173638755,0.11292987674530953,0.14235721714886002,0.061428429768903864,0.4580882962150067,0.15721756121771252
U_4899,0.14614325624856953,0.16410557824782665,0.2443468586661273,0.08177501539229277,0.08973930860770851,0.8730636206397682,0.13112195517926467,0.12272580079952283,0.48330151876089383,0.07233885979870291,0.07441315960527753,0.05411427450782624,0.14510862766138294,0.13869388941036268,0.09719366978566753,0.03564803838220129,0.4714373378931042
U_4900,0.16765103468850462,0.22521140183294708,0.22488862818207814,0.07324770586731506,0.06494436941189037,0.271741120233182,0.14469539406195372,0.5986456657971921,0.12453252513677145,0.08204872990467843,0.07792319296587023,0.7576558027716949,0.1559272699144429,0.19537479869962704,0.2259720345555876,0.03533932163136188,0.13880997950299398
U_4901,0.21465438718299887,0.5225663221573674,0.24541317720462746,0.044018098912546315,0.0527169097705423,0.21210967132717978,0.21278807503626995,0.10599432599355368,0.45732140549494693,0.05467026279492757,0.04540876005858931,0.31234946511296646,0.12077350037051185,0.12914491452902305,0.22718018739619086,0.033249608187943806,0.6612883332422692
U_4902,0.23054872305254495,0.5933971276233269,0.2588308388344043,0.029826561506500475,0.2772831413006317,0.72206635976101,0.05027892323101396,0.09467254013149587,0.266953633797284,0.06187646101122097,0.04830726639870372,0.36675273696497157,0.13487194565934174,0.1493298627206344,0.25505607291259663,0.04114500873135955,0.0998529327745846
U_4903,0.1940961994992491,0.16235135622458938,0.24228360630456522,0.06719259011196715,0.0928318629574032,0.19932811848251986,0.185815837906256,0.1366243969841761,0.6012934577246659,0.511365473350807,0.05748250342172437,0.12467708189049333,0.12427545239841228,0.16769616448450275,0.08715723637818,0.054948544691106715,0.5418865668307861
U_4904,0.17747423309767613,0.20805609246128157,0.2022996507962642,0.03473596586486391,0.3666212764011406,0.7418054141858057,0.3457380969319218,0.10067980773343137,0.36186299036358804,0.056841407824594875,0.048952572058556985,0.08153194120968159,0.1151151111547096,0.15181373746501886,0.10144018043787462,0.04003309852460207,0.5425008326705278
U_4905,0.38281938768075374,0.3656032271866158,0.3242717953245246,0.04116759479725757,0.04327500004062653,0.20396156012922675,0.0747808020940704,0.10624197514599744,0.06168157231792798,0.07330419729592332,0.06796600939281516,0.07580092441381188,0.1735643539370607,0.19885631348640762,0.337042512380947,0.6513166339564954,0.16643289243128342
U_4906,0.05652578103979468,0.0844443223899909,0.14173080990907316,0.12842252553987207,0.21103142675810155,0.2582948400333064,0.14113446646209424,0.18228320885361432,0.13093367517072874,0.2139807890503106,0.2245472788154939,0.27545894150175,0.1867250423810717,0.24643253711544152,0.08512988782499376,0.4375381135346377,0.2788321841288331
U_4907,0.02836998275199882,0.08571083831742106,0.1012048768464424,0.0861603392622619,0.18811753183237062,0.14513861430350106,0.11703663302185724,0.13908932004873245,0.057534913697797535,0.23025432342336313,0.23306119247781792,0.21644077826326913,0.13039205300370135,0.13987003012526067,0.0710921094247175,0.9401222541812413,0.18133071838406228
U_4908,0.047295052392056246,0.06067288037395308,0.08234200321292161,0.11238672644349834,0.1812090080677727,0.21250695426231764,0.12805929414754572,0.15725753568712142,0.583322116080926,0.28630556745762115,0.25013557956531624,0.23273413272552276,0.13821283087400604,0.187012174269053,0.07816692618783498,0.5224851075926392,0.2139536488633882
U_4909,0.21402271432499761,0.3525578773344473,0.22390118211730164,0.02903189160594861,0.03163886146096034,0.7058229590235389,0.06840260703721783,0.25826410450795706,0.04131298206481466,0.0469376433403585,0.041385506935271654,0.5795432581029228,0.143369205605493,0.13939377706633882,0.24970883007960346,0.026465300024328488,0.6049946912652678
U_4910,0.03518295088148385,0.1018060908596189,0.07546994188612947,0.1408757116659649,0.19493532757287105,0.11397215832249821,0.11373363077130068,0.13647046908888533,0.09503209553405971,0.20002301007376985,0.26629731310823773,0.9350190512741446,0.11443182918543542,0.17683713357516762,0.07134959065611855,0.3511261450926719,0.17936121414625228
U_4911,0.2858439288758392,0.23891812665499376,0.2386556381670913,0.050016019635201844,0.04333115087230223,0.48576434185274436,0.06475498089140794,0.10179381507414889,0.5350249507862954,0.3399643679644463,0.06291616709736435,0.05012467597305759,0.1411298769591264,0.1450755056577724,0.22750736062865737,0.019304054560197695,0.5702191553760321
U_4912,0.2107708418139319,0.9223770842027351,0.22773191265323023,0.029400395204754716,0.03235327857893325,0.14633979164707295,0.04901525971034806,0.3750696866817646,0.043443890887036964,0.05827095394174881,0.044250322558305,0.4422724059092516,0.12826726546788372,0.16201418397607592,0.2294071888229755,0.18110025915533062,0.09719234180010393
U_4913,0.48571648493666825,0.34124007671493223,0.3583326488103412,0.04323735854225865,0.03540037690799688,0.24312767518998976,0.08004289774738697,0.13842931959769672,0.18032963094496599,0.08821594278521634,0.07048833210587498,0.10619701740023484,0.20873672394503703,0.2257459872146516,0.3782572509192528,0.09404703929383475,0.17533232533029502
U_4914,0.31180656002953044,0.2884131769710205,0.30887335692342804,0.030178845966766354,0.05412425028144097,0.2380272017805565,0.08179434731958549,0.09936709971237166,0.036583896331666754,0.06464931932535495,0.05264823153198747,0.08004889948949576,0.15841352257584732,0.20304431774690948,0.30878660297228355,0.5762133104329599,0.6362078376319162
U_4915,0.08254503012813273,0.41024724643563604,0.21796588150248347,0.10212837086039991,0.15812676605213838,0.42164947394066166,0.19106613199101635,0.19744680756127528,0.292951642598256,0.11559113664237022,0.12673556934471236,0.09918304241666417,0.30847574270578876,0.26615377871238544,0.1305100914253658,0.05234360002492281,0.33018880322537997
U_4916,0.060697373430905005,0.09712656257827149,0.1328784801187864,0.12687512167951193,0.1738413604787267,0.6271494906739377,0.11151615516556315,0.2320585889722654,0.05149516096382018,0.0831833176199431,0.07794872453370692,0.07143389640773633,0.10555166104533352,0.17699600266084997,0.36937466918152234,0.4047364358546255,0.20916211768058143
U_4917,0.033449648489922074,0.0565578054589083,0.6468392731357662,0.08382478672160967,0.15863364448994882,0.14055678326898707,0.10066698190095251,0.14376699489226047,0.0868939968339365,0.15307892960111366,0.1583578857765332,0.46927086591835154,0.08026247040646628,0.12297002384690382,0.04979304507602576,0.781715505759208,0.14427254374064602
U_4918,0.21001989702094284,0.16245924433223524,0.23192358829730828,0.05977992834991943,0.07076713345325741,0.2472375156976178,0.15363635304709763,0.1340164739959412,0.44139713150546017,0.5045755704517267,0.06091540670266546,0.06803794886014755,0.13543223218759642,0.14671916245919653,0.11631940927004407,0.04582377284388034,0.7774557857498092
U_4919,0.2938082992648527,0.24709508098425748,0.27161843502000504,0.04435636746921268,0.034614988073108074,0.11248941930131942,0.04108885436874764,0.08779437135439855,0.03427509823951966,0.25712542883436124,0.04718573611304644,0.035384137208344726,0.1268345795673882,0.830824013857838,0.5811725362422262,0.04546296432834108,0.18951697763096353
U_4920,0.061195327968537376,0.2687561371124054,0.28895117928697517,0.10626237149242701,0.15121706463327392,0.20354745508415265,0.27818607541951546,0.15685425371549605,0.3184193524910175,0.0870564071467206,0.10018372637997047,0.08247661682995958,0.2194246761720844,0.21724230781200782,0.08766487365556079,0.5638764819214277,0.17204517370896424
U_4921,0.2450315651472882,0.43984853722659784,0.5436161416016653,0.031369745627570306,0.032738491201152596,0.18958867440973348,0.06579018558752948,0.11243176807112937,0.5551348644104753,0.06885779548163902,0.0529801018347637,0.058849375537236834,0.1291466549077149,0.14143170882743272,0.22907663810915613,0.036231762121779275,0.7765659711762295
U_4922,0.3250640681159366,0.35182392097947157,0.30468946131904656,0.04778991262490545,0.04025038156922291,0.2565091823092888,0.07615561828731082,0.10603085960416754,0.7007933870476339,0.07398427566779879,0.07180869574255891,0.09258139479183788,0.18664545601531407,0.19733570975898793,0.31402460754389305,0.06235083483282439,0.17090437104207806
U_4923,0.3574087622897126,0.30401416998603586,0.32239128807476036,0.043366009002705264,0.039587839571677795,0.14453953024478178,0.07662969018532112,0.10144809873615843,0.05977470112455898,0.07330825406231056,0.07399086271948534,0.8687355958378722,0.18964152303341356,0.18674282491868205,0.27605517433037274,0.06229290607548765,0.15533089048904017
U_4924,0.03148244104491114,0.05859726291466338,0.8118685408062531,0.09649709559554107,0.1588902785046945,0.1725927181639463,0.12845590168644974,0.1538858218559981,0.11978745507410776,0.1829938168270716,0.1721380235334159,0.2916656063527397,0.13145142386892206,0.1468691526122931,0.061988739539368495,0.7792431007092503,0.15792145874306404
U_4925,0.3190268667398084,0.2818292517304226,0.818960571636874,0.04780767578298202,0.05247661042636085,0.24546591839310467,0.06817701199842705,0.10199567350359885,0.05875761587577418,0.07613446985547248,0.08282432536990512,0.053289205546613386,0.15062172932350013,0.18408262921437302,0.3630009998578274,0.05476184371451451,0.1576597201663363
U_4926,0.2272191807905826,0.28449788599079845,0.17678080302750096,0.04282276912616986,0.06662831824096553,0.22328822497278164,0.10565167447668664,0.13117473415605485,0.053592715802039496,0.06492356144720807,0.055842001960094194,0.0885723294729486,0.16396797883279454,0.2039431206677175,0.14702744622996727,0.5811422767357244,0.6962618412060019
U_4927,0.20299974671193563,0.2004079192533604,0.17048379124936994,0.03361796018513362,0.024768273751641944,0.6164480237648324,0.06998588804172823,0.11814721413760158,0.7109776240528566,0.061970119579454114,0.05008117314972594,0.06238441448049911,0.11965142234790134,0.13804369300124428,0.1292188594700649,0.23142110516870748,0.6706829742036069
U_4928,0.04111396166531108,0.04612073060445436,0.1644473500217479,0.08985209224845607,0.186297558676646,0.7329325175892828,0.12966411443095072,0.19721108844940574,0.09237106322005215,0.19800285952419588,0.1838600041800494,0.16208886278011206,0.11405431139381707,0.1364144648813041,0.05150252271729175,0.43817161815598515,0.18126237160403927
U_4929,0.3927179202571832,0.31484872027684596,0.30481901045047916,0.04775926983127371,0.0515987296943135,0.15660084268404004,0.05867379586686684,0.11484058158040178,0.7773591374353322,0.059424288900027204,0.06341986096831792,0.06805975817448025,0.1673102411935179,0.2046286725028826,0.3420319440687848,0.05013003783157647,0.14114295900411267
U_4930,0.2266791150169107,0.1977029305452654,0.5282885030878562,0.022564796014195487,0.022627561223161237,0.11268925387310112,0.04115799528075873,0.16372779026297113,0.15140468156226816,0.051202846564581656,0.0419063481663046,0.26411629795926367,0.10984302337597635,0.2980035655305284,0.8487097435742602,0.023673144932441336,0.1312574204505258
U_4931,0.03188221743967131,0.05477100318332449,0.16878378329650834,0.08729287702808688,0.1916118091630462,0.8271522219012021,0.13961784120750695,0.1657188637035184,0.12311459570171406,0.2502704036741393,0.24073656475654975,0.22739286299764164,0.1493036738400163,0.18277741420330176,0.05747645072228029,0.403937465159484,0.18596934872823312
U_4932,0.23128662795472993,0.20835341666567225,0.2127290195236315,0.03985651729133059,0.029652468985201127,0.17167107472899096,0.04267023482930356,0.07909181509497311,0.02832520938754974,0.036597527791204,0.034289730906658364,0.5865335980587248,0.12404449239464749,0.8582736899438788,0.4915963151898887,0.025664654640849965,0.15046470727008357
U_4933,0.1409139835782426,0.20714724398999154,0.3716717536616734,0.1452563877530162,0.1963659321548713,0.4140501527606675,0.24776613159906577,0.2689997112028028,0.36132128850956047,0.25231019246269787,0.252199318421532,0.16132474914059414,0.3175439396371056,0.3399225155315107,0.14377482218698182,0.07469225469817166,0.2359726212934552
U_4934,0.061307872487024094,0.1289199108717852,0.1313017075267875,0.1510063085693989,0.17418932781987245,0.1336589709815968,0.15199210508401237,0.16872289397468956,0.11764348496495575,0.677455994174537,0.09749913618986036,0.08468003621686798,0.1274698210287972,0.17658105085290238,0.11140865124886336,0.47933272539927646,0.18446327679173083
U_4935,0.06283770985365797,0.2270980455913508,0.2219624467440266,0.12091664869746782,0.13709507579862018,0.1868548439921485,0.2854990423009498,0.16352426198403716,0.24561741704104048,0.7002955478081241,0.09421031849892811,0.10195409002631572,0.2380095875651097,0.20693814952210401,0.1043534061863478,0.04558742759375922,0.1828125124292586
U_4936,0.3189390243422959,0.25570137427847683,0.31038782207896537,0.026398251894128685,0.033987611167137353,0.399732315198037,0.23886697091175457,0.09767946018657511,0.46140541050388256,0.06083016312409227,0.044300787090770066,0.2684640592517474,0.1282862175445288,0.1600954371899136,0.25333500896745537,0.41536637829992673,0.1487956644494047
U_4937,0.3521302015144039,0.31390125350625314,0.9546971503483271,0.05792630384306953,0.04796421854992191,0.15014147204870387,0.06727981356928953,0.11333106130879138,0.054580193137027284,0.07360247056530131,0.07764750489154428,0.07930269148619191,0.11937290719047973,0.18675650871749463,0.23789900338992018,0.04788753132990957,0.13265858248487353
U_4938,0.3201580126575067,0.23624602182047538,0.3181004645313766,0.07035715600820033,0.0650071640865019,0.24540062753063321,0.2090675219889692,0.15047506473122357,0.09044462982494661,0.06864148463946868,0.0469470538472212,0.12302624425672194,0.13328261140215517,0.17829051794042183,0.18005793469019468,0.6292102304747151,0.18741546246922647
U_4939,0.25167785243150764,0.22773940852879887,0.2726805431589944,0.045758652456865764,0.050624382463469585,0.183822978272919,0.10477952930504533,0.10002570425740882,0.0720170804685244,0.06460053127650506,0.050164190578936445,0.5010649692488579,0.1319447758413313,0.15390096854723206,0.21958300694809843,0.02237323989015426,0.8553721860280327
U_4940,0.29223211486019024,0.26136152110252087,0.8664635669824912,0.03689459768760446,0.039246697925839596,0.21204930592675508,0.06767473416922883,0.1151195916784809,0.053376477111962854,0.06279805674961408,0.05622038944730279,0.058617564224974904,0.1468715373401056,0.179003830094601,0.2313485635802189,0.03340218202649871,0.7522403108023958
U_4941,0.08447289166255251,0.9111924023429256,0.13940120742402715,0.11593920021659715,0.14839410873636977,0.28378618411142237,0.19816083803896212,0.14658062718783177,0.184322816701511,0.13642733879801563,0.14311200769831053,0.08328855989048042,0.26749367274313546,0.1997541794012942,0.09061471509091411,0.04499272165890247,0.1724188854822966
U_4942,0.17404744823676777,0.5847098327189271,0.22096126214271317,0.035697145068067294,0.054694746005937524,0.24177825027531338,0.09243346133545448,0.10744532426014998,0.7151934894980796,0.10226400209262047,0.09409058953694453,0.4476658293644604,0.1178692985765907,0.13864714240439263,0.09991042777510588,0.25193275690043,0.14067784024894653
U_4943,0.21703514133907423,0.6159588355011958,0.7202965401494147,0.06795678790249646,0.0729888515764944,0.24282715142323538,0.15532448738738558,0.1355619595863992,0.050307221602003994,0.05674613906844295,0.05606577046284863,0.29493416992761484,0.1353597645423946,0.15360459943780433,0.13784548668098023,0.02591291402737462,0.36006979365482755
U_4944,0.30906024385390407,0.253744118157846,0.26711173866036997,0.03926009244314567,0.0405339984591884,0.12280984960081276,0.04683275262059752,0.09300741264834626,0.4220177520104862,0.05088306244883424,0.05363454469877928,0.06799658803242417,0.1490070138068954,0.7916034619650024,0.5267378266308516,0.031181992226234176,0.15558471324583326
U_4945,0.29559492741330967,0.25565298862031377,0.8630001909485524,0.03638725915157984,0.34847063880854107,0.5938685581188717,0.06530487352283426,0.09495909422264961,0.058715945319348546,0.07073655905401253,0.053482612441711076,0.3667042402789875,0.1499195150836359,0.1662432135724221,0.21786905707359944,0.03981956874731335,0.09618002687412326
U_4946,0.08114667422921519,0.19964944303528068,0.8687366770170333,0.1024412576717492,0.1229635925932736,0.21106614475164015,0.16826108623655633,0.1558628443037974,0.22420235044507897,0.08636456275560728,0.0900813835746017,0.48012693109823945,0.17980891905811464,0.17883920250016083,0.07682230907137927,0.040652629465725315,0.17561252105090638
U_4947,0.07317935254111088,0.07264165496185046,0.6520781081851915,0.10527638765838032,0.1312512564063419,0.47531461463062136,0.11269521149869709,0.10568007557755185,0.17363022228875846,0.2316337727995682,0.2726571769964407,0.2747129037544494,0.05451040767942821,0.11570043673015555,0.05969157317543246,0.4758255713189231,0.12594502850222603
U_4948,0.19665073998077373,0.1898595967335585,0.23229093149278424,0.05043404571257679,0.4692023646183737,0.2562187228324994,0.13462761370325707,0.12444813300564994,0.7201804515433529,0.07222948957616811,0.07404684042856469,0.4890188469613984,0.15188838494386692,0.1538134771691259,0.09175806776729391,0.26884374238781766,0.15067085471672892
U_4949,0.3332381482282688,0.2633325515762062,0.695224322230104,0.049663348971308995,0.04885474494841616,0.1334367955478017,0.06364166044486086,0.09735033527238074,0.557445972983931,0.06524143708657903,0.06215419401659338,0.049262685091446795,0.12981268623011005,0.1767799846871978,0.5957746828691439,0.0339789227742722,0.118354373528558
U_4950,0.24267067757822855,0.868892376340725,0.3006101257205811,0.054475475115682764,0.03429115598829176,0.21342077230863749,0.06218597653178545,0.11714313041602607,0.0489934833664796,0.05139644324415582,0.06046719153329626,0.05030629978519378,0.1614598901506497,0.16713246961217737,0.24698554243803514,0.02619440649826885,0.6398432354515803
U_4951,0.22422037391817579,0.20486262544138437,0.2244361637749152,0.01762590625327654,0.033047957188669895,0.5404527188730577,0.0761379629495196,0.08770511858690656,0.3370348966186295,0.07113020120752783,0.05920338475191364,0.49701943379936153,0.12184879261238273,0.15437549578724244,0.25623260754346916,0.02482912080121945,0.6575408267856431
U_4952,0.12528208772216634,0.6567764160510541,0.6631128944460601,0.05239516517455853,0.25038282892688685,0.1428222951141782,0.1612852514305757,0.13520047405392857,0.06899254593246534,0.07839862078013282,0.06315665262356845,0.5630183825820393,0.15590386613572357,0.15620623998670155,0.05940995536937288,0.21286513600340357,0.1241409021290567
U_4953,0.04558163672968886,0.4086536755074573,0.18197244974182983,0.039792568336567385,0.2894196938803244,0.36561537283586354,0.39819633408781824,0.10443031103977829,0.1722427858538134,0.5405287430718025,0.06162043865181514,0.43747346211001253,0.14940945253956475,0.1406520499315755,0.06738830708610638,0.323202463329959,0.09530721178759682
U_4954,0.2270646490773779,0.21160596730076547,0.18873715126301732,0.03417448150758011,0.17564123965273498,0.46160171487616775,0.07317178110264545,0.12014437380581569,0.7370052014882911,0.3164737499391836,0.0716327885215416,0.2767722700028383,0.14588305909300014,0.16036162737489967,0.10058779480475002,0.02553704760861096,0.12367704762034418
U_4955,0.027666285323144107,0.03451246442706307,0.15256342753982693,0.0804029636849641,0.12865314211360518,0.10829143653533861,0.10645493254225853,0.35103855601757766,0.2892017463167338,0.1516470240124207,0.16480386595896598,0.8650356906333386,0.07663943761967229,0.12655540045724661,0.03688823142416691,0.25193633789797204,0.14449366892357313
U_4956,0.11465629392085071,0.24185339577511633,0.1263640117145872,0.04743427921929677,0.25400815426022466,0.20582187556101245,0.14045622548267914,0.1347404628563272,0.481091712636757,0.07667296959379505,0.0829104009853668,0.4389161211016406,0.16369495905833656,0.17082542321698363,0.07650616392748641,0.4138768293893832,0.16023815245396045
U_4957,0.08686506562037094,0.4469054372022215,0.3202691553944907,0.1009456707764788,0.13656402147783922,0.36614220537922104,0.20309067460744884,0.19554494484911544,0.3658750263080109,0.09973462304542606,0.11164826981000778,0.10547666853450652,0.2949104110412587,0.26200830800432895,0.1275924626629669,0.05158159527573531,0.2741743499010497
U_4958,0.3266072454868759,0.40508341876060566,0.28470470207719567,0.054726116349637186,0.05304210786154465,0.21055293231524683,0.07143227819570529,0.13174635727789447,0.05747845191538268,0.7357752142687128,0.0724683958139325,0.06665585322802076,0.15093151540825553,0.19776864653080456,0.35945816619914717,0.04441270445320844,0.14417564665178156
U_4959,0.1817621934265878,0.1118417545337569,0.7208321277563037,0.06889258064676936,0.0876616164287141,0.253982345482138,0.14758128049602112,0.3527176231488784,0.13166375789968943,0.5333420387916871,0.10042514794897633,0.09355571272108258,0.15709836626433316,0.17075426137604255,0.08982973786521732,0.030989051204907848,0.1649210102418267
U_4960,0.17560970540238033,0.19555128426716012,0.2185584695088274,0.03855617312515632,0.05898241410280581,0.19544589419638927,0.08074937292157683,0.3257216885590456,0.8435674196001739,0.10034016206734851,0.09810154262772283,0.08417132473395052,0.16460129836638043,0.16419648534194528,0.14998034398945095,0.03785500638796538,0.12697274822067994
U_4961,0.3116892288343886,0.25338896845726766,0.2757555657769577,0.04601036566977973,0.03526224551720039,0.11337534598788114,0.040239921865097776,0.09108936620303104,0.038183074792360175,0.04266119535917865,0.04771734029638724,0.38098500320729567,0.12788803671808846,0.7009120697692506,0.6667345976217669,0.03945368987915998,0.18402635145303659
U_4962,0.29034254733886755,1.0,0.2876580997699939,0.04527173987094553,0.03950321418874562,0.2872268994296625,0.0801118775835912,0.12666195584329448,0.06171191023331272,0.0731835286641803,0.06642110692773429,0.07015615823647073,0.15970984351201492,0.18853583232829843,0.2606410841527867,0.03942467220784333,0.16795158224142154
U_4963,0.039382586648005584,0.04314447954789239,0.10710502422831007,0.07367073906982644,0.16689962605951486,0.15264767929588416,0.13333310233911497,0.15733731279974406,0.7218586145463886,0.19391096900173568,0.18847410049731306,0.19199249831992798,0.11941994770164509,0.15964075338821687,0.061972666608984955,0.30474605307328195,0.21588402471237647
U_4964,0.30800031908311665,0.24757444581953175,0.3073263082504373,0.03535080684178587,0.45163501257473965,0.6725829087124489,0.0767721533268919,0.1156078700031137,0.07358470039210072,0.5224888002096229,0.06214463774813746,0.07171542318035001,0.1381646469827223,0.17921595016838215,0.2826249828827963,0.03745613357854351,0.1393147277797842
U_4965,0.3976552878322682,0.39283719401270184,0.45539855898804443,0.10347674147964636,0.1026100389028041,0.49101950973504027,0.260520128740072,0.21695228575791395,0.08211202623084646,0.10205260093045898,0.07604051897184641,0.09829465959676181,0.27190656297946925,0.297871720314588,0.23484035720807836,0.05374769731353948,0.28744137718286183
U_4966,0.24798717495952446,0.1938869710170531,0.5209681606910535,0.03113114210122145,0.16336799283472636,0.11388922764478743,0.19041551875132998,0.07999685849619698,0.03133537022537722,0.1593780620339629,0.045188669744255734,0.04113564514018134,0.10305389452173884,0.13701539356768877,0.8673430099350334,0.23147875494029296,0.09059518820037199
U_4967,0.4131006543002049,0.2960104166545695,0.3139593468570537,0.05988371212067852,0.05535759056378241,0.29850546403090517,0.8112558210901496,0.10702576641796542,0.06075833697108055,0.07559808154924472,0.06359200766106483,0.07532468099251319,0.17464028741967932,0.1716043190586438,0.32123203175413084,0.034038205016581086,0.16851910749512905
U_4968,0.36095097752747574,0.32664395968007987,0.3483130392463122,0.05912139434101219,0.07244110039052891,0.17762408368878638,0.6655979280516077,0.12470075895655668,0.06498871352481649,0.07931538605533556,0.08482902453744597,0.05848897412371707,0.1442983539990586,0.20900456340490078,0.3560977707411094,0.060705626112925584,0.13818603019181086
U_4969,0.04819918625351576,0.07816776825696437,0.1959639538406629,0.04107010826524478,0.04618724325758101,0.3953061377303323,0.33361766556995476,0.1122632880744149,0.5116763185703752,0.23392865015062683,0.07795388727725722,0.3683476725261388,0.17372370276741333,0.16284873275297937,0.07039375566978658,0.20816727166829166,0.1251474002565127
U_4970,0.22038078219953636,0.2062001833132749,0.21408594800020875,0.06363742251797717,0.3891942459569386,1.0,0.08925995395703008,0.11734347185425628,0.046785972589209475,0.058054723497455045,0.04480162225885368,0.33163252675605887,0.14390242914255552,0.14742101794546517,0.16785718420755724,0.02656732420134073,0.12557748719865794
U_4971,0.19054013347431828,0.27317897424175425,0.24173161847336472,0.048651601950545666,0.10857733063352214,0.6743438108027053,0.08388409833424729,0.12836749254704372,0.805855928673588,0.12050082932645616,0.11385227726743125,0.07244107831458656,0.19626205933763927,0.16047423796661348,0.11550459960224875,0.04095037346649313,0.14986704864658693
U_4972,0.03832987694828802,0.0491283472158014,0.09229424203107646,0.08167122707555517,0.1330415114135693,0.8637907357881744,0.6644841489476343,0.13963416031302825,0.1062979703063142,0.15074013940924447,0.15787610297839968,0.24953002182119105,0.15040632940301737,0.16122119170243798,0.05009669862008984,0.24237511907026965,0.1359250784787138
U_4973,0.022659023919640663,0.07784138752335913,0.0812833371150133,0.1013505011531676,0.17704724157292598,0.14384169098879482,0.5510612757981155,0.1295770242619518,0.09587546295317773,0.1655101679139388,0.17573518668532798,0.21038678524591403,0.1252179296467959,0.14567220949981724,0.07282193792914043,0.9642315502527715,0.1782885854679527
U_4974,0.30092290162241747,0.2877743367946822,0.30225178747686193,0.04911635259262434,0.06116374369266346,0.26482033133892546,0.08333828188358146,0.13082338009425387,0.8431131552940324,0.08763231637191607,0.0703831687141331,0.10763808859793082,0.15726082934748786,0.17961474231069732,0.1570472556731488,0.061770262479222765,0.19172223141359007
U_4975,0.3230832086263996,0.6958746160220112,0.24976971682116678,0.040375980183422235,0.053292616416520916,0.1334624526155797,0.06138823318990549,0.09997130548535144,0.041104296160504206,0.06372902019188134,0.05206572230957977,0.050015440236549455,0.14565724342241168,0.1768358860652729,0.5628331796345237,0.5067144863858422,0.1166089607156029
U_4976,0.3712153310846506,0.3218834694354048,0.3133247818250949,0.05565794405632176,0.057731317210686146,0.1674799965822186,0.08300088459302093,0.10092339589018526,0.7559297360420015,0.05323359230411222,0.08776561240397751,0.09186028206274544,0.21139835663301393,0.191650708566341,0.33132424675506095,0.05215443329684172,0.11095916430897873
U_4977,0.22800911474812705,0.21429702347175192,0.22185554742335778,0.039210305482353366,0.0390900111034512,0.14846166121488705,0.40068790094136386,0.08887324244521903,0.02706801749432515,0.18509819541086572,0.044974456226241466,0.05956606416720537,0.10803579410038651,0.9029442485168572,0.4887727364883804,0.0312667507685153,0.1389560687242769
U_4978,0.2864328780212315,0.3015628295623317,0.2933796004217269,0.04905153631948638,0.05255113659489788,0.2576196854753552,0.08533797763337594,0.08815661639008421,0.7612827269864811,0.06605147572304701,0.08085146348036415,0.07629948799389573,0.21674931234194675,0.20670226750685555,0.3281760067107279,0.06092201694017297,0.12326301511819156
U_4979,0.03281067243404876,0.1236818388767987,0.64609465775632,0.05425519990950833,0.3734643947623576,0.10319977964478262,0.11735291130698214,0.08585671997540756,0.797610236807993,0.12835510710232179,0.06611068798121171,0.5429024784406989,0.14014264239603283,0.13449930956618553,0.05569313276990467,0.008350188795414886,0.10044013389549107
U_4980,0.18545089086488573,0.9424909649921264,0.20826601039988854,0.04138588839152097,0.053164083655917564,0.15895110699266643,0.10705176197479334,0.1109090091807793,0.14440354540740527,0.08961220167690093,0.08528616643733856,0.06082685173855765,0.1450386088330901,0.1638411114161444,0.05975401969085908,0.23085334560598597,0.13370407061760609
U_4981,0.3101305662256664,1.0,0.24528326983401114,0.04755973527037797,0.04573163459283758,0.24385539844322554,0.07545276241914231,0.08540995276514025,0.0597253388844196,0.059702249806427035,0.059612901621475325,0.06810921330190983,0.15945224723426937,0.17490028334875454,0.30474626471617466,0.044035064650986694,0.15272344642931093
U_4982,0.03421235613146493,0.05084873105742306,0.16795889861093866,0.10617928580114183,0.1728451125392057,0.7140020974520821,0.1261772030865239,0.1601256495288202,0.6151940057204438,0.19616605849008473,0.20078068587497874,0.2745763790488189,0.14231404850297846,0.1575426556157373,0.07242022333388243,0.33325698580058977,0.16104643729098442
U_4983,0.07237049361301312,0.08572663971296388,0.17606226872155184,0.06615808836100703,0.09662060930814347,0.7272528936426073,0.48949174547832225,0.12188926210628641,0.33969419266640016,0.05975764194537036,0.08412822397223396,0.637006891402915,0.1503827002108947,0.1349396602426656,0.07013959497873612,0.017477839748509257,0.10587551390680199
U_4984,0.2709210905976103,0.22714870216495722,0.23673626432180084,0.036644295203573735,0.03872648134462704,0.1348368347754536,0.26047889741077834,0.09391405610540067,0.048470949295877135,0.07338576657106703,0.058539928151389496,0.9050201853836948,0.1343015081671281,0.15321031891293269,0.24238994110148585,0.03308115039515178,0.11005551013306472
U_4985,0.12287826275898461,0.2166998404756944,0.2256695881728278,0.05356250295208641,0.53453873777181,0.7939833548531083,0.1046070231839331,0.11490098804445192,0.757765383438534,0.05531607994509673,0.06716365911918061,0.06472839762914846,0.14909872474810232,0.15421692335551662,0.08483637925376182,0.03944196145491765,0.1375855742184414
U_4986,0.2273471381675437,0.39122716342653086,0.8266416679692437,0.04550649323564157,0.03570868196740268,0.18176361049930942,0.05058574855779859,0.08217917849278197,0.2728174213020041,0.1773689435347886,0.04499582316335457,0.05671326963938876,0.11170641149078048,0.7121345807546602,0.5987813840780406,0.01646106623533934,0.0900277377935349
U_4987,0.259064867015922,0.5946673470910263,0.23873148123326093,0.018122211621354512,0.029673425858912254,0.23324952612225242,0.11995103939165737,0.06504885639500403,0.6057463433078522,0.06455056063313983,0.06237023297172942,0.6869041463635346,0.11512412447039994,0.14517969873336087,0.3293471832932683,0.3112653879808988,0.12322836098414824
U_4988,0.2115461651230274,0.8568874323217102,0.2561419283425545,0.08469105412599372,0.06693118005860865,0.2712279634209021,0.10993947330854544,0.12866664687593388,0.04608897116447783,0.05408025943680265,0.06703880780783343,0.05354564319944971,0.16711126864383763,0.17013692289073012,0.14220563768192562,0.02762288167789172,0.6805329444814785
U_4989,0.2816226731685889,0.23878936341993307,0.2583734140164988,0.04269190467821347,0.040505925040808945,0.1114158779172611,0.04247442871282858,0.09667881025404061,0.036852045033679864,0.3018791107475326,0.05083947901796592,0.060934910930067775,0.10737823870063602,0.7460998365435992,0.6610751733572361,0.036469031230110464,0.14855921633023403
U_4990,0.03583872062040656,0.06366470181205847,0.10343329421173157,0.10799706849667098,0.17366504289969603,0.15099163284633035,0.16424295374953643,0.15180105611159372,0.1185632831654076,0.18541217351281253,0.19792705826140378,0.20193698362889562,0.1126231799845898,0.13946554813220208,0.0665830833617012,0.9573343487353415,0.1686870231067532
U_4991,0.2440916322912501,0.15158799117920352,0.2506950726907458,0.06433761197887225,0.06672508198036253,0.16453029546919706,0.38905822109922167,0.12601464910217453,0.08104006845879762,0.4308474767882902,0.05564130497673839,0.3822993375131085,0.12917217900298977,0.14865687524466342,0.13015425873148476,0.030253595045429252,0.8183484202736718
U_4992,0.25957823522967993,0.2407143254470043,0.3075055735848571,0.053359965894872116,0.06444533961732045,0.8538712236337825,0.11796934983342869,0.11787184575506324,0.137990488573755,0.06051147794038908,0.05784749495355631,0.11492058521404505,0.12285640216173245,0.1798220079940542,0.12777429636893128,0.03026310551231941,0.490136804179521
U_4993,0.3042156077203942,0.32662005315870685,0.31485190091605564,0.048945985619036264,0.06515711686618304,0.20988105669091092,0.08059477486861102,0.6962753149597436,0.03938177519501818,0.05731585454869045,0.05269966301503116,0.05036190949690335,0.13451231822352863,0.18014005516270373,0.30932482618529744,0.04013917030249174,0.6393521314613244
U_4994,0.23400692393111644,0.2568571334463351,0.2658700137228097,0.04752406234727674,0.0667764676839526,0.264865898931842,0.4299751218319112,0.12899715166671977,0.0789670983058558,0.07302053190070812,0.07669270906682013,0.06483409969805266,0.18931890534113538,0.16823745301058501,0.12758800920142035,0.7111591670496955,0.16376292704397277
U_4995,0.13094147352667648,0.27147530503984907,0.22448236654998938,0.08132927719656804,0.06979841408666959,0.22082855157336517,0.13584198903895325,0.15930466500696536,0.1115703031727964,0.06388946436291457,0.05012280918440268,0.4720042416457646,0.1524921829714358,0.17662095592581348,0.09915205549868619,0.5521566818651866,0.14835619103178
U_4996,0.020273127359465827,0.04481948251805752,0.08623029209970592,0.07704290321925857,0.1353270484997547,0.6427976149969168,0.30947161049726474,0.2242431646801993,0.5615392577805611,0.1777453288596912,0.19051450678581064,0.4606247967591296,0.10120063243108308,0.10922221604260203,0.036095735068648375,0.5170582928288616,0.12851453603029867
U_4997,0.36505100339554186,0.2497184229579902,0.29607301191677404,0.0370227710725619,0.04123973406049452,0.6242216321566778,0.07850180013921297,0.10424608960463824,0.0844698531551948,0.08629347825461214,0.06132261250278519,0.0615168634992188,0.1500387771556502,0.1794033328517559,0.32945347438031447,0.06203223563650889,0.15868031558383572
U_4998,0.00983164015350916,0.036104785501099225,0.37288303316077753,0.08016398411794204,0.23574442234456372,0.45084029091626543,0.08065079735464098,0.5030964881944943,0.08133096232825811,0.21956227088626618,0.13365805095069108,0.7880222655549108,0.10535758549710074,0.11249915028320631,0.04774774241162652,0.22456392693082847,0.11314938645366496
U_4999,0.06543971032024992,0.10694092152566334,0.3393550454823591,0.1036471255922569,0.24159308089449805,0.1938251838403447,0.14468017754651752,0.22128874371153914,0.16908226471066368,0.31333620929843115,0.29388012363064575,0.2442340868555691,0.14884654372737038,0.30198493833024603,0.07459956084956905,0.5406685953813094,0.28593444615856667
U_5000,0.05487153108666773,0.1114602858173976,0.10512523588842342,0.14326181687335046,0.172243182302544,0.6149406681426406,0.12270766182295287,0.1825841705245098,0.0807799472171004,0.09593765225040381,0.11164813303442193,0.5337426918439546,0.13023608617671317,0.2833068409232149,0.10819816237888154,0.399181690408235,0.1824940076802655
