user_id,M_001,M_002,M_003,M_004,M_005,M_006,M_007,M_008,M_009,M_010,M_011,M_012,M_013,M_014,M_015,M_016,M_017
U_4001,0.06790717517604883,0.08575298478812478,0.08540377715593299,0.12809602252398208,0.15483588366825413,0.09064016648011382,0.1111401895916972,0.15461415445584892,0.06005445413329477,0.08405121802535194,0.08088758435473432,0.0620578668492508,0.08803126421449413,0.13634836727534252,0.39573332224155117,0.941118304186763,0.18096654453310204
U_4002,0.07335356826934142,0.16711399826811368,0.16389259388226687,0.09048806222883947,0.105750023531958,0.17500833357142906,0.18261785596534844,0.1520012820789676,0.1706563386224198,0.12076621289040969,0.12231093471217475,0.8928105723364592,0.17373729122326045,0.17347186013013352,0.06515825825932486,0.02473815961575112,0.13765170642978788
U_4003,0.03053173457970866,0.0720632997088892,0.11378416287077886,0.1030959374581597,0.19936528711767437,0.16515712841657473,0.14964521081297927,0.1487765252511345,0.12556461514461312,0.22867076791231863,0.22685437058879582,0.8529906443376765,0.15289405102470657,0.18837795357117407,0.07009609858838411,0.3483109256155626,0.1836905141784801
U_4004,0.12910098089949018,0.22611092707974725,0.24933756675133845,0.08277202769269698,0.11284231621837179,0.8883315331700921,0.151974930154816,0.14518529085851614,0.15283567549697336,0.4449010698659878,0.09811265435120081,0.08812181609318374,0.18826089402504503,0.16756460235269424,0.094978323476862,0.0611221927459841,0.21251920431821514
U_4005,0.07400776786768846,0.12943035530495461,0.19621546911429089,0.10610872900810417,0.14547349576649618,0.21081075593465476,0.16247619988132264,0.18398801718924043,0.2462432662846688,0.7941019504985549,0.09728856501150719,0.6190479535911686,0.1888313123971289,0.19977740193329327,0.1130327030242659,0.04206455431294298,0.1585698760379243
U_4006,0.24123897372495326,0.18008550018335628,0.23586209505238864,0.019089419048807062,0.024768554462351218,0.6337022780197752,0.1987208472483061,0.21168659342415916,0.6279376290969101,0.05004988524456731,0.04137846400696339,0.7284397587418876,0.1404756391702603,0.13650602949111348,0.3594254151780854,0.02628142014438308,0.11838866321591648
U_4007,0.26967614013275015,0.2468964971503294,0.2573569436962204,0.054246591969841496,0.04960002714819445,0.22252989862970735,0.3058910855097145,0.100087269566432,0.2613908475068567,0.09038010344542563,0.052519206773099396,0.05651580019087406,0.12747495129594633,0.8203369808857699,0.31778653725176065,0.03182129358207386,0.12466474533651362
U_4008,0.2738790304694132,0.19249144875986413,0.19926989736786913,0.030502470851585417,0.019879650646094645,0.4817452159804116,0.030434185915893565,0.08303766069100091,0.020556369960596517,0.048250225145312915,0.04174130062553459,0.20313069298101052,0.08897143644704922,0.7099672445083856,0.9043950561955552,0.023672819477493275,0.1062249700387778
U_4009,0.2155595603145959,0.23536201815328825,0.2277743063897264,0.032731507322140925,0.27143497061633004,0.4270153016380735,0.07679973186525571,0.10943466333629155,0.06160336608590311,0.05607453719273313,0.055045558502548275,0.6950901806024774,0.13139288132808666,0.1557336157670553,0.26824448380462734,0.040522814686659615,0.4177979581997396
U_4010,0.029321622032750367,0.05951191716469484,0.0693562423209567,0.1038384849430354,0.17698255988213268,0.5781859823892048,0.12550464084841176,0.1478021238065409,0.11942416093012187,0.18363461710544565,0.17564962132479942,0.16854191402734547,0.1146114916616206,0.17322235834497174,0.046740480808834244,0.8573484373346956,0.17000682277766463
U_4011,0.1932237539739695,0.27446651377207354,0.5575782183197133,0.016920041963227238,0.0207419252603247,0.24937493599336824,0.022009179246390845,0.24606912201193962,0.4544618090032159,0.059807412077111766,0.03578980698081342,0.11586191358528161,0.10273420672507386,0.1302458881419311,0.2749494781086701,0.12898950574752485,0.10373260509215768
U_4012,0.2468961110095528,0.21492034042655395,0.7316318156553248,0.04912536701655053,0.16183329757951057,0.5768027960727498,0.05774241161069551,0.09849424747348823,0.02878421397113753,0.07170508223672649,0.055380179709273586,0.3033389587116918,0.11061081520513312,0.688651905674009,0.4740555037626451,0.022331170807378578,0.10769401844708891
U_4013,0.36235442122326866,0.3577057416719732,0.3170107088213105,0.03622057236587799,0.057412610719898234,0.18577318318300123,0.07553981447403658,0.10465846715965298,0.06709262447342362,0.06029404634091301,0.05823236535061719,0.06926856877174403,0.16962632491580484,0.20326944041168746,0.33367147408537523,0.04882573771688896,0.6754050877357392
U_4014,0.20392918984308414,0.17710217243709248,0.9873316163943422,0.04908873802186166,0.1787376214016708,0.22323760867993292,0.4877630549328675,0.11990734333394718,0.06711424776854143,0.05184964739941638,0.07335366628977366,0.06187516729620732,0.15526594361593554,0.12924752538399825,0.09887161141493593,0.013776821925634397,0.12977115345968665
U_4015,0.03663642327288715,0.051609972456451915,0.18662659943466908,0.09397985019454351,0.1647755840882376,0.18928643566009196,0.13519139665120714,0.16420346916427245,0.527180048185609,0.19126451363418967,0.1984541307120146,0.20635792069025088,0.13550705359927748,0.14036561384470125,0.07606515075979309,0.42007209732443884,0.18755956331994267
U_4016,0.2435383552810409,0.2437422311800388,0.26910440843961886,0.03698886514432331,0.05011351037104434,0.2794704949691184,0.06303594788132927,0.11950546967413345,0.04561060552032145,0.5703726342613655,0.05879812196155208,0.5621385915186647,0.1294561505053678,0.15375002867951232,0.24215599207697697,0.029921473364675204,0.5190773087722111
U_4017,0.35573618777795885,0.28614901377987,0.28326362894923207,0.04634904166946072,0.04539319039985457,0.9266061593332664,0.07837034931923476,0.09411798448156797,0.04255238081491873,0.04785804586153383,0.04939617467549215,0.06195369661725775,0.17828317010554062,0.18388386599519616,0.31825975645725507,0.04473417149220997,0.16435893195234744
U_4018,0.26081476692399685,0.23350514456484778,0.8413107597424299,0.045273928549171366,0.03935457681322587,0.22726958494903507,0.04920639115430852,0.09933975666301885,0.04684662174001758,0.055459828289951905,0.044242018499717824,0.07208057534897311,0.10596853465780277,0.6467421070446666,0.27276320813521215,0.04015158405099178,0.12375661326434043
U_4019,0.21483962996304248,0.7171766281814611,0.14221252001770512,0.034757723420578895,0.2838502294657807,0.2297341743347167,0.07219173113062768,0.11482875941518524,0.46769036729455526,0.070176406275376,0.045263325876438804,0.07955945001683767,0.1046570830992524,0.15926454937701062,0.09617752490513454,0.03502145917988771,0.7986483165264391
U_4020,0.09479712927488221,0.351757393479657,0.22111018373133176,0.02488192980659698,0.18291190398322593,0.1547032766278959,0.2482680821181673,0.11701097249465672,0.6648660362000747,0.0384502365613982,0.05058207599597304,0.22486465672803901,0.1281353047149443,0.13335019051598956,0.050697261787514325,0.12004906890584814,0.09248473238510793
U_4021,0.1709089917302073,0.6429599203778542,0.19684324428464212,0.07833871057534486,0.07728762790837225,0.25872099253192765,0.1845798371372066,0.14001138628171406,0.6960188532274911,0.07381252721392864,0.0664424544142243,0.30910228058529404,0.1675188721259938,0.16670005626472306,0.0926618654758948,0.040903030519106355,0.1429996137043097
U_4022,0.22442891517758198,0.19853950390202213,0.2064534433124033,0.02834051363153051,0.2527373553367089,0.6508524446391453,0.03692305103032716,0.08491040626536567,0.023252077951855445,0.049684752984455856,0.040185458431391596,0.03677825151411268,0.10226086101748096,0.7298218402354082,0.6597377539028721,0.023897208811945018,0.13175594101793886
U_4023,0.3259304065064448,0.27731596677497766,0.26882257359820727,0.043817299055538,0.0486450431929635,0.32998386370530025,0.07665125533390187,0.10925888797848304,0.07970705544736753,0.05907538729926057,0.05817637582442918,0.0980529105041677,0.13695565461699774,0.22037632441060867,0.2523600236253913,0.04285170335259648,0.6753301094640971
U_4024,0.21854435408314124,0.19216390896269658,0.8352020417084371,0.021693753560977785,0.24723156529486484,0.30575984017963137,0.11185916969592036,0.07874493285005958,0.21163357889349446,0.07845217314408735,0.05095062432485998,0.5504718369003092,0.12028186638467452,0.14867618181665906,0.24295432269099737,0.1512386638152853,0.10875114348392827
U_4025,0.03882985305000473,0.062044142245827105,0.0799117386126355,0.10025374816508947,0.15448868699636503,0.7192824578798591,0.13209964336577054,0.14772885436099453,0.10484409932425527,0.11950393068505791,0.10138346047703038,0.326592404466687,0.19450518010561535,0.15529799262378757,0.09109560079794356,0.6793763796717673,0.1551579894505772
U_4026,0.037984780444577954,0.06228637772862475,0.1708333437918389,0.0972133318577415,0.19097086260542112,0.10982788948192318,0.12058432669784126,0.15404994755865553,0.740497647583281,0.19182359686675993,0.20128669668863805,0.21170537223383526,0.13115354230152726,0.16910852597223663,0.07025032067701628,0.7571444718726013,0.17371915824132356
U_4027,0.32230542254888533,0.24264034294136783,0.6216450181671882,0.036525480377056066,0.029212890139257642,0.14531694915591964,0.08263039965809361,0.11326090593005378,0.3276625440048826,0.06553819112496183,0.05076989829019415,0.5961084852780825,0.15529652881177364,0.1718564386419884,0.25881510910811395,0.06428018125798374,0.12480491257851059
U_4028,0.03674684722984939,0.07432777888433127,0.13946155700989518,0.12415457538548694,0.22740856357040506,0.1927645069959582,0.15565477304006214,0.17077939491956562,0.10112069731774566,0.29565744782176634,0.3053877303980453,0.274977552318066,0.1419385115076096,0.17066964553235514,0.050323690199788815,0.48053260252537433,0.30301709535506915
U_4029,0.35624382823373724,0.3018365705261399,0.2672708426295175,0.04446117753604362,0.03215406999426982,0.2655536246219617,0.08380238303862964,0.0963970286815332,0.6593906315191298,0.06426686052850687,0.05723932367032847,0.07976888191873703,0.16383484829552894,0.1909351672154412,0.3028203483350386,0.06108384827233096,0.1713662330310373
U_4030,0.30778670222894516,0.7124789842893902,0.29096810774362836,0.03373086791164426,0.03914466836361228,0.1522195054354182,0.3202173527952502,0.10234484747234236,0.5778793275940308,0.07143907852041664,0.05397960160129096,0.07897257840744226,0.1523877893841283,0.17014421672573019,0.2815788962192061,0.03818665724030501,0.1319437121886192
U_4031,0.20324618891353907,0.16876136345327536,0.2337324605379235,0.06463756508662544,0.07147854877661546,0.890793510341076,0.1281635701736749,0.5205917486217959,0.057412230985404364,0.06294229873802977,0.062494984400083886,0.061206241897200545,0.1453279510737025,0.14746852364618973,0.09070043869332856,0.03305415324143638,0.5350445650733642
U_4032,0.3582271659399926,0.31088102024895214,0.37603234255279727,0.0555527002144473,0.04541999403513074,0.3119004960456118,0.08268112621804037,0.11161106622786712,0.05094051870725168,0.5643953329525906,0.07199563703833674,0.09525409397587495,0.19318114713159526,0.20859748212842277,0.30084285568921104,0.0561050956657765,0.2261073719232232
U_4033,0.03882825649444538,0.0567994860513283,0.06833922406659261,0.08462674363934411,0.3550725077840652,0.08635086548083808,0.10159822356673398,0.12269672115873229,0.5997390714840343,0.17997315274573186,0.1908109193468044,0.7109549776132176,0.15634523278413084,0.1328019136975292,0.048719733892432684,0.2443687448455895,0.15129967341702602
U_4034,0.06466420727849631,0.6709224942178853,0.1782607362600403,0.06862865176757958,0.11742842980448819,0.20959847484007743,0.15056988119584133,0.1397224247520106,0.24041389834864346,0.12119696334027537,0.12268570615366808,0.09387160539106737,0.15751893672715714,0.16478862312385587,0.07601065214632982,0.057869548821711594,0.16303382764708804
U_4035,0.3986181834350295,0.9584601637923251,0.27482978193777796,0.054677502549447025,0.06328891402076661,0.16421713510749442,0.08375530030828282,0.09355686133234109,0.05292139497091298,0.05508282322618983,0.05305287647129301,0.07636868969834287,0.15842503293602844,0.18325385173845635,0.30238406653554883,0.03861985389991004,0.15026458866365125
U_4036,0.027831242645998962,0.07105247738031067,0.154706399119565,0.10282902016838859,0.5580232158318215,0.5175659802071004,0.10445228162326294,0.14636971618140263,0.06724014554375178,0.10814420958626438,0.11057722474208737,0.9185201887529901,0.1091277160838864,0.10957609021902066,0.06383217289886907,0.5375367399142315,0.11977722675195908
U_4037,0.17883056262691194,0.26316540234068114,0.25915759111424136,0.052552159209743515,0.07565404762407837,0.27560052695317955,0.7451042799047569,0.13089037296300315,0.14028219552452068,0.07851564613828317,0.09072113454903738,0.06739058310951546,0.16789792824383343,0.1645659014059399,0.08071862861903661,0.34960678623867375,0.14836927483307305
U_4038,0.264713422773645,0.2415778497923236,0.2822665402725261,0.08156990110894216,0.08674873548649484,0.23683000017797542,0.1827536115216395,0.14459430158583908,0.7863908872299825,0.061838623758293854,0.12299228538551316,0.07511767600727105,0.16720856188003796,0.19609070698557535,0.16913483307813676,0.0328367540697901,0.19556772655395283
U_4039,0.24291554140082927,0.23235184368847933,0.24979604045561093,0.03828810484239289,0.046773357094401335,0.5760107453979697,0.2525414128578374,0.0937719464311286,0.026178166783034747,0.04598300628576928,0.04413457238527135,0.04096275746945849,0.1170080302670146,0.6055966966928124,0.6419417243033909,0.029109654263697722,0.16239055287551232
U_4040,0.27156382728930434,0.23707300563484146,0.24705081030309994,0.040870214751539166,0.046905256525487334,0.12833174034031414,0.04955417945554892,0.10128194970494113,0.46095416605034334,0.06573584753092394,0.04941765965294531,0.07390089736013543,0.10065197784029259,0.6977748759075337,0.7286726487635709,0.028449190451127537,0.13913224391956838
U_4041,0.2436166712920524,0.36502184891477696,0.5473379629076391,0.0169689497823127,0.02635445313543893,0.08831453770668164,0.03938798980920076,0.07718978946074574,0.20965677262262947,0.11298030117530874,0.04398547858431264,0.19032983435855322,0.10047368331687978,0.5294366733723841,0.9195521160948965,0.01344021279462287,0.1012757339797143
U_4042,0.05315851023420462,0.647008318626918,0.08679165741404785,0.09822037850844831,0.12552071482257623,0.14581332183395124,0.19328287879810424,0.11671474408490924,0.2367553186399648,0.08262916133871932,0.09585248438699973,0.7713573152666577,0.17540022252284432,0.1694666811786268,0.06669012189295043,0.036268653768448116,0.16494224118176043
U_4043,0.41730265909447123,0.3769614220835507,0.4405154248813292,0.0667002152309586,0.06973889382885778,0.2401374184515448,0.09893470060100043,0.12869853482827842,0.07778315290864679,0.07345148490734357,0.09346729672714951,0.10167807609396934,0.25371971539062316,0.2385466096861067,0.46124822459702075,0.061520244347909675,0.1593692290002797
U_4044,0.31378060186326784,0.25672483478721825,0.26551872754812633,0.04912799506958549,0.04823496505066647,0.21257219330995542,0.6062216412509802,0.09723082829702512,0.08768645782834941,0.06424736753545833,0.05870887245708031,0.0741441541918345,0.13374602473416322,0.18029033581622783,0.22513960811345063,0.036665690935716665,0.7506363886538079
U_4045,0.29507414934923865,0.9824852401388275,0.2509534623509714,0.055360818759084954,0.039477278126660194,0.12729696050452405,0.07620831788844618,0.09343277302438076,0.055549349780753834,0.06878057165891056,0.0515127975066229,0.06651733273393226,0.14494921723091567,0.16571230871769993,0.2604505983122698,0.030054356196541614,0.12326692350266974
U_4046,0.1539256291850778,0.12434754056817254,0.2148683655709088,0.03919953079945003,0.06448105469368418,0.7533349996372787,0.4220549496570563,0.2715605966650066,0.13311375228583408,0.05545850468017523,0.048953122758132156,0.4346394390593969,0.1491183207607158,0.14902808756470495,0.05051030567514489,0.20828264724639953,0.12881236063304097
U_4047,0.10361602145461411,0.07808729660946376,0.27819301629693555,0.06818651096227299,0.07338857943769071,0.47824668662819503,0.5952270530898871,0.13023377449659843,0.7576012011172353,0.08901089839522007,0.08225547344136241,0.29966441043038144,0.14684629225205276,0.15642460208761655,0.19304695330215316,0.0320300451289037,0.12228597070997331
U_4048,0.20364008337854467,0.16503373647333786,0.6126318633267442,0.023606662398317768,0.01940442997247821,0.4546768167605757,0.12766564276147863,0.10838736842721094,0.17422986282159786,0.045301894990943045,0.036089191668079515,0.37541249664084647,0.0905949868452921,0.6570890519567814,0.7392428798239326,0.09819145450999801,0.0741966110189695
U_4049,0.15120676281135365,1.0,0.21386454552606582,0.07469314819011494,0.084692553023415,0.20454354234466876,0.10956724225332272,0.13909314634861653,0.23728272237490594,0.10373189486899044,0.09185491124113447,0.09011982144917005,0.19886882547809542,0.19531324467746428,0.09209333193574845,0.051673410892173824,0.19660822135172595
U_4050,0.047823509234074364,0.039880712723298635,0.0916407925860913,0.09378890134045556,0.16970854731693297,0.8000473611024295,0.12417413515417963,0.7193076144397987,0.10664524448710105,0.23703137668231214,0.21772574087046462,0.2680244067459867,0.13609324126218458,0.1604317452842948,0.06272350184637598,0.23647195403195367,0.1700565651105754
U_4051,0.238093108786908,0.8793558926485294,0.2475921504321722,0.04069925048245885,0.05704206260207369,0.20878112604332213,0.08783558509724847,0.11017915642415843,0.1066288771421922,0.06566989969278092,0.059566735084452316,0.4868235408577912,0.10104896488674012,0.22637959152492038,0.1944578338150872,0.025806438546431137,0.492805176512203
U_4052,0.28658956027541205,0.2477517636349566,0.2655001486193926,0.04756675749091753,0.034031229756742706,0.11525657233905037,0.0433706988827032,0.08874136387059911,0.4455809846225707,0.041994877219640625,0.04810136487414237,0.035109433726789666,0.12917219915941067,0.6931331523750013,0.6346325425911044,0.03299811028357956,0.1417799687009659
U_4053,0.17947168125358623,0.13115250915035595,0.9905361911249293,0.06865501469075634,0.07872999557656703,0.21976920529827446,0.13438769386336163,0.1416044623559164,0.11013206021471288,0.061701370248481116,0.0738924662306697,0.06800869275066929,0.12405356516018648,0.14378892666426352,0.08348459451261035,0.0350059400065464,0.4683092526131968
U_4054,0.09977445624128514,0.1312983213585801,0.16130983157950501,0.14597709294962816,0.18119688720167884,0.14915943140875654,0.12243362889502107,0.18888283351024945,0.06329090115206282,0.10710714764007112,0.07596073213826138,0.0818894294013046,0.11604330407330936,0.20184152127018268,0.20344162750476896,0.7034478254525929,0.3458393194329584
U_4055,0.36121504725793513,0.9528520318932527,0.27662359309357465,0.06137484048750105,0.05493040976717146,0.15615994295915908,0.0701617687712309,0.09262515658019276,0.057680980176483966,0.05445803971257297,0.05769861675425671,0.06725419987180938,0.16228292061696323,0.18656780721721988,0.2973698261327729,0.04708738336308672,0.14727050484802492
U_4056,0.6097486144551398,0.4751400771549729,0.47353669878324867,0.03564163342393996,0.08519587320280715,0.24903908745622938,0.07257101906961407,0.13960025445590293,0.05209748331366435,0.08025499589618415,0.05041046722103697,0.07004753169358047,0.19709275664235187,0.27433273969515026,0.4722599477647883,0.0648893345056499,0.2381169081868643
U_4057,0.31778352997647924,0.24844970247733766,0.2689837239614899,0.036133552502063855,0.032268398050135656,0.2408823209741221,0.07295310597799846,0.09489783626601839,0.7746064612528292,0.04973916837078157,0.04998702076409158,0.07021284105459816,0.13811616320412226,0.19828356802097571,0.2559646646887076,0.039393216942603525,0.6004417460398874
U_4058,0.25540706140091773,0.21030883010093515,0.30659043765671273,0.07079393652714885,0.10838135567669538,0.21410097047440962,0.7119634789729306,0.13697039633968566,0.07898431843210606,0.047477660346678406,0.06453942426191525,0.07328479786849171,0.1721809503226585,0.20044116204936344,0.1590424349038515,0.03827353141093619,0.681301104312646
U_4059,0.09941060561412982,0.16128792642319023,0.7209589033121395,0.09323305374800092,0.12152184108878437,0.7999352663764583,0.17002396486316337,0.15159908541367598,0.17620314310073873,0.0780737637172385,0.07987543842641244,0.42733781911883073,0.15214961045959507,0.19028694344989236,0.07425152443187436,0.03544056688971189,0.159239515597081
U_4060,0.17969831720947912,0.1996670596061898,0.7815766134075717,0.04753369373175161,0.045734691386595194,0.7537451507140478,0.05544881298656953,0.08547449432898972,0.39987880650368995,0.06340448724321417,0.0807996750306578,0.04607697137384446,0.11329477208145793,0.13365322104526958,0.1078175968923444,0.17292337410784195,0.09942380211538514
U_4061,0.07414876382940142,0.17100296798487155,0.16128675482072413,0.12322026957453182,0.16055045846303245,0.23217234795475886,0.17040308342912228,0.1745922298600589,0.9725695965909871,0.09210305975522508,0.09664284132982723,0.08652431936003169,0.22654427701288504,0.19579847243042017,0.0916454722402925,0.043926035880222994,0.1633258541855604
U_4062,0.027329471464466723,0.052715380962614876,0.082340828923147,0.08781842157124828,0.16430159796966576,0.1892919144959361,0.11896118698407136,0.7383828513729815,0.11155363785451047,0.15237506633403383,0.16163417878470762,0.6474474917652442,0.10150843707124996,0.12938132169928074,0.05336384733831694,0.5681880209682939,0.18586511605901285
U_4063,0.4425085325597276,0.18175849520427162,0.46489396900914376,0.02623814565639912,0.03569675470382389,0.8005639668858393,0.08255612787419893,0.08249287438073118,0.042177324106979205,0.04842407574059018,0.052407122370864014,0.33417410364692995,0.11289904884503048,0.13199861870872845,0.21229085069406217,0.03526932966429294,0.1332383617756888
U_4064,0.23454801907299966,0.9797629236380796,0.22433992948792753,0.043759285044656385,0.06179661208783477,0.2427726223020513,0.1027103674294795,0.12416900970309305,0.13093403525884953,0.05873221218752533,0.05623964624544615,0.0669109216921007,0.15000887153209155,0.17579675563881966,0.14416462846767236,0.04383719827883443,0.5758074231401988
U_4065,0.028587904884640577,0.04508490911132533,0.09702615328017078,0.08183796662330259,0.15491035659581065,0.1462696423920094,0.12155482503128127,0.5883560496315645,0.10065034899581753,0.8080276216078903,0.17037418489679707,0.282669327148973,0.1338065343322993,0.16187241780072092,0.08164784414343512,0.6138081855623316,0.17769240428918312
U_4066,0.3437940019654953,0.32858559395555526,0.3145448946698021,0.053130258531467335,0.047969093201792004,0.16525457439483043,0.06650900622470846,0.10376840869633336,0.8125256889439783,0.0744221477609605,0.07198291498714485,0.0731581365806356,0.18899776390574052,0.19643826280436796,0.2864740282386379,0.051685978461665005,0.1688516559263645
U_4067,0.40492935097086896,0.3844773808732009,0.31188676827991874,0.04891597976913368,0.06214515241633849,0.1620535463012849,0.07874934336405663,0.1146860256477094,0.07069419098163629,0.06657467961865732,0.08673372277161984,0.08415208458800755,0.17978632292766356,0.20021715225237538,0.3262375501327347,0.6648382229786867,0.1181646766440384
U_4068,0.3968439096428534,0.2726321744205094,0.28589757413457023,0.03635516076933237,0.3828435116596018,0.23492415402188985,0.36082633609283005,0.11869215528878038,0.037443553163650944,0.06651248317681835,0.0509861702603137,0.5055561710334404,0.15598031449631625,0.1846030697757968,0.29387261471220966,0.5194550968081464,0.15297654656432438
U_4069,0.5506890350105755,0.46602850996327316,0.5455158072727875,0.03585537617314203,0.06031571722879321,0.2582385310197088,0.07560749741748299,0.142620819441382,0.05436893728526323,0.08610094926931132,0.0520659102130954,0.14137403888161532,0.18865272991845455,0.27822729651550954,0.5148494207422158,0.06736562723665183,0.2331519680796192
U_4070,0.3261565032264609,0.2602110656122213,0.2610022646616643,0.0430068669849273,0.05534670203620558,0.6354886635890318,0.6596840028001496,0.10319508682229478,0.0675132747830111,0.07914810167277277,0.05844356538807582,0.09993773786370337,0.17073352050120186,0.1740441303670568,0.2776216723434432,0.045729581049815934,0.16182801298662103
U_4071,0.1769503137407819,0.17204825234484716,0.27530614404985393,0.10027533804237793,0.08956503169739385,0.25786190356629596,0.2520510597936416,0.15067086094979915,0.5991861993761352,0.12661772204383445,0.12445852487809211,0.5966025445967222,0.17581260624994166,0.1824609980029646,0.11066803127743885,0.03467326386396363,0.14524892874197823
U_4072,0.28275434618682266,0.6009850671344741,0.25206994174259095,0.05598897300314271,0.04846828417523018,0.22016547059356578,0.4709014324122494,0.10282641344930524,0.048644486523088726,0.08165091803335302,0.06332224711699509,0.05850990013571103,0.1511697116503552,0.7149339750176136,0.2923408339765395,0.034730724781701486,0.12548040969813753
U_4073,0.1319791655363427,0.23426100938649846,0.9139265993089896,0.05758124956263871,0.09025224398289489,0.18994253253285598,0.11493895603005126,0.12127203499877637,0.17914424644824797,0.06340969803224569,0.07856012594870926,0.44114338155005306,0.13633654247019672,0.1552769316546554,0.09347672508197609,0.04136335650991567,0.14106280903212745
U_4074,0.07331342080762548,0.2109404971525672,0.15687465450696042,0.12439417836665073,0.15780412949632888,0.23588413212566972,0.18911603768606758,0.16894476811447431,0.9388151967342979,0.1436749988774392,0.14529746477706182,0.08896694025826785,0.20398185436215924,0.19791292332179883,0.10495882190309092,0.04038400993199916,0.17348575048487996
U_4075,0.005565009534482562,0.612331303296942,0.08969809384396939,0.06614757360710125,0.12806345838114616,0.12542912342007437,0.09736863645929211,0.10501610088530562,0.14138856040434067,0.3797273546447385,0.1553853277587018,0.6092827200778184,0.10229254270232949,0.09231001080604198,0.030792078335503563,0.43210103072416545,0.09134271109153401
U_4076,0.21049717070516036,0.04607548602122415,0.6583217627713349,0.077389142441937,0.11698473101108034,0.0938348365345879,0.10584356353094249,0.09227142456573416,0.09575300223838257,0.1354505982834819,0.11918179851086137,0.4113288578209384,0.08191977354585407,0.09165035337939496,0.022187945776430885,0.8297652661486921,0.09888434711653311
U_4077,0.2948285290510971,0.25926916339733475,0.32304320757318944,0.06999652753524001,0.06068918455472085,0.2850469998983108,0.11096683300170768,0.3044392524248667,0.07654468147734339,0.08190345678455721,0.07822485793914433,0.08116710933103123,0.16537361093165387,0.1874632508272609,0.24221888359611302,0.03425806679405531,0.518273479866258
U_4078,0.24848879072919966,0.2556632318935534,0.2130367646339572,0.05891126286295974,0.04712007650187482,0.21189446366619316,0.5124701010796093,0.270071979004667,0.2603705753228289,0.09166818370680804,0.07356183604371211,0.09454792551048088,0.17963746850348378,0.1728168426328574,0.22683238229565805,0.42320640112316193,0.11695049890628438
U_4079,0.2625666070935937,0.18302583461944236,0.5238394962961361,0.025128122173622987,0.6353721002563941,0.5835698055346235,0.04631614931192061,0.09683804667569873,0.0452332631794416,0.05882852745372735,0.04380219379811233,0.49409800130979115,0.1483968320172968,0.17095050500278852,0.2124849556046882,0.3767763416734761,0.12587615809094727
U_4080,0.0957337276606045,0.5622666033471453,0.2356133982795006,0.10273159362728432,0.1253875336859675,0.23752555743964782,0.1595291446275619,0.1563033008959987,0.09242298937745853,0.08936244470849168,0.08328892713544256,0.9268757052471261,0.15614676372548297,0.1809169075369192,0.08839174913339654,0.04896788369447108,0.15392840720240455
U_4081,0.06052390006548471,0.23234351842473278,0.1697387543622634,0.057837670090253285,0.07915566799791188,0.17730810351666698,0.1235672686057882,0.12993561161508643,0.21034285099242797,0.5171963808248474,0.06645895906583654,0.8877796733226015,0.15547027126231464,0.16070313686337534,0.0708635668639083,0.33202458296009657,0.1386492236188906
U_4082,0.06922347886591616,0.12939445279682055,0.6839051484442267,0.1085113435716464,0.14150935945951004,0.247062300916559,0.7342939433541977,0.1582616265113494,0.16528234176604178,0.08476081290162278,0.09605678926806067,0.4901194180158556,0.18301041348378,0.18040070207368328,0.07799740678736655,0.045063075208684106,0.15474055594694935
U_4083,0.1819924593576677,0.1396896406307029,0.18265769593469253,0.056959392359716754,0.0644870822033545,0.22936593482142448,0.31864076239271016,0.12479019552649426,0.24424465662683398,0.056962358918763716,0.05637251228496631,0.8152852561821642,0.16232560070357321,0.15839994043179745,0.1661132575052662,0.039379059110710594,0.3574358002283176
U_4084,0.1882625345224912,0.764464918429679,0.2550059423493582,0.06629752257982742,0.0780335057773256,0.19687788161832617,0.106108336082476,0.1649635280409914,0.20085819420679438,0.10502425519168951,0.0921379314336547,0.09656934557160814,0.18435509460234775,0.18478979206603524,0.10339819271899785,0.04804658168529604,0.16278896910813942
U_4085,0.2755631319539799,0.25445779385996664,0.7717731577087203,0.03882173709835365,0.3768669231290761,0.18781853454039876,0.0702908697049418,0.11394957931424564,0.6155050609822006,0.07535906800727193,0.05482280537270001,0.049235871373089934,0.1325952930592143,0.1652988270440314,0.2698698205423553,0.030817358966205646,0.15332936616490228
U_4086,0.013600359712064487,0.0392354017385285,0.3504382164237574,0.08341842185866105,0.42671850383018944,0.06650414011966904,0.10756604436859504,0.22345162644887423,0.6290497905888086,0.4110478710038303,0.17736981850496164,0.6816271036666179,0.08916150281842182,0.10967840420421583,0.03461250122466404,0.19433244440826494,0.1236053309620756
U_4087,0.03068180702032077,0.06761891085253997,0.1098114147166136,0.09960403092258695,0.18457157090984516,0.9415291624408808,0.11791706057617274,0.1492896606068186,0.11758052115070737,0.18594866326609188,0.18871738274628894,0.23072350667063143,0.14600422077304373,0.18559646249207473,0.06497230750306898,0.34078112889032014,0.17067937255109583
U_4088,0.23552001989659654,0.27421568927627427,0.19877091367548178,0.06052064751480988,0.07270963378489029,0.328828375885149,0.078261648489326,0.14216583153782075,0.8491944677545924,0.08979221148641078,0.07779451890952853,0.08484088706531269,0.21925450574727345,0.1959358710862876,0.10248820459423713,0.061985977049331245,0.19146799068816214
U_4089,0.10283280995028451,0.13429417228195256,0.5469625401767604,0.04713768622812954,0.24429765237429624,0.1474066139942941,0.5849476726082821,0.11633528553816708,0.152298811577571,0.38765280150757503,0.05936909059464491,0.07176014029502685,0.1512395201205416,0.1483687956998564,0.06618779902584909,0.2261189633333342,0.15679357156443766
U_4090,0.4074116932953857,0.38460208244272825,0.3803755227418262,0.05291729162287317,0.0630195720699492,0.20204239444985195,0.1072724390866156,0.14239340059375424,0.07831723979037282,0.09042426936566111,0.07739476505169054,0.08973764707607884,0.1852915680466901,0.22426427695114715,0.38359346936496747,0.06129501304724021,0.16897234582130544
U_4091,0.5243196738887679,0.21468870934403858,0.579576598745057,0.02745275726094765,0.2847085895574439,0.1365828891733523,0.06709963395445494,0.08548224238083445,0.6484744429674769,0.06903417182442771,0.04251539327056682,0.38959851010134955,0.13838594314018238,0.13309499858689167,0.20966170601878248,0.2868621894455087,0.10041361391035586
U_4092,0.2124089190641961,0.18496318346767754,0.7835052241458391,0.022333051513976753,0.21522673585988553,0.07791575600923417,0.04068709624446226,0.0659669811142598,0.11940251315443126,0.03739320352175179,0.031836441005238685,0.34053027959537513,0.10113605102284781,0.7998067391721086,0.5386801275502779,0.024509372273831296,0.11277359857291616
U_4093,0.024161599864723785,0.0706342592809776,0.0735562859614552,0.10578668553747729,0.15251048342175336,0.40950529955384296,0.09807459293730414,0.10367691557364994,0.4664734433684859,0.4904251836005486,0.1625436904761552,0.6519577225326021,0.08040872934827877,0.0996774736486074,0.031143107470359352,0.2879239523554688,0.14975347233936664
U_4094,0.24719558609108136,0.2242752553098577,0.28696908474461646,0.034063638229813155,0.06042312700583144,0.22937152868994515,0.07391902851234222,0.4248131894720476,0.2732683152187303,0.10006272880506273,0.07362755013201591,0.7092282351076014,0.15087976866158292,0.18481424952999684,0.23640752386825695,0.04841198383710889,0.631517251800396
U_4095,0.05898132360117425,0.17549094165789153,0.10149683467305189,0.09181859575104946,0.09767206088610603,1.0,0.15263117625011702,0.13185234408339824,0.20057010654115523,0.06283461323236382,0.06744915688931505,0.6903064299155401,0.17044846707596267,0.17105783979546357,0.07143211997761868,0.03758886818665853,0.14581471700162318
U_4096,0.18598451056156892,0.29242139661663946,0.4263315718634305,0.019509459998625134,0.0319190539803204,0.8008202229702679,0.07318186840323444,0.0895163848765803,0.06156342026050132,0.051235664852711596,0.041296568004923775,0.1603851574065904,0.11068851141745074,0.12399978324074967,0.20923503252436013,0.017246281578985573,0.6999478039693339
U_4097,0.21718529388133095,0.7135634440166703,0.8331624527188743,0.03953246792359183,0.047441255085837936,0.23847558393937013,0.07497666643612427,0.0982104269412183,0.055122368353576395,0.06480761158066135,0.05863100021773085,0.0671070997413078,0.14487611108618192,0.1434182701077946,0.0900568847567498,0.03371644354070033,0.5129422484184847
U_4098,0.28634679254963535,0.2604668178298591,0.9560642558139221,0.04509573413501134,0.4699066179737602,0.16925684996685814,0.0797458491239435,0.49432633814035803,0.15772307241953717,0.0799427665059125,0.06053071815216058,0.060437015521783335,0.1546887976996958,0.17970949167843492,0.12519992206252017,0.026728567909768935,0.1724356488309361
U_4099,0.13050211649832227,0.5437441457827441,0.685101845970127,0.031784292771012065,0.29821695019558186,0.17928408745949392,0.1033148601227735,0.11243976581473439,0.14137947074132087,0.3564335003313848,0.09093898750179566,0.07656974363670524,0.12169193444045767,0.14119328480638374,0.06193198942911397,0.21076619617342496,0.38327368428382014
U_4100,0.2395766757748396,0.21033049998421746,0.623315573467947,0.03692351101715114,0.03311306870618444,0.11166404869240593,0.037182366369341975,0.08091620994395957,0.4020131377756599,0.04199602018189748,0.04050706921142929,0.05395668701594213,0.11365614386739098,0.8812796587688088,0.49482786326835,0.025068175175827847,0.14654703688665022
U_4101,0.17176427309448666,0.1884110185730564,0.2933189600268755,0.10458273306629352,0.10081285395481399,0.16759051224986163,0.7077284784996021,0.14635606966223694,0.1608063234656782,0.059891391919671695,0.08733730386166069,0.07240400067790972,0.18883221378247136,0.18365692127300817,0.09794335607412784,0.03283092143312068,0.7241575147274528
U_4102,0.5967731590976262,0.3919744780089496,0.41262765826337794,0.03963862122728254,0.040990144568205926,0.23064509472750724,0.07593919935139906,0.15170601746476084,0.06497947985913642,0.09274012799167475,0.07216163979981374,0.08225873175696664,0.21030382577531748,0.2558698649381183,0.38276018415054236,0.07006566039750667,0.20678019961613123
U_4103,0.6445144160211378,0.47704073516907125,0.46843949938831175,0.036412528179825945,0.05918553959543373,0.25420313620581947,0.0751025757159785,0.13897288028688304,0.05925649782387181,0.07926424183477565,0.05847475830326246,0.06759219491306637,0.19737988172019819,0.2723946962361993,0.4708035709290727,0.06764229587612235,0.21972827441406104
U_4104,0.2540770695149339,0.1711414248783796,0.3279857228761372,0.029739061154853294,0.018168890786154298,0.0899572895691337,0.03933346739501865,0.20030899882914388,0.08496383165297441,0.10016252494420226,0.04048217444710024,0.03221844667208573,0.10052221477209831,0.7509105123478546,0.8228287868019144,0.013660484210709815,0.09060983308165635
U_4105,0.2331469398093378,0.20764632794381976,0.2169322362108922,0.03015083571336335,0.031188832404333205,0.1799191850449276,0.04429279692538907,0.08761409302418662,0.45291987119602556,0.25840345610331444,0.0410403231441264,0.058890105982054304,0.11767920695779081,0.8566190704564025,0.484170202827024,0.030731828211692666,0.14470349501467739
U_4106,0.2522912590252894,0.37524971175798455,0.7915013392457106,0.04756784655077565,0.1518712312432132,0.10518367608326479,0.05612259593770949,0.08831699727600725,0.04145595062660906,0.06329547989800488,0.05672420310661706,0.24311992616810016,0.11601309365560779,0.48918195109305895,0.5587977595326687,0.02447378959716069,0.09292922532164145
U_4107,0.43478500363959044,0.34589903563897834,0.3306474815649023,0.05082039369432026,0.058997615264298565,0.20706311047767442,0.7974051103030144,0.10049569972949253,0.060339979238229126,0.06288996450251247,0.06962754249615179,0.0779336446379763,0.1699055229044785,0.18898408371202416,0.320383851297341,0.0434711184137554,0.1652411989465358
U_4108,0.328382863526954,0.6574729650606057,0.731710978796289,0.03827828661183308,0.04961602248803411,0.251324452760123,0.32362125019505555,0.11343938482581425,0.04996018003986005,0.07148020262652213,0.06628892682872818,0.08109401346526071,0.15418716295194962,0.18073131319923022,0.2563338151900514,0.025089620483676182,0.13448906990169665
U_4109,0.032690850337747435,0.04163066293001236,0.10553104311190317,0.07372723704200297,0.39601730832879545,0.4239289266988668,0.429556849836165,0.18026698599821014,0.0906203517827955,0.18528025739120957,0.19696259142488448,0.25066791121042464,0.12366463456754179,0.17541379520756537,0.06577706735214464,0.4118470271608032,0.19424643351675808
U_4110,0.37451844623179803,0.3557086628756665,0.32815498583783576,0.05611535093802478,0.04206270648545005,0.1824917802332114,0.0701815330012456,0.10492221839184121,0.6662403694547754,0.06915456624965863,0.06898719425992535,0.07178374003941232,0.15696439366496465,0.19873938841109928,0.32199470878117437,0.06786526027838288,0.17779762266001076
U_4111,0.06216356526232496,0.8505539269698954,0.12785173831900526,0.10732380777867348,0.1468745914934031,0.12569955020207527,0.11948442125857667,0.15229976184840657,0.08713758946694723,0.12995971345132692,0.12012636572357925,0.21334417678406137,0.11748460697287073,0.15300160262270857,0.08058975831075413,0.3309246039265678,0.1713609491876342
U_4112,0.2994888374477095,0.9630169232244117,0.2576019836799855,0.05209150145950864,0.058123506035842196,0.22608598753927456,0.06601154552650632,0.10317608520992479,0.054608297442870074,0.07114801004833493,0.07797151739971872,0.07099917215464613,0.14004504000145687,0.19513663065801093,0.3743135721398749,0.03750609723381048,0.13854238893069193
U_4113,0.31846762675928425,0.2836070961929347,0.906539200192771,0.044207417237465414,0.04476592044165137,0.1531062347964115,0.07158773602768502,0.10368159909427851,0.0540969690408933,0.07192612586932598,0.060052230191758475,0.07199795716622097,0.16079110930391785,0.1719640537659923,0.28884075577928464,0.03700303560337899,0.128084211254314
U_4114,0.2502411061288025,0.18920374120014394,0.2832659192118557,0.06774470251087544,0.08330081478315365,0.9224106424694569,0.16460517290712653,0.12870062074056707,0.05762697668765033,0.0546289639559154,0.05307997786223944,0.10626703807874677,0.12882527025574167,0.1766227279522472,0.13432666465121781,0.038534108215018126,0.5307499350478317
U_4115,0.06816210867807282,0.16066087383383804,0.23008289984556093,0.11510130710168986,0.11545768081120883,0.20409093677689522,0.22295772441267792,0.5559821735314714,0.14766236050774992,0.07110794703877861,0.06652269996405392,0.8381533717549201,0.1572495929720338,0.21879062723818116,0.19998929252513617,0.037412273156339014,0.141615868406934
U_4116,0.1633980502247745,0.22682222345631578,0.2694513828303571,0.15305150095955836,0.19510338099080393,0.29595994847001833,0.21697421759889932,0.2149403257377283,0.48068267226203065,0.13033245883206043,0.11790919121952145,0.15294830889506844,0.3111596223959671,0.32282502352308223,0.14101947239028906,0.08039434966609355,0.22547702710735612
U_4117,0.4543088438559747,0.34964583404617827,0.376504189280524,0.07382783235759587,0.05985841810299942,0.3115546606261369,0.09438020620963378,0.1580988680661726,0.060567840209850794,0.09442519862033916,0.08438932369738185,0.0970806163407909,0.22227690029382843,0.21437848869294748,0.3625601424005564,0.0486905159741928,0.18926740489402372
U_4118,0.3996522087789407,0.2078877411280817,0.48741021037868176,0.03463345367592127,0.051928409945001267,0.13462119298007083,0.5792752200998221,0.09238416659595412,0.15726293196947683,0.04824623103895603,0.05757040705991129,0.3324176028994745,0.12564376219472437,0.1355487907591216,0.06064916162279959,0.3331948083834607,0.10379597220568415
U_4119,0.41480479215894106,0.2900106019855298,0.2822885603353281,0.0353965814206278,0.039721742112266104,0.2101172523990921,0.06925150812981225,0.09878520092441372,0.7042492454613296,0.055965214193987825,0.056600727693127545,0.07207260652260584,0.1468268307315757,0.2050565695254627,0.2907627125294531,0.045634733529115894,0.6010699050960571
U_4120,0.36102858600041554,0.26520824860102526,0.30154690340461054,0.049006123713654696,0.05764844654040702,0.15619277394043202,0.28518188429180164,0.10416589651809882,0.6701732229768136,0.08471127585939281,0.060967015486986215,0.061650720005395065,0.1478380588892573,0.16944091633980182,0.2520848765122363,0.03238836401369054,0.11514797849462895
U_4121,0.2838891904680842,0.28010033341346224,0.5120492784474309,0.042697891674757085,0.07023296997329721,0.20638380742756282,0.26044717730924233,0.13107660394374263,0.526216651591324,0.49805101588303613,0.07474147921536271,0.07948376795661932,0.1693613091024368,0.1679130992557993,0.20252137240567042,0.03249477814325697,0.1514665183073134
U_4122,0.0641478253492649,0.06528295854846557,0.13224542448128496,0.10313877393025213,0.17867876466043026,0.1517141446168872,0.7571066920652878,0.18581994362562995,0.08347474731488193,0.15372516546644277,0.13227615958696726,0.142076722792303,0.10538339487858393,0.14497782636668144,0.05688711951406952,0.3435492222844651,0.1592500839775306
U_4123,0.30430767067108205,0.291735665505062,0.29783258022215503,0.05275368852437312,0.040510103029382516,0.16270766139945386,0.06590026983022913,0.10955741269222402,0.6879313702742487,0.06289498447698098,0.05132320726030697,0.057029875028936236,0.13309466349279955,0.16802975019938354,0.29123864319571807,0.33738752417541323,0.15539803240704922
U_4124,0.27590928257169567,0.5467952543823997,0.24019908052411207,0.033375472602138044,0.03660830057575366,0.21086403569404835,0.04417243583278311,0.09101973258823914,0.02840766797424777,0.04878535591605321,0.04160800090859301,0.06312417529445993,0.14501056421230876,0.7151863355764203,0.5061313454385912,0.034431274785012685,0.15421199928563037
U_4125,0.2490228494511409,0.17616103394453894,0.19533105332191425,0.0789245272674764,0.07818115021761157,0.2638901554706843,0.15775246586814357,0.1464552797732943,0.19238572105126875,0.0638480597053934,0.061003577042868656,0.09176097554560661,0.17256223431579548,0.20613672387713505,0.1288719528073805,0.045307384669917405,0.8688551967994973
U_4126,0.22141521193302866,0.4141334497100197,0.2267546980763219,0.021242081891966344,0.03037153900177387,0.24518556911947026,0.12180898031585213,0.17244444504330625,0.026298051330161845,0.17174080231529598,0.03709674789495208,0.6297114137070305,0.1383184391211459,0.13151374386995449,0.20228874930858265,0.013814704296298566,0.6871496098267937
U_4127,0.3255740496924398,0.31156712702752354,0.26469286467162134,0.03661333965008915,0.0626703637292795,0.25042135956129874,0.08048654909873137,0.11810043964795784,0.049554420434638466,0.6170987994747603,0.06297026226286952,0.09368915705570069,0.17161651287433857,0.17914124598716538,0.2825448435896521,0.4667546529258424,0.13383559138169598
U_4128,0.04186247483997066,0.07677117136246243,0.19452534791510054,0.10360276756584809,0.16620189242556077,0.1996092431130908,0.14755294098861785,0.16975932897681534,0.61803642566416,0.2374706297270874,0.2176439426872623,0.22233445434363971,0.13123369004955207,0.1538580504214897,0.06259532271406881,0.4345157322940552,0.20856634547309488
U_4129,0.2227970766828921,0.20060754223757837,0.8389179250093917,0.030743087117101595,0.15898476484160734,0.203480010777934,0.04873702864464575,0.1059576922728547,0.04668985709271769,0.06670509972245932,0.05748909195504874,0.04019663478619407,0.11532586308463535,0.14585539482221443,0.7460173307967275,0.05112136728917053,0.10576237229233384
U_4130,0.2537143134669162,0.9044823409297973,0.2281598727475588,0.03655522562637065,0.3571875447098052,0.15412930696798716,0.06779664304956287,0.10254116243924347,0.07226483766869335,0.05782289095725554,0.05026266233070457,0.4884223784916775,0.11203750814085528,0.14540769587537403,0.21992354635069786,0.026828964462984155,0.4990524022833532
U_4131,0.3528250590133179,0.3185483484151206,0.31250069071086334,0.05220785442249779,0.04499988252194396,0.295260393581466,0.08650946609257446,0.8302376381297256,0.040852308186988304,0.05708687429196293,0.06535607133487502,0.0831761975276416,0.17671203781137398,0.2011936058786248,0.3030208621634312,0.04701289585103673,0.22519508179163006
U_4132,0.4106169954826418,0.3437388232879783,0.37355882365672666,0.04248972420190908,0.049964236569866025,0.17443736731215945,0.07786849733429298,0.1057021766767418,0.049776172364997866,0.05858672010896233,0.060428898729727495,0.07406816209443852,0.16965079442528375,0.1972961347535622,0.34106800420164135,0.6517519663136115,0.16506600165032706
U_4133,0.11158551005390813,0.8015332137785243,0.13743782532226703,0.07117180204428751,0.09907012079934488,0.25830720382790606,0.13033576078716924,0.138540196083752,0.15370907445562143,0.07071746174941335,0.069929670538974,0.7495048473115631,0.15885546561020708,0.20961227639937616,0.1092698544912973,0.0290567597891386,0.15590686916046864
U_4134,0.051670506765861365,0.14625770101745858,0.10166683748204612,0.07798817171673521,0.08754869059632768,0.15154341679934755,0.14540928653291457,0.12340398213525325,0.9667267131492137,0.06002681832977078,0.06821329723815434,0.5643274893571075,0.1720490954043567,0.15398488082064196,0.05876039878606958,0.02705197323138043,0.13116768324468006
U_4135,0.2036066128246413,0.8554491307914276,0.17666846801126004,0.029035221608849218,0.1986592209384427,0.2149720654112061,0.06604552329898492,0.1271082814494197,0.6350868336825242,0.061173023366839316,0.06698895749506824,0.05339347177909846,0.12848069602758577,0.1589789171162675,0.061202269906027756,0.25914168429792883,0.30306138658605625
U_4136,0.5630448128922185,0.48834900466388226,0.46273792159316623,0.03262357242223455,0.045476524868532854,0.26278088115869436,0.07811592869290283,0.14485697554472274,0.0613520665963599,0.07560112018984999,0.05939103279088624,0.07542403803968657,0.2251472506341413,0.28416209641176327,0.5641615453231297,0.09181849163742038,0.2047750340519767
U_4137,0.05588583294262899,0.04915003139544917,0.10213277068769447,0.08599670446395077,0.14146464128843256,0.06145367595082667,0.12525726350955474,0.12404507552715704,0.08155876562054644,0.55784781978957,0.14899602685800936,0.17582467509170446,0.08462120898943845,0.120331139054637,0.03872401337939293,0.8281565507096555,0.140064957238268
U_4138,0.021637738154739874,0.11493572385612928,0.7673697101781889,0.03730855628521019,0.25642010371747775,0.4970105318745993,0.385948947268525,0.17421333191649346,0.1720120133612737,0.34108713584248507,0.05680684573529074,0.47036187148236597,0.11195637342095963,0.1217695448495791,0.04179165494426753,0.028049508710214707,0.08966272350429581
U_4139,0.308055637401503,0.32543771094189683,0.9303898872959973,0.05703788320883674,0.048767781973280064,0.15219474708856168,0.06351769261483585,0.11580460697368053,0.04740085910600937,0.07207306756439344,0.08014113286637212,0.06585096717469156,0.15897612539078632,0.18546840819824373,0.27113651813956974,0.04189160227462337,0.12871804301257653
U_4140,0.25377152460983876,0.17634800005553047,0.28577743721951465,0.08149322665358522,0.07534734192667655,0.2812896416119183,0.1280460429768843,0.14609805659410804,0.04506557523560294,0.06196702079805701,0.0690076157709695,0.7004144619027939,0.16389448514204344,0.17320843393767482,0.18518147246446368,0.026726942331466094,0.7087919305436978
U_4141,0.24187346967955967,0.21773452042316874,0.6606067316680233,0.03424520751154339,0.034748656631489426,0.10867606163922518,0.041316512296939084,0.08807384549142808,0.02912864020094268,0.043878544070558134,0.04406948460494498,0.06882823073057627,0.1099208211045721,0.6484175873122509,0.4950535461050092,0.03955454438369036,0.1547914270101827
U_4142,0.2840864673009608,0.22865808540191696,0.24030410792368984,0.039416345666386694,0.034026376034737446,0.0914539415481051,0.04717200771575587,0.325002253223943,0.36069228004384046,0.04492851748353284,0.0375364039767648,0.04343331540141402,0.11132105679831122,0.9148639127813223,0.5695406061311552,0.03485161802610532,0.15235292337946799
U_4143,0.03138811282207377,0.07579804668299206,0.07970167863972384,0.0924025346109061,0.16526174329423812,0.13092034436657307,0.10828527042876661,0.3480418899996685,0.3339919555831811,0.1572895529046975,0.1814079886589775,0.24466145857899818,0.12153791778325099,0.12370266465642032,0.06088468065197776,0.8610521211503595,0.1367751844003685
U_4144,0.3153085824817722,0.6939537490436003,0.2773968109685909,0.05405675623682353,0.053418118736568765,0.6102523030443854,0.05342801143354045,0.10977600760985355,0.04886966230688978,0.07904614355123443,0.05724415124881887,0.050498563138282486,0.12710259753021202,0.7174294807681016,0.3592896416594237,0.032665936230447674,0.12544018767404524
U_4145,0.03720801913428674,0.062297484291711835,0.10716364051741364,0.09702691122807838,0.15242159279432366,0.10777050218648222,0.14850072203982054,0.5452626819556234,0.06597292893024981,0.16782654914941042,0.156458612946505,0.21697864346361342,0.114971379634077,0.14839401449683437,0.06972389232253,0.7009130641396022,0.22105402377644448
U_4146,0.29138459926800514,0.25778551676117634,0.2847757416525254,0.03820251653274064,0.03847938943715197,0.1501554687105378,0.07355344214412834,0.10838910332855922,0.07088384676232085,0.07363528839954975,0.070701098390684,0.8211919777787868,0.1649310582687457,0.16896059012302725,0.259234711331112,0.037947597193166066,0.12865253978462896
U_4147,0.34942168828680803,0.2839315789262873,0.312414711778043,0.04253228301200122,0.04797519020834184,0.4666566138407365,0.07631924303751005,0.11624241638381419,0.07377546990040044,0.5270402415198359,0.06453125610245936,0.083200811457086,0.16539211785554897,0.1701418270079777,0.275149353533904,0.039509585367518606,0.13726189529311578
U_4148,0.5448779438148958,0.21371630837438527,0.5326631195983229,0.03571939541371019,0.0408449552516302,0.19077511000269426,0.5632400522832326,0.09703450139025999,0.0798243848077943,0.0688013270772792,0.0567413593785106,0.520435019845878,0.11146852795006781,0.13777208743833388,0.12899750064437351,0.03504568025852653,0.15951337788258074
U_4149,0.28583087541590163,0.7346238684051474,0.2569676362557369,0.0454971844671865,0.04357341185559259,0.2697878689378486,0.07334221536135649,0.09681163253780027,0.5986166433208231,0.05499593566430202,0.04395743065400424,0.04791159294382952,0.13642261907663367,0.1612275124688334,0.27170210280912616,0.03313118805183843,0.1562516631541482
U_4150,0.06645381144988768,0.11741084468565166,0.10863744282737095,0.14436574725860668,0.1763140021656221,0.11302428209463125,0.13997594335303448,0.19751487084658748,0.18854338871021928,0.10016427255274565,0.10139478554680287,0.7362732509252028,0.12146185599851826,0.18816600401755612,0.1208355496983455,0.4300323018009847,0.19502098870665288
U_4151,0.26641620587220954,0.25773023510412657,0.31087133635967007,0.045712513177667655,0.05113831773369597,0.25737777095935194,0.07949308996051337,0.10615107875947813,0.6081741866535921,0.05249805653976435,0.04774633061656759,0.09472720168957763,0.11910074166259518,0.18811481686336348,0.272368340614927,0.05806620310077986,0.511996738064386
U_4152,0.055665047358581736,0.05947139454500723,0.09319859156964594,0.11741808743595232,0.2735780137041535,0.42658809018733007,0.3788466308376483,0.13290088741102712,0.36527961863790853,0.2294676366511811,0.0730106981948276,0.058367396942803816,0.0739215825261048,0.0974777485014797,0.08101042065834294,0.7627726161036539,0.1405214204256751
U_4153,0.27549572356982505,0.6162011796568401,0.24650018587310069,0.030086345654245457,0.31539761020223545,0.572830354393999,0.07782891783004149,0.10159099029700716,0.3926805524580949,0.06850622011972884,0.05384243134018848,0.07239100187667695,0.15064737152128305,0.16945344861600645,0.23064865588983458,0.45358070857335836,0.10677936367966007
U_4154,0.2660067625858605,0.19924031089519972,0.22305022215842657,0.031062836254539553,0.16879840437689367,0.36897044130020185,0.13135485775659655,0.07522785060663756,0.03837356782044865,0.05906282403326984,0.042851946489789704,0.04259312385194853,0.10374557626006574,0.15112272033439764,0.8826691338882799,0.19009156034422958,0.09295294844664885
U_4155,0.3672645187381252,0.28171933895479645,0.3296996438022435,0.03875966821318555,0.038966106565862746,0.30218950833430913,0.0714703371847159,0.6424349906485627,0.05303606767944033,0.07252077980252686,0.06307431861923025,0.09293218379181266,0.12294829984823222,0.2063703539738798,0.28403991721253663,0.03427369488328446,0.6963618289656583
U_4156,0.30408578001477476,0.2728299008616309,0.2798487583484828,0.04497634554756127,0.04495844731841106,0.144541519207882,0.06086642398486081,0.1069250964570819,0.060875298942822814,0.820398471750573,0.057653932589046906,0.0703776494045335,0.15100991840481354,0.18029779411314878,0.2666673189203688,0.04088646515850147,0.1204366998616885
U_4157,0.03575543525276062,0.04193947840139223,0.45495922169216213,0.08647376807104644,0.47895604739990477,0.31434381695683783,0.29705788943661937,0.1065143671293139,0.7093966561914182,0.14924959949812414,0.1502415557134904,0.10683632287465947,0.08345365321618246,0.09762108189682825,0.024952584754687725,0.5764281455981921,0.14320091370517515
U_4158,0.03706825800037073,0.1490402816054808,0.08612184761867142,0.09908493950900511,0.14450361615866322,0.15432437701097437,0.5867482602545997,0.4589464026149649,0.10202597501954827,0.1281372483036752,0.10483193837642822,0.20242907914583408,0.11755784844859002,0.13126103055789096,0.07230743056999371,0.5016702472845191,0.1633706146304261
U_4159,0.2662115758658158,0.2279375007925833,0.23729196651660894,0.02800986138977018,0.032718306272926476,0.47185468772769773,0.04593484086547655,0.08752404080296237,0.028512919023603138,0.047771055017236316,0.0401242246981947,0.05616507050667182,0.10230870327164701,0.65808980170209,0.6000185985502209,0.1628137720777204,0.16825204721168247
U_4160,0.21785116197584342,0.2710329611258185,0.2525034060652515,0.05814698116973106,0.056468720638424286,0.21046754745980484,0.11341891503471332,0.5567673739193586,0.18127604838165196,0.07432358328417717,0.06878188678114702,0.07668848997322147,0.1532481209036966,0.1628390121209911,0.1068706027910306,0.02431483718675376,0.6836748381736921
U_4161,0.2500447282973182,0.8022172597241644,0.26651883206411975,0.0347470833552501,0.03581515196361716,0.2043698454566271,0.04544346164679024,0.09129383948036981,0.0329058839828473,0.04639463750761981,0.052614680750271994,0.036691260970162815,0.12542095449459653,0.7094124949897975,0.5578429267258183,0.0332966425655382,0.1502378403814995
U_4162,0.26837800172558407,0.3235328938644855,0.3359440906097432,0.06348731910513347,0.07138114139088533,0.22339502216583143,0.09041786088164902,0.1327221064744187,0.15055659717101022,0.06259143379735932,0.08086782746107177,0.05687213668230136,0.14226928703430164,0.1846917076925095,0.16000697379287276,0.04732304940142616,0.7642722464214706
U_4163,0.28808905617462316,0.2349284504002613,0.2518862197537146,0.031251737383441676,0.02997863860583557,0.13195344805630427,0.059848889684022535,0.0855604451569053,0.13399951776329272,0.06386460042766044,0.05026609453153568,0.05671892617810502,0.08564872461732036,0.6070611630130329,0.6162302347208499,0.2682351196077922,0.11179830060452042
U_4164,0.3303967815965749,0.2838657085669548,0.2718185531573177,0.04375742990937966,0.04614657296304757,0.13599964991538877,0.41964989957286025,0.11020106978055055,0.05345233593085301,0.05426951882283583,0.06288104262893462,0.7140080266751179,0.1691504569565496,0.16893930279863464,0.30315376440038777,0.048454636639395955,0.0980908223320186
U_4165,0.4627474594247806,0.3040980533469076,0.2920990668351519,0.0548366122550174,0.041605432992525254,0.1566255209681412,0.0708057304553458,0.11661250638855272,0.06224875271110636,0.07421545284618769,0.08402823070431456,0.6960580594811836,0.14769298120367386,0.21441906485217713,0.2488100190886166,0.04431201989317241,0.14972465681522162
U_4166,0.24376824798814886,0.25548415895630366,0.7194522512384292,0.05443394708147724,0.057719888928009035,0.2593979681675426,0.099945258955645,0.1143003695887373,0.08004541537588895,0.07038362150793469,0.05764842299134746,0.06223347196088548,0.13272934716860654,0.1773983757659217,0.2630978216194089,0.043448739160196925,0.4695535557567928
U_4167,0.22808695964583575,0.2268806713097725,0.28961122118722316,0.08537364636727925,0.07767531527956115,0.26423637932155264,0.15254658270022065,0.13385336623809826,0.6560546943010352,0.04953120473784994,0.07595805033707098,0.05839887955017471,0.1780423785082726,0.2162734422950563,0.14609437373728965,0.02927988211878905,0.6876076885856564
U_4168,0.111126775438874,0.16407841622018246,0.15925981640277845,0.08899147492187251,0.10364267358316989,0.18193003782613837,0.15802458357682742,0.158319773651262,0.5469968078678582,0.07036541155560345,0.0702897488072215,0.9532465968562651,0.16750020374015107,0.16610079227293453,0.0730258968010869,0.04062403475407932,0.14717935344880365
U_4169,0.37211848796132113,0.29911747743768113,0.30340083102952037,0.05277988899300516,0.0645498850153854,0.2637447788610265,0.10012912117609857,0.7594459563421627,0.08221236658323165,0.09939279307124146,0.07314419103134989,0.08541059744038562,0.1909037383357438,0.21268667392363497,0.23083449724401414,0.031429181334889165,0.293972380906472
U_4170,0.22292809203170794,0.5238069388502391,0.26179170643777666,0.05658225992503845,0.05904117561377924,0.1672525193952968,0.14687802357690571,0.11600274092888613,0.5700084852959573,0.22972339224198804,0.05330780952991148,0.06512001217631953,0.15008919120204553,0.14288008496041746,0.1148611228619302,0.024228771275792725,0.6446102521896897
U_4171,0.34277843427828086,0.6397617871848706,0.9392552988252858,0.05270389544290548,0.04470381449764809,0.12431648149445909,0.05363906567159489,0.08414229470252625,0.051457704621718676,0.06964705398205916,0.054988918325589775,0.0622980231291306,0.14887645366340865,0.16395365327635167,0.2453777370504381,0.039818731471475674,0.1051542358238143
U_4172,0.5941107879768281,0.220438460486378,0.5431812894516939,0.028573604538758957,0.28295460027881714,0.1595060248965779,0.3349592707986614,0.08560363608812918,0.052519827825161916,0.07678529048578948,0.05105084183707702,0.6903828212565357,0.12641303268272985,0.1414713808631361,0.24794578540179496,0.02402312430979982,0.10884400928695283
U_4173,0.11019797125073263,0.10491534950807785,0.7504251619596127,0.06283600469437557,0.37550861895972326,0.16167456432020608,0.17203792297092046,0.12669140798771425,0.3997387086574838,0.07592356383294208,0.07351611142158512,0.4020062521974539,0.16061217484779072,0.15731266076306122,0.06682059530689673,0.024931891056675995,0.11635641158656748
U_4174,0.2377239869519145,0.21677636370803305,0.6924751533733446,0.03600635881650213,0.039689351767943644,0.8495510475720425,0.0751229136527681,0.10856126272420472,0.033288263678675545,0.053268166872035866,0.04100605480815175,0.04760055609890828,0.12741700243988774,0.15551601935875756,0.2572347340074478,0.030571850599898115,0.37442291183343607
U_4175,0.30946882552002253,0.3162488069499744,0.29890086501761737,0.05262590042691143,0.08117715218603469,0.17728915577839233,0.11102553348248426,0.5917780297166411,0.21413547365269742,0.09116070794740795,0.08131792448252959,0.08557169746848066,0.21726095268025025,0.18746554313531527,0.2238395655580405,0.04527722227175841,0.2247437378851732
U_4176,0.2366084908410241,0.20831822714150317,0.6655629844785851,0.023204871177276674,0.09698516933413101,0.23028131609533636,0.20324777247220527,0.19041254674392077,0.5495686990397888,0.04830907536116185,0.03001872252080543,0.05443158822839482,0.08224218458657942,0.11997478486444958,0.2046042226945223,0.020628959114231658,0.5621417456286077
U_4177,0.0711534044008018,0.25230733300570274,0.23852373276722877,0.06346851944196098,0.10425203406178009,0.185098585816555,0.691737902400128,0.12335136602397637,0.17403529055775857,0.4832699650859205,0.10390916293155206,0.08066591817028901,0.15830181532144635,0.1467164599611967,0.08273833270138897,0.03724309687485415,0.5558489843680658
U_4178,0.26409152569264943,0.25044752654416114,0.2562756098173817,0.0473182831914218,0.05043564115049995,0.30799423809226645,0.07909851401759722,0.11438232382854444,0.051251977602941236,0.05705014109424621,0.05302044994955505,0.054414336373106345,0.12985658032842587,0.15322316730716826,0.23771751520284184,0.045229304930432715,0.8577735895673559
U_4179,0.22795681481743435,0.1996463948867907,0.8581894280204561,0.03872595971728893,0.0372349204922451,0.2504867754379165,0.07250027884964039,0.3808032177765642,0.2874691535355284,0.07162828987402674,0.05477872878422688,0.05893505581973802,0.12245059365061453,0.14507182004703006,0.19804422312857703,0.03164634916824162,0.6220031829856747
U_4180,0.4447612039751034,0.22439382027897337,0.5427548715204511,0.039240458147918995,0.058425029567639744,0.23387217449512412,0.08621769300499646,0.09681941996249259,0.13178764068057625,0.0676073947205466,0.07659127383175683,0.31262593761388385,0.16070617269165408,0.13766825920293366,0.14260060558983265,0.024715991667234385,0.1504732462318199
U_4181,0.21343755194800657,0.3132389080470908,0.24148157139023216,0.16582296037541264,0.06806854104694783,0.1858729699616048,0.08033024768333885,0.1286708481507722,0.717001537805952,0.048304303812065526,0.07979502422446083,0.06275843853947098,0.1658126347178959,0.17515228619284542,0.10888120116969058,0.02964893414737703,0.6329523358847959
U_4182,0.3861410761129909,0.333858575012375,0.2963549911076332,0.04512392467530385,0.04561016318293043,0.2502509042465496,0.07719022426440228,0.11477376978956207,0.07243226238799352,0.07495155674145942,0.04593330520051903,0.06710080028055852,0.1775092513839134,0.20248530584171437,0.33189197424623346,0.44436772861318635,0.19471506893573848
U_4183,0.24921892365534853,0.23218772947900962,0.29363336347318514,0.07676428386260205,0.07918430937580982,0.2610640912651405,0.1471683126419538,0.14122849693050762,0.7855628965951351,0.059961951363254454,0.06772408572510137,0.08476445192450678,0.17672230741027892,0.19951218452237235,0.1745590933996238,0.05129054528992897,0.20107220286255456
U_4184,0.262533522768534,0.2401187605531776,0.25076726732258603,0.03847548243028881,0.047759001293650495,0.2137524633840156,0.39906585389151494,0.11857892780403964,0.12732682376921564,0.665891826572423,0.04829436683714176,0.06852603121724071,0.12279200482170625,0.1567779506151666,0.14456727150835638,0.03295421302399695,0.7768000609438195
U_4185,0.2515490247660404,0.19599420007444016,0.22272397454674864,0.03291251128644203,0.1313297333661358,0.09951280669970686,0.0571411103613488,0.209322102177779,0.03135339626532944,0.22710546052233338,0.04307372412544745,0.3353539789838064,0.11234326825082054,0.5785600760414875,0.6649244839593469,0.08855363086541615,0.09541394100220596
U_4186,0.26769593648090734,0.2881465958732633,0.297503053635131,0.037608135472185576,0.05625861839523726,0.26621558924486527,0.08578909902794714,0.11167888391553342,0.040140644120259875,0.06181006506571231,0.05565965574326471,0.10248625132358943,0.12032039695428556,0.19122135653590924,0.2613032723868317,0.4331508574511584,0.8175474047660667
U_4187,0.05119150373585129,0.6272551414517431,0.7485642166092776,0.07591290797292619,0.28059726378101474,0.42320566794355174,0.15178975113185317,0.11610543384108835,0.1531438565923953,0.2781212355660102,0.0943273006045355,0.5483569511869113,0.13913773304165705,0.16107521482141726,0.062388183539418024,0.029323942709580837,0.11679341756973421
U_4188,0.02229759364643248,0.05580446950446335,0.08057797594037996,0.07670875935947397,0.44607010363128596,0.4147013376933261,0.11481779919332175,0.12090254287056391,0.08491234450846931,0.13870388097101738,0.13576163228237917,0.7852202466579012,0.07571310981500873,0.10979382799897955,0.03555046539691244,0.7062641087572479,0.12455003028701747
U_4189,0.32748733969511645,0.29969721992035697,0.8462971600396438,0.05101860155501342,0.052954617413982476,0.15288379427873994,0.07681314220448512,0.1087424121779666,0.06830924309308958,0.07529813191774233,0.09150149238612354,0.06923712780096526,0.1648608971951087,0.18680666213128747,0.3199581626009794,0.05899351440023864,0.11786654400436782
U_4190,0.29451308650479574,0.26046473432830314,0.33149120997020864,0.04071866504707562,0.061199016226477096,0.1848694932544863,0.07036357038804365,0.16291088849393143,0.05773687145276303,0.07686571484534974,0.06009047869402884,0.05977175120322413,0.15063358214510142,0.18500924932636226,0.4718416333013613,0.07077545008265969,0.14110361695569137
U_4191,0.2735364637273733,0.21598468091244166,0.3221945295929714,0.06448160685811595,0.09638712483931637,0.26872550430200265,0.17136514540464856,0.1306309519969568,0.5720164544338286,0.049867914902863186,0.04753015794432377,0.09390060149438442,0.15833613795431084,0.192425710637281,0.1467216363058304,0.04768635897436588,0.586526927151541
U_4192,0.36591311089756184,0.2862659411103108,0.9456047118017519,0.05564162219410255,0.058661447048938345,0.145225936690433,0.07558044681006972,0.09422725121459519,0.0605743564097946,0.06895068102621892,0.08484200501939985,0.0699594447454831,0.20068618730020438,0.19059247260247025,0.3006218944431018,0.05388368739732532,0.16516221340885892
U_4193,0.22482706907061045,0.19769281911357853,0.2478596598765936,0.07843933389148443,0.0999902552897818,0.9125417409259899,0.16749514859029901,0.14470486997619644,0.07033573252640107,0.06075627157129297,0.05987935178664875,0.5683467424971749,0.18176728446672863,0.20795467494035763,0.12463190339854496,0.030774355766662584,0.1491172434436718
U_4194,0.2764015282591898,0.25359145784148124,0.2589400964943953,0.04350245967694972,0.03272296894987595,0.20122201764664135,0.043606386708831775,0.09117341032153371,0.037702945853674355,0.04542329762463011,0.04411999139155476,0.42170029183788266,0.13925795366473492,0.7062278924656731,0.6307922120307434,0.03593504201853163,0.17247888750638188
U_4195,0.4005236336324612,0.43258081228512635,0.30876873908596036,0.053563284529789576,0.037955438311454176,0.16459521830242194,0.07181438652746568,0.13156781436612114,0.06092297872279394,0.6778076797957824,0.07585232961910446,0.06720047669988721,0.1498547279615978,0.20875719089788866,0.27310394645160496,0.05278254886663247,0.14679372952495623
U_4196,0.03565612559197368,0.07197920383341498,0.11934424686659026,0.12003555697297176,0.20429141805103251,0.2611200406339922,0.15929034227294153,0.18226235943830096,0.10516311049623213,0.27443050034023536,0.2719147768671985,0.24720549104001904,0.15050997439229713,0.18996331291011037,0.07466875512528905,0.513322221695556,0.25056841514939054
U_4197,0.20680919912421625,0.35213003198263604,0.5574086246963583,0.03184475490305953,0.08329623471495343,0.18014113961592462,0.05252806909223343,0.08507443976473275,0.6555389804579035,0.12002094031556342,0.03697003051120122,0.042658339208833614,0.10644063160535683,0.11403702463359669,0.20907343523275085,0.13368214092174568,0.7416366363531026
U_4198,0.13519841660230703,0.12966390253694085,0.25154899164325745,0.0893515921206395,0.12428849266487649,0.2558923477350865,0.14947967261781528,0.16096501056893736,0.9025210459188975,0.07567044569670507,0.09198771813115346,0.6231995632249303,0.18531533127207356,0.20759315330852735,0.10131486389379077,0.04293716849320347,0.16598069913530597
U_4199,0.2023605198750003,0.21363544916064736,0.4899617133469884,0.030795885805298476,0.015597496538231378,0.40696190634846,0.04134394463526464,0.1910467131208807,0.3268135270167519,0.08127250181693542,0.03877744613264318,0.02240240231811376,0.08640322542488123,0.6972492648262181,0.8073441486008264,0.007504616037813621,0.08202520358420486
U_4200,0.18451754603739368,0.20036615944186864,0.19096760126750753,0.03625236796590928,0.04446534692884399,0.8131598250879826,0.3941952092514019,0.09894425441938653,0.6962808663649633,0.05849555881195598,0.055358716570059835,0.5099489964867165,0.1535435442692789,0.15382623458894246,0.08985737508050362,0.0365567027245439,0.1199829616241428
U_4201,0.6439318141598636,0.41505137160479555,0.3614142513794301,0.07914109980531882,0.06696296044179942,0.2953519167004591,0.07589804824523912,0.1101812663637384,0.04207553802214102,0.06289119935701463,0.06870889329663046,0.0782210195222908,0.2036445748766203,0.21635518288971634,0.42655747066376193,0.053024411167845856,0.21131504137889334
U_4202,0.28589152252408684,0.2399386390082657,0.2884618709624234,0.031970230365973976,0.04811579027921588,0.5096180187646504,0.20255519597192312,0.11444850121243968,0.055651013358544145,0.05662016392390905,0.049485229136927954,0.682923438591321,0.1313327011259977,0.1553347070260966,0.26935920879549846,0.04347657551970632,0.11898034791567029
U_4203,0.06435165022039797,0.2251067885182043,0.1471768289570931,0.13358375819402746,0.15060121834693768,0.9403309201565262,0.19974409039254726,0.1536772574637962,0.2323167104352608,0.0943547174478539,0.10695090490009261,0.08715465976007344,0.2402560222154543,0.2068185337282327,0.08545794797399617,0.04555858622270915,0.15708644087412563
U_4204,0.03176842181921121,0.05828741043495092,0.1144087895501299,0.10526563895405579,0.1926849304336941,0.7524535248724344,0.12374399463236518,0.1598660226063176,0.09791650426959682,0.2031928178988111,0.20661670161785967,0.18696860331502155,0.13625427669543477,0.17621530482175185,0.0535117364119553,0.5180772281618289,0.19882400633733285
U_4205,0.36249630072502587,0.2938029080939244,0.3270907867849617,0.03741321970021612,0.07236539125754975,0.3197282165167077,0.675500919856626,0.10630736079692903,0.06596142229167014,0.074324456327393,0.06764453378354163,0.08816916064948602,0.1734844861503856,0.19380657193018097,0.32164618977397536,0.048173454079891334,0.17115665786705653
U_4206,0.22969965008106413,0.19918209940376344,0.17258397698193587,0.03031419715525354,0.028043876097345388,0.26641815637759203,0.0678318267116135,0.1077950552198446,0.5457384077571259,0.22044564950223028,0.04608920028936437,0.33541502009683,0.11684401102739302,0.1337432767149831,0.1980643262252143,0.3030347483406378,0.8388308271844851
U_4207,0.20294241906942773,0.2395064323936683,0.6124226918725033,0.04444643453025975,0.04771209335019082,0.30718551724913035,0.07574637507796655,0.1306643383862213,0.06753608616941988,0.054524180822935114,0.058714209870107746,0.07199465407630687,0.15419531238355957,0.16065365862892983,0.16407026171793374,0.47664089499483137,0.4506035745224982
U_4208,0.30425324788629454,0.2565107378138685,0.5701334964824061,0.05083726088840607,0.04913288287882843,0.5991485623585204,0.06701072742291764,0.5908429248376275,0.04925860345697573,0.28133014880012097,0.05780450852583021,0.0818020924929185,0.15229147574077906,0.18406465317561746,0.2234021067680161,0.02897228747975531,0.1017328925887544
U_4209,0.09396096710633318,0.26198868688101634,0.8293354713562684,0.0751056272196952,0.1002198842810854,0.16197160132308194,0.14345608932029233,0.1368619100541999,0.2431446178528605,0.07607964871292498,0.0879578524887796,0.47325928769156683,0.16021993095301507,0.17748908894882448,0.07877197213279445,0.044316137002500686,0.14298491143147551
U_4210,0.2607558539287621,0.2562680024636751,0.2860328285253545,0.05113327411170565,0.05547875845214604,0.2839156761694797,0.580777329111811,0.5204875772555679,0.06225310725632803,0.06103548540498695,0.05130532868692219,0.0724595624008639,0.14902733635530208,0.180891818489433,0.14998681323279087,0.024761999897120617,0.5608209655436722
U_4211,0.5335463949810852,0.5515058820841743,0.4923239871530503,0.036199434072712734,0.07615812510772363,0.4270139368720993,0.10599274707141468,0.14694524681114926,0.06815564759564521,0.08200123429059138,0.06954513252237136,0.07102362967327809,0.2053567959965566,0.27634878427525045,0.36823089759870686,0.07795693277410197,0.23008685986565136
U_4212,0.05342016289564049,0.11399652182955579,0.1104060053502075,0.09957744900130393,0.14133603408132278,0.9933760020024394,0.1671643080490441,0.14563931039957503,0.18704377492225582,0.1296834927296958,0.13344365380219503,0.09480660192321579,0.15791506203507805,0.1695418721221344,0.07720505929746363,0.04788869761312978,0.14686856678316682
U_4213,0.4649350757772103,0.4379808769176573,0.5017401945999189,0.07689130474789885,0.0803367031693886,0.343456683889303,0.10912897728580764,0.1658707552366687,0.06459919875484216,0.09712792945881299,0.09560049163520842,0.08087664782605816,0.20779821812594684,0.2627059479818165,0.3866845793434386,0.03897495020965761,0.21203960153084236
U_4214,0.22443494258679844,0.20032735729898019,0.8800983830559654,0.03041696440790266,0.026177928108056712,0.23600095169846175,0.21316076436175072,0.2133878891094624,0.32156266511800174,0.04652036910577119,0.05464739349001013,0.21138986681035482,0.11101329658299641,0.13615756429103312,0.15337665953355548,0.05617958593552711,0.23384345494284828
U_4215,0.25881186541689216,0.2512356953971046,0.2867127345948191,0.03671428873520006,0.03670517815881788,0.21510710710359215,0.05876434318756126,0.09750476977922545,0.03884379048039316,0.04856368891693869,0.05200367525216148,0.04365482328427442,0.13166050823431782,0.8144449042656801,0.5703302087272268,0.03339212485396984,0.18481647076565733
U_4216,0.223724783084949,0.33209677896716205,0.18824339434370155,0.07145041143461701,0.05923293205759175,0.2326156482761786,0.09488748765067898,0.14609897027873905,0.14048501704721256,0.061081452511237644,0.07905906710524879,0.06548448701306173,0.146931388528786,0.18207374364537574,0.11895919289780162,0.04636149563863025,0.7951617262468587
U_4217,0.16731740845783624,0.20669224622447918,0.9554608750230109,0.10044589122176292,0.10914975975523916,0.22242913364628336,0.14399300626294873,0.13040869576205472,0.1969197190819278,0.08191926422213296,0.08992049594396087,0.07288196433028317,0.19242037427772066,0.19066283554079316,0.10863457588536299,0.04433013015169894,0.16064332026574657
U_4218,0.2755991392559926,0.2271115843056633,0.24048101305647165,0.038416832909965545,0.3802338161487217,0.2789417989767947,0.07695546983817206,0.10901884237829904,0.06768173438695407,0.4713629072346287,0.049693847425451514,0.060700912841267676,0.12827036896483587,0.15744353557467458,0.24030455268133774,0.03144292315931781,0.819000366482536
U_4219,0.23968292966822102,0.6649553663469934,0.8470685664961748,0.02537078012737064,0.1481717731644107,0.34551232254115444,0.06546538589157104,0.09485847033308846,0.03897782501718622,0.051200741639040155,0.06270514996162278,0.12173630978204768,0.1094759816642757,0.15496308121861546,0.19215665101697504,0.19208168078549143,0.0882166952598882
U_4220,0.327500336152563,0.2603257277995987,0.31347915519988445,0.0483683963378787,0.052271497330114734,0.8581061194118633,0.07426089907899663,0.11791811909104984,0.059375263085452275,0.0678087606394245,0.08027242834462887,0.07549135544000664,0.20734017838645058,0.1865386158477144,0.32548257631894073,0.05209222017291089,0.14920901878195186
U_4221,0.1762925889642627,0.46001832483787036,0.2255286838033501,0.01997521059843922,0.021303835058316643,0.7819228866662793,0.06889688811887992,0.07202479098886463,0.3694022517428163,0.048638745487730686,0.03326259663849893,0.05422404185928306,0.11809901984007502,0.139504668009994,0.2209606552076987,0.10425986962726597,0.1238629228911465
U_4222,0.24371956685490617,0.2240804095063114,0.25996913676312705,0.036171247469462715,0.02888128012056433,0.6386816572909759,0.04106701107440034,0.08926299814902804,0.0299658785558315,0.047096828375542174,0.04806626650548331,0.03358858793442383,0.1320477063474416,0.8019224915417129,0.5609601923735046,0.03656356539897335,0.15250665088558427
U_4223,0.030556086212219433,0.3363676534230284,0.41631689732782023,0.09032320022512837,0.4673932012650668,0.1277151193602547,0.5647661212952078,0.12433879931284089,0.04785120887766113,0.12263446737574467,0.14006893742224874,0.1150212265962441,0.0749286061802096,0.11139326630544473,0.036576953645905005,0.6770089454764214,0.13010038430215093
U_4224,0.2850280797272032,0.23382209452811403,0.2695996046888512,0.03488462034114771,0.03921656953181013,0.1736613773998652,0.08510659304567855,0.5428378555983642,0.4778334602862354,0.26821024510864694,0.05768406992259735,0.4532735624893847,0.14415312103572628,0.16131841608743433,0.25431758183908926,0.024070399331249114,0.47908679373874996
U_4225,0.1447141061046465,0.16024851364568513,0.23177218442204095,0.07050510203117571,0.11223833262831485,0.18511236300912912,0.13769182244022304,0.4103740143733661,0.8539200776844753,0.08609817445447597,0.0841904976910928,0.09804635781442932,0.15775989111429337,0.1771404998185142,0.10744803796923355,0.05111143094087102,0.17356402410698893
U_4226,0.29136937073490826,0.3150665508372792,0.4136592314495244,0.027809265272661508,0.23080022620309645,0.11803827466373437,0.06283522153221228,0.09825052316906735,0.3168771918175812,0.18640257722930004,0.03858160364788347,0.3685988341524322,0.09548818759337238,0.5818947211472849,0.5187003428166979,0.03113505931217954,0.09907800563659723
U_4227,0.3207589868527824,0.26607407486411355,0.25573332965074463,0.03723400655931216,0.036500740345593224,0.11706133268893257,0.5745503833710479,0.10901734550962733,0.046116015245281534,0.059368777389433525,0.05113727328351545,0.04798143247245864,0.14743050383480552,0.7601992599793252,0.26229735198124227,0.341915609545556,0.11788588427230923
U_4228,0.2435209709372544,0.7918092718367404,0.2655077178837335,0.05213557515143802,0.051918813532702834,0.23408107177534274,0.10398576941780857,0.10890829461186168,0.3943375918262922,0.50015310770681,0.09373414707260014,0.0875009157109497,0.1632934948239653,0.14921545752131696,0.12839815313949576,0.03598721796628018,0.15281833703763337
U_4229,0.03267667902079818,0.043365410929924866,0.10181537592806991,0.07710887992654507,0.16937147469501296,0.9070807537742394,0.14648394413286497,0.14588402455544142,0.11945136482200634,0.22700867035005856,0.2218371234066704,0.17452665630683978,0.12247984227684232,0.1537149214336553,0.045995341587484036,0.3800305407002335,0.183374320929206
U_4230,0.06671563537551334,0.07901966179134842,0.08229426752673913,0.12279645022544497,0.36642150812369045,0.3407309830564534,0.1358326355033744,0.146206895518047,0.050560741408589745,0.5059206689842446,0.0808000688669676,0.3722346064944055,0.07010809809116658,0.11663367940459538,0.09929905529063783,0.3694974316781904,0.14994173492881296
U_4231,0.03202882213536477,0.07427822769512732,0.08835045419156166,0.11066925232768866,0.20272928631538442,0.17714001532524074,0.15536230720173355,0.15209705092643228,0.12982369441012725,0.847764073911768,0.2055553823155792,0.1722183757601634,0.12475872068558749,0.17269613180960308,0.06257585522752535,0.373644748966466,0.19076655713567048
U_4232,0.03413045515213341,0.24414932939411035,0.21588273585701062,0.07850720696861069,0.11802635767482889,0.24541996322393575,0.32522190747461355,0.11455628700567771,0.04051731412631592,0.1049183737869727,0.10028988400705742,0.9039204183394174,0.07024194941040482,0.06935958592816689,0.018443251255986323,0.36364069377739155,0.08579125139379729
U_4233,0.15439423159649457,0.4624757260995755,0.37943698206356424,0.09562945335369269,0.13563175505681357,0.3880186677061836,0.17309273743973932,0.19995603748094626,0.30819851645927077,0.21938781345141678,0.20103760236002524,0.15900555017780535,0.28282339714156796,0.31163298307481285,0.15125525922698152,0.06731121057276698,0.2260458094156911
U_4234,0.15600292158562248,0.15621108510783993,0.20876024701312454,0.0575080139436147,0.061974831647231124,0.21419666129117151,0.13240498796557107,0.12359046873250956,0.8667183694946616,0.06479558774476188,0.07223410228357649,0.06012682434903969,0.14857508301778807,0.14990320131071502,0.07447910478915006,0.03165026908721069,0.3457819244566409
U_4235,0.2382854308813168,0.28730582151474265,0.28003824532441646,0.03936127687243227,0.05323670462848187,0.18120973840041904,0.10090817573828961,0.4419414481397223,0.1564371028652374,0.5783432664360519,0.07702646556605974,0.07286609646800024,0.1327785825171757,0.15796659756806228,0.09428352017177484,0.4627107340728442,0.15689785261984965
U_4236,0.30220989553919714,0.8171907376447136,0.2454353043996756,0.04881910765257302,0.0390361344051624,0.2501690647312553,0.08589325883338282,0.09626276233269047,0.057617915786451056,0.07051666800675446,0.05230580008953889,0.6275437436278672,0.15682286999280304,0.18212019535177604,0.28279908871229276,0.04178592890174069,0.13846473532068848
U_4237,0.3632433872797243,0.2790603204285192,0.2732482079048987,0.06367894299800776,0.05270151508416612,0.16118773159110936,0.07766680070710258,0.7306079939968337,0.5228780706164284,0.06425409356897743,0.05130876513637724,0.06477009313083347,0.16887944168775806,0.1742791802614481,0.28059366553465603,0.03632918252595219,0.15343272109558334
U_4238,0.30252321785070435,0.2825802362625078,0.29791755553225,0.0336213847905009,0.513654776004719,0.29052611659817895,0.07850594711371701,0.10713813846844636,0.05086483115919539,0.45902157771663804,0.04455073432808014,0.07717737124140323,0.1525650227262526,0.1827479704018329,0.28353517004044654,0.5396873239543942,0.1389582855125459
U_4239,0.30451380014957935,0.24375036325772415,0.6370675206990171,0.04352473806284534,0.42810027949982693,0.15771532582882167,0.08537919159145495,0.6123723056201926,0.06061248504692486,0.0829004767083967,0.06257947868130671,0.33730395496015436,0.16326401946134453,0.19347777004750782,0.2608929043850858,0.03820124301107354,0.12407260469197084
U_4240,0.27680672058040384,0.29348473576572476,0.2629703122499884,0.04727308443827656,0.0432787210387967,0.2065157082095303,0.06861425515648628,0.13312101647265567,0.054347902367067796,0.058797276385982526,0.0648108780905376,0.7880580887204727,0.118767911194875,0.15030604900566397,0.23770139876332455,0.03242867617044102,0.508556738955735
U_4241,0.03492260125687163,0.059493930170951156,0.17560299333146,0.10652686111810365,0.19313087318409328,0.16452699703850804,0.15977745173205937,0.1520560771438189,0.8334493656514232,0.20301407959691659,0.2277676932029029,0.21876487694365984,0.14160855573091133,0.1542706964118934,0.05807305370814149,0.3791670849374709,0.20598087390460154
U_4242,0.20237980277221215,0.5970034377689772,0.2739352353245873,0.04979131204715942,0.4340468635545674,0.26309536451786647,0.29307621832725345,0.08104266867244116,0.43408783014908364,0.07528507795442932,0.09869398965502273,0.6752102190159088,0.12423967068913452,0.1416062806714454,0.0829416628720085,0.016329386348732176,0.149825869104279
U_4243,0.23672089556372558,0.21192486446251965,0.23147559386178174,0.07258095337835319,0.09477683184397678,0.25407516206566066,0.17442095734357793,0.14389265675383475,0.7341687842114317,0.0799393075267789,0.06248545739937027,0.06451777120272686,0.16029224254981628,0.19397220501787227,0.15658389388141525,0.03824881521519602,0.6247796111984294
U_4244,0.3905759270138067,0.3210889278082177,0.31057219161269506,0.03703340670142173,0.03902580255841839,0.1719354793748604,0.08866288764290263,0.11676712109338458,0.05209482391009741,0.06738586177691364,0.05636362950681556,0.06619939634791831,0.14531268479370713,0.18487636843765498,0.3101355933178387,0.7071986929748353,0.15866552586629457
U_4245,0.08048464593992656,0.19123866612495632,0.12061361089951224,0.09824070411604979,0.1308787395992002,0.9330682379954724,0.17845363601007486,0.1541956164675434,0.17412119022905714,0.08345053791372481,0.08519424605018831,0.5726468351496743,0.1960754190800017,0.22072172843437834,0.09293903094718792,0.03362370284089738,0.15502868720609098
U_4246,0.09225310704475893,0.09355250602607747,0.13133276096274965,0.09937804120789775,0.16226988455643124,0.18078715741409707,0.16642184144342345,0.7774625890947353,0.22585371552197026,0.10276296811503982,0.1105316530729312,0.7841676336067713,0.19639830551144347,0.20640868988535868,0.09160525147291264,0.05571302377191825,0.1919597456123588
U_4247,0.033625991272917315,0.08501217523632698,0.8196540217653701,0.11456658072387327,0.16459642672225314,0.1493019523169471,0.1474866789077267,0.14269991833863266,0.5385535617080499,0.1672510931208675,0.17795915306482213,0.19616137868415157,0.12837132446200092,0.14151532505575268,0.055822815259712374,0.3078114448966649,0.19254037454849168
U_4248,0.1316969672796778,0.1493170009902189,0.35277044898444093,0.0350593558521821,0.0527901621747119,0.7840979788258691,0.29440014324008434,0.08182014635167924,0.490516467933469,0.04025010826155316,0.03447988966604631,0.06316488267696978,0.1191089178805097,0.11954521878711066,0.06329182289810895,0.13598163488175072,0.4713337646915742
U_4249,0.219507273308006,0.2781999586209593,0.3677824292872644,0.11201964216129034,0.12635978059627584,0.4147067571289251,0.2043452511671153,0.23151550070209084,0.23220863531781397,0.12680729849698955,0.1309894824276316,0.11080059218033886,0.22727862391032763,0.2572389593755277,0.15792112176256093,0.058311711074669856,0.22947796404290494
U_4250,0.2868225010324779,0.25167083780861255,0.2701808490462823,0.045339605214380116,0.03237416690209522,0.12179900012741027,0.044920569233308894,0.08733750903846747,0.5232014005838637,0.05277141692106367,0.05086302438520954,0.03843451589882468,0.14319482455976207,0.724424718257727,0.6009890181151869,0.03427565183539153,0.15441318749564673
U_4251,0.044797290449060466,0.39159483937429473,0.11794519770776951,0.08005231426831157,0.41440872457780925,0.8372874614467618,0.16692854324014625,0.11632832797529509,0.17448279396787333,0.35370985241923564,0.07402151855948726,0.3196701583031413,0.1596873985306701,0.16183191554914766,0.045682333353381094,0.042924598484424675,0.1277055424919833
U_4252,0.21186514908209753,0.192362756778601,0.263694862255597,0.025196031385476606,0.04906862309507302,0.1590344352220488,0.08323828204021207,0.3092563056269661,0.6991244275722004,0.07637582243018162,0.05965799414862415,0.10720569268439978,0.10515640405785008,0.15051286054221444,0.19199341685968235,0.3080773509123333,0.6248533733169999
U_4253,0.3139007142401838,0.2659981782633591,0.32409273600048233,0.025822346362185375,0.05280078383206645,0.29397161286846474,0.08082925644377535,0.11702137652612057,0.5350887451648982,0.0739099996700459,0.06405652083640281,0.09192794247437286,0.1644578588075977,0.19040242588493966,0.3277277694768162,0.0507385624505851,0.1659275405004556
U_4254,0.17811849575305944,0.14390292773342112,0.20800854696675825,0.06387075270435452,0.06947893832563345,0.8919044194584749,0.4019682214788093,0.13092551541970548,0.3490550560106631,0.06228137709829827,0.06176768340419847,0.07263243555673636,0.1450569538913766,0.1389108315125528,0.07891341083251247,0.025736127472667954,0.3842483179679692
U_4255,0.26331151106009154,0.1972174310131272,0.26365399335084355,0.08957642696826627,0.09171923290285008,0.3160246752695506,0.1397772222604159,0.15577235845570278,0.8800635467453308,0.10689897070539878,0.08961743168940021,0.08981946871126585,0.17653962071372506,0.19273481910912257,0.12075401923328205,0.050290243073903396,0.22081096319215088
U_4256,0.050247270035643735,0.06043308588557038,0.07972411972484916,0.09798447045988296,0.13458968618370273,0.8003933021395597,0.12889344186187773,0.29116891590746863,0.31362857162269064,0.21948762576662292,0.20796390982257412,0.4057197291663475,0.08876128132699751,0.11149409971402614,0.03189994536898679,0.3057807526414237,0.15672938282992827
U_4257,0.18191116449234945,0.2204482055260544,0.20559363446434545,0.09354760652482892,0.11689411061369209,0.22682778828842207,0.20739501835637397,0.17943777091097612,0.22023954599788534,0.06959366959535519,0.07316735845594895,0.7395013724884907,0.19879398153234132,0.22522122732395014,0.10777187966806656,0.04132876033448588,0.17863841307482708
U_4258,0.051444340641294495,0.12371393937425662,0.6007269092140701,0.027216325707128355,0.05234545849056297,0.4834389248207853,0.12050018076790636,0.08033832803887458,0.25967518587768634,0.18623592802219027,0.04713928824120081,0.7330624642734804,0.11859719543590988,0.1120351872546613,0.05756399747738216,0.32613771641759665,0.10763345579937031
U_4259,0.0674644986011543,0.17198202615692604,0.9036545461637089,0.10887777703740797,0.09986270433801678,0.19082898692697803,0.1730608441226728,0.5031571335023459,0.19229099551644746,0.08388319350153267,0.06670647281775163,0.3909395148602572,0.15627943442899675,0.1716521926110404,0.06254267666853255,0.04301650527545076,0.14054059993053591
U_4260,0.3967430657550678,0.6865336277041789,0.3282977112363199,0.035412539459187105,0.0465192784673264,0.15566697185050574,0.5913184523679678,0.14999435917630208,0.07835832624385763,0.07324134531650944,0.06261055264916116,0.09921272964504406,0.1604608565669232,0.17976930352906872,0.29215377298219775,0.040554641003516086,0.1280442113224653
U_4261,0.24387133735813873,0.19989443728830966,0.2501207390300967,0.0206664577634046,0.042099589350260105,0.2055400477069335,0.048814339317102606,0.09309507179192344,0.3117575636379391,0.053464440928206396,0.04174089698436464,0.5981137276996622,0.11649966859224938,0.586947621604778,0.7625186753827451,0.029931352923556392,0.1273882543909774
U_4262,0.029175685154575352,0.22398015049470577,0.3650520033488603,0.0820187651370488,0.1305718745319285,0.37112701137221793,0.12338382544909976,0.12182902784388472,0.08811413209696672,0.14737783194648685,0.1483122295237127,0.749710776459888,0.09927907575170768,0.11558876715426558,0.03190329439137735,0.2687100917495846,0.12192450004586038
U_4263,0.5222096739751871,0.19990063536696467,0.6766804034394363,0.028213644555316417,0.0422665133460472,0.27130618090550757,0.3936656821182316,0.10453557853659282,0.4280864769832604,0.1172242183509064,0.05422430028145299,0.3532713281331177,0.11595249265671871,0.15188124540901446,0.27064959137953853,0.029176797428397534,0.13539083030858554
U_4264,0.20432824062338628,0.027142000437510166,0.34827359928354984,0.05350677979180867,0.4569222077759208,0.860760831795111,0.6006658043315793,0.08636288002027764,0.06664129528413514,0.09521414715737513,0.10384259642773927,0.40989249992710697,0.07871678848392757,0.09040557275868201,0.021037637654526396,0.29608854275878654,0.09546051013770392
U_4265,0.34006593942566116,0.26417627691914186,0.8482487686944189,0.04554536073935792,0.046749942750247006,0.1399934369892274,0.06683451220343468,0.089940036654341,0.061628550011243524,0.05910703298004326,0.06835901291531038,0.4352183908871717,0.13464085950701096,0.15256222757328086,0.29074711703826656,0.036501241845336034,0.10208346991948283
U_4266,0.28232467991540033,0.26765354522779194,0.2763593401560706,0.02719575697346521,0.05073282298268404,0.4671171597599628,0.09656153630055128,0.11722369228943108,0.06862624473793594,0.28385768169857106,0.05329849991410061,0.07522771738544773,0.14261930184351443,0.18348818947760975,0.270620695047495,0.3888517545106185,0.6407200388391334
U_4267,0.11793601085209501,0.31525897025181643,0.2177549145608795,0.07881260307589988,0.09924304690784061,0.1974435591290197,0.14393364219298888,0.13791299206295257,0.94271859591608,0.08115611062263735,0.08862819731057359,0.09457164870205101,0.24021993067217906,0.19571142840290698,0.10199000914641115,0.05112161609161724,0.1679595470370045
U_4268,0.42923832353601965,0.3455133807339204,0.3186894592775271,0.050251701955711436,0.055277760002894236,0.20406887033569712,0.7829441636944994,0.09791588786289156,0.06926107136517134,0.06852638643076932,0.07006407311982263,0.07728495264835111,0.16851014555500346,0.18721292010930088,0.3205046988108882,0.04999107855334294,0.16002401735296282
U_4269,0.1186952936720164,0.2125337375588557,0.607244369722844,0.035114428020876984,0.046618416552449304,0.18288182703716455,0.11068836541353792,0.4213752507340178,0.3816927618690185,0.05503637475957265,0.05024016891686332,0.3254446714220665,0.14439338220235215,0.1519362848119841,0.08493422648022,0.3285456614493084,0.11030753406504375
U_4270,0.055155176021443444,0.09065721095626755,0.17500367086338353,0.09927001768176358,0.16423299621427082,0.11951044085762005,0.13589024695627666,0.15167488190195938,0.06693004347635934,0.17185238154989535,0.16877792565203315,0.20249152838673107,0.13211465691580712,0.14779192661753326,0.07759601618515913,0.8817265249811521,0.16085004258287994
U_4271,0.23760739938988254,0.2875743538780202,0.6776327654131085,0.021981066890646654,0.13945585518026643,0.4145542760172062,0.06929429021249171,0.18919744544949993,0.054327487837288156,0.044710802176064476,0.03100417802969095,0.0390342023308502,0.09615371167071074,0.8123973773103308,0.49048461168987484,0.07783055411613499,0.07668689925453301
U_4272,0.27885829046543487,0.5801988284599742,0.2630503605403244,0.03644960207675026,0.0453806011040769,0.2236751946616952,0.05460469336396902,0.09299600101622293,0.031660707104934654,0.050208638724882494,0.049780936047273336,0.03999650654306628,0.1312892135680695,0.71860379582479,0.6392946609730368,0.03697054359958196,0.16595622673944618
U_4273,0.03521127957195204,0.06568577673657301,0.10085598235808065,0.07338625426510902,0.15385757845894266,0.7028021007651415,0.12125211400109148,0.15354782273447268,0.12439190268893643,0.1863744987337437,0.179718453328817,0.245909918935299,0.14175343920368164,0.15863407653072498,0.07813020631051111,0.597940415082127,0.17768346432842635
U_4274,0.22589734902569317,0.839840291897207,0.2751704846890915,0.05929073989089068,0.06335075305645164,0.2516962539429366,0.07746601461021269,0.11789600653663013,0.1114386561537638,0.06418940097556408,0.06941959131561512,0.06632320432925558,0.1593173661576288,0.17183508023592983,0.1172779797275085,0.024237784485378815,0.6373262023911974
U_4275,0.20462776653607395,0.13442223256546876,0.8287181415192044,0.04267075426891319,0.12810956179980523,0.747408374737305,0.1965168332886384,0.10644384675819896,0.15753338607715206,0.07170771421413512,0.07382946397701169,0.07882750310423169,0.1317705315190435,0.12588585111591413,0.09730229320347747,0.016783806304403702,0.12318804199187887
U_4276,0.08942101271615835,0.0956686499165653,0.6260550649272483,0.09566073200831526,0.10731593765613044,0.9622320006168743,0.1419716649871516,0.1431262982862599,0.14104615616933294,0.07897274727425531,0.06080014235047927,0.36464014835659736,0.17138320250586325,0.16091155195290907,0.07419385089318847,0.045162423988172384,0.11984316729481174
U_4277,0.2727803979577044,0.2520860784180409,0.2645431853258231,0.04544939605221369,0.034486586491526784,0.9619226994682217,0.07397651080536986,0.11629678443946559,0.036818546978735364,0.06314070878749939,0.05999875088366337,0.05725935218028671,0.14773405508171022,0.18542473901912981,0.31379544871259485,0.04992509071158792,0.17523720919997526
U_4278,0.4644632172675324,0.07569899141024372,0.45110763493172995,0.12223165003701476,0.11317961362855598,0.07621289265731108,0.18229979406813893,0.11686472022040437,0.575052579751633,0.04406096476185334,0.06329832767015629,0.43427086049535607,0.07128808255429424,0.08296594502057578,0.10810785224828803,0.4376994979226179,0.15167076543624153
U_4279,0.2100880381669394,0.21708527784023057,0.2356068527712178,0.028925138922061923,0.1258803227655647,0.3861203107721956,0.07286395183137896,0.10920826315825143,0.41345940255853375,0.060706454859485864,0.05145840719429582,0.6466361411620207,0.13274789535595474,0.14201001420465842,0.2774390597990917,0.04131809047976554,0.32957657425753945
U_4280,0.2847694047297562,0.23848209878273308,0.22288586002609473,0.03693916609449323,0.04019131292013523,0.13201753225429852,0.06054168698311826,0.09833484840058988,0.5877418890395163,0.0546978413284976,0.04666798403605846,0.05697662576942825,0.134411743527219,0.7401870072537042,0.4148140367027047,0.03017593164224961,0.10710616246623475
U_4281,0.0416349567628557,0.13116522526759397,0.09529450068409828,0.09196574278103344,0.16090165451005467,0.1590236350538054,0.5676931730129555,0.148042616215621,0.08779707850235394,0.1288145253885161,0.1302611211099353,0.18843089177561193,0.1148509753594564,0.12157233491476288,0.06474992889671183,0.8311175068884029,0.16427756982176409
U_4282,0.03502871531683993,0.0971510041071269,0.10198549277777627,0.12611851300909982,0.20284559771930735,0.13045803454293478,0.7811992017886993,0.14181806219265994,0.09110783010431583,0.20716425268503705,0.22027769672719946,0.38938778679543656,0.16358826950294314,0.2009709424208717,0.08333165921245958,0.3224423520734945,0.19836476311494267
U_4283,0.2436392019805137,0.263978274127619,0.9577628747438314,0.05035305789841488,0.06296912249335747,0.18385343017822567,0.10228535292738619,0.10531545136623614,0.1745321860900917,0.061180667123784005,0.062428890535810175,0.06808901874605605,0.1387458313089783,0.16974835082513434,0.16129707824677447,0.0340960851875226,0.4952940423865182
U_4284,0.25183331081652144,0.21053286676255362,0.5070317641180357,0.03043759248046933,0.03595596657150445,0.09900260335872679,0.04599120546945921,0.08317703077799106,0.17059104457610447,0.05791140623985281,0.04487671047790688,0.034449129226240244,0.11340117509475171,0.4323717560571125,0.8073298221679939,0.027648736206703887,0.11831965838016877
U_4285,0.3072394493135101,0.28499578030323525,0.29317843388561987,0.040651436525405885,0.05341622836896007,0.1793692374876265,0.7038875012244479,0.14588929161991995,0.18622879491000704,0.092259073999097,0.07598283034283529,0.09577164509050022,0.1678387125943314,0.17677304993808127,0.24794993004218202,0.048762061970621655,0.17014150563104669
U_4286,0.4569941920004132,0.1922788850793846,0.8103212875073134,0.031012771560150663,0.033118994851248855,0.11733128605341792,0.05632664120040702,0.07814110660856835,0.0409976192970011,0.056160606236314525,0.03932227924099038,0.5115483468195041,0.1092384287472746,0.1374417862855696,0.33701290918387694,0.026011567727608043,0.09684910869318197
U_4287,0.20790887903348124,0.31816495919885135,0.29920018980607715,0.06700428775278601,0.06867792826274716,0.3200494985953766,0.08633519927788172,0.1234978233570676,0.12679839280324717,0.06924800111702137,0.07768442525233141,0.06339578848359198,0.14375805033602693,0.18788581912077587,0.1550080943829831,0.033634103503305576,0.776588575822839
U_4288,0.1795569854978225,0.2965413674562047,0.19083537542894263,0.06813276726328892,0.10456292591977082,0.1933122076860924,0.7123633618557428,0.15160710614867487,0.20491027888674596,0.07365241265572615,0.06937536689911553,0.7321489328199462,0.17611576924298655,0.20013025643855303,0.11944955918955777,0.03818822681360538,0.15026949019690425
U_4289,0.5525143669616643,0.36823546843208377,0.36994376234852144,0.04662595956745733,0.06464687947000818,0.20534506785747975,0.08200763066883089,0.1402290190908279,0.09432345560962546,0.07953682081220892,0.07252521495409348,0.10534091348303026,0.1546970447081296,0.2384333844620812,0.3897458475342798,0.05578332863472353,0.18275363390674945
U_4290,0.22028895146304842,0.23106930298042155,0.8990558999100045,0.04810575154546005,0.04896136315790272,0.20074958955794178,0.09264929447918319,0.10606391269393156,0.11869850462233206,0.06077257901136904,0.058136993651832634,0.06624607122449647,0.12194230208918419,0.16408105241962176,0.20735660799570743,0.03803156965210817,0.5499426702824415
U_4291,0.1354855605559396,0.2407813925669459,0.25044588491925196,0.06474086591658053,0.09033853615645918,0.6526977258261399,0.7528878898537379,0.13391046981473648,0.17369464489428155,0.0870923698864282,0.09487810460740861,0.08436915773823919,0.15489208011435207,0.16542305278730476,0.09570344352947792,0.04503116989617001,0.1434486670909666
U_4292,0.2174362940221744,0.4677512487102438,0.5336479989034506,0.033030862992366544,0.0847121132789071,0.26258707911821133,0.12659189407810761,0.13553435497311064,0.12891970890871257,0.04867877461326093,0.03858487591470096,0.19354340884258975,0.07953284767803089,0.8008622025535241,0.723396763970926,0.005865688573357775,0.15054461119253315
U_4293,0.41476097069780093,0.3545511542053264,0.3208595523161824,0.04512567207156541,0.05586208606628977,0.19978938096494603,0.07452171488517564,0.11117445138558468,0.07997657022361793,0.07228406284013925,0.05154761204298562,0.060250151187457364,0.146165577750737,0.19364975867566028,0.33817296545172754,0.4224616651071696,0.16148259780027321
U_4294,0.31805963373473034,0.23309851670080506,0.850127426258513,0.03687455455565457,0.0365734846581592,0.28579910191803676,0.06448212308304022,0.09716691665298327,0.046652078068861715,0.06149266904521021,0.05047314440770567,0.07842663841876885,0.10760866555983176,0.1838731188096949,0.2324815364566679,0.027924630978112146,0.681981503949636
U_4295,0.27209910971126433,0.294062872949422,0.2434909538024654,0.05012668530227699,0.05511456416361599,0.27241959514083053,0.45847582005655185,0.10838861210037086,0.042778619927382966,0.06389673259648673,0.05492831916044804,0.038538757257638646,0.13438695619760865,0.17017027559233103,0.24605799306418363,0.4732194066964825,0.5579882544742039
U_4296,0.17117577472918613,0.16805097366353325,0.23149234789649203,0.06281163428214424,0.11696706308391862,0.3172143451962361,0.13278835495373761,0.4361264745611006,0.6935403981688917,0.08882641514293649,0.07808238031656684,0.09522306857317021,0.12923617749610097,0.17341023116305493,0.11207635434080704,0.059301987796130884,0.14572276127274228
U_4297,0.24194856893342023,0.23331462627458677,0.26068229803706144,0.05712614253413924,0.07787276834942414,0.2307819480826932,0.29553466434427794,0.4073207846816432,0.7485772425013411,0.08117077807975052,0.08120158624829357,0.07238066837669588,0.17703384444892478,0.16140043387835273,0.16007504057826175,0.02912084616898375,0.15873925633975616
U_4298,0.29965852866964215,0.28711558263818826,1.0,0.04592686732067467,0.04226281205734463,0.1607077830065103,0.06344595806849303,0.09670566338911395,0.04872861101350771,0.06341567000535878,0.06861448540322997,0.0716533043553738,0.1727099990986662,0.1798508506805506,0.2692787537310635,0.051749168327938265,0.15925243261071173
U_4299,0.215970311069874,0.1838339407719628,0.8866884693578632,0.017699128995759435,0.035247281001460594,0.20565896192347702,0.055296561079853895,0.09748620861128246,0.05778380519766446,0.2620052226664497,0.05161209607282877,0.529895931419401,0.14699627544302887,0.14098450364218584,0.2709581891270289,0.1877191801466873,0.0923443134510935
U_4300,0.2418514445601732,0.18604149070514686,0.24863549878222052,0.054001382957051106,0.023395161284350367,0.3819276883629044,0.43978620693279036,0.10115634639426901,0.5871806402750117,0.04500250078531738,0.03354935398787989,0.5271375561169238,0.13099093004712353,0.16170396238847537,0.23268073726233968,0.09233584779328047,0.09399254832238269
U_4301,0.012689857693838767,0.03553714378049096,0.18326160517591467,0.08535124438197492,0.2858710914107135,0.14734535205865756,0.4328730965248781,0.5938952362307959,0.2693835858755123,0.1280979839231362,0.15804012500593947,0.3462410119544019,0.09712692320359445,0.11004148280806372,0.045586370167859214,0.26274889142131763,0.11534442352518015
U_4302,0.17255843035037116,0.1297612284568243,0.20744447581274897,0.041848481092815484,0.04025513867142549,0.15592836408122004,0.13583893172429481,0.10196158855176095,0.4409084110734755,0.2220003590762566,0.045843074477653616,0.6875298255164239,0.13265575153453585,0.1372207078674735,0.12088371555981853,0.18568280756624622,0.7823978305159573
U_4303,0.03232954151883833,0.050641512791724165,0.07219668337448251,0.09373549710929703,0.13620288451204138,0.1708597027454209,0.1142957035902637,0.12798734856260346,0.46619527610818917,0.20339525845016618,0.20515011087206414,0.8985901775997522,0.08645903075532176,0.1349604577985387,0.06364618689631517,0.6732121261495989,0.16709034964568914
U_4304,0.49315601850322105,0.4016715089847159,0.3793550997144376,0.04760173983770762,0.05866577621418215,0.25565601635375995,0.09448867486894212,0.1207795408692843,0.04870041865719241,0.07283408920765101,0.0713380382835656,0.09506664320807752,0.20720753702618402,0.2315063962845562,0.4893335456676802,0.05735134471726855,0.2040062633819915
U_4305,0.03065386228175212,0.06024728535614629,0.12659667301820804,0.07259807929775497,0.11130713542827268,0.12652706073044642,0.5880624458321944,0.3278772803077863,0.5937968146324928,0.10203907226008571,0.12825629260578347,0.6770582524640307,0.12243140874424,0.12463853660897425,0.06478862513190735,0.23538891421612498,0.11335095902078596
U_4306,0.26064792336198755,0.18222302925816278,0.22240682052902236,0.033483082252323666,0.026374010245219612,0.0873066100653204,0.19886930399418748,0.0829351378690692,0.02908431708478251,0.05225230982496934,0.03489984362351253,0.06564756678994531,0.11662908426425711,0.8095134882757054,0.7727860356227549,0.35503692256556985,0.10971900329909816
U_4307,0.03291142592182671,0.0411204892242615,0.14807792050095947,0.08608623658635037,0.1472614783071224,0.837654150238927,0.12995567926781365,0.47087691073348703,0.3075192752369614,0.1111945584086794,0.10553322735990407,0.23546310943088128,0.1247497684213103,0.15338190471415936,0.08320378840536431,0.31241069312716635,0.1431453174372088
U_4308,0.2750721793895515,0.2400193087183332,0.26355297541160866,0.05013640664683037,0.05522675314690349,0.1733058146534503,0.07099544581309658,0.350447424348797,0.20656293025733763,0.07211197163444358,0.058493859697533256,0.07030611068557055,0.1268875241438923,0.7079284394235841,0.26493631262474493,0.0327498222299037,0.1304234771281889
U_4309,0.37849089307110517,0.2933418078126554,0.3135885214038453,0.036760636966568755,0.03758040700822039,0.19165716824142995,0.07392983297244199,0.10745216675620255,0.055035491546819824,0.4324047734477604,0.05844003093785079,0.08401805626808233,0.1744045363069764,0.1664706062914376,0.2944836724509996,0.5695717659062367,0.14588766989686433
U_4310,0.3183036771775974,0.25893785142677284,0.30216761460101954,0.08337504135226353,0.08734383473247635,0.3473686919118946,0.14385817550273414,0.14979290921521904,0.05186288041093913,0.7487710734933646,0.07088946381819386,0.08181845042299735,0.16459468892744994,0.18948113679424397,0.29724162433207446,0.04473784960230041,0.18449080799248296
U_4311,0.2964941205032575,0.2697923741696208,0.2848699322394313,0.04712285758361788,0.043446926009592116,0.13299464877398146,0.05292171608289363,0.10811115717651844,0.042357308946503164,0.06337187789229408,0.0611408229116918,0.06813958353010906,0.13215607723842684,0.7935003202481963,0.6184869819901815,0.06632788512497664,0.18260059369607667
U_4312,0.07964361613159547,0.12574500118622617,0.12616730965273804,0.1019872655937986,0.13977610227564016,0.8110924241108333,0.18756211774113402,0.15795289911416502,0.19476161552596377,0.10098599968408566,0.10701683977114061,0.49205589245663867,0.16162818016396796,0.1690400143121222,0.08459380539221015,0.04807797144706417,0.16039088688551656
U_4313,0.2862148143928827,0.2484479650620472,0.7921122499017446,0.035868017214566665,0.04165339202371932,0.20982651860289375,0.09530528491253298,0.09864329605919128,0.06972559390065901,0.06290921438496923,0.05255632962607991,0.06215906424596254,0.12982575779126287,0.18534916827408598,0.2335370145361761,0.037695225871632584,0.6769550973867335
U_4314,0.08464761451145449,0.46294987677999344,0.5628097607152502,0.07379895704605725,0.06488468754779013,0.15146178145660352,0.28161831235424467,0.2810414922945036,0.41646586003600056,0.31212237227457346,0.09352346265238122,0.5228263144671037,0.1630915541647373,0.14482661870239974,0.07834783187923457,0.0048014702811125,0.10907588986019336
U_4315,0.027056354740798885,0.04731655177329923,0.05805618189835564,0.10208399982137802,0.14255101345051924,0.08291698527328173,0.11080956361910649,0.09399458267146996,0.0871553103739129,0.8739943381745987,0.19604881201228044,0.27345966629514784,0.12305614245704391,0.11978690735814122,0.06126475177952001,0.4653236411577184,0.16416263560089064
U_4316,0.21704537072433638,0.4173260360352631,0.8636335739725041,0.055450314317520594,0.07111071619177736,0.231844502908283,0.15687800456835968,0.13589886762089917,0.05542545685986376,0.05659462351940398,0.07134730060254438,0.05084694576541825,0.15016036445510322,0.14055315532429025,0.0740384111586317,0.2576479299869865,0.11470942657980769
U_4317,0.449696186454459,0.20634944118670956,0.5179069397289078,0.04230977302118343,0.039181377603586164,0.11674589495041367,0.3797180374612064,0.3360549778578896,0.03446192471269966,0.06275172402984786,0.04518134281902478,0.3144107321039769,0.11285401254482352,0.5909999580831018,0.6081715894418491,0.018098001946168812,0.10954225932782641
U_4318,0.3242582884407671,0.30719560061581075,0.3376566835294033,0.04565573437354164,0.04404426183985069,0.2832043941944283,0.09842423684183957,0.13093820249235938,0.6953075826821504,0.06926820372581106,0.06603558494537819,0.07063538857587756,0.14591817565244075,0.19098763041042868,0.305680096741815,0.07291000969073685,0.20230194404134832
U_4319,0.32880692090063524,0.2541773328097897,0.28555796679514056,0.043906624182246695,0.03745102360281412,0.22334518130856604,0.06545101684440756,0.10633558051335548,0.6627895416199328,0.07133805159891919,0.056222083636459044,0.04966055083240632,0.13632817240420222,0.17365493897677903,0.26648277396116676,0.3906751475010686,0.15072942842502735
U_4320,0.2001347974265053,0.48708811253692413,0.5219108620145485,0.08940257223097543,0.12506626967119372,0.39484801730186075,0.15975289848908245,0.1761284282631776,0.32005460818985226,0.126219660835285,0.1213862783106982,0.24324847611905207,0.20291493271186953,0.29939315652370996,0.1751333490187656,0.05147209635598894,0.22659508614572543
U_4321,0.3048050890778008,0.2620864284480234,0.25495875329977813,0.03969279108497514,0.0341038293462556,0.22648992928170317,0.05443241266786545,0.09671155309159304,0.08149009680133562,0.048511985327152396,0.049139563066135095,0.053865210986900156,0.1362578828133327,0.8190280274536519,0.5865422220999377,0.034977853864967795,0.17366416210689062
U_4322,0.07766257757555327,0.09123207735421701,0.10526411998964336,0.12732125735536307,0.1946763043506033,0.11539499483777965,0.6646970962415872,0.141518091757096,0.07370488345927295,0.08504637111119494,0.0874183519622464,0.07376587349904104,0.10585315379012519,0.14660209130927263,0.10847154452036548,0.37891815627811337,0.8400774954261832
U_4323,0.2701222882365951,0.18990041763637328,0.9078312810193241,0.046581271508763476,0.043896782343888524,0.13430100753007904,0.07798306190629674,0.3484635628259912,0.449773214896128,0.054745422573724244,0.052032912964020406,0.3058478908565732,0.1248124589351153,0.14394322465914783,0.2523480812455168,0.013410946087321993,0.0836997572708033
U_4324,0.07099033020127063,0.10085231232599365,0.17130149084121826,0.1150391421901279,0.2022238752752914,0.17997151405611808,0.15430723397621945,0.18636028568431148,0.12648666312249968,0.2100639773396143,0.16634632109716507,0.29593919412703046,0.1772109439260596,0.24518369296663564,0.12126573677078335,0.6452467536438937,0.24875667374916693
U_4325,0.051231208205545956,0.04233804856196917,0.7992322487681143,0.0849573193986619,0.14290465736421307,0.1550822375178318,0.37669012139097097,0.427656015607948,0.11604672201538127,0.15710253824787307,0.15154698092417038,0.1724729987982676,0.10300136234552895,0.12397289445965459,0.04882611450466512,0.24836260055701598,0.1339536567462659
U_4326,0.018066102342393732,0.43445739110219983,0.08710978366949071,0.08570364452779367,0.34227019529904884,0.07958449030780262,0.21620660760073204,0.13850255099799724,0.08524388980913397,0.6047070532959766,0.17324549235952263,0.6438102395276444,0.11029265738775908,0.09896461356540343,0.041470456523773805,0.21191693743383389,0.10856755929816168
U_4327,0.06626174473959015,0.11051203189923839,0.1160089421206125,0.1140655605115184,0.17967409994630493,0.10654069531035547,0.1169290570747713,0.155532610079176,0.7316876877031271,0.08934761492197285,0.09051179253813377,0.0728412671298422,0.1013799420673479,0.13615356708431045,0.12882681992734868,0.37101770120236893,0.4874878251122236
U_4328,0.033339291692683334,0.047442517800134115,0.09887625852001515,0.09781372563746099,0.42341838243678687,0.07886230592707494,0.1100200154802162,0.1489701070077217,0.06688577520386566,0.4913182005819941,0.16477842348638536,0.5003983845293849,0.10418378788680237,0.1302274358509175,0.056800518221177,0.8893223858849253,0.17327526682181243
U_4329,0.2534349871643308,0.22418221387821402,0.17233564379193142,0.03933878540859045,0.03304474402575143,0.6118935129578256,0.3757279966288412,0.10618944532505803,0.22846887065998725,0.07493982592338391,0.053102534345219235,0.04610784534777699,0.11869089782596075,0.1374523181952883,0.216961255058154,0.02598571917851137,0.6866886441713873
U_4330,0.19873806909554692,0.12883957025984136,0.36835332290215766,0.03930908576431815,0.04913323060666762,0.29999140025869186,0.18842517064025582,0.11146457239227635,0.6100503367276817,0.045160449347705814,0.034436860866971536,0.07755291803973863,0.08841320118319011,0.12508868727181718,0.1916815998082096,0.05141745418062156,0.7715953319419651
U_4331,0.18665391720470542,0.290556722104373,0.34206865157269384,0.020314040789064416,0.014029048742478963,0.10926834188430049,0.08517343246242037,0.05940204447316664,0.3710257863768936,0.08297372962570282,0.03542940054774557,0.2002862308838841,0.09082486948055266,0.7517810820942894,0.7269033303236183,0.022005973832273908,0.08290107822424198
U_4332,0.21411301893738605,0.7497479163232539,0.23232787011423467,0.05242755568650064,0.04838367624243611,0.17358262757529544,0.07504797639617648,0.10472192964189757,0.6630349078582001,0.06486506944749366,0.06167837510812657,0.06851412497658484,0.12536291081709888,0.15008473062249023,0.1265570460792733,0.023606563356950563,0.5008431246685365
U_4333,0.3738918418566071,0.3119255812001065,0.286351696361623,0.05622977506785485,0.04218138570505961,0.7715587187636574,0.0668278229822335,0.1164836703555683,0.0519080662917332,0.06194102405428038,0.06648636413413143,0.060308220577945965,0.14568278713235586,0.2633720813286653,0.29091015371036755,0.044080824634517825,0.14897099106408698
U_4334,0.10468144617254926,0.4076738339652635,0.562581277534566,0.04607448975415837,0.16717877655263866,0.7319459698581601,0.2751833620010999,0.19861605237843616,0.67690316477243,0.08206541208436559,0.07631925560893814,0.4587694873306285,0.14592804046682947,0.1471046465231129,0.07902468361611244,0.0,0.08394130219940493
U_4335,0.26562008545011406,0.24357190246421323,0.24655635713543225,0.04117322914954914,0.04111229021821415,0.144357000237987,0.18516946221895692,0.32023901385606474,0.20001506212846748,0.3132148372357502,0.050953224288919546,0.7044064580326954,0.11056587613408124,0.14444170594536473,0.2269595609312552,0.02209899657281935,0.09816310528706293
U_4336,0.28881875348124403,0.15713432717038836,0.2386587259056755,0.07364055105123385,0.07083584445354567,0.2279887515441464,0.5613754055450508,0.12936808974767713,0.06047425871927452,0.06510397169411676,0.06040472535214085,0.46157850554674756,0.13158830933328222,0.16107761333717632,0.11102694990130585,0.027520203328980645,0.7646773194448375
U_4337,0.32942868864410824,0.2588897482068555,0.27595122216708523,0.038419750354381034,0.05279513943355401,0.14717279713074832,0.06504577366413071,0.11948027405639669,0.41506731584736417,0.5651359530906652,0.057639546098785084,0.05872477186625917,0.13812958531101324,0.1781016476674354,0.6818492370137845,0.04000663637044262,0.12563144145672336
U_4338,0.03105939602205611,0.07530383653364153,0.17801883654650888,0.07743736010250335,0.16983889159075083,0.1859745081516629,0.847688977198783,0.1435979854723056,0.12998319673369094,0.16545834035773063,0.15797330485128108,0.18971707212368288,0.1339459070190674,0.17022758045155142,0.0801972383572975,0.7363809176575826,0.14928345011229563
U_4339,0.377664835832128,0.3160287780700845,0.3099473840803656,0.05450314063198223,0.05738599563192768,0.19225131945833568,0.09732798191000305,0.8080507838913147,0.049304037316785135,0.06701836784964124,0.05958953751381593,0.0594541898466584,0.14016876692634603,0.17831653965421784,0.325874287933609,0.04027900086471836,0.17520237640075464
U_4340,0.1293345698935436,0.22179160332132397,0.14506153525079052,0.10299761488280412,0.12982405770483002,0.21523910920834635,0.20559492189218126,0.2613349250307208,0.19687540042712937,0.07454332613838788,0.07341951251236047,0.7204260513971055,0.20116349690288338,0.22582486448567116,0.10452806326933291,0.035969414031143336,0.15937661033401407
U_4341,0.1378208312948551,0.17479430767938967,0.828844319811102,0.07114053143288979,0.08333970254110287,0.23708352081948497,0.11867354944439727,0.14112524760208967,0.1310717130213977,0.07331531421666103,0.0702507215665162,0.06363452504672776,0.16668265651462416,0.16243558840790467,0.0775784456027892,0.6661816936068914,0.15089301762999802
U_4342,0.05553534923487264,0.08501951991809982,0.7521944813862464,0.07813692839969065,0.09001219932204291,0.6010961222175817,0.17026159918904166,0.31520952118754086,0.3994488057910697,0.09003264768099417,0.07847734129749356,0.3657013870100257,0.16212320676122605,0.15534089775950427,0.08172775792439074,0.04252130102983183,0.12343374257872117
U_4343,0.29288463618932054,0.25930996232406917,0.2721322235757362,0.05087686538963963,0.051013777171037375,0.15216417283388847,0.070155629025525,0.47782074207801606,0.04414226177265905,0.6709366720736367,0.06082349295104114,0.05119314433207413,0.1358828764636643,0.1973146434103611,0.624589786843595,0.02664570965220998,0.12569621469348716
U_4344,0.4075892450598811,0.24716656976147836,0.25514138673150555,0.03724515991638005,0.03168956725527888,0.16543219132086526,0.06830406716837323,0.10456753517935741,0.6123140899252077,0.07433744752194923,0.060076684545262736,0.4642788672425403,0.15777288361218988,0.16889753010831932,0.29215868891189756,0.0440397856367324,0.1200271610023531
U_4345,0.4345786879620948,0.39791641986337484,0.4226520308397343,0.05381735925514575,0.04495533027761722,0.3735198262690836,0.0906059916814409,0.13262564790768389,0.1206087369315818,0.08235495325559185,0.06972420446631654,0.09526020330636292,0.2208044022632813,0.24230645318845723,0.3763488961071096,0.06098121110154023,0.22258264968292893
U_4346,0.23759966992468562,0.20672157386165155,0.22202216663918417,0.040156690209205585,0.03342908450748925,0.8629689087681651,0.443612049357828,0.10935568134922713,0.03855379765026275,0.059487424452567945,0.04540538533662574,0.058283520479192726,0.127741388708495,0.1470669699810215,0.24543439124717334,0.0336073230187573,0.562403915517913
U_4347,0.3968982926567106,0.12060346004844678,0.8337720352959488,0.07686612632876656,0.11583409947715954,0.05949060160543902,0.155495242497633,0.11582617998557496,0.07937433168181632,0.13522433975962905,0.12348857430496446,0.5204874085693252,0.08538104442346076,0.09690738522276425,0.050493287842092324,0.12985498496057815,0.10244253022124508
U_4348,0.21453872113103403,0.1429730513982929,0.262283734023983,0.07398696956210074,0.08967937615104965,0.260726042658912,0.158212111525415,0.12527641451108965,0.32800272196916375,0.4269175713920163,0.10764875389382988,0.7302952579040458,0.17163271535735095,0.17780821757359572,0.10294444914256436,0.04698439677752696,0.14456940303916416
U_4349,0.0288228452282603,0.37411972536496585,0.10263673826123046,0.09766336004374442,0.45677703003569187,0.12533306421442908,0.14654881801013953,0.5140162425316865,0.10895694371677009,0.16087845367007436,0.1461314086654634,0.640171111687615,0.0884177933461577,0.12235769966604139,0.036182052446404774,0.21118456367004365,0.16050999600247784
U_4350,0.22679139404271778,0.19548954532070026,0.8428681473235304,0.035898530994359114,0.2625113673503434,0.22612897031693907,0.16765648528065813,0.0753203587243147,0.03542735680672528,0.0579830509917413,0.04563235069911422,0.05395938244869723,0.11038582846181423,0.7288639985422143,0.330957520333203,0.02698826635842791,0.10084368733379
U_4351,0.18565386459709823,0.9582482733743127,0.20932637600200515,0.042610872512676035,0.044132272616311696,0.216888759947606,0.08176274851222037,0.10276441616418934,0.5162486731263414,0.0655531666628374,0.06501341636004862,0.07613487802163264,0.15108754599724158,0.1472748819154621,0.08256512583512217,0.030609890432145674,0.5236954084454926
U_4352,0.11631512918380922,0.20055784138251734,0.24970256868398677,0.07049488665964,0.10268826060614429,0.2089787939100439,0.1598907717448246,0.15159450004214353,0.2177420176604661,0.06211711183579838,0.06583208048559122,0.7485370816050845,0.1597472311586969,0.19943057597610514,0.10061738327667331,0.5088964021426821,0.14782259977742174
U_4353,0.5437395022774032,0.4619235625707344,0.5573182935757648,0.03570429986681099,0.0608234479987592,0.25627328056541215,0.07547769971251543,0.14311150078713153,0.05457947064748213,0.0804363588653349,0.05912118366920347,0.06904201479194742,0.20098552755221935,0.27619908222134604,0.49803242675885256,0.06717717846830694,0.2207146722362466
U_4354,0.206037201162018,0.18949869086889,0.2572967072970367,0.022852105622458894,0.30069307880710944,0.20113370466503183,0.07521795202711884,0.2929510854533962,0.5204450894204051,0.290733898735416,0.05671960544518498,0.07951393999758645,0.14581919219824377,0.15967300330871223,0.20582618835149974,0.3870721161120881,0.1245548299516887
U_4355,0.09436542439187082,0.16974482027410961,0.2294322720447608,0.06929437511000885,0.10027579065673994,0.23922443404454974,0.8045514644183864,0.15827415898984762,0.14917722376118736,0.09856398900056593,0.08999876868076749,0.09610767485164878,0.169042192004656,0.1483967125491335,0.07917435717685468,0.05034946771459107,0.13419767796165213
U_4356,0.058325535874019174,0.14242419540978568,0.12057032639888414,0.07181470520382173,0.0809994874198306,0.16457905688416533,0.15139203833401732,0.44464883946086,0.7755781501345551,0.07346425980574124,0.06976067247057992,0.6443155041363713,0.1444570639611645,0.14724022666543155,0.05708346365068627,0.037006563098134784,0.13204989272126036
U_4357,0.3606374556561895,0.2683812920700409,0.3080212208654368,0.05518027359418826,0.05914325490939312,0.2988842180617886,0.06765760093149739,0.10012348809784909,0.06051007323722617,0.0613457975310788,0.08109363934984304,0.7191118447940248,0.25033812881373035,0.20616822167810736,0.3474441496191187,0.03421658507336981,0.14926329719435483
U_4358,0.19580880993162522,0.3136809395440048,0.14332969664862058,0.07982551105047896,0.07664532383954688,0.3372121510545801,0.10276216876185593,0.15405072242271017,0.17080609320559575,0.08989977401945971,0.08218136758605785,0.07215938211845219,0.15056141069462609,0.17596816565233792,0.12082087265586944,0.03668105619217772,0.5815508156186429
U_4359,0.23514884110196427,0.6090476059796308,0.24226255227045207,0.04277977596736601,0.03555829665328477,0.18678632583996155,0.04177712268047125,0.08233871690719163,0.02782825027675215,0.04463918010249157,0.038603051851679025,0.36463233130525285,0.10921780676231513,0.8749084382778836,0.5026441758145339,0.028718145354564347,0.14585531811626862
U_4360,0.2396794911484984,0.1941525005016081,0.29128307872861026,0.04778720740992482,0.06798424557086274,0.2380054097100065,0.20848219057054596,0.1543799141327055,0.34812938108717834,0.3319893063268335,0.05185622087632538,0.06358800919520682,0.16559874428375074,0.16337880726671478,0.2081786396099589,0.32241256702362486,0.41595912422132636
U_4361,0.379106976407492,0.33186201157778916,0.3022592659276255,0.05203005706347729,0.05758783886414794,0.18418009650101513,0.09894079264500584,0.8593033954465812,0.07248045665707059,0.07574520483527517,0.07384972744422214,0.07935391776524198,0.1742722773668927,0.1832568467460084,0.3148043485133056,0.047795790257742776,0.15829512417830047
U_4362,0.02267090383548899,0.08717110765561936,0.09010025967922625,0.10316250744833114,0.16178772110427694,0.1481624080186661,0.10626366077404611,0.12404730866970323,0.10468922387562206,0.15630920634498166,0.17266070354861518,0.20803823210138347,0.11353102299221315,0.16857342319479818,0.07400670611796106,1.0,0.1840901382893555
U_4363,0.5267323379632478,0.44142762826922977,0.5802948746322896,0.033917326403681905,0.04566362933626899,0.4055322973009538,0.08430444036772636,0.1509347840029178,0.054406864435762904,0.08790724070044378,0.049829216099491355,0.0635766835097984,0.18870445188397492,0.26990343788872606,0.4813953525456946,0.0636574408080354,0.22286223429468593
U_4364,0.23793330760674217,0.19587103125357283,0.4947954789547633,0.029923823083670018,0.24066071545334325,0.07480790013942193,0.0433310240476341,0.07704415169678093,0.023944694294126115,0.13150742763152604,0.03650988743609839,0.4772772558014343,0.08884870019637496,0.7916579258529091,0.5181099229695107,0.024912665137469814,0.13412751068808726
U_4365,0.09174613598359123,0.08284259928224963,0.2445890165976815,0.09988982170001437,0.20457638959338673,0.19555157919717864,0.13320940889162428,0.2027870519683874,0.10214887001068912,0.20167605872433617,0.20081432097897092,0.24271561074521472,0.17166632241041346,0.27431831577832905,0.09305010441226284,0.46218491358799013,0.2277959547248226
U_4366,0.3786546143993559,0.29699927697212125,0.34938568939346887,0.042042822859767424,0.04290790247818193,0.19713671956298157,0.33501287422029197,0.4798496951099611,0.06429119518171633,0.4568611693353969,0.05370351438828122,0.10108256466380637,0.16978622163542378,0.1642939230426359,0.3267338169051881,0.04289977877855582,0.1366369520546197
U_4367,0.34692412250393034,0.281935420489936,0.2716348656054959,0.04789242240424631,0.41869926436078236,0.15910293202242,0.08528563076266275,0.7133570579111577,0.06981046936982713,0.4089695761546764,0.06110934126184003,0.08677130130202168,0.1643583914451889,0.1860876225691426,0.2934906875039151,0.03972605332834996,0.17103531086265344
U_4368,0.3928162065898982,0.3069182224560174,0.268437195102676,0.0425187244420373,0.048906133821107096,0.2667020215017968,0.08382461776924657,0.0980770420368535,0.0522059726036649,0.060170642086072965,0.09492682299570765,0.7239937733782653,0.16067555804946013,0.18129980001426968,0.31275284291969146,0.039078882104139595,0.15815737273519642
U_4369,0.33001662688900435,0.25519908138902186,0.323736443053583,0.03474245137226361,0.03222409109835446,0.3308993437519577,0.40456686794839336,0.11987175706653062,0.05357588240643718,0.31821805708657963,0.05165407043108871,0.07715740403694604,0.16499051261406478,0.18022840681873448,0.2886323507639027,0.5789127146502444,0.1585280095876534
U_4370,0.29582599891730615,0.7247110910348218,0.26208691363841413,0.045785534645498754,0.04094379831062842,0.18157943668134977,0.06549170286683492,0.09416002601734957,0.061969130137648126,0.07273082880781115,0.054263088050966,0.06902736398593087,0.15365494120886686,0.1691726960794003,0.25611557815284053,0.5623393165337538,0.6208908612362152
U_4371,0.1000977531326099,0.19047648976005443,0.1923647724125516,0.09319848057301669,0.11274623788222304,0.21177793887238366,0.6309662767720605,0.16026657782693535,0.27690308959758075,0.0900490062704827,0.0969061721947967,0.636037213018402,0.18340436094352092,0.1712342609588595,0.07652629772459146,0.051290895647953125,0.15024757003896894
U_4372,0.22818561417184513,0.1879996888059906,0.18358592493674739,0.034405062933929344,0.11218986293445955,0.5560968890570586,0.13767036976349903,0.06532694608526976,0.10288374330445403,0.11861605118437028,0.03471687885821591,0.15288275751441968,0.09223325827696174,0.7171710590359752,0.8720931849912805,0.016188251586821738,0.10571568466920749
U_4373,0.04698871439363675,0.06742777076763234,0.05724290339287456,0.09757724499956562,0.1275816288144739,0.7465028676575363,0.12679196107897558,0.5678462992030422,0.11572678899967741,0.15922759486405832,0.13044644762180985,0.5566033559408365,0.1391184863903265,0.14352705937240873,0.07728356211128606,0.23540170647533304,0.16063768769503003
U_4374,0.052491868132712755,0.11260591330815586,0.10137173878857952,0.10358484969957608,0.12995952721770007,0.16699127402240155,0.1540116720377082,0.13364758021945544,0.11979294031950903,0.2328616106757725,0.23513460438640732,0.2193912259378756,0.13617747000323246,0.17832342893045589,0.08176203271417065,0.8456905512974431,0.16719578813421015
U_4375,0.2344620403008446,0.22067593892212947,0.5601808877387573,0.028760609085938468,0.25957144252970604,0.6791725146773311,0.07778777181729622,0.3073342059627038,0.5163052722938732,0.05229820747410284,0.06950260725998478,0.055835112446348034,0.13169705160243833,0.15218715804726932,0.10231331352908837,0.14845048933708413,0.3109993908833057
U_4376,0.3470715473199122,0.2956674016408323,0.27421502493976774,0.0480065920339646,0.05069187826868033,0.1701846844607043,0.06272527001357599,0.10559200194350603,0.8112913651595042,0.06957733846238663,0.061108232851405334,0.08068976231168337,0.15902275158967172,0.17788894202740776,0.2625300461488758,0.04486625191483714,0.09220863578975091
U_4377,0.2579700569604276,0.5646492765437252,0.2404191639854892,0.0349284179303354,0.31550920374282165,0.15938722338216987,0.06116735296587776,0.09819517410673144,0.8080475174173378,0.06675157725722103,0.05178240439732251,0.0684416980375557,0.14453560431566675,0.16035834050064512,0.24159197120880263,0.03267297816140622,0.09358059571658231
U_4378,0.18444349382590605,0.21688473124491328,0.7865099668914921,0.09509196940803359,0.1122296963787486,0.28604500739108546,0.252957189831117,0.15729488253212234,0.1837523302636487,0.07814166962122346,0.08205321061253668,0.07653357097513608,0.2515579721920546,0.19869774852234023,0.1099977052196725,0.04638535892168476,0.17652863551614267
U_4379,0.06316329767100916,0.2347427522344655,0.19925993841466869,0.12215803927603663,0.1424087625083766,0.9124899881405686,0.1875209507878734,0.15968750770772935,0.25024797070102534,0.08180536192963166,0.09233043918765489,0.09759782857021128,0.23420245078839086,0.20166095413094032,0.09775445304599285,0.04631182990094385,0.16788748324648484
U_4380,0.05796737624109166,0.21618174142576269,0.33090914050517845,0.14988951005343445,0.299556660195645,0.3276588936752076,0.19562806732869223,0.19420464658562503,0.26945176152112255,0.2909261023106183,0.28695850950624247,0.30876753847281463,0.2081391570784346,0.28712955212543917,0.13503649666226636,0.40280270609007923,0.2949683157639386
U_4381,0.02946190637025256,0.08005172939634458,0.15576138771362713,0.11411397870153865,0.14254930003428387,0.12551445651600887,0.12245809894512565,0.16200288872965343,0.08831348755382211,0.623410760532702,0.2262520575038755,0.20566815119513693,0.13167058416138822,0.1221563099430721,0.05859348107407586,0.9220310703166048,0.15668898422265828
U_4382,0.2824761997976713,0.3184377566338539,0.28041161973915063,0.04554938037983327,0.06474382589715563,0.25154238963646874,0.7509400115402245,0.12246590461500084,0.15038498274744075,0.08743563619610176,0.08142569344076525,0.09253582171409551,0.1764117792324529,0.17178342275632955,0.18900111491363128,0.06168496277655745,0.1861699002218025
U_4383,0.5045209240031736,0.38811337779372357,0.48641306055286493,0.036277801451805966,0.053924954171224115,0.24777567256323574,0.07731809355653098,0.15395851340650876,0.04965089248938765,0.08728665864123436,0.06605152375397018,0.12109017854028972,0.16964460117606395,0.25473430833977023,0.44066941692514416,0.04781239017346246,0.2221868141380645
U_4384,0.2827418675784151,0.23242800826020618,0.233535408944132,0.041513014376894905,0.033323269895451556,0.10167437828368962,0.052517690672721176,0.09028435345714238,0.03740302503075066,0.05648782515122188,0.04334522674721527,0.03307649911827305,0.1157956563005317,0.9025686341777721,0.5075541307285454,0.34376263234252874,0.16264011025777225
U_4385,0.13560930537626353,0.15954202364394132,0.15957928940059024,0.05230533752848962,0.06172079656045107,0.2367146416087559,0.15911590447015822,0.4065071878901508,0.1413225642247286,0.07300940710418133,0.0728924480215897,0.053976473665329025,0.1407856093843671,0.16347216258312894,0.0766979443517582,0.5354523088731704,0.4402444644972141
U_4386,0.5396833064659903,0.3814929030122934,0.48522027373892634,0.09251285161661664,0.07720362651584324,0.26089306304072707,0.09316368490856392,0.12437465789519234,0.061002406393990655,0.10048940298703295,0.12053867877728223,0.08868515110123787,0.2943055411311802,0.21543241143857977,0.47841452565254816,0.046560584528392984,0.13551627940783073
U_4387,0.25735852440566204,0.23801631782763252,0.25312865173206267,0.03826082938459788,0.02914016150344965,0.1809598922889419,0.40422519154143316,0.10000363725293059,0.032479222915559415,0.04653279537884109,0.050335715786896745,0.06509817681723043,0.10458483187087886,0.7753609362280534,0.5328198935749799,0.0939828904225764,0.15122546556163052
U_4388,0.06710711481059141,0.11007526004676405,0.09811610548112473,0.13255473271618357,0.15386572726852796,0.08670294516975303,0.1360836368786221,0.15246771946742116,0.4138027239129262,0.08037931715595026,0.0776283110595555,0.42395996104037353,0.0665215125822065,0.127807508200326,0.10027485767069824,0.7673158671543154,0.15076318054439353
U_4389,0.5891262820527225,0.49642015058980976,0.5077549189025572,0.03383887052891976,0.044886696819492505,0.2624001862272138,0.07776249547653168,0.1443359894037747,0.05671006185929384,0.08492715440664084,0.051022278525657855,0.06059872072639135,0.19502193591293612,0.27470681844201916,0.48675435143529244,0.0841007681195612,0.22062186279849863
U_4390,0.3075994442767827,0.24927797273348784,0.28541784201862636,0.03496044666549975,0.034487288719845854,0.23397498353677965,0.049092295666873,0.09659397239855064,0.03868699785142582,0.04975494129318342,0.05190760726968116,0.048697189510922924,0.14795600862279645,0.7572226847128836,0.554469506605278,0.03294525698615318,0.17480343360989278
U_4391,0.27471390705468796,0.5695679351932454,0.25396525564711603,0.037695118142866656,0.22908413212454135,0.21103438080810552,0.26346103836945045,0.3841796472623624,0.6292338627257239,0.08238302455700172,0.0699710733442808,0.06693090668037639,0.1455049628051981,0.15597067068843548,0.18263884563407476,0.012654298114522709,0.13149598784200434
U_4392,0.37659871014087437,0.35049566707705426,0.33556208698188045,0.04768136207961067,0.04172823258701233,0.16979283883356255,0.07930148707452074,0.10569825528350221,0.056007902325627405,0.062408652349993404,0.06743302722722594,0.07116440645587513,0.16792977538075715,0.20442247186843476,0.3161776773704939,0.6831302264609818,0.1822808730838044
U_4393,0.2805984052757803,0.6864853773860844,0.24112411127222588,0.03277729941295397,0.045408390737478405,0.15106964942159354,0.06949607847392789,0.30399601609531407,0.3946617659568571,0.06720948023203874,0.04612204284401082,0.08510558766827081,0.11088436204304562,0.15860050164936745,0.22725810856550033,0.3976748075653843,0.11139772558998533
U_4394,0.07090530474209292,0.08941458431019678,0.8232317558111326,0.12676128237763012,0.1679612208053674,0.10469590310150181,0.6952004065262518,0.17256141916832746,0.05373379094903086,0.08824814438759274,0.08166997707099474,0.052542534054519134,0.12143417247524807,0.13458851916374895,0.10427984029725047,0.378603454181051,0.21979168231385696
U_4395,0.27454281358243315,0.24851294285229475,0.29574379461503736,0.051428807545706556,0.04466118658973935,0.1969019210389032,0.11081611168717664,0.1262541211158707,0.06708944836590564,0.0676664922968799,0.05848260116656581,0.7702324670855889,0.12078505684414144,0.1592468288682291,0.30680863306165773,0.38805778857888196,0.17407216259490774
U_4396,0.043729725027237654,0.06871789932765857,0.17887911078621427,0.10670295479117634,0.16763327315190102,0.15044787385671457,0.1291119369421253,0.14991441612757564,0.7867826015282244,0.11076828227558005,0.11824397981979824,0.2791478633619049,0.14444912609781435,0.16111539333171665,0.08311271935556727,0.375736032304279,0.17575457985343015
U_4397,0.18033465245385302,0.15826336319994805,0.41438877888530906,0.13403795962421872,0.19360505101874104,0.4700713071665667,0.1875457825637551,0.22098812915528473,0.2660267569552286,0.12502069659838302,0.1349547038052116,0.12758625305791724,0.24587584154841693,0.27151479419621527,0.1907937038402601,0.07181674067027337,0.25213634237202226
U_4398,0.5565428345002872,0.47654318141466684,0.5612615396929403,0.03583054159091405,0.06167982939851829,0.259330275414927,0.07628760966176007,0.14258788073166812,0.0589912974909433,0.09011032995147526,0.07215934503741313,0.06942366082460455,0.19839618998006597,0.27426687098514174,0.4884012083376225,0.06527345252534585,0.21907068609544242
U_4399,0.1151838788726806,0.29772998396846023,0.9300924799928716,0.08651985432105991,0.11384238097890574,0.2381913567500988,0.1307263952314741,0.12013343396834435,0.1846692979836964,0.07778388648021026,0.08487327924670346,0.08486100684882701,0.19429584605960135,0.19953589234428415,0.11681632071828323,0.04718257642243252,0.17845063250753615
U_4400,0.20995678230466208,0.1800504025953556,0.5917794437210642,0.01934947272777712,0.2903237807481014,0.29088116636510536,0.17294308042447426,0.11064098804811677,0.037752778877268245,0.043691011769013854,0.047232214511153656,0.2580338382792205,0.11551853744675122,0.15048862657752154,0.23443614028624848,0.2816390747646428,0.5242474034312785
U_4401,0.3345009138885812,0.25469890869801426,0.2843317521962881,0.034453599359734265,0.03156757034711334,0.24549136853480846,0.07468313596565333,0.09959367598547629,0.7493139817902448,0.0598693967317305,0.05493719928772898,0.07027127156078075,0.1422723933929564,0.20120597237827903,0.27517306179500484,0.047122303716914844,0.6295021411681345
U_4402,0.19153293196583218,0.15821771643920443,0.23660743910695958,0.08335489406299765,0.08959936174133032,0.9192583296996688,0.14346189429548856,0.16184083487976889,0.13357314749568142,0.09688872896237916,0.09150181493472098,0.08409597925129333,0.19050260137178615,0.17715238937173916,0.10891013103164623,0.0494531802873802,0.16011358072815615
U_4403,0.25125023439720545,0.5710683607964471,0.2755566894084503,0.04426704233224653,0.05963432837443344,0.7100094460269011,0.10244922366186367,0.4113610069884917,0.5407317950473798,0.06182816765072685,0.0567133255745644,0.08342632327382461,0.15496309963314256,0.18028744277840925,0.2284573279402306,0.018604140235137477,0.1350220200975982
U_4404,0.05036207559334143,0.09093918765234657,0.17063250399297136,0.09204338909535684,0.12021622499167134,0.21686806242047496,0.6603996597385555,0.1355755597119383,0.187360565899172,0.13350640160806684,0.11220718015450698,0.06395357607190735,0.1690333263942174,0.1810227102884658,0.05934359856909557,0.6316590416045997,0.13813547085142736
U_4405,0.31272941827303563,0.7176317137519796,0.2770722590298039,0.03851753243998008,0.3601625257470778,0.14551980393218505,0.06921942363408645,0.10352605494933204,0.6737299250343922,0.06441047632704044,0.05559097600582981,0.07433291881852487,0.1493744277294953,0.17059247234540056,0.249181741510983,0.035199977039187896,0.12077180316386035
U_4406,0.2956559488704766,0.4078982325169621,0.3416809980707287,0.042651319256591255,0.22214189093751951,0.2650488085123462,0.16441592476325773,0.11820206274340393,0.612869956643983,0.4564035785178175,0.061878419420999545,0.11321957443708253,0.15997794754600045,0.19126107365339168,0.2945708989400219,0.03754468515297884,0.11045725056661299
U_4407,0.14455965156673678,0.19531119807983077,0.5113215606535046,0.13726771440824068,0.23246126053602115,0.37816902084919557,0.2018069773037865,0.2115591588866509,0.39692690525071406,0.10988950223338018,0.10265421934407228,0.1266812316285564,0.29821527347019117,0.2955165076596172,0.14978115834144776,0.0795622372665587,0.22204499645498546
U_4408,0.2901029673417276,0.0466007721535749,0.3105062181125828,0.05580394311079002,0.139129495063044,0.7485582581741634,0.09559976212178405,0.11845458847589936,0.11653775287437694,0.17524080417629673,0.17094699710076938,0.5185681309762931,0.09351816036839831,0.10674709583196597,0.030029093432503186,0.26455687756427204,0.14897969374481457
U_4409,0.16317615324343038,0.11840769578033386,0.2728505022386844,0.09674113998472697,0.11436295690354356,0.29009711329151716,0.22892039344780687,0.15132563555863793,0.06270358895452224,0.07783060634226416,0.06157671223175676,0.05053979935056218,0.17495302256171955,0.1747897895575565,0.12836964552286279,0.7705263384041106,0.13772126461090606
U_4410,0.46294569118287016,0.360158579029009,0.37556318010332057,0.07157295900233902,0.07998340081702614,0.4124047937722532,0.10363375629078792,0.1119267161060964,0.06870150505125774,0.08526673045962976,0.11997150558162636,0.0904120055147972,0.29355996743778723,0.22691239627732834,0.5616581415016315,0.0455825201668666,0.14091361677155997
U_4411,0.3385867495865493,0.23261493258478477,0.2883891775779136,0.050584087365323646,0.04671998813542565,0.3695994873050145,0.4535448380501315,0.1172364251326748,0.04614140765287493,0.07426891473188302,0.061864639753753684,0.046354802249220076,0.11670503709851379,0.5393747059476308,0.7968491042432515,0.02086326443114651,0.10877990042125624
U_4412,0.2109443323372162,0.6736108938382639,0.7317163236485718,0.0634979989120979,0.3698563775088813,0.23266329916709558,0.12613426608984235,0.12532005328436535,0.12463876909790794,0.0586797540901738,0.05894372134067175,0.0624484610490475,0.1437206040365541,0.16788713645452918,0.12244342518031502,0.03529135787761377,0.3587907034672795
U_4413,0.24064893686014974,0.3787799014449019,0.5567034836394311,0.021835315185486814,0.1997429007013503,0.37585004344911876,0.051435760024516275,0.09596944133944532,0.5738856112944548,0.17393983165797314,0.07232426063453722,0.3144906776695167,0.11037160971843075,0.14829840025248647,0.24712075673122122,0.021796039323209504,0.12221071746531487
U_4414,0.14207625345141162,0.5493309446519989,0.5482702513841939,0.06835959089492066,0.35052799366462295,0.20072262966452722,0.12799732217087204,0.13359086422607178,0.1816609075545838,0.09114449948002556,0.10732238210356569,0.5933640448595443,0.14904621547046734,0.16339570877367005,0.07432538491887722,0.03005915691981361,0.1557891100271256
U_4415,0.15535095102735727,0.33390824285871323,0.25506455085985963,0.13670297162677011,0.19545172299978325,0.2938068838956979,0.19181263515912442,0.19331054561390268,0.4890285685316523,0.12664644397467414,0.09246691641341463,0.14472970995457055,0.29698037621100043,0.3122220032220962,0.12608319353412045,0.0893191922346645,0.22710796333170413
U_4416,0.125779725200655,0.09929479368998355,0.6884595798096553,0.06952497074523768,0.3946030486014098,0.219179218010096,0.18114631754545618,0.12153154506211378,0.3381193343073418,0.45784811341823606,0.07607733299319146,0.6678374890233585,0.16134833616483638,0.15976164283924074,0.10093040254056314,0.03152300277071992,0.12210521403200798
U_4417,0.2003866644096007,0.2896350511494282,0.5421125776341043,0.03197560775714083,0.029008329322668128,0.4959883342089747,0.18419691624093382,0.10503015421579828,0.19908092432940028,0.2992733402944236,0.041834907243039565,0.4369428549328573,0.1259058160805797,0.1357186841142578,0.2291058399184837,0.011775948380259702,0.5165404494353878
U_4418,0.26976613739398697,0.7265559107694399,0.6448008894828772,0.03530718111093435,0.03697676489532135,0.5615973771145772,0.06579787368510473,0.08785033555716994,0.224018460417882,0.05465036299947033,0.03897633514634789,0.04764128011502733,0.10802615860910644,0.1444574397315989,0.20678905471315664,0.04098069644524525,0.13644560456343005
U_4419,0.2310046773787945,0.2155535761624081,0.3242965387785394,0.026237847173558322,0.05226447098230645,0.3200644574764038,0.20632063562902633,0.06447785804311897,0.15703193074549948,0.09915840793901895,0.04038629271040057,0.026145452446971765,0.08914315452460499,0.3866739258735783,0.9517532935919044,0.0607264257083054,0.07703408348692521
U_4420,0.27087693501955623,0.5890413419612581,0.7743281985576094,0.049523131410936956,0.04892851819067916,0.2512757144571374,0.2944227453625644,0.09232150527734541,0.052072809762247416,0.06210441285522281,0.05898918735550049,0.5147868335448234,0.14157253042616047,0.1554006294777428,0.24475696626073026,0.019052021741837396,0.12158095560294767
U_4421,0.1759936737849997,0.14252972095228772,0.20112047904090521,0.10131401647774807,0.12950797640570302,0.17025826593924434,0.18594495869526648,0.1649131501160192,0.9051901898644084,0.07619280455071592,0.08579381620922319,0.550381254011008,0.19254865495863904,0.20712441632172934,0.1146203737514259,0.03328885336403922,0.17914596109524375
U_4422,0.07390693452586126,0.2839273967196024,0.20256599874507078,0.060501063821164804,0.0967777965999039,0.15808224900867554,0.14095309059773561,0.15524094475593336,0.24125841104136564,0.0630471527346888,0.05980084681751635,0.7591843688773885,0.1730726080879356,0.22905571218099305,0.08682794542215048,0.5353010448328903,0.14801948933130626
U_4423,0.3781304545388041,0.8560105796255795,0.2698746784531669,0.052910069171572344,0.055774446902743156,0.2568150573887356,0.10327277403291693,0.5272284801306488,0.048492101429605736,0.086123811448543,0.06082456746033332,0.08176432073278883,0.1339216209596805,0.1754672639410835,0.2791593641893696,0.03438660812327462,0.16721465672146543
U_4424,0.39052119431504273,0.3652070882999727,0.3172375227802619,0.043579067711343546,0.05234166544999569,0.17919161119361432,0.07386673188995943,0.0958633589216475,0.7317109911709028,0.060282682107759895,0.06254319007883687,0.08416846457892842,0.17021053291213453,0.1960873889094582,0.326154987732949,0.048923963712292254,0.15413684204695563
U_4425,0.11116337891208206,0.24857338801155032,0.17026316328709762,0.06985079255293847,0.08133499652545284,0.19319145272591803,0.12966780414553827,0.14359939185168916,0.6643976982199076,0.064378855651654,0.06509501423512627,0.8969793511638258,0.16834112510102955,0.1751203296253318,0.07834081099978213,0.042826309569032175,0.14809804425019257
U_4426,0.34374089486261933,0.28168113927159255,0.36145581092619566,0.04286270245906293,0.04281613286466416,0.1761091819130287,0.07609055641637719,0.14101072478675145,0.05220562403703087,0.655303635548901,0.057066907706858405,0.06506575686477245,0.13882421584934418,0.1804603915764431,0.3058360685861404,0.03845284309469746,0.16366246371438123
U_4427,0.16338520857177802,0.18371754948982658,0.17999513114659207,0.06373777655895209,0.0778604364406637,0.33929658036632326,0.14467056822399038,0.15162931722773174,0.7741901871995074,0.0883418974862702,0.07372742135837806,0.06198044884010527,0.16975148688430342,0.1614013523063633,0.0628690809670005,0.4619257749143416,0.139768719023718
U_4428,0.1604740641024354,0.15024333271846285,0.2850224337779226,0.06632126317014927,0.07095567471546514,0.19794262200001944,0.7137270843764083,0.4534998416959571,0.37389793081007866,0.07859205004031651,0.05827469684263731,0.2536964576478425,0.14919058622114703,0.17137730363685064,0.1314341682175931,0.03373665579360472,0.13103903344511397
U_4429,0.2970857422160009,0.5876190565858546,0.2596168028016743,0.058714716025707506,0.06199213773389857,0.24738073510818584,0.09842633050606106,0.10571392275902557,0.7152695160082732,0.080819292282552,0.06359804443919764,0.0694566996517422,0.16682036449975338,0.1604831564054342,0.24096288747157577,0.02624536568183649,0.14045288990088625
U_4430,0.029527689916809007,0.06064635836737402,0.10051127793324531,0.11124933374079832,0.15959709724748264,0.1363144935621989,0.12104954624433271,0.7272500960956443,0.0759220707745835,0.15262301880395068,0.14874540520641252,0.19488039681689606,0.10971958469494374,0.15007524930189436,0.07216755900521195,0.9495572157236605,0.15641385304224975
U_4431,0.2699509079098919,0.18139720535773723,0.21286707082705184,0.029884566932095312,0.024625614910094438,0.08500220983484856,0.10192556366040405,0.08473545471524963,0.023760863270523524,0.05072507351561791,0.03562222717541294,0.028094498185833414,0.09731893744958747,0.7002710426729928,0.851204580196222,0.17966630384492943,0.0962373937488312
U_4432,0.17989742298107836,0.25458804745387986,0.25176661379961285,0.04462527156887888,0.06270386444852506,0.22615204549041798,0.08937063627840477,0.1224162812296292,0.922438617549411,0.08076867786096392,0.07971018502042518,0.05191544293714757,0.14294997885755278,0.14174184519623784,0.08564656491451707,0.3556173616680241,0.13130076337112406
U_4433,0.31151034236107383,0.23737205583150328,0.8509505634257084,0.03683863427506452,0.03089058764596629,0.2523508703584148,0.06892379292697563,0.09249121744097562,0.10786264541660015,0.06584844422268141,0.049708043153446374,0.07676164791529437,0.109576582265126,0.14787112124780283,0.22595692162490028,0.08066730198963493,0.14581339827330922
U_4434,0.49054498102486943,0.3586849459306919,0.3885827245128412,0.039646067866392465,0.0574843965127486,0.3400606718247916,0.10030823483107104,0.12560353293036094,0.0688320282226031,0.07056689733061432,0.06674480935867881,0.08593290265192517,0.2077063524344952,0.23240173506269457,0.4934267857773703,0.044311866865462124,0.1986720681997613
U_4435,0.03525434872949625,0.8421445169137227,0.06391768953479902,0.09884973354647703,0.14890353580532692,0.10107213941401852,0.13126479407703223,0.11621653579871496,0.08385770681815857,0.2096589300919141,0.21042111035466815,0.20173858582108983,0.116670270310392,0.13362303276373666,0.07212990203657524,0.7392549830732915,0.16097585369493114
U_4436,0.36876755153812085,0.2869891366402843,0.2911184086645698,0.03919108634865433,0.03850635161834199,0.19102529782890945,0.09078624154948516,0.38162039849786994,0.06817381408645953,0.4270254521837112,0.052602233346200615,0.08543079775203044,0.17084362028903455,0.17031201024980966,0.2879610068164726,0.541483062727881,0.13267014898377155
U_4437,0.26364913173887317,0.02902156379967366,0.3640101554914889,0.07725976830687498,0.39641503619083734,0.049072605224956906,0.09492549127287565,0.10024200544957336,0.04347713476068936,0.44027729851060665,0.12335536236255987,0.9447308378292387,0.08354065218031902,0.09255501482477782,0.060924919702695104,0.2669481184041797,0.10280830311063881
U_4438,0.03679241206767081,0.08066226280467184,0.08664489923696506,0.08698668117340311,0.1915524978144123,0.16838864227789085,0.13982647600091497,0.1485861706542137,0.12192454571349517,0.20012716403769523,0.17629426822547292,0.16336539517653895,0.11328745277889109,0.1573238720911773,0.07164644878793322,1.0,0.1836421303177933
U_4439,0.35737152443855585,0.31642742330113033,0.32538500661618985,0.0441529809059379,0.044759734867782286,0.2892735089941689,0.1048483881701058,0.12563928316443523,0.7548428586112363,0.05785843768059899,0.061157672084051345,0.08914871307733976,0.16832572717796057,0.2049222518617974,0.2107876701938463,0.05604656243060921,0.1913288852060485
U_4440,0.337380105777424,0.3030826682841277,0.3304970529126055,0.04104695206258052,0.051799599282328294,0.27609352105362467,0.4534570046831564,0.11281852436026706,0.7094221049426408,0.06970727889675232,0.06069464583137288,0.08264130096344184,0.1751985874176103,0.16886920668205777,0.2981221585333087,0.036665861017567226,0.14079519733172233
U_4441,0.35907015139453075,0.8769601261736408,0.28200107207237224,0.035169508945085026,0.045586722579843295,0.14215975017657317,0.07333006927537943,0.09967571107524155,0.07061850006332197,0.37204465548568594,0.05304805520309515,0.06893227193229565,0.12800703024820861,0.17124971639327302,0.2665259515449998,0.05075614508174852,0.13065291448660582
U_4442,0.04362507063047908,0.11059299138620603,0.13695298840739242,0.1096273764510501,0.15875538656140292,0.15877618279774852,0.18203229752862163,0.14520406245656134,0.10338871539100875,0.5070013630021162,0.16178804116297024,0.25652593297426346,0.11509160998913713,0.14522114811485545,0.07544605916830543,0.42453374917436776,0.19756871488994665
U_4443,0.02903415058670892,0.017306983108478204,0.6113357606968797,0.06436452483384297,0.12851036366100152,0.13608810765355406,0.10963194273828548,0.11656577790283043,0.08007940693584721,0.12245240453639464,0.14352043780532678,0.7133033995060354,0.08499480706310605,0.11033014125802093,0.038485519437327614,0.347960790882581,0.12188970903252688
U_4444,0.4075013638883445,0.34419620306159837,0.31242535450174125,0.04472524277630963,0.044910569852885544,0.16950414404391262,0.07213103408776197,0.09043141200624069,0.6981032255290873,0.05780979537697935,0.06398673019798773,0.08888220759348661,0.17120540647632362,0.19530568430454157,0.31742363444570265,0.05370349476044839,0.22450076292809096
U_4445,0.20225917610070088,0.17530149429618225,0.4711312886208744,0.02721140994860527,0.21390124711360808,0.9073511624582093,0.0639075375190155,0.27162972993300083,0.2239515148239972,0.08075500513324878,0.06583531773803823,0.07343957612021218,0.14694552626732935,0.1600213284393325,0.19513981325181548,0.03551957990404679,0.7157220869615466
U_4446,0.5415151293644711,0.4974419529829588,0.46473416771901704,0.03988312135136837,0.08269494556990853,0.22501390205655114,0.07111448392762547,0.1289637681561739,0.09026560870541331,0.09207134094890743,0.06682123569303093,0.06411610435018114,0.20528273440366318,0.26215100934975044,0.5508303836705932,0.06734674821607772,0.20956544032397656
U_4447,0.005636018906271004,0.031701094015217895,0.08018570666847255,0.09153233629085025,0.3782384530292543,0.112529269483864,0.29221154434824526,0.07308761489940423,0.4144692846682587,0.18555724922741829,0.15160081574862144,0.8679451970918388,0.09319975149956419,0.10059883904739642,0.04639017151444293,0.39634959155364624,0.07860461676792076
U_4448,0.03778979005755627,0.0745429736971147,0.16050724777652295,0.09724702392234216,0.5372887162800859,0.16773151956543508,0.12090741067633509,0.14263737274506588,0.10411922116412295,0.5682120250316469,0.18565847612648675,0.17852433367951362,0.10261813087940236,0.1466678595269807,0.05580112788596468,0.870470647486675,0.1481506544145953
U_4449,0.2610352875859549,0.4067328074124146,0.5483776551276089,0.04338173276391605,0.14134233606853017,0.40359622302688786,0.06864966573158231,0.11687823494485328,0.7520453210483733,0.08835791610186512,0.06840676888560422,0.43625758350001675,0.15071833135735233,0.16560903675943536,0.2491719126375333,0.02101420828568705,0.08790269675198041
U_4450,0.36254780241471796,0.29446308198940924,0.2859371484141908,0.04411332068397619,0.04047911652896844,0.2801541544032904,0.07845911059781469,0.0973223900805444,0.5455408636945533,0.06493225257059823,0.051504932579992696,0.0929403159241268,0.16381916987715586,0.17476359464776015,0.29778751056632036,0.05884750103899827,0.16642851523530597
U_4451,0.17421875555326288,0.39675825780433926,0.8699818748621813,0.02619176011210101,0.20496213308160513,0.22131693512333228,0.08653648994112881,0.08702474122542117,0.08765696079908555,0.04563573380886923,0.040784744952291584,0.5389556781013893,0.1236003266282838,0.1545327959411723,0.2786265212362107,0.20187167935754155,0.09558085680691505
U_4452,0.06996501025918252,0.1806687051562003,0.11779398747262898,0.10350441173670213,0.11987126886267598,0.14557632914840554,0.1759234318460464,0.14213150837747998,0.9138140478832417,0.07516583832880992,0.07792814762988341,0.4716297215938661,0.17035636370570012,0.1739689704588446,0.06546609420162156,0.029104814826865527,0.14747401870639038
U_4453,0.1960980389628067,0.14540214947467062,0.796593816506957,0.0593687430508419,0.06630719108304386,0.2306056475306432,0.12163565919491486,0.11631384055227732,0.056074050335910744,0.29174242761129826,0.04140895728605604,0.050421711054476924,0.1281668411108036,0.14855606411375427,0.1084839411942014,0.041472075788638124,0.8587304133098932
U_4454,0.33290695110485014,0.3530407430694851,0.3155221584579671,0.04675036144279149,0.051868569619706054,0.21185350377781295,0.0764412844008891,0.11537846675085073,0.059032474600983514,0.46320247835287415,0.0675977730992364,0.08765526583114713,0.1808810126576043,0.17577781370386972,0.3077546956653329,0.05561761616949402,0.112947302087713
U_4455,0.23800643023237295,0.2155074804207137,0.8642665554937143,0.052508807095970514,0.028040123115703204,0.41712499264017017,0.052760425237164774,0.09306899818565945,0.24641010697619986,0.06519670934316647,0.05279929661181265,0.05802631978333585,0.14081998319376252,0.14449206831999267,0.2360465295583492,0.030569089473091567,0.38302408205187544
U_4456,0.30502193456924626,0.41162753695669524,0.2129714158003252,0.05615114049510547,0.060621227722249274,0.2995864580119882,0.07975625782960766,0.15410172223379606,0.07912449136783822,0.10341600597372194,0.07363818844804096,0.08476901377409521,0.18659449328829475,0.20879204311821103,0.21513164089523173,0.6657295329928667,0.22129317063860715
U_4457,0.037017539479000675,0.05661021287178503,0.8958713206470104,0.09224517508430051,0.168591222908647,0.10792514558132696,0.14921066508960198,0.1553859522455201,0.10713139499834474,0.17708940067205708,0.18397532042770962,0.18864769462015735,0.12939245871914215,0.13145591448810093,0.060437494629043846,0.34388132314470815,0.19090781484084499
U_4458,0.05988442590743012,0.18480542656689952,0.22517959057670872,0.11051894960221204,0.12473594704163121,0.2078840334187071,0.15782442174946182,0.18055815180799797,0.18297336011930385,0.7145346929563308,0.130791549451328,0.0849175909196796,0.17823717787312982,0.19251717911045577,0.07703075721673112,0.03347304408483191,0.7346584667656926
U_4459,0.03110245955740787,0.7444280508254921,0.0667407204468679,0.10376078908156702,0.16810896085096305,0.1798837675752816,0.1422047466510902,0.15534889992323575,0.12775896635389872,0.18913239882443572,0.191235016229649,0.6507109440806462,0.13193508146011734,0.16299647569520959,0.05369295806117114,0.28792033533962486,0.15959003887975037
U_4460,0.061836852236060086,0.09947673627217432,0.5654208576789805,0.06982509300244247,0.08330554233330635,0.2676344031992747,0.6757740512328265,0.14191629211653561,0.6681986830770079,0.07331844693864326,0.07884994645656816,0.41360556090568384,0.1631745367142934,0.15845715657115547,0.0811842832240596,0.036172085996641415,0.11062295956846459
U_4461,0.3227166417725502,0.3203380151744348,0.3224092665734243,0.058302684436351795,0.040861163204624934,0.2354142920750086,0.07147116378241018,0.11493079988125288,0.7823808790572897,0.07619914787408746,0.07234077963321937,0.06161383452287217,0.13944521976904603,0.21823888963994986,0.28649744585027465,0.04286613031258568,0.1465791147969945
U_4462,0.5608388844194738,0.2099510735961402,0.5641116682929557,0.035441566287412386,0.045640402674654135,0.20280261331749852,0.08489784539384011,0.09135984730054833,0.052279518997853935,0.5247520270271664,0.05659144937090246,0.5368650097094756,0.14785608526914382,0.14721947291006013,0.22897332576213503,0.024470033684047512,0.13582270833538346
U_4463,0.21789794779852495,0.1463384840705994,0.21256699700748877,0.04297018676096388,0.05752229372791905,0.5831685371102202,0.12329116551011682,0.12928729891276478,0.09453477776734501,0.060925101827267514,0.05726690069948831,0.8053143765790953,0.14857298119222279,0.14256196289426548,0.09504384443086851,0.24670646189975126,0.14859947739387305
U_4464,0.24124921229174318,0.24912015816493743,0.34352601697865404,0.0557199283271896,0.05483755091380554,0.2838361802171384,0.06201512017022619,0.11939669874751274,0.035573364851618175,0.04865395558906566,0.07440083923496624,0.6138670064082044,0.16894758859578027,0.18074535579508624,0.1874922388603069,0.02608822539708433,0.6539274408392115
U_4465,0.3709951171486363,0.32146851474075505,0.265222873321064,0.04991377673391104,0.0462723963952662,0.28576652734460656,0.08995400714418561,0.11078562405275313,0.04728054509515657,0.5980177877883144,0.049360439705350805,0.06186053009095627,0.1335395183023803,0.1716203388221573,0.2839131782128436,0.3739035695615685,0.1647302448132292
U_4466,0.03431340147679489,0.09261316822131864,0.12046487137245725,0.1009967461377833,0.1581660190368575,0.13613758907335682,0.12977372543294668,0.5031233845862495,0.41266976575748515,0.17055987525844757,0.2262004011763386,0.28540302987563204,0.14276985366442618,0.15949215270734451,0.08271326714091709,0.26168003722165856,0.16004720743420947
U_4467,0.2657197596228121,0.2379078122912655,0.2534048432216258,0.05407996850241794,0.040932939124483585,0.1409117671996991,0.04492329717284258,0.10350950989193801,0.03468938623609678,0.0452000651420268,0.04644236838084261,0.5749461292590949,0.1469621110943739,0.7683505776680097,0.5056485686382894,0.03267215652137999,0.14941525514118986
U_4468,0.5618338123589515,0.5917015227689044,0.42946770526803724,0.03293515299122584,0.050491069899269596,0.2529913088938415,0.08240527672151284,0.1384159096435293,0.07910996862384626,0.08260629357022618,0.07458009104902057,0.06272446204788891,0.20157247972674075,0.26570545599031165,0.4563796684158229,0.09297140991905387,0.2112874761842909
U_4469,0.22793309912774537,0.23955176201261758,0.27448683958079556,0.07513948187082632,0.07801000237597264,0.3128680898548006,0.1529615906144945,0.1527420444221149,0.09074996474608603,0.0684233766309146,0.075058244275662,0.0822536301230476,0.17053329334873865,0.16415267868573863,0.11862417953923499,0.029796695547916287,0.5952222888037713
U_4470,0.03370998368751775,0.07941204116594577,0.07480421787194254,0.09845900969342562,0.14074224979920288,0.6617246330873519,0.12907285320882753,0.11880535917118466,0.4973409217652408,0.15356040067086626,0.14118900949186425,0.21960129403742545,0.12347697863247656,0.13517556713549916,0.07701738593748016,0.6133818962245883,0.12992067377709174
U_4471,0.05851205355463798,0.13909381663162385,0.18667165330701074,0.12371569167362634,0.364535990219027,0.30592321470867734,0.15654102878117465,0.19101120809664113,0.2403207344866212,0.2850043680768816,0.28867895819436745,0.21990546439800943,0.16343950834418786,0.23237092189881042,0.10494031237273244,0.42292208548848814,0.25329960547152497
U_4472,0.10020195192774384,0.21234084909176154,0.273029851446731,0.10995015302044818,0.1555238797767565,0.22151956160506978,0.16826611856871798,0.17345517340691394,0.2247091262056068,0.08142027014145838,0.09733249454062536,0.782716146057582,0.20373029217072033,0.21794043827189552,0.10887800245677966,0.050094685984522144,0.18485341238730366
U_4473,0.04416430456045009,0.050494016452086454,0.17431091000133117,0.09632156435373469,0.20259561481370758,0.19687139656410482,0.16988746009006367,0.824294667043362,0.1096351871768809,0.22563593104897103,0.2238953083754554,0.21069115753481174,0.12977473605985934,0.17248037390079457,0.0552708887538534,0.2859879740194438,0.21797157210649862
U_4474,0.030235632939710363,0.26205932444213403,0.061615576020933066,0.07800885410071794,0.2434368786127467,0.8758549328886651,0.0958846623387516,0.1047447033224306,0.0443163159979328,0.11810213293914272,0.14288139396144187,0.4161917726109358,0.08128737281805401,0.09619788273682275,0.03506885339126687,0.2275751178175709,0.12103153748936474
U_4475,0.19424473839002268,0.14611341688238014,0.5259455987293042,0.07216509140859423,0.06225762285243863,0.7292854924024417,0.18412437423042866,0.12690724168035356,0.1311493766531395,0.48143069152626816,0.05933407126377672,0.2944944941468753,0.15696456234326617,0.1559089052155163,0.10179791920609957,0.04324998154802326,0.13248069096060458
U_4476,0.2768102204252884,0.27484920204840196,0.26717513254881947,0.04322412580574388,0.03947837567964474,0.16695518498020412,0.055870874515420804,0.09862241131623914,0.04320346065922449,0.07093128904728205,0.05276746830731123,0.8318529883345716,0.1376052218658024,0.18349845463124465,0.2541887465366199,0.40746903913633487,0.11790866154174102
U_4477,0.3513655569135159,0.932816192990161,0.2662992087494013,0.0516353614357601,0.04123444166370093,0.1960801844102808,0.07550022698421428,0.09829313094394522,0.0493755264987473,0.06954806415217216,0.06348188115420204,0.0680251889817715,0.14986016662422294,0.1833860057159409,0.2838839779085691,0.060670889685240745,0.17767862928107198
U_4478,0.2897875997375757,0.24148947818807603,0.7554411169423612,0.05154032676104567,0.051059531129430534,0.1591782860463074,0.3285312273561707,0.11085615483981913,0.0506752869291859,0.07375511693397516,0.06096791792830733,0.05309468507728447,0.12456346360931811,0.1711381081431359,0.6497118173821712,0.03293769320299367,0.124384189709979
U_4479,0.2875322287043682,0.18625289518915022,0.25838356625517955,0.07667020764413222,0.07332128792691522,0.25930344082699563,0.16779618685579298,0.1328558925520067,0.062231187266770016,0.06609128299310302,0.058024487273006235,0.0722991789969357,0.1509654882665741,0.2537398292479173,0.15789405406905416,0.04100316779964505,0.7732172716835084
U_4480,0.04912965646329994,0.10477803161362964,0.112217975335579,0.11258057898681652,0.1779183942988235,0.16155618451363923,0.16151178709089398,0.142597430604206,0.8427706797949994,0.19319066738440388,0.20158886609701654,0.16666076277540975,0.11682437465639622,0.1827713158062472,0.04126541245356916,0.2653976786773385,0.18884806597964848
U_4481,0.2329732679060795,0.16265361512769522,0.249161900874872,0.0746175274456679,0.4122642229414919,0.7022448077014156,0.15438767260647443,0.13592774063942045,0.06576280467268446,0.06307788438192652,0.054628993796076754,0.5768285870167846,0.14626667668866464,0.1580147035720744,0.12766203790243666,0.022058101221610046,0.5974800608674697
U_4482,0.08398011328525566,0.23489267424184412,0.7761474721848762,0.10281508722588828,0.13386513423182683,0.13050414834539753,0.15035259414050375,0.17403248116572814,0.2080380983608177,0.08061614707087791,0.07822936496915682,0.6504797082242055,0.2006348855067364,0.22768648554606674,0.09653547183320949,0.04064690625477363,0.15567549137064907
U_4483,0.21038985232149582,0.20883407672253837,0.2000552886696519,0.09112854137946447,0.11580910456052863,0.26113138312062184,0.18298924096210384,0.1752239435644397,0.17652923796255146,0.7189761084940425,0.06771458623595791,0.6171016140460899,0.19397607360146055,0.21424181228971498,0.12216025419991813,0.034986037048183045,0.16629233317954126
U_4484,0.3064315195165605,0.7035347124067655,0.6305212027968186,0.051478800241610626,0.049134913457416995,0.1614165856976862,0.08049040018252687,0.11469188786927903,0.5815777758184391,0.09539160074416769,0.05966289227305866,0.065027929053049,0.15661999732140372,0.17014977183780314,0.2617609447705091,0.03852765578704177,0.10011753742309011
U_4485,0.010204057287791104,0.03243506299487838,0.11644488869784095,0.06692009307801827,0.13226005383584583,0.9344335112405306,0.09541309647729095,0.2663342900421634,0.3014008039709107,0.12027498656631871,0.13190978620084323,0.14798289701843648,0.09070997893904315,0.11028672223452549,0.032876878148172875,0.528647711725412,0.11161068270784921
U_4486,0.27545482241826064,0.2855709719812082,0.29127786029130837,0.03810079918145666,0.05846646243335804,0.2576801020573359,0.10255215246429772,0.11128651721540224,0.05114937977485467,0.059258427027333506,0.054795818561122714,0.12251563165714403,0.12385090832608661,0.20571257148607375,0.14970613351125528,0.519698782700666,0.7134472501115692
U_4487,0.25500985002743587,0.6114446316301001,0.29791687019283325,0.037435020990300924,0.03748845897011093,0.15526123962186258,0.07068997035490429,0.11176482295507995,0.08237086293594431,0.06595241453105571,0.05619041997465019,0.7474668943322389,0.1550304628886183,0.17028809217835322,0.2438770290938422,0.03143243064543569,0.11613533708988519
U_4488,0.03152779184098082,0.06321324379196602,0.10155129657237241,0.09668637437378358,0.11844413995755224,0.9421596827339365,0.11232683400277793,0.13104614773676176,0.43496076918161247,0.12640715206626363,0.130647636692662,0.0822923141148702,0.07427527129416456,0.12605731667287523,0.04260469527060683,0.6889672264980873,0.1813810280656642
U_4489,0.22673844132130075,0.17415485384960286,0.19791790169303353,0.02234652790185973,0.036858734971044915,0.38545774976492114,0.16742662215475743,0.08824682661677549,0.03940497488781053,0.04578487514265816,0.039788430099991584,0.061246383234156765,0.10086603157289961,0.38569976514373977,0.9361303135779218,0.025037264869452916,0.11122289289767075
U_4490,0.14767097718873595,0.4240931026531239,0.45801742571362275,0.013023859041753353,0.11550881840988904,0.5915218594575502,0.3010923153227624,0.0980047771150899,0.5067715964565789,0.0339604097046532,0.03457428310046226,0.4706355967606672,0.12951379293684728,0.133619101113805,0.05502165118716784,0.09293000693610903,0.09096353915593056
U_4491,0.36418341481385913,0.3467986383496235,0.3245197914944333,0.05454807739751248,0.052490456100614265,0.16015559155895462,0.6890272074982178,0.12712753033625834,0.06514085625512311,0.06620552922038755,0.07791097213890857,0.06884332499930983,0.15027922983802272,0.20662238951600473,0.33126405742531884,0.052295741413117165,0.12870985290706757
U_4492,0.3472277959318395,0.2855098659137418,0.28234726595293447,0.05810562663433224,0.05584824527372746,0.1625847938058942,0.07948132207256502,0.7187842291537507,0.6151036660083127,0.08226547653734032,0.056963463774181884,0.06110993314892471,0.16082220293502417,0.1736450708739335,0.2905817770884447,0.034900828024305046,0.1394877922488746
U_4493,0.06309638955517949,0.7398734915171956,0.11401382030469186,0.08468443693466075,0.11020866337525081,0.18716791274994093,0.1828709434332635,0.14112774144173781,0.6475493742427318,0.1316216776341429,0.12572687847050476,0.6794963782575263,0.17363816632213516,0.16856631999181487,0.0704583417575125,0.05253802851639189,0.15107012378057438
U_4494,0.31033852580733357,0.2935054177559216,0.2707695185985576,0.057389711285451575,0.05335766910346664,0.23181242186707005,0.09174103067689167,0.4978045576580971,0.05048142948716131,0.08084806732590688,0.06003923004147198,0.6143784511491142,0.1292662370729645,0.1979328714553028,0.6173034050176023,0.025575067053098012,0.14152354509579648
U_4495,0.2766168727008226,0.7413462284181584,0.26829836359945014,0.041038296165069404,0.2265988785597023,0.14116103431804589,0.22915822912772071,0.08626621854654208,0.37476471306080683,0.1948801056818854,0.049435401902726016,0.06840503606928908,0.13197520234815424,0.15052630505686293,0.2213953554568926,0.03211473507977475,0.12173595268278302
U_4496,0.33027415504977564,0.29420444057308753,0.31023505257367223,0.05512847742449829,0.06002200457260578,0.8503657024281626,0.07030805874089872,0.11616631429723343,0.05253710137369688,0.07103603678076897,0.08359643027465569,0.07911848803716252,0.21599103122521277,0.2098046873296367,0.3276043143234139,0.058109597792583186,0.14516147174337332
U_4497,0.09856788238675059,0.12018902242160377,0.09240122773425766,0.12618532261421192,0.17604560894810448,0.15062678971754684,0.9199395805512671,0.1913659170152722,0.06995689360311955,0.09401026797710266,0.09509411399720447,0.07662793967020243,0.13329150224082137,0.1582125504031887,0.08236693798602875,0.3515973960698728,0.20277748588088876
U_4498,0.18804276682979282,0.16681866828085537,0.9377389818553972,0.0271354231014941,0.03389972283908382,0.34449937170292605,0.06408409638667939,0.08611892343659128,0.3810798203954423,0.053192144128879515,0.042227925362611995,0.05173669007243258,0.12116931250324994,0.13174956220668282,0.21792509555363018,0.037567276696658936,0.6160461711584362
U_4499,0.42820934388351223,0.4038037445126537,0.2973113087508508,0.06756956490239366,0.09049802351909998,0.5115965575294259,0.09705255873195243,0.19023297473805467,0.11530762321530443,0.10997433720417112,0.09833140921111967,0.09516223218182344,0.3519792284956417,0.26695960384987477,0.17092164809244992,0.047249654854958904,0.28104522034430435
U_4500,0.30365245756036024,0.24257744538564174,0.7952931685506657,0.03849092497315224,0.0367030404193702,0.10312240160143026,0.04411136070835286,0.08514393124571723,0.033782968625832625,0.046280097795366876,0.05428024090045042,0.03590389879527471,0.1275844905026198,0.6564896578805941,0.5461088871983024,0.03366174642483882,0.14003991554565098
U_4501,0.10443341210571135,0.24147320703250055,0.6314804959972842,0.057436783898380965,0.07882044142381098,0.23450389541421185,0.09892570060856345,0.1187617266191598,0.08693862895498096,0.09439351788050716,0.11332379021055619,0.7896038974149058,0.14724388466773525,0.15288393107137097,0.05765104014117031,0.024054514381682594,0.14008097495473423
U_4502,0.07021997521569807,0.1885622496732186,0.8853751415993902,0.10548729613402005,0.12232507895430587,0.16716869908274862,0.23679875723029273,0.5481682261831959,0.18889632807401802,0.06934895855695124,0.07566940582126937,0.4498877427230793,0.1691134782526062,0.16999092198856272,0.07505711007379495,0.036381603212714046,0.14993837146572547
U_4503,0.23679166707758423,0.24373193641409704,0.2582698090773997,0.043707994371060044,0.0551092728876551,0.29402018405746405,0.5656422924830138,0.12390240801772531,0.08844870813827177,0.3677702565816013,0.07009266535410934,0.07289196072264717,0.15749544825132414,0.16516082313062247,0.14573329111027114,0.029480979589332212,0.5151530989541937
U_4504,0.39552705795399845,0.17540293096187004,0.8146196683503248,0.03601819306571468,0.0256411449839248,0.20841522457468104,0.04111588333310905,0.0784534907975019,0.042997747112473665,0.2119562033426931,0.054127578229305626,0.5562448356536807,0.13281147977255503,0.6198116444609183,0.3034018822772471,0.01950001991895479,0.10158459179088573
U_4505,0.18539744383873485,0.18216806936427504,0.2635954525737714,0.06479144882620161,0.06476648562867855,0.24955784801176067,0.1309784184800079,0.1356011825228468,0.8063953202517333,0.051188432895338296,0.062480922412611606,0.06924994614508087,0.13319628977739115,0.1415589726053143,0.08639916466480332,0.03566612730739559,0.5193975945141829
U_4506,0.21218368611488597,0.5978481719466726,0.18328428723008036,0.05826093316128805,0.058685341926217306,0.2664571098948197,0.11354109085998396,0.1298618395057773,0.05052676593419211,0.06436892282214626,0.05210761365458458,0.05678252412341937,0.13795788908342949,0.15334441914698207,0.11017985023554086,0.4635499365968184,0.7879150911671378
U_4507,0.26414076832285693,0.2826053018189691,0.8462891645005763,0.04709287828026369,0.2666312732825478,0.21935325258951763,0.06160427399709725,0.19332621334288483,0.2615917560295142,0.12271185969698314,0.0857657794652059,0.29155498798666396,0.14301690145692247,0.13800041487211945,0.16727197160239973,0.017229831504704737,0.12922981957189558
U_4508,0.24147362517180967,0.2309008804409451,0.22084961165112357,0.05196028141377795,0.053949956951605225,0.2738308098669951,0.08181972198445932,0.133411482132092,0.07476654423284936,0.3790400475068799,0.05945085533632352,0.6706430800613221,0.16024243866142196,0.17407326006828758,0.14107386282025988,0.03399719941382223,0.6039169234990078
U_4509,0.08155319822319661,0.16678702223070246,0.24721218303616244,0.08633784390275871,0.11780806022316674,0.19655179153812302,0.14126429789724876,0.7612301929855543,0.20258433455371097,0.4865781292585298,0.07924316469922822,0.08930919966589679,0.17138455609895248,0.17235561429523183,0.06142528173666939,0.04351000982125529,0.17309254251925804
U_4510,0.251195255169085,0.181266038040309,0.2273864272197174,0.03205321401348319,0.0381223226945545,0.719041117034056,0.08954923576092957,0.09749216280439864,0.04186558645464392,0.05502328979680261,0.051502454022344726,0.6162786023710409,0.11720299432965324,0.14022787207985293,0.23209873029199232,0.1417491767534321,0.583435013105218
U_4511,0.046625029942661426,0.050187616667665774,0.11005836551753623,0.1136701613329193,0.18073459905857578,0.7023492130603426,0.17582648724642957,0.1643227853760127,0.10339657403710316,0.17250909981925844,0.17914495195495006,0.2000867082731162,0.12920524801026764,0.16069904926999712,0.08445193248103575,0.3777501276756546,0.1958539232193505
U_4512,0.039469982436673295,0.056258425654308025,0.17223950771185584,0.09306584811537039,0.14258025042622316,0.1913923701453608,0.11888964964584216,0.1616069498094472,0.10962162200249248,0.6328832715586121,0.20327527646434196,0.1436522004858508,0.09230506100538134,0.1501240366136903,0.03393981992132341,0.6444888874563288,0.15816059080836037
U_4513,0.273174798497298,0.27552756708504905,0.28612919902717115,0.03386879521606438,0.04508296049812054,0.2855740215327947,0.08725697091175803,0.11196561683994656,0.38808120587963263,0.559841291475291,0.050203780546182256,0.07628253041129716,0.1536266323644055,0.17103125922081203,0.2707816057922545,0.04564267497237125,0.1432462475921773
U_4514,0.5630756878026189,0.23819265461353456,0.5151977894201909,0.03251666385941106,0.03942513722234916,0.7526452281944211,0.08391984801424984,0.08570575121260729,0.04588627544647558,0.051923905906425934,0.037717029129644794,0.40513392797256537,0.11003599482257742,0.13441065394419657,0.23849380957792268,0.04049314622967096,0.13679876160202534
U_4515,0.28783646997328954,0.26481673382488896,0.9859968975594566,0.05327628789962936,0.03368860945993386,0.24385909310216958,0.054907497418393285,0.1159376522564054,0.045652732860748196,0.05811193756456393,0.062107097316607116,0.0774422929428903,0.11743484151803382,0.19385292416159072,0.29327248431735914,0.046083420918751214,0.1441304367662992
U_4516,0.0401294644840421,0.1029907037870589,0.12116917268321123,0.11303671369463,0.16215088272528336,0.12301394840705498,0.11263048528029242,0.7145994655049834,0.06998358704325912,0.13242920712803158,0.12064996785965587,0.11585146188284234,0.0810503842105844,0.13516095830808417,0.07923531984699947,0.9273839888566151,0.16344461103021551
U_4517,0.1449773484313726,0.4691590597245691,0.28607699401352743,0.06913249364975262,0.1138008737519221,0.42612806791844154,0.14320906796527658,0.15767111618733998,0.2377340330573567,0.20706333250176112,0.2035067896191131,0.3015921984849019,0.1950595530998278,0.2713080054217395,0.14135806613939741,0.1733897971198006,0.20401177460596573
U_4518,0.3483875575786255,0.32702118545202175,0.31925854238964035,0.04847001816012272,0.04643890610112432,0.16934739106811791,0.06930482909322158,0.12227110583504162,0.7568855678731023,0.05730390038191728,0.06583814643431526,0.06950549216123045,0.1499939611035091,0.2098073029679003,0.35174381059837995,0.04014210753097156,0.14734286375322841
U_4519,0.2797892053581976,0.23428200249252878,1.0,0.04299655658567628,0.03955105422298477,0.25192708183094364,0.06646880305451308,0.11682803928720825,0.05223015267908338,0.07449428852769234,0.062226008976840344,0.07381584914678217,0.15550953757692731,0.16935456524954112,0.2594828999312288,0.04551418985930931,0.15391423002955074
U_4520,0.2876759087625344,0.21522522767804417,0.9674160552817972,0.03681546890236698,0.028974418948389744,0.14982201456947228,0.06362840934358002,0.094269483723325,0.05150154395267649,0.23431932948294779,0.056898017148753505,0.08214372124734357,0.13269948126981604,0.15081037633749544,0.2262540280527303,0.03362473042069171,0.10103224604836532
U_4521,0.3425458663746402,0.2696324517634856,0.2936591528433905,0.03835629720901935,0.07027271781491425,0.24773863535661242,0.7337657782479929,0.5968370107428993,0.07113661907443339,0.09023811880904437,0.07035818892686391,0.08375628587867501,0.16412548025399248,0.18003774325162697,0.2742244488937792,0.034921553621413484,0.13472593763333826
U_4522,0.07667204727692845,0.09824108198362079,0.19454151211087437,0.06584510081534008,0.09103527299668604,0.10408316268150866,0.1649694978277248,0.6253189871223486,0.49826596931964723,0.09203898751029237,0.1013384968608391,0.6726652736524088,0.1668606526841498,0.15050399142333618,0.08490264878101461,0.0357454894752718,0.15741113835959905
U_4523,0.30863536603250435,0.28873905089488816,0.8760977665762739,0.042343506939872745,0.04127903412082344,0.1347035113090658,0.07213628502865232,0.09129975257249662,0.06172692205208756,0.06431906375370863,0.05415141854109134,0.054871097823588816,0.12752528985699488,0.15583775756855686,0.2492210543194584,0.39148525123425276,0.10784110435017527
U_4524,0.5119468480300058,0.5098388811355674,0.48131392557158803,0.04301574909251835,0.07228125636345356,0.3205928117611551,0.09617161075944644,0.14286641944018388,0.19142134185870469,0.09441455555821988,0.08823270319936796,0.08151507900035912,0.2757396263718701,0.2784476619570748,0.32127958734377154,0.04866160910113937,0.2101441501010549
U_4525,0.05009673739360062,0.0747548371992804,0.12775356437702698,0.08323678984279707,0.20528520221452518,0.18234652504199028,0.13246045157673866,0.8368664105525219,0.08527439324058701,0.1538057736275429,0.14316600206477031,0.34887136227391663,0.20610354331320158,0.17681526939952294,0.07704273039655979,0.3492522641356537,0.18906288271201002
U_4526,0.3505174043327303,0.32760607595675456,0.31617466002992933,0.05306027988266854,0.047784007590924577,0.22104267646005443,0.7014384116337489,0.12607338169005886,0.06285470042916563,0.06568774089303356,0.07430541108322204,0.06832105662387093,0.14837790814030366,0.20523807757120266,0.3352670291577024,0.04983526533194995,0.14470655700647309
U_4527,0.25215253015263217,0.22038994445360888,0.31932271234543225,0.07650142759980255,0.09182736147068138,0.26089625063050886,0.1817704586189452,0.4555847043917376,0.04776833410894703,0.4718257950445048,0.06252096921257491,0.05986635553835192,0.15055300243043523,0.19118565911177873,0.2615451260308806,0.03153990363387621,0.5961669909115979
U_4528,0.20435335490711945,0.5417770346923914,0.26955263120587014,0.026043101631597225,0.02205394423333282,0.7300821570457892,0.2695525524803173,0.06879387893603396,0.08324861877176618,0.14866111416520825,0.02810075382661463,0.05247279266605463,0.0996878190487545,0.12381292673770028,0.10788000239988829,0.1408006184821143,0.623263670432129
U_4529,0.08160600717163798,0.1345507527147516,0.9019393375887228,0.07899420288036169,0.5157766992322022,0.17448949231990385,0.14533125047730522,0.11344002593912655,0.16947604673493635,0.06964452236085805,0.06575475549966033,0.06388255354753654,0.14750329473791501,0.15184773895999873,0.06296270020714868,0.042024676663407284,0.13423501376101227
U_4530,0.2336878535330409,0.6958847847455811,0.37977820064030726,0.033062531310689904,0.3017923366491014,0.12327011326546916,0.04106211912764035,0.07526723332622347,0.026270816635262102,0.06284794130484037,0.04256384303611707,0.18065093926160292,0.12560719212291743,0.8104630337084775,0.32754972240901264,0.21034342314449367,0.08676209615973351
U_4531,0.4214106890039013,0.27606506201177955,0.42037839958474565,0.10124463251508653,0.09973768009044111,0.3890432766059697,0.1798986439895626,0.188315888282664,0.059906485247047433,0.09161420494454474,0.09463385511232972,0.08591771706852133,0.22582034630847406,0.22769516511309223,0.44061727544571855,0.04453865070134207,0.2677910424898671
U_4532,0.31498406331096646,0.241993604895279,0.2509742771542155,0.033964588410971365,0.03257151293002846,0.14913034671861267,0.2685405098717925,0.0888038689835666,0.04697193338714079,0.0629360605949936,0.05595048668111639,0.7573582539151349,0.13601239374678073,0.14117512022879522,0.2732001298818452,0.28395473618747497,0.11480516257733059
U_4533,0.04009684682591311,0.05886533180255485,0.16321076715690122,0.0993512422916306,0.17237216082245754,0.10491691075685261,0.11904872248072762,0.13933991971943652,0.6913499106903607,0.1535270746065408,0.17389804741475084,0.14241884343565744,0.10149149726348741,0.15939341575611018,0.06283583831236925,0.8690076391558219,0.1804691052680287
U_4534,0.19098145710621334,0.634344772971658,0.2680416766536577,0.03795598621735436,0.40100859098291086,0.4275932216177018,0.2097307777585154,0.13338580885441403,0.24461042535468414,0.05328628690517957,0.056284294758180045,0.6202531166134477,0.13970733899784937,0.14802178291352835,0.19048175419774047,0.0,0.09113275278907149
U_4535,0.03501518243159206,0.15948659150967728,0.10223082850032031,0.11534021044341371,0.19145434037977277,0.2914740578525686,0.15485752006632794,0.12247221822989598,0.7554201605207129,0.17156581876954297,0.1869085857283383,0.28527149411433733,0.15753024505210164,0.17465481107547545,0.07912529742417765,0.3997481283506567,0.17085856793244344
U_4536,0.007348691077534702,0.8913061109364269,0.28574029896255954,0.06731237208264923,0.18842156386611097,0.1117881192927546,0.4430751899283652,0.16840881741712843,0.10065339660607853,0.14861389219057813,0.146383621158703,0.216136229510803,0.09362332265967975,0.08981973276661066,0.03592172331244291,0.27125928861178317,0.06640490635749673
U_4537,0.24472759006606343,0.26242646558263016,0.27013931705337274,0.052424950842784285,0.04834586035829318,0.2440777857301074,0.07281867085480986,0.13866395000469595,0.05279751325025318,0.0500207937750476,0.06317099204472139,0.595254409180376,0.15997593841780125,0.18574057823787118,0.21019391562566409,0.02683918586550431,0.7870654337906751
U_4538,0.036231450048767745,0.05481397786946436,0.6302706747681379,0.06642021812977633,0.12448396143569468,0.14551867605447674,0.35972241055803067,0.1302875436903304,0.6110491555150266,0.1513766181601452,0.13180491104222886,0.14951361822082507,0.10834211198144032,0.13253950554750604,0.055997370713830485,0.1682716656569718,0.1331610295216167
U_4539,0.03152365751644595,0.1574946314166738,0.12006347071753534,0.10371843123718492,0.16738302560136809,0.14099231470177165,0.13573797749356756,0.12676363552612163,0.10078214798013371,0.161290724846421,0.19000859457324953,0.9717169890009305,0.14291411001344576,0.16105963157837042,0.058899641012815536,0.26836012181827246,0.18830239535248378
U_4540,0.03220357031784521,0.0760723173213964,0.09390230525943999,0.0966538850127025,0.1648245854708485,0.14392899257437142,0.10930555377994336,0.1259816583813333,0.08025406345227126,0.13121620529920378,0.15071859562211243,0.7512086207284343,0.1363375577594637,0.1554763762721157,0.0909601349142756,0.947594559331157,0.1670366915047343
U_4541,0.022109680052020297,0.2506426970204346,0.11988942548809084,0.06698848715332005,0.10741611511854797,0.4669538667959425,0.08917447153510806,0.11857063502429886,0.7689313921626155,0.08885387050219552,0.09576235527390624,0.20583744791978276,0.09941682788037953,0.08383417387802079,0.05076104550978397,0.40841500544220505,0.09047659375076271
U_4542,0.04780428163996776,0.5129845650691445,0.1581541751715557,0.10737225939759307,0.1442402650199234,0.08354255432701786,0.7697099501274789,0.16500297877941394,0.08128807065812188,0.15992358273848797,0.16163515060089556,0.13399253735878244,0.09758225077389185,0.1454595623606491,0.058317398510094445,0.5869879465991834,0.16167180635020786
U_4543,0.28875375231394174,0.3099296875778105,0.9424227846697051,0.056515167445762224,0.04890605480137788,0.22797691394036584,0.07012968431618875,0.1141263194072411,0.04777555251819205,0.061097784806650485,0.07170475973757268,0.06302659480398645,0.13871487800108726,0.186115509062954,0.31611518812359596,0.03895032836456215,0.14382527662351174
U_4544,0.34066700066291433,0.911381223974099,0.25240240573596573,0.04095614200829297,0.04172787519187327,0.1551688822278512,0.0679843223965485,0.0949917388349428,0.5770151998013282,0.05499773111288541,0.05053785938467494,0.07757660068253702,0.14582126575698007,0.14701190884248155,0.23689258373416786,0.03230917421396065,0.11133037993706409
U_4545,0.13805358381345498,0.12843638909335764,0.23430281860668076,0.0956172851606192,0.10105489399486808,0.21137410893866188,0.6453594320985006,0.15842750468838354,0.22247737526119798,0.09173413641992888,0.07957093732333416,0.4535940035697949,0.18021169599246464,0.17509374146785603,0.09282101720851503,0.058971584269047195,0.15494214729508232
U_4546,0.23549944394558348,0.25621680448422895,0.2461843921274151,0.03587489945409602,0.04588685875977132,0.2904187358968428,0.07357283920915736,0.11312267408732905,0.060137124369261545,0.6645623966983316,0.042518162191588396,0.047210235619933746,0.12278647137073433,0.1650207794655849,0.14678703042070518,0.29776283378701285,0.5675483972928341
U_4547,0.2904023570457487,0.30073466972276564,0.7790061996193056,0.043181393767177556,0.053014907511151316,0.20699046386865436,0.06606605867386334,0.10406559674540197,0.04328161241551279,0.5748343534093596,0.05617249616689732,0.07870581858441411,0.15155923643566346,0.16746665425053175,0.2901528097210319,0.03912500383856937,0.13957153830778035
U_4548,0.05671469109246638,0.07553971063724368,0.09466456505737109,0.0820698873882532,0.15758665914550274,0.2044538572885691,0.8636665802151693,0.15666385926598703,0.1238447038450356,0.24016075509050885,0.22799564842196685,0.14107953740121543,0.11216135502594002,0.17182160316507367,0.0705831114271496,0.3551251565208841,0.18997779901738895
U_4549,0.22846911042755347,0.1291223907674742,0.5491686696577227,0.05101811241616391,0.4613368924265525,0.4430808811489928,0.1154327882150693,0.06409601934673508,0.09389612528935815,0.1342807347997983,0.12907510227684216,0.6676340715781119,0.11596067103139948,0.1138274819911704,0.04013889054489458,0.4288277268101159,0.11816809072957346
U_4550,0.02278418083882644,0.3464164480923552,0.3021881865534205,0.05258344912913219,0.11622069893923255,0.3000118682464283,0.3057515596076059,0.10749744959859382,0.07998949794971154,0.09686806820200924,0.14789875345518028,0.8998929939014135,0.07754696658845131,0.10048105412296547,0.030771701681933307,0.19500244625503044,0.10732807480596045
U_4551,0.2284615249691721,0.1724594344259596,0.18270873114873637,0.03182556296494183,0.14701210714110635,0.2596307050376579,0.1883936190452048,0.07058226477250246,0.2303671453754706,0.04165463646244617,0.03383333815185336,0.474357768006069,0.1124920254527587,0.7771522635318695,0.7725997709196482,0.019927192056394094,0.10103323646985353
U_4552,0.16941380346693036,0.22407449762575832,0.21073744408314124,0.1020573667254582,0.10846686796175682,0.280102880198861,0.20957357455398565,0.15712889583995154,0.18989230759284692,0.08011533794388503,0.0942896595623653,0.765878379356622,0.2001564456784167,0.19870368432355967,0.11745545062242492,0.03993556958175521,0.1922634877314941
U_4553,0.2551331329878653,0.22197506414721893,0.2521427666293579,0.04065880491581404,0.035664079831683716,0.1575429335874131,0.24641617821611625,0.10483592588869071,0.28759619548487136,0.05322821180601198,0.048651251238521924,0.07064836822571152,0.11704795707816543,0.7481823720550589,0.3847588778175581,0.04640727966788191,0.11145033318706392
U_4554,0.5571946585589063,0.5046626503823692,0.4679339409935982,0.03192751794771961,0.046513358655319303,0.47757597868057206,0.08264367288477781,0.14235485026902983,0.05007508890652995,0.08526601407288553,0.04836585302586382,0.06483256160997172,0.18518497845679877,0.2676677805308145,0.4810233749935922,0.0761537857277322,0.22911722380208283
U_4555,0.3879698968568938,0.3554860461815137,0.33773606916368304,0.05580922887216183,0.047119845416052554,0.17638941644940426,0.07801158503527002,0.8195340406059959,0.04520329032419594,0.06950427387881034,0.07442486124602822,0.088695628969085,0.1864360319524528,0.19343393656760505,0.316048850175349,0.05226788744192548,0.1970788631457668
U_4556,0.05693901591788427,0.14869866471789972,0.18636516295562383,0.1156971012133124,0.14663121657863945,0.9581740646367447,0.18842501252551513,0.1669872467572831,0.20394118965132862,0.0956574701570897,0.10930017137409423,0.15497811443710918,0.2024414266380779,0.18891462878806248,0.08799652074225102,0.04913361981808315,0.15665601603009638
U_4557,0.0954425225949956,0.1214695986096191,0.140940392644478,0.1745418345650659,0.18095059028348162,0.12530404370523862,0.7925197138072864,0.1864436550582382,0.06699365891146583,0.08934364108429245,0.09765114040124465,0.07116474881561939,0.17160918906348113,0.17825285525389034,0.1515966633969239,0.399569529026467,0.21418480038079918
U_4558,0.030517454992863915,0.06099262328820554,0.11184553464699186,0.0991849214880381,0.16156722217517117,0.1486038016040382,0.7348565112749279,0.1530359900251566,0.1374925471915209,0.206630892884862,0.17510230847877156,0.15301047614393687,0.10953074786855037,0.16974252902438375,0.047238960521086865,0.7688851498108025,0.17439771633382192
U_4559,0.23547353043428718,0.7445420114521284,0.24533069924473117,0.05084813752767183,0.04250206989469048,0.17370814142309962,0.0826739696070962,0.12393193983176592,0.09639196937680808,0.06583861593666349,0.07106147141216151,0.7303069950943171,0.1443150437197628,0.1544309853583414,0.1585646372986041,0.024867465081228054,0.47773624402310677
U_4560,0.24020169302682634,0.378124698958641,0.1970226984083056,0.0161922971217968,0.025649352390114663,0.4005848668319661,0.04963622568106499,0.09567835065191845,0.016648614356342267,0.1400403793331246,0.04100930239478704,0.13382299930450814,0.09533487985550726,0.4491425327344003,0.9257451983561025,0.06695382449148501,0.0904978084941087
U_4561,0.24567329907723742,0.2838403927464513,0.26507681075795314,0.06370528389184223,0.054205052986448364,0.28975660610235765,0.0877076055329091,0.13028942848685354,0.07690987234521182,0.060833859008531554,0.07375845720770702,0.0638620635145324,0.1410224245376029,0.17451521630935882,0.1526280199490356,0.03834310403400923,0.7952592007472823
U_4562,0.16300916536085483,0.18380143409186736,0.8937988177552765,0.03021916443686272,0.040299830614765,0.20516099557202727,0.06485685030222912,0.2134132144743161,0.21625875879042966,0.24122303988199295,0.04489232995038619,0.0672226796835508,0.08562348840218266,0.1273807164957312,0.09204120365636477,0.032042059310921814,0.5316263608634146
U_4563,0.2565188299904123,0.1940277359800024,0.2210322396548495,0.029358327691734156,0.02300408396047321,0.2960766199631162,0.044991589636670035,0.3368760687448284,0.1702414696129823,0.055957974257854315,0.040465576045004635,0.05542280304550591,0.12487387925193438,0.8236106815581303,0.7107671811489404,0.026322207433957506,0.10544185612451357
U_4564,0.5165954411242422,0.2354446157305596,0.5898527879105917,0.042755787503063226,0.0418487010559246,0.6941876663361382,0.2664340600723173,0.08855690084261279,0.38289548190089157,0.05218215802325958,0.05959962939259808,0.2965981229493321,0.1391603737823194,0.1374553073624331,0.20430991135148974,0.018569203644344834,0.10829182150417363
U_4565,0.2668100756063324,0.23937898516481732,0.2526528769067182,0.03140371327111586,0.043616746159471226,0.1076258027481484,0.056571899033320674,0.09999618148357031,0.330230167477139,0.04982114665323867,0.046685505063270766,0.05763683799662818,0.1287483970626831,0.7029886167196284,0.5379503226684499,0.028998438988962684,0.16109143900815687
U_4566,0.18875893906261032,0.15412992314395538,0.5699543283271653,0.02719721778562411,0.027260308110484105,0.7198515189412367,0.1682804203192547,0.09790829704986748,0.15993380714258115,0.04570235027927834,0.03328141373062469,0.47543961749670055,0.11921910297025014,0.12420839176786033,0.1980430075446719,0.05913293031124806,0.5429870611049494
U_4567,0.04363526734326131,0.04607555584620967,0.0731185483077874,0.09847465743411507,0.16117631651483638,0.7919604801428342,0.13633288901022222,0.13432463482214616,0.09816179506896468,0.19089812850315635,0.1667595440855119,0.18970625211862696,0.13376267893510296,0.2041911323005166,0.06488143743324733,0.32142689377869876,0.16072047373090553
U_4568,0.42221792559156623,0.07976020346599502,0.46504071982458295,0.0926966241141504,0.10708897043092355,0.11810731308526774,0.16712168577412737,0.13931147944256325,0.18620704765074508,0.07799811786087492,0.08458153570655948,0.833185089543367,0.16922428705658127,0.15350458132915948,0.07009906347781293,0.054677447575547614,0.14455552217346318
U_4569,0.3336439330008035,0.300408598895452,0.2574135664167138,0.04600504009882661,0.06299804273458434,0.21174017371046178,0.05999576962664685,0.1298380109532126,0.7951526547100649,0.09892454689524985,0.06795083149013677,0.0663418298483575,0.19736909073213046,0.21553198227416606,0.20856737968298555,0.03462887054004075,0.2711432023809688
U_4570,0.05149435844841251,0.1033981279804897,0.11021911919795051,0.13791340985894834,0.15522675276347012,0.10981062801074698,0.14049479908633805,0.1379605912620831,0.6580396276547487,0.5976676102293517,0.09707058530056083,0.5933938178608593,0.08713389169342559,0.13516462738848276,0.10138161170487302,0.3722916797301034,0.15662877436881412
U_4571,0.06267948803295878,0.18881525525630083,0.2713600185402376,0.10560117809713661,0.10642039085857781,0.1942790162726207,0.14046317076523468,0.15420083773227866,0.19970092703392864,0.08934285196992311,0.10156485174902802,0.561983685250881,0.1664675343962986,0.15843368164234375,0.05714556933882162,0.03412713776768702,0.5723489248787474
U_4572,0.06010646291257834,0.04066787528949295,0.758917971432739,0.024919860626157156,0.19227887833239993,0.140206469224933,0.331118004613874,0.3153321354347312,0.18208708912180965,0.25171524915287924,0.056466221295081775,0.36928057560803773,0.15173458483460212,0.12163149294743313,0.03569378640847874,0.12171807148024574,0.12058938886732483
U_4573,0.06387414307543508,0.7265930219510088,0.23976145476865826,0.09432565190081098,0.5711110192306041,0.13803055526652988,0.1366576621760108,0.15534172939846308,0.16353419137048736,0.14509361307695792,0.12926843258339304,0.08785083904162608,0.17204465455664925,0.18304304951852324,0.06942676314750226,0.05378784851769558,0.1423427073881496
U_4574,0.5096360126368065,0.32928022082103403,0.3211799176402667,0.03904555514300304,0.05459126543099985,0.16977876111545862,0.0903148653277225,0.10788559103307471,0.06565606173062269,0.080992874810043,0.06444754185790863,0.6428032991218962,0.16606196296946957,0.20579388380177302,0.30345765595132385,0.05254492406019179,0.14092669901272697
U_4575,0.3958058426546689,0.30090705452415917,0.30945992645043224,0.05190831460649202,0.05864461034456084,0.16168481803616097,0.4337038279703112,0.7603858825010863,0.0652225910742739,0.06793573883787705,0.057920467455529166,0.05261557632454481,0.141312904175813,0.17225938344337396,0.30415319665945606,0.040153331171367254,0.13774513511321224
U_4576,0.3753014437528844,0.3074730147814351,0.26598476580363556,0.04499872696196112,0.05209407312755937,0.1983823272330642,0.06301894821931787,0.09601724718275763,0.0818450240267754,0.07041187861003609,0.05594520089674766,0.06315449826484763,0.1262925734502607,0.17891482907061668,0.2650121658995587,0.05094256615362792,0.7856855491610826
U_4577,0.25388103731272776,0.273952801326222,0.7196558245100964,0.045343179382077756,0.5096349740278407,0.1836901199291504,0.10026801506312258,0.671375843262225,0.15987061612902276,0.08390778030383501,0.08115355694587108,0.08464439350227512,0.1726291663942794,0.18453012530878027,0.1230865386836578,0.030655045336435767,0.19648247663071253
U_4578,0.27517319044253935,0.2541303582406161,0.27752630713801346,0.04113018481647199,0.03822466072764288,0.13705589558258563,0.04425466193677662,0.10120976208219234,0.03382788521795976,0.33378835869452855,0.04380784216206983,0.03864709241755158,0.12705857908557186,0.7345365181051835,0.645347694403726,0.03388213847094906,0.15939953771103613
U_4579,0.3777157755485813,0.33825412065912913,0.36727843921544445,0.048417174224671226,0.0563420223414809,0.31991119883716584,0.10095819453049366,0.12740162400612637,0.06804582813127319,0.6914380344346056,0.06424952429729043,0.06851215592505688,0.17004878317917116,0.20104562189529285,0.24162152470816267,0.040317356607171104,0.19557471136645804
U_4580,0.4921115423046455,0.5068033250947428,0.5012424653067182,0.03336371143600742,0.05174644229973288,0.30037344781697717,0.09347494061432979,0.146912218801098,0.07254112108424236,0.07440093645592236,0.05413059564564048,0.07943409992969559,0.1908774976444496,0.26883479041610486,0.533900140957688,0.07204306858203656,0.23744604339995123
U_4581,0.1014655621434318,0.2757411307482717,0.15070997631598831,0.0802319152374997,0.10268649577550973,0.1598334840567541,0.1236893707907385,0.12951526596678442,0.2134538413460857,0.6959538040143229,0.09124934952511542,0.09770461359034009,0.17690677865814558,0.19943037411706552,0.09004782769747477,0.03423716317811622,0.7805977048123394
U_4582,0.3951975802456997,0.41413636960652817,0.3845814191363256,0.05354440706893629,0.0554960776154006,0.2664755621460888,0.09437259861777748,0.14268659521232896,0.07845097559140506,0.07069673819458314,0.0676227419446288,0.06925133439918063,0.1784254522011293,0.3233809533625947,0.4211450323352396,0.04500799204641201,0.18486338537561056
U_4583,0.32348575970206334,0.2991454273016304,0.29532154781218395,0.0632613931305699,0.0588000347058118,0.8593044664174161,0.08247352183815704,0.09734878439545526,0.03985389587780548,0.06547878136698132,0.07827341273638658,0.0724331903389213,0.22710462300455816,0.21515240211484266,0.34309138083797747,0.05265540343877885,0.13816739075618134
U_4584,0.3517695139327707,0.34341170819153116,0.299660018507204,0.04580644484160358,0.04519385412279699,0.14996143734467265,0.08052946644215175,0.10647296657974706,0.05295235220760846,0.06876009467953305,0.06486844155071557,0.08312115771682853,0.17502441531185425,0.21560775019223904,0.2914514382126982,0.7288625526317452,0.1807825636786131
U_4585,0.1948674807545972,0.2959395853062149,0.2167609290472095,0.06220997432772432,0.06030913443293094,0.22214843148385,0.09412778310135174,0.13885051141387622,0.6947017686914665,0.06546298821692148,0.08558191055481881,0.06150533033326214,0.17778429738366563,0.2690329439686517,0.11327174998186947,0.0311467553489777,0.6756256329214017
U_4586,0.06725151489533653,0.13097097022804813,0.15541055303797194,0.10732782634988983,0.20050884823112025,0.24943051749674178,0.1497828822043438,0.17425334817383695,0.13449667941117052,0.2131266649388131,0.22686414037934938,0.27247755094513837,0.1712776360487885,0.24192985853766005,0.09226905392186922,0.6807499111111741,0.2542969623707085
U_4587,0.033562073606825484,0.8160800276110454,0.1632711293131625,0.10087655154081558,0.16994479301537,0.12499760867421653,0.12455371309238686,0.15925762592089623,0.46796706808790284,0.1798042726016186,0.1799534485779202,0.21644793015277486,0.1266288135497672,0.15598320668553672,0.05817018049206109,0.43347146653406743,0.18060231050495443
U_4588,0.03916961106292645,0.05666115432930579,0.10628755788639904,0.10056952981044609,0.1791493368176216,0.16536312169573683,0.8804170611737037,0.14687726616148583,0.11514195487454926,0.18154492546847398,0.21092666664071213,0.39269122357178476,0.15815593658258487,0.17602276984534743,0.07852854599206965,0.35604448678772943,0.17276315622156208
U_4589,0.050225677498821085,0.17093351670046938,0.1644569143385079,0.08933714674918136,0.1170805663909988,0.6968525922091136,0.1818527454663579,0.15673977087696875,0.20453113228844483,0.08278337374116941,0.08646803958302952,0.4960494421395683,0.14673768023880374,0.1723674320777067,0.06144974676115367,0.5901536205898694,0.15066691919430342
U_4590,0.5727150561162992,0.5781011357721546,0.47302144240486693,0.03234407167086232,0.043702057182751476,0.257974083135955,0.07760259029412563,0.15539896370390124,0.055960891129216636,0.07286252906964967,0.057576024084220606,0.07260497301182056,0.22360534671496304,0.2747801086928172,0.4949647742219277,0.06655697543901919,0.19977471535606597
U_4591,0.035003456350042005,0.02748347673329161,0.15966250152070635,0.06757318373151483,0.1405744747594596,0.2528396927172399,0.09808086266122826,0.13793918818560244,0.6798316234723423,0.12604109638693503,0.14977578242789608,0.43122417032653965,0.1043644067329266,0.13226326135896102,0.06604200996147275,0.714110194750821,0.15600359963502844
U_4592,0.3469188419494768,0.3221632733660982,0.3043405444894274,0.04596004983121103,0.04025583479947429,0.2657734228426934,0.07651157693096658,0.10307744056501117,0.05789179934586786,0.07137680576843626,0.0665681022164877,0.09154445976706398,0.17724050563688648,0.2093932817415978,0.28232453741510233,0.7485271937037123,0.1699857743495105
U_4593,0.14249669331017334,0.1653011008068985,0.2312949582973372,0.0665680397988961,0.10523415756358924,0.23437883723021205,0.12809938272893598,0.15073411884990773,0.5640060287607029,0.08882578043745139,0.07494914260614913,0.8733037717719205,0.19414443122755093,0.16388561827041737,0.082649202921899,0.04806163725487955,0.16330152860392666
U_4594,0.1965475916748271,0.24424767841743245,0.203011046277242,0.029727108021636042,0.38272928794498334,0.16828223757712377,0.07986474750847976,0.10959993554151817,0.5572678269109306,0.31049117165944495,0.054961592350406874,0.06573046215101072,0.1400567261625071,0.15422036114807156,0.08827900768867906,0.5332734360366742,0.31318710907574343
U_4595,0.13087548967778406,0.41109552698058166,0.6782544408160684,0.05838679600136177,0.0758494025462663,0.4847248073688459,0.5289223901611884,0.176198997389867,0.10219375884543186,0.3778691202102761,0.1094667517711165,0.09908336313985347,0.14772969291747526,0.15150524624035075,0.08997055746471415,0.012521187118037822,0.11800617496416116
U_4596,0.026695353161691675,0.055538817485722244,0.5285899362672863,0.0865382190023233,0.14653497246532235,0.13185326373403916,0.11097275930252845,0.12458968779629698,0.07499061701237247,0.1277724977499689,0.15412489054326084,0.18784563359675102,0.10974281014466465,0.13494424042741618,0.06240899604824751,0.8707910350099191,0.17776711281182475
U_4597,0.06729178264972496,0.20997048105968993,0.19062670922562114,0.05721404164447282,0.2499996503418756,0.1911322748571561,0.5263729323421622,0.1210109607025406,0.21074093663463786,0.08856787763180654,0.07775557173395316,0.5142072999899328,0.16199375415282086,0.16469297473543773,0.07178058254504434,0.027652500183204615,0.12633378424185623
U_4598,0.22666223955406117,0.19618490160147806,0.39776287802534516,0.0383677122098273,0.06407707275267238,0.10126611566657549,0.07691778145783534,0.09580473541403435,0.026287963944760163,0.27466507128788265,0.042074958749782204,0.2552958011553393,0.09524008751352386,0.7694756193956325,0.6179507471808952,0.03554436607397094,0.07806577213170927
U_4599,0.03106317997487311,0.035665419996613996,0.16201415811131367,0.05695307638819919,0.14816597055016587,0.12048946459940199,0.09769952579801733,0.14271071631655463,0.5395318923923735,0.16748453257835044,0.16912269404557856,0.4597510243356307,0.10573802092699562,0.13941955294857655,0.05757490589191315,0.8112960141935655,0.15543813507705984
U_4600,0.06240739784182266,0.08303598776372477,0.5172041532436242,0.06260657566870059,0.07691280779429573,0.14915730301962832,0.5232932024583168,0.1191958185607526,0.6327126232228824,0.06236584021443628,0.056941967717620987,0.34238229410473797,0.10299973268831789,0.12585743738120503,0.059990727443948094,0.20357794569116275,0.11426541574709592
U_4601,0.12192449958678699,0.17072800215367653,0.25098856029907207,0.051162589923979034,0.0849493793879335,0.15871684129827676,0.1356892094253926,0.12686418209565611,0.5630105957408809,0.076677491372674,0.05904094948440479,0.05577776574234198,0.14107173396784922,0.13809762712114204,0.053489061678404004,0.34398879116408926,0.34421766814222243
U_4602,0.3335186384829106,1.0,0.24958093067063575,0.0479349750578896,0.04922061926127816,0.19466552196814152,0.07913338715222554,0.08359979748213485,0.043367718912681937,0.058746012201550735,0.05826614318921736,0.06555449329286825,0.16106938066579748,0.1791291114696116,0.31229748861644857,0.042881773490687794,0.16082760031349375
U_4603,0.16066245815631766,0.6824069044642005,0.65067379128001,0.03240211250358663,0.35283430738611127,0.20463232520144087,0.26203927207569805,0.0918120027327753,0.27618803340262116,0.049816107395331495,0.04573658008733244,0.04915805079502289,0.12177226938691153,0.1453052078280677,0.07806733136568357,0.16860810513250343,0.29245633898588963
U_4604,0.452945303653491,0.3509097291955838,0.42868757022901377,0.04297513945607955,0.04416974114588159,0.23014180994358616,0.07906363361491872,0.16532327971076424,0.06134371076510829,0.09389559815106455,0.0678135471769854,0.07913453259421202,0.20717748249867624,0.21671212443191368,0.3556187973775529,0.054382991917858885,0.18550862187240075
U_4605,0.06010478593648494,0.16252477225640724,0.2514213005401695,0.09489309472375197,0.14064108882958573,0.19882431525980815,0.8296194617560613,0.15227101461682474,0.21186747418331137,0.06920203333378382,0.08609945054366017,0.46629098400567,0.1629653303148191,0.17284125951074006,0.07013946050021974,0.04998997006832742,0.149795445323911
U_4606,0.2946556435504557,0.27247655164685214,0.27818800471167177,0.03237318362536544,0.037738057828199,0.32594724764228605,0.08599305264292136,0.12675176845759878,0.05615353636000345,0.07818270645191243,0.06391160050131278,0.5507652100974825,0.1682619763406574,0.17656092722605737,0.28754199690940613,0.5562321229378899,0.15713243124833592
U_4607,0.24289707106195935,0.28801628426119225,0.2712023432252379,0.06761584487734447,0.054613741917058006,0.25819548794919617,0.0950337666832913,0.13199478606402837,0.13736149343586718,0.05264452295671878,0.06913712069266612,0.06525696637681595,0.14205738969493198,0.17756259362352114,0.13606333534846757,0.027287503135063028,0.8004899728814907
U_4608,0.2589063122562726,0.2684329060663059,0.9943801208446696,0.061459822230058136,0.05882172356999889,0.2510813314460319,0.08246751732400667,0.13262269499981924,0.13499976295118157,0.08073783089626288,0.08031975707353946,0.07128417041789734,0.18630119172759638,0.19217951888535031,0.1343828269283885,0.045814236889718085,0.17706465440255523
U_4609,0.5832948624504473,0.48000983520431706,0.5485349883126389,0.038646647365239886,0.04640841205122824,0.25648912697087234,0.07007384647876297,0.1418387099991429,0.05454138251193326,0.08090502197538321,0.060658520620846645,0.06562849897562671,0.2195421264401513,0.2523673349775048,0.4731457014251411,0.05893840650109036,0.2149348174125378
U_4610,0.20727767925682344,0.20695374814161205,0.16671591572351013,0.04649960189898739,0.0379288980296144,0.8739848257316354,0.08943262965127549,0.11060076821242776,0.10929704734705144,0.055872941960801746,0.05323176335598314,0.34821133873894594,0.1411631352355504,0.1518178250763024,0.09606872452887638,0.019188407902782548,0.6721316734360601
U_4611,0.02942415930211627,0.34032949407589,0.1832044790324967,0.0980092546011265,0.1561299001315542,0.12169110208261763,0.11779094419380007,0.15535200523221762,0.10256789771730075,0.6103011032134575,0.14762156305412114,0.7040537232175463,0.09269629251773183,0.12406709015229406,0.03781518129319681,0.2611098883887925,0.16655451248212216
U_4612,0.312930201119108,0.2565160031230633,0.2706355624313744,0.037922197442094185,0.03494095922694814,0.12210429101108025,0.04901684457436675,0.09143536594515354,0.03867818155734237,0.04877798552790091,0.0523132329248966,0.04334602313554133,0.1309229202786598,0.8311282726752389,0.5566987437492699,0.03647616430636096,0.16698831276222514
U_4613,0.1216854606965579,0.12157451349426743,0.28236337492223523,0.09017588626933994,0.11912871218973638,0.2629871832083139,0.7046182033004627,0.17462969029532538,0.15864301149589863,0.07714168541242215,0.09096376873761935,0.08882852565160469,0.18853010360951233,0.18507914262479436,0.0924170998434348,0.03294352934800781,0.7037852811179877
U_4614,0.3165349232982821,0.9192147347499007,0.26092786915633875,0.04156058268473869,0.03864725980136935,0.5259768917946721,0.06695528485128337,0.08959691591503285,0.05280226854471125,0.07050893489690818,0.05250620945579162,0.3826232535535773,0.14313982464253183,0.16507745751317957,0.22414810013975475,0.034909671326730306,0.10438672996510659
U_4615,0.3947575743604621,0.3220905021981996,0.316739661914461,0.04505780040579406,0.04860370011774394,0.18205063784609027,0.06684838826762991,0.09297253840598514,0.6704398125470379,0.04288580922793378,0.05009960636137198,0.06969842738728962,0.14557178601232762,0.18706555176294895,0.4071724036367093,0.05033977238001986,0.17972284099703562
U_4616,0.1918594743068198,0.3214701016395117,0.2889432942856061,0.06634410993078843,0.07041440836630142,0.23847459002208102,0.09979400083760818,0.12475843024003788,0.18102563920915274,0.06717576512421972,0.08102912311585617,0.06488428971998646,0.1774673988667254,0.19251986897333606,0.13257911695906283,0.04818800650151671,0.7655433966158822
U_4617,0.23327116446086815,0.24593593121101856,0.2997286730150667,0.053910883172616914,0.07101877643435175,0.19810359279277268,0.5927679109729451,0.12108451090721747,0.16882917785068505,0.06334344851497081,0.06907819156110236,0.4481883098149493,0.1368791711452233,0.17770796615181458,0.15206253299820968,0.02604717774256296,0.608895836876455
U_4618,0.041423957497242855,0.5446338111180384,0.6565065389445557,0.04825775441414106,0.4506849242996151,0.6842699030823012,0.1288254364677701,0.08881100197650706,0.615444476336878,0.03765546010527266,0.04857442418157895,0.6271222457060837,0.12074333077526797,0.13114472709514696,0.03957083156999805,0.05777966921305627,0.11177053307168125
U_4619,0.33977514557590455,0.2812121923294662,0.3357831989324192,0.03425931339412703,0.05220756521366889,0.2883427707438202,0.07361757774227151,0.10483347814992729,0.5784114414833232,0.046360830619279994,0.04404439742110808,0.06921807924133747,0.1445478563105297,0.19821397743769623,0.3312861362971657,0.04997716078416211,0.5852872826478763
U_4620,0.24701110517724986,0.33192726441420134,0.30358531163300057,0.07129510846477045,0.05158091766781745,0.27547315677598855,0.06554267482898782,0.6811714095615111,0.11718247335075173,0.057441460697644824,0.07291446256524031,0.04862078792641741,0.1357304644032058,0.17826307588255091,0.15278164604851333,0.02547732222076126,0.7092490005700722
U_4621,0.050845130318782156,0.16152436903118259,0.20241806115900424,0.09420047288527325,0.11978967452606301,0.25030688890003316,0.1540956428550831,0.15678464220578875,0.7196370518574584,0.0771552833894308,0.09349677965582774,0.09167411411141789,0.15157584724376166,0.159493890960044,0.06878272034773766,0.6272967000847682,0.14971916984468003
U_4622,0.21652460545124055,0.1483467315407144,0.5103824448337626,0.054878038737330576,0.05243033179576119,0.23289556590389224,0.1550252296276769,0.30226787950611245,0.07461166938929747,0.41283004170216864,0.05366331514451869,0.7836624651273592,0.15466642712528453,0.1720743765958267,0.1979088412818999,0.024968773051568673,0.1096509670464446
U_4623,0.14253749751422595,0.18114504190678915,0.8683251160503831,0.07725983683791968,0.07978264429979277,0.6479748868595527,0.1483758792316924,0.13714301989706562,0.07086242487248752,0.07406547382728637,0.07007261538112323,0.06485159289990344,0.1360196408855977,0.15443649497442818,0.07753614440443077,0.02462290681297584,0.4789572316124145
U_4624,0.26180288349664965,0.26366845411193063,0.2687552285786895,0.04670286034144324,0.06176836483924952,0.22794408127064306,0.1053130021601762,0.11908273121740448,0.15994885724195027,0.060365675822423984,0.05223828123410058,0.6481629806714617,0.1229309556657752,0.19921845465691138,0.11006720531822962,0.0348911845673406,0.7825109051563821
U_4625,0.08064377042148209,0.2109742730272879,0.7153528079190836,0.10288168985515536,0.12494428216402748,0.20227272672255586,0.17056939392453088,0.1611037480151812,0.23232457453597344,0.0800162817356948,0.07677473946179544,0.526980422758704,0.1590139173837603,0.1787788076731285,0.09374855222008113,0.043139579487899586,0.16224487709410115
U_4626,0.29003665429823666,0.2500097915428615,0.2684646437301374,0.04472136765621482,0.06249527712354039,0.16337342354564247,0.05341313844212761,0.09929729092668012,0.5876367027545475,0.06953295561321396,0.04585378780665742,0.07930131518385676,0.1079459908020292,0.7493302976534599,0.32680099528422174,0.3120863232395,0.12213282983036512
U_4627,0.25024386641773044,0.4809143941629765,0.22316089882821305,0.029478134211577814,0.033871696651206304,0.08854329642106984,0.045775670974126124,0.08208825906962211,0.3562158171476214,0.04585243788032924,0.04077625052540566,0.06883016940304969,0.09608416932083606,0.9061097465092349,0.4926434244497433,0.031417580089545136,0.13560043252661275
U_4628,0.5693276779462537,0.4866217150550789,0.44793328777206487,0.031789256137368146,0.04362440808099015,0.2570095398109888,0.07770462694977982,0.14029229179934996,0.058392849152764346,0.075266667867766,0.059607639909208726,0.07739376565799219,0.2344025284810253,0.2850647414990849,0.5725132196799672,0.07504291759165276,0.22279096227258338
U_4629,0.13035942474487125,0.21924714191207323,0.2611388839708957,0.09239957249922498,0.11937121026723843,0.2182954764869169,0.16520673727568524,0.15707274488034134,0.22067571997892363,0.07910298484586448,0.08667835202684213,0.8878267078142934,0.17522775471575885,0.18646343187413325,0.10874463192976422,0.029278436530151785,0.15734318108534817
U_4630,0.31937742454785845,0.23582938677662785,0.2584590148969279,0.049059480635604474,0.041923524312942426,0.126815310890234,0.21479829959064248,0.1014835246281134,0.04242886174347008,0.051127308453725075,0.04221880052924718,0.5323477955348483,0.14195007620054112,0.7421059591028254,0.24975599073718469,0.26454923897459715,0.10858351944473575
U_4631,0.06473949571543718,0.1709297092916796,0.7884416806428618,0.06611537767273988,0.07895402880770973,0.15179851804489755,0.149837189082315,0.1241808920067693,0.5071082339950199,0.35289103123181936,0.06477366189954378,0.5173696293199794,0.15482165065543796,0.1390103089358214,0.06726940941066671,0.03971705804442,0.12505656054168257
U_4632,0.25976283994376015,0.8617287633234121,0.41405464487854216,0.021938779962275144,0.0302089518318547,0.19004143406270516,0.05508416299719085,0.08101608068385012,0.19178410260019405,0.05052445279900558,0.035038948283538214,0.04655300638893662,0.10907078890866824,0.1279901073312616,0.21652907487661144,0.03846563899421012,0.5320470195678775
U_4633,0.19800702709257367,0.16289168466489717,0.19985337107853401,0.06959340932891035,0.0838702014173223,0.2490425940137032,0.29162179248359243,0.13108206983333812,0.7987641912088099,0.0754730381207448,0.07741915954550344,0.42081320559445445,0.13920345497586137,0.17202960050641847,0.0969134664488151,0.04123262658015035,0.17016535310070377
U_4634,0.22732613197604493,0.4681682832346688,0.7503879907176474,0.03501281999767126,0.04981125717337109,0.21047405264643104,0.09249227121235246,0.11379510445040675,0.3720332128651825,0.08114983436059237,0.07063404534390666,0.05534349465158195,0.13608654863533826,0.165080281895095,0.22669764065476847,0.24123221092592995,0.14537282652414035
U_4635,0.21562928830357952,0.19554692380074654,0.2192561621555446,0.04959949543865412,0.035062019977068565,0.7955895013458096,0.06710588843391327,0.09374604201064841,0.180530186926193,0.048701616769587744,0.041809375373516366,0.2638138720673268,0.12636935291492438,0.1380222284319214,0.2092328902623624,0.02376594146821764,0.6260614072130781
U_4636,0.11699904860289645,0.18269538849055994,0.6476085165384551,0.024525491495546087,0.2423521591418237,0.40162273682419297,0.4096627890164856,0.09442882345139608,0.6965675904095345,0.06358116733998082,0.06726982344335346,0.5183630569311302,0.10391390136544959,0.12517577776042338,0.06159303638970791,0.003681237551329053,0.10431654779698989
U_4637,0.034508030330108255,0.0662875785094175,0.20830868341577308,0.09764366603061683,0.15837267994479948,0.18035913091520298,0.1495606531401191,0.14245554795910706,0.11704022727184882,0.5173429070511675,0.20278025286096352,0.5215851632032411,0.1156427933768299,0.1267793239443912,0.05708182653092873,0.3357192817274173,0.15550944515768117
U_4638,0.5181694660731342,0.39029347709709356,0.4107886391273077,0.07857110930118123,0.07179551143334169,0.2329749471725916,0.10019703630206485,0.11012497004212907,0.05080372788175636,0.09887471582987406,0.11638117144246753,0.058086797512595365,0.2468541875086391,0.21063373819110437,0.5319777632255367,0.05315341884395661,0.1293330417914587
U_4639,0.04632244651533294,0.09678599098945402,0.09230908933999668,0.11601062320495163,0.17570792863068269,0.11200900138031832,0.15535694653331977,0.13987547087205962,0.11735258933254378,0.8541447633000472,0.24081773873470574,0.15340430420855036,0.10470012833982915,0.14074057092197564,0.03907206986554116,0.29085114574386384,0.2691763830273882
U_4640,0.23194908704875875,0.6249632563668299,0.2609725000181687,0.07577858452042723,0.09847235388893205,0.21274231049141532,0.5130862972495129,0.1388778690883275,0.19691142084357824,0.060671558057055146,0.059636129061805127,0.09175643148477859,0.16342900493657342,0.18518868791757148,0.10976036295812258,0.036730878146105414,0.6341340286701118
U_4641,0.15461594447213026,0.1519730639938444,0.8379251364396194,0.09134055705325353,0.12025947435661993,0.27969409074711393,0.19104590583316455,0.15590713873991463,0.18013633776494956,0.08395897960534371,0.09030901588515108,0.07984490366101696,0.21513524712574586,0.19327311871200992,0.11022054410650457,0.0459073971511944,0.16932201688411344
U_4642,0.27632264396849904,0.2720598645209598,0.7096029468345613,0.0351735932547615,0.05567696574600507,0.19368114857076976,0.3759030161781668,0.09324380690427489,0.487854848009952,0.066955422436673,0.07895172444428698,0.3639560322318115,0.12311378241034282,0.13732771766410498,0.128542854916747,0.10022906807295401,0.126070896649782
U_4643,0.20662970610846149,0.20299992186672444,0.22130914876366653,0.037727973164949254,0.03510576128012986,0.17868575134799705,0.24164325928044653,0.08690020676443326,0.025528659872893794,0.042432076145912,0.033747125836214795,0.055017849676566526,0.11130229155212602,0.9356665794314185,0.49891716299003214,0.2653634021215417,0.16087371123413657
U_4644,0.25723639975218504,0.24796130201496386,0.30122346493909347,0.037701808902793114,0.05022752450277358,0.31057577587329155,0.06865120979163745,0.4092135738885355,0.6047058226260773,0.04286585240028136,0.045593494549401314,0.09664302276341677,0.10929927551642066,0.1748034668821385,0.2637844276805358,0.04612843906770671,0.4624321947505103
U_4645,0.2811981565529958,0.24181394947683302,0.24601613003689826,0.04753230477028547,0.051200629612253946,0.9622558400674184,0.06745509579682146,0.1120940759562747,0.0701134259300994,0.06105161709755558,0.05671354358254187,0.0934033429056942,0.11504950574097227,0.17653878689974473,0.15869048957869603,0.02768319549902169,0.6224182107099352
U_4646,0.25083466259412035,0.2106460201742808,0.6421669227307389,0.026184751646791748,0.10650784177787474,0.6774431559358904,0.19201686915291305,0.07023060900418834,0.04964410103296043,0.2043559833596288,0.02773700948693066,0.12503660657136106,0.08998213616621947,0.14302580783355534,0.22657243297210353,0.14047469084647107,0.08145002253053928
U_4647,0.0863527977356155,0.10838235538476876,0.28686685349816393,0.09270920062427675,0.20349709553075807,0.25681913987135424,0.1543235312216106,0.18810564615364014,0.17423215342195436,0.23024743296112735,0.2426957307359751,0.28355005753648027,0.19738289740299464,0.23848555543796807,0.12909534706106682,0.4510158544950222,0.26349985067199433
U_4648,0.2085627537506962,0.1975334198724854,0.6926347437760689,0.06293432976022684,0.37973678851630244,0.16013673983560692,0.14045855317414405,0.10494039722380295,0.9049154527273342,0.0638589867762966,0.08110653488619866,0.06634305161422825,0.12419296442091207,0.14022048859800915,0.07424298588644271,0.0239661504930057,0.13225890978284074
U_4649,0.2598548237478374,0.23365632946987072,0.24633535474792537,0.02664739628871904,0.04024381348952385,0.130022300940897,0.049294007254023886,0.3533347770804102,0.04481347539600331,0.0552376629588074,0.046619852544396566,0.05169187590982259,0.12065093922951801,0.7038079928954235,0.7765065481127784,0.029274837006830944,0.1524841289230483
U_4650,0.18926420648650144,0.3601131178825303,0.41909122420380235,0.028019681683440666,0.02879004377104808,0.5239138573709092,0.12897867556517956,0.09422693519953773,0.34088383016597307,0.05574558949470054,0.0386142395399404,0.3364649940164337,0.12563345488444239,0.130848617797027,0.20832231501534426,0.022330147127442142,0.7094312494887258
U_4651,0.2063892066766886,0.4713506875257818,0.16217883068732417,0.030232746808409157,0.031823260216574466,0.9124069873502845,0.08190337711266235,0.09493593307026188,0.3299791497927304,0.06380878795514014,0.05220725383672982,0.06091623509362426,0.12309053552414762,0.13580393196013674,0.11712312879878266,0.053989233812333254,0.1597543363808812
U_4652,0.37667372169339547,0.31381746951273,0.28532963225757263,0.043478186269986646,0.04959677234840814,0.1677535822006776,0.0733340495706715,0.10002261153377326,0.07109763472930032,0.07600437347563663,0.0703764992809918,0.8491128756977224,0.17670550461847231,0.19773850774920432,0.3301985574566655,0.047410947573599385,0.14402882406845652
U_4653,0.2687204751490798,0.24996161426744318,0.31166190744195715,0.03907149234405985,0.058263172037999085,0.19103590833843967,0.6362624874935094,0.14797422627290932,0.09245816740205762,0.19677836242233124,0.07209699548255459,0.0808644841393921,0.14416367873115496,0.16734464972797775,0.1379068609924326,0.022799230083227803,0.3782473228051331
U_4654,0.048626421416467724,0.0573311352044362,0.11740170702334943,0.09010590610649863,0.49418701582985575,0.22039472373878496,0.4417940296202822,0.1796523416000921,0.08848949339187911,0.15868643566015653,0.13782956660802237,0.20081502436152598,0.11835126104820344,0.17175450915761314,0.07937172327915248,0.5006289378104853,0.23322072666931953
U_4655,0.20983043795593156,0.7438498485327578,0.252595530012558,0.055119620353471566,0.06370750757889472,0.2479801862983726,0.1280817949077486,0.14152813084194737,0.12245335299662738,0.06916141930179842,0.059729631151254986,0.0569995604264358,0.15973935247521312,0.17676955276971992,0.08165991138629902,0.5772007577441363,0.17035184043145032
U_4656,0.467056919027821,0.1890431568190693,0.5756570144093707,0.023685062688799267,0.0356694063024598,0.13731598490335314,0.43948001187487246,0.09289444164737468,0.07673858295834818,0.05846604672423324,0.06189087241456437,0.3252203033640266,0.12051426848768042,0.5596306191938989,0.3690013909034207,0.025031945622862845,0.11001818937558586
U_4657,0.3056431431886903,0.2350774443796284,0.2888566247657179,0.0312357602075731,0.17730340109504758,0.7172348458276274,0.16752401054074897,0.18230832165246968,0.11621649189939867,0.06264673641260539,0.04160577974468633,0.09133050544220368,0.15657964182046438,0.18967801564470793,0.27936273175704934,0.2225659679039938,0.11684412977166037
U_4658,0.22307431685410742,0.23346160303798283,0.2877797645139952,0.05968772932840959,0.06528869154371739,0.26395550801610784,0.10630237160905585,0.1394765044529342,0.7028871463505748,0.09592388201751344,0.0871749964245002,0.5656069066631331,0.17325452051742085,0.1700865908379164,0.14691081906869366,0.03769222217160525,0.15893637352335996
U_4659,0.3209544997921601,0.2596802116229363,0.2795158720351119,0.04044985187110177,0.03831128376082236,0.24952366474997,0.08967778509459523,0.10493489369057778,0.6715230433749166,0.0633553029060735,0.058783413641433205,0.05901450564237934,0.14663989588999438,0.18875642689150054,0.27110352589588954,0.042135781658693736,0.6737421624029087
U_4660,0.26987204492764805,0.3082719272084333,0.25757425550088386,0.0487679106497584,0.07237808291980215,0.27529913521607785,0.09891212922997814,0.128428390489001,0.07727398761354859,0.07065573794442463,0.06577916099201397,0.11353610750085584,0.1304487341669152,0.19648367957846172,0.1455998425457014,0.042412524365718275,0.744258621060329
U_4661,0.40334804998459295,0.29126366407674714,0.27065302194488755,0.04864341077514759,0.04417453028151086,0.13478348237810242,0.06472739477571943,0.09433209110870953,0.0734058410312297,0.06261592290811524,0.06416384124332766,0.6943804985055153,0.16963639302374167,0.17407144090980978,0.2959541100077961,0.0359082566360683,0.13870725135328107
U_4662,0.03942298328155985,0.05075250594090288,0.1018755556613167,0.10069025777333784,0.17818303682012063,0.09402084647703617,0.781427864550176,0.16268608460347844,0.08388850760023145,0.2628433212037963,0.2503988232532396,0.23964002143160323,0.13412026249147013,0.1697134504481126,0.06099335511046623,0.3625897175030576,0.18581222841989362
U_4663,0.02291548747849173,0.10096035663209893,0.11963524025958124,0.10912790398052592,0.1636156388864879,0.14362428299238691,0.13897672746986459,0.1389830149360558,0.6421061612204582,0.5340352165387816,0.1626383919319401,0.2108666616223089,0.11297212148270233,0.13189177611499722,0.07370678857918728,0.7153150737748217,0.152185747315638
U_4664,0.3598439077034253,0.32618757411754257,0.3301500772775569,0.05892937874916197,0.056940439149131765,0.2058613380617843,0.08721008851957446,0.10697126161916214,0.05545866144142763,0.5677995045811861,0.07659304008509293,0.08359769694999783,0.2193963802210241,0.21321764341495197,0.33514143216501396,0.05365681632911773,0.16043280397295528
U_4665,0.3545522711811743,0.26678999231247724,0.27431557441591037,0.03252517195414359,0.04213809012538386,0.13648901873150698,0.08885566895665448,0.5193252502641095,0.4294423694884985,0.27276296614024154,0.05030930415999683,0.06198921037709679,0.13018723363962603,0.16418273264000394,0.2554981417103114,0.3686452106895059,0.09776293620992063
U_4666,0.22671008514892024,0.2131053456880651,0.2664261046546635,0.042033192316107554,0.28659863486875653,0.621275190323074,0.08862597895707001,0.12626434172215578,0.5140341900696461,0.057270752411098524,0.06782967034752403,0.688700375671162,0.14690183292643394,0.14339382079612079,0.12651951503955094,0.017319730223217797,0.24212426623962696
U_4667,0.23401116869759514,0.18769640773830848,0.226985494838083,0.03684480367858666,0.04663637639687322,0.1839330423385189,0.241902509823765,0.5650531372241809,0.3708811153211649,0.06186930827566885,0.05270530354714395,0.05261438496455128,0.11409968982780165,0.15641261748530522,0.8162805240040416,0.016070617396581912,0.12531235301042395
U_4668,0.060767273064699534,0.06958360353726377,0.0902732735835182,0.13428328438759013,0.15584028319304313,0.07690188147732582,0.11387729094537531,0.15412692689787236,0.0586987896223662,0.3446116187033652,0.08866583620992469,0.909246172583748,0.09111181944513398,0.12343067584000805,0.08174111907059817,0.3130810580283072,0.15222816164689584
U_4669,0.42745954266601943,0.3099511013407474,0.3009917060960974,0.05480458824760992,0.04147835835837405,0.7687036533129126,0.07825156460348935,0.10335808071572068,0.05348030753645432,0.060184744109380815,0.06097329924637815,0.07164972481666372,0.18841935223196732,0.19461311748016322,0.28503251795638423,0.061883313432876716,0.1671957445712029
U_4670,0.44627573251973474,0.36549406020613395,0.29978858026690564,0.04056523174819205,0.04882817102976579,0.18508879690834462,0.08294952910822963,0.1062102037917552,0.06633854267710645,0.07402895784357746,0.04516318820142332,0.07913447781729961,0.14235032532921685,0.18949092486218705,0.3008856803328889,0.5247063092037247,0.14386865374840657
U_4671,0.32622891074200966,0.2595328533221696,0.2910182213822497,0.03774643901546591,0.036227324084127405,0.25246436639178105,0.07816212597514378,0.10171237481238944,0.07472269227623587,0.06418827342257459,0.054617060307367994,0.07085110103008815,0.1420354088365705,0.19706071859031885,0.2875120182718022,0.04825791375826878,0.8052130789537622
U_4672,0.229269329052118,0.7286438238451325,0.26234085980389615,0.04061526521347891,0.04979472172728411,0.20389169972764107,0.0846591812878033,0.1150225401239665,0.5513705788780185,0.3128411836873355,0.08516099377194332,0.06572772667666706,0.11927957796807855,0.14973462485969344,0.1495655169378971,0.023683675993121718,0.3834354436034956
U_4673,0.2239354905852976,0.15988278277083884,0.22027210142168926,0.07062623983800104,0.05827959871455912,0.9139690668736935,0.14513308415151033,0.12078295757794082,0.4755776861355589,0.06340285501316636,0.05183223005196467,0.058028098847748226,0.1336337452813589,0.14987080633325434,0.12380487778980348,0.03547594937441831,0.6642872029793914
U_4674,0.34743120843162195,0.35770800148908477,0.3391279817939948,0.04690676344276312,0.04714369098400265,0.21984400942610682,0.09615135521010569,0.13420143845424634,0.14227982724217336,0.07224181244462044,0.06565519196976198,0.07516761206932307,0.15723325323442686,0.20628375689037368,0.2980680854464355,0.7875882607878462,0.2015193151261278
U_4675,0.19435185561201201,0.9365859766398221,0.40002555818553365,0.021485616027568457,0.14095818816291314,0.3957823877260723,0.036643811778796415,0.07581891587798713,0.0962575706964455,0.03921518149929694,0.024158752168863172,0.04882143569536043,0.1251639965295317,0.14219106218743216,0.2555100773948878,0.24982239799620898,0.10220678092401879
U_4676,0.26268717908626155,0.17779792909568592,0.3087796326967439,0.02487865492318345,0.025474416046500303,0.09350514982187465,0.142084492800455,0.07889668267192493,0.21923736266501592,0.047397995705758936,0.04322190613296696,0.1986898027399259,0.10052968139942599,0.4950177897278799,0.9183266086519288,0.017958685535207474,0.10568199906769278
U_4677,0.03569794901659091,0.05261215000039146,0.9434178068834149,0.07012722354096722,0.1271008739901435,0.11500052312097743,0.11075026006635544,0.14425177795036323,0.08613161344184432,0.14957075482485815,0.16107899565488637,0.28255129262911977,0.12326585415295954,0.13480096358960003,0.07128672692654207,0.25432788598575273,0.1382981238349373
U_4678,0.348475321446027,0.26979906103204526,0.292136871801937,0.05248437664173645,0.5146441574771927,0.22531749765277936,0.4740515578488284,0.10355189732096383,0.05209027159788792,0.5977238702886158,0.05361428039407064,0.08147843651683205,0.16685149014414857,0.18469868006142673,0.2725234188410528,0.03870046907308746,0.14561551546072046
U_4679,0.3076866887221688,0.2665071473505934,0.7180554425302097,0.05067390994532105,0.4780322516966791,0.1583807598660797,0.630515715082963,0.09578082426528312,0.055985543916701845,0.06205361209313262,0.061718214272381416,0.05363632332686973,0.13728950050473782,0.15457253193773843,0.2695751957292215,0.04251398685743214,0.14087270543593589
U_4680,0.37287623524940616,0.29419207996159186,0.33361160631974934,0.050569213137874075,0.04566574473533559,0.2891007849110963,0.6679744146360249,0.10674456473752773,0.06347794630533357,0.07029723185928037,0.07040316650195869,0.08786044459322549,0.16550523298057251,0.19097096665214913,0.32061611708527676,0.06003418357543501,0.17964397509606728
U_4681,0.09679424363203182,0.08622586068470355,0.5221694713167109,0.06768412616373656,0.083598245881836,0.18728450249923217,0.23535335244819983,0.6051811644487362,0.36286739151155334,0.31175794348986113,0.08096020575311469,0.2958811378031212,0.16956070955533334,0.17903807849733658,0.07919814976387683,0.03511671921263877,0.13223107151771962
U_4682,0.2448788238025839,0.19142301530203137,0.29492219890422555,0.06753591294315142,0.4660898154799524,0.20606931751966936,0.17610661903730998,0.12519240495468295,0.19105397558984336,0.04558251506061023,0.04581289259805877,0.0849504421141635,0.1465596862682297,0.17990330651788458,0.1364501645347813,0.345432438605111,0.5094449971678721
U_4683,0.29255628303486186,0.6268736602417659,0.28754250874473886,0.033005004819244566,0.03815837573655063,0.1509436356027793,0.0715315470948883,0.10277094155109846,0.6589013781479389,0.06794093570086669,0.05876979194399237,0.5458134863074047,0.15909349821613278,0.16981813790503525,0.2961143178603515,0.04103760227303674,0.1085278138799734
U_4684,0.2338630180312191,0.18843299662869276,0.2533591750289467,0.0816984302133752,0.10437932588291782,0.29195505044375225,0.15394979787049481,0.7412808500582564,0.10077213295303664,0.07806211923317316,0.06651937056307251,0.08018468939844342,0.16461838565463838,0.17850237189117288,0.10701860431623413,0.039606090161939445,0.1805041601074959
U_4685,0.28232672793781766,0.2102280421284565,0.22258421088162192,0.04284882065770824,0.2569507949913215,0.5538219306091965,0.06081892936430376,0.10821889901566478,0.04193079446120791,0.21581846786782935,0.05690915819003514,0.05192300873239898,0.11165992867489051,0.571058838187106,0.8340297156453944,0.018318620632665036,0.11718164821336695
U_4686,0.22432108211971322,0.3940702537956923,0.4270602853199828,0.03521519959711196,0.03473168034531862,0.14925006884925351,0.380650996824479,0.1038450161482836,0.15998395495938267,0.07294381672980069,0.06450379739265891,0.5871932788376399,0.15566009042155585,0.18731071211755634,0.29928432792269,0.25994886566768344,0.12489122919185097
U_4687,0.34829284494355484,0.2655916563175959,0.2874175473081931,0.04977563420258672,0.03871190833856316,0.652312007609809,0.2516011019663784,0.11224552853515579,0.043111522372588085,0.07307056114943572,0.060936324604343686,0.0816874266015885,0.17454159170898856,0.1717916231787686,0.3020773109996393,0.042396243834554134,0.13069356527895495
U_4688,0.3029835885068257,0.233426137482254,0.886779979362031,0.04918792808352418,0.1932137609460165,0.16076638008707736,0.20355096743279846,0.0855221174490147,0.05803356401228787,0.30285924387558255,0.04686723363548279,0.0580709735612689,0.11556479574650239,0.15771289953715797,0.22061340758290238,0.03157863598835442,0.11080910186168233
U_4689,0.02175487841860009,0.29655827411431906,0.17305793376516523,0.08004204686323178,0.40504102507982914,0.8825662582528617,0.10414654382386543,0.11427503948195691,0.4171937685393898,0.09868262328954622,0.11175439546939138,0.36993942057528856,0.10473663715279695,0.10674069956935966,0.058836854947683426,0.4007574247391874,0.10343237962174735
U_4690,0.0837420540271934,0.3407956823907354,0.2207740309913493,0.15883853799100706,0.19790396790909176,0.37811647812254184,0.2887141029075762,0.22575955663564498,0.368263414757967,0.11158390177920355,0.11657407531290064,0.13658941536532443,0.3324795001923457,0.2860570083919797,0.15904910411927964,0.051244553664868055,0.3044868772519889
U_4691,0.10486260107542468,0.1872322447923836,0.21177669250388834,0.09333625829498512,0.08857008982156007,0.2833228593206687,0.21951237825202116,0.1262145852874308,0.22759695687631024,0.4656727322507606,0.06900483986384187,0.06520052822872235,0.17321454364380875,0.19809932835750377,0.07245424644594532,0.5841367445019736,0.14979546681853004
U_4692,0.22222371518178385,0.059226837841689466,0.32645702278879624,0.07309890278052172,0.1230182736468516,0.09984739158512669,0.35893812450295937,0.0906848690700981,0.09878012710722901,0.12989382194311397,0.12949904152010183,0.848837008017574,0.08989672995739835,0.0979554611632655,0.02953891837354445,0.19201649238584134,0.10729245619676805
U_4693,0.5894096284617454,0.5287517486107305,0.4794464841448443,0.03403555605238359,0.055091333623206104,0.2701366172815459,0.07838130631994689,0.14602480631065984,0.05757255936418876,0.07495632742528703,0.05840257634708677,0.07665404770028615,0.2271389152503141,0.2729085406277604,0.5038886236958828,0.06422067701384766,0.20156000034360153
U_4694,0.2877742959989973,0.22635249673931843,0.27778393938545015,0.032679320244801094,0.03681500551576357,0.2181299606677992,0.07468252001575923,0.1033042371059863,0.4579963932651415,0.06722058119124083,0.044912029303546236,0.04489427337953899,0.13010121400267718,0.15399009079215537,0.26567578622497134,0.02986067828677389,0.6994386231660836
U_4695,0.038921430487178554,0.08457179956615214,0.7663728453799739,0.10813945360679102,0.13756919970651518,0.11945340135505565,0.12863184708533054,0.12775445345782005,0.0704597338570116,0.12209084936270596,0.14121607061850588,0.18894822487419022,0.11066149475424444,0.1373961365755833,0.07137449873004853,0.9074144808877262,0.14447908739524298
U_4696,0.1459293799854828,0.28552810213876567,0.18965138207990892,0.07852693104706758,0.09017878303358112,0.9914602196792133,0.12841833966718474,0.13139971837172518,0.21423740870155245,0.06910155055625485,0.08071187237505888,0.07366559956763068,0.21631036955923139,0.19128940375072875,0.11514564051420373,0.03828916131100275,0.170878972535139
U_4697,0.024169319094487503,0.03595031971165969,0.26631129638534723,0.08615843309728356,0.14743163416581168,0.6808437534807248,0.1376218951630169,0.10799373931434221,0.2765448236950081,0.18858137189203278,0.22333980910071652,0.8131938697861787,0.06885949356185124,0.09963886233471388,0.039837457936497324,0.29223524318491295,0.1045289115854938
U_4698,0.059062850096838024,0.05991804880035987,0.40289966985448517,0.12373595504563892,0.13234969142300557,0.06536271933735156,0.12570877712433703,0.14223781550529602,0.2798130706227085,0.5188020448939914,0.08934882880994809,0.5512456124319709,0.06809033122232709,0.10758465689944699,0.09109967369337757,0.43458216201716793,0.14116943249042893
U_4699,0.20567472927884442,0.2285007105303247,0.7660509999388678,0.04256723906810457,0.28850286454600266,0.3042456022700075,0.08502867157768253,0.12013551069990246,0.04473198706848454,0.04913838360650736,0.044827072991383804,0.053458289057245305,0.126718423567197,0.1594277975170442,0.2223461926009097,0.2592680155374574,0.7068554709118813
U_4700,0.31303556005155925,0.29756609204844503,0.2700844612003439,0.05720447925877018,0.04149995271616194,0.20536799405527972,0.07291771151666489,0.12288149187556158,0.05513720758840081,0.06963878341713722,0.07172584810743846,0.8806745056657681,0.136836732668617,0.17833062736256616,0.3888490423688795,0.035033442221508705,0.14379797636319847
U_4701,0.05477744312432481,0.2775004049006544,0.20825884295240138,0.0815058545980324,0.14158126893942788,0.2305841382675332,0.17536357927058968,0.15736362930370618,0.3375974103718196,0.074525158091448,0.0782794590736859,0.10237215487127599,0.1787003112154527,0.19281932521231954,0.06988145272905576,0.40564397503129224,0.16774245624708425
U_4702,0.1865909752367575,0.7646129517446429,0.6611996817727575,0.04011183849583927,0.0563962470923253,0.2114416643426097,0.11047111614121792,0.10478107540242859,0.23115789048203172,0.052483534102562276,0.050769986571215994,0.055630471869254024,0.1358670764274826,0.13794472404454988,0.2213700266406216,0.03969342366027015,0.6124943880789018
U_4703,0.061211277529844926,0.1239012236785284,0.1079794045637958,0.1440416354400542,0.17000285215472202,0.137316546676772,0.6297919472206326,0.1612339416111989,0.07667068305941983,0.09611652052875175,0.099088732312785,0.07425598337406453,0.10236985246047373,0.13325190306190204,0.10857607584933011,0.3598585428893083,0.7223377051908872
U_4704,0.2916090268805001,0.7004263856544761,0.25425429922650195,0.04364728714558479,0.03562595928476123,0.2266301707595595,0.06886738610476746,0.09969119721950769,0.5272394677206058,0.0737586461807262,0.05565724808665755,0.08492854578785496,0.12396843890558285,0.1540932229908305,0.21175552902573,0.033277202203918686,0.5881180415461074
U_4705,0.4831915542077388,0.43825030565867784,0.5069009401570155,0.02880679674129533,0.0713821298102414,0.43392828198542194,0.08375335550767649,0.2050580455659422,0.08504169966009877,0.11388337160309714,0.07966035703537884,0.08408081175017569,0.2199378889515233,0.30374053478403945,0.36402882084601695,0.04173297252384665,0.22954580653766457
U_4706,0.30546067587315573,0.2559288898292047,0.27059260765891874,0.04091867182119082,0.037254211877849955,0.11631346492100345,0.05102078432150948,0.09825728019032955,0.07519160950511582,0.043566399535263006,0.05005410206542493,0.0631460951645589,0.15169775154123094,0.7601778489049458,0.556940639993948,0.0335569468264642,0.18038377525723903
U_4707,0.4372059463089296,0.380407991786468,0.48619188920873707,0.06756412861653334,0.08202137941928071,0.3657931642485874,0.14119118777529352,0.16581684438827424,0.09170752965074418,0.09328445422204673,0.10169869148830932,0.09081692001127697,0.21305815466569397,0.23109957811961143,0.2858229261945838,0.0427758431795913,0.27210081161054417
U_4708,0.030974902356518723,0.02876612888080707,0.4874134313506406,0.07000112971013893,0.12482473114043774,0.8625554112122151,0.10181251483871163,0.5509039162735707,0.06069517569215498,0.10735941088960264,0.10607112427777227,0.1619374689994092,0.09146108756411027,0.10749774895139126,0.044105304422431116,0.30101396908649447,0.1356457418177301
U_4709,0.1038938583219483,0.6296411797026393,0.19335837813623025,0.08134359474615546,0.10517160693099518,0.6628321368737722,0.16563328041567738,0.15474148886260194,0.21963279656758586,0.07686107987763484,0.08257279608116781,0.46330000777036345,0.1694035353696418,0.1671540819746628,0.0788121027597371,0.037647755608477954,0.16250696294385508
U_4710,0.29493694572256385,0.25900653743493623,0.2658148772236262,0.042252726802860505,0.0353027412953654,0.9541220131401731,0.06439113588856656,0.11021385635035827,0.04445519174349381,0.07729182616357051,0.05071733539251526,0.07151899192434555,0.15028249868096563,0.17312945896016393,0.2768652198833515,0.04369701366690288,0.16501608573047793
U_4711,0.3623726895768633,0.30595632500692477,0.2942702200522683,0.05489959376930808,0.05623440130797201,0.8206334909518402,0.08606095548859444,0.09885379478427424,0.058543865736129755,0.07346777394583844,0.08619170925389719,0.053443290802480406,0.17949752326144824,0.1887158071595836,0.3350284309217085,0.05538008800463218,0.11433553137933532
U_4712,0.35323699021771515,0.874595754078795,0.26621488656895037,0.050827043967616524,0.054472523274361896,0.14831115550528856,0.05946195425203228,0.10024328027565989,0.07126279049595598,0.08511304890287494,0.08860666412095144,0.08014844545542665,0.18824468041178044,0.17532220857066083,0.31393620821816604,0.06262098910670721,0.14064149172453597
U_4713,0.13812087765449277,0.19698476140205978,0.5946248924398985,0.0592757441131909,0.3996252445209666,0.4469583808202128,0.4306176751213702,0.24871805340352582,0.47733750801080826,0.31768613961117576,0.08052906943193985,0.0848870924324547,0.12571522242143643,0.13598608247282426,0.07166989479621753,0.015261496298941218,0.1560585485366216
U_4714,0.3517279819831545,0.31793437668162555,0.3159123377944976,0.056604863961341456,0.04267521463718463,0.15359390303345044,0.07646675756067749,0.11955029549538032,0.7274553068560006,0.07154235940968101,0.0704701848252494,0.0639782830269451,0.14485354662483943,0.2955514561260919,0.2889251278794846,0.04403487270703959,0.14948054595278523
U_4715,0.245900660502865,0.37672246904727136,0.2778745326017053,0.03899759807918587,0.3180391258685367,0.14739505122158675,0.49044704600327155,0.26299668333322035,0.3508811006371844,0.2302163970895438,0.07697369062300426,0.5214802272771217,0.15366496773671173,0.16415274875702707,0.10410919181877332,0.02875730067160409,0.16471865036380248
U_4716,0.35490053895410223,0.327393188265585,0.31587732924273537,0.06550838369836291,0.06671715701619194,0.17054106313544112,0.08785722308419679,0.09955985994075757,0.7601979557321845,0.09895126155361807,0.08373253471125566,0.07262496233653114,0.19908919098500852,0.21272567315616248,0.3576954963611344,0.042141380471585596,0.1427624187187019
U_4717,0.06503543882683832,0.23269335684140016,0.1331515718038302,0.061738892265080336,0.39099069980450246,0.1263715197739779,0.3029666146737548,0.10919772000880203,0.7474049589326295,0.43212835199194943,0.07084315295713399,0.0864691269045224,0.1420646436207486,0.16103875981723748,0.07618632788043164,0.033321682263210854,0.13834669955816264
U_4718,0.017937910353641243,0.3235762311501794,0.1500791333893558,0.04498074114241479,0.07482310692639976,0.33635611067908305,0.4245518847125255,0.09381963792626798,0.7362926732467028,0.21331304425607459,0.06146405613458161,0.4515190597554815,0.14093891436190184,0.12246370679472161,0.018154877368277776,0.14394864388409995,0.09102702813447944
U_4719,0.03267922700534734,0.04832809912379891,0.0953427801352768,0.10724485305102144,0.15250763926927283,0.1621780835123117,0.1463916144335804,0.15769581438858313,0.49036395481951744,0.16111656043388825,0.16513191725428925,0.9284155150476361,0.10591018941866422,0.1452030458054625,0.06733511150607695,0.3453245534266199,0.1574931854006463
U_4720,0.08505627153004847,0.10423256132303824,0.7211490548307447,0.13132752512480367,0.1435759658680943,0.10768516127637423,0.6618071275831701,0.1793927355980292,0.06486349746923628,0.06461829672430483,0.07810213308214965,0.06354677689485011,0.11388162167428345,0.14732308066039168,0.1413606904332002,0.3962753501953887,0.2107759851370394
U_4721,0.5253872147589409,0.5408639876270469,0.4972795128014642,0.032686109267954455,0.05334655129811148,0.4398628140572765,0.08631017858699158,0.14599701543345558,0.05854795626851778,0.08890213531725778,0.05122704261140003,0.08495080144056581,0.22570818621071334,0.2666150052669203,0.47329005671057334,0.060784129031582826,0.20458158001677876
U_4722,0.032336247995852815,0.06049118674026987,0.7603812449692131,0.09651856104757488,0.1474076725468535,0.16464137554743363,0.13826511465854088,0.12642914290181925,0.10164950520825192,0.19164495348432642,0.19151882833053382,0.16755626569110915,0.11121034076143457,0.13577196377267942,0.06077352391346366,0.8987770212737327,0.13809656150556618
U_4723,0.2664103134970443,0.24806548648748888,0.2495994212608742,0.04683232127774906,0.04083387054902044,0.15946428702281448,0.04358039401636518,0.10199415011854526,0.0335196165886618,0.05295259994541285,0.05976333906329065,0.06132361576734453,0.12840820640950454,0.82055407886543,0.5711343746780362,0.3478223601275046,0.15558767663006073
U_4724,0.19546903130355742,0.25079308070101086,0.20374322342538415,0.05012964887127215,0.420633783210116,0.4681409482244907,0.10575842849245912,0.5564087041931984,0.1632882227119962,0.07727955433386106,0.06821216648474039,0.4866094011548375,0.13916401244326645,0.15651758758298973,0.109612907610105,0.01978247549592233,0.5451252300438589
U_4725,0.07683034290934793,0.12348504451607267,0.2476070932329073,0.10293819770440885,0.15015483391658552,0.15765053245962946,0.14669354971567727,0.16132097431951603,0.23197643198923365,0.08852982107003818,0.09587108620453715,0.9289975809129982,0.18963041629349414,0.20077680945059126,0.09687315676357405,0.04135768243554263,0.14840795225216968
U_4726,0.21799504115570914,0.41336962632297747,0.2984581007033264,0.09226380151632853,0.13914203409463727,0.3833866733046419,0.16674706034614512,0.18330847383798915,0.17913833434919338,0.09775669622090458,0.10920655482863728,0.08735318486957659,0.3271682880698057,0.34093313325084795,0.17287003044567625,0.04602745216486563,0.21874305223063187
U_4727,0.2640410242701962,0.9303626541194274,0.24436255659981057,0.07054370430185186,0.06658884918875373,0.23386871858656458,0.12444233188744433,0.1196327466219876,0.04612817376217895,0.06763023413094499,0.06569487652164996,0.06703889502665886,0.16902322607614353,0.18314871411749625,0.230787106962946,0.03788593676719086,0.6886489229151924
U_4728,0.04537750137531667,0.06686637364696996,0.12602293973060752,0.08276518550765335,0.21577810271663192,0.1749841045566092,0.12724508283732458,0.15345842835682255,0.769025262990225,0.23119249220954524,0.2441986025529189,0.23231569137811536,0.15897908778066755,0.18895271395580956,0.06292395515159874,0.3553965792984044,0.20528084360666357
U_4729,0.2311019410709614,0.7719809073872264,0.24699552802947153,0.05184500157938662,0.19248947268150615,0.4570467777144495,0.19183849774787193,0.29019660366752803,0.32039980927538486,0.1723882461836017,0.07257838308804009,0.06159659390334085,0.14408638176334082,0.13337807402230256,0.10179901723605655,0.009693105793076334,0.13516443783842852
U_4730,0.21722906762486277,0.1815052952122701,0.5010956340577417,0.02943619893151172,0.04062528346107939,0.20061574910008356,0.05811200307322137,0.10307114930161959,0.44258239035527625,0.18024205467439497,0.05471524553113731,0.05832868414785386,0.11386501809339596,0.5693174259799985,0.7529901876326024,0.011144770495161566,0.09055515368335929
U_4731,0.03219689834942971,0.08935908887558257,0.6654780246494458,0.10097226901988929,0.16323804445620133,0.16175018377017997,0.1353015181040068,0.12335381709281718,0.13203372085761597,0.14909819685028453,0.1621937546678976,0.1430614574866627,0.10255328005511102,0.1717417457538577,0.07482365803546863,0.9375073505151266,0.1928651628177952
U_4732,0.3043133246389947,0.24959351052148954,0.2601136365958617,0.042367269836623526,0.03005676721836359,0.11665369721154815,0.04319281501526478,0.08957355915473825,0.13401725761013228,0.04744904336636251,0.05878329679634722,0.5255684447731617,0.1587288273885441,0.6523578215483796,0.4827894483670298,0.03325407008205335,0.15571681165457166
U_4733,0.020151782467267357,0.07519206727832432,0.13054819252617691,0.0441318236018216,0.06362253821394893,0.7216577946347555,0.18613269191964688,0.10150514588583093,0.5606323234668158,0.04615413591891555,0.06459449337687316,0.5620556047806569,0.14745670885046447,0.11884802719027104,0.037946465961188364,0.15316480649958195,0.10150472744336671
U_4734,0.036890944583283854,0.4461419430212469,0.8577146702245633,0.08283581045421652,0.14835039934742003,0.1270792005709714,0.12438889203493492,0.15101367427135404,0.08362197309427288,0.18082710889239328,0.1777120357173679,0.20032708786373837,0.13118407518164316,0.15052822589210388,0.06712656531816051,0.34933337141912935,0.16936074278576155
U_4735,0.10339542218664548,0.6803245389665247,0.17540210343275092,0.05398607368430499,0.06430377474883756,0.21231479450826624,0.15183070452736339,0.34430065772288715,0.3216724999687318,0.07821582984589906,0.07084903602162637,0.05879291766143282,0.14540212250378867,0.17158877951176923,0.07574274736874174,0.4128875931999027,0.1171367706024695
U_4736,0.3685187940499689,0.3216405609212856,0.33573358804158765,0.053729372028686766,0.040778718044758744,0.1561698783803785,0.08139872943682015,0.10726519061860511,0.05655587623035249,0.07101075183571456,0.06839713420658029,0.7350729510995364,0.16256711636507942,0.2032952584642864,0.3096494858487164,0.06087591060495666,0.1685895640816386
U_4737,0.03358038867848613,0.1341181219614175,0.5463027216265064,0.07234297310329278,0.11069166356889265,0.7597934670650193,0.4645114776083539,0.26430711944184754,0.5398804676162403,0.07016979701356606,0.06584556655971029,0.516754707478885,0.13890820745233728,0.1372583361557179,0.06237710066603336,0.003998781192813062,0.1104881892878802
U_4738,0.22420448268205706,0.2414209131737891,0.2501631307267035,0.0447785449704518,0.04921825305056216,0.6834688284175021,0.08385170454465667,0.1059929885318099,0.705542073593834,0.053974776138001945,0.06194460854086449,0.06283292120231948,0.12683407493659732,0.14948275101118702,0.12813327051472412,0.029366907699980172,0.4899816399602226
U_4739,0.055375406261723416,0.3442334814403851,0.06291379120676288,0.12300715895344812,0.3165583491562097,0.570463471743831,0.09652049238375413,0.14715787863720792,0.038125859164000506,0.07148331318269585,0.08011995868073628,0.0669030921258395,0.08431860315087715,0.1269847565821524,0.09588626318604117,0.6633427490384682,0.3762748471181507
U_4740,0.32612079917781506,0.6007214990493426,0.2566296156309926,0.03859641925048888,0.0958005172505503,0.10590785685522511,0.04404738439865997,0.08631061592853478,0.03354933039344545,0.04795383158126166,0.04851821490904378,0.037473283866127284,0.1297060487567514,0.7211383533348978,0.565239828035067,0.041281064857427635,0.15791443672510835
U_4741,0.2193489721839054,0.19628716963415332,0.6434864132928342,0.031545679776557985,0.13346546068018778,0.8528446353729513,0.5444405259277783,0.09572366731980712,0.25628528077905444,0.18070622238862752,0.06436816225274015,0.0700728474050571,0.13769542951105057,0.1385189765881808,0.1373129753723847,0.008394204238627374,0.12718978388844276
U_4742,0.22390482176217277,0.20889221076493833,0.39156185877096084,0.0286603844032385,0.02481740216911578,0.6993275786096009,0.06766933433958039,0.3747050645319395,0.6114850269944443,0.1777000734177597,0.02559067831519051,0.0557952073783351,0.1199659960139503,0.1344180788984079,0.20694478685621623,0.09051124075558516,0.10470445515191391
U_4743,0.36109502054116155,0.30844530278339294,0.29466362660679624,0.04862434769019329,0.056885462487341824,0.9302948087465042,0.08001521885257566,0.09818295394407482,0.04645093769766158,0.055969150048299464,0.05416840060010394,0.07057527566718066,0.16706111786553354,0.19034381516644527,0.30513109795977844,0.0359609107437089,0.16683867602852118
U_4744,0.24742822739954431,0.47735535904343157,0.24204960836403097,0.05390582697166218,0.05531870328040283,0.26114543371677673,0.11930997715896993,0.1269563417955275,0.35359068866946547,0.055870872368401124,0.03830779035679188,0.048617945552974016,0.15032112082671076,0.15469614416583882,0.17673059512330125,0.5628435813927652,0.161933673800949
U_4745,0.2924609948614606,0.2723686163266285,0.27470780303566333,0.05342110963498815,0.058791588103335526,0.2408799384856599,0.07635891155504536,0.1194213894396588,0.04862518992239624,0.46116705813071845,0.052669928954937655,0.5625036496492171,0.13070412832961004,0.7679874525216293,0.3109455204879778,0.029734473297109626,0.12851761314529844
U_4746,0.03461988877033473,0.45135294294604655,0.09553268379659406,0.07971601136086975,0.13124706716858497,0.08312225074258267,0.10639963573396262,0.1198428641716528,0.6688852690387064,0.44109539150808047,0.20209460004668983,0.16943264241744496,0.10258734505409116,0.12887346786418463,0.04684003678311465,0.5970602528627622,0.13833235914897968
U_4747,0.23662556129628823,0.5735208474133853,0.21218955984190113,0.03462795211559929,0.37976407845075005,0.1052833117770745,0.085477890945548,0.07244548116325912,0.02185830308016823,0.08128505371030259,0.03728525677128857,0.05195463719496476,0.10694387308953088,0.8458390337703579,0.6027482308043319,0.030199101348542735,0.13250648319160777
U_4748,0.364102148364363,0.2999373160987399,0.29257225680997667,0.05000941842796803,0.04121703056647972,0.14767882142094071,0.07344646929443147,0.10267170177143879,0.059601941012122954,0.0749349433791726,0.07302517274107952,0.906037350852928,0.18750713507722833,0.18700876094018803,0.30799276260883274,0.06199406249549491,0.14172805064525995
U_4749,0.2860190033678718,0.31333245997840026,0.32445955071146526,0.057078031502051735,0.08752467953286203,0.25188404998340996,0.3051710654506842,0.5009805333534763,0.15953105025959857,0.12654944096738252,0.11464189179675047,0.08390513141818406,0.1921758749320288,0.19320463130160706,0.16132567207791504,0.033627541851628556,0.19513792994017723
U_4750,0.2141752123112551,0.5406671352861183,0.7329397259229118,0.028228441899493036,0.021983656033197022,0.19141202734438142,0.05834603744884242,0.07856895112505809,0.020137572130781444,0.04617842687288159,0.047820007094864475,0.2152635635266618,0.08460599016262185,0.7928596668174943,0.5558837779086654,0.11895670101067873,0.07934179846412459
U_4751,0.2079322722381175,0.23197411071530827,0.22991610714418914,0.04810051564706857,0.04888009329961112,0.8109333788918267,0.5591165732412666,0.11528705136231522,0.06023589972504794,0.06137779875233147,0.05860989481577543,0.06987673401458591,0.1479030000311132,0.1548941816293726,0.11581587365383166,0.026211371926711254,0.531466826632981
U_4752,0.2322488364772865,0.22388912292778723,0.18006843093767766,0.04608018832977587,0.05097521177167124,0.7113126509131877,0.08267141906574044,0.13468886272410682,0.6500742973169036,0.06710891445140423,0.05808611335380295,0.07339058298306375,0.1481931866933301,0.15864024144224584,0.13383436898445897,0.044805905727856456,0.7259008609014155
U_4753,0.19498437035382027,0.8391948368429056,0.21212688771741758,0.03590679543367548,0.2766013910961981,0.6146239416908106,0.08322590460728756,0.269515386375143,0.09219831298174486,0.06405897008803162,0.058878715969712905,0.30652573742951555,0.13908499554328346,0.16210349023923068,0.10891565078544604,0.023457513589585945,0.12945713928242372
U_4754,0.2527253750515867,0.21442211331164182,0.8202879268616277,0.05167258305586485,0.3508465588484379,0.6665411229285805,0.07090762809556277,0.09208862670866627,0.03456757588378118,0.23872233249925906,0.0551514327325615,0.06972715213461034,0.14260626885139752,0.15822515108992963,0.21460959895106868,0.0281495007132421,0.1150651083516389
U_4755,0.2653296723479697,0.2617404951893237,0.2811231528697247,0.06120241983161086,0.06330392040766995,0.28656669781463484,0.07872408762778277,0.14735423003317794,0.1489292924381826,0.09272721389251105,0.075865338046128,0.9308802151074647,0.2229005428347444,0.21934500770874515,0.1999934115754815,0.03452729424943891,0.1803846190774554
U_4756,0.032359120024818104,0.8195505550461981,0.17779716037286228,0.1043904974545235,0.16642328138082768,0.14063048585624013,0.10439918045233883,0.14596727992417632,0.12024918529960546,0.18710277252851973,0.1874251384709587,0.15459328571103712,0.10622156049770695,0.14688867876762846,0.06572409424767764,0.7323430922149694,0.16760541130944243
U_4757,0.1236871700524926,0.11749900632706273,0.19416608096318125,0.03987143749546817,0.07182229883408278,0.20663603035367803,0.7664835125132581,0.12119517328320563,0.3121213027294267,0.05533114797209387,0.062026344368005484,0.35878493524147237,0.14231652418235458,0.14644623993991007,0.04116050919024243,0.19328551356501972,0.3093500379050631
U_4758,0.33397940370598284,0.29397582739919,0.2892956705702676,0.04620957620227262,0.056027372941711714,0.2849959073163357,0.0933158196948101,0.5729860891958227,0.055708577751961835,0.6170735992531877,0.05949825477309296,0.07518756099573184,0.1553836026387836,0.1778201688027198,0.31191195368171115,0.03709805736709794,0.12592553621371505
U_4759,0.26045963118622745,0.2795138257584855,0.24742867491400167,0.04312912429473671,0.05083863176333267,0.17154522249453547,0.09338392903618836,0.11886843261099049,0.1512955542524439,0.39931364386907003,0.053374553366102986,0.3592499332807256,0.1380235532673297,0.1572838375492659,0.13801561632729956,0.5177439546676477,0.6068137391246
U_4760,0.3212996928665845,0.301580367806491,0.26784492821063727,0.045788682395716464,0.04729488161730993,0.2654060341498606,0.07919697868075698,0.11622834821888017,0.6469642656247359,0.06324788073802418,0.053163863201399736,0.0772934285344222,0.15858820209054594,0.18057330092710894,0.28342027524718805,0.051332065256769616,0.1561017892693945
U_4761,0.35384383644803213,0.30358919858897637,0.28357066902078837,0.0473700666496488,0.053666483314704194,0.1489812745969434,0.08697681610819971,0.1002684582532448,0.05610957930156914,0.06717244025035929,0.06804780059506087,0.8500684025515772,0.16564427263294929,0.21252973826176438,0.3200539418401687,0.04475786820030561,0.14916971109681093
U_4762,0.0818497517471304,0.8742849125337488,0.1761301621743115,0.06331551904924879,0.07748041178427569,0.5594725470398871,0.10793405563736441,0.12709337980726915,0.5838608255554738,0.0849923062164954,0.09357576961408982,0.08907886760515644,0.12060783699349814,0.14758634276485852,0.05240698632412438,0.02194219252705965,0.2927678560123554
U_4763,0.2546025310995741,0.24047002497183886,0.17924669454219005,0.0418307934113383,0.033631827207009246,0.8511934496749478,0.06758677969223745,0.11525552558575898,0.6041901651950212,0.06290412617770308,0.052122342027888645,0.08386915883838508,0.1228405106713266,0.1534659427597406,0.22065832480663816,0.050334305930642656,0.579448930537295
U_4764,0.04531037163461195,0.053442258618214694,0.11232502704050938,0.10362834587971202,0.16440242222622573,0.7441587691181586,0.1477273431212961,0.1452648691157818,0.10905300990213214,0.19748104307630177,0.18198010654234434,0.19982952542251994,0.13494042070171625,0.18016930642876708,0.060686870156993,0.388434696273178,0.1583459796060724
U_4765,0.29553448114129943,0.6249849882731935,0.26168986009111195,0.04380596275455666,0.053820875406738924,0.5470705135972078,0.0738013045717599,0.2856414261254806,0.21002654470367432,0.09341975602125922,0.05527385764189363,0.0715609828044178,0.12088040420067982,0.18134408554522838,0.2401239960757186,0.03974165212915294,0.12918320655390517
U_4766,0.5932622331401405,0.3852085065922471,0.43855859957359883,0.08584204469818409,0.07403318198649687,0.22579807358897908,0.10591003661323209,0.12277804749258603,0.08092830786190533,0.0949252775306543,0.12190852494608484,0.08877911118413329,0.27878031035976997,0.19913748174994955,0.45102927330239184,0.051032300894593596,0.1096138571190821
U_4767,0.3273596370152203,0.8566775278472256,0.27314779878178125,0.05215025239154353,0.06284146556922965,0.23772988947781215,0.094151550761759,0.12438048203106117,0.12345928296237621,0.08836633298306198,0.07431066154456756,0.06972082366582975,0.19215599417385013,0.18561694110455285,0.2016997930460159,0.040279886664433044,0.17830788906149878
U_4768,0.0675834121628142,0.13331118253735316,0.7940335681657977,0.14735173213409591,0.17517330165479927,0.19467726801515428,0.1458984681796885,0.14767510788120425,0.0890816502778816,0.09578423285424774,0.09544120261637037,0.07434403794084692,0.1356794080828457,0.17464325112796075,0.1045097012960323,0.507077923907961,0.21571681999227038
U_4769,0.04347175136341235,0.3485335088054145,0.08991658845200369,0.10648813684818126,0.16228981069874623,0.08656770377221903,0.11821344251401786,0.1625007712510318,0.6747408032717179,0.1662218825935,0.18642622052456895,0.21926095636485166,0.11133962956439274,0.15260575347104602,0.049777362645123384,0.3479637276289331,0.18812313766651884
U_4770,0.17040696318459692,0.1861519259206513,0.785857732976478,0.029523304087496025,0.34186503710947913,0.7732973064596034,0.06467716477991775,0.10305230248198997,0.21030139709754095,0.06329353085621572,0.0429919323556683,0.19852097187582018,0.12272609297737086,0.1265260269549517,0.12426858659257162,0.026821919136458233,0.6075964628277148
U_4771,0.3236699571302098,0.9567950180184368,0.26963019644591735,0.05279473644331926,0.04613045274089872,0.14140191925217444,0.06511369640086477,0.10368616073268767,0.05200702444759741,0.06465150945587009,0.07660790141161077,0.07237239415792629,0.1437416979976281,0.20298469261801463,0.289685461473343,0.04138978825088124,0.1411834447568356
U_4772,0.24177015310884264,0.208663151488264,0.8643623040074346,0.04064859988194666,0.053499738716701536,0.1420654349421781,0.08739845348872709,0.7240322152296454,0.31965390051866965,0.0792926650434324,0.07003103763877809,0.08340767612125355,0.14270761382841476,0.17781040247006552,0.19766454983886653,0.030304442519510165,0.11969858431497275
U_4773,0.28249659095472984,0.2994224265104481,0.3071544831677675,0.05408755719660842,0.06058021596115265,0.3117525103865452,0.08317241612760921,0.1200868372899565,0.053997324978533226,0.7060986919899028,0.08386022756048722,0.0851444731194965,0.22044000038296335,0.19763730153911302,0.3429295400854632,0.04008997630241788,0.15805188690589622
U_4774,0.33744445208978835,0.2711664862361572,0.2534126743135383,0.03555527813308128,0.46679995573940675,0.1744644999350847,0.07349765464959251,0.10931887607695832,0.04645052162362956,0.06254516344949214,0.0505334901358554,0.06722509583738923,0.1497609023482214,0.17588198317691622,0.2827622056851525,0.5756136215154544,0.09648721880950942
U_4775,0.29612563840630274,0.2632200396312419,0.27043860729585123,0.04070611409456543,0.03716308195108731,0.16957789363066916,0.06650985935696863,0.5425455800460364,0.05570388165824023,0.07569659664129652,0.05388364043194023,0.052404235126641614,0.16372469553452684,0.1859001884623297,0.6866603117870596,0.5420393697132708,0.13108918597424551
U_4776,0.0587184209458826,0.06041955088521169,0.45472670882818855,0.09653402920303966,0.15458505419972154,0.34951215853893564,0.13673386934074294,0.7158349395300048,0.07086029001706894,0.17140733986473541,0.1681489621199132,0.14388774754735875,0.08891999491972706,0.12660174755365766,0.043066587399328504,0.39665244808955674,0.1675924980624725
U_4777,0.25218611375433336,0.2187959340788367,0.5349552141149627,0.03106989734273715,0.03145082850855412,0.23943786361192884,0.06006823757575531,0.08761994351982261,0.5686266418123584,0.24227961370405177,0.04308672132734843,0.05083857646640003,0.11510655772106089,0.14372848165757451,0.2500235226327999,0.03233348890049751,0.6408575473148987
U_4778,0.3187632256053514,0.2692748348003718,0.33923286145990156,0.03541659614894074,0.031929923365324506,0.20602134905849556,0.5256879079837078,0.35487952436146825,0.06346498142824117,0.07419955806384661,0.05642509788222923,0.09366955639968949,0.1490684898450826,0.18194205105689645,0.2579056628529445,0.33468388482776995,0.08626576018322213
U_4779,0.3857809903886989,0.24809519839099586,0.5394377463591291,0.06034970417702358,0.11537863281965674,0.4392980025143981,0.2322303953160863,0.21071315876791197,0.10090878100503298,0.11815625614133224,0.08797541489828735,0.10514080800117624,0.23368648989836788,0.3090127672352976,0.2426726198373395,0.04541740774948153,0.2672418901688673
U_4780,0.07739664789096141,0.17022472394312144,0.24476377960002016,0.09254125604899932,0.14028152241710265,0.2036004800588832,0.14736291842527746,0.7585129396629795,0.1691613094445851,0.1778562725217839,0.18754060217591514,0.7736641175179919,0.15421408351228835,0.17556538932473784,0.06466025955856139,0.10498911017068858,0.16717680547002478
U_4781,0.27499014610477085,0.2444329746986272,0.2524587593402907,0.043273787229225445,0.03797197428880769,0.1445173493152254,0.04105332872011347,0.09432662795579844,0.40566285408532576,0.04609788550034112,0.04979306661633915,0.035913645833248485,0.123685431660332,0.7992864324925004,0.5929712065011528,0.030290849180187554,0.14730964555226106
U_4782,0.3220013432426264,0.23410156207715324,0.6743593213814558,0.04202242954067683,0.03407197344835558,0.11493984547654486,0.23607267308138505,0.10004697057337393,0.03825101311424827,0.06938748096071287,0.05468259830584488,0.5107974318404982,0.14614714841989174,0.609962005872555,0.4689681857126718,0.033881062997739124,0.11227102350064194
U_4783,0.10026711112452946,0.16273581187065517,0.23404219300899634,0.07656381623657028,0.09200893774206409,0.6749810748563132,0.18039285167616192,0.12934229751721626,0.19086764000401427,0.508918401596486,0.06573530913139643,0.5121322760721454,0.16039148010228757,0.1545484812404458,0.08588585316766331,0.025841627585076944,0.13728619983997384
U_4784,0.3687207165486429,0.30744693750155777,0.3130996084858348,0.04170106852507366,0.049910802849499475,0.162559164715501,0.07364305514784665,0.10324917061222334,0.7086893673507051,0.061464832301357505,0.05704614027852582,0.058840203931033126,0.14348862002810098,0.18038713306229778,0.3116212628279649,0.04717638412708617,0.14483703589460464
U_4785,0.565753714949131,0.5952723190835538,0.44626865765272294,0.03208098267448983,0.03862730753298099,0.2710567089824392,0.08743915255237299,0.14447612594870962,0.07103953113424269,0.09125226803256681,0.07891761638055374,0.07490365130356237,0.2122799208963392,0.27443201328168065,0.4428334903969561,0.11177167203943017,0.20682420751716304
U_4786,0.21373640054401186,0.22320541416320364,0.9184135546449916,0.04151973646169866,0.2647486905066623,0.19988725857767817,0.07607381607815147,0.32178046899094914,0.33751378620563127,0.08153804493626145,0.07820650755135916,0.403587165345518,0.15100325646334073,0.15852090419168471,0.11025478651694103,0.022445926950023357,0.1490590824787424
U_4787,0.06942817122355928,0.16966104093098605,0.6930628369237353,0.10567906477904308,0.5263204582707968,0.19296142230457322,0.158838037856044,0.7087247350724275,0.18378294567736278,0.08489626464420999,0.08253960901370684,0.822170263079943,0.14625971014690886,0.16532926106851928,0.07869542851677212,0.04122037462517989,0.15018119413038178
U_4788,0.2596608833735899,0.19282130144310952,0.2862369403522216,0.07504403832103626,0.0760181284796942,0.22215930529043104,0.1783047142928806,0.6337076330447973,0.07123204883536545,0.06069989801080559,0.05890505639487654,0.07382566923154764,0.16099160020982275,0.1893440462975717,0.16238482581462899,0.03220734356348836,0.8032859421160796
U_4789,0.09229760211257797,0.20138146606145577,0.2444721573031386,0.09534960727279276,0.12446508192451589,0.9257123570462267,0.15564204891427816,0.14538907818014324,0.21145588275427415,0.07942195495542799,0.08758526349336809,0.49625838768960356,0.1973034578698674,0.20763371769502648,0.09868685895790572,0.0351610608571351,0.15312542011400182
U_4790,0.22583867304156363,0.7987331698369455,0.2193291716226837,0.0434663154088289,0.04563888487026511,0.2567028109581743,0.07066781819210155,0.11240511390541523,0.5134804003424467,0.06030312033671171,0.061925515045232554,0.06705656822430453,0.14057171021174247,0.1506328239679265,0.1578936889638896,0.02815903605775662,0.5226111954202612
U_4791,0.36773153413758475,0.2943651252423324,0.9761014701840056,0.047811615216578535,0.04811582823143244,0.15924370163483084,0.06769738004715688,0.09247971960201778,0.05531700609951054,0.058655998890314365,0.06026605288282469,0.05888381026600493,0.1599999773555124,0.18075597914353977,0.29472008011156636,0.04334031977893606,0.14718281255027912
U_4792,0.32609426672106906,0.29664587948819066,0.33267672583135327,0.043303897016999056,0.04625847280243283,0.90214319973507,0.08620942235900571,0.12637907756876524,0.04268112488953577,0.07377414746888197,0.06242385042686492,0.06478982011605594,0.14420789451178145,0.19411671721584872,0.33712103026545076,0.04388433070272158,0.17937614860861545
U_4793,0.548685592108578,0.14913021158453849,0.5672983567609193,0.04881508370006671,0.05166260002811987,0.1681378018983908,0.14075765630656764,0.11170397548547141,0.14511402186517353,0.05658955492152434,0.04678557249266069,0.5058443505803927,0.14165687321030793,0.13094456648066266,0.0831063798362431,0.47978109566529703,0.1544750695735102
U_4794,0.5212129832421035,0.43014941662417744,0.5495295655351886,0.03667773694286327,0.08000726926715732,0.4080436472723334,0.08360182123183257,0.15158923123959134,0.052418671170480734,0.08466063763076855,0.055000661737793374,0.07802250669756595,0.22261416403224665,0.2732997192832803,0.48776592174651406,0.05527452804334623,0.21371777167031863
U_4795,0.06268295591560107,0.1095800525509493,0.09492903559079158,0.15709603559318014,0.1601507024095894,0.1007584342279804,0.11625965862460258,0.1744546301376647,0.663048838226485,0.09444378122146914,0.10262318621025376,0.06798762720001313,0.10286042449751213,0.1284754249518995,0.0925896474267775,0.3845534341820197,0.6176698093187774
U_4796,0.3535899051556913,0.2796745151421699,0.2509468068708137,0.03502528927366459,0.03907266858029652,0.2219246176256352,0.07211270552393975,0.10115543242792133,0.7303836294067323,0.053184116906700524,0.05454186089802046,0.06731655783082637,0.1417247422183723,0.18823759489486938,0.28071912632850604,0.05515599075988316,0.6245057880046143
U_4797,0.26037108637264134,0.2350149839398518,0.2470641424237494,0.03185003159221365,0.04552913922004512,0.11149366988123323,0.22418222861262832,0.10641858631080234,0.04233263608047395,0.05082222664774301,0.05415806187915739,0.05901485023252289,0.1218192303903873,0.7011537688623259,0.5816891895853555,0.04620463884790919,0.1742731233122472
U_4798,0.17617268196170272,0.24882623318873492,0.9005801862797245,0.04808674834415797,0.06099543774919744,0.24372446862734798,0.0910400370912897,0.12595354538635242,0.1423281374724812,0.05404852196807768,0.06156374376765657,0.06273162775560245,0.1482843661379548,0.14339620437495865,0.07845561322929914,0.033714891688372196,0.5666468231641457
U_4799,0.1581568816952977,0.47077924362899776,0.4048661201259581,0.14227880945627389,0.18112472509324345,0.2866201986666007,0.2544723328462089,0.256084572731728,0.37728213990550924,0.13622111320569483,0.11120272013560792,0.13171576450595648,0.30004272452217806,0.31177861393897743,0.14972937777724177,0.061369200673170254,0.22990506353413354
U_4800,0.30491880460810805,0.28395085304196377,0.26967519044662874,0.060185989612876606,0.06327632948502641,0.2978791413418097,0.07025150799024314,0.13726420060610278,0.8070165987568254,0.10247370635994492,0.07758991356927568,0.06963505504909243,0.17660006465350073,0.21806420334748267,0.17048919450354538,0.03399266008790174,0.2866548312131603
U_4801,0.11144533064011491,0.18289765251997336,0.17394904328447758,0.097410154370061,0.10628210196758607,0.18915013844856754,0.1736526152281203,0.15695747675794836,0.7305726705445117,0.07232579050703374,0.0820095087270806,0.7974495502313879,0.18080919872281517,0.18519146645799922,0.08016076403697857,0.03632256225018353,0.15370508604870217
U_4802,0.29596210592803746,0.7715237992856283,0.2517602064627181,0.035809488348686865,0.03438919649767569,0.09123604795632398,0.04488425998047079,0.08623999930972902,0.03313212077780655,0.04062702868774451,0.050552413144273736,0.03941389292258438,0.13735966290010584,0.748405791888068,0.5039793107241695,0.03465248833874429,0.1419273317376508
U_4803,0.14909627731295172,0.2746482992980119,0.8969659961539889,0.06920319604936659,0.0857997700349993,0.22158628783892245,0.39321899417974077,0.14391027911296939,0.17216016026346834,0.09111099326200947,0.09594689910968951,0.08379621208353821,0.15992506191825764,0.17513883663710156,0.07976740374823911,0.05905444279665935,0.17263996669998258
U_4804,0.05617515664752734,0.1072847052857964,0.11896363742995,0.11828576989364387,0.14327975721942343,0.10640856103830926,0.312094374463847,0.15750787495761776,0.5534759984953621,0.07605795844786213,0.0768082085364339,0.4949326349075572,0.1049126798542025,0.14769269721560424,0.12549579533412808,0.3245234291771809,0.16715068915250014
U_4805,0.0649316804273124,0.07047963538991706,0.10325713249229392,0.12232985745609819,0.16316812562751576,0.5172934982657085,0.45002193483854386,0.15570804292427848,0.08448042502551312,0.08019245770698344,0.08160110008382132,0.07686948940166072,0.0907975210881649,0.1281983711861431,0.09864993154648205,0.5353039075634409,0.16608884570170535
U_4806,0.507250396360301,0.4730473834783983,0.578264207565858,0.04034586828436173,0.049231587157678974,0.3943488073140779,0.10028928282993625,0.154113005791363,0.05092469059263928,0.08654166615660455,0.049056508873046745,0.07231500338016811,0.2024213573430176,0.27651852861789217,0.4659614124861352,0.05408832169280729,0.23680667147706713
U_4807,0.06134602783041736,0.14183217881966714,0.24625611770223846,0.06317479974890651,0.0835573799427673,0.6592272595706612,0.1542291639900062,0.12684849608791654,0.5298090499296029,0.067995012754027,0.06584060262409973,0.06621766701759535,0.1438489973469085,0.14059805454376437,0.0549536085255651,0.4939317491868696,0.1299403418846156
U_4808,0.5498287944299356,0.4667734036841764,0.5363394394138232,0.0339382374629161,0.04573380467961042,0.42476405404911977,0.08577833680823672,0.15150014782220936,0.05560667710226734,0.08953135474303887,0.052044123339729284,0.08036852472483265,0.22452040452472957,0.28475896391522526,0.49021007879712136,0.05607118071325469,0.21958535215116975
U_4809,0.2533769767964037,0.19727639396465657,0.7983443209715768,0.03752640424062168,0.031500338504035975,0.18128151726081038,0.03774074661505819,0.09073983633547233,0.02406005202078755,0.05770554520363204,0.0462378266354164,0.034209561725006124,0.10064046099811633,0.13239970830270664,0.8692002711076541,0.18035731071533798,0.09108578617668706
U_4810,0.04177679614912944,0.21742256927061215,0.23061987514755902,0.15104357749900502,0.24665658191369705,0.15212814099575866,0.15983863892917444,0.2001021301981833,0.16621380882252415,0.22023831047228867,0.23334423439671137,0.3585199413392872,0.21746089552467185,0.21047060997598738,0.0892949081724636,0.48289110641936395,0.22683350986687212
U_4811,0.24697085496143642,0.24756967566648885,0.18969725866350207,0.05186981032057,0.05399321838499434,0.9085551653215529,0.103908557440265,0.1302444353289181,0.07866294114402642,0.06149242582523749,0.05659037448401791,0.06621659765775931,0.13860599583052632,0.1868697469275499,0.1269982561435857,0.03674631462233903,0.6770927666787714
U_4812,0.3761885267958378,0.3125193787303491,0.28550036102871307,0.044859525148306566,0.04934234295921425,0.16752259336793413,0.08901091755519028,0.09589314542457462,0.05858306218611867,0.07520146947037422,0.07348612600799662,0.8380844576074868,0.15797810992218786,0.21719189296249927,0.3225685918016501,0.04933021508838654,0.14034706025969715
U_4813,0.15897464818690046,0.18954938938712745,0.2629113489309007,0.08607456356733645,0.09765683183405417,0.890521401990835,0.11877584159545035,0.15467605789980016,0.13215508739396445,0.06378081815611492,0.07481813408804923,0.06972502871396905,0.16888929206261355,0.1768801184295602,0.09523238616949742,0.028035034295598543,0.6971688308660355
U_4814,0.028479917402263334,0.026138162108428342,0.3878496900314031,0.0804317263701267,0.5674880467118764,0.7533646930235183,0.10518344955407992,0.13140908145999006,0.24622266651170702,0.12420497363426311,0.14114857711485274,0.47613043412296013,0.10130665338947539,0.12444372685495808,0.03915801538615703,0.31514875565502776,0.15170737922102726
U_4815,0.2192094024627205,0.44622808550809506,0.4485732939467095,0.022951376499220053,0.033521332247373546,0.3837447456667601,0.17373937106921417,0.07600310889755148,0.13927033421448248,0.05485329299379963,0.04217871340594517,0.06358897159114331,0.11655715474760438,0.13905128165104697,0.22695953356177045,0.11630349484435953,0.7079004150497357
U_4816,0.23735059754216567,0.204435524542219,0.23441163824148575,0.03953703762279608,0.1738631199582378,0.14073744345369435,0.386762706051124,0.08373068649509599,0.03043498777541672,0.058310012184149045,0.039455748461841966,0.06250652971065232,0.11368099458442846,0.80866731520929,0.4706442193794057,0.22576561452602203,0.0875262517212448
U_4817,0.2999261394250096,0.6202322022542257,0.2717901557291917,0.03488863072813145,0.04707263648128683,0.23235259940599812,0.05579619089268154,0.10474966079973144,0.04326472329015567,0.07211641829246468,0.052614665954812574,0.039427851897099235,0.12554726711880632,0.7528445934551133,0.34489991115891605,0.4597504090105696,0.12800855742377099
U_4818,0.18464263968290434,0.2418982564712538,0.22832759740484196,0.05695158445576947,0.07577048927361646,0.7668371374548126,0.09020197706524077,0.11660389840310255,0.36081085465434887,0.5380190329692409,0.06914160468252577,0.07617849303386652,0.13282115150697968,0.14768617882621732,0.11721059117365693,0.03808716090646061,0.14427941028025884
U_4819,0.28832921174522397,0.8430658292745781,0.25142815948386354,0.03907710914680416,0.040102414178999284,0.15987692982587756,0.05864042658057772,0.09488271482761912,0.053952551572701256,0.07774493155722098,0.061470183741216544,0.6071467521803151,0.16015554525678583,0.15986576705022856,0.3024181372839826,0.04077259785092482,0.12192302965086121
U_4820,0.35158659645426144,0.30055086338543174,0.876439182332597,0.051360385497117335,0.05389481383914579,0.20914152696659663,0.09610971281137012,0.09799297479116126,0.05023793211466723,0.05680713068467414,0.054097018273258045,0.0701676798661574,0.1633985800913245,0.17718600365540227,0.30111180859515346,0.04157489504040521,0.15244820658688496
U_4821,0.2361221835455262,0.7947959832361429,0.23201927105573317,0.03979716075908648,0.26528968718487056,0.2380260559887724,0.08368562143371863,0.2704172724544488,0.0628499107350655,0.07220928653764777,0.0627079196004349,0.75222960960232,0.1371399360784531,0.16819655772219877,0.1331940054394999,0.017718157115656327,0.12627494514001764
U_4822,0.031308931615757075,0.07144728837569388,0.09796644647566678,0.11396737620541264,0.2738723206898165,0.17593983709345182,0.6491356799284265,0.14396339879993061,0.13723191002750207,0.30438816378914413,0.29421829051187814,0.2584747703086316,0.15613634023903453,0.2041180564606983,0.07598796888349478,0.4165445856811196,0.19361737732794382
U_4823,0.12462674968094511,0.18836716291562147,0.17581449867331117,0.09079937930067074,0.10247891815277638,0.9433238492624305,0.13698020370830363,0.14398079667427305,0.1611620282282021,0.0914548924532011,0.08818306697909602,0.08293501941171201,0.17262599793135147,0.17433014772313743,0.09243487487338203,0.0470594922617239,0.16404383357183852
U_4824,0.4070810001774156,0.4670953813225548,0.5111244257899668,0.030862820099489305,0.0629014927991672,0.3493067897682174,0.12817723374364817,0.16721763953896848,0.3628734908560494,0.11142529542187696,0.07120765440502627,0.09924457546062464,0.22564591650015167,0.3183091780562555,0.25938578908584425,0.04115899539788971,0.26444160445364523
U_4825,0.28903110717790614,0.2443480028008348,0.25007241084017545,0.061346194492800224,0.031714599263971514,0.5009532340015046,0.03915388094800328,0.0841001125902078,0.028875662203864994,0.04637399663015726,0.04351463314453003,0.0308120940796473,0.12348499643502794,0.7983941218322179,0.5439883310938098,0.04087906961887897,0.2002516497772623
U_4826,0.08836845151573172,0.1533739301558123,0.25372484129041284,0.10175678856125558,0.13211724469519753,0.2163454141694446,0.20641326869715057,0.20355502214045149,0.36611333273107216,0.09178506911578344,0.09326629862136296,0.7222029710479398,0.20907815590965323,0.20881688506268403,0.10588975886673072,0.05276182242054654,0.15718890539079797
U_4827,0.3437258339081172,0.28128322121741356,0.2686531686909583,0.037146333910712176,0.05769315199023448,0.1466925424604094,0.06566723795609967,0.11164450525444924,0.04983485595632048,0.5061178088373048,0.054149395009395786,0.06069645402268286,0.13119614830293316,0.18806316258791464,0.6215136176138112,0.4126010058610587,0.1315709853958253
U_4828,0.46773578640086577,0.21155733193697748,0.4893988275363483,0.053501651885214746,0.061636505575084335,0.21266601738805668,0.11547215452046802,0.10797020675647662,0.7647110100901968,0.08942698919777266,0.06839530206633737,0.6868474420529376,0.14084167767484393,0.15193027885542448,0.09897806114686139,0.024064869148128987,0.12746343416992234
U_4829,0.3777309581324217,0.316760333580303,0.2929470119161701,0.04313771512368834,0.04969749165511284,0.16550936471738603,0.08715903400650352,0.09267679151906147,0.06074732097059241,0.07456152752209423,0.0770418472254494,0.8498750690435657,0.15730388847562674,0.2190800007954358,0.31675047101494036,0.05176403504552071,0.14030641897027132
U_4830,0.3801045617604575,0.32687132925028994,0.3649575057972553,0.046665511171807,0.05238079155753629,0.2784305980583976,0.06861590721799771,0.10108931865311219,0.04392433731950842,0.06705368919672883,0.06157031404454272,0.07071098499274396,0.17029391206439104,0.19653867559692295,0.3417878759730076,0.6250651196715158,0.18015225004988789
U_4831,0.06936309381392257,0.1685967498163265,0.21126177325867926,0.10873571378500634,0.11104197712400851,0.30617058393512786,0.14535128532924207,0.1716012231565606,0.14265249287117449,0.6835961440225287,0.13109674322993356,0.07748908177434467,0.15590204322582898,0.19380117331622018,0.08498717402729296,0.0379090461127628,0.6894589264069202
U_4832,0.2517225907364904,0.22909560818625596,0.6300270346914891,0.03239706505273366,0.03462214567568039,0.19841333699991884,0.05317235384201183,0.0908822795107455,0.30615318983199863,0.03951439947423152,0.03806447182558846,0.058284541165811554,0.09576435465257513,0.6340796077576119,0.7085799179336938,0.019234638748174247,0.16695977323209402
U_4833,0.3597339142506246,0.31743675626306717,0.3524904546149074,0.05158051402986498,0.0437490970418294,0.18720204099379908,0.7066756571062287,0.10361846680412837,0.05002295253928678,0.05920008978359002,0.063472259480411,0.09458001087681722,0.1842975270460096,0.1982312303044995,0.30588376424275404,0.06417408322530546,0.17985393689769041
U_4834,0.21134977112487704,0.5295870922241934,0.7656417269407647,0.0298088108673234,0.08748986336236413,0.23688650399308545,0.2691519931979816,0.0854838930934014,0.3132384237654089,0.069869252856405,0.044641698322682596,0.18979513377747292,0.13051742136423566,0.11819155243704868,0.20299023598096907,0.01631919307412077,0.6213258416003626
U_4835,0.21018964929567532,0.8127249998463997,0.5477517692756604,0.04481030687502868,0.0463508462996271,0.8018149838995199,0.07258870167751212,0.10179355244384956,0.08786920804750148,0.062140648920548006,0.06942299351758163,0.058247816038525205,0.11252083568325813,0.14000756352613866,0.0967860455517994,0.026703935835711103,0.13570676569900325
U_4836,0.3571307684337113,0.30502272881663045,0.30078356163489656,0.05398425856562766,0.053471251055446395,0.8356771291513383,0.08823116423870325,0.09852265022228016,0.05885173744220219,0.06808655278646142,0.08624943718006016,0.05336758386026885,0.1876101699567289,0.202563691061,0.3254279404945771,0.05072209297548767,0.12357818419968455
U_4837,0.26169417905386577,0.23224181215613318,0.7006207273080611,0.052169356151961506,0.04176077516049371,0.1838090481026793,0.0643517719768163,0.09561753144961449,0.03414951247411436,0.06630188630647528,0.04830816293091635,0.04623403780070728,0.12756323275932285,0.5566008342828752,0.5930642255266949,0.4709992445765011,0.1247000964894911
U_4838,0.5808592582417089,0.15941726967156175,0.5950636483459959,0.05122757592499537,0.060349363893828945,0.2241473398504099,0.14196189954101798,0.11838263508793788,0.05340652849475861,0.050782528967401805,0.04144706044315818,0.4759843722856708,0.14819668505826722,0.14305027426099717,0.24185533678588267,0.052606313147589144,0.4219270723907221
U_4839,0.26209284607620403,0.5332396498274046,0.22020451677865238,0.04365797206148205,0.04094353437926518,0.17159706907140998,0.04733711940499761,0.4601905394217757,0.025492928182130895,0.04575844897653923,0.03843606342888598,0.03571834127504377,0.11301906015507562,0.9061018872366706,0.5442829800953901,0.029718170292347044,0.1517142621473623
U_4840,0.20984862529417914,0.43926920044954915,0.6158897023996499,0.03182343082652287,0.19535525163896245,0.13159482391158348,0.13750024023334617,0.09182816191318273,0.01885368413556576,0.04829912187164356,0.04132983072660412,0.04133634103468276,0.11827080632314764,0.37398466541945763,0.6204965774713442,0.13694895423137485,0.09113931868888658
U_4841,0.3469254021162697,0.3021540635052469,0.2943826429422908,0.0605083353842234,0.052986350345090125,0.8496286173144008,0.07732949234613917,0.09979428809761716,0.06167777788460954,0.05418184792053517,0.08175272053473742,0.07142649044248338,0.2371126709118992,0.1826241405366702,0.334180821365884,0.04332098133102646,0.133380399181231
U_4842,0.038879725456853656,0.02644441985305008,0.5273489318040412,0.05911838580550289,0.4143396165583475,0.12073440730453615,0.5541609627594564,0.14594823617019545,0.38714886283228117,0.14865804914002514,0.13225216538370627,0.19769459306866816,0.11030475324242542,0.12978483671271243,0.05422095648700956,0.35202714413077174,0.17145864472691402
U_4843,0.3356455603161495,0.33240859598426387,0.35256376788951016,0.045349761377790745,0.04488383429831819,0.2416358125676526,0.0693974169905251,0.6230399916673588,0.04999548063744989,0.06779639649835137,0.06546817910601542,0.09116659349559234,0.12082327772775311,0.19796726174895818,0.27492515137885526,0.03839368734978948,0.6464215634344705
U_4844,0.3106854141650058,0.18704952226692295,0.28300233667994507,0.07346164742904668,0.08212751790460276,0.24115423318533935,0.15961967939970287,0.12772906371788567,0.7511285959450078,0.05036072977352465,0.05451558984747055,0.05749239617185657,0.14350405681244044,0.18157256744161626,0.20972651614341667,0.03496864719519842,0.6329459698207918
U_4845,0.24950616603207082,0.20858802103777965,0.30292480722275344,0.09191831173458921,0.09475091118391588,0.2702341165998563,0.15575875118947952,0.15095123860452456,0.14259244792864084,0.14357807248438167,0.13604581635704346,0.8133954431956094,0.20082916405073153,0.20749163245488877,0.1366068135999076,0.033707810492933886,0.18514032928528543
U_4846,0.25521482744912233,0.909773133131411,0.19811143441758883,0.03486595980020255,0.04105139245020648,0.23146652417836158,0.08712921006194607,0.11242740182463129,0.04200139840801317,0.06403705377493374,0.04323516649992656,0.05405316086321692,0.12018755520129804,0.14752511442117688,0.12200447239662843,0.22039411088695618,0.44226570562101336
U_4847,0.09977445624128514,0.1312983213585801,0.16130983157950501,0.14597709294962816,0.18119688720167884,0.14915943140875654,0.12243362889502107,0.18888283351024945,0.06329090115206282,0.10710714764007112,0.07596073213826138,0.0818894294013046,0.11604330407330936,0.20184152127018268,0.20344162750476896,0.7034478254525929,0.3458393194329584
U_4848,0.2601442695302919,0.6836239770214525,0.27001639373044967,0.03898131666176966,0.0584219798287306,0.15048490310585733,0.08610138578609026,0.34633073422731725,0.24785278097621014,0.08855504729995711,0.08476843677545162,0.09466886116654144,0.12259918487719276,0.1838358662979509,0.24577647476501477,0.03672293742998162,0.11550877906430732
U_4849,0.3785009673235858,0.08146249529034534,0.8127683875370559,0.08842765142832269,0.11748722404956233,0.11071002684642943,0.14685404935512986,0.10828072173397726,0.10804458906851519,0.12681588589129214,0.1123710342069222,0.49502918278196006,0.07206638974076095,0.08890950292436935,0.03586137555251431,0.1639025073582486,0.11574489432070408
U_4850,0.237843555729848,0.3313096612818672,0.46960057580334685,0.13150619304071887,0.18675117198904922,0.3957489493501271,0.22603038497629782,0.22940161046420754,0.3369147093546152,0.10960760343846458,0.09794672664436826,0.11996978259772288,0.2723959382940998,0.29061881130081185,0.18865192021149801,0.04603063069974482,0.25496712545832906
U_4851,0.3155298785045,0.2592833496834412,0.5985550567451321,0.03868117782906028,0.04148493117853091,0.16767033206495813,0.0676255226065205,0.09849075283273728,0.7598070082195838,0.059377506146405766,0.0558033815476679,0.08418853565177764,0.1591594124515129,0.17160680401681755,0.27699146825342974,0.03938799536717652,0.14135015169100765
U_4852,0.27993562427985397,0.2882161980414806,0.21477768261303729,0.05448631228768755,0.06567878982258381,0.2984526037007822,0.5528563858667939,0.6813620553670465,0.05793310761696981,0.059453564327560236,0.062216914589598674,0.10000860841917641,0.12739834328165062,0.17042056477599402,0.254422592140523,0.04420713770345039,0.20840338029596686
U_4853,0.18013688194461136,0.22561462288548265,0.19067000613648938,0.06819695396501217,0.06857711025712968,0.9680495247170176,0.28102891235044747,0.43514009670482173,0.11798989795870869,0.09130329398304216,0.09485710774114471,0.0831672223446542,0.15490526801622942,0.1739752207220339,0.07986381470040961,0.035421518863747115,0.1555103833394998
U_4854,0.2586138153738638,0.2046746790499468,0.20453489937285269,0.0341419140330628,0.025396251520928028,0.550364251253203,0.04904203169302363,0.36258833716080047,0.027170217666901728,0.04756479062973443,0.04111810876144634,0.0406187292448802,0.10890391100164895,0.8067422059455323,0.7143238654119708,0.029206768168832022,0.1263408825504448
U_4855,0.24670955654383248,0.24782433134585843,0.24290144772947225,0.04570506836529846,0.0474293355208492,0.9272472387010107,0.07379200227002544,0.41713767005715535,0.03164763020848056,0.06097244269316823,0.04910067866755228,0.07046104635914359,0.10017263017724376,0.15098600877016533,0.22885767559963138,0.026495346524738998,0.34651421689524176
U_4856,0.02111679460259732,0.13226845598490614,0.10850604775592033,0.06399540537950972,0.07564011845404292,0.10618172396588249,0.1619732763427358,0.11165577482073014,0.8778035857026665,0.1885216292477369,0.06614173853600772,0.5462201483132656,0.14798997408024184,0.13508625205483776,0.046946498474700095,0.2898152104765719,0.1235009371818338
U_4857,0.26446610214292654,0.08406837179541671,0.40843903190046166,0.06349024855529369,0.10169587981686083,0.18943925658921074,0.12595932391511805,0.10354883583889014,0.5582651314206393,0.10556401374995068,0.10418928185265722,0.7481892536358183,0.10791851384876801,0.09653742638428625,0.08546919728426924,0.04059158616836376,0.1219685434239646
U_4858,0.23286544069382206,0.21668882299005235,0.22842114117125972,0.05223673122918058,0.05403415947023412,0.20385328914687023,0.092013426303,0.12567511328179395,0.14167024503049766,0.37580082027958805,0.054144125725286034,0.7844848263886943,0.11153893318375896,0.14212065881022845,0.09914395943451826,0.032584302438584435,0.6609391079782525
U_4859,0.3223554019869477,0.3170444477631062,0.28748016119958386,0.04413867577900519,0.05432282768130478,0.17099039572232072,0.07841224555141843,0.12705545788739964,0.7510471924546573,0.08406042750326105,0.06307509453714197,0.06673118181945387,0.16562567825556668,0.19350753830143916,0.27860837348574435,0.07132723264380207,0.17491070467416636
U_4860,0.09715826587418198,0.47302624691202716,0.17522286717430105,0.04050245386728596,0.05218325991840557,0.7447619450503322,0.24415980777637017,0.09630103157858506,0.25150819912134975,0.0919273872571025,0.053206861388175646,0.13226915446807075,0.12088088066723317,0.12347158264186059,0.07593339925496313,0.08293278982128069,0.1119655012713032
U_4861,0.09496003093846996,0.17818513444528994,0.19071583761565314,0.0952170014257876,0.11609506878460663,0.18672101588653572,0.18767925507779265,0.1667137769409473,0.2214850010635902,0.8125156942514369,0.08500607612871719,0.4485245184441465,0.17261371815716353,0.16744496725301736,0.07525395285491489,0.035776812346999906,0.1448575909422888
U_4862,0.0826439388516011,0.15472474721815613,0.7957406557419557,0.09809082054568621,0.14021868700383244,0.21552517870386853,0.1906548252698315,0.17921919571481865,0.19291821841405632,0.09360432390274684,0.09460871622175855,0.6332902188289242,0.20906591180624612,0.21158037465844554,0.10429062042514396,0.039995524194716525,0.15589164890764154
U_4863,0.25711589827930786,0.545937549521655,0.213248519517691,0.04135414196153016,0.12800875631070308,0.10351599115180339,0.3144917036985697,0.09306033282175079,0.03573932752679112,0.0656150724838299,0.05260768490422192,0.03500208925129606,0.10417975691432331,0.5119891558669081,0.8735142978706607,0.013756210634685054,0.09560067308516011
U_4864,0.4182939506649121,0.3080566985935425,0.2976975210656885,0.06852049944708592,0.06638323398101112,0.7455116226706506,0.07208117566342039,0.10160599063360243,0.05794026915660365,0.07610233608014844,0.06593948950982306,0.0690848256494617,0.18057022628434793,0.18899847527744282,0.3001153533579058,0.03498861119129764,0.14733147816405728
U_4865,0.3133475875400068,0.4331805225830616,0.29598278390386673,0.04240887918919225,0.3251308879566319,0.4760624279247131,0.054639313189574046,0.0920931340676397,0.4195478704553568,0.18364662501514564,0.05211343076377638,0.04451516541817879,0.12939075320494992,0.9082647455356196,0.4579733355786962,0.03153697497190291,0.12299906815462315
U_4866,0.45750880449232134,0.8729005534116561,0.24903450887643785,0.049440497139626505,0.057934447197271643,0.21400205448325954,0.08303390067253932,0.0921809522443916,0.04551039246667919,0.06227628141052176,0.057089873870825696,0.07371072621659124,0.16003869559229555,0.1828520580623217,0.3020169636062711,0.047464534881617775,0.1501954576220099
U_4867,0.2622599141046614,0.2498954757783901,0.7731165753148199,0.036814668596510274,0.3883447674048848,0.19756208755185659,0.29517567281995494,0.3086845291727148,0.09088905670943578,0.07407244919282854,0.0753676504977889,0.06410618454610961,0.14310204975752916,0.16140626949444642,0.19357827552645762,0.022322466733239482,0.12678809370005395
U_4868,0.5429554318751046,0.44279967475225673,0.5376611296340821,0.04377362329475428,0.05682485660587081,0.46060908697968656,0.09188876240457376,0.15134529592518597,0.0482340398507143,0.08242702243107665,0.056469085918426226,0.06654756063595513,0.20034855535644483,0.2527669745977512,0.5177060274603564,0.04352360686405414,0.2533459348313917
U_4869,0.08172042116474326,0.3032079128933124,0.22142376879642983,0.13505540505068378,0.22839334249579646,0.20550015744933894,0.13820509320031948,0.17962117550893958,0.1751912124431704,0.32070047689262937,0.3165961457749247,0.381853166097001,0.2336618843097498,0.2905376250895793,0.10543368315066877,0.31098354143013135,0.2644550564936371
U_4870,0.24631490576897544,0.2244399511552302,0.27286808220813613,0.03569715433792181,0.040893470464055476,0.19925907906710627,0.3062405810618963,0.11168901779718034,0.032240407824643214,0.04345810358642736,0.048369046722351636,0.03907679389048629,0.1287595663304038,0.7754563284479421,0.6129950490366469,0.039952809917626064,0.15027307849030125
U_4871,0.11784909553776711,0.12412722142031463,0.4385806568628225,0.030342804328727248,0.16226190192463927,0.10040629102043698,0.31956568313977557,0.10264336593364773,0.7687575419342421,0.20198631061327643,0.0448939707189123,0.4699888873357079,0.1432354828579958,0.1309240523051778,0.053340683903471776,0.16202159720833567,0.09983840638816183
U_4872,0.5130745621378743,0.4297937391592628,0.455128268074788,0.03486145875279607,0.044704772279358825,0.5763079127412698,0.08488693575039172,0.16260080041348351,0.05390331508219004,0.08604598739102219,0.051538403317833784,0.06663114931908147,0.18369431240906758,0.2602961218907571,0.46192193591655073,0.07084356583561825,0.22559762032469588
U_4873,0.20977566339167275,0.27568284488356404,0.3014032215902123,0.04935639006868013,0.056401251774985735,0.25739896089596453,0.08840524267034511,0.1248204180279264,0.11946436769090729,0.053124562195573946,0.05978804289698432,0.07226699227452617,0.15474660025335962,0.1758755441388428,0.12016516115560297,0.5069433979028395,0.7823318998109181
U_4874,0.24882922688892167,0.626415091442365,0.16995657005579662,0.047735028648029094,0.04551346299204508,0.7513115956021761,0.06243811945732641,0.11303321505162095,0.054893642176236844,0.07020404463019922,0.053593583362547284,0.05465688865741666,0.13185177606079534,0.15688733020573775,0.2230287828742623,0.031062145636353837,0.7107324893731659
U_4875,0.2747307445669972,0.9057894228024783,0.2712780322334538,0.03262689751921232,0.03491667909138804,0.14457497666881236,0.07569390717194414,0.09728007760648849,0.33971193362343716,0.08395925753713895,0.04994165659834533,0.0697085086784493,0.1432528632158275,0.16760216944204318,0.22900294663486456,0.32482659140115566,0.1198047590893424
U_4876,0.05640002112089335,0.06576827336268443,0.12478686426344948,0.10225720528474966,0.38438078892063987,0.0701292898554939,0.5045117562619212,0.14544417319222594,0.24723372360938706,0.0750137818902297,0.08729136754192018,0.1449475131812347,0.08190123743477726,0.12544369823227938,0.06419218472024472,0.9473361684865249,0.1362114947893763
U_4877,0.0453694979318125,0.08027618456542483,0.12899921120980332,0.13681289073443753,0.22145409090526327,0.12508464442574774,0.1663129793260014,0.17922368414060796,0.12074766938277837,0.2040902395250139,0.20028872104363143,0.18241423621991604,0.12910379447776366,0.1755246630096677,0.06998573648125703,0.6689903943106865,0.25260776493597
U_4878,0.05986755848348988,0.08264817328859414,0.08891645666975473,0.09640484517778451,0.13491569957380237,0.467887052641383,0.09139810311770505,0.13224921736778072,0.03831919898297824,0.06431800566403711,0.059187054391524094,0.41643702621914747,0.08539758551723811,0.10255543714600442,0.11105196243548503,0.4798746128289734,0.7413809392443669
U_4879,0.3689103280743787,0.29875062067203706,0.7363851343871064,0.05919867889932745,0.04744665566508465,0.15493360778423898,0.06471518105619833,0.11963504820739441,0.06105988167581722,0.07549543636790962,0.07402982579167659,0.06233767572645052,0.1394259250080792,0.2921713792053691,0.30821676877571264,0.05259377326112939,0.1443884094539663
U_4880,0.029491182854934996,0.04646213321417611,0.0893224031208919,0.08119292458726354,0.13746187652618413,0.15976667450463894,0.6101397071559866,0.39384560036093375,0.4025579542244751,0.19996939169550546,0.18890217534320897,0.19810138189019488,0.12052058549287131,0.12887734505643808,0.05261686047974518,0.35261344630758334,0.1161514484246869
U_4881,0.06388330965487682,0.16965111650218237,0.20815692991353055,0.11175252733951092,0.14635207018326696,0.23857115176748034,0.19981865377224042,0.17015491140204142,0.2418539146677791,0.8292629717490194,0.10670635816263539,0.09202870674123233,0.2668711415253052,0.19407234919824654,0.10122083507367231,0.048709306690301477,0.16493580935715424
U_4882,0.35290207842377336,0.33690198542573097,0.3169996816345922,0.055281712623485024,0.060886731481835404,0.17829383024658538,0.7824775736998484,0.10660994484212523,0.06343092259089825,0.06624103848510592,0.06991873117228178,0.08034232060612084,0.1835060884189031,0.18688697612241162,0.2968138796933504,0.05256278347514785,0.1572997514952533
U_4883,0.16585786725471044,0.1717299077085288,0.41826075761084325,0.034347664828565896,0.026006371361464296,0.2800874099759512,0.13096294272003275,0.08691914217832326,0.05182729288263632,0.1110949379979787,0.03806907435771781,0.47489911696666015,0.0886982265198592,0.10222209759456749,0.09305696108155183,0.439486015768153,0.869822704486493
U_4884,0.26589865049355393,0.3891226159739858,0.3378432274355727,0.01740001490557221,0.34238189501660515,0.27958048457846263,0.07244591416997626,0.09482105238050687,0.1779572636294881,0.44768845343415026,0.07145834759913855,0.29262137111698966,0.15432293786741366,0.19654131628909305,0.19724454048110274,0.15803331933691628,0.1924921932570584
U_4885,0.2190540987218838,0.18081566724138323,0.5640314645977038,0.07663944832556806,0.07044120455262999,1.0,0.16673469156716075,0.1470141898536835,0.07294072620026386,0.06957113919542388,0.06605370081279584,0.06201830377684729,0.1597699503209344,0.16594477170475788,0.12128776063608851,0.04053954265198119,0.16572997171059672
U_4886,0.530489995294392,0.45081280172603605,0.5021631620677172,0.049324052011724684,0.07492698749853886,0.24284349363052182,0.05801827896016661,0.14877147364715668,0.055370489466025845,0.0958289583581058,0.06287697797037661,0.07327773072228971,0.22532685830047364,0.29080398995215845,0.544165749627219,0.05114378475363278,0.2184190151225428
U_4887,0.27213732516567246,0.2831282764805338,0.29464808667557585,0.03842967177224096,0.06677730914319097,0.18822647847549023,0.11463658358366471,0.1113395334057588,0.14429789562018577,0.0630452986338241,0.054395872901798335,0.08346857133528415,0.14248795071160525,0.2075361341654919,0.15975599995450918,0.559609538277094,0.6944545647876141
U_4888,0.04886481413595032,0.04351278532829692,0.11535179394668416,0.08079632747918168,0.17334773642815174,0.0882848319355524,0.12012946097200991,0.5488596637266878,0.35032614735487866,0.18996291700365317,0.19770416848202615,0.25325227476223267,0.1291065257239946,0.19189869121986627,0.08608014065047997,0.3303301013732835,0.20838424672070713
U_4889,0.32835401160438055,0.3332568140082283,0.3262434466542636,0.036752189248763084,0.04933746200912376,0.250851501319558,0.7880320719412932,0.14018125746781168,0.047985593852516835,0.08489141261314416,0.06699885220010363,0.06437133763850693,0.14737709712717262,0.19807619911078486,0.35025421079065233,0.06492521210282914,0.1945752536107136
U_4890,0.23894540701848477,0.21800606321768384,0.3194050443701894,0.0850500828761323,0.08854592081511516,0.28827747289050115,0.12826123794676586,0.7996375163287859,0.048965080011504736,0.06616760421642766,0.08792144433216789,0.0480748236589835,0.1402244614359967,0.17135698558716406,0.16321825939236245,0.029523929143658506,0.6446906943697681
U_4891,0.03832060937638686,0.11996613872449496,0.20915258430690634,0.0434662232733042,0.18991691131886018,0.7453514302832387,0.12267556108386204,0.23281649000515653,0.5800208278285619,0.3225443621402231,0.044332501362914827,0.40986893828008697,0.138164697368566,0.1253029665823924,0.028496155366890673,0.1073942427002944,0.10090958449342989
U_4892,0.05611270026826338,0.03512884341199466,0.1474124069583036,0.0925660443441713,0.14020675006860953,0.06397351104944586,0.11390089365754921,0.5621280175486727,0.3768939463511552,0.13614586769837103,0.13438631077196653,0.8626569792813055,0.07448573143542092,0.10866272198497468,0.05144002246584778,0.29670618420381967,0.1512519123323269
U_4893,0.35810562347789887,0.2594114662992311,0.3049518812690949,0.045541065096475715,0.03460318763568792,0.6245590651182453,0.36976249821081314,0.1215552321313943,0.037323735294321626,0.2793384302718838,0.05517429718024815,0.07175235172558297,0.15200886464763314,0.16149434135243,0.2506429836835053,0.2315144299236981,0.12656218766012267
U_4894,0.22271606369138064,0.17921108248779244,0.3041467841413544,0.06732085535204671,0.08362994948648543,0.5959091350551662,0.15705407004752878,0.12427895158200009,0.7228005256010459,0.06201637253819131,0.05513927448541061,0.10563392262235785,0.12500958451249805,0.1780556712096831,0.12063956324913086,0.031388694061885714,0.41225495809733903
U_4895,0.19001710761063817,0.19540726981663054,0.20006592607815366,0.03188335319031137,0.03464741549343422,0.8701855941702277,0.07945244746354273,0.09995413260409496,0.12605718399177052,0.05996062570823922,0.04247170135243685,0.060912245183960934,0.12039154134771207,0.12516096015292513,0.11419023357700543,0.0440529597262884,0.7017926620111008
U_4896,0.08578338096790235,0.10445615563724103,0.1719477444821331,0.11719582201432482,0.1272144751561824,0.19972067294662432,0.18775166226814166,0.13860305263331177,0.8218883015115708,0.09756042609878587,0.08581699193112496,0.08820930724932163,0.150155480957374,0.16373182413304793,0.09902598973247961,0.05110494935698642,0.15430931058714487
U_4897,0.2167045598080584,0.21691473646822534,0.18505037503580474,0.032314481620074664,0.3184347804683375,0.8510375186423862,0.06208464820147158,0.0974986052123391,0.045476330072676936,0.053018830951318624,0.04252029329855155,0.08582356506772108,0.10899659299994992,0.16327597127737858,0.2395011448748548,0.2920228625934915,0.4221190170113174
U_4898,0.031387932354505814,0.06989937515365624,0.40519588212219027,0.10816482605935424,0.15046528694751726,0.13020948345134278,0.08904078776337097,0.11758118393964268,0.6260689347067194,0.13607369542996225,0.13368000434778973,0.586682363395135,0.11378228648686693,0.13927025917834643,0.05926081172639248,0.4541634228084029,0.15255817374467892
U_4899,0.14905794213236734,0.16710718856526602,0.24501610061343446,0.08037804556988952,0.08846735398078133,0.8619069248049616,0.1316372180054702,0.12398175297452418,0.48660430727791093,0.07183666528071664,0.07098422449890049,0.0551825633482015,0.14754567573768113,0.13858122318400892,0.09988889116049957,0.038421893625236306,0.4788970912280944
U_4900,0.16805827685270885,0.231216666708236,0.23008401855745217,0.07211202377091357,0.0678986587723237,0.27005905655152723,0.14997932821239118,0.5879945794478407,0.13313306002138778,0.08566091958711246,0.07720520674391715,0.7570891069201549,0.1582308332670271,0.2037865207405946,0.23698839663127086,0.03476901610415406,0.14284565882932465
U_4901,0.21812311554167457,0.5430953520052362,0.24014316273753541,0.04436830959829127,0.05522177298868931,0.21461279541245895,0.20332262071912616,0.10708138393927472,0.4624382903077569,0.0521388658534558,0.04455368346189653,0.3103406681126875,0.1194096169639232,0.13317635041477627,0.22898737913299294,0.03401200685292227,0.6556676957174579
U_4902,0.23905780329052323,0.5905372819153412,0.2625825371886795,0.025273075825825612,0.27493166787867374,0.7293915770606516,0.04804818495332276,0.09235051217546632,0.2657523896464855,0.060079914248485466,0.04375702594610816,0.36988077744380027,0.13336942015338746,0.14942589801720144,0.2533139016888855,0.04061175844139188,0.10164649176785055
U_4903,0.19920291970668297,0.16169955149021004,0.2376895980000231,0.06782420452386771,0.09484565659779616,0.20008612027903283,0.17553748694929525,0.1344189010808556,0.595867791642863,0.5094594502001306,0.054580783650652116,0.13254095938390958,0.12542973086327264,0.1713564466483725,0.09312133325506121,0.05442160040188809,0.5494043366188859
U_4904,0.18064117650261058,0.2095349587054109,0.20235655727239607,0.03222230657380738,0.3821806631429657,0.7560588883789292,0.3687911356666033,0.1026698872184764,0.35696270340649233,0.05498299754009428,0.04695696293231851,0.08153044939308676,0.11531864440316328,0.1545103535177059,0.10361332805106178,0.037707995519666325,0.5261711500966673
U_4905,0.3724240682417668,0.3582221159528694,0.32078360141768886,0.041339139166210424,0.04381385373774985,0.19736071754279783,0.07843259648785891,0.10661550036164022,0.061991878069805356,0.07276469944442746,0.06984947533484216,0.07907268570457003,0.17225424093009495,0.19822242440490945,0.3327050803363815,0.6704119881597324,0.16781176922782606
U_4906,0.05991090971427856,0.08321427368090864,0.1458997307110131,0.1249287054914851,0.20738572558251683,0.25640223049872185,0.13650602471718642,0.1830406183845491,0.1341998911304494,0.20769757288984286,0.21680091612454178,0.2650432642638622,0.1864377773805393,0.24051397130225743,0.09081827869176766,0.41838507430960914,0.25944465791217497
U_4907,0.030485077795828548,0.09293003820071653,0.10569468824328845,0.08783725677887563,0.18268200713190072,0.14278077549444862,0.12200550814311899,0.13269668101517224,0.06433219421158493,0.20784322028453267,0.22127669889325738,0.21589561503371593,0.13243736826984218,0.13599806462445474,0.07945592282350115,0.9509369069940159,0.18540923037102638
U_4908,0.04871467957980492,0.0598715153270652,0.08132840150879783,0.10935912847832092,0.1799447275818061,0.2042330061964644,0.1327371742364945,0.15700170005811276,0.6004823061482782,0.26871627974229745,0.2360104727299835,0.228408333839354,0.14152878619896261,0.18178197523568115,0.07972436067804801,0.5196276086035134,0.20745920883696267
U_4909,0.21361419532201906,0.3560663275866585,0.22690957710813808,0.028178062091126343,0.03065246249146243,0.7371783409851438,0.06435821588009398,0.262430136656845,0.03619972214312175,0.04427038230877242,0.04037650024741665,0.594180216532348,0.13685566761451834,0.1419219219859234,0.24178159372700975,0.026364809831567068,0.6124928789064885
U_4910,0.03544678489418391,0.09864101355222134,0.07623897030239775,0.1385917390726838,0.19490836946502926,0.11828950365653625,0.12079862907380429,0.14163224159333143,0.09738423134848523,0.20221177087644907,0.2714897273805807,0.9213498554764583,0.11664901983085205,0.17366318922154134,0.07417195746892473,0.361851736754415,0.17652459677898863
U_4911,0.29319085862392197,0.2404306888170342,0.24277195739952653,0.05341012491617353,0.04500165971826619,0.48023739791228276,0.06496893351518496,0.10482553744591278,0.5546909812760725,0.3239452538746077,0.06428653137232648,0.049998150885779295,0.13932634969728713,0.1432437978379903,0.2270038094560826,0.01683034087980878,0.5705185042964287
U_4912,0.21914154105757847,0.932343349970107,0.2455009436219701,0.028089213593729692,0.03229306789530599,0.14603034106791335,0.05697696624947087,0.38922299014121925,0.042720032488802163,0.05960133918129762,0.04303744029090336,0.42344846535949277,0.1274480994240503,0.16340049818689845,0.23070659590245912,0.17904632239299595,0.09881771576956243
U_4913,0.4783026302166405,0.33390759260102276,0.34385979887288465,0.04205779671165338,0.03556066736489221,0.23759298407063648,0.08243691536768656,0.13936166087193233,0.1729735839181744,0.08513549187248978,0.06629078459155177,0.10228157799874077,0.19922986810173254,0.22197005383941493,0.3604420935946758,0.09092095751157987,0.1773193833386329
U_4914,0.3129315887269624,0.2848031626787039,0.3060326981526357,0.026948009406475494,0.054206207327586076,0.2379696326187336,0.0830037847606375,0.10122920736072696,0.035824329672276056,0.06361559572500138,0.053560540312926626,0.0826086485679997,0.15810788495018163,0.21217820843094254,0.3003553779732369,0.5719838393793248,0.6394565475731584
U_4915,0.08795036812656022,0.3964783590574435,0.21848283335446175,0.1026497321165995,0.15148281202663264,0.4021648109843477,0.19758781785282614,0.18658811109499862,0.2928084241042891,0.11569268894699648,0.12147386650762872,0.09823678638172469,0.3082617562945978,0.25836235039440514,0.13831693917556787,0.05276448905548818,0.3332304653913367
U_4916,0.06078482480858975,0.09415615799705143,0.13053188573373684,0.11253488681430313,0.1608159888321087,0.6358806287991339,0.11171860280890014,0.22599207293074292,0.04996898774208382,0.08314834323960252,0.07663195583809913,0.06883835306657085,0.10974181061291009,0.17203705128857577,0.36270670901830016,0.40935602310057423,0.2035210940890913
U_4917,0.031237983364383486,0.05243327040180468,0.6573778656592331,0.08186431426912563,0.15618341818242146,0.14003899776391535,0.09958713329946495,0.13577510225318956,0.0862048986512028,0.14724306767551168,0.1570882463190357,0.46653519945603955,0.08131702669229879,0.11621204616525467,0.0506709962694729,0.799679604067064,0.14132545224771073
U_4918,0.2102720550076996,0.16321518429673984,0.23301466841312515,0.05778225743353782,0.07124344881189043,0.24431565243601555,0.14919281925983346,0.13218626546480142,0.4368377409956149,0.5040717379718544,0.0618702573762097,0.07184043244454406,0.13432747514590113,0.1462542206368162,0.11278974253905344,0.052249637932887505,0.7793471708931103
U_4919,0.29372385406419316,0.24702496157888504,0.26801322636344027,0.04348239746769551,0.03376157211911223,0.1123413863525212,0.04303408017920614,0.08889122112252781,0.03383424958283052,0.2603962937561487,0.04578699273917466,0.034583365140161554,0.12613613054615339,0.8313662107670563,0.5797013904387252,0.04586987450285292,0.18815637434049426
U_4920,0.06394019918616205,0.26617601983889794,0.27934826967149784,0.1036407639867938,0.14571784589083733,0.2038125926164142,0.2866453924345341,0.15566294563960953,0.30540616612607646,0.08595204979569997,0.09595338609815324,0.07931917865957291,0.22055048051395554,0.21964231911381735,0.08792044109710972,0.5698202417976819,0.16675502773778442
U_4921,0.2538933805364016,0.44078554600397024,0.5456702071175141,0.03160120744622193,0.033792505902815066,0.19217056313242462,0.06658494687673983,0.11793258889534541,0.5630403234975601,0.0694141778342552,0.05316900764280826,0.06224216375702611,0.13029219927793226,0.1415412129423882,0.2292209997626496,0.03805887368007986,0.7746491576368617
U_4922,0.326473674157261,0.3629807376266466,0.3037551798517082,0.048328024185401004,0.04105505632321734,0.25653019461984705,0.0710400453618691,0.10536289175830722,0.6932965141195111,0.07110061973990012,0.07006920108245471,0.08913083260738358,0.1815517549325632,0.19939206134223644,0.31611397667676905,0.06009212654628898,0.17303206007804356
U_4923,0.36267720767736883,0.31226511995707407,0.32879082800011145,0.04263281743126969,0.04146462561531595,0.13857884858756558,0.07739044635434683,0.10266944326934559,0.061279054298344876,0.0729130675025421,0.07494880455653746,0.8521413330753604,0.19135683410404708,0.19162969212809483,0.2818606690148908,0.06495086205466855,0.15835110992097734
U_4924,0.031911059495793564,0.05808352900490395,0.822703397168639,0.09496467449582342,0.1531952458695703,0.1750479920619259,0.13266887780339268,0.1529891188401048,0.12211754428728,0.18402508834589396,0.174135898342741,0.29764256872677014,0.13479989896779737,0.14971160360079036,0.06093926101522232,0.7552296123769928,0.16203932305593585
U_4925,0.32128957860496327,0.28259668026148926,0.8036028660601588,0.048176435517241795,0.05296858442197984,0.25153394410789587,0.06788229928175361,0.10373406132148465,0.05927805878077459,0.07694495067177397,0.08165638077488058,0.05409662673377239,0.14997956028510895,0.18384332011576116,0.35750593627561805,0.05442501814651729,0.16142682452131196
U_4926,0.24115659339786807,0.28277660048608366,0.17530559498792955,0.04256752487906289,0.0670370103127807,0.22239347927833936,0.09948336237709725,0.1321972481656396,0.04939147529808356,0.06365274626500012,0.05580062359470076,0.09115705864221403,0.1628815943820618,0.21140236845375307,0.15478611910264187,0.5473107715192147,0.7057696561541846
U_4927,0.19998977668862064,0.2046532300937943,0.16776504746301216,0.03224690519075326,0.02690351907786504,0.6080802359593616,0.07148048909592172,0.12200070713419306,0.7150618131996294,0.06421790460503084,0.048978886258360214,0.06481688638117203,0.12260154047798462,0.14028835703976836,0.1297552122446288,0.23378520535497505,0.676063375036126
U_4928,0.038776674839754735,0.043302850647479796,0.16106825145427167,0.08731650954039902,0.17895737832666803,0.7254978722338425,0.12979132554883954,0.1874963863926085,0.08967638459424303,0.19066256016997188,0.17780132134681725,0.16401098642826972,0.11477700551509995,0.13101416788363013,0.053255350886561456,0.4437543760950976,0.1748407649965717
U_4929,0.3896595606936194,0.3191043725036134,0.30478421372633807,0.047811824479446145,0.0499797804876762,0.15737073358619913,0.06112655278334432,0.11266961896524096,0.7762816450477139,0.05790181725920952,0.06526418676674525,0.07082524884748351,0.16380910695257636,0.209538645790173,0.3444521087666366,0.050173858474374416,0.14245283342294673
U_4930,0.22589361669406202,0.1974670944818282,0.5248826029317066,0.02122819370815091,0.02243406581675905,0.11167148836828801,0.039743461908307555,0.16747202967642416,0.14734496181943585,0.04821249665192705,0.041634238807796715,0.26486980973459845,0.10746393560631251,0.3061073838843023,0.8367193706457912,0.022857513539800707,0.1321282973474657
U_4931,0.032136981900404496,0.05358211454377821,0.16901773459016378,0.08737609224742438,0.18174642715223258,0.8544882455494696,0.13119504018548023,0.16109672852396967,0.12674461736939352,0.24355431185847826,0.2372621765694505,0.232274387510156,0.15128326025268243,0.18555344250656083,0.05873755493193446,0.39804635977528147,0.1840657389823273
U_4932,0.2361344785758937,0.21430413861240782,0.21740646966939878,0.03807955361608647,0.031852913149722474,0.1736128896698949,0.04402467469637217,0.07948845409458992,0.028147684374416705,0.035571472067406684,0.03341022559555728,0.6001997275210684,0.1245592149218391,0.8557163475196625,0.4951498092559979,0.025592587340141526,0.1511766149856009
U_4933,0.14709601277374543,0.2139178514877389,0.3781948634980728,0.14965042956132496,0.19654921710542275,0.4083592809840812,0.24342335433903226,0.27166026049425257,0.36322574570235905,0.25124303804415177,0.2518906439294785,0.14644588402631292,0.3120413565298414,0.34068357848518416,0.1497666508764315,0.06859258849103757,0.24072389230360652
U_4934,0.06169108226909531,0.12755637451060517,0.13193389504781583,0.1456729701444095,0.16608603495649502,0.13766044941638694,0.1598719683928355,0.15886295769934244,0.12034468875203624,0.6679789216115213,0.09940319245525425,0.08316004109318495,0.13858211989384125,0.17111828051543324,0.11041550294427731,0.47871668217244456,0.17673208025538856
U_4935,0.0633955985950439,0.2181176327405618,0.21886267567606618,0.11809431366977653,0.136067984074055,0.18721150374279216,0.2714496973481604,0.1619744565106569,0.2367427358823735,0.7100774388911455,0.09309224289877209,0.10208393948824725,0.2433755743775972,0.2015774324831577,0.10165500053940031,0.046712948298669,0.1803746852700928
U_4936,0.3159654457237362,0.25905466530182913,0.3015926812316672,0.025381080470567426,0.03342943601080506,0.3910055291434856,0.23480846763778906,0.09662275099730527,0.4511253416891336,0.05932953272746024,0.042835342034838644,0.278107593926354,0.128719081393049,0.1609293958428629,0.251527699449745,0.42186040650857143,0.1514213134577829
U_4937,0.3520393245753848,0.31992976772898973,0.9428873498184036,0.0587547862114777,0.05046486805181801,0.147199478380971,0.06872881295221317,0.1155189631557532,0.05447209008995462,0.07263422937293147,0.08075905945236604,0.08755727911784472,0.12416175252739392,0.18653434281953263,0.23586516541616592,0.047118664546230184,0.13382584287072782
U_4938,0.3205781731852226,0.23439851007285922,0.3053754695501365,0.06853666651161884,0.06951831565403285,0.24584646558187584,0.20394480109960425,0.1511270578686303,0.0905083822280481,0.07086523198608857,0.04610062730192094,0.1331661234066218,0.13915008376744722,0.1764841804985937,0.17177141583648267,0.6335213150532455,0.18831177322805878
U_4939,0.25120038032439457,0.2294483695494008,0.26604751083303946,0.04619534563131638,0.0484501439920146,0.1878758535461724,0.10590777110925377,0.1018726413262841,0.06751177480204851,0.060907516950362575,0.04979825965206633,0.5042418220120399,0.13096484027357264,0.1557320028752168,0.22313500004095943,0.02002059424437557,0.8367456445430401
U_4940,0.3004232455189977,0.2627920883278561,0.8404387535831701,0.038357108291832843,0.043286918974893826,0.21711546814474572,0.0698615603683648,0.11589358179075933,0.051693590028286454,0.06297097951433259,0.05683402866060107,0.05775631638074769,0.14738852926855459,0.18341955514727543,0.2347128490278731,0.037131309658321995,0.7759760191207523
U_4941,0.0858981753213053,0.9114574593956817,0.14702351501933214,0.115376125282632,0.1454942819437504,0.2806650308237411,0.20068210756407326,0.14318996763100036,0.18701975833748935,0.1443398879001525,0.14706561332279378,0.0851744665597346,0.2524986270142355,0.2006913125354785,0.09177910092520677,0.044176241379094296,0.1742861197449462
U_4942,0.17672969291498783,0.5913359556186883,0.223773927602441,0.03545515546566707,0.055236331329805946,0.24962763618496975,0.0985733062791392,0.10785517939259598,0.6995449605406976,0.10623785820755238,0.09711863858943273,0.4485116438824522,0.11500010792995495,0.14249698604183694,0.10060154245144194,0.25109136677555294,0.13870816698498242
U_4943,0.216528650033708,0.6122249661521189,0.7300689456736151,0.06637432362342399,0.07299112707757452,0.2393780063323766,0.14802813683928334,0.1284577116820983,0.050816886240106975,0.05608685903793085,0.05683601357586248,0.3018987936817686,0.12931704838699942,0.1554003231834189,0.1312871851159478,0.02407782756430013,0.3746575290167748
U_4944,0.31232487155786204,0.2583020749751774,0.2668617683614561,0.03778949682219879,0.038128660538017944,0.12220542379527491,0.04816108902233057,0.09361051461294023,0.4187192870003682,0.04758414968640995,0.05244144002153628,0.06611264323235035,0.14828401667551494,0.7876554563901061,0.5315912919937926,0.02992686461717011,0.1565254006775082
U_4945,0.29780330647438336,0.2638127966632043,0.8595227379290762,0.03512022030347805,0.3646823923838558,0.6119704919458977,0.0663671512457226,0.09924523646693756,0.06008477043163418,0.06898827758857874,0.0524560968980516,0.3677800045294062,0.14895828471303477,0.16770056641371248,0.22169163981278053,0.040994979228405115,0.09939769261344839
U_4946,0.08432332552678666,0.20257111391066512,0.845564465595372,0.10326366765680361,0.12485000896375725,0.21177810841564965,0.16935347831181533,0.15521373696184937,0.2181329072664791,0.08537983643405775,0.08973766295485397,0.4718528386541325,0.181360870255391,0.17630739059209005,0.08335691966729254,0.04230687946028996,0.17092616605605734
U_4947,0.08001198418031596,0.08026853687638646,0.6795363448905936,0.11144374607595377,0.13704871116335082,0.4833832729605725,0.11521885753490163,0.11067268280458474,0.18176475248488796,0.21924047566651678,0.2513630301398709,0.2807604082283667,0.061017657910149015,0.12207138080228735,0.0664267489904066,0.4646047199812818,0.11860698553508253
U_4948,0.20211574205985894,0.18769011602895114,0.2427773550507552,0.05264095575175904,0.47038349477068847,0.2512704410991381,0.13514102577133635,0.1262412907540384,0.751175572103008,0.07397638935588681,0.07264780548426254,0.49144377784242477,0.15191466454553196,0.1538696537661398,0.095026784250143,0.2625701316031087,0.14945664447571633
U_4949,0.33954227924483044,0.2650158293621423,0.687045208321241,0.04996519688450406,0.04756957409147538,0.1319805704273586,0.06460454935849176,0.09585924450992796,0.5565709605207632,0.06176255377616088,0.06349745678186694,0.048420388926870436,0.13028443489903935,0.17745703088019915,0.6200664196786032,0.032080025586212584,0.11993690967835634
U_4950,0.24678084540869263,0.8760563743924061,0.3004346118843954,0.055550003101013774,0.03505245113949575,0.22198965736926535,0.06121074563058296,0.12021422782271646,0.04766121516252944,0.05235152831699017,0.05942662742135878,0.052537097710031164,0.16138976706472233,0.1738198015377572,0.2500197245238638,0.025474308657261416,0.6377578618076325
U_4951,0.2290847890165284,0.20043711441847334,0.22762341147667736,0.015938813239991717,0.03439045055283671,0.5194562873394433,0.07514912722489991,0.0851731987095645,0.345817479750475,0.06720912847728648,0.054882639452123065,0.5139960521576301,0.11974349175156951,0.1498814805824496,0.25377041464978106,0.021101069937449264,0.6538385500533272
U_4952,0.13184200584107164,0.666148324407845,0.6604929858899475,0.05579970303595967,0.26015703405136814,0.1469488896518738,0.15557036645948805,0.13418700147207274,0.06833564877114841,0.08326219715912482,0.06384822113891435,0.5539623626661183,0.15963945576480038,0.16193233609488467,0.06308732525171563,0.21141244312755197,0.1273888377734968
U_4953,0.04187807287032588,0.4037864667434737,0.18994314153100106,0.038923351536386756,0.28218768725431165,0.3828896097212883,0.4130511982674742,0.10062336884320047,0.17533339620702165,0.5492928500156797,0.05966195724383902,0.4279491478905141,0.14145061128345102,0.1412829443319298,0.06722911839558178,0.31603808060029787,0.09166714465540424
U_4954,0.23578923343936303,0.21426598749601405,0.19195725762640836,0.03446465712700365,0.18198306434601,0.44739486275883733,0.07335329972112452,0.11466302506895663,0.7534423423855829,0.3118263712695101,0.0692559067791314,0.27958914226479664,0.14334296587437073,0.15845315167940305,0.1008540106869358,0.022708796870794263,0.12023230590628914
U_4955,0.029015412873521426,0.033322342048463266,0.15677464173389985,0.08211792022669881,0.1323165434187955,0.10795270606834502,0.11306972324114142,0.3562120732248846,0.2982059679725267,0.1484608376604348,0.1619548816210809,0.8207028088603876,0.0811444156241819,0.12796114180082976,0.037628097074435304,0.24533230178752885,0.1478777132760563
U_4956,0.11780076400721781,0.22904852863792668,0.12029231993185546,0.04342835200559691,0.26189037981146235,0.19462334553710708,0.13171101309352512,0.13291910360182188,0.49062988724507145,0.07353399540469953,0.07757198568127197,0.43939455062468336,0.1587402088080768,0.16710478680065205,0.07781669428876771,0.4135411535376398,0.15947183192565184
U_4957,0.09083297113530302,0.4289754102796425,0.31422441922171046,0.09966401655989464,0.1306716656007013,0.36482049594221533,0.20689088890802526,0.19147475003351197,0.34940370468031573,0.10135793844523547,0.10760993179609472,0.10347397094022223,0.302421043153417,0.2599359316825769,0.13307119029846623,0.05015479419371914,0.2744980855405565
U_4958,0.3315577029642172,0.4199143811210039,0.2876904127692224,0.05568679594287675,0.05179174167385922,0.21447060098138732,0.07162494101277883,0.13145942524885768,0.05485813476275521,0.6971446412102522,0.07348972509422633,0.06865338349831097,0.14755700306934272,0.19872516727521047,0.3657268412910459,0.0453301283143834,0.14570816637604142
U_4959,0.1803630955623444,0.11303125310396406,0.7218505475614152,0.07155155079594257,0.09087541365082631,0.24080459006609073,0.15254158967907977,0.33445781541258934,0.1383875796670112,0.5319135674115656,0.100339900805786,0.09485341724927492,0.1542876140535075,0.1679264104070628,0.09428548161456503,0.031438752499971474,0.16580465195055774
U_4960,0.17476612608395783,0.19497052238206475,0.2209002330221803,0.03418310619806762,0.059538230198992556,0.19459882458414896,0.07925373017108722,0.3203670927799234,0.8209663270893652,0.09875431944027989,0.09941790397078952,0.08312870019780172,0.1598867676291742,0.15789249998930707,0.14860093679904549,0.037810233475023915,0.12244067587447659
U_4961,0.31477147548611356,0.25555733224579313,0.2734919510972468,0.04546416527291121,0.034023210020358234,0.11240945165124529,0.041370820849893755,0.09295594128995013,0.03682599251855499,0.03966925591008836,0.04474739406591461,0.37914830630323754,0.12830820197290382,0.6976188954674076,0.6814897980946704,0.038430546860593336,0.18384218729019733
U_4962,0.2923504829071711,1.0,0.28982001120604123,0.046233640368363346,0.0423598425621615,0.28112179847412516,0.08284213058039416,0.1255583329998566,0.058510419014633275,0.07144001244279177,0.06471442423580044,0.07071968218450089,0.1613038292286555,0.19560311409874728,0.2635094447436901,0.038240188169779143,0.17216419182271364
U_4963,0.03756193265839187,0.04145012855878392,0.10192614931212271,0.07252210372566482,0.1585841970166359,0.14897183802289846,0.12920493932867727,0.1523096519475354,0.7466602623818652,0.19001906864665177,0.18455451109261975,0.1904574441482805,0.11672677551750668,0.15414405327777517,0.062234523024898264,0.2965807356844092,0.2073264605390741
U_4964,0.3131848855818608,0.25394696347210316,0.3081114436633389,0.033953428404519925,0.45458868484868103,0.6929503798106236,0.0758595537763018,0.11631803544019792,0.07301505285033727,0.5211749840742743,0.062239833080788426,0.07263747467601973,0.1368493730654106,0.17951610127025314,0.2849057918189488,0.03673350381353472,0.14260511420255187
U_4965,0.40642137613301876,0.39604046042366475,0.4464239991618378,0.10969245736831798,0.1157097663575526,0.47379110981770844,0.2624256590802297,0.2161745043858788,0.08007346553554534,0.10712026868327634,0.07736320187461972,0.10395078638234378,0.2673050741060191,0.3057104275409042,0.24234867165752472,0.056794483068411165,0.2922444912552122
U_4966,0.25116608507179716,0.19542197435055758,0.5086756526367187,0.030682651097965523,0.16053067683743194,0.11189045257619482,0.19217232190981998,0.07963621077415056,0.029673010432395668,0.15368149409690163,0.041243814878430415,0.04368346561052644,0.09944653089629052,0.1367623462807527,0.847457511931867,0.24501842818466849,0.0942593396692531
U_4967,0.4220901735328599,0.30075514073422027,0.3180057999387347,0.061351549472975164,0.05570210927382124,0.3086971349201936,0.797171902048236,0.10760220449335064,0.060564808645107195,0.0756262580784921,0.06422761430113601,0.07700372886184917,0.17323855893036513,0.17256867846154197,0.31528198356664744,0.03413201928284129,0.17048167994459817
U_4968,0.3618257300412982,0.32038935944555613,0.35379120268204317,0.05827660992184344,0.071611596011354,0.172634660917898,0.6700958877710237,0.12416827542481981,0.06382408686694535,0.07624307834646074,0.08463815011716583,0.05869306506172011,0.14252996226494707,0.19776804001337556,0.3620745098139893,0.062150884380782534,0.14067158805927876
U_4969,0.05042459841172399,0.07655957966119678,0.19655124455016557,0.04550526128937086,0.044705598110695306,0.3634078949284063,0.3199544011858928,0.11241527825339671,0.5090095864331061,0.2273358880068781,0.06546654769859467,0.36377406165970566,0.15911032792905747,0.15656298581661987,0.06820340808105749,0.2024729399235676,0.12314219170113998
U_4970,0.22646690671925315,0.20795383531807446,0.226050020011322,0.06531458072828483,0.4151026586407603,1.0,0.09178598463881507,0.11893287899603065,0.04873530190897224,0.06004994256367035,0.04345514219460426,0.346779532345339,0.14365605641977564,0.15321386690758798,0.1683054115099548,0.02637761142396523,0.1285588147953334
U_4971,0.19516328899127097,0.27913129958277644,0.2483540325918694,0.047686858039353824,0.10962871164643999,0.6777689029698268,0.08743474537252066,0.13229813415278513,0.8023550988972452,0.12323690913452451,0.11281877560234602,0.07377323977500413,0.18850358900923916,0.15815827256215578,0.1163781132942003,0.040563146284983045,0.1541106050473295
U_4972,0.03926525168155233,0.046931484491207126,0.09186110791438852,0.0818796153085329,0.1362772270953644,0.8445118913299068,0.6442355322918889,0.14218188206027976,0.11128052915509104,0.15547917526331456,0.16188108816666144,0.2526739166575475,0.15821112532056208,0.16827370552905013,0.053182844811402855,0.25243986813636105,0.13862983377695548
U_4973,0.02324845480469344,0.07811923497805469,0.08497552872527606,0.10204541415063899,0.18085456929419422,0.1460747374423399,0.5509524655028262,0.12742811644115337,0.09949551189719993,0.1662117069796279,0.174374139277183,0.2146611781422487,0.12834234264453429,0.14533783291376307,0.07668655633407868,0.9694512971655622,0.17731044942864135
U_4974,0.2991097084699641,0.2887431734975429,0.2909533796782698,0.047297371083926926,0.06071437999274351,0.27193668414209543,0.08516712178290041,0.13363581836541064,0.8476459889622441,0.08489963843659275,0.0678224819903207,0.1183077004421602,0.16536500547373909,0.18191358028676063,0.15300634591726772,0.06370560412338172,0.1920115298173407
U_4975,0.326387066430251,0.7021477572845327,0.2539954851404333,0.04013188959938803,0.05278015289093931,0.13324390943845105,0.063754611606542,0.09833034600108155,0.04079817990743751,0.06349382216037194,0.050591599996734786,0.04852800682360903,0.14411322384216063,0.18247180748884415,0.5587132109239545,0.5038706244019802,0.12256688016300846
U_4976,0.3731014989748382,0.3244471358301149,0.3140677172647838,0.0535699700732125,0.055432929706280804,0.1625557437127264,0.08305743774020843,0.10056521560909826,0.7679162051381518,0.05547922471875908,0.08475462693698776,0.09014451167593748,0.21193591544844995,0.1930576841169182,0.33252345991824345,0.0522751532571762,0.10937940626466085
U_4977,0.2310118002786038,0.21660529960814248,0.22749621477572335,0.03952889033563669,0.040498952224724195,0.1527340830076284,0.4088757210015773,0.09119665823198748,0.0247283024417076,0.19186629583591802,0.04658342751800797,0.06207503876916161,0.10872907823858752,0.8795169346341238,0.48974581493869623,0.03153467228691901,0.14189164152136188
U_4978,0.29212975727763707,0.30380475895255393,0.29980184423962736,0.049365251315449186,0.05368873078375759,0.25982237029135613,0.08799404445451663,0.0897962988435968,0.7563429212089081,0.06946073400770349,0.07867375419319399,0.0773766746790285,0.21333290260067822,0.2091939192675331,0.3294112554835,0.06219860764306476,0.1262950300465747
U_4979,0.033770770631269806,0.1264652665149882,0.6242408347594293,0.055653103866602494,0.379467270164369,0.10889147852842439,0.12094154741148305,0.09039439192890776,0.7785335864099043,0.12833668862262354,0.06392890781625661,0.5664709120378835,0.14203940170217647,0.1380282828048908,0.05674847244351708,0.007890644278707481,0.10051428581539018
U_4980,0.1758969338744783,0.9658346389205466,0.20953069692444498,0.036632217973988766,0.053519464017501815,0.16097148211595225,0.10706621661083239,0.1107833955882433,0.1491940810839394,0.09456237110889444,0.08591019640839712,0.05911843651528457,0.13410383227915257,0.15809297435039937,0.05093384192608354,0.2309802553150748,0.13141301079783327
U_4981,0.3148265914885995,1.0,0.24825605761472172,0.047880082647575206,0.04625245088991517,0.2457730382292591,0.07705340953595839,0.08232400976656938,0.060027357182165814,0.058842642825642624,0.05996241030026183,0.06929723660326133,0.15795619419358203,0.17418982507244038,0.3059828298911375,0.04401015395297997,0.15579247186951453
U_4982,0.03233860644642183,0.048435227394287975,0.16289666728031857,0.10445021219292211,0.1671579991784759,0.7364508912870251,0.1260178961053861,0.15931438256061248,0.618744229788613,0.18886946320072692,0.19727795632614714,0.26712379008804055,0.14752877657229477,0.15828226511501353,0.07158218232387882,0.3188003984885549,0.16059745364288708
U_4983,0.07337647460737372,0.08508035288192053,0.17590212435823543,0.06664441299598185,0.10061749911036764,0.7283175859847726,0.49788234660358316,0.12446181119035948,0.34612161627632204,0.054304589384400886,0.08364979403712412,0.633749761026015,0.14735454424313132,0.13270651434834033,0.0638810945008575,0.014571505059376148,0.10494681663699167
U_4984,0.2714462430945462,0.22382608866757725,0.24191689317145582,0.03473811290286897,0.04071974794158875,0.1311945132896196,0.2689943215319628,0.098588187348106,0.048452722240761414,0.074211185222188,0.05895660325666151,0.8854141925167625,0.12976779205665975,0.15287539450857207,0.23415498381088276,0.03249158364114758,0.1152269350060907
U_4985,0.12388484665848717,0.22281040398553933,0.23505320754175327,0.05565633874711015,0.5415537247149449,0.8126196042915983,0.1139533905316124,0.1202182861985388,0.7419466055771953,0.057147692222518885,0.06726381693611178,0.06863383655827891,0.1479528639639631,0.15998190208046215,0.08675461231868736,0.04039913010173843,0.1420675228951402
U_4986,0.23172809547800563,0.39873887670691593,0.8488660411197404,0.04598967538726404,0.038502562326703446,0.18613427873715363,0.0511188303316712,0.08212894843328912,0.28357422220525474,0.1787104873560759,0.044417829142471846,0.054594613256272254,0.11720318891669623,0.7162252657759332,0.5916078571548222,0.01533420277557334,0.09661503848347602
U_4987,0.26970204903724904,0.6139031324896462,0.24345307436097385,0.016598506980853703,0.0317548317415657,0.23819760276643834,0.1307030447103549,0.06958524815295385,0.6073785036324462,0.06596795593733584,0.06743825283928999,0.6757965398034209,0.11053379380210117,0.14718100739078208,0.32981874079738244,0.32668788774982904,0.12696985830495314
U_4988,0.22126484953432696,0.8604183245300447,0.2580372558170199,0.0868173430084963,0.06962760002172079,0.2724141675204362,0.10789773815494773,0.12936948293045689,0.04900686268343296,0.05605606236880175,0.06464827887786279,0.056153541551184474,0.1688993963428548,0.17365255010880007,0.14659595066396622,0.02663715621741971,0.6710799228424098
U_4989,0.28108175114752687,0.24274024336129632,0.2606105469597307,0.04006726317048251,0.040462853674859627,0.10958257447788368,0.04276134136427057,0.09563706730898808,0.035579498801565565,0.30689130517468494,0.0470923560321634,0.066613294831218,0.10724218789600905,0.7250251294556009,0.660457664075464,0.03533718091219889,0.15065370360573363
U_4990,0.035780568662562726,0.06179506377450204,0.1005631031471094,0.10326658563643017,0.1607189806657931,0.1479960735077234,0.1609833599285104,0.14932579545961236,0.1280855406991864,0.17837251889601557,0.18753873382257635,0.20503849328649015,0.11459558175001079,0.14115422819184795,0.06722302548403863,0.9689591403806375,0.16336084873034581
U_4991,0.2500145223145137,0.15487864640246535,0.24489302613795236,0.06687253201650893,0.06743738140657672,0.16987319188804464,0.3893851945879468,0.12999366572726437,0.07757160912668759,0.42034217576298727,0.054017167014426506,0.3964749209010817,0.1287346195126756,0.15156281887231002,0.12779027858430406,0.031092131090170366,0.8116505348194796
U_4992,0.26165889481098664,0.23541115678407543,0.2891401158880434,0.050907796820427446,0.06422508419181787,0.8567111316848675,0.1153177707089661,0.11881528287396786,0.13868798193864737,0.05688284831317379,0.054979451536101995,0.12538814541358317,0.12237420990241343,0.17667425210664686,0.12631381958970817,0.02869065532366219,0.49049509856892065
U_4993,0.3007264001232292,0.32617993351247626,0.31837838679347397,0.04634515476965614,0.06649349036757234,0.21166522612705355,0.0829931416772498,0.7121887203483135,0.034972369850796395,0.05470651857375378,0.049947618437995354,0.04847314427640416,0.13247293619421943,0.17873327286222548,0.3011106812694711,0.04172479241414774,0.6314805803039154
U_4994,0.23462331146656717,0.25695217127885,0.27277915641279626,0.0484675899273983,0.06381577458524224,0.2744554965586749,0.425356480615134,0.13041514406298657,0.07539610653238468,0.0684441157976807,0.07126078425651787,0.06502355562577745,0.18106176213841668,0.1666877123044883,0.13060498710512553,0.6943569766879298,0.16908229238135014
U_4995,0.13053504651860165,0.2581625340009259,0.23186913129429298,0.08160582784240636,0.06988875263832711,0.21349611562618684,0.12685003047947202,0.1528250483971501,0.107943520757477,0.06684036082094913,0.051320354820860885,0.48617145358869346,0.14666888493680866,0.1721405328527736,0.0988405245305077,0.5511019558888317,0.1505768925600932
U_4996,0.01693628156015641,0.04129438217647923,0.08751912477298943,0.07721165333097035,0.13642188831892532,0.6375497036500855,0.3020271438066288,0.22430602812050301,0.5792634148206142,0.17951158683000207,0.19050807173981021,0.4776568763626079,0.09742295677060042,0.10529387536154027,0.03324004556977943,0.5207675710789983,0.1283074727524508
U_4997,0.3666112211688311,0.25191978118229064,0.2927157897267084,0.03947594309636212,0.04279651304593558,0.6053568375730609,0.07491946481931268,0.10460362904670545,0.08618171804742336,0.08115790551251094,0.05847069221898218,0.06295071827660671,0.14810474276700392,0.17264996891909606,0.3278552402204818,0.05983245460166586,0.15556563613938298
U_4998,0.010277187743509355,0.03223024670443813,0.3833724940641121,0.08378885526215556,0.25065908480232696,0.45114988389753125,0.08694983750551775,0.5249990096923285,0.08770490264277764,0.21763312276466873,0.13491805668487222,0.7522898258158224,0.10127232525522212,0.11184511315706638,0.04563126951135772,0.23529782050286271,0.11737664441660312
U_4999,0.0694630546149668,0.11142282217105083,0.35229071652766314,0.10122433366529028,0.23114163254253806,0.20198951316499533,0.14637334401435176,0.21728258833827663,0.16364951882094905,0.2990039399931356,0.2823133734693634,0.23846264357988523,0.15357585235012952,0.3036902634281354,0.08600347733567332,0.5319792182195167,0.2935560890442591
U_5000,0.05448909277335198,0.10788821811525831,0.10403728215540978,0.13807098877146215,0.16684121777799155,0.6144948242063899,0.13074859145196002,0.1777556908347051,0.08220859824533697,0.09645397117201064,0.11418798728465723,0.5214342953470061,0.13682938622713198,0.29741355189983,0.11112364039942385,0.39548137045134996,0.1742616046480877
