user_id,M_001,M_002,M_003,M_004,M_005,M_006,M_007,M_008,M_009,M_010,M_011,M_012,M_013,M_014,M_015,M_016,M_017
U_4001,0.004980149011478943,0.02851843381887804,0.022626873352338955,0.0796932689967953,0.12355013579367355,0.02981926355643611,0.03774981544728278,0.145722222327447,0.0,0.024891654984273683,0.03135928075631774,0.012001834589940523,0.025135678967057925,0.06476228655697211,0.3193913205858385,0.999999999,0.1606176724336142
U_4002,0.05707580333742787,0.1423797576468519,0.15727932051921262,0.06932481609277225,0.07068159142617483,0.18820951242510467,0.24286728742941907,0.15826737920050155,0.08837191021366089,0.0712627242195643,0.12821370220599868,0.999999999,0.17117917305782476,0.16853230445122258,0.06566184248251473,0.0,0.13605250721863751
U_4003,0.0,0.052319344806177503,0.09424573299562168,0.07520114241406195,0.18703976605613595,0.1500007377691776,0.15057429537579353,0.13109289334091292,0.06721660951484201,0.2519749388142335,0.23882228944813153,0.9999999989999999,0.1373697359285774,0.17106041152900828,0.05289125821138964,0.3233210561097554,0.15962903575011927
U_4004,0.08943991709378313,0.17061977317441432,0.19950189643395622,0.020248364047372205,0.05134572025055152,0.999999999,0.061689443462641616,0.0807234473911958,0.06717934320782405,0.4612411347355261,0.03635719620058798,0.03219166490217303,0.14202867572754613,0.11954665158787978,0.038354341256758524,0.0,0.15166182777335252
U_4005,0.04412590566503735,0.09240857294656918,0.17517706469389155,0.06996447373268995,0.12352252763755805,0.21993181518892987,0.1807297837479991,0.2005567159726368,0.3052358860786726,0.999999999,0.0641512939203721,0.8815039276617236,0.18136046837954445,0.21571988687634921,0.10344497564923848,0.0,0.14866332350172867
U_4006,0.31729179512876365,0.22377714930467257,0.2835571459864918,0.002971434428856062,0.0035110510146618198,0.8677570214345472,0.14202635761251936,0.218412384374871,0.8367084024718099,0.02731563860540569,0.003761811062450675,0.999999999,0.15525357165320403,0.15488905230275288,0.37826446254150664,0.0,0.1327270841785956
U_4007,0.27752014651591983,0.24930381429610113,0.2759824722402775,0.0274174713577338,0.02907248532697595,0.2233689623967703,0.280341167323935,0.08864651433507445,0.26830540163472,0.07114599031129576,0.023182061203236765,0.03302791511467381,0.11155596308087211,0.999999999,0.32964337256080983,0.0,0.09941308803941619
U_4008,0.30570196084708773,0.18235666409915602,0.2067734186373542,0.008674192707249503,0.003758004660892806,0.5067035604331533,0.0061848026584423,0.0574142849752146,0.0,0.01924056258990213,0.012906851148691155,0.1910487111722006,0.06262908447277776,0.819545454589719,0.9999999989999999,0.0013759301082737771,0.10701225115909302
U_4009,0.2706372242324121,0.29858112824459393,0.303774688498223,0.0,0.35530676284348417,0.6413131368122843,0.03979951219309206,0.07780180737593996,0.040426110722866296,0.04098556462459481,0.028082541629152535,0.9999999989993896,0.11424490431478387,0.1420967632696949,0.3096179762779024,0.002893733814596169,0.5088636767750645
U_4010,0.0,0.03711342977416314,0.042918210255923815,0.07430195817060276,0.16831347779229333,0.6413520204053648,0.09394841818941463,0.13014703887141696,0.07424803197682685,0.16744375990696878,0.14421271948447076,0.16664698871098824,0.08576672442686326,0.1767214231381662,0.01828328567018358,0.999999999,0.16708078542164043
U_4011,0.3441806044356015,0.562725025013703,0.9999999989979753,0.0,0.020434371317858836,0.3717071606845104,0.0017433274114905287,0.5755632596054817,0.897154290891201,0.06196722357680918,0.010845891033558805,0.18918067990883514,0.1394095190233063,0.22182098439277584,0.5189404716823053,0.19520458548549005,0.123617388681255
U_4012,0.3168201480784146,0.2621624612591377,0.9645674307673777,0.037271145510212274,0.16637648080408515,0.8328126858160058,0.04814951038571582,0.09420765494638447,0.0168419227231926,0.06154172936282056,0.04950796802120823,0.2505971906458259,0.12798223777038098,0.999999999,0.6400064839554944,0.0,0.10401802986333707
U_4013,0.6778841543991531,0.5858406301244025,0.5270965790472828,0.0,0.0835743370763768,0.3072466456257339,0.04250892447640897,0.0930765985379586,0.027172427893627314,0.04303190588618241,0.04476268842065923,0.051243700045056226,0.230535139886386,0.24097449532712198,0.5357883797768632,0.020120792586703816,0.999999999
U_4014,0.1767656362223597,0.14636646286416502,0.9999999989999999,0.03479970988125052,0.15429525584755663,0.214554441756236,0.5060694948094552,0.05154245078156551,0.05903586223725537,0.03692393224482207,0.06889852927162553,0.023633045510677093,0.1544101231438319,0.13524586867290236,0.08422048512437814,0.0,0.11332036758226856
U_4015,0.0,0.031434667136557674,0.24786395494837407,0.09763627292813164,0.21499924234891787,0.26516752220658396,0.12231958761559301,0.23147252453042022,0.999999999,0.2553084947166314,0.2740130015890504,0.28634876264489606,0.14085328407676004,0.1824736651159536,0.06702747328525797,0.7161399376298827,0.2503505612652673
U_4016,0.3713723443890869,0.3537537658312774,0.39435208744237316,0.005911862846371986,0.04912245527728449,0.4000365907742681,0.06288626855529728,0.14414187712140097,0.024468661399199648,0.9335415165559392,0.055101022142919766,0.999999999,0.15403808545961,0.198362770981792,0.3368490454520924,0.0,0.9026884523302681
U_4017,0.34453769946216917,0.26144757624342524,0.26987208511176014,0.0,0.009423454593180504,0.999999999,0.024036686928724,0.05411801737392156,0.010056649131551862,0.008333847199373528,0.010660610143012644,0.02722318812129386,0.1703303709722688,0.18161569449514586,0.33138254881716944,0.0034845615193885857,0.13004978150798865
U_4018,0.2789705599631659,0.23052304368905732,0.999999999,0.016729939973292956,0.004978590323407791,0.24842705328705073,0.007518164071868823,0.07115083757261334,0.0060420773398941465,0.024601757856531587,0.007952850972045594,0.009315176036356055,0.08919986480721262,0.8410235752035334,0.29795322080417985,0.0,0.11518206657292393
U_4019,0.2394804929416661,0.9142019147646593,0.10454604786457404,0.0,0.2582089032108794,0.22871557895871913,0.06230811640189983,0.11114199947619437,0.5636874318374209,0.0416060820241838,0.021420069054722244,0.02007195445376549,0.07695999283081113,0.15673222522079563,0.058321236708732425,0.005328877810016038,0.999999999
U_4020,0.09818412456244448,0.5598109349293321,0.2860287717936097,0.011992073637423552,0.32865479220549676,0.1511860514109721,0.22978448090796358,0.14308700392357665,0.999999999,0.0,0.03030543475921507,0.38867677322259764,0.14371364774923331,0.15468826086426232,0.03752093584561937,0.18522878251109065,0.09188917590484096
U_4021,0.22565294876897973,0.9662756285650032,0.22654590915942158,0.058201914333400266,0.048758118374075406,0.3255624915654617,0.19438404577377683,0.14931201230746663,0.999999999,0.05122782262974236,0.06037596363191687,0.41572398583384285,0.19035268864044566,0.20076119526796168,0.0717916367732335,0.0,0.14155612178361754
U_4022,0.3118985541497641,0.24161897307852234,0.29151006508842764,0.010733718918752768,0.35159107897560554,0.8905803492537501,0.008665910099403188,0.06521488773779688,0.002024741937448468,0.03542401006582464,0.023317554178932384,0.007421183721405896,0.08092521296123269,0.999999999,0.8479024671138995,0.0,0.13443026407290104
U_4023,0.423881565891374,0.3457291458712826,0.35707132656026086,0.0002789321397673191,0.014427951405452817,0.4293629473227241,0.018169089497789163,0.08729279209303185,0.04762967306089193,0.03975927416210242,0.02318085351619508,0.05082518103327624,0.1558829035616609,0.25702107366487953,0.29737285483334497,0.0,0.9999999989991097
U_4024,0.18943995357711074,0.176034385963398,0.999999998999172,0.0004488066443733643,0.21451007788225923,0.40138551732741184,0.052113459448434235,0.02140036648507655,0.1440736539189457,0.0562032819697099,0.0,0.7172213337524401,0.10087387337646873,0.1445698761705044,0.22461002800152707,0.14518284496934913,0.09741816678995424
U_4025,0.0,0.027573940123382646,0.06054429327696339,0.06164211895136244,0.13696433222888402,0.999999999,0.08223366963738535,0.1304704068391665,0.06831797627282007,0.09900834144348546,0.07640765349415617,0.3359341832239656,0.18099738898047293,0.1448951757727537,0.05203416788504916,0.8024306444874523,0.13459955306339227
U_4026,0.0,0.02255607997120867,0.1630969656313039,0.08158346992139386,0.21471394496916213,0.06970627957186094,0.11278737008287154,0.1445257090850391,0.9412675947471183,0.23262576272190663,0.2284638128211335,0.2604588591774321,0.1189651103571002,0.16456395942074978,0.04845661442162543,0.999999999,0.17211599486781903
U_4027,0.40012730491661974,0.2896105462066755,0.999999999,0.001953468414575773,0.0,0.13632592726606294,0.042458552909989275,0.10272057036002989,0.4861183755617678,0.0444294396457578,0.023138365888771835,0.902338234330056,0.17170429041996577,0.17559128465607013,0.2648483924436732,0.045934166071547516,0.1081883250178806
U_4028,0.0,0.07399734304741153,0.215119685182079,0.1713646340894037,0.3982104085095097,0.27530859751931197,0.2065670421502103,0.22002939149579287,0.08893714108238057,0.596651902812595,0.5306810095376927,0.5227416471798669,0.1711870167962703,0.2718844627689879,0.03147186685141516,0.999999999,0.6208449095517636
U_4029,0.49153485366066874,0.3934683974510718,0.34044481037064594,0.015311834036533536,0.0,0.3423139960742695,0.05078507548229003,0.09267662050657405,0.999999999,0.030477735283550033,0.02997847566497296,0.07543269330005775,0.20917451761938458,0.2482385540448279,0.4298226198439752,0.03691832211551623,0.1756919071377926
U_4030,0.37768958946567427,0.999999999,0.35424115546472085,0.0,0.017176976629843327,0.14101869808273762,0.3911044046780094,0.08964987247338022,0.8637496485741104,0.05501435473492302,0.038755094361045184,0.06822458608573495,0.16001098851101125,0.18695977665552774,0.2985476750409114,0.0161188928422976,0.10698486196608348
U_4031,0.19426086850504642,0.13364342242202865,0.22430310914542198,0.02741804027254562,0.03016431325950973,0.9999999989999999,0.0676063062247086,0.547652682633865,0.018198085749525434,0.03461772415225388,0.027919334276549832,0.02849523971678754,0.10909574641369399,0.1229119056999812,0.06599435770589884,0.0,0.5902927448393263
U_4032,0.5618591839980955,0.48594260743063533,0.5856957334247889,0.01664312910893129,0.0,0.45635444249199497,0.03931866542902692,0.10025364464396423,0.009586837914465577,0.9999999989957085,0.03834896390742911,0.0865383721882419,0.29085542456729463,0.29353007286474786,0.44488877846911884,0.0021256268635439658,0.36239331182118084
U_4033,0.0,0.035158911750654186,0.022047095964242567,0.030882295761922453,0.467619190677391,0.05056338979542415,0.10122295331404689,0.11628207423988157,0.999999999,0.13786011141123714,0.180562472750436,0.9721510221147198,0.1638475603533815,0.12663357150111743,0.022772875920401565,0.2968943496598234,0.1448748119031748
U_4034,0.020627262858418486,0.999999999,0.2048926318683987,0.0,0.10425213347398908,0.23185399585635444,0.0922880240863106,0.15386466332277704,0.33017566360624706,0.06781671552157754,0.12048246538462261,0.061975776182577075,0.16895485288653525,0.16592021125793058,0.027643953293480544,0.03095776779530372,0.17954559300730275
U_4035,0.35349703105201674,0.999999999,0.23652986964534348,0.018734365669721177,0.047055083748413565,0.12936572444853278,0.04243337808050415,0.05434793836221698,0.03772194849552857,0.019246140135721478,0.024804289304177843,0.0436097098155782,0.14126791765993077,0.16661728716637914,0.26430006951361235,0.0,0.12422721040708773
U_4036,0.0,0.042186827635017084,0.12317347362327705,0.06521587524823812,0.6207752827709959,0.5319269465157401,0.08364427635412316,0.10017694673609302,0.03415285835914802,0.04983241652903265,0.07436322981234489,0.9999999989999999,0.05168830207492437,0.07084317061068747,0.02246633324915648,0.5438667088429537,0.09009960214911673
U_4037,0.16568285558753254,0.28563488759402306,0.2621587002966526,0.0,0.01548442371337924,0.3183284586977807,0.999999999,0.10739718043261813,0.06277458142278448,0.013658002819669484,0.09548255449345824,0.01129311327694409,0.17612062230099482,0.16984700232187114,0.04827983390073894,0.43801458055185344,0.14749256378983772
U_4038,0.304680918975152,0.21064026769704605,0.29707372737000576,0.05964333203537687,0.05595220507133047,0.2438407613190939,0.25972844636181336,0.1055554784977958,0.999999999,0.041327291893195235,0.09150785322175392,0.0397062212430477,0.18082646196545496,0.20128407435107795,0.14871595870469861,0.0,0.20409535634508727
U_4039,0.3148289983261307,0.3156690666893969,0.3369855720304395,0.007860423185517563,0.04052869972013008,0.9448071458791469,0.36133879182946377,0.10123794751150313,0.01982057144967077,0.03499652802114388,0.030489489642772982,0.01383250151792588,0.1175182189532481,0.999999999,0.9198089915680494,0.0,0.1721059437076109
U_4040,0.32835986614036394,0.2927168313602986,0.30040658390557246,0.015535499044388975,0.025077305564340263,0.12814545506751926,0.02520653898528829,0.09047769992207694,0.591498172333765,0.04178082108668211,0.03147420837238996,0.03155342817095313,0.09870081610634932,0.9191010026911097,0.999999999,0.0,0.136858236729963
U_4041,0.23553747271194375,0.42772020324866467,0.5944390005391126,0.035441262463173424,0.019737097179258603,0.07827529340319392,0.02494165226119641,0.07399315082998562,0.2183189911254899,0.10534610257267221,0.03163718591896285,0.14056083670908093,0.08060208424847898,0.6289228913610772,0.9999999989999999,0.0,0.07637954316278907
U_4042,0.03848365135063584,0.8911013885218925,0.08330890971491965,0.08148063585973964,0.11635394230517491,0.12402075242751442,0.2342220458596765,0.12404849171411873,0.32291002875533314,0.05676373393602357,0.06598919468265288,0.999999999,0.19364530073757635,0.20478632183948386,0.05205218769720387,0.0,0.16745928358717488
U_4043,0.9935849053537679,0.8491274022182735,0.8939465414783322,0.0,0.06497748049582075,0.4774389255095748,0.04312581769854455,0.12605878468604031,0.0023528691191913318,0.049324893105124556,0.06516960635324953,0.0845026149366905,0.44442060377977577,0.38406696704021503,0.9999999989774713,0.010257935646756294,0.19863493006699176
U_4044,0.35544923571483195,0.291638897444445,0.295945021400242,0.024891863886352273,0.03132975997601742,0.25049637642147227,0.7490553510513286,0.08269198789020811,0.09513325431298963,0.04311582407980961,0.03311182479866222,0.06362039639065008,0.14255552489444823,0.20441833965488387,0.25075034280722897,0.0,0.999999999
U_4045,0.3007261208144982,0.9999999989999999,0.23563178054648534,0.01731850527333487,0.0046524759050907485,0.09820801337644693,0.03511452479026455,0.05718983736718341,0.02207662589103096,0.0350568976014424,0.022457842882943297,0.03576102512319593,0.1364420378640613,0.1545726625632264,0.2490138940117853,0.0,0.11473552821103068
U_4046,0.17340060586146674,0.1130513369160459,0.2437937327551519,0.0022029317072517025,0.0,0.999999999,0.5009564154181513,0.2700873824556171,0.1506032208889517,0.01791598902116023,0.0700506247764656,0.586094367665634,0.14988552664782392,0.13458333756879548,0.027117864917695838,0.21010626801916235,0.13645705504600641
U_4047,0.0779161511220095,0.06093936764340298,0.31689823671849815,0.03356414210253956,0.036693964266945565,0.6062083735153412,0.8592263703129245,0.09997902825594714,0.999999999,0.058863992859489,0.11332289150502922,0.26723784660034205,0.11650573688930807,0.16375686573310919,0.20608043895074302,0.0,0.11684145930435978
U_4048,0.23121773181746946,0.20226316085302434,0.8064679486841623,0.018831011664219938,0.0,0.6199452649552971,0.1341646165399653,0.12175811574819832,0.20089627821447167,0.023359796123819634,0.02285584795146393,0.4704406290945864,0.10209234146169904,0.8940895897929622,0.999999999,0.10574318641049263,0.05865246536264353
U_4049,0.09579143515514502,0.9999999989999999,0.15531103286656828,0.021563718851464957,0.04779062863722164,0.16437433743863816,0.04193306255346303,0.1265091369847954,0.3036918839971076,0.04879770037718661,0.03497783076391271,0.03545869296894034,0.16899532135913214,0.1569159933179122,0.06399622408145066,0.0,0.20213809088946383
U_4050,0.005802965251696587,0.0,0.06418041244948149,0.0633408788110136,0.14306784493173055,0.9906027830828773,0.10308887009457246,0.9999999989995877,0.08498302837128453,0.30708249596145215,0.21528304211512259,0.31794854068537587,0.1108552760934933,0.16402076772767343,0.03864774442095711,0.234777634588313,0.1637734369694385
U_4051,0.23251297818073746,0.999999999,0.2543994011389598,0.012872115214703508,0.05179034216768688,0.22617171042705114,0.03288202018944452,0.0887017195918164,0.05698323854227172,0.04138835855564867,0.08690407733508401,0.4913178991081608,0.07921261140569559,0.260853986948773,0.15000063174281827,0.0,0.5260588459430323
U_4052,0.38625167548896744,0.31163647480187573,0.36246221716333754,0.019674324206745468,0.024465628666493464,0.12854719640912643,0.015668090964687027,0.07516885676314676,0.610370610894036,0.010900277568742801,0.04318006003588459,0.020552576448203814,0.13973729935270598,0.999999999,0.876166955989721,0.0,0.15264090321717444
U_4053,0.17680851225540048,0.10059657530885682,0.9999999989999999,0.03348548374797,0.03958448111588113,0.2045496136804289,0.08536287541895263,0.08612680751854188,0.04783018928370709,0.030176085742836294,0.04520572269179674,0.03165996670780445,0.09342064831087112,0.12435296609798799,0.07008408605070986,0.0,0.3908599099837553
U_4054,0.09847880048814864,0.11321565417318308,0.1700130842410801,0.1483076276880225,0.20662566740035287,0.12348791327445158,0.0838918733382011,0.22838078857635896,0.0,0.07565037583486653,0.02569761986490484,0.051250057111389476,0.05287225277318085,0.18251598887006681,0.15121470017444297,0.999999999,0.3685875914031111
U_4055,0.3520181000117542,0.9999999989999999,0.2350815297884819,0.016342675614741984,0.022541495120828568,0.11381413632722623,0.028629453141403235,0.05457801599623939,0.030653755616697784,0.0183180644368003,0.02168944685282156,0.03224493678347669,0.147735169598411,0.16053992933317823,0.28825947613429087,0.0,0.11752618714921106
U_4056,0.999999999,0.7839428347080333,0.7939714296832328,0.0,0.08391115503639422,0.3907964535158365,0.028039361230220942,0.13726553588665785,0.027036702826001832,0.0828397627509854,0.03155992504805355,0.05620803323521846,0.270450761041657,0.3792258121692917,0.7715708173018431,0.046637789430112105,0.3117184692760215
U_4057,0.38078737390331785,0.26318117094774623,0.30531694818694943,0.006999820998475214,0.0,0.26725682988634397,0.050700911309332165,0.06569780752665763,0.999999999,0.02163068431500674,0.02548812505695699,0.03739527314503966,0.13713906923461974,0.23245273237196729,0.2811343412212939,0.008980462986670828,0.763012102795493
U_4058,0.2841610599093571,0.1911731369722564,0.34809584296631163,0.057706180644541756,0.09188149852570174,0.21813456417102012,0.999999999,0.10876978992258363,0.0538917938615808,0.019765358909529313,0.041767088208673135,0.047006579145495976,0.19855673117358247,0.20151415594725294,0.1290997575452756,0.0,0.9159515311373173
U_4059,0.07002930953755857,0.13479507974910548,0.9120232349092986,0.05548641713389278,0.06196777061053495,0.999999999,0.17664584485705342,0.11907306403733109,0.06253940883878784,0.027847805168910732,0.08728068243397517,0.4292415080920021,0.10695173603834662,0.16741626291807252,0.04925032045256848,0.0,0.13366279123319266
U_4060,0.18559109450421293,0.21173719738800809,0.999999999,0.0,0.002786865178000716,0.9683534083834996,0.004179190705888086,0.04915836307924906,0.4075367593185956,0.015175687797046429,0.06940926330512596,0.0037292822272144486,0.09902252013934053,0.11072167652985501,0.08998016032481357,0.1701364492166705,0.06950956918711812
U_4061,0.03734354374991331,0.10916344996621893,0.1217361789315391,0.07889083035183693,0.10599882756084787,0.17307407336578193,0.13253731704688831,0.13552553431527314,0.9999999989999999,0.026080413726222145,0.04196997802623747,0.04089478130067392,0.1888066015785827,0.15872327083584392,0.05634816853733683,0.0,0.11538097666797448
U_4062,0.0,0.03481527219203422,0.061615521734606445,0.07143114611051016,0.15476374111718594,0.2353781985089255,0.0766653881075341,0.999999999,0.09156852241311995,0.14540776350683474,0.16692610158325266,0.9344693921213452,0.07629004306557294,0.1528688955849482,0.023566698904237116,0.8190045610596429,0.20432713735752117
U_4063,0.5632595800514296,0.18298693502265947,0.5889333509451419,0.000524527716788366,0.0,0.9999999989995635,0.04018517835274765,0.058088178310161324,0.01652213829524294,0.030499191845130037,0.019788653409029633,0.4382446990907929,0.0981250772801773,0.11025492875234187,0.21544774359425678,0.011054673975632586,0.12169057191337902
U_4064,0.20609213567001744,0.9999999989999999,0.1943418725807589,0.008962722860974277,0.03373212112022653,0.20495370417711525,0.06116108130324946,0.13512780110070452,0.05098876033336451,0.03197220602458439,0.03403621893264881,0.03266991217674714,0.13332590099576574,0.15034492428161472,0.09761360263774788,0.0,0.6468358535294331
U_4065,0.0,0.01603550802343416,0.07057054559335502,0.05920962700229014,0.16236321834291975,0.1410995703585323,0.1154199142833743,0.7443873435343759,0.09660747946733274,0.999999999,0.19071213305790968,0.3549686606358302,0.11844765492967746,0.18679832183857542,0.06737949763610197,0.768069216149794,0.18291417204029167
U_4066,0.383004076847082,0.3557375037733218,0.3386412881426912,0.01592598355777306,0.00978303566368417,0.1691327569920412,0.02591096095946202,0.06835642200854104,0.999999999,0.02881837116502236,0.02853018361826971,0.048126287657437365,0.22099170633337278,0.22293023260752107,0.3003382647061876,0.0,0.1470557066358185
U_4067,0.5340423406005557,0.5048699407969531,0.3777944628517517,0.0,0.0337809950630107,0.1440751218770417,0.028121440515097185,0.07074846793568879,0.009471685990811846,0.028667400625470036,0.04369520622524469,0.026817100950980763,0.17862348425854344,0.20977973920212625,0.4005227518004734,0.9999999989991741,0.0846650647074168
U_4068,0.6611316080436006,0.4631461053481558,0.485527617769209,0.0,0.7466814508357288,0.3221764389774359,0.6206827714787158,0.16177338720964773,0.01974849603533061,0.02989398372029542,0.053682296544763676,0.992048333603643,0.2199613508947208,0.28418171164219125,0.4516906528372706,0.9999999989976365,0.18654538312980384
U_4069,0.999999999,0.7900510701843636,0.8937465050660212,0.0,0.055134712033929154,0.4282292001088314,0.029844702725394377,0.14348918302181105,0.025856167820153098,0.09714465332481166,0.033813797950937106,0.06389358603692429,0.27000364950095257,0.4039655037897722,0.8169724776151471,0.050242841510903455,0.32612168199189956
U_4070,0.4662048660363914,0.34532985100272345,0.3612639552071365,0.0,0.01871212895517803,0.9289997448392767,0.999999999,0.0907892617950126,0.022745243695301447,0.06097888592560339,0.025726648997365778,0.08699121658208775,0.2124661232473359,0.20981365201625662,0.374805448422565,0.013712242107810899,0.23014294559516837
U_4071,0.21621406921188716,0.2287758547893785,0.43382977702586795,0.09854222331460324,0.06074762515151205,0.38850632188492296,0.2720207740173039,0.1415745895627357,0.999999999,0.10370451007840976,0.181577661518595,0.9651332696383483,0.2220474561724255,0.2560126615368256,0.1094110463899296,0.0,0.2087366920303345
U_4072,0.3093266036552876,0.7945231264044279,0.2832619869045051,0.022670878013128448,0.01667765270183842,0.24679429367905953,0.5430702689392928,0.08648621963026934,0.02611965128406095,0.06644352467385657,0.029619979913745195,0.027216055633936927,0.16289211374084145,0.999999999,0.36218233879785877,0.0,0.10693104189316327
U_4073,0.1017000118449969,0.22567123108920442,0.999999999,0.0,0.039805816110761796,0.1656921587565781,0.04663138630686079,0.06843425975206903,0.2112412791271958,0.011883608083762619,0.031011829381036537,0.414600421719196,0.09873731182907972,0.14098652014270602,0.060716525936482496,0.007461268233957961,0.10279100784148637
U_4074,0.0,0.12987733505714605,0.09308435031870887,0.061683490493667205,0.08272969143729461,0.16055784846170273,0.16512321466916427,0.12492302019971475,0.9999999989999999,0.026794621539014123,0.10137959707549306,0.016675558772709386,0.1524529942487649,0.16842110829968615,0.05285393500480923,0.0548736828872334,0.1032809388677375
U_4075,0.0,0.999999999,0.11361256090230626,0.04605112174276126,0.13628065184489171,0.17702441214235426,0.0929090719817727,0.11148458358578608,0.25087337470787374,0.5285642105295068,0.1881175597628459,0.9564374299320006,0.09493432771594833,0.09644225268503068,0.025170246032278725,0.7337153032099484,0.1146854602109113
U_4076,0.10707851037132804,0.017667451205495493,0.8106558533359324,0.036194012730901705,0.12472884681426619,0.07620023780092341,0.1000762167380643,0.05442907580244838,0.061587902494375,0.18196062831994955,0.10271713596808855,0.473105598631249,0.053138293041090585,0.07220028590737404,0.0,0.999999999,0.09534716113756511
U_4077,0.5287559577669897,0.4720572255813202,0.6120089783617131,0.06475430931328312,0.08833293724981182,0.5310808127261273,0.13376700464530822,0.9999999989637783,0.05853706303989562,0.11269763813357339,0.10680232049700898,0.12659433646024307,0.3028663751759481,0.33534996087767954,0.38996387801034066,0.0,0.9720783001425527
U_4078,0.3398990017756977,0.37976896726202586,0.23446908326376215,0.0,0.029940134304471327,0.27497135927657945,0.999999999,0.36485837056978754,0.348359555154915,0.08041654110701153,0.0497541243162517,0.11676595951825564,0.23509884340041878,0.20557813609900225,0.2945648686510299,0.5430958164734544,0.13976798509462438
U_4079,0.28625602513061676,0.2108744371743241,0.7046177319250011,0.0,0.999999999,0.724246752940451,0.019714704154547034,0.09814760647004843,0.018788287805099252,0.03215558388700869,0.02898200451756569,0.5610183439054698,0.14777097867888897,0.16065490652028422,0.23637211355629809,0.3751627012160732,0.1467785566009681
U_4080,0.07783717403605733,0.5044371093411396,0.20936833468492147,0.058392521135055865,0.07586388011193718,0.21321749867035175,0.09828275562964599,0.12485442664019743,0.04836054713968334,0.04238164512593715,0.03914215427669406,0.9999999989999999,0.11718511835885946,0.14733417834429074,0.06430511585819317,0.0,0.11947833753631193
U_4081,0.03491100344347054,0.21311798047617367,0.13232893681659708,0.0,0.03038330674980716,0.14190105924511545,0.06462642566561642,0.0962444448324008,0.21470185792582197,0.409536121044051,0.0203027316966406,0.999999999,0.13458535020732823,0.1273659235222019,0.024203349926697076,0.3100713937675191,0.09044903266116652
U_4082,0.04011315890028195,0.10867706555936246,0.9417202409157903,0.07313323546657957,0.10042636040522217,0.2613091328844808,0.999999999,0.12665940478662202,0.05814400775648129,0.035199490342148955,0.10456616550746338,0.6045226391707552,0.16068701946891614,0.1882009677534814,0.04827916853269886,0.0,0.12254228337431677
U_4083,0.1842959947721229,0.12351193338868727,0.16701028994872116,0.023545811276013885,0.01921969222716002,0.20537079171031336,0.41186862615592873,0.09963661925657034,0.2825921942207929,0.02998733455929523,0.01793859133365864,0.999999999,0.12809815176195793,0.1304157900672746,0.13032248054488163,0.0,0.3646252802028094
U_4084,0.1695133187202725,0.999999999,0.2713645785368,0.0067656106649428,0.03947743009885455,0.20137040237805873,0.031580185698850814,0.14771466139979114,0.27865647761373447,0.06833777792061221,0.057708645074875005,0.056500374033385,0.1836106013243409,0.17455664349451358,0.07695056895843153,0.0,0.162519571027221
U_4085,0.29517544793712386,0.30083920308070294,0.999999999,0.007773827857400898,0.40039484571499157,0.18709149033875316,0.03190528151948818,0.08775733388992282,0.7294034061582602,0.04597706990263733,0.024671317370855976,0.019753401790425063,0.1140785424382458,0.15197141969239278,0.28682812787817147,0.0,0.12590662437241923
U_4086,0.0,0.028525012114236737,0.3635346076839534,0.10617189860107969,0.48891937633999294,0.05687719587648058,0.08452771438415639,0.2655733769014206,0.8169814459191553,0.4887295507918024,0.20228749263776455,0.999999999,0.10357566701542234,0.13347211065160994,0.04732133670883563,0.16535338683178624,0.11725273976955826
U_4087,0.0,0.017381059098827974,0.07665798917054707,0.06277637859184768,0.14322865217941763,0.9999999989999999,0.08549001138265093,0.14825572092652603,0.0734884343498456,0.1615385571943101,0.16592882123009123,0.20995046350323515,0.1115029013706295,0.15511803172646899,0.032177106544122994,0.3263320119915875,0.18160483933354457
U_4088,0.2168018651594707,0.2622639492858646,0.17522106164096987,0.0036859653757295462,0.054256509514943436,0.35566337480374155,0.0034618004147433145,0.14824974934656993,0.999999999,0.04991954217238222,0.03241983314738473,0.0343793725042963,0.22643930486035227,0.1799640429241364,0.05825929864061954,0.0,0.16348009654974427
U_4089,0.08130114569837264,0.09767644837049035,0.8612118183897768,0.0,0.3007711957265449,0.12713517245839426,0.999999999,0.102880537748628,0.16701781631165125,0.5611706189352853,0.013352829400219597,0.010240328106032448,0.13559365213921473,0.14222412935503811,0.03267139064891215,0.3015401732985314,0.13525406216877825
U_4090,0.999999999,0.8478652239617733,0.8908287635774572,0.0,0.04389526461114778,0.42896417770632084,0.07834150300589089,0.17049491295549954,0.03636940049571749,0.06186444772807392,0.04966717728704129,0.11046012408212579,0.2859432135730154,0.38805789053373535,0.8848997303162611,0.06370291317149293,0.2528530777475459
U_4091,0.8785981338064905,0.28330112332808455,0.982299579289513,0.0,0.3808738009892575,0.11913209193142024,0.02310616475570724,0.06608161601060061,0.9999999989956091,0.024888896551463095,0.003974504570298946,0.5279259323653792,0.1393700340007682,0.15312260343517933,0.2664734392073417,0.3944814151757234,0.06394624928266249
U_4092,0.22116763347733615,0.18893319004888387,0.8819766960063234,0.0,0.18605126228473912,0.06659072061361207,0.013329072239059759,0.04564384755738437,0.0643064119592014,0.017409595698446818,0.008579547991616528,0.2817895010668942,0.08819702500036151,0.999999999,0.6510062651895273,0.001849579303941287,0.09440851762852741
U_4093,0.0,0.07118360239225786,0.0825746524608501,0.09541681932214234,0.17259883750518998,0.6012495199170269,0.11844786484990824,0.1105818253496039,0.7852824071326946,0.6960207324406116,0.21567760092864416,0.999999999,0.06802765394568663,0.11841088816659293,0.015478119773945264,0.35952298661916043,0.17985137952265887
U_4094,0.26288170406377126,0.25430347942424536,0.31757707859112955,0.0,0.03161921270584495,0.24797567116046118,0.04672036652029094,0.5095790457368542,0.3480534223946675,0.06994217011728998,0.03231981635246308,0.999999999,0.15575828308398848,0.17139073636416058,0.25888765571183026,0.010847287135392932,0.8722312770433086
U_4095,0.03585212352377098,0.15518338940734913,0.067889173759022,0.05602883531289915,0.056861540928170966,0.9999999989999999,0.1719251733713686,0.1120474786506786,0.22099985475655612,0.030516645478707815,0.04741980754564181,0.6300315527157101,0.15920631716524714,0.1614466291456041,0.05411427746288934,0.0,0.11708220471173181
U_4096,0.20481685944142689,0.3943554197658932,0.5788224895978328,0.0,0.020122803932119765,0.999999999,0.057094609785650445,0.07864518517619096,0.0419649939025129,0.034861323126798106,0.03159931333273646,0.14486957185488464,0.11177570646444589,0.12810659380634207,0.2571631739102426,0.008975087946616396,0.9308806646510883
U_4097,0.21546272278832473,0.8592367875326284,0.999999999,0.011308176574367279,0.031062853272621028,0.24256016946898845,0.06545000193141734,0.0733441210253977,0.03425030731261893,0.04647903857727101,0.045909660916894156,0.052521277335912046,0.13896415348951616,0.13089082600243374,0.06646623245620954,0.0,0.6321302810016767
U_4098,0.25903210883247263,0.23030599740391006,0.9999999989999999,0.011497068631413228,0.504444782590644,0.15398497731710378,0.036624504292987727,0.4602266791573449,0.1736242639128418,0.04818789039505153,0.0354709793800005,0.031211345527077602,0.12492028432977416,0.15745323349745616,0.07833718794838279,0.0,0.15059344657671545
U_4099,0.11249805942224254,0.8108234713980195,0.999999999,0.0,0.3893374734129779,0.16121574461066376,0.07586912661999501,0.09620779861651728,0.17331971379618571,0.4855414064994379,0.09348713376991442,0.01810174425246984,0.10818502228907081,0.1365037673289738,0.04083285034099989,0.27671067977519154,0.48136810085043885
U_4100,0.24479903263680813,0.20815539969260366,0.6960541044936662,0.0013746190942757598,0.015408482985508834,0.08687955210615403,0.014633518633146372,0.048536592306285556,0.32198827618726766,0.010534823925155111,0.015072140950170202,0.03423648511138663,0.08719254184797513,0.999999999,0.5595650469688548,0.0,0.12197418016013781
U_4101,0.18789891043704282,0.17465245661859394,0.32377818518247997,0.09980654743038211,0.06883834223334008,0.1756662195256592,0.999999999,0.10607810719270329,0.07706390481447226,0.04697440901276085,0.07662693625898973,0.04291806686890671,0.22567130164918506,0.20200508419403185,0.08489790776093509,0.0,0.9138820657469209
U_4102,0.999999999,0.6757853716504179,0.7454142506479503,0.0,0.01866675807492726,0.36016322631399705,0.028783950111721492,0.1820065895703428,0.02723677384326712,0.08915187017607717,0.04737670994523487,0.06811377884071013,0.29422218482426793,0.37378517490572255,0.6762632401099975,0.013595349006285895,0.2666464245720148
U_4103,0.999999999,0.7750477319939149,0.7652763545734286,0.0,0.05625617327620541,0.3954485145487633,0.024692920011422582,0.1351872528020472,0.03895452635268623,0.07949057806738172,0.04145557580671395,0.0483641739542273,0.27259650809559255,0.3693136457368577,0.7534745816509455,0.04973769649512094,0.30424025165791835
U_4104,0.2829239825256283,0.21174253841361762,0.4156374884712014,0.020617229042359075,0.0041151793016835905,0.06983437490138547,0.025706093860488968,0.2225915418773032,0.08178637564819904,0.1319009772632649,0.023146046847865226,0.013476686764555795,0.09399793497430059,0.9957618026220357,0.999999999,0.0,0.07702073817322129
U_4105,0.2303512112437481,0.1965231370728818,0.22788353693958605,0.0,0.015187711918484158,0.16162142647001443,0.014137071795042722,0.07099369677167972,0.40337517047870025,0.22364770640051276,0.009364511604051459,0.03641080678611846,0.10767486372579103,0.999999999,0.5777570311934879,0.0043715446029329716,0.11872867099379929
U_4106,0.2650368698840707,0.4497199281601128,0.999999999,0.021372032721889825,0.13885444473697117,0.08717246672758562,0.02618122702311816,0.058940056721382,0.011576135990529209,0.03570706859808342,0.02729552281932916,0.1900346969245093,0.10046957604198592,0.530196095294441,0.6772431868941289,0.0,0.0703057518786296
U_4107,0.44690149686422775,0.36650947240050097,0.3455055304225203,0.0174106038834781,0.027829345304556823,0.2176249992060685,0.999999999,0.05888060653761572,0.021550358097070448,0.029957710200939538,0.039654754650090385,0.03513410571420692,0.17209266430636885,0.16704988728598297,0.3142939384289115,0.0,0.12105637676844325
U_4108,0.3624918559534954,0.9840044653524883,0.9999999989980473,0.016110691253304665,0.032467453102040855,0.29159096203767143,0.34724484470922956,0.08869905114655734,0.01949508353452233,0.04769730974956544,0.04586014948292167,0.06447825470878288,0.1731048090681501,0.2035130926507432,0.3477445148851045,0.0,0.13245778972374012
U_4109,0.0,0.021719324507237587,0.13863880380090757,0.0628367559826174,0.9319742832139186,0.9398645804013693,0.999999999,0.26311377222753707,0.10101130232437519,0.2552334113194176,0.31835146104900963,0.3535825847390995,0.1522371300828034,0.2510018927623507,0.052078091166294374,0.7793636326204622,0.2894103251467774
U_4110,0.5017653641682913,0.4840480665762927,0.42467776569398097,0.016918467706044285,0.0,0.17656530076366792,0.04316818133666145,0.09626693272138312,0.999999999,0.045081220632577086,0.03803163069643963,0.05280979859653987,0.17740215927990033,0.25847699035498256,0.3955211151347207,0.028333360886647018,0.17998395509696993
U_4111,0.0,0.999999999,0.08955298500810144,0.07776039605388103,0.13839028883358379,0.10882132431134905,0.0930150107717092,0.11942767857616973,0.04785354355250336,0.09611060833921924,0.08959920652318701,0.2295252757912684,0.07411850033107119,0.1379543450052174,0.032935505102031394,0.3564380861821684,0.15985629146073876
U_4112,0.264742108715543,0.9999999989999999,0.25045836942942384,0.010007243564258073,0.025655343279909332,0.1930730818343699,0.024562796833738392,0.0751715967123319,0.012052767827756784,0.04620706889673106,0.0440749346897144,0.058412139173896746,0.11680204095716368,0.18179122886168433,0.3788237858927595,0.0,0.11329214289928971
U_4113,0.30905561990591496,0.26654060817309266,0.9999999989999999,0.010450211671763066,0.009932806204334387,0.12637033433112124,0.023593958503673355,0.06093145261703213,0.015537337363898812,0.03664378071311619,0.027519643473849064,0.03872876817788939,0.1436093520527481,0.16223854074278266,0.2797650697138157,0.0,0.11061773599232007
U_4114,0.24863974736229078,0.1546345146922318,0.2988476807297095,0.030017044399146497,0.03441001688935724,0.9999999989999999,0.13242793346093717,0.08261590400210804,0.03128368665628325,0.030818304187292176,0.030543164231786414,0.028365837760248508,0.10618226853577636,0.147226084482921,0.09517459486630724,0.0,0.5906783262904096
U_4115,0.05257569698447862,0.14664960032884583,0.25308536043897306,0.08267836918290065,0.08916044540903223,0.2019047453726981,0.3121669116427341,0.5877477088838047,0.07617716753189267,0.02894953082787688,0.03797338365816019,0.999999999,0.14960939996059927,0.22905915400363341,0.23895155213339572,0.0,0.12579156418277654
U_4116,0.18582042539503146,0.31992350818505055,0.4257077921000781,0.16363656676155058,0.2471548264819925,0.430411759762035,0.3729557203491365,0.28760868038963416,0.999999999,0.0964547574420296,0.04826051095705812,0.1324291110646464,0.5593852169955333,0.522913416997013,0.04128215580982145,0.0,0.35883483022204843
U_4117,0.9999999989984016,0.7228510616296419,0.8283998470603479,0.031288208870905145,0.03372728656392112,0.5835949016788061,0.009283528848535663,0.20032156323959968,0.02133197167400382,0.07258982665659489,0.043937222271125856,0.1116606567861284,0.34729322170231636,0.32961246483890294,0.7807272824547781,0.0,0.27669216998384166
U_4118,0.7669016290192527,0.33591316311465236,0.9452886839925108,0.0,0.09127349768270959,0.21518193777334305,0.999999999,0.13280371966245158,0.26164312172247844,0.026061502090743576,0.055635187874781514,0.607498220886064,0.20248929744454208,0.18702006965052914,0.08936311443804222,0.5653766103582583,0.1310392070726813
U_4119,0.4996417556124995,0.3335028401940071,0.33174641623193946,0.0,0.009984797552513079,0.22830780241260135,0.025930938678134098,0.0726873350573882,0.999999999,0.02685123590028795,0.03517881953134319,0.0559951701631831,0.15722343695153185,0.25872216405333914,0.3533503223512739,0.006989196105225297,0.8263398447192518
U_4120,0.5224918902858363,0.363650233196494,0.413173421780981,0.020340087182868862,0.019705623252347013,0.17232503873358845,0.36969049121340103,0.11031571720802053,0.999999999,0.06917948040054085,0.03994743640462782,0.05354864543495113,0.16956541280223003,0.22043859272270255,0.3355141637810192,0.0,0.14546938749951094
U_4121,0.45460959195419415,0.4578502692099739,0.9567657254374096,0.011715567282646722,0.04567962758225857,0.2731579267684353,0.38764766255105954,0.1578195424622202,0.999999999,0.9363639173276573,0.06582511710526857,0.08172330884974899,0.21658361225346895,0.22368702797800885,0.25576374889002795,0.0,0.1944369711516988
U_4122,0.004850546459896629,0.00929951241223014,0.09550373906455265,0.05428998565307337,0.16146268459408797,0.10026219243606914,0.999999999,0.19245359966998973,0.0013929664193866392,0.11874919401146751,0.08696645139342161,0.13986386188754787,0.036924593977356666,0.14191328787501192,0.0,0.4152497494109126,0.12405810756142867
U_4123,0.4312461186141035,0.4227067128860617,0.40010822625910486,0.02199227841637057,0.0,0.20071245742223498,0.02181236877916168,0.08898869206625579,0.999999999,0.03854543972887657,0.026906905355166256,0.0373134831679395,0.11890803552330072,0.2053531155522094,0.4225948745820399,0.4673308650218475,0.16474993307828736
U_4124,0.32795627884714806,0.8364142542744873,0.2870277025674045,0.0,0.032202279953755,0.2534221106003263,0.022536598990224033,0.09504858541960459,0.004687900659860562,0.030646837217594196,0.021921702230852963,0.05382547539119548,0.1841147552354699,0.999999999,0.63075916978646,0.008130313519894052,0.15697482052031328
U_4125,0.24376422340001883,0.1468747889132999,0.1589982050773762,0.04548023672425792,0.024054986341595908,0.2794179090520852,0.10813203542241896,0.13646994231737522,0.10535780195416138,0.026210001053171256,0.029133031846685323,0.0475735527572516,0.17410241205021454,0.19284552470776287,0.0943333109768329,0.0,0.999999999
U_4126,0.2615842075335105,0.6657465211939203,0.2593548569718263,0.0014659840215470886,0.011701585891171803,0.2992852613468187,0.11561493872566263,0.21074387225711458,0.015312906522960803,0.1907369420274255,0.026956417879552694,0.999999999,0.18319283026128708,0.14267887064543464,0.2718222395167478,0.0,0.96308268085653
U_4127,0.4953547364859138,0.5080940473671891,0.42462695588770044,0.0,0.06719203674410602,0.35491082199237534,0.06718116557475128,0.16350961549570645,0.02906517925293538,0.999999999,0.01775372661466449,0.10464262175507077,0.21224763469446004,0.24681881692500687,0.41667964703358423,0.7028982728200207,0.18523576992719526
U_4128,0.0,0.047009707973430674,0.24757436238584202,0.07810659147728258,0.1906009074322269,0.21827550996606268,0.1386048264721659,0.1929862625945419,0.999999999,0.28447116558260677,0.2742322321408424,0.29235356597151785,0.11723935450673398,0.16697082495243318,0.023540334593443082,0.5924385799998474,0.29503046579918685
U_4129,0.23762414435737328,0.2136367169846172,0.999999999,0.0,0.1542927034275069,0.24468880654586336,0.004841127783213768,0.09014880832100483,0.015756665808031076,0.045090629786273706,0.019364144638241258,0.006567225587460781,0.102623254386136,0.15345711283140792,0.9060811700521393,0.003527124772005453,0.11786286327153232
U_4130,0.22859942982291562,0.999999999,0.2078087334081098,0.004799580010357978,0.3448053764327907,0.11751223997936698,0.035676972487705794,0.06372283417455459,0.03193301935871614,0.02788532429831037,0.03005558469913488,0.4868202352427159,0.08625513544651064,0.11190369282499155,0.18815227012573163,0.0,0.55808834702748
U_4131,0.34692361796382754,0.3183247041396976,0.29551443350174017,0.003964353753382585,0.002805780803208737,0.2940926227491058,0.02195142266155711,0.999999999,0.0029857394822348235,0.01746853554225953,0.02184149897779532,0.060179740026199205,0.17683479474406205,0.18298405904369636,0.28816670991806254,0.0,0.2299294897639242
U_4132,0.553663434545307,0.4236910509538108,0.4637839689338033,0.0,0.009391711299395346,0.1820236403802956,0.012620850291420098,0.062276967363865704,0.02256578816785939,0.02458023720457435,0.04974543548068756,0.033925885735828026,0.20109495016507387,0.2063451911053763,0.43647027863847593,0.999999999,0.1687934832772166
U_4133,0.1030032165777766,0.999999999,0.11372837036562948,0.032192916730322346,0.09199551423332643,0.26636322323841777,0.10848379993256951,0.13650957237742456,0.08932048670255748,0.04382527905470686,0.05157719000212413,0.8541927478382548,0.16244554654525964,0.22494573026799736,0.08029055071551235,0.0,0.1460695162810383
U_4134,0.03884015400160163,0.14466869990907702,0.07728448767896726,0.055481123291894224,0.059919652076632725,0.14615218282258838,0.1438432171627428,0.1068398676316959,0.9999999989999999,0.02181401292124203,0.0342249952613912,0.46110474278055485,0.17706135493282707,0.1566034990403476,0.0440159924800671,0.0,0.13293543753238887
U_4135,0.23564987045231392,0.999999999,0.1737192773713039,0.009570404028387085,0.1915858722309981,0.21927812765533083,0.05312319739827384,0.14270808291184528,0.751439875119706,0.031600342333034104,0.05140529162948149,0.0,0.13363541066240406,0.16138878676723237,0.050144855576415584,0.2504812996691522,0.28640449347870417
U_4136,0.999999999,0.8055036449120163,0.7760516419669047,0.0,0.03736800816968909,0.4220680076817935,0.04031316715784292,0.1511979067869739,0.038079496669677276,0.07273003731652318,0.03355765316815539,0.07308122445089403,0.35225009654990924,0.39835223435996076,0.868367596245158,0.07705148339666662,0.2571361983883179
U_4137,0.009602471365393736,0.012463147572547689,0.056568082501848284,0.03948052304256853,0.09625344795901236,0.009288622027040342,0.06553631972782682,0.07547625273424452,0.051107736519132,0.5471016660397197,0.11590763702320696,0.18758040750344035,0.0421036025714953,0.10279490433135482,0.0,0.999999999,0.12938295491572463
U_4138,0.0,0.09244397035328926,0.9999999989990647,0.0004651289882972345,0.272514004056654,0.6002881492040777,0.3944621182104565,0.20116707026972555,0.1374728332688807,0.33043680165888095,0.052036105786267065,0.6475672176601365,0.10825813944781863,0.12703135168319923,0.01726294983755545,0.002169235388097656,0.07596247526735338
U_4139,0.2841989656734449,0.30441517159548104,0.9999999989999999,0.016069686463781572,0.018482461763263736,0.1276620077260304,0.023047187677188368,0.0899089116679892,0.01853571608622488,0.046164210490044814,0.05613799395511104,0.03918975919906622,0.16058811272451012,0.16646270946895358,0.2719767275727592,0.0,0.10930530186160213
U_4140,0.3119642905275519,0.18721808496086823,0.33512281214970435,0.06927924882676827,0.04327525821014712,0.36166761966263844,0.10617970765431348,0.1265831987110588,0.022303909422736665,0.05883282629765205,0.046235654595384694,0.9627993903673112,0.18181639901835697,0.19023080556496064,0.21758750083950523,0.0,0.999999999
U_4141,0.3065751307353892,0.27624186711758664,0.999999999,0.0,0.014422181027680326,0.12179395786308869,0.013395368402601459,0.06963406009538799,0.0027710253421552584,0.024899421637972395,0.02269975387416998,0.014137474468634179,0.12140251307248331,0.9882705581831407,0.551604992680256,0.0019800579496400987,0.16236408341514907
U_4142,0.2810202727576854,0.19864707811341484,0.23641041802689153,0.003049089622523367,0.008057947761576164,0.05559784070098809,0.01928458902459537,0.2505935581364004,0.26140211353699166,0.015168489302436547,0.008928994545787074,0.022337186466655924,0.08260030941684625,0.9999999989999999,0.6043716840043531,0.0,0.09961369028285885
U_4143,0.0,0.035460355056237285,0.03587945845937988,0.0562569838481706,0.1324010159817718,0.10459734300668191,0.05082783433723158,0.4319022399801597,0.35297454240225773,0.10849068844484747,0.1935930141786612,0.25863184876116146,0.09210488076676294,0.12445448122046153,0.03439106291526318,0.999999999,0.12161654757559656
U_4144,0.3709828111076235,0.9816488823429793,0.31619080274459727,0.020947642247216465,0.03731100532501749,0.9210804405769049,0.02840425342095397,0.0931002105978436,0.024730155313444396,0.07245233049237088,0.02917385423525285,0.026307844057783584,0.12483318103956043,0.999999999,0.4470036338838263,0.0,0.11772685202935214
U_4145,0.000977609739906699,0.04328764092607598,0.06849483573109397,0.08681230278327573,0.15977942353498267,0.09700918533049346,0.18054161318477918,0.8912684213593319,0.0,0.20061940126937394,0.16831745974950463,0.24762842519043624,0.1063172847472788,0.17691680366822837,0.05215785749307432,0.9999999989938332,0.2690268032485359
U_4146,0.35013338745994144,0.3046271678127206,0.3245678912522694,0.007064892294368498,0.002403214338094862,0.1415387117247057,0.03878645159750161,0.08748740105290823,0.033335210462595646,0.05167052045384101,0.04428460635087526,0.999999999,0.1790477742553844,0.17690721092985803,0.311951421673527,0.0,0.12992801877558965
U_4147,0.5942380365928686,0.49655253652639486,0.5106409396594533,0.0,0.030850358848487452,0.8946216202219139,0.057084930198046946,0.13366345536279345,0.06783018079857246,0.999999999,0.03750165173024433,0.0935884336018647,0.23564376587869681,0.26143274258306665,0.4523244328350231,0.007382177757923567,0.198869467308716
U_4148,0.867334844600706,0.27050811931858376,0.8946033345864927,0.003681026991449963,0.03238337759097064,0.23745378510336515,0.999999999,0.09789435975822852,0.0749429854406083,0.06116644825384528,0.04263260476047991,0.7246007398943253,0.1266030996518245,0.17492778973794706,0.14441791064264972,0.0,0.16932392796174442
U_4149,0.34255340641366405,0.999999999,0.3210024183810154,0.01816833775093463,0.013644518155314096,0.3311705488841226,0.04015290314840536,0.08920591630573735,0.8465113153921181,0.029356885077079006,0.020788310190462598,0.026340247754090853,0.1400006963007945,0.19834571143389837,0.34538353966324303,0.0,0.16847168963924974
U_4150,0.0,0.06969778038328443,0.02968899648544104,0.10503749878303799,0.16649423810605046,0.05460347304594945,0.07530001510761623,0.2204940272688319,0.20819705839912422,0.05597306369427199,0.06777033757949659,0.999999999,0.040408140398771636,0.15354955470198428,0.08382355034945421,0.6295531416275761,0.2046747385982668
U_4151,0.33979458512698646,0.3267687398904232,0.4014672757679155,0.0,0.01941056668884041,0.3106467217873445,0.06135281406253123,0.08078364255832904,0.999999999,0.03308407485941433,0.02935780720222911,0.02973899948057016,0.1268677494275507,0.25910340483387884,0.31862205270600236,0.006794340532279863,0.6630056313563024
U_4152,0.01842316344084032,0.001535595035518936,0.037868343301725116,0.05715462743486124,0.30274231982303046,0.6072133168192972,0.48600001597239884,0.07210651230596304,0.4381008006436498,0.23701896682042645,0.012844834394940014,0.0,0.02603977705674029,0.07524686502913158,0.016550025447722074,0.999999998996883,0.11075749190229366
U_4153,0.3925315284006294,0.999999999,0.3654111827064018,0.0,0.43624728747684804,0.9665724464677465,0.06764104958466004,0.1294288255446627,0.5231667881328799,0.05322943259195811,0.03319367309715035,0.05571852264144007,0.18018832046878672,0.2238657231892259,0.32447072970707297,0.6923045091426984,0.13815466201823098
U_4154,0.27959261924634876,0.19712837398509478,0.23089337926917844,0.001167167982248306,0.18801641206064396,0.47936596107620505,0.1197667419182649,0.05082534859159473,0.0,0.03760266174974275,0.01705534069291304,0.009800059361259541,0.07794756656909133,0.10886435987403395,0.999999999,0.359165477620045,0.0802708115259631
U_4155,0.458646722828985,0.3305416602444551,0.41787302202651877,0.006424208834830069,0.006473107075719727,0.40366849379577185,0.03756656226102079,0.9340368086708133,0.015043904539513606,0.04712842262401804,0.04257721665406398,0.03970919849306494,0.12539683588088865,0.24096229103429617,0.327741298408446,0.0,0.999999999
U_4156,0.3308300927021107,0.3137564174551248,0.31167855862882926,0.0,0.006326827976071708,0.14660161627149038,0.004580265734108683,0.07500196329226154,0.017750300682122144,0.9999999989988465,0.021676281185698303,0.03500048102149447,0.1596487589828841,0.17386325572280031,0.300871231659056,7.134172004605259e-06,0.12215754014206105
U_4157,0.013717093132487444,0.0176589724405954,0.4503524754942857,0.06851587041204818,0.6758987653334014,0.33629751032897864,0.32083254702566283,0.08658422366737142,0.999999999,0.20210086654190407,0.13896370233991495,0.13782311358842902,0.05797971066708471,0.10425814239612771,0.0,0.9146542883902757,0.11523340580600626
U_4158,0.0,0.15825130255955266,0.08889080179269432,0.10770862571363093,0.14857475962338598,0.18434671023390392,0.999999999,0.7217113730716885,0.06781584788930957,0.12121374731719138,0.09442300634090157,0.23534618732223542,0.10990709274451821,0.16606534230634407,0.053117424905203374,0.7479486736314561,0.16134352969619065
U_4159,0.35874732615015775,0.30251379054985705,0.2918956815066399,0.009560651131443044,0.02343367900499001,0.7704381929172185,0.02115938888218287,0.06831626599276895,0.0,0.03310787187106094,0.02329692508586542,0.009393356161815334,0.10628559432388407,0.999999999,0.7733360769510639,0.22484798873267542,0.14917601419752513
U_4160,0.2894932958086646,0.3725434642083637,0.3266100525134759,0.03647220538473608,0.05694467490680198,0.268630754268296,0.11058282452745656,0.9239316788340264,0.33665641523957884,0.06833055643858116,0.04502809171576812,0.06062045184090048,0.19983062305634394,0.20495023660196257,0.12076852708269703,0.0,0.999999999
U_4161,0.28120255376586045,0.9999999989996959,0.3061627999641111,0.0016234086368654601,0.017663811992213705,0.22482027148149022,0.01369493561920608,0.07799755733073309,0.0007551355704426235,0.022127636103875973,0.027797682966516874,0.007277752375343014,0.12348814543721974,0.9137458958101704,0.7370710165146681,0.0,0.13897704521580842
U_4162,0.26008588528227217,0.3689318273747983,0.3445675829019599,0.0,0.030781787499497486,0.22994814644965897,0.050863954727919436,0.0902740554177371,0.2540749718255496,0.031317807201595924,0.02099485112527027,0.01612093452492441,0.12643484091624468,0.1849268264943357,0.1309494540739386,0.0007440302041039064,0.9999999989993154
U_4163,0.36196995597566745,0.2964457312508898,0.33301387966459434,0.0007683760541698561,0.0,0.13112357787005277,0.017904801231627358,0.06786911326996493,0.20309745971585358,0.045197890753349436,0.016032329902934076,0.011069979323401237,0.08045747193357651,0.999999999,0.8016432969451723,0.283318948270551,0.09674563258532261
U_4164,0.3798782003778784,0.32376149645362684,0.3281249929562347,0.0,0.0073330188011165465,0.1361076696700755,0.47999621668821946,0.0739549557777432,0.023162800283482943,0.026658527570475227,0.030700251259683457,0.999999999,0.1904363495252766,0.1717558168568831,0.3581275827201383,0.006981882930248822,0.07464975903734175
U_4165,0.5196996806290444,0.3533266820549407,0.35269732282859384,0.009609285725115511,0.004297306250969627,0.13648550743807297,0.03314999672104363,0.10369088653220875,0.021657768692983154,0.05965357429922307,0.04458228841159414,0.999999999,0.1447622388775247,0.23690874817399743,0.288342114931188,0.0,0.14674798626395855
U_4166,0.28523752663749313,0.29711158580158986,0.999999999,0.012428089375971046,0.026748327382583596,0.2798444288988081,0.07131885369212443,0.08670560563322635,0.06169052038761496,0.04100712265640848,0.03662771428351528,0.03611281246864796,0.1400153580528791,0.24141725126426414,0.3201035544620162,0.0,0.5970458714051904
U_4167,0.2733134553562501,0.2611360808422268,0.3771909648043266,0.07074292524313962,0.03807700045975612,0.3254030317616959,0.17783844706446597,0.12879147169856267,0.9323171490377405,0.022798847363191006,0.07771490348385456,0.037651172613144324,0.2011284758474957,0.25644815060172266,0.16691499008150382,0.0,0.999999999
U_4168,0.08168216050051062,0.11650309878820708,0.12661095900721556,0.04102517729689846,0.04725984295949149,0.15437456845816108,0.16504844263907456,0.14025571535972128,0.6534819047549187,0.031262837055592636,0.032247855331473445,0.9999999989999999,0.14113069974693118,0.1476340343495764,0.045250511698203814,0.0,0.12052175905200312
U_4169,0.40441523696558945,0.3274525639118916,0.30997221521960616,0.02338719710537414,0.03441841998524545,0.28269317064738453,0.0768278784629952,0.999999999,0.05587666394858171,0.07849178772685733,0.050977009661256505,0.06279355343161423,0.2056406556492443,0.2112268301864006,0.2621184850016617,0.0,0.33451744066545674
U_4170,0.2988314683805208,0.7660082765525322,0.36675843664974384,0.04849574190399092,0.039827668837456365,0.19138066929889228,0.25099095145969585,0.12236664066225289,0.8658006843569713,0.3140451182989627,0.055247227597288874,0.06233028785309497,0.1804023873485376,0.18602701103874839,0.11168320122009567,0.0,0.999999999
U_4171,0.3321647256496415,0.697894607971793,0.9999999989999999,0.024608321938427623,0.01777915223149807,0.09423403860024843,0.02277842638926588,0.05211290523172795,0.01695777214670826,0.045554293459756916,0.02405609258602252,0.0272203392508888,0.13420502681143887,0.1615278193022029,0.2150436389747267,0.0,0.08423484818185885
U_4172,0.8560519964124434,0.2656234858242356,0.7307079013802785,0.004773753713731956,0.3307539258793254,0.17815157348198282,0.3820376355492141,0.07380675732826777,0.023675782274301414,0.06557482420678379,0.038710444343352045,0.999999999,0.11409205049014758,0.13274568304201584,0.3126416314238621,0.0,0.10348579360161683
U_4173,0.10102368316436336,0.12227131306673375,0.999999999,0.031233341305251672,0.46930365131732327,0.15612792317043378,0.18538587352146974,0.10019794980144378,0.44640755052561887,0.04504365466657427,0.05592369612715941,0.5715910827414555,0.15231373989163863,0.1575924705132522,0.05622327502554937,0.0,0.12540112218787655
U_4174,0.26313017658386634,0.23234448918368447,0.7980531535296552,0.01190060861149243,0.01744374477897247,0.999999999,0.04782993911100832,0.07073135958253066,0.019183276384725136,0.03871857367408398,0.020678580125353712,0.02128283302061592,0.11987124606958006,0.15396416265592325,0.25720540159868105,0.0,0.4342911934106427
U_4175,0.4587614939338029,0.4496031410899853,0.40695580474433196,0.0,0.06639281694481851,0.209488776248564,0.05077279258262928,0.9999999989977365,0.3955000394219223,0.06751205473753005,0.05114002627484212,0.06815106657567323,0.3821153928709982,0.23023138218535483,0.2890545665750727,0.012424136231084404,0.2861805374753654
U_4176,0.362109997373185,0.27840882469076467,0.9921885565059356,0.0,0.12573666109510942,0.2920545945441783,0.32023365503595647,0.2397082073382539,0.999999999,0.05141221791053071,0.02050807430932794,0.02141659388829721,0.09630778975680591,0.14774628098783812,0.2806271001069309,0.009060637344816649,0.8896956021351053
U_4177,0.08133600616764906,0.320492151594461,0.2990499014170964,0.02927383478867626,0.09929868016317019,0.20575209029665711,0.999999999,0.10537693556476403,0.23381180070775007,0.6498403735013685,0.14281798522108935,0.0734640784350022,0.18426604076378944,0.16090353979594738,0.07239686378551446,0.0,0.8017115168204376
U_4178,0.28338582097908616,0.2527249010139991,0.2711103842436229,0.0043206606776150375,0.016532254182724263,0.32616674949961605,0.01610342965874517,0.08021696463513742,0.009619463996476127,0.022863278593421448,0.011616470520069127,0.03266731313033692,0.11493112174737666,0.1559696159214856,0.2536097168739592,0.0,0.999999999
U_4179,0.24421607094208717,0.21237996598456385,0.999999999,0.021405682902960417,0.016824628185124504,0.2977116425086723,0.046990570790262316,0.39620001972058866,0.2680301968109047,0.056256337828437246,0.03307651522278028,0.045000223954556294,0.11943850464470435,0.13616882323063548,0.23145251493061797,0.0,0.8663991676576382
U_4180,0.8622832946472359,0.3342606686134535,0.999999999,0.013669673935863045,0.048046938211769696,0.3404787134134022,0.06626959458801512,0.09356083324837464,0.13045783485402834,0.04019142231232304,0.12183455955245989,0.7289976817226269,0.1840081344873838,0.17066926914617983,0.1447956257226215,0.0,0.17134942205023718
U_4181,0.23603097217040295,0.36211183261631147,0.28286112361483773,0.0999804461030984,0.05563002320848998,0.21633762612778082,0.0419474807376708,0.11205191394285485,0.999999999,0.030496440709115617,0.06387342078780248,0.04153863933776064,0.17566272285993756,0.1775141586993652,0.09571434892541052,0.0,0.8466269568243255
U_4182,0.6443597573248895,0.5588420038802195,0.49857536791306845,0.0,0.032004894883954214,0.38939965819892947,0.01733608325372939,0.13411888005220998,0.06685926759313557,0.07317943040937415,0.030546103445892484,0.06722788634941024,0.28268803554877925,0.3235485841869351,0.6032296299247788,0.999999999,0.2747169759003647
U_4183,0.21531188147398456,0.17194929758279895,0.28846806770586614,0.03828016491177516,0.017111662636110924,0.26529872531818616,0.15621023591765082,0.09380517738121719,0.999999999,0.017288304927908327,0.016424986253055145,0.03533295321552393,0.14774481925713856,0.1960279915362026,0.14202849374262608,0.0,0.1774814967939629
U_4184,0.26555693504524674,0.2832561697377731,0.27450969827795785,0.009776546592230989,0.026026942167251096,0.21482372295408758,0.48083617734626144,0.09140004348593019,0.08117016982532056,0.8255007067915212,0.036956185860218226,0.0376979130216079,0.1114709868113197,0.14770162264210754,0.11645136789571375,0.0,0.999999999
U_4185,0.31839435876591493,0.2454179189816274,0.29572151864424673,0.02798408731865213,0.1620073237579955,0.10117317859811152,0.03176359472504196,0.28739511523477745,0.0,0.38675714655473126,0.03815122571975457,0.6781369521925081,0.12663126990357226,0.9349067931759706,0.999999999,0.09611768125951511,0.09993731737525062
U_4186,0.27714731967846007,0.30414825562472003,0.3351724230530576,0.0,0.036444522547390674,0.2806138293073272,0.05398318530738851,0.08519735291758383,0.016892539571230755,0.04471383777185207,0.02807737794218553,0.04018264526130858,0.11956173772211803,0.1762148888061355,0.26470976073314634,0.6066324294269826,0.999999999
U_4187,0.037665419555242184,0.7390788495376035,0.999999999,0.06881014175705406,0.36800728797623894,0.5158978532199613,0.19489848426742837,0.10490635486275499,0.13873285439309171,0.31206974794775166,0.08879158657138073,0.7663170684964421,0.13820241180262555,0.17614388183338545,0.04332833990163528,0.0,0.09363657793722026
U_4188,0.004587669251915253,0.05067556519927999,0.06565787580932017,0.06811104040476292,0.4881612653355082,0.4719802950855358,0.11106626092952779,0.10341268218394198,0.05733372023974174,0.11859807024822071,0.1349665047221948,0.999999999,0.05256200813421265,0.10209562831155149,0.0,0.8722120901404858,0.11455181765473858
U_4189,0.35996773404995985,0.3041161339716676,0.999999999,0.0,0.011727796851255677,0.1269558569534058,0.030041673906295006,0.05784723163571463,0.022787446217353794,0.03246415786665871,0.05328279343248812,0.024706997984242342,0.1267513986130272,0.14065859300453568,0.31754827042412853,0.00865374444662277,0.08689614943692182
U_4190,0.8458595000265818,0.7293480595739259,0.8528474205782115,0.0,0.06465170774918393,0.5008296617413432,0.055991359766531454,0.27118234572121286,0.0449283216524402,0.11469510101244815,0.04725083979408865,0.06540384587587897,0.274202038643378,0.3942037658834311,0.999999999,0.054653926592067095,0.29603154679597277
U_4191,0.37017205591077,0.22541663051981614,0.44963920845953015,0.04826736728363218,0.07926721916735921,0.3899982390950039,0.1859344024196669,0.1011652339156166,0.999999999,0.04321187750551477,0.01701028849142478,0.1261806377869309,0.19888266371872937,0.2335183003352722,0.15539872601303875,0.0,0.9641894298926451
U_4192,0.3411144046765323,0.24970703936519675,0.9999999989999999,0.010034144685010316,0.024726794319612583,0.10519376160522759,0.017370835097534565,0.05271954380696388,0.010908355018112631,0.02410771010702153,0.04015352539522419,0.025747889203479275,0.1769433051976638,0.15590322229132775,0.25790885522598017,0.0,0.13504793090296732
U_4193,0.2142866561892122,0.15841524402287896,0.21989101376502562,0.048290929622758556,0.04730637659175139,0.999999999,0.14158699369414263,0.1038219607556127,0.04543421246741614,0.03905348877477087,0.03157829428576113,0.6386878449900634,0.15497220843900605,0.21003247628747684,0.09158747398334983,0.0,0.12159062202206684
U_4194,0.33534392112528333,0.31447107541189634,0.32772513345787035,0.018752545391814698,0.011262503138855098,0.2465613619700134,0.006921403632929014,0.08794578058222788,0.0,0.01879382327888441,0.015957860042284135,0.6048708119926136,0.16941198822476916,0.999999999,0.8371905194437923,0.009803288209958185,0.21315993621399626
U_4195,0.532036426906196,0.5072457371385529,0.3600522908662736,0.008543143736631877,0.0,0.17309128155923698,0.022354505641207025,0.11041940468117868,0.019068088753946992,0.999999999,0.04762268742557989,0.033348878653582124,0.16209257762940693,0.22790602440136878,0.3371000788657977,0.012408433807783772,0.14412897907711825
U_4196,0.0,0.05055208566572,0.1729410173374405,0.15266692216498093,0.329961257860976,0.46065262578582744,0.190786482404024,0.27117160734846707,0.12715023879667123,0.5910859150276451,0.5009525663713894,0.5052073864119623,0.1810547100578189,0.29542033096530773,0.04909701308873827,0.999999999,0.4711758993640788
U_4197,0.24811793754125935,0.4951485073640134,0.6281447298252701,0.0,0.08140986815715197,0.16212909752965574,0.014104364108978546,0.0913215517565535,0.8949342219795775,0.0869951544092214,0.020695821627936126,0.015927670149702828,0.09258811212504525,0.10863656370456744,0.22503077803118374,0.09024967024092385,0.999999999
U_4198,0.10509807045156563,0.1004185301382802,0.2571576652897322,0.04737885622463598,0.05271766542637078,0.27393567552653764,0.07106139537229435,0.12127195958124906,0.999999999,0.036391792201262055,0.10979322693849393,0.7343521159999459,0.14628490264680558,0.18548766440442566,0.07916657453422613,0.0,0.14613930530019048
U_4199,0.23750949998833698,0.3369287708574895,0.5598973834441584,0.008282950332859652,0.01771664561341122,0.5032552840013903,0.016215569411834465,0.19842037808994942,0.33375420726450605,0.07664337300212755,0.029192063714599634,0.012744536514180152,0.09906762219777296,0.8941613802242536,0.999999999,0.0,0.07507194565179275
U_4200,0.2327209979921235,0.20493860746399836,0.18152851939792425,0.0,0.002415640466904101,0.999999999,0.375269513427251,0.10149093111266605,0.8738991284844551,0.024092579309778574,0.03164664373608987,0.5531523290374046,0.16496401806379085,0.14005672264360292,0.05555824371737685,0.01438400480630282,0.11228879182794417
U_4201,0.999999999,0.6472395518332346,0.5675768634927026,0.05060800174002042,0.05282830645190257,0.42316973966531,0.01264126175957181,0.08026530842505507,0.0,0.022388242019561085,0.022563290021595232,0.040980484698908415,0.2576613077038403,0.24421857092571586,0.7393991470155332,0.0030844814150379966,0.23351832643403198
U_4202,0.36323729661174164,0.2761723401869101,0.32689337294373644,0.0,0.01689272509306881,0.6370125195008153,0.23193027802287805,0.08873369350403841,0.010634166234869041,0.01055991106750629,0.01924841484957094,0.999999999,0.10404601796877315,0.14090329980273955,0.317923450414297,0.012191092333215418,0.09916569082888771
U_4203,0.032218677630151044,0.18426105699953557,0.10288723960951851,0.11356914333527372,0.1205133531417898,0.9999999989999999,0.18515888750798973,0.11979117366662553,0.24753269343424214,0.047961552393462566,0.10988636685543712,0.05077489012324118,0.20024588415960826,0.18855862771644932,0.05105551622032994,0.0,0.13129292701805373
U_4204,0.0,0.02883960583674543,0.11579559143629749,0.10852018274295165,0.23194196840497722,0.999999999,0.10155044173803164,0.1463951935573574,0.08701320361094399,0.20085729778996178,0.21714240550775987,0.17197786394462353,0.15755151701065373,0.1878579594291458,0.036543535441998655,0.5734755832548983,0.21628373597271372
U_4205,0.45156240875324144,0.34934167303092784,0.384441699290797,0.0,0.07707720368152221,0.4097160953034015,0.999999999,0.09942409160005276,0.043369766284933574,0.06129990489094251,0.04781385544752306,0.06904649420757807,0.20772789274815143,0.2279548894200765,0.3772053237175978,0.021103388205214273,0.17107133977499853
U_4206,0.2339188559886091,0.2090317112025241,0.16225404194372817,0.0,0.009155101566206166,0.26912141299247583,0.02496723185045584,0.11246501389321578,0.47246669441374034,0.1814532588074316,0.02426616488839069,0.27312511229777814,0.09223613283887391,0.1216371066278819,0.14244166737370575,0.29201165099878557,0.999999999
U_4207,0.2568359040583781,0.29145194777684824,0.999999999,0.0,0.02151779540519675,0.40583405205293666,0.03644689188513439,0.16431398299968658,0.03213579415924395,0.024496292046726417,0.030577833564567176,0.048655881475596706,0.16944074498786052,0.1968195004739742,0.20151207384555597,0.7343828311483146,0.6816909792918614
U_4208,0.4434330141339393,0.32587812194685684,0.9554728347160065,0.014642950049079824,0.019938210184453048,0.9805121726369949,0.06649487467388646,0.9999999989956871,0.028098401684840256,0.4221558444965806,0.03412991815696533,0.06556597324983755,0.16557691415964002,0.23408993692189198,0.2643842581931569,0.0,0.09871477856885301
U_4209,0.05464088534058681,0.26661935750606836,0.999999999,0.017299175418311084,0.06886456279109283,0.12437041148023985,0.08068221806498939,0.10454932932285194,0.26325594344716635,0.02737152048600618,0.0433334871175192,0.5086219439627208,0.12853982916369233,0.19153713752797244,0.0405656384430062,0.0,0.1105704791006989
U_4210,0.4039551019199904,0.40405030994428415,0.48909805054902683,0.03856927027034356,0.04750475019694253,0.4266045878084449,0.9944825020711326,0.9028083711294986,0.07637620699565158,0.058569978736258015,0.03968491226292344,0.07702046110513877,0.24673663762754244,0.2853039245931591,0.18647062368550876,0.0,0.9999999989857605
U_4211,0.9512397871517145,0.999999999,0.8501029578159928,0.0,0.09715650081189513,0.7712669251722326,0.10382618523472473,0.17123140417769112,0.09053291925306917,0.09027318626696525,0.07423706214289257,0.06525683306464614,0.3414914339808369,0.44581662758278096,0.6288461274310644,0.06105068175601941,0.3643340898758123
U_4212,0.02520029294149803,0.09537663648959978,0.08356877166008946,0.0741599634616748,0.12033333761219371,0.999999999,0.17023137413183936,0.13441313481789624,0.19074911623394442,0.06229791552573493,0.1382003858470159,0.068222943191516,0.15541972569881535,0.16512960753463896,0.0627294391756947,0.0,0.12808520540868257
U_4213,0.999999999,0.8901685473644378,0.9608204894368533,0.04326323034604517,0.08080267121251479,0.7125141545656757,0.03902598513834912,0.20688202064004838,0.058788346619648414,0.09776870070925608,0.10792004513584247,0.06680564433253394,0.31197470114723014,0.44083605062003106,0.7594743400319306,0.0,0.3732408406957309
U_4214,0.20765069563136285,0.18285793390021257,0.999999999,0.002876946556317559,0.0,0.19875167664500418,0.18846945716774122,0.18528870765447653,0.3064375794275639,0.016516993871605507,0.018738768791630465,0.1493704817786332,0.06773947678588017,0.0976108945647711,0.14304811317160407,0.02015749479494575,0.2095475598759083
U_4215,0.2934556673528789,0.2785165481953407,0.30828191793531295,0.0018983065309526237,0.02200702041878124,0.23002541622548364,0.035874810129061074,0.07439370195145432,0.011174927700489036,0.0301391225567961,0.0297542042253885,0.01828220491674639,0.13394821516481512,0.999999999,0.6851474514101589,0.0,0.19453166223279245
U_4216,0.2449322718651926,0.3890834785225267,0.15927617005877293,0.01930912440810078,0.013234680964928835,0.24201893015660972,0.02646121962738595,0.15162586418149784,0.06465509627459524,0.014318029483795939,0.03399641165021488,0.027524306721993984,0.1446906478837049,0.16953333208212054,0.08904751538515591,0.0,0.999999999
U_4217,0.14609983834516657,0.15281284528206004,0.9999999989999999,0.048889101770033604,0.049046329429656685,0.17982114712178165,0.1433461052067886,0.053302796925624965,0.23416569175706403,0.02870055688050531,0.09845751756663226,0.02978705965783261,0.1649147738486275,0.16222858575205704,0.0675823218856398,0.0,0.12135804651574635
U_4218,0.30530277623990015,0.2302010929058345,0.26814505068151623,0.014436862070813867,0.3340884556225508,0.302622840592597,0.03338386910407356,0.08339939175432515,0.05021360163773136,0.3837070766621539,0.024267777003720983,0.03561865201931816,0.10428531781946586,0.1461415921531552,0.2685686962202063,0.0,0.999999999
U_4219,0.21420068769605716,0.7798022334809708,0.999999999,0.006115628329953748,0.13521540496409706,0.323802960231266,0.03873749835353083,0.06250214144153088,0.0,0.018374055652932774,0.02848268954215861,0.09520417252265562,0.07610828188423571,0.12892870088975442,0.15283393879465934,0.19215732542472244,0.04238457606616035
U_4220,0.34414370722476983,0.2618476096646237,0.3238405323066143,0.0,0.0188362450506916,0.999999999,0.025720664126381017,0.07805100409668257,0.023967989212817925,0.03375230333544798,0.030159070775992287,0.04045519614431263,0.1866895058973692,0.19071747394389296,0.3289485250553776,0.015588563903913987,0.1113875224518619
U_4221,0.2487936376306304,0.5816605322679433,0.27472663208852255,0.0037672969427679213,0.006213189344992517,0.999999999,0.0652774072765322,0.07177803459622784,0.49073376418864956,0.0203536667159285,0.0,0.041994153653596294,0.12009446610870984,0.1607331552502493,0.24765018099514963,0.11561930844898732,0.1231839358414532
U_4222,0.2699615941603781,0.2444637850714893,0.3042851327714263,0.014446037807509058,0.012100138866735256,0.8849235316785261,0.015826227309346044,0.07389162716684149,0.0,0.02812439328580424,0.02026763120453559,0.014927212941545715,0.13233418293810129,0.999999999,0.7255726066679576,0.001912289147413387,0.16730920772908525
U_4223,0.0023111916163933524,0.461199698483627,0.551352545494113,0.06142138411111109,0.7480303726006802,0.14811286236781995,0.7701288690073382,0.11446845895114008,0.0,0.09712571531046073,0.14439293227174202,0.09123360328802443,0.06340318429894874,0.11347065795805414,0.027737669531341175,0.9999999989992271,0.11765720408071428
U_4224,0.39893870118010816,0.33593442512564364,0.4006540544312349,0.013560986553297821,0.00930438203765385,0.20858734870132165,0.08871050820074039,0.999999999,0.842560426100719,0.4251947171415863,0.03195986310947196,0.7612866919259764,0.16913413097370184,0.21287188223048925,0.3530189655337373,0.0,0.7610205527736462
U_4225,0.13127090847817732,0.141033936139528,0.23676985597081096,0.038771776176356854,0.0696083022001669,0.1729317796683435,0.14826218503034053,0.38075640479893885,0.9999999989999999,0.04185556409719285,0.057063830266167466,0.053777282128913,0.1422844694007824,0.1781909281992561,0.08781654066059214,0.0,0.1429449084985718
U_4226,0.3678559256726705,0.5223932028803066,0.6368883625070544,0.010133658158896471,0.3428888888472023,0.11486784485465072,0.05466836202665471,0.07902531340951538,0.3770339281380589,0.23133032532808628,0.027154018363387863,0.5146767432696532,0.11262957380965707,0.999999999,0.8201855094435322,0.0,0.0908405745307813
U_4227,0.37546752298857544,0.28598615634278063,0.30153292378096147,0.0005989322932670636,0.0,0.11441337707362552,0.7373555264358099,0.08085671499257144,0.004208214973910663,0.02190483496355666,0.01905864110571263,0.026503043457056116,0.15357710930454618,0.9999999989999317,0.2797225135152677,0.37355752804970344,0.09311523464877844
U_4228,0.29249442774893003,0.999999999,0.26840093115690206,0.01613346471002671,0.01703841216726581,0.23823632206974912,0.08937308108533225,0.08934015247663359,0.4665125510009721,0.6785741759326113,0.07084042224526953,0.06224285999531202,0.1791300808213762,0.14737643751283272,0.10365291065596295,0.0,0.17034485471740946
U_4229,0.0,0.018426095379984797,0.08073814625580723,0.059171777304756173,0.1596652408241628,0.9999999989999999,0.10399219367168479,0.13356859902274149,0.08328485825354781,0.2648600971334829,0.20433265287586172,0.1780317380500653,0.12022077430222441,0.1646552240419175,0.02674081373846716,0.39204019541588786,0.16749493011233654
U_4230,0.014065070935771619,0.028949973478251373,0.033353873987018584,0.14957845966375702,0.6831088096367371,0.6769715742321537,0.13675378275533354,0.17362804663533826,0.015776927936222988,0.999999999,0.04857801362939779,0.6078118644511447,0.0,0.10827384633416996,0.056446645018300254,0.6302465146047285,0.2165243717823035
U_4231,0.0,0.050001025628780435,0.06335677027458836,0.08897130923007607,0.19431370349473065,0.156803589094032,0.14254498426870502,0.14701589246821034,0.07392314642771573,0.9999999989999999,0.20469446878490685,0.153043430532289,0.09697712673329247,0.17189064729068823,0.04863873143231352,0.36415634427462956,0.20512884948633214
U_4232,0.0019368675741849846,0.1874265626054835,0.19551701357756424,0.0595949750769338,0.10501697741151249,0.16178096594201674,0.28619532954927385,0.08396026739595747,0.0,0.11021564435226355,0.06927650983670512,0.9999999989992497,0.038572722696905884,0.0556165254603183,0.0050607947802506085,0.4286392898773801,0.07137851548627895
U_4233,0.2854230765990568,0.9999999989951297,0.7742923448432818,0.01977020858584297,0.20496500928721106,0.842710754560424,0.10825688963340015,0.3896035376650483,0.8316308861261165,0.19609567623007731,0.416763589021182,0.2655564860481836,0.5683486871826468,0.5643442367076105,0.1551726676832028,0.0,0.426300195820802
U_4234,0.16086442121632955,0.17035346662561401,0.2687826260901071,0.041743087030949755,0.030627502885641367,0.26236387005748435,0.101929137907841,0.1060469383319003,0.999999999,0.025901524808020337,0.10177354946902095,0.02897445099852741,0.1705003495468944,0.18345685114954371,0.07256825556105996,0.0,0.3971678158258213
U_4235,0.34721999944409965,0.46000027504619273,0.44703712276118535,0.0,0.049717486415416255,0.22964824552068575,0.07539277738190871,0.7511017462309791,0.31751331224772444,0.999999999,0.04723576443784917,0.07140322406119509,0.15810016855034373,0.2135655834862705,0.10191605948717081,0.8131715496612102,0.21195599897520984
U_4236,0.31609352432272153,0.999999999,0.26178096062653033,0.008110857549988195,0.010841062427642356,0.29759416895244317,0.04842081340193869,0.08013065706482549,0.016840605296641487,0.026342191830153017,0.014802997892286774,0.8222514303843735,0.1589676572285943,0.18609724800482572,0.3328853266844041,0.0,0.14392522039812553
U_4237,0.4018605587937006,0.31980655214027753,0.31331997315039023,0.020598633313177933,0.011123298846692666,0.18341846380401136,0.046826673148510856,0.999999999,0.663741656528497,0.01156083211456922,0.01771872039067368,0.04362208895549596,0.16696779541433043,0.18963966051842945,0.3207386987213939,0.0,0.13938279760984884
U_4238,0.5086063531556702,0.5077666780627191,0.5286218007030057,0.0,0.9921369275801334,0.5401330666701212,0.09052109629669015,0.14539696507235467,0.06301327189483596,0.8530096322215485,0.0535434594793817,0.11536876375664795,0.2713077578778298,0.28040841795496624,0.4873362333712302,0.999999998995949,0.20699450460942367
U_4239,0.40018088711530164,0.30418025767466417,0.999999999,0.0,0.616074412911808,0.15029226840289317,0.08772069161920698,0.8054496061510097,0.031572341766299965,0.06032258058518381,0.04227535392862984,0.42695138809265926,0.16199955217573225,0.217157525120188,0.3342093538516409,1.569237310511247e-05,0.08832000232549385
U_4240,0.338810220902602,0.31911474691162844,0.3034880655158119,0.00857138817772273,0.021596496955368787,0.1933338973715032,0.030292096676004902,0.11350229610472329,0.022026041844913552,0.03280545596479633,0.04194205895770229,0.999999999,0.10595506299142476,0.16067861295251792,0.27009406885285064,0.0,0.6600914975507043
U_4241,0.0,0.02115537767384653,0.1808833460555795,0.08325129531122084,0.2080725116219892,0.1483799324107487,0.15410565801407022,0.13437811135603553,0.999999999,0.17301247828066973,0.20841390889271863,0.24380786001136318,0.132012563999687,0.14726059363350072,0.04023919336602634,0.4747413700529489,0.19390117318023417
U_4242,0.270605297575682,0.8977366108905912,0.3084358326158486,0.03651199467995905,0.5409378349802184,0.3224282657573092,0.38611414841565533,0.10357802110119119,0.516605342291161,0.06267393945516465,0.09212275591696382,0.999999999,0.14814259962734205,0.18448993216876428,0.10215470647054356,0.0,0.1862785745523368
U_4243,0.2777895802218745,0.20077038087411284,0.20939863245263834,0.05994656333887617,0.061431427198466976,0.2776557569960072,0.17041503023294288,0.17150027060647416,0.999999999,0.037219221764107274,0.042885208145035034,0.029507730423691182,0.1614732565553759,0.19805843553731042,0.14599929865321248,0.0,0.8070206552948405
U_4244,0.5930200004813738,0.4744530650885906,0.4173325855823276,0.010551937966298507,0.0,0.21239302416282993,0.045049139536753754,0.10662975355906004,0.02453546273644658,0.04216074117696169,0.028516824135632675,0.03800190326077286,0.16457327484668974,0.2378495791585552,0.45228931991794963,0.999999999,0.18061672336196183
U_4245,0.05198504151153755,0.1566616745996186,0.07824281649925126,0.06939778461261788,0.08696980746534759,0.9999999989999999,0.11975771329414417,0.122183159319817,0.0810858682948117,0.04813009263600981,0.044967808903885874,0.6124963187061795,0.1678436130982218,0.22050793568519786,0.05923372475776899,0.0,0.11972792111570564
U_4246,0.008085144379475785,0.004319110175824104,0.04244682686829077,0.02828496486112883,0.08834892765130459,0.12209189506917942,0.1222578242591535,0.999999999,0.2087161262670715,0.07068892599143449,0.08163208303764914,0.9600186348205683,0.1537928108480174,0.18913414113656307,0.025475180257833876,0.0,0.11786467029189224
U_4247,0.0,0.07392223625309428,0.999999999,0.10054034598879855,0.129527401645751,0.13399611716520815,0.12388197004376365,0.14015724998423917,0.6882646326059044,0.13849700234823764,0.1619022362852333,0.15786073491567112,0.0970205046829631,0.1349549980104833,0.03970457591284216,0.3672083161752963,0.2441446910029575
U_4248,0.1422568495144021,0.13277646801865503,0.3617924692336327,0.01546811389506208,0.01381780381791904,0.999999999,0.4058165669844915,0.06804769992906451,0.6958616848856334,0.018925251631369877,0.0,0.0446946896226252,0.11847438360731166,0.1279718688582691,0.04810137529144397,0.1377540462154796,0.5770681774547288
U_4249,0.3105138798276317,0.5008724841524133,0.7027798240164413,0.12908768996741343,0.11122779248183282,0.999999999,0.1543990711238445,0.3680519949269913,0.18198492024982021,0.09816551375755343,0.30072148942579197,0.07725411155319255,0.3878182445780841,0.4463073730053755,0.18370470234638286,0.0,0.4224534026730798
U_4250,0.3857729534878863,0.30733863652869037,0.35286645721785886,0.011190067443701716,0.015615704193219369,0.1277684215181286,0.012377507874768072,0.06727765624162362,0.7093172840103742,0.01427570981990965,0.03341608753040858,0.027114791566183502,0.16064197268370312,0.999999999,0.8232849748790956,0.0,0.14359849774977262
U_4251,0.03258069178673784,0.41813520049458014,0.0905208489772598,0.04379156672720794,0.4814698235908206,0.999999999,0.15427156980352988,0.08082069387023975,0.13149831224633513,0.34577320193330474,0.06867118226754047,0.2916282689033718,0.13626128588544842,0.16144485943412681,0.021165041460372982,0.0,0.09844882914218232
U_4252,0.26386652954263706,0.262831743196808,0.3469046734510883,0.0,0.04168807481423706,0.2393679479889761,0.07481220334944659,0.35055851939069754,0.999999999,0.067384177168486,0.046113668742439315,0.06022997509591877,0.11343557750476585,0.17817111527117074,0.24272831975493675,0.3506343303106695,0.8798784969216324
U_4253,0.4409815683947612,0.4044472847369979,0.4695276326204376,0.0,0.04552177888227046,0.4310334554986133,0.047047583960029137,0.10939042595562135,0.999999999,0.06703868885927412,0.041875037641653574,0.12785098551289598,0.2277090273920184,0.26075676353199007,0.4820043966104526,0.028220189538157442,0.2093568970890402
U_4254,0.17428741101226702,0.11687145551558298,0.2068615677784182,0.047640952565708106,0.03716297321632195,0.999999999,0.4195322680643165,0.10418104014198175,0.3600830867099043,0.04449941305457727,0.04037380442538693,0.058358556522197194,0.1344105481305581,0.11715948831636876,0.06727032629934643,0.0,0.42217636075626164
U_4255,0.2870778402720863,0.17659449768764532,0.26939711000153616,0.061410626835709636,0.062392550676737955,0.3403470230668624,0.07086353551443038,0.12990447184847195,0.999999999,0.08858883433415878,0.06307271460252421,0.06892311086035037,0.18173394294201198,0.1904502790655276,0.10526909167262882,0.0,0.24486705230665318
U_4256,0.011865296963690696,0.036187453686111426,0.045430535879992774,0.05714724351734603,0.09243004849184996,0.999999999,0.1042827928484839,0.31578963410632016,0.3665776740173304,0.26490404730134537,0.17861025089531357,0.5085165701369985,0.04483885964757286,0.09788513319739665,0.0,0.2804910250715173,0.12673896089584724
U_4257,0.21560164641930057,0.22420839576021476,0.22567112253015423,0.06573179315762115,0.0719050329167653,0.2367327153856154,0.30762447298068657,0.19676926416377952,0.11501661760003706,0.0434621998117635,0.041842886269242055,0.999999999,0.23359839612786507,0.2771237141671355,0.09516474199132822,0.0,0.17178967423614722
U_4258,0.070795194157003,0.12626783122624616,0.8319317787527644,0.0,0.01808909040130906,0.646410965390929,0.12340111701802013,0.0830187061196218,0.29822589560431195,0.2629260887082566,0.03317192257671053,0.999999999,0.10701452462209184,0.11760311113830954,0.04038653144121686,0.36701560436374425,0.08713059043115297
U_4259,0.03306280840237731,0.12926830229060296,0.9999999989999999,0.06726178476126386,0.06410287358674266,0.14210929913904638,0.17580502981603494,0.5306345670977529,0.1803232744021972,0.03489457546410918,0.025105653268881225,0.3861944069015374,0.14049992066471753,0.13173083928757937,0.030137110877493704,0.0,0.09694814654660631
U_4260,0.47953115107820304,0.999999999,0.3860832008722839,0.0,0.01467491311447464,0.16114086986439144,0.8371319126141835,0.11590433975740554,0.04534338035136644,0.038960615226796246,0.030985870202302958,0.07817381586555223,0.18677267333786027,0.19686441992228007,0.35099726969471257,0.009581896881898012,0.13773010906870234
U_4261,0.28636815094530976,0.22319364246858356,0.2796499022392909,0.0,0.024374291012756722,0.24085568927240042,0.02803028057583313,0.08320642874307277,0.2991816295944467,0.03828727324602714,0.0146917454447437,0.7958469144246757,0.10775843898439806,0.7725561273358598,0.999999999,0.0005245063178308771,0.10560434446702005
U_4262,0.0,0.21943595529858112,0.4192945625662143,0.07985575150529317,0.11651686650326576,0.4897851566880012,0.11802013214156686,0.1017425186011071,0.058651082143346835,0.13730832209944085,0.1565956831341412,0.999999999,0.08559307043976225,0.11259139448081965,0.017668429387836585,0.2874783912979585,0.11638422648749713
U_4263,0.8775620561385377,0.25964786337396195,0.999999999,0.0,0.023781619027336123,0.32243021105001674,0.6205973276662053,0.09829554771045718,0.5889160944681496,0.09379103837952812,0.04396080558513435,0.5152930258635423,0.13806972393042488,0.16740164852233355,0.3268635354492532,0.012624196587053264,0.16753928040281157
U_4264,0.12894005922410964,0.0,0.30021463015734773,0.03459204215006059,0.4165819523262955,0.9999999989996194,0.601225003975393,0.056701507636189634,0.024583620500279506,0.06709652298847847,0.09365073130764727,0.44103631970226603,0.04706984262966811,0.07140035033097292,0.0029643841449827043,0.27761638449015763,0.08720058877995306
U_4265,0.38260847025456485,0.2891761724334143,0.999999999,0.009209034878633213,0.008240588706682676,0.1301363353613307,0.029720445479151647,0.06228749647745741,0.026189799197957064,0.018846596896280026,0.04593158415806662,0.4955009712805795,0.10709289813507952,0.151759472149806,0.31423610181991835,0.0,0.08405236840996125
U_4266,0.4490251684333351,0.47491112460706436,0.44495988059842834,0.0,0.056772692593923875,0.8842024902113624,0.06290016236781255,0.13830746611476394,0.04115099324593223,0.517833525595634,0.037621497394709505,0.04825859226501345,0.19601393579280382,0.2589988022666594,0.41562338470381294,0.7328018426430022,0.999999999
U_4267,0.07253371289394044,0.29176828865231835,0.1568880703099893,0.015287903065922575,0.04200204447328149,0.13363221645413248,0.0534107631997586,0.10625915939933993,0.9999999989999999,0.027971748565063494,0.03292425548672426,0.026367113779775443,0.18400269299781563,0.13724427593798372,0.05366727557273096,0.0,0.11805025386905281
U_4268,0.44497877270837116,0.3731086931793772,0.34504037109794256,0.020146402288644963,0.009513493033709432,0.22168526262443405,0.999999999,0.062044043773160404,0.03295681917678646,0.05029399676184412,0.02957979491097985,0.0361076404319425,0.17358954358898748,0.1700885324205896,0.313932145857382,0.0,0.12371739037594816
U_4269,0.12914000587041433,0.2488456592506598,0.999999999,0.0,0.07333623132784153,0.2394610312870467,0.09938903660778223,0.72638157654908,0.7611225715145347,0.015988015315076366,0.045861028074465356,0.4724687039328826,0.1628823740054188,0.16376030548990472,0.0702173315263564,0.5708662584167129,0.0995168679709316
U_4270,0.0,0.054007751082687176,0.1286488869086319,0.06382664085472729,0.12459483948586281,0.08997134910795032,0.10731607730125797,0.11128037802313041,0.007948294132734105,0.15948415136647465,0.17574380056962302,0.17201313855074749,0.10006178587482661,0.11695003327027274,0.02933477521370752,0.999999999,0.18163688369746347
U_4271,0.2552640094590855,0.36868442873528495,0.895784028360311,0.0,0.16829410866367384,0.4533644112252899,0.054660195815211234,0.19238726113201043,0.04249708892027143,0.04008282827107631,0.025571094636720994,0.02335210129027435,0.08666036968021165,0.999999999,0.5693588295296885,0.05059069865764659,0.05778851824734501
U_4272,0.31842116770289786,0.7903445854128255,0.29591470394655,0.0,0.03488891506648238,0.269821508094256,0.030379484223420187,0.07716173792579875,0.0157707705135439,0.03018262720813133,0.02779838014514258,0.01516844073848354,0.15470373358403583,0.999999999,0.8158388474765147,0.004371963257326992,0.1577752987800672
U_4273,0.0,0.03931974237897906,0.08300893413762758,0.0639693171060439,0.18005311964363224,0.999999999,0.08304349866850738,0.17081033038295174,0.11262155088097552,0.1845358951195096,0.2201095981495289,0.3489904762343661,0.12883165997312004,0.1834928080635399,0.062651968561712,0.761352136415185,0.18076312603221759
U_4274,0.25069050255373776,0.999999999,0.3049400077905926,0.03852061074931918,0.049152676838531036,0.2672575126501257,0.0731347561022192,0.1078151519786086,0.05451566364971239,0.04680219518883925,0.09331229661921595,0.052003636185814654,0.16239895147748318,0.17479755009457648,0.10920908763747983,0.0,0.7893120067227298
U_4275,0.20558714932943625,0.11498158984151065,0.999999999,0.046793555533466154,0.1373114901658108,0.8852813505842282,0.13645550537880188,0.06755440264513977,0.0987776204429462,0.05165018538953638,0.05213843250363305,0.04601963720103966,0.11373468166399876,0.11594137018889807,0.08223642842666315,0.0,0.10357960431303113
U_4276,0.06446341125056035,0.06759340736165144,0.6929794613267201,0.055343868080172394,0.07076548808747508,0.9999999989999999,0.040503248278976216,0.08142146863665704,0.05323713204737754,0.0366570260058214,0.032190116910413985,0.3665060634104932,0.1225462695497233,0.11452622912375716,0.03514115826927078,0.0,0.08158890853062824
U_4277,0.26875749528236126,0.2288687317604153,0.23036004604203797,0.01199485532913049,0.0002893798830203126,0.9999999989998425,0.008437959778958795,0.07886608255056879,0.0,0.03525100315868514,0.028531959548126328,0.024808452096904274,0.13260920618104832,0.18612020497402215,0.3333203639922737,0.007219242962552175,0.15968584595873855
U_4278,0.689220067967742,0.054034225633046794,0.7563092147804142,0.12766332288677515,0.09613029952512107,0.03665701641630641,0.22469146412726085,0.1156963073397932,0.999999999,0.0,0.01787257519729222,0.7219598129501416,0.010489081950679699,0.06104129492254798,0.06724299205117897,0.6630072038391821,0.1473539734823562
U_4279,0.27460240699043564,0.2980570114932927,0.33003365354157405,0.0,0.1868314874258944,0.5903713880782611,0.030200932696216723,0.09654952171516408,0.6723384161544302,0.04608735465827111,0.024317080773965886,0.999999999,0.1325305319349088,0.1897790754282701,0.3744027008420883,0.0031931796074970743,0.40522292579632646
U_4280,0.3878720207505898,0.3242895545597145,0.34689634655580565,0.021998253137178726,0.015396473720899828,0.16898397742796062,0.04382808415929477,0.0907265081809204,0.8213271196203511,0.06130392995950014,0.035313869015005404,0.050620358207530546,0.16663311153503715,0.999999999,0.5444865104646626,0.0,0.13776133058142637
U_4281,0.0,0.12898570868206216,0.07436562954872149,0.08281644955363306,0.16520757035336697,0.18130618659576475,0.7667677665694016,0.12792451359224968,0.06585975839046967,0.12470885401091156,0.13601550780659571,0.17925961538688032,0.0900399178170612,0.1259805042756962,0.034274769021559064,0.999999999,0.16925029349556694
U_4282,0.0,0.07304362652773427,0.07106642082242322,0.10092907144343836,0.2003295814685661,0.09452504619294558,0.999999999,0.14022162411979017,0.05205698460384859,0.20111603937671424,0.2317418221678128,0.4355715044359341,0.16581404167014566,0.20653761804119442,0.06555516706668954,0.3315685527300706,0.17099601559349842
U_4283,0.2352463141549948,0.24296976187476452,0.9999999989999999,0.025283830107140907,0.043807283477916105,0.16374974155784203,0.06014885665249569,0.0685868240678456,0.2398819543841019,0.043755443299955045,0.041071491420379004,0.04582280897212159,0.13367051246180398,0.15586687300055466,0.1561217946388492,0.0,0.508971793648005
U_4284,0.2839165514477113,0.22226255628045238,0.7091811777272151,0.008404402817548505,0.02205638442339932,0.08887207712338642,0.01979592135809298,0.06650394744235578,0.25334974214511874,0.038045042779515065,0.02120805951498433,0.018004135235757234,0.09484115858196611,0.6265240450448484,0.999999999,0.0,0.09128610744921636
U_4285,0.3670204683615032,0.3552558930561138,0.35024207820689784,0.0,0.011872412337815207,0.2003342531227661,0.999999999,0.12163401810619691,0.29407489607836484,0.06944914790638347,0.04448177068373977,0.06534911510269688,0.18048499974956622,0.205719589974832,0.3400213201468724,0.0045167927485041635,0.1843007298657255
U_4286,0.569029604879583,0.19628986517227848,0.999999999,0.023873120042751567,0.010555495301048323,0.1165755285531098,0.02564522748393364,0.06992236601323357,0.01973519345226611,0.03677642590803646,0.02231909949271632,0.6334335184712717,0.09550421477529646,0.13590325010277785,0.4553331495407181,0.0,0.09486720178216981
U_4287,0.18935011735433982,0.3496114935305261,0.32624066469967056,0.016533603241748195,0.030589005899402045,0.3516344421224353,0.01908089490015449,0.09390501254153755,0.033143089973667016,0.04383600071671307,0.09189603532736294,0.01474756663062996,0.13164744102994225,0.18822775996906096,0.13042340385433526,0.0,0.999999999
U_4288,0.18920021235969947,0.36251479781661317,0.19253965877578819,0.028098114612459785,0.09227464361265894,0.20860601871398718,0.9799603917207362,0.18999395613148676,0.271872915806784,0.0455202607398177,0.04755809180228078,0.999999999,0.1948483325138809,0.23649657121535347,0.10621989944256105,0.0,0.15790055404059394
U_4289,0.999999999,0.694101204494331,0.7026261200170582,0.0,0.0479762239811143,0.36764794869138223,0.048431631809616266,0.14403038211058503,0.021584894162398262,0.06940107112070014,0.05088180841194648,0.02288643352666417,0.2193370145245571,0.3851833282103735,0.6629064872547947,0.013848868560927773,0.23149727643459436
U_4290,0.22142123879048436,0.24060740216409798,0.9999999989999999,0.010373716522362514,0.04625078516607225,0.21607409543797432,0.04714770267106492,0.068633487958924,0.03273597318379056,0.0219683001205062,0.08135408962280702,0.027256186289414744,0.11974850060136441,0.15438939426551834,0.17886644761997927,0.0,0.6102770369270862
U_4291,0.11353740657190112,0.27190246107220956,0.30764526452789587,0.0,0.03715226443349748,0.8334685875441202,0.999999999,0.09660176532888921,0.23049900707670756,0.029645337588398695,0.04083498668626403,0.034678598740629125,0.14627742326537047,0.15044197152093197,0.07315219350270905,0.00910181715464739,0.13678602692655695
U_4292,0.26933751978734494,0.5956854969595652,0.6375716284098962,0.02156269447511172,0.12591444085222034,0.3789128962217674,0.10589706164470575,0.1503082208906473,0.10463165209928625,0.03818284427457334,0.028469982464966872,0.1384557478890122,0.06533622499861555,0.999999999,0.9531636690888512,0.0,0.12968144124515107
U_4293,0.76704501940563,0.6273320024107764,0.5267197013650432,0.0028761963931383016,0.02735990830053921,0.28735263179569925,0.0,0.11598203633112794,0.026912642095508515,0.05397920748601635,0.022886507398364127,0.04634919990233208,0.20799351211149714,0.3089960537202543,0.5927706293684981,0.999999999,0.21975984247678895
U_4294,0.3093204637864364,0.21324685457804773,0.9999999989989257,0.0007261967982386903,0.0,0.3020884517943146,0.01713259678779578,0.08045564615794083,0.018597746994630494,0.04568248427724649,0.015294681479231995,0.02109078019734178,0.07740021303758829,0.16650253876424823,0.19721957481659322,0.006298259479093414,0.7650969096286899
U_4295,0.3744309506682557,0.4332187453710074,0.3525974558204951,0.000150907588434064,0.016059727897793565,0.37760826131447367,0.6574066877921976,0.08973103203402541,0.0,0.02842783442942123,0.020240786256580882,0.00020536034529009879,0.14961528626908258,0.22442626843089442,0.35892881989675807,0.7928646316322766,0.9999999989972866
U_4296,0.17344548886079972,0.15598812712424742,0.2759958395400092,0.024174148831299484,0.06594892430366454,0.4139469679728512,0.06940907560150397,0.546058030438702,0.999999999,0.034608278925562445,0.03842842534775021,0.07738191441141333,0.11062605402350474,0.1900418579270366,0.07986070300419722,0.0,0.12699824040136382
U_4297,0.25123023450213217,0.21519951046599525,0.2887439663836031,0.03418794909623789,0.03446058114707166,0.23569132127242745,0.3862419691005433,0.47335456290736583,0.999999999,0.06371699369339824,0.05498139948097952,0.039412460576477515,0.1800118452924117,0.1547200004082486,0.1696031057773563,0.0,0.15770398948529088
U_4298,0.2534263202889606,0.23985836723864049,0.9999999989999999,0.0,0.005087394734090716,0.1466314702753845,0.015254673468661651,0.061936830883437925,0.017411744898602692,0.03193694315790971,0.02461418267583253,0.036721901056926756,0.1533436833484029,0.14897803525570683,0.2192959578706032,0.01257259362788804,0.11341447035825063
U_4299,0.202386118810276,0.1609697527973868,0.999999999,0.0,0.011285452266968962,0.18516082569533984,0.020238017013748128,0.07001693604199995,0.027506258220344887,0.29303047730387743,0.019686752036373777,0.5847663353082553,0.10360711320263241,0.12065398369573255,0.2564523226568442,0.18802624125086798,0.06988289053711837
U_4300,0.3275389526823916,0.26605703373222234,0.4100286984338005,0.03814927756942599,0.0,0.6352352000824534,0.7443357286174926,0.08694770875518988,0.999999999,0.029299026704452478,0.00960473084288364,0.821452005834469,0.16730649586104532,0.20553127859366838,0.3755269238270462,0.08615710278567958,0.1032122443710592
U_4301,0.0,0.0366341864427999,0.2175788145287093,0.08160742210097707,0.3607793822279666,0.19993243506235164,0.6903446734853511,0.999999999,0.32924517574812895,0.18513179659207873,0.2063943162016939,0.6654000658451977,0.09556611108307257,0.12855554670883587,0.03592956521624828,0.3098675763527623,0.14490205032226539
U_4302,0.1828454819720211,0.12564613837601873,0.22694787269452496,0.01969611760603177,0.0,0.14214870421374753,0.18568159743864446,0.06799479280015464,0.490108815121002,0.21589586035953678,0.016163304009758978,0.7529441898687156,0.10842755839816964,0.12770107972922512,0.07031806075921973,0.1426611880846961,0.999999999
U_4303,0.0,0.04829375770646318,0.06192659954460685,0.06951275508347313,0.12521004279302025,0.16467952868782534,0.0821259421485927,0.11232047958388522,0.48376901375003645,0.24280731325147206,0.17122840907770281,0.999999999,0.05441772951131826,0.11723658418925971,0.02641921675070459,0.7158710355792698,0.15074010350717784
U_4304,0.9999999989987057,0.7579507886374173,0.7307548649129239,0.033154820907171416,0.07749695671378244,0.4667152837407308,0.05891590583693358,0.1530403578076102,0.0,0.07073049133206244,0.07844783547778858,0.11074096836676196,0.3273074473957776,0.41654837047844234,0.9648369973670193,0.03298568436175507,0.28265756527921937
U_4305,0.0,0.057069532457186885,0.11881225706050212,0.0590787756856897,0.12357125466214774,0.14484279757825788,0.8342947652484652,0.395409537263714,0.9177496560588705,0.09783784980097933,0.125793032933407,0.999999999,0.11210668335892877,0.1271554198765568,0.03768138361440067,0.2744478191410641,0.15831981287578584
U_4306,0.3000984149251702,0.19488378351719676,0.24554590394229253,0.017070375280681612,0.0032431101471742272,0.0782930268155014,0.17215841640358048,0.06509446219115665,0.0,0.036033142581152325,0.010717518280720992,0.03470560051432932,0.11002805275251598,0.999999999,0.9478623420453541,0.3628100680435664,0.08848523478107688
U_4307,0.0,0.013023908081778153,0.14372609200247607,0.056111625687681806,0.1337224819387549,0.999999999,0.1177855668760309,0.550292627250472,0.31334098013096784,0.06753386577140558,0.08552591396534309,0.21456399998913328,0.09182517976156977,0.13368267091110808,0.05397508345332147,0.29638136931586345,0.11444078975744566
U_4308,0.3382457084062222,0.2576275214383627,0.30489331226533817,0.010439872149210834,0.032551354469506535,0.1758271150923284,0.02702393646252468,0.44963151119723316,0.2859045709715709,0.035206322734373706,0.027842508959142802,0.04367954356192385,0.10547284892614626,0.999999999,0.31742437518860817,0.0,0.10967439443831656
U_4309,0.5901735170898977,0.4766383651683855,0.48687031711206735,0.0,0.008050496216306529,0.2603749323237113,0.07693911042295036,0.10735574756476303,0.05140288011263796,0.7117545245890379,0.033140037748413,0.0908498502673376,0.2560089445651919,0.24000641783559368,0.4519972764135157,0.999999999,0.2007786492174529
U_4310,0.3338994037896603,0.2508560180729625,0.29933506969728374,0.05599052248441227,0.02668970295763351,0.3947687271648064,0.07462251808001925,0.11776503722993378,0.016124595010498573,0.999999999,0.03299487217401419,0.04139435256796643,0.16181593412967474,0.19752909095552434,0.29898276560208026,0.0,0.1660076580462007
U_4311,0.2991505040529689,0.2738552405152198,0.2985549338287646,0.008735045861667807,0.009229495043154363,0.10586228152901102,0.0,0.08489039666654492,0.002426247368638287,0.03772660974222473,0.012162703369986318,0.003280720791173692,0.10622182597738462,0.999999999,0.741351222446225,0.015367955954298854,0.1674600587357983
U_4312,0.0,0.08595014728962463,0.04974149462625562,0.02753890727116872,0.0532488359978055,0.999999999,0.1766803512408675,0.11828514455472543,0.18053028751275624,0.020121893480022704,0.09786409047094198,0.6172067935577527,0.09550764656318658,0.13776377488458366,0.026619963284470142,0.054716492145319394,0.1208419857253099
U_4313,0.2865509194287731,0.2532971739017534,0.999999999,0.0062920837902180355,0.007359460217641018,0.2147015382131841,0.07385657745499612,0.07354009181520024,0.04438117812612066,0.03584473731325167,0.020538120305288236,0.030079915667451256,0.1288748235080201,0.18669678567845677,0.230228736585087,0.0,0.8856137079709913
U_4314,0.1119563874864781,0.730551833087234,0.8840287183746904,0.09516458670597305,0.09690911233057684,0.18254820356617593,0.5749217007048102,0.46043295249609206,0.6505355755995659,0.5235287254935117,0.12662576745865564,0.999999999,0.22239674796367645,0.23583561029399558,0.15297897600552846,0.0,0.13705141988288408
U_4315,0.0,0.01979597949778262,0.03764064780323176,0.07839764205264196,0.15069743507314595,0.05133186370297403,0.08750041454707667,0.09016687130050151,0.04457798581952487,0.999999999,0.1686684308372903,0.3010101695185889,0.11428276701000957,0.12911492531001817,0.035639283170563335,0.4736549930884078,0.1777045410883489
U_4316,0.1868530274074281,0.5147550052458365,0.999999999,0.0034509778251171747,0.006224419297714338,0.2121166580528425,0.08422489323210253,0.08688046253946113,0.0,0.004699845041101655,0.03178924925791283,0.010156282392767847,0.11551746444770923,0.11377458067155262,0.02712361257316418,0.3102518763546337,0.07867367567410896
U_4317,0.7648560586654767,0.2746428845945568,0.8507998250151366,0.025419988775671132,0.018621960350485172,0.12786271257934265,0.49403752677720353,0.5480334518218288,0.02348576751701651,0.052708442547292934,0.05829038019469135,0.43049942755994125,0.115565431410083,0.9383525277068907,0.999999999,0.0,0.12729414231817068
U_4318,0.38681332846688266,0.36389159296069234,0.3970478752256557,0.00889190922251357,0.0,0.3480833929649142,0.06517442664557993,0.1065212146192668,0.999999999,0.04647546168844271,0.038611117243464735,0.05790644067095527,0.14882606367909784,0.209059018204719,0.3934859409551049,0.06731234043267803,0.21839383485609903
U_4319,0.4578726739037591,0.36113758033919074,0.39907276167348077,0.008367433858786985,0.0,0.28435829192954737,0.05997932129648579,0.09994700053752958,0.999999999,0.05927282017004385,0.018956157291070832,0.016394167961294302,0.1411844125409023,0.2350168997547735,0.3460855228971481,0.5706595858570787,0.17775683065259157
U_4320,0.3492899464870256,0.9383850900751542,0.99999999899119,0.01060061547435264,0.17085812568936104,0.7791743812291577,0.10349496888197286,0.16593630301431903,0.8552726247935922,0.10258747525416656,0.2941086361360528,0.11346096131238913,0.2898702842153873,0.49816473819508905,0.22807493196884562,0.0,0.37583807974960826
U_4321,0.3594299159011448,0.2822009069125876,0.2866172240972919,0.001184029769943683,0.01913024635949074,0.2522910991048948,0.014081936164473176,0.07894057050121878,0.043789693981378046,0.02724208629112829,0.022452758124906037,0.019279961729090828,0.13353245872609334,0.999999999,0.6680647269933324,0.0,0.16098422596717385
U_4322,0.002388285174184219,0.010315479240351422,0.011270719743905644,0.041790629152408505,0.14979149974897968,0.022445846345626096,0.7855313299144451,0.07584913604565217,0.02566613018135196,0.0006347791621895118,0.004012604146816249,0.0,0.0252928925051063,0.07401490218807859,0.029955965162859068,0.38136618856690296,0.9999999989979709
U_4323,0.2809682629303519,0.187772471968737,0.999999999,0.01959441918825145,0.01816864312335539,0.10852038747198722,0.03259477079036661,0.35033924106095365,0.42715679056365685,0.03452384826741803,0.028839229210992672,0.32180329307298955,0.10745184947283955,0.11807308548475172,0.24419832106526312,0.0,0.058035544123088374
U_4324,0.0,0.014039460849673958,0.1437867228075382,0.025984107051607298,0.1788287626576646,0.1216652168922459,0.12361998294867237,0.15375969584263624,0.02357092100928125,0.16927048147119897,0.11455109703818962,0.43073689658327113,0.1138080466447234,0.2194094464302929,0.03259159950504483,0.9999999989834079,0.26296943182616017
U_4325,0.0017526722434951152,0.0,0.999999999,0.05684960789425707,0.10076422865314728,0.14774082532892077,0.4736627438643656,0.5254393159044671,0.06711747743090798,0.12635677357624467,0.13726943767202687,0.14512073971619388,0.0633160890312112,0.09660283860058629,0.008972784009415858,0.23075498816654505,0.1005300533781761
U_4326,0.0,0.5812593627510346,0.07586624743296197,0.05925151893953547,0.42229066834647855,0.07776437252875378,0.36257497601114846,0.23943915267855145,0.09153510373737236,0.9858668001762972,0.2004257246378545,0.999999999,0.13327664452719507,0.11371530000628528,0.03937073189041975,0.2410575972352877,0.13479733839537142
U_4327,0.0,0.06395443391256728,0.04784180484656481,0.08096459202836079,0.22133923332419772,0.04290921239069277,0.06166279458742651,0.14959506646410076,0.999999999,0.040434880260460014,0.06514904452600734,0.018727016940711508,0.030858025111517116,0.10016512238996594,0.08924759810337542,0.5088262779266333,0.6615480420706681
U_4328,0.0,0.012028626576573873,0.07053516818702181,0.07056499205450201,0.45614694385130944,0.037482163877191985,0.08247210790151747,0.10580919571875444,0.018352049459435783,0.4903778742473748,0.13660109264624412,0.5908835217629612,0.06440960748272719,0.08938585711447616,0.01791556718511773,0.999999999,0.15365537905904858
U_4329,0.3524760119196743,0.2819972062052089,0.1893594104838538,0.0123035655878909,0.014108650338159735,0.8956418482918992,0.513641467777634,0.12912892879140264,0.22744969990176123,0.05207769430513217,0.027674276185219063,0.03337768051662332,0.1285359446005944,0.1443174728367004,0.2647262674726989,0.0,0.999999999
U_4330,0.229047838346649,0.13405384669709614,0.4861273967301279,0.010619800734816194,0.01955821927633638,0.3809728599375818,0.179077061538961,0.08554524526845146,0.7508735140623507,0.0227108750567891,0.006531899191201702,0.01708154890715281,0.07530509600728247,0.10695844545154479,0.22137682328732178,0.0,0.999999999
U_4331,0.23584881773431357,0.37929322217340516,0.4606310542227855,0.0,0.009024823666061018,0.09189212614778412,0.0836908424659474,0.06920927035462662,0.368484995654962,0.1267857121947172,0.02430869790503019,0.1678851177839465,0.09949805764322443,0.9969492620898914,0.9999999989910969,0.013315843441268667,0.07129966685585779
U_4332,0.2318021216174693,0.999999999,0.28101029143347583,0.01893368510191321,0.03027588261654444,0.17277016125940708,0.039580253343625756,0.09408918019798752,0.9219253561741795,0.04617981420311333,0.04627594399168179,0.032258315713661,0.1298096968841982,0.15512582654068616,0.10581616031707013,0.0,0.6854739788839266
U_4333,0.41645756680422485,0.34896920191922626,0.3257049946812517,0.026491451732502103,0.011823508291628036,0.999999999,0.016127849974467184,0.09912060468847775,0.012926721542636927,0.03526414980562519,0.029022621653351035,0.03497489583036708,0.1389938979246145,0.2854592288768534,0.33481664261176236,0.0,0.14490326251410016
U_4334,0.09931509272100153,0.5186671374472827,0.7277662927483357,0.04030843462646569,0.15703693394262477,0.999999999,0.22223123133248482,0.181165065733501,0.8568751619854539,0.05848608339446963,0.09764858473016731,0.6727903677924563,0.17853328848235886,0.1332041855122183,0.07797552656086046,0.0,0.07047355377143391
U_4335,0.30306034154813905,0.2588097871168556,0.2603892572238813,0.007550971062099891,0.0,0.1274866778302663,0.24379812634932432,0.4625611173361271,0.2487348777321387,0.42732803422349197,0.013020299008583747,0.999999999,0.0899364761085267,0.14895121637954084,0.22095379745642046,0.008369527532007849,0.084740787218215
U_4336,0.3076705788731128,0.14235915009490416,0.2674782811389978,0.05626007117684285,0.03588845372201914,0.26202622498564543,0.5545462072103774,0.11634414924280423,0.06204453225976183,0.04793865123489648,0.03834489579186086,0.4623168086768217,0.10909615716129718,0.17266728431322356,0.10186208295045732,0.0,0.999999999
U_4337,0.44329814855951416,0.34369555607350916,0.38259916153408136,0.0,0.027439068252594054,0.1591745072395234,0.05242762225885578,0.12509871186258284,0.6033908953960876,0.8866841297521699,0.03198432716249585,0.03430892641029222,0.14272732364860546,0.21314503218305775,0.999999999,0.00627064555579948,0.14998700456294825
U_4338,0.0,0.033855233817511286,0.17127606196482303,0.06394660598964133,0.16313281232987786,0.18295568988941438,0.999999999,0.15065954928396944,0.10862928581988306,0.14740202323804613,0.15431860463423536,0.20175612664801323,0.1240685457477435,0.16485514610226448,0.05215793549743306,0.8525720503833559,0.12309777636313425
U_4339,0.36948587941737837,0.3183104484510929,0.29531883900627487,0.013510907621133158,0.024370828019993695,0.21581389095631334,0.060130997065693755,0.999999999,0.03423988695781168,0.03567221511216704,0.02647559747162859,0.04535983160139552,0.1379147325881543,0.15796561390022085,0.30640037611027887,0.0,0.15322023341514346
U_4340,0.10336609909307938,0.22727823386183457,0.12400604104347937,0.08093012626805926,0.08938831185240385,0.22777546094259485,0.30696023451066506,0.26860988322039764,0.10204888535009908,0.045552742482597594,0.05526729745454591,0.999999999,0.21739643429222666,0.2684885166946206,0.10004272450330201,0.0,0.16742770570910587
U_4341,0.1004042306618242,0.15087842983327557,0.999999999,0.012171016804440883,0.016534194443232043,0.24147527639114913,0.06345682820798702,0.08238621652078493,0.05349965068242275,0.023341023864552887,0.014944339882036332,0.0,0.15689929808989445,0.15001725340523292,0.040599376836772894,0.8039273567352114,0.127988901020288
U_4342,0.01770528450452867,0.06207417121906923,0.999999999,0.04278086750661465,0.049103391142517085,0.8206811451740496,0.19262115068237468,0.3764709846383552,0.537878732145082,0.050508047675378365,0.04300951520073322,0.41824081693562964,0.14605288576534423,0.13016675436083758,0.03328047206209517,0.0,0.12333921815278168
U_4343,0.3646583890722356,0.3582831298545791,0.3762585936060544,0.026248775829921633,0.030823165732620537,0.19456981996522366,0.04687918250572073,0.7279453331980017,0.01831609679273051,0.999999999,0.04430084030009481,0.019967337710467308,0.14485305933536977,0.24534410673090665,0.9529356540032035,0.0,0.15740525324888946
U_4344,0.5870528090229403,0.3489230719821745,0.37341276149649083,0.01766594278375311,0.0,0.2021589518317899,0.045092380691034994,0.1023471561328853,0.999999999,0.07874346748547367,0.037091389430408704,0.7338696821961636,0.1812448585887534,0.20871823805606912,0.40669323441691607,0.0038705263311146288,0.15252379385962123
U_4345,0.999999999,0.8337743282208152,0.8719346107596735,0.0,0.03153912454941439,0.8460772680225555,0.06324280806102951,0.18312570115512164,0.07709662915743008,0.07430724223113117,0.05985591961102721,0.1093362848524434,0.3847187998904323,0.4469561133791811,0.8076078559950222,0.03429671815230957,0.37752606833081515
U_4346,0.24473523064970068,0.19545353204631657,0.23445230764527328,0.021019805184519395,0.010241080702198405,0.999999999,0.4441199538948567,0.08111943526767797,0.00866874470872517,0.028926285036786476,0.02490028047690957,0.02288899345239701,0.11046178038118071,0.13419604120898784,0.22709040013380222,0.0,0.6740622865016334
U_4347,0.3452841533123496,0.08268032004011266,0.999999999,0.04147556885246651,0.05883976267876397,0.0027544193849222765,0.14787692722819945,0.09670429155209226,0.042530900061838114,0.07898545112070546,0.08140614818991364,0.5473981413167793,0.037978600588868934,0.05231043275630969,0.0,0.1289694831241649,0.0656769808747401
U_4348,0.2431236520619555,0.11370894853534202,0.285955636740547,0.039063923299621814,0.050113857139203855,0.2702790979852294,0.13166126406178055,0.11212092889772171,0.3720362983756319,0.3656285277899264,0.1344174347141163,0.999999999,0.16168639383522757,0.1757677665469173,0.08373168336296694,0.0,0.12721152829040586
U_4349,0.0,0.6337267739775176,0.10078964452736365,0.08053616563591853,0.8097510206516025,0.12883255050710943,0.19983658133466736,0.8963308231203262,0.10413614701112794,0.14146533618870877,0.14189523465619464,0.999999999,0.07912728252182698,0.12487955099348551,0.006766829178400004,0.2267009823729301,0.17336249226428393
U_4350,0.24129262998120096,0.20845513382237477,0.999999999,0.009095956070223689,0.21064298431249562,0.23814249301757043,0.12058306197849358,0.06968595408405402,0.0021979614233141784,0.04208511958879469,0.011933740305433007,0.024611229339027638,0.10501865029287653,0.9588083551848571,0.3780650841623399,0.0,0.08528704372800888
U_4351,0.18445327761954397,0.9999999989999999,0.20543040449144268,0.023726478351723784,0.024007275181921924,0.19984870420476322,0.05342127404383871,0.0846192149327624,0.5532174757716305,0.040382622010147605,0.03775869115672398,0.05235317909473268,0.1204030657477414,0.12598158531183276,0.06416377754505274,0.0,0.5639170752108136
U_4352,0.07169443880404824,0.18099824031178618,0.27332519757849877,0.002633461584100101,0.022586416599606602,0.2135295166548463,0.18703746391814627,0.07411814648291368,0.24423504844429234,0.0,0.0008284611476858149,0.999999999,0.12363698602311507,0.19759764729885454,0.060583906626384666,0.7027096384252477,0.13145968484061804
U_4353,0.999999999,0.7921608547436155,0.9036099613446994,0.0,0.05787356225605562,0.44401475626022946,0.023768698266381085,0.14788525969293398,0.023344596804071555,0.08389928540293479,0.028270796516512126,0.07085519850590023,0.29896825307256225,0.4061587439620548,0.8467601456394199,0.046729836450523116,0.3203704314282339
U_4354,0.36043764511672,0.2773029307875165,0.4472946650776223,0.0,0.4292554545693852,0.3221337372114417,0.07122387786633208,0.3979961173624793,0.999999999,0.39485697069564335,0.047117269194826825,0.07941042810446408,0.1947099332769425,0.25424401030527904,0.3256888532084641,0.571538571418873,0.15291387518446367
U_4355,0.07899387691151209,0.15002199337969396,0.2183290747799064,0.017486718474193422,0.03722646324712419,0.2422969014398386,0.999999999,0.14339854176964542,0.06089972179514219,0.034241177401985734,0.03220260676122792,0.07983995270418813,0.15844135198491888,0.1129589293933459,0.03158114625171597,0.0,0.09876685434358336
U_4356,0.030713311819924847,0.12774248533245475,0.09536843308027396,0.04685145943370005,0.06109098976558948,0.15843216144476585,0.17084716317609044,0.4851021290846662,0.999999999,0.04936852462034905,0.042309153698133393,0.7404026361899565,0.15198373822820896,0.16673924857806297,0.0175611163056814,0.0,0.11556373609809593
U_4357,0.44151851124869673,0.343559968191007,0.39134989943107235,0.007513867596445572,0.025145862113445255,0.3574520504779453,0.05343812622799707,0.08118648118646184,0.043043863790168814,0.005095732959245952,0.06069404228824213,0.999999998999252,0.2943067174173398,0.19235030666868244,0.41819873451737116,0.0,0.15895026215737612
U_4358,0.23474910492763001,0.45534001139347774,0.1728779546541384,0.03044202177756685,0.051240323847195506,0.41680071628343396,0.07819316435586111,0.18149970346993702,0.11825185555545073,0.08061738577659847,0.14006669859788998,0.04345058714537402,0.18257402374502854,0.22547070627586666,0.12144302210918444,0.0,0.999999999
U_4359,0.23734626743020076,0.6133663561092153,0.2530022133301059,0.004643247938759932,0.023360254989679675,0.18333643990345097,0.015705061423617755,0.057846243613563,0.003015870350403296,0.0214453251468094,0.005991043730483506,0.38467096010681134,0.07702201511883679,0.999999999,0.6095307251973632,0.0,0.10844066071827207
U_4360,0.4397938576777633,0.29144879498252874,0.626905984712214,0.0,0.017107971932391334,0.41983161927136875,0.3851167284281838,0.2323441351270229,0.8824078431693416,0.8286758972456267,0.0042507275085441765,0.029566881605835434,0.2300804247931459,0.2581870929896667,0.41351943392355467,0.8826413333175347,0.999999999
U_4361,0.35868662998969564,0.3281140663383788,0.2857843251822734,0.003093867275538117,0.019633183174556878,0.1934005320040465,0.04436158927050399,0.999999999,0.04144096482506496,0.024704889422225863,0.03063521845630652,0.04248962031071354,0.16614898816585982,0.1414166479738956,0.26066520271091,0.0,0.12002772666132848
U_4362,0.0,0.05345836722627402,0.061534049909074476,0.09190856300652497,0.14183595708979518,0.117947176021305,0.08757971321256434,0.1248365363429786,0.07908432325449503,0.11670797969188926,0.16634010866180304,0.1753398491124715,0.09173651726223588,0.1408166092035899,0.05852201564243519,0.9999999989999999,0.17686812972167273
U_4363,0.999999999,0.7681818623527765,0.9471997478077178,0.0,0.04369721686336083,0.793071533368692,0.039020164456073675,0.18108826949804416,0.02838732766626264,0.10608320370737544,0.03489874088112722,0.05160711519939274,0.28477745812160843,0.4108857916768937,0.8590803763404288,0.05105775524430689,0.3364773742045782
U_4364,0.26445725729486963,0.1961032934676943,0.5470455664253601,0.007156837898188793,0.20956923248594148,0.05688668234557027,0.02580612571022199,0.055684599245593484,0.0006268592775657,0.11766542707042299,0.013409413326439728,0.44162877098876896,0.06213871668305125,0.9999999989996898,0.6258249182815808,0.0,0.10325846847138105
U_4365,0.029938877986434832,0.005953272235866747,0.3496177847530251,0.07234280534498273,0.2674955319797849,0.19550110628021256,0.08269568690474968,0.3006958744838911,0.040371824192462984,0.23237584284135165,0.26556287687183083,0.41905153807407036,0.1498252311911381,0.3385105563100326,0.0,0.999999998997818,0.34377061176541623
U_4366,0.738793547738438,0.507541665774466,0.5794205536009697,0.0,0.0009604192606048976,0.26643104452191513,0.6490485845010788,0.999999999,0.0633413100382318,0.934082719328167,0.03176160757853335,0.12534762808751249,0.2612317774227366,0.2510350949062373,0.535855088018917,0.03677639386345534,0.20124760376836065
U_4367,0.42682750112839807,0.3111216649215586,0.32528795530753934,0.011129825818311885,0.5078646702745346,0.14985530748505174,0.06111071390004192,0.999999999,0.06308220602843563,0.43712437558026346,0.03276713740116417,0.07659549290210615,0.17184615990730237,0.18538254473141985,0.29632905146722205,0.0,0.16909956813066054
U_4368,0.5164899794499352,0.39686864081801565,0.30140467031759455,0.0021221253783782826,0.028970435099067732,0.3542060691659723,0.04143473230139465,0.08307694691287675,0.027339082628804807,0.012195608275443939,0.08392825210694904,0.999999999,0.1732237449939653,0.18241742581906012,0.385775822890656,0.0,0.19400349640435766
U_4369,0.44684254304625654,0.3395171808249707,0.45967481599010684,0.00897815738999951,0.0,0.4405095815778197,0.6032836259294411,0.1186076298937641,0.03006643991308784,0.4910341864788228,0.024389909954552504,0.060455849035915034,0.19272159004013464,0.21110663544970323,0.3972491946378711,0.999999999,0.1847248695471788
U_4370,0.3531896856154662,0.999999999,0.32697006499384423,0.01291521447761644,0.0,0.18760430570457534,0.02689823671119111,0.05940729516603716,0.01808872179790977,0.03483474632862149,0.011290779645922313,0.02513213770108324,0.1487687067557888,0.1713677274695515,0.3104314652703205,0.7979388730388876,0.9286054088077185
U_4371,0.0769967207507456,0.2167521170353886,0.19596352323627025,0.03615464083111605,0.04316555151892997,0.269666663820829,0.9725718773894882,0.16999028706961083,0.4386654445361306,0.03477808623160745,0.048400350840760505,0.999999999,0.19662060228480854,0.1926739111984043,0.05951273578839734,0.0,0.1450625100567512
U_4372,0.2605149050323751,0.19015031008133912,0.206326079957254,0.02068587942024414,0.12826949090760525,0.6468181907245381,0.15408392548426592,0.05768905941746794,0.0880947858545924,0.09868355867883366,0.019042216596629306,0.11845229561547774,0.08636482981035773,0.8172377108682362,0.999999999,0.0,0.08838471154964178
U_4373,0.0,0.0276913374795682,0.03629364625108084,0.07219747827896318,0.08612714198205726,0.999999999,0.09234031250322827,0.7411270105574502,0.11398925789256725,0.08104910563942348,0.05934686002752278,0.718813865730311,0.11908587869517413,0.12114985822626123,0.02906074798975947,0.27332868910103164,0.1348633503175697
U_4374,0.0,0.0837010027658673,0.04395176804793587,0.05419901288854272,0.09936494786864208,0.13092526324687717,0.11626833469990316,0.09382057326117609,0.08645625757108921,0.2616875455540671,0.24039785490065177,0.2633825388455387,0.0955494886837415,0.1445125063876372,0.028898077449295238,0.999999999,0.16010918271681318
U_4375,0.26905841507155537,0.22184000915855318,0.7462800446375147,0.0,0.32177164201819797,0.999999999,0.043407841673146624,0.40694303384434066,0.7325151833620065,0.04233426471013871,0.046610725867115475,0.03528885622610471,0.14369765438234985,0.17461686153781558,0.08296118312925901,0.17795621220242736,0.3614848775555764
U_4376,0.3699557789584467,0.31608596001829453,0.30969012280085706,0.007799440706491451,0.006986861433357354,0.1771406006033736,0.013732872115866199,0.06284968990137786,0.999999999,0.037426355180643626,0.015415212608507405,0.04329163277335658,0.16469313155494927,0.18460075988670505,0.2608629441874456,0.0,0.06563369286508992
U_4377,0.2824124985216102,0.6076504741858405,0.26750483746896897,0.003432958927487805,0.2651784946008426,0.1440354724493419,0.0316575788479594,0.07872115475655583,0.999999999,0.02759322340138191,0.010297120496108305,0.04082827876871394,0.13184037375325658,0.14526467253937783,0.25516856706209345,0.0,0.07275682425093412
U_4378,0.19884915292295724,0.20872124626474622,0.999999999,0.05871298633242429,0.06746682525892007,0.3021751638958643,0.2296201422563968,0.1599041059052288,0.10270479759360633,0.03618827949705421,0.04718185514470843,0.03796515704171978,0.26115295240457026,0.18893563397206312,0.08746348512696181,0.0,0.1565470428861603
U_4379,0.031459079831746076,0.18847969916804672,0.1584679886631384,0.09790990716902712,0.11052126230817433,0.9999999989999999,0.16716296128833447,0.13273699339432096,0.3035636541812346,0.038857414217124533,0.048258469349070715,0.035548432182351423,0.18576813500677916,0.17435034297469132,0.06683624803811636,0.0,0.1351284071005359
U_4380,0.0,0.34800824148671355,0.5472189830284941,0.24396483312425765,0.6084274237325098,0.6198735898069763,0.2970462065116865,0.31575237028290865,0.5419231335595565,0.5587995026501743,0.508546083940487,0.6567297804447637,0.27639262428045847,0.48906715831789116,0.17721715647273634,0.999999999,0.5191398459704029
U_4381,0.0,0.05821227066000372,0.12686579097594441,0.08677812484294123,0.11986893990326021,0.10282373789142968,0.09005497366960193,0.14175715141523423,0.052312618050325374,0.634685424434899,0.20145227075443004,0.22383287144445016,0.09487229088105273,0.10246607587662807,0.03353736323003029,0.9999999989999999,0.14697496040890565
U_4382,0.31004223498213596,0.34806585329218065,0.30769681952532013,0.0,0.015997964656852635,0.27801838854393807,0.999999999,0.0720254682167488,0.06583444814981174,0.041071888067633844,0.0363544405853983,0.04227246964224386,0.18224120847415395,0.16477318507979596,0.16592425751433001,0.010855491583327263,0.15188982040716992
U_4383,0.999999998999299,0.7309521115242001,0.9187631360396928,0.0010797543303863052,0.047051549939167894,0.4643706011525927,0.039098567388625126,0.20431016455717244,0.03149051832966713,0.10407544309818145,0.05553497091612399,0.06443740659506979,0.23091834052262278,0.4457799196055251,0.7485292319357686,0.0,0.32699716188907085
U_4384,0.30937471854007376,0.2442842808820755,0.2472882949994943,0.0071770392747476834,0.0,0.08573628025749884,0.02031688484320731,0.05502020971866971,0.003997796914190783,0.026468524502863473,0.01035908826945023,0.0009939848819329718,0.09409372759600408,0.9999999989995392,0.5924314450129022,0.28300100621835694,0.13832509619595806
U_4385,0.1919964571438732,0.19332522207220482,0.22830765181589338,0.006864412969178744,0.005051533495476879,0.38995062906300715,0.17938267069063296,0.7656051494040207,0.08568166228681633,0.029922367218529304,0.09239967918532187,0.0,0.18443165688467267,0.23544144296694516,0.06234597947161943,0.999999999,0.7380220766441201
U_4386,0.999999999,0.664863787301874,0.7713872565456038,0.029345749999185322,0.045805445314397196,0.3661970958956326,0.04330042472030634,0.09006948355341553,0.01809848734732723,0.06543393563625183,0.07079521810599496,0.05145280765142266,0.4168052836997321,0.2506803326229667,0.8721256586561552,0.0,0.13436802724495536
U_4387,0.2990344082340285,0.2531247750145586,0.2835844309613135,0.004200558846017084,0.0,0.18840238572562543,0.47709683557000937,0.0728903852067826,0.004424800226661349,0.010880697509329889,0.01520449972248099,0.005821756967111828,0.1040247803724881,0.999999999,0.5825576359463486,0.04999756473209316,0.14123359126813373
U_4388,0.02776097733734343,0.0814421721520957,0.05685763488378072,0.1200233875479454,0.09684411369636788,0.031011613344919156,0.11086782545619019,0.15309666629824153,0.509072309246674,0.03681375761323343,0.06100864214722993,0.5353837094462739,0.0,0.0932094709238023,0.048865386942361935,0.999999999,0.1448066089759794
U_4389,0.999999999,0.7843687345058362,0.7917897695737025,0.0,0.03607088010275914,0.41209310034718194,0.03616367856545747,0.15165437573690094,0.03341903007704264,0.09149399517378815,0.03496850662051047,0.041364251377431015,0.2584418771189372,0.37299415337463493,0.7705615593977219,0.07113986128008298,0.28062345998439525
U_4390,0.3260022007217802,0.2765148836251199,0.30385359792421873,0.0009552600920427569,0.018270690392793252,0.25618185738434124,0.009030685973913878,0.07808256671724366,0.0011531821604778923,0.029039324809273664,0.030773471837727728,0.026822587563834703,0.1642230365434492,0.999999999,0.664898832469309,0.0,0.1886893187217194
U_4391,0.3572233986224748,0.9552156937237363,0.36714853859499463,0.0217045185224739,0.3137496956483722,0.29630569629014036,0.3320309969850427,0.6212074450927026,0.999999999,0.08400300443462864,0.11084861344295008,0.07612848764363075,0.19335064220049525,0.21377481483331204,0.2585793286211536,0.0,0.1723536787488811
U_4392,0.5065609811856521,0.49245361547429883,0.45122959530967816,0.0026157521796852227,0.0,0.16946378029646597,0.031010567912206893,0.08031674854699054,0.0049872462412505906,0.032817940050554086,0.03735003230155643,0.026990183662221088,0.18719338709747776,0.23962778208688512,0.3898793128536228,0.9999999989999135,0.2210769503475378
U_4393,0.3831633323889002,0.999999999,0.30327689477283926,0.0,0.025562562208460027,0.17065708067648896,0.0442126501121192,0.37506582643153724,0.6223813381429283,0.033232088129398304,0.027504267424625056,0.11136872663208507,0.12676580791320774,0.19279004292490035,0.26925096635301937,0.49596257948441624,0.10878024336614477
U_4394,0.028235290437570736,0.047069414283358604,0.999999999,0.09152267004952114,0.13674334640096997,0.05612199919520192,0.7541532036488087,0.1511477788540144,0.0,0.034557734883948116,0.025849763838711064,0.0023441069040081,0.04817377441812214,0.12640377222616006,0.04034184834689615,0.3613772423598417,0.20630908725328848
U_4395,0.31566548506380915,0.2746575321605428,0.33866888661335576,0.02430227254569128,0.0,0.1937722715180053,0.08601323140498507,0.08914639962662656,0.021641749914532445,0.05547700344498692,0.02021863274516961,0.999999999,0.08733736726513358,0.1494187409338464,0.2733870539517191,0.44324988854681113,0.16036107691157456
U_4396,0.0,0.026447581128430337,0.15991083634702716,0.08496493926670645,0.18123003640114305,0.14457433388167923,0.10182706970709607,0.1592335805042603,0.999999999,0.08464117882119672,0.09346074009786151,0.34912873351396173,0.12596608079391589,0.1641592040656096,0.05775221965767553,0.4995476862982081,0.21294835279164973
U_4397,0.177915610803421,0.10602869335560275,0.8122798275936566,0.0883504352987228,0.31160530782486456,0.999999999,0.0760251238597979,0.3729957252300879,0.19226826423388282,0.10619000706652021,0.10553094061548737,0.17757100419136612,0.4158564057766517,0.4630343043898425,0.1966667106084393,0.0,0.5082809699630515
U_4398,0.999999999,0.8100677872421671,0.8790459914056524,0.0,0.05984698195968719,0.42790938991813143,0.025012320718660438,0.14590568126476003,0.04116826183400175,0.10114367977779136,0.049717626374334904,0.07096798758394306,0.28812236238891503,0.39208542289185006,0.8243715635012413,0.0466637320014693,0.3187598575443192
U_4399,0.0743969467446473,0.2697780366793759,0.9999999989999999,0.027958939181232757,0.06423366012994204,0.19700101916374954,0.07056734065821818,0.09453598761635809,0.07228487897790763,0.024361912164568577,0.046229859590066716,0.031102000608356845,0.17731087803352574,0.1781290755595535,0.07643861033422084,0.0,0.14334245347985067
U_4400,0.35482440191342074,0.2935761589855174,0.9999999989992848,0.0,0.640039931376823,0.5165526629189156,0.18450403931188686,0.10469003438817047,0.026462108577645218,0.021235458930496432,0.05444652916230524,0.4100597538418845,0.13476883018172708,0.23621357439425142,0.3731834509231312,0.4971636651953757,0.994604043834882
U_4401,0.39448259345147574,0.2700616392821121,0.32186876957371724,4.141989738949645e-05,0.0,0.26848188248704574,0.046638625685751715,0.06275187404508235,0.999999998999049,0.031445394926139444,0.019140378396014505,0.04600032960994653,0.14323348120963267,0.23123727126818056,0.31103354426984126,0.0067471631734646485,0.827922418540797
U_4402,0.17862998599521038,0.13165454029931653,0.23220114026944244,0.054854155208084635,0.056114658434340166,0.9999999989999999,0.07897192172163807,0.11115794329841168,0.05334263022593049,0.050334532320506345,0.10298099899006799,0.05099305526929951,0.16259958992584367,0.16454763194607896,0.08102756501894665,0.0,0.15510690466064617
U_4403,0.2575591621210624,0.7636730047999527,0.3187786109552382,0.011476612954145574,0.03523841003885491,0.999999999,0.07024555674460864,0.5565982049178013,0.7355138430977795,0.0389941860749011,0.02490944432625036,0.06473591991186119,0.15442724986015616,0.1496989897374416,0.21928580547209245,0.0,0.10806507720358785
U_4404,0.0,0.07811441329794659,0.19868612694434137,0.048688997559825274,0.07958790712509614,0.27548070317774404,0.9608973220318401,0.12424536211476161,0.2454970397634271,0.07505202479835388,0.13132684708755307,0.03004449647133587,0.19397856588102624,0.20428993394365505,0.03072926922291326,0.999999999,0.13539558712654806
U_4405,0.44019507292766386,0.9698309652025754,0.32490460996654913,0.00037737693242419055,0.4376584921280004,0.15871850377405314,0.02784659623429545,0.0721645024677658,0.9999999989999202,0.0222413663731632,0.028976193240899336,0.04740571778559729,0.1637113138226044,0.18147393037194154,0.26131767011519397,0.0,0.12037956256585727
U_4406,0.48085871163579147,0.7619235317995584,0.8171579899944809,0.0,0.3038093000584343,0.42658215297304564,0.20355924060237718,0.2191585958134509,0.999999999,0.7423464596989039,0.026252983569505044,0.1353797177527899,0.21230603815112664,0.2632187939264859,0.535272634051514,0.009418462907261555,0.1937012430601197
U_4407,0.20421356804874155,0.29664406315026054,0.9999999989959569,0.12069708539600711,0.29570398931454533,0.6895119604842247,0.2886873036098275,0.153642073623726,0.9827488735417393,0.05787355284317047,0.03535497715073487,0.10706459025712721,0.5202813015239289,0.44398805879679437,0.10649139518243518,0.0,0.3300820577857785
U_4408,0.34398242065286777,0.021873540785740563,0.35347374317636543,0.030377321842984636,0.11180480926922357,0.999999999,0.04939585663695614,0.11973053676524084,0.12264699119865659,0.15581842883344932,0.15259954301436104,0.7413466454747955,0.08390718448701921,0.0785026047134823,0.0,0.2996577880039284,0.146385131837728
U_4409,0.12977358536430225,0.08744080327660722,0.28905126051115465,0.03860145222615771,0.0532101115712706,0.31287139610268033,0.19307546519859656,0.13930182743266373,0.010990556166101294,0.034464127856095254,0.0205322536162994,0.0,0.16504945474968663,0.15984766892103966,0.10729301202288696,0.999999999,0.11309100338175657
U_4410,0.9071445924692251,0.6862624360066656,0.7022247518999101,0.017798612973462528,0.06847808129950465,0.7566552610566984,0.06034939654154448,0.10605026587518494,0.03669782120521864,0.05019962345426118,0.10270457404860946,0.06046955383729609,0.45795013090414066,0.31318675633088755,0.999999999,0.0,0.18854420730534205
U_4411,0.4018590180418012,0.26598950215681444,0.3168619592599365,0.04031856718692417,0.028197546691164782,0.44860344594108015,0.6294716488120436,0.11353710093286558,0.029538620364188795,0.052343691427507,0.057191087011596475,0.03369924493418071,0.11784891176482705,0.708276549248557,0.999999999,0.0,0.10557537738603062
U_4412,0.2523468251541897,0.9999999989990993,0.9965691747656181,0.04813857837370131,0.5238153709362093,0.24582184967888762,0.09516987448418424,0.11345460577963232,0.08361244733623799,0.044964641528198936,0.05198333046620423,0.038486253102772656,0.15048725821242734,0.17679764202086093,0.09562499236236133,0.0,0.5180687999662584
U_4413,0.3440230602405305,0.6304181357976706,0.9478505018268849,0.0,0.355621776258252,0.7258592223192069,0.022323204966685505,0.12320670328039718,0.999999999,0.261770792858926,0.057962217572227206,0.42441433508593845,0.11670226766594355,0.177076100946872,0.3528599803131096,0.010848389254005681,0.12322510787683542
U_4414,0.14139183822861404,0.8949513805619282,0.8159205146388931,0.04311328351976459,0.5934604227612127,0.22146454548241243,0.10238726372597998,0.1606210153044833,0.3554499514311676,0.07306469771445016,0.14799432313576918,0.999999999,0.17100790630997129,0.19892334514453763,0.07451134765627362,0.0,0.1844578325630835
U_4415,0.1544883147948576,0.45490709470739504,0.35428498618814136,0.11056524882939413,0.1841504470674369,0.3969285089452259,0.24302939458313633,0.20658664776974478,0.9999999989865609,0.08787664618954824,0.0,0.07889216366835956,0.4475162369509154,0.46636915657020145,0.026086282031744578,0.0010652598320905142,0.2908482481017827
U_4416,0.1183810389207642,0.09341026273299947,0.999999999,0.04106928110654463,0.49214002239908655,0.2567604271976022,0.16203283127327187,0.14221455541445754,0.31705368009249113,0.5692329239265609,0.03897123144041415,0.8887834111899261,0.17745295915111334,0.21477302334425488,0.14726826036998583,0.0,0.12184601425778097
U_4417,0.2845038047747929,0.60744877395849,0.9031504610360299,0.05769387345182262,0.0231187037895478,0.8716264829819514,0.21038467518078532,0.2360371972146215,0.2991902885319271,0.6549190863169484,0.03789406110891806,0.6705226969378508,0.17142261776098364,0.21905920121011313,0.3459310099370686,0.0,0.999999999
U_4418,0.3027509594792983,0.999999999,0.9026689188363055,0.0,0.017761664081677772,0.763524097098831,0.027739477253788725,0.0764908512196532,0.2960853680778775,0.02622297392874138,0.01609548951927707,0.015515777979780753,0.0914012896521044,0.14368091216570233,0.22537135431560698,0.006854191263217728,0.11804012576960349
U_4419,0.23359353915154835,0.26999557881541153,0.3597342488857609,0.0,0.0569519832318494,0.2959334914832326,0.15458353552532755,0.045104314323164856,0.13760087963491813,0.07109822396397873,0.0047601809386445945,0.006219321252936256,0.06267287062224919,0.40455843254344465,0.9999999989999999,0.028221651671417568,0.04422491277456462
U_4420,0.2835993938512839,0.8026367479898157,0.999999999,0.03627751117520118,0.03314770027540819,0.28971913600842714,0.3294933525524987,0.08236779532347638,0.03039958704670056,0.05535088521385128,0.04436822361483752,0.7369463044045774,0.12599401116895595,0.1655402114189356,0.27166764234463286,0.0,0.11064678704507172
U_4421,0.17640945948061082,0.11561324443056586,0.18832419550591037,0.07302863566286406,0.09118596116395375,0.1438088442480831,0.20394267154517956,0.15951032856232186,0.999999999,0.041868753385787695,0.062492567280514846,0.643206372085,0.1851058881980339,0.2042420284247843,0.10064156726933349,0.0,0.18934646345325326
U_4422,0.02433859815366449,0.30568128317837057,0.18153210899730188,0.0,0.058102573929025604,0.11364755624743185,0.052015949339814946,0.1796441560219146,0.28966398709499336,0.014622300615644908,0.022668545535123444,0.999999999,0.1619606537222063,0.2382034789444859,0.04198429936722515,0.6966558140823831,0.1391837928753492
U_4423,0.37107015143887484,0.999999999,0.3076454570372573,0.016355867652948084,0.027996667833465865,0.2696979122013898,0.06721932943038365,0.5488964736887668,0.02396944797659576,0.044924831172832504,0.037742521925234,0.05000731307149839,0.11390902153833327,0.15995636532408927,0.2711147050804003,0.0,0.1550570389650615
U_4424,0.4344477863050978,0.4016061873404534,0.337141245552048,0.002180929991471451,0.014845936364371438,0.15536293742181853,0.01792424522149835,0.06287891060611217,0.9999999989998257,0.028796184880190322,0.037507465844946665,0.043861236643352154,0.16652425282467367,0.20738605820752565,0.35691358561425435,0.0,0.12838346674943482
U_4425,0.0993266333488899,0.24703806844326273,0.1488233457492961,0.03229280893903235,0.05684669860797351,0.19952112046975895,0.07356545334373597,0.16318710312842152,0.7565522682368743,0.036520536099019056,0.04561662242539885,0.999999999,0.16114986660284022,0.17768050360360343,0.060374849685835834,0.0,0.14184110778382608
U_4426,0.4926785319893378,0.38659456759659316,0.4661633148287926,0.0008759747595028547,0.017825720748377415,0.1984023398990081,0.03421128014453947,0.13105974506340237,0.02236592911735946,0.9999999989995314,0.045133884742333034,0.03247578048303921,0.1650214288277808,0.24055327985124478,0.40642690211555954,0.0,0.23014942772070254
U_4427,0.1263429688303597,0.12772372800370835,0.16090059135817594,0.0070106305573755835,0.011359193043539124,0.36177294193921455,0.0641519658824968,0.12308765145071796,0.999999999,0.04460608139158481,0.017662548659258072,0.0,0.17284101648845637,0.14708440544162177,0.02121646838621336,0.5358940100763402,0.11642834485995492
U_4428,0.1660477139876214,0.1333578651896539,0.34093934077169724,0.021646863622842766,0.022168047350307654,0.19481592154505992,0.999999999,0.5905506986970674,0.499994458307864,0.06499650877459004,0.023192750746579893,0.3012585652699317,0.14884751367297105,0.164938583469577,0.12258553917226529,0.0,0.1012134728706574
U_4429,0.3897155409437349,0.7792090666749435,0.3594930434925275,0.04059943241240672,0.020332309343048503,0.34957075991851494,0.0752171327781151,0.09412230261489693,0.999999999,0.05113012169647931,0.04406956702232711,0.05314006174143242,0.19707159167987737,0.20242268055502405,0.2918305954031818,0.0,0.16298831210149264
U_4430,0.0,0.03554992710723621,0.05186027804894172,0.07703510467923821,0.11600616016848617,0.10966206814004156,0.09900191154436828,0.8340901215632064,0.03881478859993002,0.11447270234665488,0.12395504576968604,0.1704119960263394,0.08297162288687511,0.13705568580666924,0.04393630444965287,0.999999999,0.15547546881858332
U_4431,0.324257089717261,0.22739601075885957,0.22708726195252582,0.01317609273262317,0.015347477771340495,0.07743802855300712,0.09859135195624708,0.06708310924948906,0.0,0.028025245169365026,0.019651695099250927,0.0013490674095148973,0.08401281356136106,0.9396955036584788,0.9999999989999764,0.23975901735513427,0.08759207752772184
U_4432,0.18204069761852398,0.2350092199285126,0.19509262386689744,0.0,0.023672443330018916,0.21787713465042968,0.04591271189055176,0.12089284138256065,0.999999999,0.031700307255053496,0.02263123595946465,0.007429337971100215,0.13898667462631345,0.12840114532898628,0.052597038760351794,0.2819970631457929,0.10098898681368138
U_4433,0.326359954316153,0.25033320183936797,0.999999999,0.012803847660391271,0.0,0.2876761960802546,0.020625874957417828,0.06029977721229786,0.016907780562586225,0.035401759793625184,0.01802140975586957,0.014327253637221765,0.10010080821802447,0.15065634987066706,0.2166610852181525,0.035076184017468405,0.13621718242115574
U_4434,0.9999999989887978,0.6594277060831512,0.7297329340595119,0.0,0.06752329539098342,0.6814681518723165,0.051418979641670026,0.14134390012713022,0.004054488237006872,0.0535110659691114,0.05459598959626668,0.08695165560957833,0.31967166349193066,0.3971203698199113,0.9852753698114168,0.006768932731693885,0.27924867265150166
U_4435,0.0,0.999999999,0.028258672416148874,0.07438472960082293,0.15625974709983514,0.08505078374338434,0.1477464179624865,0.12351604412763231,0.055403104162605,0.24785871381137348,0.24050089007938785,0.23732847247175545,0.09192679944799383,0.12583694966888934,0.042479375768032325,0.9241947784453035,0.1522677354304581
U_4436,0.5683309195634234,0.42464092258825825,0.4137210582639111,0.016588820815235817,0.0,0.22180795637084819,0.079650946497907,0.5900393851409407,0.08059255646139765,0.531857428126816,0.011107419749348212,0.07707152947624768,0.20153154905014178,0.19554354990980022,0.3521230692707736,0.999999999,0.15657373567331914
U_4437,0.10492309634927234,0.0,0.23653869318340834,0.03045942863804537,0.32131625186904805,0.004437987818611989,0.028059616378284177,0.07395075240242883,0.02142087669332869,0.35452921354938177,0.09132306258010255,0.9999999989999999,0.035931594665247514,0.060955242485348046,0.025256940350629836,0.234872838728865,0.06204378172464609
U_4438,0.0,0.05355439807172701,0.06620635481871918,0.0640201710547087,0.1688252525879535,0.14147274554657374,0.11064495100446065,0.13845090114892897,0.07724192302338004,0.21875221671839565,0.15268111448104593,0.1527648225383619,0.06632462093430597,0.13650685836023507,0.028397378665549637,0.9999999989999999,0.15450171202914303
U_4439,0.3703065607601496,0.3423379975729952,0.36445757946958046,0.0,0.0020427443128770107,0.342106226363873,0.06428458061069772,0.11030944446511044,0.999999999,0.029594446861958407,0.03446715660491574,0.06149131354197595,0.16930870063771333,0.22679439117462236,0.17810018219785403,0.0028614334307830646,0.19332494356513025
U_4440,0.36399333927205496,0.3398827317909635,0.3541820409204416,0.010808655768771321,0.02299274804764748,0.3374765988057434,0.5141117555130703,0.09032314604834277,0.999999999,0.03594121635631215,0.03765058265522859,0.0675961464974196,0.17795337553225232,0.2026299457974736,0.3390375051262067,0.0,0.14339575509406582
U_4441,0.36526924506305664,0.9999999989997244,0.28826000943516267,0.006406295443584538,0.00048381514179307263,0.11790145935371645,0.037124076810171436,0.05743362759113372,0.03026759413601213,0.3979786431271811,0.01602041171451393,0.040860531561312544,0.09599284077999999,0.16370412091220898,0.2703703317126511,0.0,0.1005243168996446
U_4442,0.0,0.13914807031946957,0.15051272609367652,0.11836798783082758,0.20922965406761074,0.19358556838742197,0.3322973692618056,0.1845127718010531,0.08748872911117944,0.999999999,0.2331627892127719,0.38749531287532557,0.10680881493015026,0.19757062258539118,0.057090334708413085,0.7101989735783383,0.2626785560077881
U_4443,0.0,0.008688100887083746,0.9462724738049393,0.0493062545234033,0.14697894961102007,0.19488251619479835,0.09517973867634937,0.1633214489785237,0.06763719166023084,0.11954337051118695,0.1703417959409204,0.999999999,0.08091628671119308,0.13140055169382497,0.023092993212639374,0.4844589691061805,0.1473625029652329
U_4444,0.47595275769320206,0.3655395065546645,0.3411650654572743,0.018833375284570488,0.0,0.15177159894397643,0.01277703763162176,0.05315788830903539,0.999999999,0.0055977395737115,0.023825132964458026,0.06061345092231327,0.18111940697207812,0.1923099729832425,0.31574953088061203,0.0018506706339383135,0.19457347469043026
U_4445,0.19662343781394379,0.13585746747019908,0.41424851952477976,0.0,0.14971368336935523,0.999999999,0.014418800089701988,0.252436098431743,0.15613127296286008,0.032913876236703186,0.02630488760298262,0.03844869152317106,0.10209682088987065,0.1273312307611506,0.18751250983062018,0.0016334013839490273,0.8278367960828608
U_4446,0.9993037450668727,0.9083335621072165,0.8724682715390597,0.0,0.09839623135491568,0.384796384005544,0.007404993648969105,0.1261312934640134,0.08298835220757358,0.1101623773885705,0.04884343359709726,0.05772986783974562,0.3281399861551891,0.3848978218087794,0.9999999989954929,0.049447666858084875,0.3134116866102872
U_4447,0.0,0.032943917205137355,0.05472704402168585,0.07851312867812076,0.37993315232618874,0.10632730543207454,0.24586622627979934,0.07106824156882229,0.4057511703288879,0.2800399557346926,0.14952004730023527,0.999999999,0.08732320647402769,0.08849635574191837,0.027754307456722208,0.5489194239186571,0.07384309672077896
U_4448,0.0,0.0345489942807173,0.13310491211195283,0.05528451321694706,0.615515707568956,0.13731561397124212,0.11360747915505214,0.10657969508219083,0.06283610767065352,0.6129144583307886,0.16114686812560794,0.1636674162935601,0.06294534273914157,0.10731580401132554,0.0138259772285716,0.999999999,0.11631777299364994
U_4449,0.28112727939319143,0.5376241804433798,0.6823133435647212,0.03088387546767354,0.1309815180361506,0.48455393157505494,0.038370314770848145,0.15034067860278277,0.999999999,0.05961537742499705,0.0334909657390126,0.4425969234604588,0.1479524131564973,0.18713400432045227,0.2596055570706515,0.0,0.07212278495440924
U_4450,0.5700840847849998,0.4152543325142562,0.4545002677425384,0.0,0.0024504476236895853,0.42119755690940996,0.055959546777753444,0.08805430817628526,0.9999999989987457,0.03386411908635578,0.01908431806294825,0.10740149166654704,0.21606360648974468,0.2308433444666473,0.41083275714571427,0.043201340203042816,0.20886496618976258
U_4451,0.1499840126752477,0.4427444156374507,0.999999999,0.0,0.19895436266158378,0.19877240454314193,0.04136028467081724,0.05431280534385979,0.019892339202566802,0.007895273674021954,0.029776186109863406,0.5210559559161444,0.10179650535889721,0.14844932600393831,0.26493958833037473,0.16419151173216748,0.07374376651874431
U_4452,0.04930547596239467,0.16543627568263186,0.09633233952523758,0.07468168119359245,0.07614430024794214,0.11891007942900556,0.1916444866238223,0.11684729515972596,0.9999999989999999,0.03618025023514018,0.0498348895666412,0.44487011455497516,0.14727502861397065,0.15994649892031695,0.04709251478317662,0.0,0.13236760902240732
U_4453,0.19978402405550455,0.10942685573509954,0.9964808136899101,0.021973219076212306,0.01525943864203732,0.22521947586459662,0.0943615646704332,0.07187937068326368,0.025820290201970336,0.3119842505272452,0.0,0.02742216959123143,0.09818920714732188,0.11749907602177576,0.07137075682142643,0.01581611680514567,0.9999999989966147
U_4454,0.614800587246685,0.6379983216241307,0.5412979806246936,0.0,0.030054019018134127,0.3310953302643517,0.08409146593929259,0.13001376346486962,0.009003587098196228,0.9999999989953685,0.05278882616565666,0.10907723897463288,0.29076084339752906,0.2405887824347975,0.5483746984292317,0.06457206263182652,0.16095943527173312
U_4455,0.24052257336635574,0.20913666999296499,0.999999999,0.03786088878275868,0.013920647638197527,0.486289746233129,0.02427608625009325,0.07303583365309832,0.2401549541064833,0.04452475513284753,0.025091336479745596,0.031441190613524274,0.1414650501357833,0.1264224570366761,0.241327948710299,0.0,0.410327994569694
U_4456,0.35839209563939045,0.4817730076939352,0.23836051644828088,0.0,0.03079569511638534,0.356575428087773,0.02442342923659206,0.19574610700486297,0.03830303963360714,0.08088447945859807,0.025239477521861627,0.03377118362994679,0.2180649353646813,0.24182593457876564,0.2439097336326895,0.999999999,0.24851931819492226
U_4457,0.0,0.025033858601061897,0.999999999,0.0615653926199942,0.15153058900164904,0.07809640810816364,0.14787764644995482,0.1235680187096379,0.07504584232360322,0.1370222100507873,0.18071391533655945,0.1891425884171359,0.10654646162608629,0.11078449319284774,0.03597796453850382,0.4095396632227225,0.21372260823823166
U_4458,0.0,0.15065810805201593,0.2306609215866336,0.0499063036316932,0.06575346132116379,0.1913128935928547,0.19700537814843266,0.16676610050256482,0.19993780206723355,0.9385605293134377,0.10028387102054505,0.019702781210536317,0.15110526036223573,0.17872409298423383,0.037714180165530964,0.08129921820418473,0.999999999
U_4459,0.0,0.999999999,0.05476885734187931,0.0746847085387106,0.14806384345675905,0.19153674874156432,0.1355095686937083,0.15023897027789465,0.08196886232774314,0.17695725398197434,0.20097921457672974,0.8490420519206767,0.11730494306342741,0.17654850147132678,0.028587685839681708,0.3235492320740668,0.15893103123502625
U_4460,0.011140068774250823,0.06701014614133384,0.8339146978593956,0.024553556122900784,0.029644203194935638,0.34401670507100895,0.999999999,0.14926759664625402,0.814719911354338,0.039409631264969054,0.0459865958526204,0.544142792219238,0.1810030823514209,0.14417868643397613,0.021043658185755376,0.0,0.0700949215970468
U_4461,0.347255805593566,0.3415589393321839,0.36211547564525615,0.02141300703041422,0.010271118152057467,0.25217152197611004,0.03302965739804968,0.09081764721827032,0.999999999,0.06445322632292319,0.04292646067051164,0.031178774062539136,0.1376372119865297,0.24024972063063438,0.31912941017729274,0.0,0.16690252410418016
U_4462,0.9819190784942033,0.30343111053648775,0.999999999,0.02232875723111341,0.03656582760999552,0.2650774167824673,0.09608658967408328,0.08616871383038256,0.05151068363132288,0.9496698422693939,0.06569700467122568,0.909395683301966,0.20444814138291836,0.19152968438937454,0.3322484387867753,0.0,0.18930865779126285
U_4463,0.2594807950540793,0.12219533911533208,0.2483262060236351,0.0008020554776757405,0.0,0.7417749602679459,0.06066824218819837,0.09466959704531717,0.01456916787826581,0.016252145923221776,0.05268364500708867,0.9999999989994152,0.11587777389358069,0.11355646893419098,0.05053535525568082,0.3020747986949973,0.12974650393871007
U_4464,0.34384560798202707,0.34321513313278856,0.48214341788185,0.03690290101723805,0.050579392156817664,0.40845627753938724,0.04904084548798232,0.14582285181089397,0.024989455451954717,0.04581209946839621,0.1261875441454671,0.9324467465119034,0.23470203780437376,0.2540599522669366,0.2381227140430899,0.0,0.999999999
U_4465,0.5121303127966701,0.42285556116847955,0.36294170058712966,0.0002792304453670903,0.0018666666548210475,0.41743037878834965,0.07008008384544391,0.10653247452819203,0.0,0.999999998998685,0.009076429909666797,0.030483585934822238,0.1523039812730251,0.2115167009989501,0.3759700478262736,0.5612412317456823,0.19095337803386536
U_4466,0.0,0.09940422815930094,0.17178152863248136,0.0902119297427717,0.1779064342126243,0.15963318047994135,0.14882013221215185,0.999999999,0.7263599974080783,0.16009489531147442,0.2773089197840356,0.43284451217762804,0.14233773259794805,0.2425899784101692,0.08102596482756019,0.38584705473503894,0.22799027458280988
U_4467,0.2940783004870901,0.27160774442023383,0.2790855729631803,0.018623644393560033,0.021762956360390773,0.1554737185281035,0.016464651968302234,0.09246407164545252,0.005362548189068302,0.028891507828118376,0.009700124575466996,0.77569885028041,0.13146289199289488,0.999999999,0.6929094161483115,0.0,0.1453412757722143
U_4468,0.999999999,0.9473797721824674,0.685425460397623,0.0,0.04708897299048293,0.41481854800040474,0.03173499163708313,0.13496564149791185,0.05815323875285139,0.07970735564796186,0.0727192810204313,0.05057977024990522,0.2991335659738922,0.37330692957523304,0.7408303167653175,0.08178731995368999,0.31254434544522186
U_4469,0.29422734767736175,0.30114872627993,0.3683123421476902,0.0630813192047807,0.04872626382021081,0.41451098255922947,0.12008931828501758,0.14380323821994284,0.0654608151838821,0.061540436034927815,0.04892091666133536,0.07187838268632403,0.2180821818332443,0.20482924161101418,0.13014062062493795,0.0,0.999999999
U_4470,0.0,0.06612455716096483,0.0614961665823052,0.08582938469163935,0.1385231786857783,0.999999999,0.16226824657761177,0.1345918835246454,0.7608729773973482,0.15912729647104426,0.16051770855689737,0.29986332227357093,0.13647014225041212,0.16476351515681578,0.06682896024318921,0.7670319519043823,0.15256538223981692
U_4471,0.0,0.1667022038860262,0.33653388022684616,0.1996111460173899,0.6475346778641997,0.6151091107449852,0.1654710842909806,0.33307982005621606,0.4358737627426571,0.6244798207422282,0.5494797895588756,0.4355274098320083,0.20064939539404264,0.38892880368909244,0.1460207511498624,0.999999999,0.47991296204958306
U_4472,0.061020693517143156,0.1887958613790221,0.26561124503951083,0.09065473060536149,0.12522502137771263,0.19789258266398468,0.16358693804946545,0.12030838846781165,0.2916387326795915,0.032999828145244665,0.07960682841385361,0.999999999,0.22284451894724996,0.23009865393730333,0.08827711216259437,0.0,0.1645997527269201
U_4473,0.0,0.028982765760740957,0.16765200906320568,0.07716000069018611,0.1947133727114748,0.17282478303501786,0.19206918670016898,0.999999999,0.05625996069016735,0.2373490208346472,0.25488662928815486,0.22278176632781257,0.10890074313063765,0.16300793909457859,0.040434165561684485,0.31546248639372854,0.2500907447727027
U_4474,0.0,0.22909281448546828,0.04551918391651213,0.03700296529087255,0.23838628172269594,0.999999999,0.06826551740148064,0.06790038733405633,0.012468632310696268,0.1544396902107957,0.14855628938362078,0.46671534390352787,0.05023892316756291,0.08032592307528295,0.0038460584762716804,0.20155333499060918,0.08742317225553632
U_4475,0.22546019074630305,0.1418728939963495,0.7303856433190864,0.029605564754464103,0.027003121088394998,0.999999999,0.2618681555281353,0.09736557796601696,0.061314129915481436,0.7040927455416965,0.036162491459605886,0.3254853391333858,0.13556297856258348,0.14849216178090077,0.0658159218304246,0.0,0.11937656055077103
U_4476,0.2718909121494055,0.2847122510934619,0.278930206193874,0.007255968324990711,0.00566001191117894,0.13510425154491368,0.02420536548402686,0.07074510435636626,0.0,0.047135485801678374,0.015069948738523235,0.999999999,0.12623733069203644,0.19376876369082033,0.24753916075049806,0.41877409707413693,0.09858770553699425
U_4477,0.3368446885223551,0.999999999,0.25078144656397294,0.0007237664868189402,0.0,0.16496365711847905,0.011240804439584598,0.057472488507405724,0.013832578803849216,0.03639337211473903,0.01749129381848009,0.019051605389757757,0.10831491475469929,0.1540406903972014,0.24499470818531538,0.013727199318060873,0.1391656320143754
U_4478,0.3436470797944827,0.30381453964292954,0.999999999,0.018922156202288157,0.014420764430075863,0.15524556346010726,0.4019961181412281,0.08299681863350951,0.021691393611804347,0.056808093604581895,0.04201413637823489,0.013474378432091916,0.1393322782968413,0.1706277099198757,0.9001514344871906,0.0,0.1368846883168845
U_4479,0.32746146277032767,0.1768766663985397,0.27656802054277363,0.05533968243700425,0.028622364402141758,0.2700895323651409,0.17051610672240902,0.10044177041304143,0.031714569729920185,0.04328712089446133,0.03008629199679737,0.04237637121655967,0.16299272135322768,0.2674374760954055,0.13946946982778682,0.0,0.999999999
U_4480,0.0,0.07098626173979267,0.10027766152587629,0.06954893143094386,0.15022483139616993,0.13628327972757565,0.17037655267940174,0.12513613171277768,0.999999999,0.1802759014323429,0.21137936609564792,0.1587825387873805,0.090223608759798,0.1577577686673887,0.01977090069403148,0.3129869185307073,0.18376329104375774
U_4481,0.2817826681971713,0.1755546639185849,0.29594898564560357,0.06132991478934415,0.5629305184691019,0.999999999,0.1597333762158772,0.12422719574838083,0.05231716380789789,0.04975179504255676,0.03521371778152114,0.8551241846389372,0.15068309703885766,0.16337314144904458,0.10566424168545402,0.0,0.8813173594696275
U_4482,0.06125551208982316,0.2242573583190747,0.999999999,0.07028591545393954,0.10485574996448192,0.08919671598150253,0.1313075645766157,0.1649529275877997,0.25953010252272435,0.045411935115215254,0.04153870466054221,0.7983157374597146,0.20269201553836214,0.2565640000028889,0.0835058327084589,0.0,0.13880333722656152
U_4483,0.2666985810031768,0.222732993953896,0.21393418492397298,0.06807941120073355,0.08124560444084038,0.3226021657201451,0.15757780312037278,0.2125120611748017,0.11802611428687357,0.999999999,0.05127530705175523,0.8533462691658267,0.22116677162158518,0.2586450502943945,0.12258688040173006,0.0,0.1830016168429083
U_4484,0.3775772210653287,0.999999999,0.917509857117763,0.012976391882258676,0.008143844518843977,0.17124687074575046,0.04801577214831551,0.09639648073420275,0.871777572859256,0.07009030855157637,0.02021398197199606,0.03913438875240702,0.14847890783784579,0.16629806827689247,0.2799948044934216,0.0,0.07807362760826671
U_4485,0.0,0.01251172865782756,0.10564709439523602,0.03399319389697783,0.11360452848289343,0.999999999,0.059744959970009,0.22422606208094434,0.2236949858688644,0.1475262584135709,0.13201252082712453,0.17089405075906866,0.06503106707466863,0.08167705919586395,0.016660080922782025,0.5218028981866264,0.09535475022163362
U_4486,0.3513789182549163,0.34041303692748665,0.33477077727166815,0.0,0.04173015075090787,0.2956270124939844,0.08341725038191965,0.07738174039497796,0.01474806415212288,0.04855175486583913,0.027945196687477785,0.05083431325560228,0.15924299419043625,0.27158118093363065,0.13546248684724396,0.7963200979890945,0.999999999
U_4487,0.3050946950516834,0.7941466553884096,0.3586950303092962,0.005831557545110894,0.010773380401777678,0.13722458095606918,0.041580861210760184,0.09968909028773576,0.05674646910315398,0.03341468684885435,0.018924830927230466,0.999999999,0.1535927208044969,0.1609544467583076,0.2726145878946629,0.0,0.11936229743243179
U_4488,0.0,0.029045860954980907,0.05816699263627905,0.06734649931263725,0.08180763291074777,0.9999999989999999,0.07425422552231385,0.09054414062319519,0.38129282572594647,0.07877608780578325,0.10472969463707385,0.06058254767398258,0.03546203450366943,0.10320123008502849,0.009124627643424777,0.7121664874681257,0.13412184676022687
U_4489,0.23227351775329305,0.18849352244975856,0.19052809731065365,0.005810091282487507,0.018185145213905293,0.5101080344882408,0.2610511196359571,0.05634663860495119,0.017619987335241092,0.019225016879268874,0.023157689939562607,0.03099436289016414,0.08054425280270827,0.4513880308805218,0.9999999989999999,0.0,0.08283320482075497
U_4490,0.18876073704844182,0.7273436875978214,0.6798331959083878,0.0,0.19170273817113356,0.876298837545672,0.3144842075261953,0.11776816448139227,0.707265866309223,0.025582627091169888,0.03801876059206624,0.999999999,0.15368723506171292,0.16969906831470408,0.052416240006152214,0.1553650216581463,0.11871543458273667
U_4491,0.394620840936622,0.380051986473386,0.36778314376814075,0.0,0.0030592678919662336,0.14546307563603453,0.999999999,0.10108153332473307,0.017221892554001885,0.031706874961284236,0.04330698634819181,0.032587638672102105,0.1617733020304518,0.1970739352628404,0.3943608263362687,0.010875847730733792,0.10440944512273559
U_4492,0.3654538106520747,0.33033336915319156,0.32229101420678197,0.021185661968149413,0.01648068980083028,0.16814441810911865,0.04461908392201396,0.999999999,0.7198843485104132,0.05114394917010443,0.022700384866068613,0.04389511038873439,0.15023518631243926,0.18648328522646931,0.33170636416780486,0.0,0.14003880378244185
U_4493,0.03492641129168336,0.999999999,0.060850552166389404,0.052418802994313174,0.06568481328366745,0.17440549608383304,0.20863910742916464,0.13285936889081648,0.8084875952579872,0.069626659465938,0.10446770479064632,0.8140519433799899,0.1648651338727803,0.15405139728565875,0.028630372002623805,0.0,0.14395683615237131
U_4494,0.4315356261024579,0.4114963389677799,0.3868973285743383,0.034111615712170446,0.03303518859517679,0.31686549771093414,0.08015888686906399,0.7710168708412525,0.024296924161452182,0.07049608458946365,0.04480466210739846,0.9967307497081851,0.15678457977504623,0.2862508588774196,0.9999999989999444,0.0,0.2000081745070769
U_4495,0.30088202721209956,0.999999999,0.31074709321958993,0.008120180658256124,0.2626378085771635,0.1482406624896,0.2538542122587108,0.06697236556324569,0.4497357846181757,0.2224549318866856,0.018857421312049295,0.04554300485666723,0.10699968597345347,0.13782170711473474,0.21018638892874486,0.0,0.10735909398267475
U_4496,0.3543410808530778,0.30013177463756496,0.31175401500322364,0.0,0.02266898725544008,0.999999999,0.018471988385454483,0.0802158521180616,0.01786031223916769,0.03468263542022306,0.028437574890814797,0.04195809875143176,0.19323640161010888,0.22022131961275615,0.32406866383831306,0.018176711363377184,0.10329321943836045
U_4497,0.027041737334462017,0.04021301378294816,0.0,0.05329872499644031,0.15166438074284763,0.06204310336732693,0.9999999989999999,0.1902243050717296,0.0020659187610762722,0.015591449380463317,0.034617263713149785,0.007855822024198454,0.04230334423242196,0.10796982901756878,0.020421107786690824,0.33963159010897653,0.18073626861281072
U_4498,0.17543727170996826,0.1520869299773145,0.999999999,0.0010359650996562037,0.0150715816087219,0.3594129367210756,0.037847541336811216,0.060700667605712695,0.3741343375566813,0.03162711418204298,0.010981879762951861,0.02743127734179056,0.10388031239666555,0.10712266508776486,0.20888112541408946,0.0,0.6620674525004774
U_4499,0.8929597251195137,0.7663714309643825,0.4995416393586858,0.015148717241725443,0.09435830597299963,0.999999999,0.017594321628330915,0.319751236104693,0.10311775772925869,0.10889311865108438,0.09484854466048719,0.0796883027749923,0.7156754568681509,0.44434839843609075,0.24612377885179615,0.0,0.44883279203228627
U_4500,0.3403001460598869,0.24513836834338149,0.9999999989997373,0.0007722843605202006,0.013417778249815063,0.08283210259209575,0.00534326090953837,0.054575058411285154,0.0026149216571936906,0.0180408393069098,0.03628457298462314,0.0007951580904421709,0.1137418229678262,0.7710887332034934,0.6993412171013942,0.0,0.11240853187730017
U_4501,0.10618139658290482,0.2700005067979594,0.7539323050478615,0.03253383954057401,0.07410224222932983,0.26109834483570815,0.08561235415741635,0.12107696124215395,0.07190880603996934,0.05324204160513446,0.07529373974560616,0.999999999,0.17319790202924454,0.1870939743398573,0.059166584314984984,0.0,0.14754185410626194
U_4502,0.038743244690377224,0.17489895385266202,0.999999999,0.0761646497741169,0.08566183634908454,0.13719658717945363,0.2332629953307632,0.5482376038572642,0.06939435731789527,0.036662363667518,0.050842448631807806,0.424893386635477,0.1483960485725014,0.15072292864985537,0.038328060112874714,0.0,0.11168096123623654
U_4503,0.3453000267752776,0.3575094853331969,0.3872624610148596,0.01883670418956831,0.040454863807220624,0.42417718705002244,0.999999999,0.14957128760920194,0.08407103589333859,0.6228397717986648,0.0606995536268759,0.07116585509191363,0.22781524059738947,0.21468457789932074,0.1609591962385823,0.0,0.8346682037054258
U_4504,0.48927299026963916,0.1707602771611595,0.999999999,0.014653460698177731,0.0,0.19530302125942456,0.0073202147654929045,0.06308564737316141,0.009400335708842219,0.18975235105480767,0.03297292980218722,0.5616023742869932,0.1418216509138505,0.753429056503033,0.3932119333523282,0.0016678646952281097,0.08870776644769779
U_4505,0.20437025719768936,0.16116455047543646,0.29837578893898853,0.03399723324131026,0.025638301445587357,0.28634454446786245,0.09979985155103631,0.09898156063227984,0.999999999,0.024636276282791383,0.04085564009425307,0.031596884354931076,0.11433137003162085,0.13810911249363103,0.07092164757427262,0.0,0.5347218338713389
U_4506,0.23248608482608266,0.6802729147716761,0.1689563453563422,0.005658657319706173,0.0,0.3007467620390131,0.06267215960919885,0.12282991846343498,0.007754505388112951,0.03143239256108645,0.017228814428375,0.016384774033480307,0.11023464252122636,0.15262640721476936,0.07426342428768812,0.4312533054621168,0.999999999
U_4507,0.244132129713553,0.447717696927033,0.999999999,0.03449070851816262,0.3582883223859775,0.19442413700238695,0.02918206689267289,0.2567111384606479,0.25289758091911946,0.11328000813454601,0.05830925158779845,0.3076386511331456,0.14290956435857116,0.15011624796336728,0.1935295421382638,0.0,0.12001605166952212
U_4508,0.28931697163824865,0.26776904034986526,0.27541676777345075,0.03145079813357603,0.031350365458735055,0.3348923750846471,0.047519260238051676,0.1629419851937286,0.046641768667836134,0.4825293771568725,0.04552034056133562,0.999999999,0.18009779004182502,0.19735471557045126,0.12104571848368534,0.0,0.8655582518074102
U_4509,0.05197614630427318,0.15524820980121987,0.2650244063332438,0.04953594595151431,0.07446227192544874,0.19558747751717295,0.16931379170603086,0.999999999,0.2526879682991964,0.5186605382615144,0.0370177473153596,0.04479474208111053,0.17280221491890776,0.17153526069377245,0.04933815823272966,0.0,0.16987731914328702
U_4510,0.31445621830694026,0.21007013972922722,0.28106909069111924,0.0,0.004366732944728354,0.999999999,0.0457612845063011,0.07259841874482603,0.0028962580544948614,0.03495996870089311,0.013800246316468498,0.8645651324828191,0.1046102370490632,0.13675654450606983,0.270471289360722,0.1876935939931123,0.8340930200899926
U_4511,0.0,0.03104975874020869,0.1003777307484949,0.09370545609534779,0.1951659801802859,0.999999999,0.20926955228555905,0.1715060773049009,0.08731370989387834,0.18113429938905554,0.2058164686714077,0.23424726357293457,0.11674223539619892,0.18239104123185396,0.05095136961857711,0.5448085851061123,0.2266237174662692
U_4512,0.0,0.012625170292259024,0.18023891939317732,0.08956366707007513,0.14111351432315397,0.21194524930388897,0.07708083326321948,0.18759426752101166,0.09695106195515213,0.9706587388106735,0.18800446222640949,0.2341531114871951,0.0656617787935815,0.17209101319392797,0.01492481060409028,0.999999999,0.16188404703171322
U_4513,0.45164969454516046,0.4363575457713122,0.4597750103584902,0.0,0.03638877631320481,0.4514859988813581,0.06907254360971157,0.14262558365310596,0.7437863302385486,0.999999999,0.017856076051844583,0.08804545397881082,0.20013993736368887,0.24521813095212117,0.4234548177201998,0.03972817190914248,0.19713686818226472
U_4514,0.7353312221988029,0.2499423597712048,0.6508373803178944,0.0,0.03126236176207633,0.999999999,0.0350157725837823,0.047071484453468204,0.011032461407854011,0.031573258076436,0.008928682418315683,0.5596538762227571,0.10583934126137876,0.12113806956517725,0.21585881093428907,0.024831933475160956,0.12683806069679268
U_4515,0.25182614924901686,0.2314170960153728,0.9999999989999999,0.008645265078380095,0.005175845902147157,0.21063863236788663,0.011280803599818109,0.1010357144036344,0.008981335210943428,0.035243604651494335,0.02691277394467846,0.01662550884786752,0.09849509954729724,0.1898420024990444,0.2830734796447762,0.0,0.1160553511587203
U_4516,0.0,0.0688841644582665,0.0644547536824318,0.07951998195856148,0.12363547244112154,0.08433243225287314,0.05736995369686524,0.8168357043578895,0.03606000472144471,0.06216059963175475,0.06864615588208137,0.0599351024968619,0.033031885803788165,0.11126058612003767,0.03108251496504351,0.9999999989999999,0.13300403800989793
U_4517,0.066270467701638,0.999999999,0.3891121257856297,0.12784742334095406,0.06824347078109559,0.9374909334034816,0.130219318454164,0.2144702636886525,0.2031646802037001,0.3768892162278121,0.40398947071182323,0.6441277496758281,0.22173343742975304,0.4043527627751939,0.0,0.26054377647806287,0.3042930382751807
U_4518,0.40104638476894455,0.39723435764718273,0.37046354668693776,0.012176601187034921,0.006064987048261438,0.169931007087987,0.024080236313585638,0.10376693510236425,0.999999999,0.028479306121336326,0.025106034266873252,0.05045177429012605,0.1635392065798745,0.25660158496241886,0.43592519109877587,0.0,0.1463121594536097
U_4519,0.2530041831287446,0.21744223209288668,0.9999999989999999,0.0,0.0035642273660355635,0.22553605902907095,0.023504726175709447,0.08528361201686042,0.012237488189641555,0.03586782449923404,0.02340458211873634,0.03423457043811664,0.16029617854534137,0.15245305751427426,0.2465350010650893,0.002170519714404491,0.13470297393181108
U_4520,0.3120086388030015,0.21695895540622726,0.999999999,0.01572411932637846,0.0,0.11128497771191498,0.02592823191959496,0.06542457726914509,0.018166554423422045,0.2106998938536635,0.03178944093366518,0.048377717067407046,0.13453104665734641,0.1315467348617603,0.22450507516130305,0.011942000662275026,0.09513133452704771
U_4521,0.40927601143088044,0.3321670501269159,0.362640348299403,0.014103374599761517,0.04664635458348912,0.3323101902526911,0.999999999,0.8313106305708342,0.05823487458191995,0.07138857872859497,0.04726840294077655,0.07360041032890871,0.19714999209603606,0.2392602989786409,0.37227413797802267,0.0,0.1647740932673601
U_4522,0.05996638274606134,0.1044890842431435,0.2580878585222773,0.04631016859827323,0.06137765997363776,0.11516820265595407,0.1982819761065142,0.999999999,0.556750973101024,0.03943827788981706,0.12790556245143547,0.8042062780364974,0.18822740432976884,0.17485410832499554,0.0808969804035868,0.0,0.1715039580101841
U_4523,0.3434167680462686,0.3074874080418201,0.999999999,0.007058297065603968,0.0,0.127299698651793,0.03816673721192714,0.05575819261657304,0.02060863625071159,0.03023337114809671,0.01759049194973023,0.030463231960791266,0.10720820625912598,0.14945139481683675,0.24218302445866519,0.4074639131831815,0.07434119985156772
U_4524,0.9999999989969425,0.9317575944923111,0.9195596398381114,0.0,0.0804891430638753,0.5917991729470085,0.042272753194075315,0.14285120839245274,0.1590953502408041,0.09478827417577365,0.22560260612622607,0.08494944091336246,0.43370859801210715,0.46682097410421397,0.5548370436005354,0.01681320566088958,0.3302369145475746
U_4525,0.0,0.018454664116582004,0.09285823186402536,0.049197721469441076,0.17567898608083277,0.13107722253452017,0.0717046712881251,0.999999999,0.025047571343082855,0.11140286408404532,0.09633677595874308,0.3724082419900379,0.17873231090177538,0.1566194868081079,0.04698544844599552,0.3416559867017509,0.17330151426449628
U_4526,0.3838349643198051,0.369706515418917,0.3735809308562595,0.0,0.004210832497067588,0.23871599262141033,0.999999999,0.1123310392550008,0.02147700705320388,0.0341902924295362,0.03632782427334252,0.03538513126085568,0.16649599444291246,0.20306929070758267,0.4315241608799744,0.003562155965722131,0.13853676912352772
U_4527,0.3593329201777882,0.25157243794219003,0.4883349873902042,0.05692986129785622,0.05745656273937324,0.34807809901930603,0.24791930189286154,0.7228693379807896,0.03334284633167692,0.8052227730793364,0.04594303056950158,0.053547499921325785,0.1910724997399925,0.23299517470517217,0.37582495099192265,0.0,0.999999999
U_4528,0.24489661916824423,0.7906313715028488,0.5119126160496709,0.016158299373330645,0.003427184933228533,0.999999999,0.3263944390515188,0.045870792782065364,0.009900344737881662,0.13763332977170986,0.0,0.01279721168814131,0.08229641730216854,0.11531503892028504,0.07552056927123713,0.17744747805405178,0.905985012071349
U_4529,0.05833524646361967,0.13002811170151776,0.999999999,0.042702715723810264,0.6614932381293316,0.17547626271103378,0.18891122856687992,0.08461494544015366,0.16653902935711593,0.026138804905454366,0.07522170439865981,0.010037677663514195,0.15314108235410262,0.1653542222716944,0.03478208663282428,0.0,0.1414026900808616
U_4530,0.21326851847441433,0.841424460551152,0.4673784678685125,0.006765323165940072,0.29654559771515093,0.10420514336457858,0.004773129506569815,0.05539296215146084,0.0,0.03661077385463436,0.009459649346974188,0.12993808872197998,0.11985420137137597,0.999999999,0.39882221677561613,0.15977921488680438,0.052737081166198616
U_4531,0.999999999,0.4991921068557382,0.9207404821764146,0.14076324936298965,0.09625806077659685,0.8870894099010805,0.16584136279363715,0.21464007541554694,0.04526619024395187,0.11730186011290547,0.11142556630896398,0.09399187687286671,0.396594467172896,0.4063814281544559,0.8567101799193692,0.0,0.48142498957163893
U_4532,0.3687445293580073,0.26224626105892845,0.2629943737008432,0.0015869718056142042,0.0,0.13059355841098752,0.3385647048949449,0.06949038263084645,0.018973978780340812,0.053022004468541536,0.04039166460117291,0.999999999,0.13294413091096607,0.13755872416200263,0.28797371329507215,0.32460042916850396,0.10018161408317615
U_4533,0.0,0.014809784682669662,0.13371587154955816,0.0728234766721421,0.16885010829874653,0.0549633016006212,0.11096065546763163,0.11175769899288282,0.8111525922674085,0.17202685120137912,0.19240592736796053,0.1589850874337487,0.06789949677373569,0.13737607450343273,0.031090380036779646,0.999999999,0.15847515143419738
U_4534,0.28898822136672153,0.999999999,0.5228900286468592,0.051758062100408876,0.7485224184747007,0.816256102744829,0.19588403098616644,0.34275620259022416,0.3304957221263927,0.10599485214103833,0.08726453736742701,0.9038496288234218,0.23801806746600293,0.2029434544642059,0.37977949906579617,0.0,0.1560094017902248
U_4535,0.0,0.15376050190435708,0.08369623036812926,0.10589622671007891,0.2075065566936856,0.32910160089435364,0.14953112769754848,0.10074644970516175,0.999999999,0.15844292652339773,0.2180538062956707,0.2752521113743199,0.15536216801888056,0.184828837775741,0.060830682696732835,0.5510150951035643,0.1800261378022635
U_4536,0.0,0.9999999989999999,0.3227312803566796,0.02702170909054854,0.22240329046652443,0.08890733894241915,0.4055901312387538,0.15501384107264538,0.047875549213003174,0.1616823347319949,0.11316651005077527,0.16580674632087397,0.07093002566432088,0.07561555663897014,0.0176111188501166,0.2261547066670654,0.04142202910020283
U_4537,0.30522891173732114,0.3022785856707275,0.3145954546649249,0.027731453085217368,0.028523960688304036,0.288454804011741,0.06451029979197992,0.17465196695181948,0.041161984401752574,0.03065253857649211,0.043834228588158296,0.793831759368226,0.17686921209649942,0.20289054213986457,0.2557174834564802,0.0,0.999999999
U_4538,0.0,0.016930385815831044,0.999999999,0.03224270799733786,0.10299426705422397,0.1553046722160717,0.46817575450532306,0.11944880705393048,0.8119789856787425,0.10382564298387296,0.09191552731982308,0.11310716450407267,0.08702879118054777,0.1540536020413829,0.012877221442589962,0.16306309083773363,0.1219346197234494
U_4539,0.0,0.1267391952172389,0.09357382716131886,0.070672209752802,0.144095589147474,0.10635549051653666,0.10820699357620128,0.09757579311049958,0.09327711410596208,0.1309154432405757,0.1766101666768805,0.999999999,0.11997605928540155,0.1403360037229335,0.03488974135928165,0.24172912046265263,0.14702345708796075
U_4540,0.0,0.029155039227345827,0.06734026916224482,0.07330661800766038,0.14798911804376663,0.11624902606324096,0.07752388271711834,0.11015180350569076,0.02136165281784524,0.10031465653773097,0.15433363976615516,0.852752911981811,0.10832887788149777,0.13035205106639403,0.06607962102780103,0.9999999989999999,0.15421987629962
U_4541,0.0,0.2613126936217309,0.1206962925386933,0.03994954800806226,0.10457817427611107,0.6328277833420061,0.08504212771220034,0.09534131173206115,0.999999999,0.07641968221153979,0.08896478757952352,0.23684796757258486,0.11022476055758824,0.09287572312116295,0.03996444901535682,0.5549380475159702,0.08627251254371765
U_4542,0.0,0.6332864384008636,0.14979587872065386,0.07252388841622932,0.12738996577609576,0.053076425452804145,0.999999999,0.14904310068263052,0.02441624955942926,0.12172359122874535,0.1427491776665747,0.10830458081448621,0.06664281011089847,0.14408240699991157,0.03220385521704476,0.7351202151350343,0.14015055226499648
U_4543,0.2711655011706218,0.2893998447339075,0.9999999989999999,0.018995191655701384,0.0207763972612738,0.21849005016766468,0.04407851973632089,0.09673884813931738,0.014272720974210958,0.03433352843377422,0.05739945203083345,0.03325366477667219,0.13298249816995847,0.16789941090618807,0.3387278125707867,0.0,0.12700882021488388
U_4544,0.39921187205343045,0.9999999989999999,0.2756316709517421,0.012291870025637476,0.01887745008472879,0.1411277524422065,0.035767757060043086,0.06936543798359553,0.5521284064716012,0.024274256998903843,0.0257699615505296,0.051049341598422525,0.14279096680763995,0.13663900177514307,0.26685571098237415,0.0,0.13223041762487386
U_4545,0.08794917542191032,0.08634076353120013,0.2406354981385049,0.04577975267500742,0.039132175410025574,0.2136579961986793,0.999999999,0.1414529979394746,0.28476353299608526,0.04449963716290047,0.027330137449153198,0.6956906351360561,0.19939452055400428,0.17090079821992019,0.05442295598883421,0.0,0.12158842889218531
U_4546,0.29339498826148375,0.3249325312875293,0.30957241851748013,0.0,0.013926394220465429,0.35476507045669836,0.02810084181439751,0.0932901257356465,0.01902766222141584,0.999999999,0.024571400326696264,0.01165332320259727,0.11988514734109115,0.17877125809748912,0.128720111558742,0.4313144089729874,0.8678897818000019
U_4547,0.330734635035771,0.35247576342471854,0.9999999989971139,0.0024886015492055972,0.011210342110500558,0.22559296682275445,0.03045887628549504,0.06639661044692141,0.008093527659316173,0.7559847043541864,0.00804901071679627,0.05895024778702193,0.1372750667654222,0.1944151452870699,0.35440195486145876,0.0,0.1203598544901181
U_4548,0.0,0.019445059721372705,0.0526597710830709,0.0422594109922311,0.15003763363022765,0.18578105957191543,0.999999999,0.14708940906156023,0.07759755318509137,0.2849152150099536,0.2043550930902121,0.16894888961647636,0.0753436456919893,0.16956850543548885,0.020179727955527707,0.36485992409548595,0.15739585089799313
U_4549,0.20222227168386894,0.1208756230051345,0.999999999,0.030290629977879683,0.8508669233737394,0.6458140078548024,0.12671859205850833,0.041198597662924885,0.09768822413261333,0.1933588829787412,0.13964954886010572,0.9721922697463803,0.10410480688029297,0.11105168322782426,0.0,0.7702861144234922,0.16777569548519283
U_4550,0.0,0.286606805677999,0.2105044373107126,0.027970341286550838,0.07766999708736942,0.28618863355547736,0.3006705021144592,0.07423117369045584,0.029500766131605825,0.05532391054940351,0.1249275673179717,0.999999999,0.061852411948133866,0.07200535220426087,0.007382959692288593,0.13666403114800466,0.08421005499937587
U_4551,0.23750101967790951,0.1942822431525882,0.22483070235715055,0.04829385996555413,0.17284504222106978,0.28642940000665407,0.2210969938738982,0.09088494354306231,0.23245172444055326,0.023982612825025472,0.017563063986667123,0.5201019035912571,0.11473193183746896,0.9806663736449157,0.999999999,0.0,0.10814272230180223
U_4552,0.17458327651287656,0.22540297421392183,0.2073086030163244,0.08211304181888573,0.07513320114675659,0.2933705291145751,0.18650311126093203,0.15707078386367584,0.1114522965037803,0.04203364911402539,0.12878956286768492,0.999999999,0.2263106430430146,0.21927564693066665,0.09567705298591717,0.0,0.18850029466400509
U_4553,0.2799765090025849,0.22108113341432806,0.28338555868903037,0.0,0.0006640591059208032,0.12990658969416324,0.25997279422287406,0.07919042334056035,0.32202687242275946,0.023394373780758402,0.012732408471845794,0.030420134749847363,0.08959220369333909,0.9999999989997189,0.4102472140783004,0.004510252087391764,0.09450643112479513
U_4554,0.999999999,0.8142235130977985,0.7780015051070973,0.0,0.05186576817713936,0.8438122515407308,0.03977420024005592,0.17584403740821702,0.03740141612071132,0.0943692651641099,0.042465229643907344,0.05914872068318389,0.25945146347202136,0.39281126281811507,0.7939692276934862,0.06445729210818336,0.32097388140795863
U_4555,0.3722185032389133,0.3553798104345051,0.31567153996223574,0.006595254942311751,0.0,0.14172029616696125,0.02936265844797612,0.999999999,0.0027284324774693035,0.02911111171544985,0.026833832238508614,0.06934160055323323,0.17718783669064592,0.1683783960028534,0.2718343252976674,0.004218644782312997,0.20277758396507192
U_4556,0.02553975363228883,0.10808986401539734,0.1515699237991665,0.09018656957952141,0.10451199893361324,0.9999999989999999,0.16016730507471974,0.1585984406452191,0.1956318842966374,0.0498636260709708,0.13135178076020684,0.07105961090333504,0.13887051521410546,0.15498849041668916,0.05543714762539234,0.0,0.12241736519415779
U_4557,0.028329123715935656,0.04912377892109371,0.0802027485346284,0.09889634045125698,0.14845464517502022,0.055885586639489726,0.999999999,0.14125845795060119,0.0,0.025784598542367393,0.03717676258969846,0.008534464778744717,0.08825198584067089,0.10907195514958208,0.05615626546320451,0.4348221374605227,0.19914124185559037
U_4558,0.0,0.03242988999579181,0.09501591145102042,0.0736175707188554,0.15312874872708693,0.14081397678767976,0.9139627901508611,0.14411308251580338,0.11054618791298809,0.2899326322898836,0.18314710014650964,0.1894202564427309,0.07286661232787335,0.17875574453002901,0.025922189520742767,0.999999999,0.17529632132130485
U_4559,0.2682560357893866,0.951535232977953,0.2870795197976496,0.019807878735425253,0.03401271294472994,0.1867878897272063,0.05681358229915476,0.11432698669211448,0.0514721694167259,0.055459037278157534,0.09366162209925841,0.999999999,0.1464382973631938,0.15874698165031348,0.11455772842398428,0.0,0.6365259126986733
U_4560,0.2698780493441829,0.38771612221255713,0.22931926748750564,0.008358979682629084,0.020435591369305034,0.4523757030455414,0.0474658890490931,0.08581707390372524,0.0,0.1688381745070417,0.025113252830887382,0.09646346657629701,0.07745369558030395,0.5045305933384089,0.9999999989999999,0.08671108729728969,0.06732086815409355
U_4561,0.2676400399785355,0.31466341338316495,0.27479923433402953,0.02868190165657738,0.007043057924785246,0.3209738449308022,0.026501981840463575,0.08981666101893286,0.0036799015638776366,0.02220842224261328,0.032655102606358594,0.02062264242773291,0.1369561254847351,0.16858691758315272,0.13245308284431942,0.0,0.999999999
U_4562,0.15192285002252132,0.14971116630065814,0.9999999989999999,0.008213215997041208,0.02177444285454087,0.16714293298416222,0.05090030640349239,0.20178389430388882,0.1580751590252998,0.21233524621959124,0.012713271673114177,0.02132338283187671,0.06310872487485597,0.11023840812625574,0.05243754380927512,0.0,0.6269765698437383
U_4563,0.2842049413738309,0.19267068784009703,0.23308565063749592,0.0053797733254045705,0.0,0.35548328066724083,0.02864197783338934,0.42444976506691473,0.14575763178500428,0.029071664243073808,0.0166499035584437,0.026154451926257205,0.11006443040191356,0.999999999,0.8586753156905926,0.008031933741690195,0.0828680155832842
U_4564,0.7613854146034352,0.264927786523676,0.8264569483973399,0.028718758321391816,0.035990059914416665,0.999999999,0.23447891659629247,0.08859535314454109,0.5070367911406156,0.04454515224023321,0.04684361128790709,0.36620000926819385,0.14389153011590378,0.1496137636712725,0.23820785760948926,0.0,0.10495530914105185
U_4565,0.3619674353418268,0.3046187712156339,0.3345365664973025,0.0034918418245814507,0.029029264113608858,0.11769172713403284,0.032743690776635484,0.0991789057784114,0.5431962163979955,0.03815128027610871,0.02818920141883426,0.06570855093490864,0.1446129599707306,0.999999999,0.7910239761542168,0.0,0.16064005954631788
U_4566,0.20895974510045354,0.17750883087300698,0.6317859827750126,0.0,0.012176943061545785,0.999999999,0.1749397339084121,0.11183085860362618,0.10302081341977737,0.03034884720237224,0.012165707047618874,0.6416570867987298,0.11592102812692853,0.13616922310888296,0.24985509399170922,0.020858902316414744,0.8537412229179819
U_4567,0.0,0.01210583001295652,0.049039961185757985,0.07826508912268385,0.14448507907323904,0.999999999,0.12512331753214845,0.12234560324485895,0.0751013671188064,0.20036811715934127,0.16755661289046128,0.1950423557894955,0.10259108994240648,0.24002871444413715,0.035573305963122186,0.35292967160738575,0.14748324141460784
U_4568,0.42099831016223643,0.049900421974613876,0.4894785718490005,0.04319206463190201,0.07306843835613756,0.08615494895683923,0.14184716554785015,0.13293195123115942,0.17299482596916393,0.02738931412157307,0.03802591066217879,0.999999999,0.15565457967275917,0.14722994217225505,0.04776976150914483,0.0,0.10485596015423845
U_4569,0.3806181550199936,0.32762310051366106,0.29345936756274615,0.016881803729685223,0.04609252203653424,0.21248448728390334,0.032351184361441986,0.10967190086933787,0.999999999,0.06392806736272771,0.04682174950277053,0.050161423529704915,0.2392851629421694,0.22892379722460543,0.2382910690812976,0.0,0.26495309550524676
U_4570,0.0,0.06125562166210681,0.07474457265385347,0.1339033219181677,0.16507647271582077,0.06391090313533528,0.08822103863998333,0.14481031263531288,0.999999998995261,0.991048512610551,0.0750209771144114,0.9390354775452524,0.038452179124432405,0.12200633241296119,0.06669318551845634,0.5497627362416361,0.1652633486294245
U_4571,0.058950187435712904,0.23013526657282687,0.43918791458003403,0.10346234653623908,0.1155933658284444,0.269145203532688,0.2238457080333778,0.1433650586144882,0.32838929218356855,0.09324307636080391,0.08505083509038658,0.9509295413625143,0.21102668807932687,0.20679055983334504,0.07139959482478728,0.0,0.999999999
U_4572,0.05242988619724569,0.0,0.999999999,0.004607690698727485,0.35417243889786865,0.11622567943273823,0.39310535877591607,0.47223967821109897,0.19233907018102442,0.300208520776521,0.03108827710881058,0.3812311808091654,0.15377818601102114,0.11570863320856058,0.021290628409124247,0.10916790204673275,0.10477919785366399
U_4573,0.018334581219200913,0.999999999,0.28672831331143206,0.05719585344163323,0.8575847930809292,0.11074455987167811,0.12303729825391847,0.15293491125254483,0.2025166611519114,0.10747927842758428,0.12920896428671844,0.0714769473512242,0.17925645247643582,0.21724217969948684,0.024827633949695567,0.0,0.13041594385456684
U_4574,0.7306712591517461,0.4671737058678378,0.5023049511406317,0.0,0.03917454006003491,0.19850722544864582,0.06167983918695057,0.1066608109712902,0.044805208594301885,0.06779668349159756,0.04549439680210277,0.999999999,0.21245970534037042,0.25612817540355554,0.38222779144406016,0.023165435956458008,0.14853824887732264
U_4575,0.47257628205514074,0.32861557558521476,0.3375544485951999,0.01763720326473426,0.020426541442271604,0.1729521011467655,0.4520914810391457,0.999999999,0.029015270998699383,0.04459803626214075,0.027218543687059574,0.03333189401592873,0.13306323056826425,0.1897241483341504,0.37392988547510503,0.0,0.1276078877204727
U_4576,0.4504670411926687,0.37443701912419863,0.29305653309436575,0.00767423367651351,0.02302021371535282,0.19274023347448246,0.009006301572993113,0.05516253837659347,0.06323191102681379,0.03720519445073953,0.018034600877550124,0.026895861913817636,0.1120517848336452,0.1714639481973934,0.3034558285657587,0.0,0.999999999
U_4577,0.32666304256181955,0.3514225346248863,0.9913972385280928,0.01069456263397821,0.7516763984460254,0.20652399573625357,0.07415592807160547,0.9999999989862622,0.2421418116887915,0.07317849261056025,0.12165331763982551,0.0658350478585007,0.1976690483548475,0.23139919634185635,0.10714419450522253,0.0,0.23361826694780755
U_4578,0.355371021700907,0.3245801683295406,0.33651920565589555,0.005752077377361226,0.028092846795512973,0.16010402458956663,0.01968268516801065,0.09262240898034596,0.01017130435472962,0.4766758489446735,0.01988911267528934,0.024848286579969864,0.13149745489249484,0.999999999,0.86775085072044,0.0,0.18017464485750206
U_4579,0.4416114574510719,0.39484645266475993,0.40880713413193415,0.023891698085455125,0.02631795212282593,0.38282897522017584,0.0752280980172932,0.10723200023255977,0.05077150416638603,0.999999999,0.056950842179568945,0.04657628149314425,0.20631754676514147,0.22271731985863957,0.23333354496143752,0.0,0.22905605801365211
U_4580,0.9731036627580382,0.9448028579869961,0.999999999,0.0,0.06773911253596798,0.609599110917779,0.05088873924907985,0.18477924212700808,0.07428370681091451,0.0949502843215708,0.03913363931072195,0.10274818146003964,0.3364383086021791,0.4524396173429853,0.9215932360114396,0.06234946490254377,0.38382388321119837
U_4581,0.06935591626346109,0.3152888411313745,0.13166918611204,0.027295996849179577,0.07990139628828559,0.13664608754054552,0.06865413748469307,0.12312356570564292,0.26128315058349055,0.924318407528296,0.07924054325591523,0.04891366283066484,0.19424128197801183,0.22008125444512,0.06886217477451212,0.0,0.999999999
U_4582,0.9850086228111399,0.9999999989983375,0.9661768594547243,0.00845481822867242,0.04503676144312551,0.680952601445652,0.04348245748686974,0.21720498893591336,0.05275102637819808,0.0706758605666996,0.038857333701394825,0.06970195984118822,0.30673106329957356,0.6460011379946241,0.9507542980470413,0.0,0.33519153953460384
U_4583,0.34584504849290015,0.30615101205231937,0.30072735842308435,0.019709671578685015,0.024365997497205565,0.999999999,0.021482009900903792,0.05673835295024623,0.012436844289548894,0.02836250941605161,0.023124623788869994,0.025845903497620518,0.2349496317504068,0.19387595371652785,0.34818679707451083,0.0,0.09667648230378773
U_4584,0.4069520974453238,0.41918880772794725,0.35358155701506006,0.0,0.008770165346855239,0.15355013461462358,0.04418682838322218,0.08223867395384879,0.021510187825973984,0.044900767266136656,0.028907934278660098,0.05251939157284776,0.17869144419531222,0.24516694485307275,0.3203672380013941,0.999999999,0.1731194752837223
U_4585,0.24520890715697727,0.38813229080207845,0.24161023462928277,0.035674680488962204,0.0487415782151757,0.2583319374134499,0.09226989129497162,0.18442716441186352,0.9703262997285613,0.033968780589804994,0.07929816912428984,0.03033665278408471,0.20288652249183858,0.32937786272074454,0.13288286860208323,0.0,0.999999999
U_4586,0.0,0.12323101260092446,0.10500724940307973,0.06853751146831814,0.1774547964394693,0.23648742835428746,0.06972456228483842,0.1523043528580444,0.07587025098599248,0.20271771004860448,0.24771975222557133,0.3191794865165803,0.13643691728375607,0.23844619913115903,0.01624195539431643,0.999999999,0.31044613278046657
U_4587,0.0,0.999999999,0.15355072160413172,0.07032358164755236,0.13957213105962693,0.11637956393208193,0.10883983996648745,0.17530308980770742,0.6086144138669535,0.1652192408981946,0.15869401520686474,0.22283399062099885,0.09720067272884424,0.15596836597329894,0.03836410668933729,0.5067379587546931,0.18254393848717101
U_4588,0.0,0.025497451185476267,0.06702700303954678,0.08410763622448135,0.169234827933649,0.14302983418076515,0.999999999,0.11486538479863194,0.1002009489351442,0.15826666090308458,0.2042236596263887,0.39017786770621177,0.12465277878763975,0.16321523141727234,0.05302768306355193,0.3718478382138845,0.14860299693976267
U_4589,0.0,0.15683773727665135,0.14747660030865825,0.04103001027717637,0.07323925560254588,0.999999999,0.24452214217605675,0.14468458768429307,0.22731798062688086,0.03213371166939506,0.02718298112313759,0.7882431961099715,0.10895721529268365,0.15118003258807186,0.01778207104188151,0.9721513923437941,0.14238429022082322
U_4590,0.999999999,0.8521965583035996,0.7562958003815229,0.0,0.04551922830429163,0.41741883972684113,0.03600228618191365,0.14726245460755738,0.03697936470252289,0.07840392897217216,0.045470647970116844,0.06944199839699329,0.33984319491883186,0.38467420326817253,0.804023194079571,0.059396913893289015,0.27288178087823983
U_4591,0.019112905100993345,0.0,0.1535741179008792,0.05953569681592445,0.16631573233336155,0.3183589646995449,0.1310021607360331,0.12251843359302676,0.831253587984955,0.09685183865982125,0.16881121138155658,0.6230110095464672,0.09445639873642052,0.1285400570189978,0.03323213366360998,0.999999999,0.15647684492054195
U_4592,0.4078304558613567,0.38543206430149696,0.35604688977785454,0.0,0.002932448920643359,0.2971522754267876,0.05068913266314682,0.08102526525338985,0.003577410607159059,0.0439639969983462,0.03405838582734299,0.06225078140462212,0.1817854189174195,0.23600864360362175,0.30847139720256117,0.999999999,0.16326539324366357
U_4593,0.11556799277102779,0.1418441852800598,0.2655453109375131,0.03691793163694969,0.05390370964076658,0.24974813682452537,0.08411199587619213,0.10893697076266154,0.6617652803279848,0.054815017726999864,0.02557152915239983,0.999999999,0.17826880378458235,0.1461361082206719,0.08525191855485466,0.0,0.14146977349486278
U_4594,0.3062734012900982,0.38882681964628385,0.31228690361986855,0.0,0.5370171446571688,0.22583229143435177,0.10486676064932712,0.15324283041288753,0.894831798648905,0.38731281546607493,0.028949367539005094,0.03698841492617952,0.1950678472696358,0.2114037515819778,0.09746836939004588,0.999999999,0.461149117202704
U_4595,0.12713387379250335,0.6193554362418678,0.9999999989951971,0.0429625814423371,0.06661776103507638,0.7668524054503827,0.9709321922460143,0.2830308017671291,0.03959198023871287,0.5501518698120044,0.14303719077201138,0.09503817850808151,0.17274624414338197,0.1954235789095449,0.06222448245122549,0.0,0.12405163657793455
U_4596,0.0,0.03471289030014797,0.6100176177526808,0.06054618870803787,0.12431492695883574,0.10371533766317036,0.07444960527451458,0.09925071600727373,0.04277099162964001,0.10565277030484242,0.14152842128917145,0.16630125834201623,0.0838422677261582,0.12288336626575726,0.033219734821134266,0.9999999989999999,0.16905298247549183
U_4597,0.06628724826310642,0.29461398053459975,0.20228836298907976,0.027760993700543177,0.40835965975684163,0.24861405589288646,0.999999999,0.17619238382055857,0.379249970449034,0.07292494016012728,0.08368581599256729,0.8704538983015354,0.24858567762494468,0.19611214485326295,0.05503962882629251,0.0,0.15019490330660465
U_4598,0.2647404702867836,0.22136974425654524,0.543528928428823,0.029412853174577067,0.08289275407139424,0.11122654211527568,0.07676690318664588,0.06891888798767506,0.0,0.31841217181101916,0.03583294965547508,0.2536483686478074,0.0958660804600488,0.999999999,0.9088325935422674,0.0341934305011497,0.06908050683481286
U_4599,0.0,0.016142237853040864,0.13512128081080724,0.03217502707418798,0.1508065257340378,0.09636959631890056,0.06719939160178193,0.13240858821283694,0.5796489494089242,0.11815333661611878,0.1465405353964298,0.5274289711656753,0.0802985200910442,0.11891544577804287,0.02229045832559818,0.999999999,0.14813861029245068
U_4600,0.046673976038142204,0.0524148572534349,0.8712972120309262,0.024131778404339648,0.029867005674357374,0.15398438129938563,0.8694506644188615,0.0654152733763268,0.999999999,0.0,0.023331576560905263,0.4022877208536462,0.05332942181225251,0.10046908078502238,0.0007328225167205475,0.2843953800580658,0.08308423513377411
U_4601,0.15965263053632273,0.2553724655597493,0.3898505835617746,0.024766451420346593,0.055479863584399554,0.20194053968694975,0.2222861714900889,0.13542955612717647,0.999999999,0.04898908296995985,0.0925845448992749,0.0,0.16567986116956585,0.17030039182015325,0.04829002224610227,0.7997892848406308,0.6147227723962413
U_4602,0.293231991594312,0.9999999989999999,0.21428851362828574,0.007620640581116181,0.018010079373935128,0.14670839141623596,0.04892427409031658,0.05561896469319309,0.016820440848375574,0.017951177434067718,0.01652401793405737,0.03029067484906135,0.1418157343356868,0.1460508043117202,0.3138779539883936,0.0,0.13081485138158386
U_4603,0.1688727033027406,0.999999999,0.9187604936054776,0.009593319017249304,0.48985047146904614,0.21747341372731738,0.3408888975613461,0.07759850768462431,0.2982626735832059,0.005519580736480784,0.0,0.020328216684624055,0.12018310994707258,0.15737403790944954,0.044696249310791476,0.21122346422821983,0.37131441873319165
U_4604,0.999999999,0.770693017861954,0.8704521396005791,0.0,0.0305783858759657,0.468934622137156,0.06822006251133363,0.2263824120996261,0.034623381506187885,0.11274051835352598,0.06901407604858784,0.09833921001125279,0.3566840311694287,0.3709766635705672,0.7706555905109783,0.029873486543295618,0.30335205740196647
U_4605,0.03230833947561033,0.13404553434804325,0.26342618415299823,0.05592774937116274,0.108906454438046,0.2046951743974222,0.999999999,0.09947336589236383,0.24640941441717681,0.023810595212623423,0.04073182680677719,0.5231282580247529,0.1361140004953357,0.14372427766208948,0.04524147159438019,0.0,0.12523294271333132
U_4606,0.48129851282647174,0.44324764914015086,0.4703042543561251,0.0,0.011293628343953954,0.5116253275131818,0.04220136596733173,0.16640822803120633,0.028232340496915705,0.07457847468617138,0.05692969010251293,0.9864124350931642,0.24070492264171392,0.25711352158134676,0.4878048196160064,0.9999999989977096,0.21642103763478923
U_4607,0.2731100823020215,0.3353174480641414,0.29230633919709736,0.05265865033463222,0.03641925625229313,0.29976055919357936,0.08517078927989542,0.11256358239722185,0.08640600324628256,0.03583862486428881,0.058715588976757827,0.04304930099957277,0.16134870425027323,0.18709290757532684,0.12424372222955005,0.0,0.999999999
U_4608,0.23388191323237867,0.23835301392860758,0.9999999989999999,0.026093730897823127,0.027474403349067776,0.24201607621620236,0.051631836748882186,0.11091158589781297,0.06257588828506774,0.0388531929552011,0.045085706057464266,0.04003798281170191,0.1668375612602896,0.17579696455692756,0.09363582830610151,0.0,0.13098629035310239
U_4609,0.999999999,0.7559972761297343,0.8387615513176386,0.0,0.04854338551041386,0.3921128234471858,0.03126860313289549,0.1453120882463669,0.03101833027342052,0.09495107790111817,0.06108703701111665,0.06306229859756818,0.3413714554681499,0.339911168455152,0.7866957666093028,0.03187827554693834,0.28431089799067344
U_4610,0.21047570183183326,0.20436521613269779,0.16608213148719364,0.02327707216829361,0.02179726364701674,0.999999999,0.07106202350755093,0.12783417041695225,0.05878688617545204,0.037561361570813974,0.07678540144707288,0.3969533679371457,0.1404167098179129,0.12929733081129002,0.06908616195929354,0.0,0.8329000811927909
U_4611,0.0,0.48071363729348054,0.1937523340448971,0.09314625797356686,0.1685990542360991,0.12988762450151378,0.12876555036608112,0.14882213803617986,0.0744661611658039,0.8943407763267844,0.1409002775517381,0.999999999,0.07530496965340817,0.13375460661631638,0.012883528278774668,0.2576874585111389,0.16754152024403568
U_4612,0.36421388735580534,0.2712220993043746,0.28924110124502106,0.004859912577704681,0.015339425383182375,0.10669733237037546,0.010727919445491178,0.06871392246516286,0.0,0.028846245914223922,0.02659911682133595,0.012787433761242533,0.12740333584309757,0.999999999,0.6345382479030585,0.0008288181906470114,0.16134911517827644
U_4613,0.12498105261278843,0.10752237283339013,0.3811960548403332,0.06823701152282607,0.09905865959546242,0.31667869378925867,0.9500210568443548,0.16413915531339776,0.07973448950302597,0.05057058208656965,0.0705500015633483,0.06410953573656072,0.19644406425743158,0.20974659043476968,0.0927466625673193,0.0,0.999999999
U_4614,0.3234033739314534,0.999999999,0.2429480996700336,0.005568180252386759,0.0058937533062497875,0.5797294805027862,0.02180420247949638,0.05706117997850277,0.020901865012751156,0.03443540113959128,0.014247374757131708,0.4233094515958843,0.11673970606047056,0.13521725348474445,0.18138330414394546,0.0,0.07303215212449517
U_4615,0.5183371832828616,0.3754324316641641,0.4086932035869222,0.02996272896586026,0.02692325053114451,0.19951028010720817,0.01671809318609154,0.06889477144911492,0.9999999989999777,0.0004659748603630887,0.029050576443027967,0.08108605091194628,0.1746856727861893,0.226009111130388,0.48461597400659295,0.0,0.22754516374644204
U_4616,0.1778989370558563,0.36534211921601123,0.30398099360703584,0.013045190358953393,0.04834636139691403,0.24898511971748927,0.05354879541874255,0.09543150195641738,0.2877330253964248,0.0406910734565516,0.037267360299859026,0.019943667505193077,0.18567216052291452,0.19554312152234074,0.1034441061755742,0.0,0.999999999
U_4617,0.31468274405988333,0.33053144795569156,0.4491956610191133,0.04085754278163674,0.07649482332165414,0.25844354881034615,0.8697064171098765,0.10819701928493906,0.297930041964149,0.052529387743767045,0.04949136200711758,0.6064799070371765,0.17181822509239986,0.2367043780267461,0.186373508914318,0.0,0.999999999
U_4618,0.00781855504425909,0.7255952914517865,0.694595114005364,0.002331034518018668,0.5016449831906102,0.9999999989990549,0.13614023934511843,0.050221639181159745,0.8969562066646917,0.0,0.04853485568151455,0.9672714513474725,0.08314697377328718,0.1331057337697695,0.002298749921407525,0.00047944542683729056,0.08494133948959547
U_4619,0.5133720567308353,0.3980761047351706,0.4782371714654218,0.0,0.04937822567104395,0.41927700471074986,0.02147482260779342,0.0922811892795763,0.999999999,0.04948936352612367,0.034081576548850065,0.08305965852030864,0.20977433119158245,0.29194537789240815,0.47249689633149883,0.02674643607014851,0.7912022298395861
U_4620,0.30133336216243556,0.42807172005969063,0.3651037007809961,0.04003979322330582,0.040300379498590944,0.32912278738862655,0.029869836587005767,0.9933029136924755,0.05014883949152297,0.04160699523730006,0.11512114766554468,0.02897092948731614,0.1515921533874046,0.20696183657449765,0.1428071977902048,0.0,0.9999999989996861
U_4621,0.0,0.15174691935972018,0.22061157806934595,0.05502877047772476,0.09171772531534589,0.31986556216022777,0.06849092317363872,0.16191889235216333,0.999999999,0.02126823215222179,0.1189476465318224,0.010095462424256029,0.14768016716414017,0.16031556688004722,0.024409733390258946,0.9720374674163322,0.15251746055790003
U_4622,0.2137578815702522,0.13795729105398882,0.5800051623257205,0.02175199359195839,0.01509769382350077,0.2511667549154115,0.14603315014823307,0.3038540812570347,0.04485658307820845,0.416610756422141,0.022589843021612172,0.999999999,0.14605961787620964,0.18097306319742834,0.2349427210616057,0.0,0.08791463759360149
U_4623,0.14055489487796646,0.15961875400571646,0.999999999,0.03629621031637952,0.037033963371095775,0.7323586118958385,0.10278907228754453,0.11477393444059206,0.03711380290881339,0.04364959132620913,0.04783740899829455,0.026450874509812088,0.11276426112982633,0.12998586992167802,0.06177724893246814,0.0,0.5565842124648518
U_4624,0.30163732272626737,0.29727805791569384,0.30015723713947273,0.013088881857877138,0.04502489919441979,0.26074113407498595,0.07373873477119527,0.11977580920824911,0.08209552911514657,0.03334266925389043,0.031516197593040966,0.83181004045103,0.1336186945942647,0.21836582056382164,0.08155589147363287,0.0,0.999999999
U_4625,0.0429763464146237,0.19296626939608763,0.999999999,0.0596283532430238,0.06427544148093702,0.19214212392916194,0.18547259048289796,0.10340897267773827,0.27747425593265546,0.021594094067570773,0.025838436119617256,0.7841225965328392,0.12559005315893437,0.16392273244168437,0.06345222477108903,0.0,0.1359823889971612
U_4626,0.308264051674962,0.2634023903832462,0.30242789334114967,0.0,0.05375823434553359,0.14324109963364143,0.011169898479556833,0.08848451469805511,0.8152067992866411,0.03301579565447848,0.006344049074293044,0.006678474444964475,0.08197738212213201,0.999999999,0.4127563541201802,0.35747771922181487,0.08519537522679836
U_4627,0.254258570044181,0.4601262108375774,0.23281576615082353,0.001902929458146677,0.01219561742733113,0.06411830690657197,0.017430317205301107,0.05192681422994981,0.28460680465539306,0.018379130690560967,0.01086298247795462,0.007155511682424811,0.08522898897537787,0.999999999,0.5723915394655242,0.0,0.08942434515344211
U_4628,0.999999999,0.8277727083303063,0.7610417558485987,0.0,0.04621819722728247,0.4209251683819071,0.039981986742461756,0.1516465259967143,0.03816362022615755,0.07888728357776252,0.049593989905748995,0.07873112263194372,0.3492733197240767,0.40648466747299594,0.8700328030013291,0.06788236461449562,0.26011129881609446
U_4629,0.11216343474878744,0.20792075486711276,0.29891648745031973,0.06986328762635624,0.08295651880944853,0.24983643537283984,0.21586909079036318,0.1040177005465607,0.3376297759983216,0.056458914721336136,0.06152688876717534,0.999999999,0.1915265075553954,0.15500844918716714,0.1414641016694525,0.0,0.166019750909129
U_4630,0.35490632440962944,0.24429399122519407,0.2962912628357256,0.03395140488461687,0.006875159345848009,0.11989180366767883,0.1751323588188591,0.07045348435231931,0.0,0.01733086134895514,0.007482907769427403,0.5461922525925131,0.13489869658977585,0.999999999,0.30523834451396215,0.24578181670348298,0.0826900600257061
U_4631,0.038020238759661616,0.13674306568686606,0.999999999,0.039841192588571356,0.04496127013991648,0.11825108012695779,0.159083308848202,0.09406365765660346,0.6513337287504614,0.43362977621692694,0.03341310555657298,0.5977473421590652,0.1285899583660719,0.11680434594301556,0.02391055086639457,0.0,0.10934731816753902
U_4632,0.2684188982257233,0.9999999989999999,0.48414186828456895,0.0,0.0206146397098984,0.15985436460077357,0.027729012285978148,0.06021755003729743,0.20504326937079986,0.025775419165355966,0.008268779752144371,0.01601020104650152,0.07529772994065728,0.11405475482120103,0.2095990630130542,0.011012609303561152,0.6352325270059429
U_4633,0.22275814915930234,0.1758815234558043,0.22549701184361118,0.05345082248156339,0.05327000333172111,0.2777180635923993,0.3574698265115624,0.13862333461292373,0.999999999,0.05143645796670029,0.05131581549458389,0.4931632709945967,0.12200735784422635,0.1843156341581967,0.08371333424414253,0.0,0.16440770524047774
U_4634,0.25138322188641987,0.6676988553773003,0.999999999,0.0,0.027181735321068212,0.20106863851141699,0.060628075602336906,0.08648201231384721,0.5144910781366921,0.049977645652436314,0.028020703843620744,0.02612937625416893,0.12274060846721854,0.1551526955970086,0.2600421169377569,0.2370836334031063,0.12284899291519709
U_4635,0.24347133577798344,0.215674438495551,0.23256897967678228,0.032927319657584844,0.020610994712964046,0.999999999,0.03938967510398566,0.08388561673502899,0.2332534324621854,0.02144024657883334,0.013108937809226928,0.36923384634099865,0.10812500269302316,0.14624246213604095,0.20676918361178584,0.0,0.8049016090959952
U_4636,0.17682911275760763,0.23717518367408053,0.976119260741409,0.025461632336371578,0.40621702039068075,0.5196157473838505,0.6829806679602516,0.1552236399411999,0.999999999,0.07275833388886492,0.07505941258498253,0.7295942289796776,0.11944087303454112,0.16734974217354553,0.07581470320768967,0.0,0.13985595670426113
U_4637,0.0,0.057959935952840706,0.32357321489230684,0.10561627627341134,0.20682763614190902,0.26103923336549595,0.1557334790477038,0.17053610037717715,0.11379914712407292,0.999999999,0.2759217650585558,0.8982067197234084,0.11702170047575929,0.1747895061219896,0.03945306521717054,0.4760227777964027,0.2028713035190958
U_4638,0.999999999,0.7329648652608363,0.7559322159493831,0.022442842243397678,0.044559884655123776,0.37575809237948116,0.05990890091670108,0.07836576291972219,0.01659487154893481,0.06659488127254676,0.08681861110428109,0.014155699485032909,0.33275215724644225,0.25668685146497594,0.9193741445487789,0.0,0.15079365902182393
U_4639,0.0,0.08194568380319524,0.0651133375486456,0.0827881263535058,0.17651033767711405,0.07366129437120308,0.13168173499351052,0.13135446266606055,0.06985832323154183,0.999999999,0.2279032885634719,0.1756701114250442,0.07984332132668154,0.11577983230060059,0.008163933572081407,0.28357372966917893,0.2647957418090947
U_4640,0.27873414677003666,0.999999999,0.3392883216927924,0.051894291003520485,0.061137762649071184,0.2875879750438088,0.8432695199835576,0.11118255539338835,0.30198643952127213,0.03424210429438777,0.02796019848392372,0.06381914918783983,0.18880652012314225,0.21401248250400154,0.11220915638621992,0.0,0.8397132541359218
U_4641,0.15109930119837472,0.1437675967237582,0.999999999,0.058098636902802585,0.07016332743968262,0.29077262019869027,0.14841112596653758,0.12009360288996458,0.09836107961795122,0.04496053776893426,0.06241948511562065,0.0472116331003832,0.21339951500906115,0.16622817359309286,0.0829825211112653,0.0,0.14639691379216227
U_4642,0.34416329469336415,0.3577263740593169,0.999999999,0.0,0.03946602651720145,0.2505631817285169,0.5303904335258395,0.13568305496933,0.7153721236465522,0.04141291325460528,0.06887454925979129,0.5332977559906293,0.1488069473725459,0.15721424246136137,0.14271887863408375,0.07846031764158969,0.14581947661266667
U_4643,0.18039799361559858,0.18243701474218155,0.21023625125973827,0.0021981737952527585,0.015621739795888379,0.1566096251946477,0.20543355681638406,0.05443714316729504,0.0,0.017270848098600793,0.0009568948488038409,0.022594871467984296,0.08220020892882567,0.9999999989999999,0.5400033959186098,0.22246619715608223,0.12514761646694847
U_4644,0.360795607185658,0.3469495260479218,0.4301496819238481,0.0,0.049786495141868656,0.42092161869003003,0.05513327223005771,0.6548371578783354,0.999999999,0.039824361441450996,0.027115679987298708,0.07353138302210792,0.14351710457630096,0.2508737038285132,0.37434045720381404,0.02596101604572636,0.6732903987666753
U_4645,0.25511218258891866,0.22111273603784223,0.22789934421249045,0.03104309974182163,0.030985284165263124,0.9999999989999999,0.029639265015295922,0.08958070492006147,0.03875003065050035,0.049352426685275674,0.03560469164163613,0.04609497709265532,0.10578607228687473,0.15987904983437567,0.10957973497800837,0.0,0.6958428929595566
U_4646,0.37161936336752555,0.2221950081047522,0.9330125896600158,0.0,0.1371636746401258,0.999999999,0.25332988108064336,0.08419275289884784,0.017984493112586424,0.30101040730872736,0.009058277114708205,0.1832104412294055,0.09132996327009232,0.1801484563599356,0.30879951660819493,0.19799699810400684,0.07182185418063415
U_4647,0.0,0.00856088537703517,0.4142363250583546,0.033081247090265366,0.31435698306939164,0.35714420843124495,0.21654786793261496,0.25117848576953744,0.19293178552172333,0.33797675400350186,0.40953388807020047,0.5936467058407965,0.25795244498478936,0.3572716249696109,0.09182950105323513,0.9999999989933223,0.4780575146977256
U_4648,0.2099968146734248,0.16415972527527126,0.7475643449362801,0.033367331383373534,0.3409187697306004,0.15386431985740037,0.19429962469013135,0.0773327318439858,0.999999999,0.016255366106057007,0.06006432169423877,0.03183076650001459,0.12321023615418725,0.14034233261398826,0.0689896345333136,0.0,0.13463072139570717
U_4649,0.3062942142336598,0.28340038551180324,0.3031353378153284,0.0,0.02991576230343624,0.1240299481028818,0.028742073217496087,0.5242300405389587,0.023123205891496648,0.02722041890715339,0.03107195446761428,0.03720926280100226,0.11978958690865006,0.9508122473608281,0.999999999,0.007212162923904562,0.16205669892474553
U_4650,0.2207061267003637,0.4953095476860153,0.46845916981804364,0.023057447814256025,0.029635591269485385,0.6553482092275424,0.11916288216128532,0.1366509934354259,0.4007831270980198,0.044773628661430864,0.03718788584253722,0.3513472590866728,0.1324844289756607,0.14197397550862284,0.23569155637629852,0.0,0.999999999
U_4651,0.20545111874240313,0.5640318315344918,0.15193646733424496,0.004575486778917578,0.0,0.999999999,0.02736788486348401,0.09596060983223494,0.35235092252925193,0.03890565554649727,0.03558731738982045,0.027646686258390594,0.13231939503390347,0.12338028657718195,0.0847568896059738,0.02159978239153554,0.10827174266097508
U_4652,0.3909440736314317,0.3303668332089026,0.28810395783243,0.0024526361121698973,0.00789688585359577,0.15612572848875603,0.02758800235547399,0.07700593849887699,0.022911952842116664,0.055721710446617646,0.048134125114662835,0.999999999,0.15029989221818194,0.18489181604705782,0.3111207225077753,0.0,0.12156865021808391
U_4653,0.3045477311612276,0.32241348562124716,0.3058335451613892,0.008243775534450971,0.035402275009236435,0.2257256566246356,0.999999999,0.1565468872727526,0.056734017182965155,0.2795691477911191,0.05406916830395897,0.05188034139429921,0.1604517700491257,0.19053413606577765,0.17628144818664424,0.0,0.5134029794450613
U_4654,0.0,0.029956908362037817,0.10907844930961062,0.055930159474956276,0.999999999,0.30626314653685616,0.780236790839213,0.2104851565068105,0.07973607382751016,0.14451824699453777,0.1254606291594062,0.24221662684458223,0.10133070580721332,0.18781838544075527,0.04298325612840239,0.8114870861639271,0.29209809381578444
U_4655,0.24796047787643954,0.999999999,0.33035486622868815,0.009608593339113878,0.0,0.29289500080712333,0.11848222087001145,0.10571553327621815,0.04568473040671812,0.031595615193525245,0.0943468257570702,0.028603019637503082,0.18621259647430305,0.20977862114609797,0.07542659741570017,0.7838979669396002,0.16942025809066988
U_4656,0.7742795222331722,0.2506294705978438,0.8702128003650591,0.00899119889678852,0.03015446578780588,0.15713384565105668,0.6201379772449652,0.089295687232949,0.06315255144850906,0.05605578845262644,0.0459289772047529,0.4462510757294006,0.13563122465549943,0.999999999,0.557262860527352,0.0,0.11333207839156435
U_4657,0.3665673589540575,0.24399009343930392,0.40705313955999617,0.011001814541817631,0.24017956965417916,0.999999999,0.2383248588036818,0.30322070480888547,0.11741058457404759,0.05307285020914723,0.0,0.09589715189551577,0.1950486233688448,0.2359710890459764,0.3872884369049156,0.3197351026058487,0.15996885606195935
U_4658,0.27830165255154776,0.28230211029530294,0.367831447877026,0.03778669511471267,0.03937491654042305,0.33372220352942694,0.09393717418705655,0.12404386008901369,0.999999999,0.07277485689244967,0.11439754199642016,0.7396946395382594,0.1871489627936077,0.18908941105325267,0.14481339835862883,0.0,0.16080350009225278
U_4659,0.38625495995394443,0.31445858803014415,0.37035286203772877,0.01653090846383652,0.0,0.3098206543422575,0.0898628038148217,0.097172396735412,0.9609210243333187,0.04279779938107266,0.030872601161065345,0.03290929041028979,0.17373375054230597,0.22352411550432016,0.34228400661021735,0.007863782537594795,0.999999999
U_4660,0.4074051017968802,0.4421313626709175,0.33680462187990107,0.0022513865676518953,0.06063883029356256,0.41525882613456266,0.055005706470007194,0.15882430697965852,0.03654580531927031,0.045154270941613985,0.03727732204792626,0.031054618329217788,0.1351310657362525,0.21326280536099626,0.1730440076032232,0.0,0.999999999
U_4661,0.5218341986984892,0.37588805735351916,0.34272288790219385,0.0,0.009624385694931811,0.1285747913416994,0.024087483599739643,0.07007123749907936,0.04303303478015716,0.030633169346670583,0.03623197742165749,0.999999999,0.21946874644014552,0.1887724275708788,0.34508776646041106,0.007960750576478352,0.1477348300018467
U_4662,0.0,0.022718772863422085,0.07392200018746359,0.10253293723059297,0.1873709592678426,0.0463577729003171,0.999999999,0.18536685781978118,0.03891024564138723,0.3376909572929536,0.23647384832182133,0.30977270931308754,0.11822174060459342,0.17895221181329451,0.031974262225012526,0.39315127041368025,0.18095633658156224
U_4663,0.0,0.12410236925978602,0.1335001551275992,0.12680715662668002,0.18618910962082225,0.167525564710136,0.15380918847212874,0.1805759446930858,0.9522464338952489,0.7633497100745441,0.21210093045914427,0.21392931290922865,0.12823635790205473,0.1780806950529997,0.06864849483601888,0.999999999,0.17143223187726905
U_4664,0.5777749699710463,0.48594977647992604,0.5024480162856035,0.002598692947504993,0.011207334461766201,0.28107519499154876,0.05173995885124056,0.10237362480894029,0.03125781523394407,0.999999998995916,0.04464296931001713,0.049116245438175374,0.3549414419229446,0.29772832748371536,0.45923441282865396,0.0,0.19437167692485424
U_4665,0.6675654358183167,0.44021926543548207,0.46779603395289476,0.0,0.02910697098669802,0.17178962002423703,0.10163127729936693,0.999999999,0.6480986493575764,0.4346241384284199,0.012688763319927883,0.06412285448163062,0.17628515684741006,0.2353231242037899,0.40280730529416925,0.7716076411624428,0.11819904004301862
U_4666,0.3240692919650778,0.2780927440571489,0.37133802278445444,0.025319328108103487,0.33681102565051046,0.999999999,0.05791558660711163,0.1549464584305646,0.686837362892398,0.04928229483238066,0.05221185710183603,0.9862860467378722,0.17345969732522065,0.16550535356674528,0.19817095483631852,0.0,0.29213097103971003
U_4667,0.26543927663193667,0.22506931356867002,0.2541829732620854,0.027202662801438817,0.03863393518546682,0.21356447114922053,0.2941486656267727,0.7650602349596752,0.47994280394013045,0.0423405244151849,0.043829587564545976,0.04377049052678132,0.11944842803348514,0.1762185382810406,0.999999999,0.0,0.14063268219521985
U_4668,0.0,0.009545069195755825,0.016041519580417045,0.07376579735256229,0.10774802307790264,0.014993372284242626,0.038850867796875285,0.13549837403499526,0.00022257272853785443,0.2641280613207208,0.013275312921012932,0.9999999989992145,0.018916893410449012,0.08254338789287075,0.06162277449396883,0.2956765557039101,0.10555930132145054
U_4669,0.5073127811152626,0.36721997787170213,0.32947731390164636,0.0027951721798380133,0.0,0.999999999,0.02740104547128195,0.06574920592920225,0.0027293296026485924,0.025830837779258146,0.01834308447951787,0.03968925081056357,0.21293196430295583,0.19557925214420607,0.2829914064116437,0.005708177214827034,0.1582088668667028
U_4670,0.7896582855489543,0.5550427817927301,0.4759518606344518,0.0,0.02962882900796512,0.25765664723181214,0.03222765680802492,0.10150630550966733,0.014846190733400093,0.05275647905233333,0.011987218381035274,0.09495407637743178,0.1913574914588563,0.2782965437467781,0.47169423465474775,0.999999999,0.17747172169980346
U_4671,0.36171921183481776,0.2717071615735561,0.30026315255965935,0.004022044043420152,0.006872960808087304,0.28092832104670395,0.042003627482983724,0.06520010842101778,0.03290766797833089,0.03893810654573712,0.019871096410540454,0.03869050073334284,0.14684979687705285,0.20085426529393088,0.33635770647777286,0.0,0.999999999
U_4672,0.24876915093890745,0.999999999,0.29937261104493074,0.01817026133047691,0.033111125636704146,0.21318972965573585,0.07564867280213045,0.09893923564249525,0.7395584608287368,0.3642041042741232,0.09372802494736537,0.05278416613744749,0.10474523205163383,0.1483832333836973,0.15106572025708256,0.0,0.4975294278575321
U_4673,0.24288226634993826,0.139086741856763,0.22355251802575749,0.042482784563945594,0.01508485065247148,0.999999999,0.16236260695953914,0.0943986092815922,0.5064048300394767,0.036219400247933374,0.028004070048875694,0.03742128054088331,0.1236158413269389,0.1320948163549516,0.09564815085954535,0.0,0.8324002718176144
U_4674,0.3796711820283362,0.43193320251645456,0.3945076499232477,0.013587479086662283,0.0,0.20501445156371398,0.02118451952818031,0.09361903165931397,0.0670578580660246,0.03756568957669659,0.031243089932356385,0.02970201607389272,0.1661033948529948,0.1947650206633374,0.30111871186596045,0.999999999,0.18767110697199396
U_4675,0.21225553676514944,0.9999999989999999,0.4949016573006432,0.0,0.10696774515389447,0.36032219588014625,0.02326402370163907,0.06080817076893506,0.05932781676671573,0.01282207450978182,0.001057976371462892,0.02993819155045224,0.08631980424240421,0.12387631374866445,0.1959118753514409,0.24629027880286086,0.0718098882582423
U_4676,0.28897138389825205,0.173628546611305,0.3952290989486994,0.011599579730962617,0.014478102905532355,0.07880500436582723,0.12245959327343975,0.05110900696859019,0.20393025460507547,0.03679807486343661,0.02140172719753526,0.20576040871271542,0.08183808918696303,0.5912930597808782,0.9999999989999999,0.0,0.07954163038751799
U_4677,0.0,0.018029685463879036,0.9999999989999999,0.0582579927728613,0.13254973101185324,0.09370556761064373,0.07939737081616553,0.1358728724301236,0.0789519219627091,0.13672022452856422,0.16376551064948275,0.28323290635230763,0.10724582631940881,0.1233848721373779,0.04927679853247888,0.2561661831878036,0.12977364618946668
U_4678,0.5182113751455003,0.3885850632188594,0.4190358370188425,0.027601442460286438,0.9535849435300298,0.3327800666902598,0.8377859650699445,0.11754943562853132,0.0505009353275345,0.999999999,0.04211178246470099,0.07836641996538211,0.2186752721136058,0.2523028127621811,0.44664613039274415,0.0,0.23595174125052953
U_4679,0.3065607950732164,0.2930108221990891,0.999999999,0.007318763051766662,0.5883523412105713,0.17126174639603056,0.724022555982471,0.06337800437368615,0.025266733170363716,0.024757059170610135,0.023671602708958857,0.0299286841322538,0.12359814981923224,0.14163588661509627,0.2913568866807732,0.0,0.12552342217004445
U_4680,0.5087970247531811,0.3761598228987484,0.42185432166768055,0.0,0.014906385346837792,0.37110846490729743,0.999999999,0.09034550564032091,0.03310606048042918,0.043542705224998084,0.045258634045865,0.06498368330332219,0.1818695880012407,0.22351050778680617,0.4052080192222801,0.02041780838487228,0.2063168410265156
U_4681,0.0923504010994928,0.08048466988082345,0.8105805329465706,0.05127650247215033,0.0782471872143162,0.21172819453111288,0.38919439707063136,0.999999999,0.48316630613246314,0.49676979473391664,0.05936271510235988,0.3949864655671992,0.1997066850833492,0.19713579503889223,0.055552687406812844,0.0,0.11914505068350356
U_4682,0.3887704654639347,0.22852935334697128,0.4934747281476302,0.007887725381976725,0.999999999,0.3288522077857764,0.39674433673840165,0.08756594338427419,0.13586662341252553,0.0,0.016857300356449306,0.07139978338799653,0.17344092421469903,0.2527050488721278,0.1398771365647431,0.42635650250631707,0.9726272487642358
U_4683,0.37186064064498253,0.8816927672199094,0.33949830752536486,0.0,0.011921517699216,0.16503356165748093,0.05490895030445516,0.09748998938980573,0.999999999,0.04474725422196324,0.04504696043876972,0.7260422771323563,0.16351303268528114,0.18350117107168107,0.39887030259867634,0.011995158499443112,0.10900206517933896
U_4684,0.28302334450028327,0.20798738747342732,0.3158266740600461,0.04672036875438416,0.06239492880548861,0.35325808730404507,0.09502738481346411,0.999999999,0.09446212415815067,0.03403040889177541,0.03591654465818689,0.04612296804213712,0.1779395802311264,0.18649403689049698,0.09347605978270554,0.0,0.1827091541305644
U_4685,0.2920113239526463,0.206878603380983,0.22162281791672675,0.019085412919993855,0.2530441723162411,0.6714552409747035,0.03220015789968459,0.08187206698737032,0.015711217280020718,0.20519455722310992,0.030512457752880955,0.02454192819204704,0.08399896869697794,0.7017728895005184,0.999999999,0.0,0.11064500679920988
U_4686,0.35396438229022115,0.6648584220293856,0.9272895270808509,0.02209460665833335,0.0,0.1832610997937301,0.7253265988550089,0.13543467409412385,0.2098368002681003,0.04387363836491797,0.020568865293086117,0.999999999,0.17581157455969967,0.22745941463461422,0.42692446435016373,0.33542488850476904,0.1412939532907918
U_4687,0.4854769566890576,0.327669559699394,0.38487641414420853,0.0064912971408288625,0.0,0.999999999,0.44533125693159376,0.08706427858338998,0.030174459179108413,0.03899184720014128,0.03184102177185431,0.06707234423970874,0.23363912346509672,0.19381119490718435,0.44843765549847947,0.02518687847152215,0.12429299198051558
U_4688,0.31148528565464234,0.20241371400844782,0.999999999,0.011908636826795863,0.18296424496934963,0.11995457254360371,0.12457949365232891,0.053941826414349886,0.01853054826257526,0.38807096927042734,0.012589966300934115,0.02474781072201174,0.0834251299065218,0.13759104963797472,0.2227715683553037,0.0,0.071709691813345
U_4689,0.0,0.23073779183998847,0.16248261666709118,0.04283461266858491,0.4150067950623832,0.999999999,0.07812701766907795,0.0815275859844133,0.41681796411978067,0.04560032314451078,0.09770186092378094,0.35318245045227853,0.0742980356170414,0.08647640427987732,0.024783888583178128,0.41841745413342557,0.0757603474491134
U_4690,0.1418972473739493,0.6969633059148715,0.44235442426267974,0.2378836842388184,0.29832839118427973,0.8706590028057224,0.5747761656893662,0.40989898118056417,0.999999999,0.12170169613526095,0.12194298967457252,0.11968741874506215,0.714474847302848,0.5411842534844858,0.2057626569549864,0.0,0.5591847944954188
U_4691,0.10122716397621673,0.24705383678670953,0.2961557961244586,0.049197980758785884,0.03267659162154101,0.4011302108442652,0.43467921991976927,0.11346774687901412,0.4159061601954324,0.7475440954773466,0.047534777962911764,0.0,0.1847063747683513,0.25970964648281136,0.05982718323243852,0.999999999,0.19028705468796162
U_4692,0.18914333640609043,0.05113944666134314,0.3015731796835005,0.05832867378286074,0.10860663800411034,0.10012732772189428,0.40061251396761394,0.08280817922127148,0.0818000564036063,0.07769683589574923,0.111329852491438,0.999999999,0.07201880578120276,0.0724648709548425,0.0,0.1972695165027164,0.09979536080677773
U_4693,0.999999999,0.8254953676951382,0.7535219348506144,0.0,0.0573031163431487,0.4165649781175941,0.034923740782202284,0.1455512829547244,0.0400705656646438,0.07508197696579158,0.04391490715805431,0.07330518470795046,0.3405411409628005,0.36898637314019156,0.8094380643805766,0.0487193585936452,0.26688770594342476
U_4694,0.38950804470150313,0.3029574717809887,0.3351728988057598,0.00550834441401972,0.004781770456241539,0.2629131352465605,0.06493482848884129,0.0814330119592836,0.6819643063893294,0.021146655574451275,0.008106087419409071,0.010318210630443672,0.14772864240161848,0.1763333075979437,0.3217422148885566,0.0,0.999999999
U_4695,0.0,0.05667736707120064,0.8966485193259017,0.08409888102521837,0.10586971451143122,0.0888152075132168,0.10022796215356256,0.10047648429887461,0.040865940224424885,0.08785137273744176,0.11630374726092477,0.16007986052751538,0.08223065944105598,0.12564235358991166,0.04177150888810024,0.999999999,0.14728545724504954
U_4696,0.13486926306861285,0.28917930425510124,0.15843968641903225,0.04586944209736116,0.058439238270998124,0.999999999,0.05122655326612715,0.13106209986629613,0.2639226836437432,0.03319593273283125,0.06559249235406638,0.03885555596712458,0.1789836078405189,0.15088955373753563,0.08534147483452786,0.0,0.13830915023204302
U_4697,0.0,0.016718710423475187,0.20278068000850788,0.05405509008158363,0.12565358674499377,0.8632781130377356,0.14557124054588091,0.0878513805478654,0.2870033784523835,0.22683409781449898,0.18525707657828885,0.999999999,0.0449606523835133,0.06552686510362216,0.004791393546108385,0.28583074150254767,0.0903111406131644
U_4698,0.012416764945515288,0.009411846926234153,0.7336694791095598,0.10285631518244515,0.15448983127572283,0.0,0.08589258347030708,0.11081901002537183,0.4741841177494976,0.9925776338495156,0.022598055720010227,0.9999999989989928,0.009872498325807513,0.12045194152073245,0.12767193027730794,0.6559218473953672,0.1528332325001396
U_4699,0.20959950432530775,0.22009130394712742,0.999999999,0.011841127685871632,0.31728547675936264,0.3136605380580575,0.029437614274728158,0.11760011326384258,0.0,0.020738806594749942,0.0043100268704381346,0.032835424213060835,0.09372373227710608,0.13771378122219377,0.2340241246625377,0.29608344746843074,0.8967373251787563
U_4700,0.32061366108127815,0.29861539908937346,0.27699644413422575,0.02511543746073295,0.014859070188935689,0.2100811051975665,0.03661560302488374,0.08887842841670011,0.02312099180750152,0.04870826349606411,0.03296538411258481,0.9999999989999999,0.128140817771539,0.15439355319697143,0.4341116585073668,0.0,0.14596610498058546
U_4701,0.0,0.47245047217247704,0.29418389608016715,0.0061191671311320965,0.19273675643150598,0.3331289853627151,0.10705006506460092,0.24307846427564428,0.6624675409417329,0.02846297858944534,0.0502560898509092,0.06229328803004004,0.2731284502782778,0.24829843957780448,0.03880230651987138,0.9999999989990335,0.2302379809863531
U_4702,0.19417616820361147,0.999999999,0.8483098918622897,0.011241802829551853,0.01778419493755271,0.20556197212310476,0.09216357006355234,0.08015590084082022,0.2635313533845875,0.029071055342119952,0.012099335205584361,0.017959572864357433,0.10888535237390642,0.12652207999885298,0.2445835425899948,0.0,0.766326468126066
U_4703,0.0,0.08088617317048707,0.07202195336121132,0.11135768378776187,0.17266052691184722,0.0853436714055584,0.8516206725516764,0.15303035965095682,0.02814224643194803,0.05037638286743706,0.03908295066703704,0.014409345449716315,0.058329600734081936,0.1258507133050592,0.07679837742627049,0.4471442054745236,0.999999999
U_4704,0.3722037905245324,0.999999999,0.2922749348969095,0.011379866378752079,0.0027885273098681757,0.24082592052915533,0.056491225973039606,0.08407344638307368,0.6330776880240752,0.038982369348820524,0.021923267599819156,0.027964740474284436,0.10781641158098759,0.16556393825974522,0.2301745868821863,0.0,0.8619136003978558
U_4705,0.9487135227513068,0.8321102687576802,0.999999999,0.0,0.14455027105655727,0.9010816330480628,0.07389559924270375,0.2908499123505646,0.13496917121337265,0.2084248113450658,0.11958755627696728,0.15071012377416412,0.4504269001868263,0.5858042324967169,0.7299505812757393,0.02985576232789979,0.42095475371236035
U_4706,0.37203681373540964,0.2814352954414068,0.3122401687351048,0.011416044106637739,0.024340161198534865,0.11383088826477236,0.02198485058158717,0.08179610673724419,0.04639578872229193,0.02946889475805059,0.03390561823892466,0.05528283510577168,0.168295264309527,0.999999999,0.6551583548249182,0.0,0.17747129898358774
U_4707,0.999999999,0.7787999650045861,0.977650930501348,0.028250196330875492,0.10184459380374143,0.7261256464275452,0.1867740115022192,0.1817611692481119,0.10741816900156861,0.10561068952597405,0.12125097872178181,0.09078232997558089,0.3881115515576285,0.38833867608492934,0.5707694299911328,0.0,0.4541170815523267
U_4708,0.0,0.003524378440184298,0.5213096614086591,0.05707617845912682,0.10335811558986079,0.999999999,0.09112987793148304,0.6057256432091284,0.012246917513312514,0.10369809974760408,0.07888799681133415,0.12652736738608023,0.08076355410469549,0.11240599227797424,0.015221957469348495,0.3443727960015333,0.11967450762980303
U_4709,0.08437252759170932,0.9903053209857333,0.2035121538708934,0.04541154915251372,0.070838146133747,0.999999999,0.20840895367645676,0.16266730526082143,0.3034343631261844,0.049235263450762644,0.052235574782486825,0.7199541557094937,0.17645458113186585,0.15724567647137988,0.06335108084523561,0.0,0.16215652166280392
U_4710,0.26799314472230606,0.2541268932816687,0.26787097747775657,0.0,0.0020593513484858258,0.9999999989999999,0.01626987547072982,0.08526209856683191,0.013404293570423794,0.03591715915222077,0.017761417233596134,0.03356996731489433,0.14545728611671008,0.16200967190351828,0.26118866327078794,0.0019185203765176935,0.1596653601702041
U_4711,0.42096549645899745,0.3364823177598777,0.32164591209507104,0.007666161364730187,0.0166117737895917,0.999999999,0.027523025690192018,0.0585730677305563,0.010168026859460801,0.036555872527863555,0.03208357733549178,0.005006007537284897,0.17185000129412237,0.1702189453934839,0.35188781929864543,0.0,0.07279617290900946
U_4712,0.3389498841325453,0.9999999989982878,0.24834756701364644,0.0,0.01514757524358068,0.11657059549133515,0.005448609543473905,0.05152037630535057,0.03479457545032098,0.03450744184388148,0.03921532359338986,0.03141103661364101,0.16151055936282244,0.11680378886880598,0.283808886711179,0.0019431791728830206,0.12315131819475722
U_4713,0.20950283694282978,0.25022735831758924,0.999999999,0.06196072629812111,0.7107716215530171,0.8512046432266851,0.8431646103363053,0.37752492204889226,0.8047878129766265,0.569627404782227,0.065269847666762,0.06339701213205991,0.20173364133225566,0.20553698509782983,0.08238163344045606,0.0,0.18338255429966793
U_4714,0.4038435676822861,0.3626591379307624,0.37845366251274987,0.024145184265594755,0.009001100379615438,0.14062381776322325,0.03865060373330357,0.09533841080784819,0.999999999,0.058671092720526584,0.04667668282450269,0.03517094520219424,0.15170818169373557,0.31434068620494954,0.30953215307944787,0.0,0.16276991186307538
U_4715,0.44879653692563104,0.8683681223314437,0.4695422675888995,0.0,0.876174051562204,0.16314802633731407,0.9041461874807158,0.40470119216807143,0.5969730542907457,0.46431732624225225,0.05867815089528867,0.999999999,0.2596982628944588,0.23775122102577445,0.09557497424680973,0.008266455791375865,0.24693851107469375
U_4716,0.42090136841337544,0.39025800333770605,0.37286373251978466,0.02962964200853695,0.0332147889321619,0.1628121818429857,0.04858697888545021,0.07246855726070518,0.999999999,0.07195201198971485,0.04221681790875668,0.04122926577783625,0.22599723671437813,0.2083348355745421,0.40930615342465126,0.0,0.14561957120644267
U_4717,0.022021573584015477,0.24787042433737452,0.11928768031922246,0.012519411930530105,0.5616561249726872,0.09183838398132667,0.34700222282152976,0.09869529746119435,0.999999999,0.6310837350877162,0.03480233779861759,0.03481193314796475,0.1418959194972313,0.15434389701276524,0.04908701116215219,0.0,0.13663912513470325
U_4718,0.02462179310847421,0.3975727155684663,0.1778882622971893,0.04595461374055494,0.05203801939653169,0.47533636691450953,0.6249280573496224,0.10630458254665524,0.999999999,0.28298122631622924,0.06430892300143144,0.67931990237402,0.18191283720364393,0.15930725830517756,0.0,0.15668549923327907,0.10389292506496876
U_4719,0.0,0.015846756325946454,0.061362291366604454,0.05869106237746369,0.11322899878505055,0.1446772455714445,0.10813322987288983,0.09610082371945328,0.49800077732990605,0.12941990807271195,0.13593076933293435,0.9999999989999999,0.05292605468470538,0.10728174593645379,0.035799728048720274,0.37849568230241226,0.1243777135325108
U_4720,0.03515534232867578,0.06034591767772539,0.999999999,0.11011512972025275,0.13467786614329622,0.057719490235823234,0.8787838382112324,0.1948550642543684,0.016219244174147447,0.0,0.041112846833293734,0.007523454691452884,0.06607623218246139,0.10039067434406608,0.11398380150943209,0.4885322284488185,0.2152353698259747
U_4721,0.999999999,0.9231229629541036,0.8692589218046443,0.0,0.06857158852557514,0.8931227158691496,0.04336774044587253,0.18077970193081602,0.045194237555439234,0.11179462056749315,0.04221407998864232,0.09574119130931333,0.3888863140103966,0.4265145278116168,0.8898392986041045,0.04942124867320203,0.31556183058000514
U_4722,0.0,0.018423354272348334,0.8960098460686676,0.0762232916110527,0.12236057992250016,0.1633412170837741,0.1486819845297607,0.11429263161511982,0.06880894284939117,0.1823596335840417,0.19570649794326933,0.15136935009654146,0.07833575324745834,0.12810692845357394,0.03603212793888207,0.999999999,0.14661449403573473
U_4723,0.2905933142360527,0.2583979376198986,0.26255971305605114,0.02380212925527991,0.014824978237868146,0.15016066452752203,0.0060596963062581905,0.06794762401883545,0.0,0.022024043740450337,0.04314366139552905,0.031230046021370934,0.1196093038518658,0.999999999,0.6213406617965017,0.3745235008111665,0.12613452411502682
U_4724,0.2692767069525094,0.396914125630554,0.3178801539709887,0.03009446557114738,0.7092226606371326,0.8623873640654772,0.07945808656899583,0.999999999,0.33831244196061355,0.09777755154712375,0.061101475267088444,0.8156038179743411,0.20967183843704906,0.22851507241453822,0.1377410565587761,0.0,0.8931550508949047
U_4725,0.039406531474434084,0.08516365041517968,0.25845967097317807,0.07132181675947108,0.11277908115713205,0.1442232305767294,0.12692948909858856,0.10134007846599127,0.26823961054492645,0.05794301121433296,0.057428830584141874,0.9999999989999999,0.1678919872064697,0.14848404063802337,0.08909305055096337,0.0,0.13095917132599905
U_4726,0.4569208231047188,0.999999999,0.6616182263430846,0.059865094764789906,0.19662156209357068,0.8995268529513397,0.22047091991400442,0.3627133159057936,0.2873621215815817,0.11219149029668164,0.11829088230905961,0.09088961872613152,0.7213483100412315,0.5855072885222665,0.3043512262602495,0.0,0.40048478164143975
U_4727,0.2364626833717451,0.999999999,0.23709261323359884,0.03918652319659202,0.010877887570139338,0.22500061530806487,0.11306048730425201,0.08751760838134555,0.012327763936589917,0.03276560988232524,0.024344523238199363,0.025479514155384436,0.14389498349353283,0.16978023130183678,0.21519081886963093,0.0,0.7628560779676377
U_4728,0.0,0.027150129598838793,0.10065824295420543,0.056101569543084866,0.2095284338911413,0.16602481274491446,0.11404636878698608,0.12676837058862792,0.999999999,0.2951035490258037,0.2590864375556335,0.2732762919737338,0.1513582640334165,0.19592365535022493,0.033690550655558024,0.4741621487547069,0.18666552292344202
U_4729,0.23153853912495417,0.999999999,0.25964686225675887,0.02516082308522702,0.196737847948267,0.5913232003713526,0.11746406293841655,0.3845333829249141,0.2847774996313851,0.1715982848368401,0.054767542847125324,0.05385848819569516,0.15258217449953934,0.1412816812402285,0.09561688748450488,0.0,0.13491532917287014
U_4730,0.24519184349692924,0.22202830391012676,0.6497646015096782,0.014578373002686792,0.03173682477558595,0.23738031403259877,0.05607446664833098,0.10969572975081658,0.5541538789463353,0.22644381626640767,0.04011259095471556,0.04861163993803028,0.11363999842281865,0.823351464893994,0.999999999,0.0,0.1192429343966474
U_4731,0.0,0.053008036573710025,0.7287453930515899,0.09027840649736442,0.14601660139138506,0.12672941399219578,0.11380987203011679,0.12320954464260556,0.09550827729214724,0.12196343583439288,0.1472407139052354,0.12197804744718874,0.06598624782959624,0.1585541978604262,0.044187127396064264,0.9999999989999999,0.19494260826943843
U_4732,0.4119943954465447,0.34711326286304545,0.3319176303434009,0.01806719491164642,0.02467894262183012,0.13705349876106493,0.022066071592251213,0.08325833490334056,0.09897335842156592,0.023748540432431277,0.054838372828186294,0.8519022324983553,0.2137053436275529,0.999999999,0.7277267968348191,0.0,0.1926663913574772
U_4733,0.008830504195521685,0.05056202228230942,0.11571899985754061,0.018328898727990883,0.03846599226968376,0.999999999,0.22060372795371458,0.1248857509398335,0.6621598698159945,0.030462661878444392,0.032773360486402885,0.8080198565642579,0.15423942921045053,0.12747715104960208,0.0,0.17077924425812002,0.10384023888038912
U_4734,0.0,0.5450481714419289,0.999999999,0.02584520605709713,0.11186753264973147,0.10875984545249094,0.08495866226706132,0.12731648604363216,0.04978192965256323,0.21538099006916747,0.1703033963651361,0.21988571740642296,0.09419147696145189,0.132720253148442,0.03434688336745206,0.3325848484100294,0.16013624872042753
U_4735,0.09065250930805789,0.999999999,0.14373581685621017,0.007673851912013931,0.0,0.2582830425992051,0.13505567517900022,0.44119114611556826,0.44789272456315776,0.01220045688600345,0.071816538610883,0.01758506137778023,0.15717514470089727,0.14643174019298189,0.017995538517261052,0.6353001322525408,0.09455939592363241
U_4736,0.42586872449299185,0.3673584444517331,0.4361951514092465,0.01684606763213215,0.0,0.1300627402293503,0.05117511319516033,0.07722299165130998,0.00566213281655259,0.036417212542429,0.03765064599046571,0.999999999,0.15692618431939395,0.21159149743923575,0.33526498171030467,0.015814923279116995,0.19016163421423746
U_4737,0.03625746071470373,0.1469902411332775,0.6484885348401805,0.064645881188001,0.07656575488040916,0.999999999,0.6086573276130904,0.266354649970213,0.7443754952044179,0.05120671519588285,0.083843420293961,0.7438460200641221,0.1533709781040843,0.137488730418873,0.050318701677400476,0.0,0.09905051455385877
U_4738,0.2872589872772356,0.2924746633086371,0.28293697799855494,0.0018927665901833646,0.02689137929948219,0.9926222500028625,0.04266749897499485,0.07750424489517865,0.9999999989995967,0.02297762504255823,0.03350384349650862,0.04054979882651125,0.12379350209152362,0.1563173639218911,0.10988949735009132,0.0,0.7185041297835029
U_4739,0.05175712241247222,0.5023619331651047,0.032507325457506446,0.14798708255246362,0.5026837712720488,0.8946409197139662,0.0814573394415359,0.21957454245241315,0.0,0.06465768227941272,0.06512524030368423,0.041402900285299096,0.058670129674248374,0.13011856289103438,0.0693909677853452,0.999999999,0.5435992986704858
U_4740,0.4016985719390492,0.7966059050392011,0.2885518849794088,0.002615876247419848,0.059551652369607015,0.10615265545061169,0.023843841589254452,0.06421471457941369,0.01049351675415009,0.023496321435006507,0.021593113662400857,0.006185120164450895,0.14274119466369978,0.999999999,0.7609896212385423,0.0,0.1308863495934052
U_4741,0.2034171392119828,0.1889834700285394,0.6911648332692419,0.020988639299107673,0.1568881249413117,0.999999999,0.7122715129044525,0.06843741765324968,0.17161593658922508,0.16852995214161337,0.06968067028707367,0.06045641148690466,0.13769467815742592,0.11000592401913666,0.10702421354043898,0.0,0.08645867751885605
U_4742,0.2861125980229531,0.24237058076224893,0.617918061108499,0.0,0.004618672257123271,0.999999999,0.026352483033265487,0.5483075053681191,0.9184273878665439,0.2420664401436814,0.00920884941417189,0.043092863342765346,0.14927221324075282,0.16589378303148714,0.285412307953153,0.1100298391356126,0.12042275188056545
U_4743,0.35305194909361665,0.28826307793149913,0.30235558032226434,0.015571026803942132,0.031131611047787743,0.9999999989999999,0.03116277430305894,0.06548125704446801,0.017695128731361406,0.02293806025376627,0.03175796284618528,0.03943752356205658,0.167839885767419,0.18936160484311573,0.2825051926718479,0.0,0.15260438178258307
U_4744,0.3995407691194664,0.8146733987600833,0.3862839134430497,0.038081984481058345,0.0,0.40137984857646447,0.10450576951626735,0.13959147881050607,0.5089476565802992,0.03932218548021553,0.029157861296656488,0.035800815219586016,0.20068964203359815,0.19375604021339746,0.19492876408002568,0.999999999,0.22720196821060498
U_4745,0.30506768852418614,0.30745071689818076,0.2880300184702479,0.02196417287097344,0.04567755670999864,0.26063645997264234,0.06228014037005116,0.11711391906913717,0.02303770025492332,0.532780889059857,0.02528871741197814,0.6911666461754796,0.1091690871688219,0.999999999,0.3953426022728198,0.0,0.11347745899945341
U_4746,0.0,0.7605302989458314,0.10680928187151928,0.07253834075892944,0.1450617662853754,0.05759929467861758,0.1357979263260165,0.12266593203669356,0.999999999,0.6851039181395125,0.2595149511261842,0.2780101785837375,0.09650557256083944,0.15235756960557167,0.014802244185127118,0.883946638506035,0.16729800779537263
U_4747,0.23669576236622392,0.6252420212658635,0.23731376456786257,0.0070623548012307006,0.46157555138171724,0.08232787591332334,0.07243813807007794,0.04968213393133853,0.0,0.08372623984639442,0.012844935242477564,0.03644301512404051,0.08089482327916667,0.999999999,0.6985456944251467,0.007027533835370104,0.10409564650309065
U_4748,0.3415986105107879,0.2734986401559912,0.2845972941740826,0.0035785448986006417,0.0,0.10914276515478816,0.03694756189736028,0.06271722189831765,0.01033402919884642,0.048434931007168225,0.03206840440764753,0.9999999989999999,0.14682277187866485,0.1647978224145502,0.2958972880528651,0.006783244771237059,0.10211811782781699
U_4749,0.4459215934851066,0.49507924254519925,0.4506133977631256,0.004901241505323527,0.06137834748916798,0.3688425235998088,0.5195899286064409,0.9999999989965295,0.15881329456202847,0.10461120611306152,0.16291451626360032,0.08521109676147111,0.2751073735892057,0.293824354201291,0.17721770234141423,0.0,0.2713114011225061
U_4750,0.2285814825796376,0.5830607369661044,0.935232499618654,0.005947206799661057,0.0028798826753000982,0.2695240886216571,0.03245923124270611,0.06770095731750851,0.0,0.04019177849849763,0.034592172231754134,0.1296149313124719,0.06519817108706615,0.999999999,0.6813773278787454,0.11239642578437684,0.0663813592857865
U_4751,0.20115262912262943,0.22283370609002723,0.22682970308129383,0.01598651345708263,0.022974008272827286,0.999999999,0.6894474915846894,0.07979198469883984,0.02907803096291949,0.03528160563900922,0.024357999649408917,0.04181043086268186,0.14567959336517938,0.13422990209968075,0.07859459915944243,0.0,0.6229547123269411
U_4752,0.2573062175113015,0.23141521368806214,0.1590031824682276,0.008934094480002732,0.0,0.975202210519317,0.04652423532889718,0.13915668004569207,0.8779172523607628,0.02137584014543065,0.009889411437875932,0.03745276282931901,0.1297775679236789,0.14094245266408728,0.078531929633667,0.0065711809076061944,0.999999999
U_4753,0.18829670209246385,0.999999999,0.21773377012735617,0.008441406241978656,0.3171995630715268,0.7010360469248172,0.027592995936207978,0.29772251445611275,0.02561510732715073,0.031042336458690187,0.022162696048051742,0.23938890365990037,0.13655233082276017,0.16384622137582394,0.06989404078952485,0.0,0.12817184012411453
U_4754,0.2684053801340441,0.19715489035367825,0.999999999,0.03303160789918822,0.44343583726295177,0.8078660340312682,0.028380429326892054,0.05789597440834881,0.0,0.2216704967303746,0.030368770846349275,0.03280122681397933,0.12557240615411214,0.13801392672351637,0.19835129816631447,0.0007266543124835245,0.10407810914038941
U_4755,0.27657582910730893,0.2631212380252812,0.2697209413450631,0.02632653120746559,0.04284052495405899,0.29813185885866683,0.05644566789554075,0.14523631037641363,0.09613549883557633,0.06503801423683377,0.04895767153740059,0.9999999989999999,0.22900445506680284,0.20483830094827427,0.20690778232526516,0.0,0.16372604080831302
U_4756,0.0,0.999999999,0.15927413421955242,0.07898845221680126,0.17049472180016198,0.13505174115583213,0.09502622825763349,0.14776251585081332,0.13151260340047322,0.1644493722377512,0.19283132620934046,0.1406165083186018,0.06869839747382897,0.1422916391433203,0.048573738753302086,0.9661334045354756,0.16681195638677956
U_4757,0.11056257875464273,0.10249669886323443,0.1766449663688163,0.00675681209242365,0.02222193769195147,0.21938073072178782,0.999999999,0.09354083743359363,0.2758141387428043,0.022410844772106683,0.023939159594562047,0.38224475488248894,0.12199767187235887,0.1253564175258929,0.0,0.18052675226822815,0.3086660069681032
U_4758,0.44772508341258443,0.3952373852099622,0.39395209219632815,0.012339086901941779,0.028266683691390793,0.3764610322959635,0.07073926570485593,0.870060938129096,0.031810846954045506,0.999999999,0.030056319002733718,0.056201322025865544,0.1708749149842614,0.22364200936466663,0.3896168821310529,0.0,0.1397969820093809
U_4759,0.33904887092060493,0.4344423794404174,0.37798289870009905,0.0,0.03418162446003829,0.19325056926829098,0.043390080438384646,0.1260551888813378,0.28245403787266793,0.6353792111684015,0.008528841398235633,0.6084504330012251,0.14627330108383912,0.19854150956137875,0.1300393962394896,0.8759199995418955,0.999999999
U_4760,0.4328075826886826,0.4218320150814024,0.3432942458156596,0.0,0.014210152395995443,0.32933295072052604,0.046119928513441565,0.11664146455101282,0.999999999,0.04987573297752164,0.01751342941166291,0.06340193511452351,0.19898916813876194,0.20593425938301108,0.37961678604892257,0.017974855318818067,0.1776292005023967
U_4761,0.35693721965662656,0.30738303583061727,0.2866526655315603,0.0,0.015484512634836571,0.14619874384088297,0.04903232498229037,0.07284040157378523,0.014111537422787855,0.03794952707078293,0.04332930062623853,0.999999999,0.13870687306909937,0.20387586205239566,0.29784288912777684,0.004312329767343282,0.12789730524903617
U_4762,0.052741348287637574,0.999999999,0.17388345070166533,0.03203790435160735,0.06480940162217658,0.6428251583021153,0.08722816127036942,0.1514976181191579,0.6404974643795082,0.06144840295059903,0.10560189107397469,0.04722211630804875,0.10497230967076501,0.12966387180365646,0.04798051972235111,0.0,0.2859277755560054
U_4763,0.25669532785475685,0.24218188864779652,0.163988199061814,0.008653838839939516,0.0,0.999999999,0.03042866334631704,0.11563673171374549,0.7048368608014141,0.03386347281955783,0.019895116711347926,0.024747076600588346,0.09367181287453936,0.13872185443131302,0.1947429826139828,0.014061363659525834,0.7088667136114367
U_4764,0.0,0.01826504487388927,0.09843610684564119,0.09705205565390351,0.16869245980418734,0.999999999,0.14353882541113705,0.14602200245088334,0.06512536980422892,0.2645096523357917,0.19381862713251796,0.22467698601227917,0.11036630107409816,0.23201799103351212,0.038575644543868116,0.5117927243866432,0.1593972742939268
U_4765,0.3509449454176728,0.999999999,0.32198505233281083,0.0,0.021977499956204377,0.8719894152211171,0.025461229215604727,0.46488040268757685,0.2482098289614109,0.0531566816601242,0.020411511894308062,0.025414987965907753,0.08801712404265506,0.18818729716736268,0.2454694806552772,0.02061352238522528,0.1089884922131614
U_4766,0.999999999,0.6474251864662629,0.6578894911175607,0.017167870029006903,0.03857811033698261,0.29159729771500553,0.052034958426860706,0.08047167814724228,0.033808662961517424,0.05204315533400919,0.07967902806774436,0.04263069714007682,0.35992412354237746,0.2091956718359655,0.75784323549231,0.0,0.09880023547706193
U_4767,0.3275419264927895,0.9999999989999999,0.2726509581625041,0.012090801481977866,0.03222456656889555,0.2176102841130549,0.03712313930985588,0.08006991036301762,0.061111321991275155,0.050628838418113095,0.09167371473168452,0.03697734177989404,0.1796468318401735,0.17939126554712212,0.19514724709374368,0.0,0.16193924734424264
U_4768,0.0,0.08579942219396099,0.999999999,0.1021891722324776,0.16102386702016722,0.11352063581242205,0.06201602253924281,0.12090160100748606,0.01902858129353164,0.04664746789072287,0.03915839928231241,0.02295214683405999,0.0718747212312512,0.14717941205534235,0.05630885356724366,0.587973151569506,0.17088729363105556
U_4769,0.0,0.5225922787756914,0.07252870945711398,0.1144040518246407,0.16086139593417242,0.0722873660880331,0.09329970701496342,0.18808270196066887,0.999999999,0.1801341154903541,0.2079292840733715,0.2958580755849331,0.09064127011303769,0.18298746319097656,0.015973474190211286,0.4083983182346761,0.19904186498368165
U_4770,0.17946506078775998,0.1908751990759006,0.999999999,0.023568719851004085,0.358784741889123,0.968486107409276,0.044020117659234886,0.06891609060231826,0.13485176166240687,0.043925076339708435,0.023452733021818703,0.1547686062549171,0.11187198862484228,0.11945457358514043,0.08903755672060935,0.0,0.7616330239307139
U_4771,0.30872577684532143,0.9999999989999999,0.25981601446982683,0.011326265891795305,0.009996977250591994,0.10482468931172677,0.024524814141160117,0.06856446419232652,0.013175530934928742,0.036399876546449876,0.04841110725798085,0.0539255311781592,0.11889190614901152,0.18585553543984193,0.27876193253901693,0.0,0.12022224012099582
U_4772,0.27467744815483147,0.2403618302349962,0.999999999,0.0,0.04203100001282655,0.12835187101542664,0.05343226903461464,0.9866460568095589,0.34264382289680145,0.04639167719797666,0.03473715163065056,0.05066565271428286,0.12783286643829253,0.17185811308110513,0.1882447695620884,0.005892899057050177,0.10416754813797273
U_4773,0.3348564281244176,0.3648419602939818,0.3804492572057018,0.015281230626467478,0.03131835002032958,0.3507090492658538,0.04262522059840575,0.10823950452715136,0.027586304122068934,0.999999999,0.04893276267884054,0.05814877644416971,0.2377095838576672,0.22460312103146404,0.41747874222464826,0.0,0.13614267354772494
U_4774,0.6626580659658194,0.5444730285833155,0.5122537758850818,0.0,0.9686238844231826,0.29748375051582737,0.03537985149415819,0.133292971760722,0.01689155401473395,0.04984963152552056,0.023100695623895977,0.053121025105091556,0.24080984787506649,0.3124042644016305,0.54473855483674,0.999999999,0.13537067457741672
U_4775,0.3644520660567534,0.3311496838852211,0.3368199894735861,0.01349298543803393,0.0,0.18976279438876867,0.04547197213546473,0.7728507006013486,0.04243479524930665,0.05915555717358732,0.023290503212024166,0.02892205805878977,0.20049625463819626,0.23793735170039182,0.999999999,0.7091757046240328,0.15137263753047345
U_4776,0.017217079115428566,0.019492798931738654,0.5683344480035534,0.048254412382690993,0.1632597364505096,0.3618091948644778,0.12495676179312122,0.999999999,0.01493764904949377,0.17071652825509934,0.18670900015895797,0.13042410685235922,0.05981692923578791,0.13529498147947028,0.0,0.5270942977724565,0.18769020470263964
U_4777,0.3247396068129933,0.28137730120617443,0.7687212860550426,0.000456013571067982,0.01829771363483931,0.3191120536604264,0.03559659014938822,0.07857915849585846,0.7637034872746118,0.34678288235648325,0.013603688149841224,0.022881993885083086,0.12066921384461517,0.15284055612683892,0.3026544851644808,0.0,0.999999999
U_4778,0.4813799222305641,0.4183121531067629,0.5015681729967423,0.008906827760472828,0.0,0.3022575995540559,0.999999999,0.7172187675827616,0.06985688762242755,0.0681129119314791,0.04068408288967931,0.12398934731683914,0.19670965744746033,0.23385608540226943,0.3887851926371462,0.5579985947390594,0.10318556863293715
U_4779,0.6900203984005069,0.4235586345039748,0.999999999,0.14887880237324783,0.13972725731320712,0.7969833012902291,0.295344365568881,0.2655044121320901,0.11374230311634509,0.17434400070616834,0.10788832432012997,0.13078957347561898,0.37493730451409335,0.5471763702476651,0.3954072885451097,0.0,0.44754470780603073
U_4780,0.010173302622297927,0.11442726252681543,0.21391379729588963,0.030103937334406434,0.06558557126765294,0.1913396624226287,0.14105722314711575,0.999999999,0.13203593610043912,0.18151505777601548,0.1384062201787944,0.9421695376064043,0.09942235995104569,0.13827235190770182,0.0,0.08127815791820195,0.10207603266279787
U_4781,0.31472233368919766,0.2815823204360459,0.2894706905347553,0.010259057322476615,0.033348129502680596,0.13247462936138868,0.016849810764275806,0.07712307682814572,0.5364914804656686,0.025909755821005426,0.02893093686102429,0.014467141706281286,0.11936623394343751,0.999999999,0.7929771548878115,0.0,0.13119883646994512
U_4782,0.3909974492437468,0.2577809646856984,0.999999999,0.017839483585672,0.015172811083122071,0.09767904664020147,0.2980703122306116,0.07908220243520438,0.02159739717799383,0.043489606672956885,0.03364898257913133,0.7311971424910286,0.1663402430109321,0.9116729572659283,0.6399789006168239,0.0,0.10004264599324557
U_4783,0.11343737404128194,0.20347156033722139,0.32092726162909957,0.04688474531156997,0.05823866205176712,0.999999999,0.2675533414793568,0.10061293024259417,0.12344569453530134,0.9361827171140131,0.0565433395315641,0.6463651070159048,0.1950748754511664,0.17841701563141044,0.08136958291205505,0.0,0.16684797142083427
U_4784,0.48224565876486025,0.3748518532346707,0.3672176670476657,0.0,0.01903786797611708,0.16843732096971584,0.033672249752267,0.08780486755055558,0.999999999,0.017137283034096028,0.020549264398028778,0.05558567740035274,0.15983936567709303,0.20902038764168263,0.3761731540772431,0.017915809719188675,0.1478386232383707
U_4785,0.9999999989996847,0.994387626002955,0.6928753233299734,0.0,0.0330480668644334,0.4308685841673612,0.04275860165598805,0.14444370764150546,0.05821749332925109,0.08508745959056487,0.07509917850422707,0.06358627420670507,0.3078683566048696,0.38688631888171204,0.7439956008680706,0.09589345539456012,0.2687013762551356
U_4786,0.19806451723731083,0.20058331374503063,0.999999999,0.019891099335290898,0.25876493369307335,0.18821258508425234,0.056362413309251826,0.31547816651787236,0.272685896093642,0.05007723724503787,0.04714383500319058,0.34597485251391397,0.12794600477900298,0.13892010411346056,0.08002401869088412,0.0,0.13207193108450244
U_4787,0.03953993385929719,0.13858110258009732,0.7323622883291446,0.07256217143085496,0.47906568382451525,0.1705941132645096,0.14784761959297632,0.7178932596826356,0.17288671698157068,0.04376468005053121,0.08927370613206644,0.999999999,0.11082893245164706,0.1467733995444646,0.04517141943200991,0.0,0.10906594116405437
U_4788,0.288606158889965,0.1812834071958339,0.35782323841156893,0.05032873205176825,0.03253160605998472,0.24681653991703453,0.3128800736970833,0.8400366953148526,0.031373489998203385,0.04196800387891728,0.033663200994512914,0.061317395806036935,0.17421767176612465,0.2164828290236529,0.126231679758862,0.0,0.999999999
U_4789,0.06969809129777643,0.16175668213547403,0.22937022001682722,0.05581488287757638,0.07974189710683881,0.9999999989999999,0.16447715118170267,0.08222711240432615,0.24553817862060784,0.0444409313771623,0.057778770748326665,0.5145478792325527,0.1873283314012272,0.19903235744291667,0.06975882833573695,0.0,0.12309906405353134
U_4790,0.2325170918497962,0.999999999,0.23530382932673916,0.021675290615668356,0.025660672768343933,0.2687559518868716,0.03741612263284014,0.10973857849331027,0.5710579332957216,0.04298025685192973,0.03654728493620155,0.05279772776901978,0.12498952459180576,0.138224432177636,0.16001553343929148,0.0,0.6474748408644215
U_4791,0.34250040916328683,0.2622525294477928,0.9999999989999999,0.008149608313668113,0.003343344678124047,0.12375814789607262,0.006342430255986816,0.04664030715459991,0.014605815527283227,0.017915829656679504,0.018429342320605835,0.023655723478791295,0.14445350269188448,0.14245644924593243,0.26453761574280277,0.0,0.10230378808533493
U_4792,0.3391330781822489,0.2956860848216793,0.32270167314580667,0.014679540893954823,0.01600823354304043,0.999999999,0.04667840396370563,0.09689259417570315,0.006658975171489978,0.054509460189770785,0.02811531654437229,0.03126803308144448,0.14039299468441735,0.19956905130245078,0.32876616004104803,0.0,0.17595421740519682
U_4793,0.8622133508989874,0.15789835110437717,0.999999999,0.012841435042065391,0.0,0.21124455753883212,0.22073502627286182,0.08825991238571379,0.20972815679388057,0.024227030025547304,0.07614901329535514,0.8283477794156283,0.16540122572941152,0.16263964926066943,0.10401212095602438,0.8341928897572785,0.14749388771047361
U_4794,0.999999999,0.7478782319038899,0.9406572327833727,0.0,0.08365789793699205,0.7729201065966823,0.03189236694142826,0.1653769119364122,0.0248303472898405,0.08812700455505863,0.02203489260998499,0.07886664477945758,0.38494712975649376,0.4209985979890386,0.883258001685775,0.023202011755987028,0.32800749822182157
U_4795,0.006874280267458441,0.055167379456036496,0.039508473078715245,0.11624195485213246,0.13494957942666527,0.03665575546552905,0.058971631213841726,0.1649842179549394,0.999999998999996,0.03064936222643672,0.06754364353604157,0.0,0.0421590580112163,0.11379607392674077,0.04379957831206589,0.5571474986595657,0.9723972792393324
U_4796,0.46937256177480585,0.3233995211832842,0.3123278312800837,0.0,0.006704532551236838,0.2426146311686577,0.03165604145928979,0.09933410016234052,0.999999999,0.02511430364063414,0.02311465656981139,0.057915818162950695,0.16109289629756332,0.2228840465920769,0.3513588753529112,0.025229614131866637,0.8342934057718288
U_4797,0.3480398683361903,0.2927947240717447,0.31186073316276114,0.0,0.017684955569558066,0.10672917773980148,0.3308719113925749,0.090361374073957,0.00928676617180189,0.02675045032596916,0.023750480844151736,0.05579401757439776,0.12393576264812736,0.999999999,0.8343052946642858,0.006733009158613071,0.17810912442389557
U_4798,0.1875775152000372,0.26019589621870054,0.9999999989999999,0.02375162990600185,0.03654729256714498,0.24091875153254844,0.07659921741340946,0.13038320676469675,0.08700176020573976,0.032968774841050714,0.05473591704986979,0.03608959632277295,0.1424152856031557,0.14430573991599435,0.08035506238163155,0.0,0.615415606812346
U_4799,0.23571684513182803,0.6722128722836725,0.7504975568046707,0.16177250809369978,0.2113594587803923,0.44562811244130707,0.4507020395813097,0.34615840908483086,0.999999999,0.09870796671508612,0.077240674912213,0.09689136543504163,0.5116891968013706,0.48472459915398264,0.11224569523367627,0.0,0.3601106403111757
U_4800,0.3382201641932099,0.2987454989564599,0.2947996779878875,0.022245942581633954,0.041722263699992074,0.32263043700358063,0.03505070821466617,0.11079743292164684,0.999999999,0.07006933303153229,0.054934949703124535,0.05623187470852771,0.20322334722484311,0.22570007550244836,0.1637290784363974,0.0,0.280901359545854
U_4801,0.09693942581285847,0.17949689353405407,0.1776795012864611,0.06463590845945683,0.052060113056263096,0.19749147982481505,0.2174739478745712,0.169657544823516,0.9760970173747138,0.04317380717859092,0.04883805431388001,0.999999999,0.20939328035370125,0.21987594600136068,0.06638879934194111,0.0,0.1643218626489927
U_4802,0.35758907816170205,0.999999999,0.2912293644071252,0.001618927081595252,0.011988983308351084,0.07511864870492438,0.01077460952482098,0.07224827054365897,0.0010115338776370871,0.011759764235247785,0.02071650642034581,0.013370409420765691,0.14596915959898307,0.9370407101641197,0.67218196934014,0.0,0.11794151108606532
U_4803,0.09760293292423501,0.25439361929368726,0.9999999989996214,0.0,0.021862481850087396,0.19901863128206262,0.40801567319145826,0.11497592321341178,0.19177033178513386,0.008563090131200046,0.07302959812952262,0.0045466451156080155,0.12782383237088038,0.15983562991400035,0.04671470939796816,0.0016269066654153353,0.12682898881379992
U_4804,0.0,0.1190033739471911,0.1189219069899343,0.09159866451538118,0.10138079951930741,0.058269815239442975,0.5588672267568694,0.13064933682829347,0.999999999,0.01942603568010041,0.019993187413257524,0.8145912655216151,0.04811615923483376,0.16020691351932959,0.07498433430013134,0.5551985776256624,0.2515816054064052
U_4805,0.015056385097621961,0.01819849299432313,0.06079869217723441,0.09505942314336607,0.13554798891400088,0.999999999,0.8062255768401302,0.16366796728750366,0.026571774165530106,0.029296192424814335,0.01874862467757745,0.0,0.02805092450421566,0.12973746961097987,0.06404473738161383,0.7772421086974379,0.18613818905452287
U_4806,0.9754589300907845,0.8267725141034109,0.9999999989995194,0.0,0.04500010296415363,0.7330663493542949,0.09362053100352039,0.1951774091522034,0.028917257544437053,0.09559541705376669,0.029293741792404886,0.05900367538574856,0.30572997785326134,0.4269548846548227,0.8547500054981295,0.03504142777665239,0.35531792372191834
U_4807,0.021069938323451703,0.12178838571879261,0.30510151167066946,0.03383441266889386,0.042051941752306525,0.9999999989989945,0.19415514071722736,0.08394467260253852,0.8383417697019213,0.04357957406127156,0.05598238441066032,0.0,0.14771461495755964,0.13837392107840726,0.00013617762299365877,0.7762876385322051,0.13930017385395158
U_4808,0.999999999,0.7807954415699249,0.870959556847937,0.0,0.04447307547867604,0.7743016036656271,0.0388339085556282,0.16660059109481262,0.03456143990293762,0.10607141148459898,0.03587257650916055,0.0819716040592804,0.3632632434801898,0.43105680766620225,0.8826615681400222,0.036257430596904436,0.31807773087338986
U_4809,0.30277454287382616,0.23031838228572737,0.8931652383233282,0.017756650863210568,0.010636082433411971,0.2005022864221711,0.017076975653315007,0.08716178370822211,0.0,0.029654056190651108,0.022138351963277857,0.017918916012926413,0.0992706577152626,0.13190299404509062,0.999999999,0.19234107585384533,0.10743458962895
U_4810,0.0,0.2844507608888464,0.3635598498044134,0.24260294524886145,0.4304172132976033,0.2050790849857823,0.19879844785075676,0.2966781082116008,0.1898492568848096,0.3658998600190864,0.4194374608222547,0.6177336779048,0.3075744937683691,0.32612500437445285,0.060271046277433134,0.999999999,0.35185983166154583
U_4811,0.21854217852879715,0.22555667629873272,0.16346551192524095,0.018661197939893917,0.02057064684526418,0.9999999989999999,0.05642520228279421,0.144112009580021,0.05499014759317539,0.05070575892241925,0.03074112032748156,0.04077178015291697,0.11884202398639584,0.16827381345862374,0.0897778195509773,0.0,0.7713680243421687
U_4812,0.40634584339219315,0.3187304811890585,0.2957832177344711,0.0,0.012922835105481801,0.14759244786204254,0.04507145809258463,0.07546266926106295,0.016084550194506626,0.05036532590231677,0.058866542891175544,0.999999999,0.1352867138912896,0.1992578988108073,0.31112511309614166,0.009226759399538757,0.11733241909740609
U_4813,0.1580908403305323,0.16109714502971956,0.2698531203935956,0.048390175623855045,0.058220234052736596,0.999999999,0.07231669649063083,0.11472246091593183,0.07557296183240336,0.036991482525378136,0.035834016181129434,0.039435403440641274,0.14409245528953418,0.16003827969497605,0.08100320479101947,0.0,0.7886756772931978
U_4814,0.0,0.0004305976480534688,0.39011072805495306,0.06962464233102374,0.7865075949134918,0.999999999,0.11513332092234572,0.13693038237055163,0.22523439153980504,0.10534132737600914,0.14822175645539662,0.5721628991935274,0.07982618139915136,0.13759329182036623,0.012798870028051457,0.36848789878209554,0.15038278199208582
U_4815,0.20080165884295206,0.6196634280036687,0.6158604329074674,0.0,0.019898744533400577,0.5284354129595307,0.2029554662506127,0.05494599174254258,0.25400351408234195,0.03776037688147584,0.01805167209579244,0.04070477951915951,0.10148335302138098,0.14348930770514762,0.252040096345319,0.14887899598103252,0.999999999
U_4816,0.26669131771933563,0.23573692164969368,0.2714543510463297,0.002353631203334632,0.16206092931342192,0.13843363385206695,0.518259527546728,0.0708269638228955,0.0,0.02950298955624178,0.006606128597656129,0.028771368868938153,0.11148721397011518,0.999999999,0.6617474268439957,0.27393801951447755,0.07003117986273043
U_4817,0.3130397399113022,0.8256592784679112,0.29070905517666007,0.0019365957394784662,0.009039693939058764,0.23126543244258632,0.013801565410750425,0.09187341375428631,0.0,0.056211266774123476,0.02224312499865566,0.014217435517073915,0.12333934302998054,0.999999999,0.4163347599325442,0.4788144930378368,0.1000474577921374
U_4818,0.19995360680884336,0.26425256274332637,0.24891381657498826,0.0146079200154643,0.06001357250232852,0.999999999,0.038246557718906,0.08942269159965632,0.42500950713748004,0.6655277436063481,0.04242186308902617,0.044282378678870776,0.11108626235123482,0.13401871854768033,0.08329579196335411,0.0,0.11426978169692356
U_4819,0.2982635145349311,0.999999999,0.26350143938065845,0.001921209027324226,0.00959472590052042,0.1389150326657483,0.022775451925518865,0.06238658007399724,0.022367759057210668,0.058728185115494755,0.038908458744511785,0.7027064515608481,0.15617637073671567,0.140541344541077,0.31499142644581696,0.0,0.10936081163744847
U_4820,0.34815929219011416,0.27086448979272154,0.9999999989999999,0.005289585154832072,0.03256122017483703,0.18895444673419315,0.043564302769611006,0.08145896884394657,0.014261765057154546,0.020129232533148887,0.018463215191759547,0.032848039810247316,0.1486996150259654,0.16092710931946444,0.29236568142166647,0.0,0.1141614953507631
U_4821,0.25704911482258647,0.9932732518449643,0.2712486517197245,0.02374497260426262,0.2546569370560642,0.2606778837182111,0.04686533880694583,0.2950628383512813,0.0440491765258329,0.053424690924757066,0.061681440299723896,0.999999999,0.13645133849601923,0.19144420244949423,0.11917851985720128,0.0,0.1353909566300033
U_4822,0.0,0.059411069790866716,0.09391566463050122,0.10903303883298948,0.29809903808450394,0.1950152609656762,0.999999999,0.16471013465196885,0.11566978576562847,0.4177975099216533,0.3814447854985486,0.3433349364888886,0.16246691434209634,0.24690517411539764,0.08799055023968565,0.5555230949081995,0.23916092121226598
U_4823,0.08783350280353414,0.16238298645145074,0.15274092171932324,0.051625656768311726,0.05434134836759651,0.999999999,0.06461567881322929,0.12876931002624759,0.06640417142990285,0.05649950849282551,0.04803555929007137,0.06517906309224172,0.16952855039061632,0.14484230662226352,0.05300863798494548,0.0,0.1758118320476704
U_4824,0.7720310349190053,0.8536310159295722,0.999999999,0.0,0.12183881708015795,0.6757944011443927,0.17158029648342624,0.26980691503518056,0.9126366746102862,0.2024158320879451,0.10673726046151942,0.1501131155605666,0.440991001932881,0.5963902800423555,0.4746178960371196,0.03823733380493367,0.4669823091265544
U_4825,0.3569548014713109,0.29606437193263363,0.2933238410920312,0.03197715273120902,0.008778963719850251,0.6822981987426465,0.008473102303077048,0.06678850887962755,0.0,0.033559043855922586,0.021359498891856305,0.0070213465988071926,0.12487357430029532,0.999999999,0.6587297094357089,0.002662820131098307,0.23079821442585813
U_4826,0.044439630294340504,0.12232092026505399,0.27311443897524573,0.06562441002341678,0.09189900649958842,0.24176124052523426,0.24655753378431222,0.16976086075068209,0.5783682209429607,0.059653110947365924,0.05228506586484767,0.999999999,0.207201733830138,0.2089753659934041,0.07612142916440828,0.0,0.15007712871386322
U_4827,0.4587293193615476,0.3752765513188847,0.3558921870723116,0.0,0.020831715703165485,0.1588875954147382,0.025683098552883227,0.10343209210857918,0.01301337891202605,0.7369296619828678,0.029556808600666017,0.031582712706053194,0.13862165277263275,0.21453627882208284,0.999999999,0.5383317127688482,0.1578803048084101
U_4828,0.4980876015304573,0.2427818894800695,0.5452515196315355,0.028687042858561475,0.04677248974979647,0.23458575570072754,0.08062845501463488,0.12157122745552204,0.9474486469343585,0.06824692799472282,0.04446396462436987,0.999999999,0.14103768505251793,0.14932113969268695,0.06297802208619689,0.0,0.12414391307588624
U_4829,0.4048331245271012,0.3211351095994257,0.2997185510988782,0.0,0.016442511548963222,0.14704044381931428,0.04811893148540792,0.077851323072829,0.022209385144219048,0.05296230758667761,0.062254944860032205,0.999999999,0.13232432083199236,0.19980429518481924,0.29503403122086125,0.015221978113640004,0.11407349352147564
U_4830,0.498415870595649,0.4079029133368543,0.46105031978467415,0.00445794169969015,0.01832726351828875,0.36838827931799195,0.0,0.07803649928765578,0.010190235295874005,0.04342856808565071,0.049936315432039045,0.03880821852156784,0.21354301176560944,0.21726034260263058,0.47454616442002134,0.999999999,0.19874964306727652
U_4831,0.07042315135801744,0.16282605339129944,0.25823995879332734,0.09389049161053879,0.0964067792028116,0.38120804558968824,0.07228014057288186,0.19415943355763174,0.0472590172957895,0.9471169881122438,0.14877508322404473,0.04879785812253078,0.14944960433619428,0.22336104131038936,0.08694965056587474,0.0,0.999999999
U_4832,0.3449638194981683,0.30788439250308414,0.9837768141490308,0.006175217869734853,0.030168753859086916,0.2501261889876945,0.021073364280958132,0.0949308613230587,0.4095382564869742,0.013739592141228971,0.016997376582666198,0.03326149018526795,0.09107897500524106,0.9338938238541948,0.999999999,0.0,0.1621452698878474
U_4833,0.3777050939970521,0.33407534178249326,0.381114313999303,0.013523950378829828,0.0,0.15594247711767287,0.999999999,0.06674317717569148,0.002015430485949666,0.02143132188519658,0.031507539180645,0.07727844344285036,0.1843957512844391,0.18950081379826303,0.3204050356329333,0.023735124959394154,0.17023660359469758
U_4834,0.2607120849753316,0.7185099789711433,0.999999999,0.03935474025410911,0.088201483286518,0.2801712023664552,0.27382586402818654,0.08399544136048653,0.3657607176371402,0.045271412439430635,0.037456581476137854,0.16984540021330372,0.1355913312455286,0.14683071244525936,0.24658093255552369,0.0,0.9242233058758089
U_4835,0.22404561588596006,0.9272661660370991,0.6858796712276959,0.02579343206095097,0.0276224417346716,0.999999999,0.06124717269762099,0.08506076450009092,0.060740943375707235,0.045297528293974584,0.048199889505392245,0.037455137402643814,0.10781445193017158,0.13866559502311873,0.07757724276816437,0.0,0.12059668485199733
U_4836,0.4239934065404582,0.33419700767510824,0.33569725119627625,0.016958735264455443,0.024128374623110148,0.999999999,0.03592408836962465,0.06637232499720828,0.020433957757753137,0.042915351809839755,0.0389034910302374,0.013828472329393224,0.17047602798568168,0.1956100537464577,0.34244181631522363,0.0,0.08825805037050187
U_4837,0.34179896534357784,0.2953045533289875,0.999999999,0.019702775435340915,0.0050744243243184975,0.2226069890549475,0.023465888443690113,0.08276035069616554,0.0,0.03539192323102877,0.013945951698451422,0.0039042360132426623,0.1353507635172616,0.8948298212354397,0.8174715844383434,0.8885083904681991,0.12189482648622778
U_4838,0.930798999656259,0.18630453931443994,0.999999999,0.01999899734425353,0.02298805007980915,0.2708247393879025,0.13168454328448126,0.08763352315144518,0.02493295665850779,0.03571488819767562,0.0,0.8146834864600196,0.1394968350705119,0.1440580423546785,0.29023679213323733,0.014467700473245717,0.6191020072479109
U_4839,0.2595912997428466,0.49202786863837594,0.22320447600924706,0.007295192513940631,0.022116036082927473,0.1384819230703726,0.020381409704038053,0.3854747048230186,0.0,0.020964672319940224,0.01484080437388173,0.007786829112313438,0.08489406378729698,0.9999999989999999,0.5799546860353294,0.007314933151778994,0.1096802170564776
U_4840,0.2351030309548456,0.6931141191448806,0.999999999,0.0237372370490266,0.2891383305609181,0.13512771707814486,0.1764911895522936,0.08344780920280584,0.0,0.035484469695044596,0.029873257388189554,0.027616000585498988,0.11442032703720577,0.5440887155230046,0.8542715167231286,0.21013019728040058,0.07960698251165148
U_4841,0.4195301440761601,0.316379758090586,0.33113794829923676,0.013843448408520354,0.015159278132949627,0.999999999,0.03213024671929884,0.06703610624649552,0.028429134372040317,0.030256007026669963,0.039401373022025406,0.03404617072800801,0.23949678374844996,0.15854042888719308,0.34398199397298385,0.0,0.12975343546302548
U_4842,0.012312815196676376,0.0,0.9260095020344402,0.04314774664525162,0.7476304649824259,0.1440923629904435,0.999999999,0.1752373418838524,0.5280603217246133,0.16975775706529028,0.16006861574829484,0.24456353642155756,0.11278103529244266,0.1678881224324987,0.03283535115472695,0.5427117032445594,0.2117896251670835
U_4843,0.44849614428641543,0.42914249515085956,0.491633137793987,0.00673628999124713,0.00462010874886237,0.2694855148667063,0.0324710864854862,0.9694336390351995,0.00930175951788621,0.05357321134496502,0.04655480890411296,0.05892254223995028,0.1280615082903126,0.2560499633998517,0.36976017399199357,0.0,0.999999999
U_4844,0.3386094540624186,0.17663043935654185,0.32115770033712027,0.05823660832827339,0.04228903971246639,0.2764555343104065,0.16281061387181678,0.09442112529646336,0.999999999,0.02075202742842177,0.03629426552266463,0.03361590036767444,0.14879918062046418,0.21786333899745666,0.20659265080990477,0.0,0.8495453079843869
U_4845,0.25050487541824035,0.2209377211863006,0.35181090114258445,0.07461688415979309,0.05380994381563607,0.3104225617960045,0.15016571424896538,0.10947056660753768,0.07967588748222289,0.09400038090035312,0.1557737898641555,0.999999999,0.21218764720692204,0.21247073132264255,0.11765516049265362,0.0,0.1857392409721063
U_4846,0.2323772567996378,0.9999999989995941,0.17588402684078602,0.005925556633745826,0.0,0.20582065362992344,0.030506048521491008,0.1145926532428442,6.30420859035892e-05,0.026237509354061436,0.0024559975383351483,0.010278510999556425,0.08235387859336679,0.12411450886972096,0.07479211049825314,0.21585490259633644,0.43645257161679507
U_4847,0.09847880048814864,0.11321565417318308,0.1700130842410801,0.1483076276880225,0.20662566740035287,0.12348791327445158,0.0838918733382011,0.22838078857635896,0.0,0.07565037583486653,0.02569761986490484,0.051250057111389476,0.05287225277318085,0.18251598887006681,0.15121470017444297,0.999999999,0.3685875914031111
U_4848,0.32536073543738653,0.999999999,0.3448462935055121,0.0,0.034027042238015205,0.15752047326000576,0.05690044423751996,0.5264791491631793,0.33215241072543505,0.04834976803397393,0.046416410952551536,0.10549235920727563,0.11714465605758805,0.22443919212162367,0.27301601443742957,0.0012086111983898118,0.1144530835883873
U_4849,0.3543953013042588,0.06112431141976428,0.999999999,0.05385569139353301,0.10009861990485144,0.07858513345581776,0.13225078547328362,0.06815978623046483,0.1056712596499915,0.06523620399364753,0.07337073879928062,0.49547140457709626,0.033531344501961866,0.05506580372762066,0.0,0.1430771876015801,0.08809955408255439
U_4850,0.319985352238764,0.5159802620954774,0.8258955791476821,0.1720652046149375,0.24507899366278682,0.7761812273230755,0.44504474171313113,0.36116051948708877,0.999999999,0.11092608667382006,0.09283067177780494,0.09998775547901514,0.49532388348362855,0.46304034750080403,0.21964945691678558,0.0,0.4410397074968154
U_4851,0.3974459547199476,0.3124271447847576,0.8033585642456255,0.0014186603319191488,0.01000618985154372,0.19224956618001768,0.019202589179129384,0.06853397891718871,0.999999999,0.02441335926652432,0.03236907806814002,0.03969589312655028,0.17294132456310887,0.1872726429557764,0.3677750679193973,0.0,0.14051215685470342
U_4852,0.3121826793969479,0.360300972077273,0.22024958031534067,0.017824609321310976,0.024956564407312445,0.36724503527076807,0.6364921367130415,0.999999999,0.015866746062681625,0.03924854367581808,0.029210870109564177,0.05600428736477147,0.11914477503985436,0.19855757999183568,0.303367869877018,0.0,0.2223698961442029
U_4853,0.1403100143502196,0.17877561454253127,0.12395830248653379,0.008600777555611106,0.020477003109535694,0.9999999989999999,0.21606629893224424,0.44327684452062815,0.035460498006175525,0.021307075770905497,0.0777707262795701,0.034334417582302684,0.10026474585317754,0.1458017547823442,0.040330445395019794,0.0,0.11827698680052744
U_4854,0.30537579559268707,0.2155276596462901,0.23307423551813128,0.00860264837962631,0.007421051883202136,0.5753105992379962,0.01772754350061329,0.42271550994182655,0.0,0.024847779529884286,0.016100161123692495,0.012143377801448836,0.07727809226171475,0.999999999,0.8400179468614393,0.004063587100170073,0.11526937576027964
U_4855,0.24751657428177914,0.2713183753637209,0.263003879056107,0.021914466792418315,0.021004187830679748,0.9999999989999999,0.035625468036998266,0.4643908611226218,0.010130815508783078,0.0333153377138256,0.02791193556208782,0.03706272633843369,0.08581698306955012,0.1491679064143193,0.2014425436221878,0.0,0.36182566385663706
U_4856,0.0,0.1154189671153567,0.06964126612895456,0.03467127320110281,0.02852196046018169,0.07650300233206214,0.15418646747263212,0.08192998243169691,0.9999999989999999,0.11872777469979,0.044184079760698394,0.4952470899652826,0.10176204332025755,0.10740050120567357,0.005463715605311359,0.2263436095497349,0.08805203667920607
U_4857,0.2552308055298657,0.04392999032316681,0.5011119141727245,0.0,0.031099480429022063,0.18868930356851857,0.024987995003367087,0.07004519625618462,0.6880373414062108,0.020539005479181992,0.073855248792102,0.999999999,0.05421014030644333,0.11240506410771374,0.023052086683709522,0.05712450082163752,0.08897109020080718
U_4858,0.26604138756731044,0.23976797859787147,0.22421047359312393,0.0145694332069118,0.023164869199836336,0.21730898788778236,0.06574544206276255,0.10416069086351068,0.20352189392563483,0.3936237728732064,0.021501123066575714,0.999999999,0.06867977389674713,0.11872826558213735,0.06136201116349584,0.0,0.8508813796042072
U_4859,0.3936589982377835,0.36357186283488463,0.31828880971963613,0.0,0.015651197697124242,0.1608487810269657,0.028185214918354056,0.08862117140530956,0.999999999,0.050696620785441314,0.026225909223515025,0.04394569300828189,0.182872838868127,0.19154121656041115,0.3093245358208243,0.032340601939837274,0.2068850321987735
U_4860,0.07250963796841708,0.6638477959574358,0.1392391541489933,0.0,0.006327787416122099,0.999999999,0.2286265174197789,0.07227413046411182,0.240596761408729,0.09899819499579611,0.0181093860925411,0.1138170565040753,0.08289502728747125,0.11029840343889925,0.03037116901639105,0.08402983224188822,0.08303599371230962
U_4861,0.07396966008282072,0.1697158420304555,0.16292741466322042,0.05816958551653362,0.06380335983799684,0.20178455050908436,0.19523170595938932,0.16077578501308834,0.251333041394999,0.999999999,0.04792635732805659,0.42957569774221377,0.18466837229066982,0.15765846868831562,0.06619997269993712,0.0,0.1478455248167759
U_4862,0.07021335801724261,0.1362090683376787,0.999999999,0.0653515021017481,0.09987710041573955,0.2111729566301432,0.23704893450821443,0.1818535870328248,0.10341177778630826,0.06086587321428063,0.054133483345528866,0.7741865829885457,0.19872452737112503,0.2341654006102374,0.08133881473514748,0.0,0.1454169621965712
U_4863,0.2402739632343543,0.6199154002918733,0.21528502918443593,0.029421331649115222,0.12275226685357794,0.0897852208800653,0.3013361296380086,0.0703573180169605,0.010549052319671293,0.043282059627803904,0.03949184738079908,0.02351439416734971,0.08198310543913323,0.6021009015691372,0.999999999,0.0,0.08300841917713644
U_4864,0.5061992088160138,0.34765826550394197,0.3074192705348628,0.03399885930897072,0.026151471456081272,0.999999999,0.008044597711226576,0.06118315059845451,0.01415403492461283,0.04204455074004963,0.03161039541839946,0.03976412134187685,0.19190471640888948,0.17860347986256453,0.3573186301507013,0.0,0.12925227147324606
U_4865,0.26815824592253984,0.4398781509983474,0.23562607636579103,0.027630097624764732,0.3373180729388215,0.4372482864398937,0.02591529291281868,0.07258418865565516,0.35037268812085004,0.15046560224362776,0.0329736233991792,0.013821069123883397,0.1079987474535451,0.999999999,0.392389568410082,0.0,0.07978450424889683
U_4866,0.4524930347821349,0.9999999989999384,0.22305352433150388,0.0,0.03333396067155965,0.20140856350542277,0.025775402638195492,0.06087935601538734,0.007889560372598336,0.004477518418084953,0.013017690432019452,0.037136689373107,0.14700720129237949,0.16211830811053043,0.2649391733563647,0.00029272454431076433,0.1155131025780154
U_4867,0.29398623916277916,0.25987978195912237,0.999999999,0.0028875454510265885,0.5219569693314369,0.17383013342160195,0.33896523050657706,0.3897760983509318,0.06018552765879368,0.042945393421426906,0.045550271939675674,0.0640269110062652,0.1469732478148333,0.1600554317349151,0.22615714072087367,0.0,0.1099477579155619
U_4868,0.999999999,0.7317855168323789,0.9403450283466439,0.0,0.06423791486713992,0.8603938605419057,0.03172623961547309,0.18428652206698926,0.03152843079661614,0.09983314849867124,0.05498318082200824,0.05810635633681806,0.3102788938539584,0.3866329760628753,0.9331764287146421,0.014178738019176547,0.39051062807521886
U_4869,0.016474525877086435,0.5363704933366754,0.38864711194359813,0.12303499789488212,0.32752462032500734,0.27463187229723507,0.08146720172786931,0.25347620908174606,0.3274610018950217,0.8855259946816986,0.6744589794614972,0.9633585983938449,0.3785233113448608,0.531657812801866,0.0,0.9999999989605391,0.4717030477918775
U_4870,0.27046236272524515,0.2616483444548766,0.32610837103303253,0.0,0.02705829496928753,0.22391448316763524,0.40178390128962943,0.108572718663725,0.00011355977690479816,0.021074488278351858,0.01697973776750122,0.01537075933641404,0.12771585681446154,0.999999999,0.8348118441802568,0.006514378315646709,0.1499725534441112
U_4871,0.12705120254694124,0.14804113486192105,0.6346869638796322,0.0,0.20213221276039264,0.058409503502978,0.48606574161917643,0.11509974079835016,0.999999999,0.24100820759337246,0.026263846062061735,0.633784458080231,0.14978482062167187,0.13559770750511818,0.04392634130723679,0.14353045492230315,0.1068875669950449
U_4872,0.9939705793668269,0.7817861236945842,0.849559098654871,0.0,0.044779906556585244,0.999999998970622,0.037767093153983605,0.20805894031676617,0.030075673182548827,0.0904460277178747,0.029781675628844595,0.05531241158908531,0.2888646189306852,0.42179654934404415,0.8457559333485867,0.04158727749045603,0.34067894068308113
U_4873,0.219155952779786,0.30427340514107126,0.3646383872750462,0.0,0.014552908627844412,0.2759393057341847,0.04849788223344743,0.09580696974329238,0.03554149072516231,0.007499828730944924,0.06790293461195161,0.015164528005325023,0.150536233699182,0.17238338455813393,0.08576618164669973,0.6273562691040262,0.999999999
U_4874,0.2985526228204876,0.8220404737803094,0.18418812846493401,0.002519676711449571,0.0199446197037264,0.9635298227509792,0.02667900389733683,0.14130667244519432,0.02592567922194598,0.04925008330868251,0.032640982906816204,0.021092659540798198,0.13568087207235147,0.15379836215572024,0.2557627388503848,0.0,0.999999999
U_4875,0.25310741891059957,0.9999999989999999,0.27285144295642305,0.010170289529054875,0.0,0.11323749322078638,0.034304902720626466,0.05939438265249357,0.33956523682795875,0.039217447445486955,0.005787395069042104,0.03749348178146894,0.10167039320002041,0.13531490298578666,0.18540778278809267,0.3440514237287007,0.09716797673087887
U_4876,0.0,0.004068073111706344,0.031806230587158923,0.053377693093051584,0.28880201981553366,0.009949874294271268,0.4131514356490621,0.08002815932312944,0.21172324665806366,0.0014569970557761595,0.014482893956235254,0.06094718463108774,0.0018156467871361128,0.06820243563984883,0.006813369176762872,0.9999999989979688,0.08466722073999652
U_4877,0.0,0.04327464581411744,0.11584247170962242,0.12663395534771796,0.24786919455692555,0.11251954439599654,0.20388846690468412,0.19967042207328345,0.06893366308486606,0.226525225368337,0.25067440887807757,0.23781727916321618,0.10231446510730657,0.2081719006287424,0.03308196593244031,0.999999999,0.32557783183583805
U_4878,0.029123245689804064,0.045302616322571,0.06150566588051113,0.07716976863541115,0.1365192197297929,0.627045870993386,0.058328865072504295,0.1194134854989023,0.0,0.029494439329659013,0.03030006694807793,0.599700514962537,0.061933436414632066,0.10738026070579218,0.08769562318574245,0.717105600739992,0.999999999
U_4879,0.45086575998794454,0.3441424846798881,0.999999999,0.0041444305564022595,0.0,0.12910307321876338,0.007607952156070295,0.11760597156602293,0.0077543153865728565,0.03849962674397254,0.03391717197463372,0.017949673062590675,0.1321925702274808,0.29128834852543584,0.3760656404281958,0.0018574845623984266,0.12408466055648767
U_4880,0.0,0.027832454197204332,0.10824001307955666,0.06726691939591664,0.1485088742998363,0.2106812545018123,0.999999999,0.5766677309231173,0.5118562750219012,0.3015381617334743,0.2093522498727286,0.33888398079613674,0.09785902840102882,0.1731495858821315,0.026061229735102342,0.4728543516241432,0.13189408196251257
U_4881,0.02853473325164189,0.12939106584254834,0.17016599960615558,0.07367113552658679,0.10319349050308796,0.21926302126990715,0.20808569033208682,0.15215394451702963,0.3212093029583094,0.999999999,0.05774255894122303,0.044854441358642916,0.2503541727170872,0.14954689438021804,0.07031337082687462,0.0,0.13190742899166882
U_4882,0.3882550730667722,0.3543656366248681,0.3323965990620571,0.0005589750919145453,0.018001492877459075,0.1732638029078747,0.9999999989986065,0.08066721940975055,0.004355743254938454,0.015460988177725517,0.021755019294605462,0.04851594788603399,0.17622080358479672,0.17041927882110497,0.3210270256599804,0.0,0.12947357546658828
U_4883,0.16758261580115885,0.1524802512356056,0.46921257974788777,0.004070514703531011,0.0,0.3380209532940618,0.10077124167767955,0.04205548927254175,0.010992481139972442,0.07332995374188231,0.004706957030474633,0.507959834862516,0.06731623506491437,0.08631503809900577,0.05370249023110893,0.36879518448966286,0.999999999
U_4884,0.46082040595441903,0.7738878834883852,0.4729371021983257,0.0,0.609234625016631,0.48107862543095287,0.013826908276716973,0.09914321060075976,0.2865414339676577,0.999999999,0.07872968947424272,0.4537116344145523,0.22993933219477464,0.3590674691516395,0.36376748931194824,0.2755188701880466,0.35986908979889676
U_4885,0.18792801864892913,0.1338708903772005,0.6123751458495871,0.0337498630468524,0.020326649857797537,0.9999999989999999,0.1256363186533865,0.12561245712621927,0.031322540256525255,0.027377205023597348,0.038023283353603894,0.025396079943675025,0.13530475193463729,0.13966507344833284,0.07606808766676469,0.0,0.13158555971705452
U_4886,0.9999999989891795,0.7874218919064034,0.9036130181288872,0.0,0.10978508286376691,0.42249365714212483,0.04216345642348893,0.21907077110845669,0.06582310739262877,0.1639334716093858,0.07297547739759117,0.10452664957749108,0.40467549742739856,0.568933076367813,0.9862316642735295,0.031621098079484246,0.37357181403100437
U_4887,0.33067317832019877,0.33502894203430184,0.3317007371251602,0.0,0.047894202281895115,0.17291251843885586,0.08601537400610902,0.0816563092289698,0.07025353573102394,0.04233311779071882,0.019468400830541435,0.05657512429898859,0.18445411667727932,0.2763491335073568,0.140007104100759,0.8369869169281676,0.999999999
U_4888,0.0,0.02718462471763935,0.12235297179562259,0.08081587983850406,0.22398355404549652,0.0486986515034103,0.11881730633257366,0.999999999,0.6358339138788336,0.2910104837588754,0.25275407153936497,0.40014695429583474,0.10961619142359333,0.23351773534913295,0.08660717846769593,0.48970210192366376,0.24276947896540468
U_4889,0.3154392029820599,0.3156852881901888,0.2815552155343516,0.0,0.0004982299144830576,0.2395426936859016,0.9999999989990104,0.1448019081082989,0.002191203367206941,0.05207748804206227,0.03852502973280014,0.018152689228853946,0.13334177469369837,0.17932825000522273,0.3630386936887488,0.009682377683853825,0.16987233563674076
U_4890,0.28679698933021963,0.22787125294434796,0.37340326518495537,0.0697336330551453,0.07069321683592607,0.32981433522742126,0.09310862351194384,0.999999999,0.029242654423768655,0.048848670470552615,0.0706144893151345,0.027799045217862497,0.1413656656588182,0.19144321621294758,0.18733104682700594,0.0,0.8942818745211322
U_4891,0.0,0.07556262620790208,0.27313621619964146,0.001652234975180104,0.1639782031251551,0.9999999989987014,0.11461795717751466,0.2038519834403624,0.7670630470954317,0.4191798360015903,0.020719654289245767,0.5061284912317702,0.11500925253534862,0.09002828462826655,6.375997395147677e-05,0.06974879546093277,0.059041051279672754
U_4892,0.0027324527650915307,0.015520778152260188,0.11767549478515665,0.06057195132902841,0.11865288448698988,0.015658346050556087,0.0677452344263792,0.634979178753981,0.3989539126935241,0.09100206113831692,0.11579308769490178,0.999999999,0.03925761008197936,0.06926669481831697,0.0,0.27133456112273996,0.10810923863392038
U_4893,0.5487818543733736,0.3781163470357069,0.49949685221428225,0.0,0.009238917936423495,0.999999999,0.7004115493821054,0.14557971168674042,0.01804592659674576,0.4640076752410355,0.027948135150609957,0.0635583460111419,0.1879549801559444,0.2029464604754857,0.3616911205527392,0.42710880478452085,0.1451786276915829
U_4894,0.24966297012384464,0.19816030692997685,0.35993469072633594,0.04456797552718024,0.04676342364689621,0.7539282265511222,0.26511287300317415,0.09955077531930051,0.999999999,0.037979619614566036,0.0322151964380172,0.05337856488009932,0.1232908985025366,0.17567760959977044,0.11005748584139045,0.0,0.5626997488419728
U_4895,0.24198553983639476,0.20333198319700402,0.23406245246414067,0.007070840351980564,0.005509729281880875,0.999999999,0.04655178584923924,0.08762921722979553,0.021324471171767806,0.02313447550718023,0.021349741775005402,0.0317807250097598,0.11756116560936636,0.12643954111471103,0.10456392028564927,0.0,0.8247420429658137
U_4896,0.044133016943706194,0.08648016993160874,0.1839934724712014,0.08344927991768679,0.09161773421136574,0.20590498143929648,0.21334605043237573,0.1286525711013467,0.999999999,0.06712318327326859,0.06700991637850144,0.06534494684595639,0.12953533275359735,0.1573570477762609,0.08168800030013691,0.0,0.14641905040891512
U_4897,0.21620902029265657,0.19734034227366606,0.15338706542049765,0.0,0.34715885672127156,0.999999999,0.025732096889346422,0.10158201113134446,0.013780816181253116,0.03558298380376448,0.021909803810561384,0.029184627293791943,0.08256304614150375,0.14606209373319637,0.2327682761583251,0.3066638034215893,0.49329845075552475
U_4898,0.0,0.09412799837719486,0.6708494535529841,0.16388898324203566,0.18771671312992463,0.15543643714339284,0.07951862896006909,0.16523812691474615,0.9432699395305701,0.14827247790931328,0.17225797552219158,0.999999999,0.11321095352169129,0.17996383077745615,0.04734411763844669,0.6665951424079205,0.22725118414335127
U_4899,0.10213647634371072,0.13928974415771134,0.23055474676249513,0.02697701690809083,0.03270995872335875,0.999999999,0.08606506014127956,0.04338223739762509,0.579046744430859,0.010161111693942692,0.049779188527354135,0.0,0.09874680105412749,0.09696131459898014,0.04477444244339812,0.059011293337769534,0.5456169992311696
U_4900,0.18558133754528386,0.2758842344696839,0.27151766893771384,0.04528209934693486,0.027180059952133653,0.3117145838358059,0.1380532695182893,0.7979866920514803,0.08033117865183098,0.059453062909475975,0.12384288719357864,0.999999999,0.15479034792375174,0.2595862038512093,0.3103335906246722,0.0,0.15470455856940743
U_4901,0.2726705256779648,0.7921369277445258,0.3120674998037494,0.012503335077154364,0.010612793949534467,0.2581044481114298,0.31326692039121534,0.0865621565789983,0.7201333352109832,0.034197499266270824,0.014221105785900395,0.3743856740658074,0.11652446890410788,0.149864916468834,0.2859671074257257,0.0,0.999999999
U_4902,0.2622915786555714,0.7099547023075932,0.2864698893351441,0.0,0.3018897970650162,0.999999999,0.012676485439547969,0.07318228869152889,0.2038586469674392,0.022725464767863194,0.02268393101479315,0.35256892903068016,0.13195927148842,0.14044998287699037,0.34412712777558147,0.011786529379059973,0.08373190699416183
U_4903,0.27982499410834316,0.1647763527214039,0.31420106812052634,0.002271076601227778,0.032705310806821805,0.2654596845337317,0.34216102427593376,0.168732606368684,0.999999999,0.8267242509354301,0.0,0.05017732927850056,0.11326014391074755,0.22482543109396821,0.06198794302040497,0.017819023417115033,0.9525159247947373
U_4904,0.2302488764582933,0.24148535191231024,0.2683398675435773,0.004729356578495554,0.6499183340989676,0.999999999,0.3505655741170377,0.07998718710124735,0.6036661695808849,0.04406699801096023,0.026648128244642064,0.0271093848954026,0.11876452985664829,0.18219857371112022,0.09045426193020037,0.0,0.7369336106350495
U_4905,0.47225394926593267,0.5284557382289515,0.45804406400271475,0.0,0.020758131448501468,0.1894597636030805,0.033708537445462414,0.08817121915969442,0.05572617332587715,0.05866647250101368,0.05027676782132089,0.0569933974081681,0.20153218641318987,0.21541727496135432,0.4520398370922391,0.999999999,0.1833967329420053
U_4906,0.0,0.0612722714144402,0.23358154529818748,0.16546929821820885,0.3398738908549846,0.4386645740013459,0.1928276236470111,0.28602033022784185,0.1592201569235048,0.33355867543040635,0.3971173693723517,0.5637865722410585,0.2411879429783325,0.36450720505044115,0.05260850790697103,0.999999999,0.4654235464670146
U_4907,0.0,0.06314884900296884,0.08574932802397392,0.059076899172335835,0.1885518530736976,0.12840155930323469,0.07606282748930078,0.11384426083033214,0.002952568167209912,0.25241470662897403,0.25662998664551945,0.25792350558478494,0.11396085798185598,0.1311678158779819,0.03959447290676117,0.9999999989990705,0.16666742976094434
U_4908,0.0,0.016301785420048048,0.0622594732254717,0.0914659401742263,0.18288161542975673,0.24358273728898625,0.10829219395286957,0.1912657421076076,0.999999999,0.41818251483494334,0.2544944504508561,0.36951439898565297,0.1416487959838049,0.21440863614738603,0.056232153052382994,0.7117296865709097,0.22934557669365171
U_4909,0.2267614946211642,0.5017340122197789,0.28963359278521106,0.008494375625047903,0.008783889187571352,0.999999999,0.046872362825457675,0.3645096044789147,0.01191837571128819,0.029779594929312946,0.012845797378621264,0.8290834015436607,0.152016122029144,0.14677847783915648,0.2807397685233089,0.0,0.8484430508508265
U_4910,0.0,0.06627364755684095,0.03099911763573408,0.11993665055316606,0.18901687448842455,0.08693493382093855,0.08040656566953644,0.1112009737062844,0.08477847932228856,0.19141799688376943,0.2888256209196246,0.999999999,0.07010294502589498,0.14144873885264464,0.04099983732004104,0.35490563027837696,0.15842211635009174
U_4911,0.40723151432891314,0.35055416626780644,0.34164442717631177,0.03673042671009514,0.03867843491199261,0.7447569904001038,0.05699889436324614,0.12088364173583462,0.8164407402503143,0.40303524942354896,0.10014565730150844,0.06236193145284658,0.17259125777277173,0.1733957737725394,0.2995219495491765,0.0,0.999999999
U_4912,0.18661451940780116,0.9999999989999999,0.20990695924908512,0.0,0.009292458542237175,0.0974487736214694,0.021060235767204383,0.404548424009965,0.013200296654499805,0.031056473536243294,0.01337459910788878,0.3741988258889485,0.0984514281780916,0.12401495608033844,0.1835296758119891,0.13537918536137145,0.06985954648871967
U_4913,0.999999999,0.7141067125517379,0.7489934114515604,0.0,0.020858354997529603,0.45905277961119156,0.03712169964057372,0.16336212861202137,0.08394775030409193,0.0788065371838334,0.05029969726854979,0.10573115319814289,0.32445609809916615,0.3728908404099792,0.7891259895621067,0.06640118807608021,0.30468909871080335
U_4914,0.4557113897428706,0.3915634591086054,0.3969145637680638,0.0,0.06194777728797197,0.3154883593889916,0.07679427054123805,0.09285754845490089,0.001071703847413538,0.07259685195888423,0.037244870743871346,0.10294444885829555,0.2389466587229277,0.30132228159400865,0.4266027211003406,0.8959849707620967,0.999999999
U_4915,0.18797511722619734,0.9999999989997306,0.4699342190959772,0.08805586496224128,0.22963006206107178,0.9967586357638248,0.22537027040174332,0.3935047290412024,0.3250830011897528,0.13576186049516145,0.3269169816701178,0.08275314752360122,0.7280889429191532,0.5018522374502657,0.19814427515957944,0.0,0.587491989424557
U_4916,0.013835484619644456,0.04822535715905014,0.14737395330014222,0.07800115083426659,0.19650889757162648,0.999999999,0.05644379935350375,0.2603386535535347,0.0,0.06033264686898427,0.03525590986435264,0.02435139888406049,0.06046512349932204,0.20099030710928212,0.4276556524558785,0.547210754610987,0.2343867385091434
U_4917,0.0,0.03022016246305807,0.9873952712526529,0.05405197365728694,0.1478298336051645,0.13093370808450225,0.06689397094516569,0.11466026279494759,0.057654851199151584,0.13902490975411197,0.16954586917018796,0.6607614494706896,0.05552851385847697,0.12736860476489117,0.02089356502985518,0.999999999,0.11644654450738451
U_4918,0.20767514014497812,0.14627937970607058,0.22799462233357876,0.02955890076607584,0.026494643441379948,0.2509746702191222,0.13902995653574932,0.1083156366424341,0.5053762143189856,0.49966514016280794,0.020614533150123057,0.049808689985474414,0.10766741004337534,0.13115729390946174,0.07639587497086262,0.0,0.999999999
U_4919,0.3449997851465477,0.2746981381252471,0.30753630054587916,0.008640163551131648,0.006087447442266806,0.10577280557899923,0.0067931932410486865,0.0640373766210954,0.0,0.2871834343243556,0.01755764399313083,0.0026148450817199166,0.11203023080104764,0.999999999,0.7472610598608287,0.01886645179958686,0.2185476211027711
U_4920,0.0014203529495077445,0.30681547699000605,0.3912864722943158,0.04243430716743196,0.06370039397476931,0.22404294151571738,0.3979996506129355,0.08516788698449415,0.5744856803042506,0.0287807113239106,0.026944522098920252,0.0,0.2631585416043091,0.25188525134755235,0.04289762516887157,0.9999999989989866,0.16123741315713708
U_4921,0.2527058546842673,0.5030158627512068,0.5856267086020285,0.0,0.004814017564295608,0.1831059301990762,0.026023048378885052,0.12475747733115364,0.5614536004485924,0.04496944472056766,0.028075820340716682,0.03146488186820749,0.11659952529259658,0.1333215735794361,0.22273961231509004,0.00203951973655844,0.999999999
U_4922,0.4105028330739439,0.44921072417215596,0.37147399580814155,0.010106159625714043,0.0,0.3073242708573476,0.03973849827522107,0.09065698660636973,0.999999999,0.043320162101927115,0.032887400672941415,0.06961861505395747,0.21709473973634863,0.24447125278816131,0.37961022229532354,0.009687752329672731,0.173664843180262
U_4923,0.3338758541912857,0.32378062878791514,0.3491647018013201,0.0008809852799132451,0.0,0.1086011791333046,0.03930636905998484,0.07559626868172803,0.014840211725085315,0.061904073694062346,0.03213499509058128,0.999999999,0.24043046428749823,0.17933785034322222,0.27434145370346724,0.014008085368738814,0.1503163912211185
U_4924,0.0,0.02149527302436202,0.999999999,0.058813738569607484,0.14426734784912487,0.17414470807792734,0.07562901896983763,0.15558877331896775,0.08507108619860032,0.13886245583950302,0.16220254194720882,0.27074444975334805,0.11253215796360332,0.13884505317252469,0.041381992168170796,0.9287528721386995,0.1589351483162578
U_4925,0.34514453590172095,0.29795354011216096,0.999999999,0.0,0.01488545183371233,0.25333799566038456,0.021404627972031413,0.07173840170839627,0.017594330394486744,0.033515991528769835,0.037107080435804164,0.016841644950825296,0.12523434143658793,0.16028803537977837,0.4056943086344969,0.016270376657967003,0.14864503487503983
U_4926,0.3163874094386753,0.3767136156928975,0.1569073039543587,0.0,0.05895224964287186,0.26117986648866265,0.09023502773261662,0.15677823279918077,0.005004462150461675,0.05252523298314478,0.03448603331033265,0.08114961321974547,0.21859884578306837,0.3059159103192325,0.13416581097680413,0.9000803284722837,0.999999999
U_4927,0.23759444306172517,0.275488064750377,0.18089585407651582,0.0067311150791888735,0.0,0.8536561126914605,0.02305039310398204,0.141405243317511,0.9543730952530424,0.04274939077598974,0.02450615865027347,0.04401855484244476,0.12915997131405513,0.1362560088769541,0.11604661828302508,0.2236557297850485,0.999999999
U_4928,0.0,0.014542869151776857,0.15374177880920153,0.054565624527005495,0.20294374721581437,0.999999999,0.10470137760119444,0.21809435741159586,0.044338859895186426,0.20044029907442115,0.1805090982818592,0.17269355389729504,0.10260587025585552,0.13145713120158684,0.024424753716898225,0.5483632022581768,0.18508163847584969
U_4929,0.43574440338117876,0.3586266100581441,0.3249054973625254,0.0,0.003477333399343342,0.13978463215507533,0.010570049955088765,0.07982242751725385,0.999999999,0.025574125889325096,0.02967038871827432,0.04217881321888384,0.17660704049036882,0.20029406554669305,0.43065869097089576,0.01428626315433258,0.12607041009586184
U_4930,0.21518339233381742,0.18476999097486652,0.660114172584127,0.0013139545213757809,0.0028902921984138067,0.09453201915013976,0.006537501738117173,0.20664315519998622,0.2040418768847557,0.01742800586992847,0.012620785540562375,0.35009910394778376,0.0968100642063856,0.3450861823002892,0.999999999,0.0,0.09790792548598623
U_4931,0.0,0.022147700122977256,0.15847147699812308,0.06177755542611226,0.17312993374018865,0.999999999,0.1146959242268394,0.1499639968346685,0.09933332986792323,0.27256287479492886,0.23423747331003836,0.24858772970562767,0.16380500338930443,0.17432374693749123,0.04304138251071996,0.41592092919125684,0.1595117258555202
U_4932,0.2973309635690626,0.2512418317865264,0.2694278773825104,0.017666612590995258,0.0135980426904418,0.22318799501772893,0.023937899806226643,0.07908198811944336,0.016904283819230422,0.022344653272210486,0.023507463976989867,0.6672753350672667,0.1404605756466886,0.999999999,0.625713631616351,0.0,0.14504317448307327
U_4933,0.2296390482454809,0.3726143133488707,0.7942021495873527,0.17680832737539776,0.26371760744347356,0.9093207228015229,0.538020535697553,0.4651008548482382,0.999999999,0.2096301585789375,0.4486592059256136,0.153837852192522,0.6125905242254746,0.6372598997699113,0.09883358281505743,0.0,0.43664951813682024
U_4934,0.0,0.06956587759531419,0.08972735695525239,0.11460194860519411,0.17239890979039094,0.07091922854126777,0.11298103261605216,0.1596546133149616,0.05748904879484049,0.999999999,0.06557999009814046,0.023310847207193255,0.09690821320451898,0.1491608081611587,0.08003276383394718,0.5972861409241049,0.17230440527817503
U_4935,0.032773939277975526,0.206093371485558,0.22515752513411996,0.08993209731529192,0.09458082269636131,0.1583359632367619,0.3285739667903477,0.16770006730775625,0.14048989080709892,0.999999999,0.05736972596736356,0.05090727909189876,0.26339231602133634,0.1956940442998665,0.08150249310158665,0.0,0.17296157213475274
U_4936,0.6023369616354189,0.47946487133698107,0.5829663004210358,0.0,0.02377664442111891,0.9143471373551111,0.48185952897280454,0.141742775562355,0.999999999,0.05107836507634156,0.008988740179416031,0.6037536754644423,0.18092340985305028,0.2634511792222172,0.38907469031806236,0.8860501785461804,0.23383024712274064
U_4937,0.3447301662937812,0.2989177588098483,0.9999999989999999,0.01211671697256352,0.012610151198434904,0.10621664728592668,0.015568662843045445,0.07753484148394725,0.006439268172293185,0.03903374567311591,0.05519565706362115,0.022520512873230918,0.11469699313788198,0.16053464743538992,0.23420110442190992,0.0,0.09943171013969015
U_4938,0.3806977721978306,0.26618889154533126,0.43032168067594206,0.03795981172050192,0.0,0.3072841548044897,0.3243410815492057,0.09790583326715765,0.05422710558022628,0.02966530910438622,0.0038866874970953304,0.035402893761219,0.09273728878876643,0.20488226021048503,0.15372454985223943,0.999999999,0.21704815981038506
U_4939,0.2717609933855715,0.2648050982671005,0.29419420478005864,0.024424687847198395,0.037794574010549524,0.21172655416614844,0.07730414636828202,0.08285478944678702,0.05755531565253816,0.045320122454053535,0.02517202788487465,0.6651939894595187,0.151180187875491,0.1671092635531684,0.2539227542971057,0.0,0.999999999
U_4940,0.28376798150101523,0.24448754169803383,0.9999999989996893,0.0,0.0016806341122268466,0.19694084784820892,0.019179288406453394,0.13900121028878423,0.02264370751577596,0.046037142678256295,0.019446644576638156,0.037854591091050924,0.14404090987924675,0.1681924372405175,0.2153802050424412,0.0049950748789023185,0.8520947742441422
U_4941,0.06387471614769841,0.9999999989999999,0.0940055753944706,0.07350598668291397,0.11097809854773119,0.2385368910084625,0.1294040962498265,0.10979665980145795,0.09544523378825262,0.06737726853335951,0.07163056576680961,0.042816671880407685,0.21777682508402013,0.17424488463499233,0.05345532380798908,0.0,0.16819709949178815
U_4942,0.14312698465695067,0.7388048959318342,0.2526517337798452,0.0,0.03880170114586403,0.2553664837738086,0.06473952838710643,0.08767696170670052,0.999999999,0.06313099498367743,0.039057923800923516,0.5956343208144306,0.09807613979692574,0.14800100643900796,0.07688890321731999,0.34443759519351447,0.13886270816420918
U_4943,0.24474523515248986,0.9258591647647666,0.999999999,0.0281374382201608,0.027701453783475914,0.25276067428622967,0.1333373281085458,0.11912496741506247,0.013821332652550252,0.020427223250721317,0.02168310903419799,0.3626415076666976,0.10524482635946752,0.15272693156750455,0.10391644252682417,0.0,0.4518369758355019
U_4944,0.3756518803268552,0.29408690220637973,0.30803463126881986,0.018914605515545985,0.022335399560955344,0.13825641809285805,0.025173646044781256,0.08393802785973765,0.5046154024785974,0.031138574213646138,0.037965578062733235,0.05638161474213714,0.17172667132561528,0.999999999,0.6880865250959506,0.0,0.13892989574078424
U_4945,0.2929270460131295,0.23581769814856235,0.999999999,0.0,0.354820166743171,0.8081456896562345,0.03991909103992288,0.06859639453260796,0.025320883829104454,0.04347484868659349,0.02758978687281933,0.4052685662108963,0.11414630496949574,0.15080151275580395,0.2127079848696893,0.010715522630532331,0.06121165521199116
U_4946,0.051146431806284386,0.1730152780983622,0.999999999,0.05603249399231859,0.0641871227702007,0.19674469903817665,0.1549144223371035,0.12437469703631003,0.24578327034622927,0.03389547496087053,0.060395500282060095,0.5509479988319752,0.16191009979372922,0.17550391778435764,0.04323307713142303,0.0,0.13387009772412078
U_4947,0.024967660310461784,0.01792973867725651,0.999999999,0.06745341260272725,0.09014889165737822,0.672575151518103,0.06626669341119784,0.08293912359027104,0.20856769111943088,0.2656475674217825,0.2377831046240427,0.4073391136719946,0.016340209317440978,0.07017002407143898,0.0,0.6642448645890426,0.12021492613069176
U_4948,0.2298834557901996,0.15967012830931954,0.25170282561441476,0.0,0.6367871712484532,0.26550076375148796,0.06983287708209777,0.06126878595354658,0.999999999,0.02794314199197163,0.02268187682015603,0.5608336889574794,0.10774069752303385,0.09801455116221879,0.033698105261041875,0.24985323533370507,0.085806777350453
U_4949,0.4335585814822657,0.30090291029220834,0.9999999989993257,0.017866829986051467,0.0,0.13002892165004118,0.029321251449922495,0.07472918350594951,0.8197577284337958,0.03514574882580149,0.02592351736260353,0.016713714002821112,0.11915612083064869,0.19923346505788703,0.791576037466051,0.0005537864752164479,0.11856956045722868
U_4950,0.26090739500416354,0.999999999,0.3182434628296701,0.020504141454488676,0.022115037242185782,0.23018817988668325,0.05270039084171363,0.0939726750888695,0.028881949585163852,0.043046030613468594,0.03965288804576565,0.03163090624928835,0.16239388205789343,0.1741491910650762,0.27314939932570287,0.0,0.7439244910223669
U_4951,0.3255182394596329,0.24113545891100713,0.2996060166722361,0.0,0.02285974092014653,0.8406104465862027,0.03257303020903759,0.08736089883058959,0.5524118141972291,0.04780769890876936,0.02289882073897183,0.7385017272941788,0.11619612055944052,0.1567951248830685,0.39386773576387385,0.004390660394827172,0.999999999
U_4952,0.10824738606670538,0.9046296727175769,0.9999999989996128,0.0020584849131366177,0.24849820583643648,0.1313576573487318,0.1753754914126082,0.1426154043389713,0.0,0.05946396705833091,0.04647587689061669,0.8924938795193992,0.16499765182765935,0.14625620839815395,0.033539535692013116,0.20440225866904224,0.10224116448204523
U_4953,0.03056790523627345,0.7763842319897536,0.24313883662453104,0.0,0.6034106677226404,0.6698786622102788,0.4650979662959619,0.1572693308483268,0.2637311310895261,0.999999999,0.05023439480981868,0.787087526141326,0.21233668183157853,0.18982946509390045,0.06208018530246176,0.4992395455475182,0.11138099197377314
U_4954,0.25874406196658006,0.2284442061894212,0.19067487628369453,0.0031462989737515755,0.16971625928549133,0.6725097675709227,0.026431518094232866,0.1230654645814206,0.999999999,0.30980085404540275,0.04651528078320618,0.2757502031681514,0.1291107781468817,0.14979271938313002,0.07635118465223882,0.0,0.11330511152241515
U_4955,0.0,0.015978076044022117,0.14160530937244192,0.06232963119270897,0.11293821188266341,0.11032381394792326,0.10293900378418616,0.40474242172106834,0.363820169964623,0.21990710994108978,0.1713606150472276,0.999999999,0.05986510209279119,0.12568456223377494,0.028341291763171586,0.25626269490038117,0.14652697677020549
U_4956,0.1653779287116963,0.4294673006703679,0.14296636706479682,0.0,0.647019141544035,0.34024343212890534,0.1468955087192659,0.22002440803967735,0.9088581611323413,0.031158343067145433,0.12949780212246034,0.9335017025782066,0.23380690676757349,0.2651576374779197,0.06373527985285259,0.999999999,0.25587921111205514
U_4957,0.16634201137317198,0.9999999989982248,0.6409799761140312,0.05114356488481366,0.19865313456657943,0.8329560274455335,0.22872408919947235,0.39402558704866,0.964981814500674,0.10527897259668036,0.11795876717700354,0.08706304857076956,0.6925416012595849,0.4795432066769123,0.1613942777170848,0.0,0.5152851358066886
U_4958,0.4017356733958324,0.48064334737485787,0.3211283072101969,0.00544019192036311,0.015749258003303863,0.23645867110810884,0.017417168311230958,0.10834698747622853,0.014687878791423263,0.999999999,0.031124587322923277,0.03089235823277085,0.1504770844986391,0.2066359833816584,0.4683913245505811,0.0,0.13698771599130444
U_4959,0.21893948240059072,0.11632879309749043,0.999999999,0.05434702153264101,0.05873027941523796,0.32154174802529983,0.13723215477029335,0.4721409332643149,0.09059265134809215,0.8505452882715965,0.08288377214917655,0.09705794586805683,0.16836910414975115,0.21259765991316432,0.09438755577170042,0.0,0.19150185460147803
U_4960,0.17820302790841502,0.22404443520743916,0.2340106097946873,0.00315319959413841,0.014884956466728664,0.22572760658777868,0.06166135111221076,0.32121186216468045,0.999999999,0.04913821491728491,0.10193258435067262,0.04066558813691547,0.16977959944375215,0.17113301619682744,0.11893325452957355,0.0,0.12594592599902538
U_4961,0.40209522224740996,0.3179533839380662,0.361647348437384,0.018370387617134498,0.003240193379522734,0.11603979471311898,0.006145802584158312,0.06717656877700647,0.0018568130144917523,0.007932405658651557,0.019868696796933892,0.5303454656187815,0.1360448506784278,0.999999999,0.9047317373255477,0.0,0.23943055473492192
U_4962,0.26004439768754417,0.9999999989999999,0.2668393873342841,0.010433859183017464,0.007580557187206591,0.24796456860384822,0.026481975128804163,0.09227986945018607,0.024792510745332327,0.04666311742500305,0.0387978684341746,0.03909316500506687,0.14187824194426854,0.19321044620786618,0.22483996647955587,0.0,0.14505516531115709
U_4963,0.0,0.021643263158129068,0.10288512172028884,0.07552672189224806,0.15330618544304192,0.15911310653981361,0.13483493362695553,0.16561088635193405,0.999999999,0.18135191766584982,0.2012883620045197,0.24097440774023984,0.10065705290541695,0.18872887690409182,0.052067770636664346,0.4160118251807712,0.2077868311788391
U_4964,0.3819524115653264,0.2827208624296611,0.35593175889825696,0.007247889173248554,0.6488892935605298,0.999999999,0.05055708131213984,0.10039320746509917,0.04902728652500372,0.687969503201737,0.03565403506310601,0.060319285529204666,0.11724663567756678,0.179798757325754,0.3114842698027332,0.0,0.1499061745672898
U_4965,0.9508660400812602,0.724355456366217,0.9187315040345396,0.15228865787657317,0.11649603719865369,0.999999999,0.37011634896575674,0.36764604420705577,0.0662465577516324,0.1183617829763209,0.06411259651060064,0.09789194948911557,0.5119529060540203,0.5529905403215151,0.43575475733057406,0.0,0.486695631413917
U_4966,0.2507553929195196,0.2013057089745518,0.5972608530335338,0.007425467647342455,0.16323855579661287,0.08210660702211153,0.27100737848298706,0.05783556823853299,0.0,0.1441089368086783,0.02034678380684142,0.012505053844122717,0.0691125761857979,0.105073275041777,0.9999999989999999,0.2475639189926676,0.07141870413597062
U_4967,0.4358861289943858,0.32354264633247365,0.3220505431311714,0.05296536295997042,0.036138762010350614,0.35538704827938367,0.999999999,0.08378942318457694,0.02677773785794878,0.07301643542764401,0.0364966989831843,0.05588708796881153,0.19803427812205804,0.17223659104528755,0.3573765555395606,0.0,0.15247812737981278
U_4968,0.4406229201224104,0.37619294686467886,0.4006971917698594,0.0,0.025715806676626395,0.16769195693255015,0.9999999989996128,0.10567674060355244,0.0033668032794437757,0.023237844143960323,0.03012994146044563,0.0019551237443162857,0.1243192955040274,0.19613016871341005,0.4767862106382458,0.00361898470372307,0.11331905598827621
U_4969,0.001953864636841898,0.07578928762210178,0.27635779437331737,0.03933090237674361,0.0,0.6026823303471205,0.5408877861935695,0.16125289211052984,0.9999999989999825,0.3626840003435358,0.05719652369841255,0.888743604196028,0.1963896761383991,0.1912430682279235,0.05521527253016785,0.17927611168637803,0.12830672671222365
U_4970,0.19435245619974903,0.20449652040106214,0.2172491474177767,0.02829485959022265,0.270389449102138,0.9999999989999999,0.0591633718939432,0.09835741841663805,0.022309577638128172,0.032991437945079354,0.02561817932491212,0.2790601210694663,0.12467287095958188,0.12208600472609749,0.1451718880001882,0.0,0.10341615740292455
U_4971,0.17670455241955743,0.30928801983789916,0.26168579780922196,0.004107786285115838,0.06479656607222811,0.8411816431981207,0.037942777477576954,0.08439002716721368,0.999999999,0.06736115975800563,0.12399158418606213,0.03983512134833181,0.20390327898276525,0.1579422449216787,0.08749795314814146,0.0,0.1307480117987859
U_4972,0.0,0.010011605255991611,0.07102464542184563,0.0537742298348402,0.11298053477295704,0.999999999,0.7308200118777547,0.12269257994001224,0.06976036553376912,0.10524298192533883,0.14566750368749495,0.24202555237304224,0.13209117907028484,0.16421930310758145,0.016734153943209457,0.24196880247819605,0.10602533113336308
U_4973,0.0,0.04163816620950769,0.05800976656627811,0.08468636474066826,0.16009549311151405,0.11515773654162503,0.5727227076848564,0.12224933750562207,0.06545832251684641,0.1369744123158461,0.1637853722929447,0.18010038463193562,0.10255009693210759,0.12627862492312739,0.05637410148268001,0.9999999989999999,0.15664951399751534
U_4974,0.2978740100387806,0.2862129818741355,0.3122304575251439,0.010440825819986238,0.04845501981242648,0.27569988170391235,0.05352370998587278,0.09480907404836074,0.999999999,0.05501524570677,0.031800468058751426,0.03181512934470457,0.16159678286982676,0.18026262889442443,0.11177822027629138,0.0,0.16786727796995657
U_4975,0.4553293262063158,0.999999999,0.3332348899233666,0.0036387327656085965,0.013621478851677879,0.1440770662498801,0.022915074553616233,0.08675342504516506,0.0,0.04124979573106267,0.019367315776901952,0.015410059390347002,0.17730942983948839,0.23575009118005186,0.811341887938903,0.7447054190300978,0.12052093940922742
U_4976,0.44607704654199687,0.38234060211235593,0.34734436741765345,0.004522123450765596,0.019411712567109597,0.1524754630683458,0.028722017687656896,0.07216992986802886,0.999999999,0.0,0.06479418368396699,0.058960921591297455,0.23943613280390544,0.17542657283563612,0.3578619397784989,0.006533851475707769,0.09258352596398113
U_4977,0.2260671906593996,0.21856137285041294,0.22128478376164598,0.004818366388506127,0.014481595915214395,0.12767327628050687,0.3203382006669635,0.05855808223047288,0.0,0.16657757745644405,0.010708942625152394,0.022813407880542824,0.08437257973092771,0.999999999,0.5832299344122263,0.010989876937405605,0.11547695200472076
U_4978,0.35931440476128446,0.3737052663691074,0.37663550332352524,0.0,0.02122852450034488,0.3095629566025258,0.04667846634816625,0.08454357505301105,0.999999999,0.04541593952761228,0.044252074615325904,0.05619266817427108,0.24607166670600106,0.21751243006097737,0.3795378206918131,0.019711408753218394,0.10462624617972832
U_4979,0.03980636937172797,0.1453819995570421,0.7361040503109713,0.06412337790530273,0.3826140031362798,0.09479468865297873,0.13066153587327511,0.08462306041864101,0.999999999,0.1015342098127729,0.06187833906863768,0.694127444432247,0.15265099763242818,0.17474894557298154,0.05587593359844294,0.0,0.11748706706481168
U_4980,0.16269701109948925,0.9999999989999999,0.22209969139795227,0.0,0.0021238975801139677,0.1678919327213312,0.1311742701771568,0.06908073786562591,0.1728883189067732,0.03819795147655341,0.031948523115564356,0.02296760756916833,0.12997015216727711,0.15676082809303896,0.04212359339644926,0.1815093577631201,0.15442782903881622
U_4981,0.27386641619950425,0.999999999,0.21313966800754908,0.005896041031100644,0.01740511885262892,0.21027309831303623,0.03338952975928426,0.05437807524112404,0.027601886037151135,0.02059552346022692,0.019718009635727087,0.029715136550161857,0.13804431447633406,0.14495832783120488,0.29321002304862215,0.0,0.12490654518208562
U_4982,0.0,0.019472148022903993,0.17743240863203427,0.08066787237472839,0.15820984683728767,0.999999999,0.1348498985367817,0.17652513062834227,0.8846958477353422,0.29918419353534903,0.25193850602848766,0.34297148381202963,0.1553931768060814,0.19106425400214758,0.054336038813824594,0.42603301423274054,0.17267503712458826
U_4983,0.0646810153963849,0.08627058622574917,0.20249234110592362,0.03847316285314659,0.07019381025764128,0.999999999,0.7441041899442246,0.1428831163621491,0.3498108934184776,0.030656437766209278,0.07364034048436141,0.8958155247085375,0.17305940692236946,0.15660310686583037,0.05957226009846971,0.0,0.12499375906098562
U_4984,0.27680218064555856,0.2345547841296845,0.2504387372296851,0.0,0.0022441679726420234,0.1232239398571974,0.2564148492783957,0.07782717783637168,0.01731144716404674,0.046634536916828555,0.02532367579919565,0.9999999989999999,0.12407231992575433,0.14693662156329468,0.23659473405602843,0.003897235126438212,0.09679226189057426
U_4985,0.10835696540351658,0.22261194233045414,0.22714535427612995,0.01470733589466126,0.6758162761672835,0.999999999,0.06069569908047107,0.07670917905796452,0.9748641486000666,0.021276454476631606,0.02764886576200351,0.030827285343271945,0.13162492787774324,0.12137927627609196,0.05620132201598823,0.0,0.10522647286949054
U_4986,0.2612805812356831,0.4948533635742852,0.999999999,0.04427757562810624,0.022079754369475228,0.20524180652458915,0.035194273940768434,0.07852555878605444,0.2623883801023795,0.16079545021833427,0.02699229251837023,0.04533594486868592,0.10987910045069892,0.9235035022937378,0.7364051662997515,0.0,0.10364981088125869
U_4987,0.33372125832129534,0.7686702253425288,0.34422208804651655,0.0,0.018192948963092686,0.27713263029123625,0.11800109626375052,0.07879202233600989,0.9040282891291117,0.04665095760064457,0.03525051299055725,0.999999999,0.11877571495686473,0.16958970403663126,0.34255400462347513,0.3950866291971478,0.1313986714346514
U_4988,0.23018289634295008,0.999999999,0.2974776738363102,0.056581943928782776,0.04338083713703934,0.28191064762593876,0.06719410430448507,0.10653866308167957,0.02277461306612093,0.039921133747455144,0.08786316107144192,0.0378086528805395,0.16951335800122014,0.17899924505427353,0.12382103381974692,0.0,0.7978034944643267
U_4989,0.37052018540077175,0.3051114849915043,0.31770362434013016,0.0064804259887466294,0.03539886840915015,0.11898362135032485,0.017501720146367753,0.08522041739876861,0.002744933992148649,0.4351710360696685,0.03119690175780515,0.011358486643694857,0.11337384498469256,0.999999999,0.866615600613129,0.0,0.1676182034027007
U_4990,0.0,0.027168832235330346,0.05366001605879102,0.0776197860432109,0.15970137471516113,0.12066918122475334,0.13648340726388486,0.12346983209699416,0.11067430651157238,0.2160372555838499,0.20048974342218331,0.24036633236775629,0.08812734193576888,0.12065494778811983,0.03278131648611888,0.999999999,0.15634120845049698
U_4991,0.24895634510136522,0.14800397103602717,0.24400902813604108,0.05632617462785601,0.037640440902501716,0.15475908696053653,0.4050971956517802,0.09996843644727131,0.05755168354537672,0.39030467873532415,0.034893536967829854,0.29993456818799963,0.1121489147045788,0.1449527529826315,0.09315765371143822,0.0,0.999999999
U_4992,0.2845478769614736,0.2596940211903292,0.2957327889116219,0.02645923329950744,0.03878332718867332,0.999999999,0.07113103092948152,0.08932069811444536,0.08922262630689895,0.03817757805254533,0.03705860881790248,0.04672968138464919,0.12704308231721123,0.18176492048635004,0.094860528315352,0.0,0.5724631383596188
U_4993,0.3447915894607366,0.374801323584646,0.4269473904496065,0.005657068457189234,0.044195863397141016,0.20505187809881711,0.027351266478534853,0.999999999,0.005021503122519965,0.026709306690462235,0.011216392557212986,0.03536543884740791,0.14442357568429842,0.16481530614242204,0.344722438513015,0.0,0.889796399073925
U_4994,0.2985689362156875,0.33197212770632134,0.3237487240216809,0.0,0.020303571546422792,0.34622976810699785,0.6195889809334073,0.11011306891810509,0.05052417636612204,0.026282315241977723,0.03943234347688243,0.014446685995412255,0.24017100396684007,0.20427103008018907,0.11206750991851379,0.999999999,0.18944411737103767
U_4995,0.14103861543344431,0.4398930395099094,0.33598500907867035,0.057340418910287516,0.010385361538102876,0.3382343857817929,0.10104274339749296,0.20743384732054856,0.08126428157801206,0.009993371663493247,0.0,0.7427823970654999,0.1765435098716784,0.2535687213817696,0.10602237229050623,0.999999999,0.17045777398536366
U_4996,0.0,0.02267744312406965,0.05241955017798689,0.05969702010658213,0.13456385951325198,0.999999999,0.4050303507702012,0.31232731003791786,0.8892812960464731,0.23054520572210044,0.1836864962201898,0.645235180626214,0.06785272169401185,0.11922820365969379,0.002531174987113856,0.7809116426967595,0.13900889087309048
U_4997,0.5057747998388631,0.317572337010507,0.3821658511383773,0.0,0.0013192453573126837,0.999999999,0.03860095190928896,0.08960076191525886,0.052259978699519205,0.06350587872960187,0.0265340626078437,0.03275755013157508,0.16332419107190507,0.1984527104388432,0.42367595942062036,0.05683039125825497,0.202437271238516
U_4998,0.0,0.0202741824842237,0.43022915111054844,0.057887376136134816,0.2975470166643787,0.511499397304471,0.06432128282052099,0.7158566251625205,0.038446605199979444,0.21847978267258544,0.1352784390476494,0.999999999,0.10474960087295458,0.12922923996041186,0.03980513997393855,0.26202040291142664,0.09940065490939828
U_4999,0.014756342390542429,0.036714363469801815,0.5061960366684317,0.06028373893983633,0.31257346409082426,0.18328215440321893,0.12464239646977675,0.2999321850201613,0.21874668716627108,0.5692069456019313,0.42899690802806406,0.42033070574745673,0.11677714534896352,0.3526432128516085,0.0,0.9999999989918944,0.4112039074626106
U_5000,0.0,0.06188590214221184,0.06020560917191937,0.10439634933677383,0.18230975470707886,0.999999999,0.07916013933930323,0.18109736915958205,0.02967181454250538,0.0459275401650576,0.10400665626578806,0.8268882769991928,0.09425744919559696,0.2960731179895507,0.0658888343048609,0.5697961340273697,0.18611943801744138
