user_id,M_001,M_002,M_003,M_004,M_005,M_006,M_007,M_008,M_009,M_010,M_011,M_012,M_013,M_014,M_015,M_016,M_017
U_4001,0.08011705392802303,0.09384790442883068,0.09026811110755702,0.12513875863950566,0.15431337447048668,0.09634650833744202,0.10685670116733668,0.15641630875578982,0.06231073977953324,0.0783588388956683,0.07511941879912884,0.059127613382914536,0.08350408527780515,0.14220352897155156,0.3773560880373231,0.9695942273001955,0.1818153493468874
U_4002,0.07669153487579052,0.1706501602710802,0.16440751272706144,0.09388284331817853,0.1044165786281483,0.17741504071616732,0.18508914768186402,0.15631513086743976,0.17855951514153431,0.1137105329302991,0.12319591491893012,0.8634530575514797,0.17679336624052244,0.17747528233447124,0.062079468533886045,0.022384330060857716,0.13640360234406546
U_4003,0.0290589045440118,0.0745113980924223,0.11505879901780378,0.10070456466817428,0.2001034571640516,0.16425399916973357,0.1515599249989506,0.15327361001492093,0.12518885325029783,0.2325975052361274,0.226778236795708,0.8620393224142475,0.1508839157638694,0.19226690591561957,0.07024089735134376,0.34387589149088105,0.18658001752809036
U_4004,0.12554018721882562,0.22136114710766852,0.25289822609986645,0.0790018541154843,0.10847792266966727,0.9167732745303017,0.14620859838795336,0.14394201719830463,0.14939996672068728,0.4429521364903722,0.09678566936979555,0.08925988724960982,0.18730873778798812,0.16972299999200588,0.09514553619430605,0.054460576993869275,0.20451950019073534
U_4005,0.07581257204633118,0.13290658168476965,0.19928116206072596,0.10500225538248405,0.14547712338981678,0.2110595566896092,0.16228353470493884,0.17950529215654154,0.25065996254960754,0.7904443384946784,0.09805867027598196,0.6087679261336151,0.19001451660165314,0.19974991920394747,0.11484140594047411,0.04264532182646659,0.15956824103207556
U_4006,0.23485402314927667,0.17720823437414096,0.23485713592985152,0.016625461070617988,0.022472601738626957,0.6389929543603488,0.19506473898229487,0.21482644864926143,0.6275681048662269,0.05061265310240489,0.0394789009218732,0.7269486686230006,0.13983377608653413,0.13498134633027684,0.35854942221173103,0.02441308414596815,0.11654013188421673
U_4007,0.2722803936765168,0.2499015980277286,0.25493538873653443,0.053439230502318184,0.044627884750102695,0.22220357351755354,0.3008817357014629,0.09771320727839669,0.26270125900835395,0.0879816133653602,0.04915002218495504,0.05443438516505088,0.13188336854604624,0.8232657719231825,0.3185387853624743,0.03199342244128548,0.12366201762850848
U_4008,0.27542740521501796,0.19545317363671555,0.20259663205091571,0.028878681302511013,0.017354456727148953,0.481899815870941,0.027726933356754586,0.08270169363405336,0.01837363923590245,0.047438734741840946,0.042683131830588666,0.2052643971337259,0.08964916128466396,0.7297566662484798,0.8756720983260707,0.024611784178119392,0.10928391293499219
U_4009,0.21371537038235777,0.23174955504129227,0.21632353093656628,0.030945847870590126,0.27776612810104023,0.41952006766970085,0.0740530732846226,0.10927730430629541,0.05732525124357195,0.053917447962938556,0.053962882420608524,0.7197585734831844,0.13158993274702607,0.15682701361102866,0.25822566488167675,0.03969346129435401,0.420412051646863
U_4010,0.026649461410638633,0.06058871732826302,0.07172508469489755,0.10351333886992564,0.1763118899757513,0.5757810231475484,0.12747367541889365,0.14876934540447423,0.12089714288574593,0.18554271261148772,0.18100613963572848,0.16520531971931612,0.11294344912503937,0.1772361202371873,0.04230863186638098,0.8582238842492844,0.1721735940602872
U_4011,0.18784041819021227,0.27259627441860235,0.5398557634297969,0.01517133675780272,0.019760470673610142,0.24654552290290938,0.019667531696681697,0.24648681458424127,0.49816668014163945,0.06113810924097848,0.036120557637357845,0.1225929307301773,0.105774660094875,0.1347283695024743,0.28260931197062045,0.13339560337046352,0.10243878797035774
U_4012,0.24729494445552266,0.21263111345916677,0.7284940350848202,0.04632623280079441,0.1620202228109998,0.5631014637875325,0.053106792133109974,0.0982108233876527,0.024619935391475015,0.07019786871321286,0.05336871076124326,0.29457920797295856,0.11083835866365702,0.706593783922049,0.46465573795227877,0.022825461884295323,0.10362162330554352
U_4013,0.3667721876363636,0.36271399850994895,0.32315099867237784,0.03626293620248939,0.060143702269681854,0.19485093389352476,0.08012848107475326,0.10552889754827295,0.06547605960274182,0.06013154007966665,0.05670430216184294,0.07006660632708026,0.16966265841126865,0.20020731877986556,0.3420604847117392,0.04618476146549823,0.6613188573649903
U_4014,0.2057563163302164,0.18278595597162364,0.9752406464326671,0.04718323242919703,0.1786945631251218,0.22556935281733437,0.48232410184771163,0.11942428090435891,0.06668302038859365,0.05020779130464225,0.07343380124244453,0.06106728533515156,0.15816020718196788,0.12991571749833272,0.09771136967269253,0.01703286785328568,0.12392154688163398
U_4015,0.038537585130472285,0.05400837623761811,0.18603312023809987,0.0948552434466213,0.17626888840080912,0.19455102226229362,0.135998184695118,0.1673585823629995,0.5415642029095714,0.19389420060384513,0.19890987176490488,0.21159611195156106,0.13959437552245296,0.14287204729524075,0.07524372159646905,0.40038648412680644,0.1943589541422543
U_4016,0.24645536477362595,0.25028828464371244,0.2654728808898732,0.03755207145789137,0.0480293771134299,0.2792533302894337,0.06241892245938743,0.12217317037093944,0.05029472035888526,0.5505863541112421,0.05967614187463831,0.5721621278546226,0.12845946827656357,0.15071341634276958,0.23628735515858382,0.028386674534578566,0.5194674662101393
U_4017,0.3688275620077152,0.2900544250402052,0.2885364922417515,0.04595160322535777,0.0435832926756579,0.8911548093431529,0.07984090607749961,0.0941688404704283,0.043047658318132495,0.04805729990238998,0.04773189802983337,0.060985584890405634,0.18345641718666103,0.18464384095133524,0.32702149610577297,0.044993741193047956,0.1658110230963515
U_4018,0.26872032350732744,0.24027907757868905,0.8157127818144698,0.048848370725911514,0.03970768833370679,0.2258053308360628,0.04709132309926973,0.10098087856902578,0.046450150367480444,0.0548181381055184,0.043468446489334026,0.06901083115142356,0.10977271388395733,0.670083859359168,0.27400713354496614,0.0420078962953414,0.12712361264750938
U_4019,0.21437809414656087,0.7034335004972034,0.1490567184936436,0.03398360500390106,0.29152120430817663,0.2326728271662341,0.0703399426253232,0.11340213782133725,0.4702942457534494,0.0680888305438982,0.04311088834663942,0.07552150855731384,0.10359177805645048,0.15680116552508927,0.0997798502234704,0.03429934901077038,0.8077357619566112
U_4020,0.09017625043894859,0.3577797117123196,0.21226422900136993,0.024734833013883243,0.1860773989960905,0.1556580412802427,0.24977499987275897,0.1147879916571465,0.6895025453871417,0.03965479642993612,0.052886861883542406,0.22679537942607653,0.13424139574859426,0.13457961532667426,0.053890637181203946,0.1183475611454996,0.09155855667557838
U_4021,0.17187627667659305,0.6489601003100174,0.20031818299395446,0.08132067722092906,0.07578337550515887,0.26173184869720034,0.17796561945392053,0.1407574820330878,0.6819793447484801,0.0750761057208896,0.06549818266098871,0.3020341682445218,0.17420444442974936,0.17199145471156022,0.09378547570795637,0.04166639252583536,0.14574789190568568
U_4022,0.22679124324028324,0.20632345657782108,0.2064203579036556,0.026640313124059484,0.2537034849223955,0.6530491497988127,0.03444771755446294,0.08718526159719324,0.020010012675710134,0.047080301861518195,0.03935615818958493,0.03741310463434641,0.10341509783537035,0.7205481629240702,0.6762450427427615,0.022489577368433704,0.13198139335101292
U_4023,0.33138704603472974,0.27097303366755554,0.2665713603053757,0.04498223284666155,0.048354568143761587,0.3300162768049669,0.0784139928277144,0.11446864529084724,0.08212558330889658,0.06037545931486859,0.06157717876850915,0.0926946014207366,0.14062366978661517,0.21789458461453565,0.2543757042702776,0.04362487516981997,0.6838651862142088
U_4024,0.21856407887950413,0.18857412477460594,0.8190361780508391,0.02492008556039226,0.24753905711055857,0.3145898605276713,0.11145820353695346,0.07592353543468955,0.20992393928790856,0.07637742749952135,0.04780262036601501,0.5426781850874466,0.11949756706679956,0.15087631148808164,0.24776861539913606,0.15281258421543822,0.10345544277304203
U_4025,0.0397647000584904,0.06040374833569906,0.08161606504489657,0.1016409440125766,0.15330204699224864,0.7409696172263511,0.1303231074207334,0.15116947842976783,0.09700220985869494,0.118837880994371,0.09924601684818087,0.32887855791179194,0.18864478168811366,0.14970980993896882,0.09048473719759267,0.6783287186484834,0.1533433810696713
U_4026,0.03818261112949205,0.06337974161854,0.17000505675726146,0.09878865278607235,0.19642189475803468,0.11381543539099373,0.12231917682875426,0.15711792692322568,0.7665045829669636,0.1908626389740115,0.2028402151782539,0.2112858859765306,0.13128038010766915,0.17002381735451458,0.06888311863673902,0.7197248528913154,0.1760182248888565
U_4027,0.326277706184639,0.24789077006141425,0.5924420005791801,0.038543246879817264,0.028884044812183013,0.15610325849255222,0.07859835538598732,0.106779222406676,0.3290933775037844,0.06429115875546461,0.05122607045785886,0.6145201616584536,0.15740409891332785,0.17476864426078312,0.256650353429304,0.06597746913318826,0.12326366561988752
U_4028,0.036392098044555864,0.07954016342016444,0.14117204585178028,0.12445490754177815,0.22850434869529168,0.19984619787678987,0.1516282335923396,0.17319497607416545,0.09655922374616818,0.30581165116700215,0.31382879033238864,0.276153190804051,0.14050547000417837,0.16971136723615873,0.04639603059291705,0.4808171908761256,0.30197465930167366
U_4029,0.35981190532551977,0.3137340007243673,0.267471182996961,0.04517680407109144,0.02952910055139052,0.269824061650654,0.08085138440707379,0.09493019322724948,0.6629877402226931,0.061272429452943915,0.05968134757800122,0.08273547386477828,0.16438501768977143,0.19086486636169842,0.2985361435306855,0.0598378875508839,0.1730701826586737
U_4030,0.30427908497784595,0.7168544995162953,0.28779435473586323,0.03335066546233533,0.034006194298106904,0.1546527089970219,0.31814026569927856,0.10076370509941318,0.5817738080637873,0.06965139387021162,0.05215161677989423,0.08136114566430847,0.14985623376849178,0.16819720731474835,0.2829101163647766,0.03893555270667481,0.13272188571600896
U_4031,0.20205807565730954,0.169890870316928,0.22912571211356872,0.06304396690022675,0.06573513050018809,0.9162947792724049,0.12640364659060488,0.5161243209576489,0.05836351101391102,0.06107793157825346,0.062085181583353174,0.06209592672022628,0.14199191277097312,0.14859966534537478,0.0860269962615903,0.03290459994361804,0.5202031389121644
U_4032,0.35794828310073534,0.3070761042197258,0.3772874360305859,0.055142485739451075,0.045093721918640195,0.30792953936905887,0.08004633108542565,0.11406391468125936,0.051664465411842886,0.5765423764658232,0.07335025341212108,0.09509781112261735,0.19450770157258734,0.20603595160870347,0.3024082450585725,0.060123848881328094,0.22372599144156818
U_4033,0.03537480709603934,0.05483725405637993,0.07324966349274684,0.08227990708448601,0.35236018809187003,0.08294177969625598,0.10132324282561467,0.1235956575438121,0.6031518415960007,0.17908053485698017,0.1915234623558862,0.7050953262987791,0.1530504646023749,0.1336512237268699,0.04680374689469382,0.24019447353939377,0.1515689206477612
U_4034,0.06574319669661609,0.7033049795495907,0.17408888812376133,0.0707538151145946,0.11967926617291419,0.2107403147832945,0.14608382080329532,0.13866941052725656,0.23994319159596833,0.1157629820961646,0.12600507870864597,0.09343285689676625,0.16046108222752145,0.1678452207641296,0.07837880977802704,0.056175733496174725,0.1672395465910325
U_4035,0.3958356717257453,0.9474136955551884,0.2796134302893185,0.05537089545013615,0.06523179765291443,0.16225874647928162,0.08233394741496274,0.09297969026403244,0.053930096280982796,0.05457876637325662,0.05171798720504533,0.08053806354260157,0.16077314627310016,0.1844796186192561,0.30937045950003955,0.036242008826365774,0.15109088156872852
U_4036,0.02913998935235141,0.06742093203259272,0.150955660854993,0.10314649889062404,0.5571220681600153,0.5112080689813423,0.10479743624058721,0.1492372311775389,0.06177542190031659,0.10875656384853662,0.11222571780705617,0.9227684380344089,0.10633829093969162,0.11226424495784999,0.06308214189179484,0.535882942181225,0.1190028292986064
U_4037,0.17852964215461192,0.26533360905453207,0.2620326438771437,0.05160184316690952,0.07463324029813523,0.27426315292497494,0.7286439734142249,0.13100991364877862,0.14510794480324074,0.07938510532898425,0.09170420541000107,0.06777533706668938,0.17056320420310608,0.16723687797611814,0.08065452110045587,0.34686408061389634,0.14571772571076286
U_4038,0.25900340539361094,0.24567989769967138,0.2910703306946439,0.07935802409933873,0.08250319472713373,0.23814411187847606,0.18002679653546008,0.14898079351253107,0.7924481546706279,0.05750815992845247,0.1260576473372701,0.07122615816713075,0.16251857589915042,0.19780464107977072,0.1725595855941633,0.030353408169198542,0.19440029678901202
U_4039,0.24914775883859966,0.23740069772800948,0.2545105751164589,0.03845394976885661,0.04599811664911541,0.588510700019224,0.2509153834499222,0.09339023480690631,0.02485489161274241,0.046547456237843135,0.04455173520415155,0.03900447467022547,0.11596447593067263,0.6206205807254361,0.6147802786560033,0.027289698661088786,0.16109092614976
U_4040,0.27438018512705376,0.24088913395523617,0.24875371735661111,0.0392109856311369,0.04877617835477058,0.13248403035866993,0.04492077757806748,0.10160884915601429,0.4617189509511726,0.06746810375009606,0.04999097641700359,0.06796362800765754,0.10117399299284772,0.6935745466389944,0.7249568610725714,0.027761806757811876,0.13976229818938896
U_4041,0.2405953590735978,0.36494027867222006,0.5542229075414176,0.014820779382481795,0.02524683400128607,0.08429036847226848,0.03536278947622447,0.07280474559120949,0.2123881463690431,0.11671144648823836,0.0444805955406621,0.18916507481366396,0.10043684598508604,0.5290507411077885,0.9176773570361422,0.010473543627296529,0.10120737682647246
U_4042,0.049837922846228885,0.667341069711108,0.08837341259557371,0.09880376539143548,0.12424547655117092,0.14684423799289095,0.19721080613780928,0.11476972712853283,0.23909459228429014,0.07891305430872572,0.0993873130087394,0.7500636120843791,0.18073491802234454,0.17170635867686215,0.06687774211343067,0.036159681649060776,0.1648572840859714
U_4043,0.41780821675139546,0.3773413584174085,0.44648192331371084,0.06744030732023598,0.0703079409594335,0.2458769321986213,0.09497557444098147,0.13171452624882854,0.07169845987246821,0.07174654228509317,0.09687803177649071,0.1032017148003967,0.26124048453939674,0.24380912406997904,0.46404555960185034,0.05979341780121597,0.1568029921574257
U_4044,0.3070375214905329,0.25391718248378903,0.2643560619877138,0.04836561459508412,0.04681141295399156,0.21536728736313282,0.6229831180033304,0.09956940301017746,0.08598748432309317,0.062477753184606716,0.05929444137995006,0.07506023800064811,0.13191572125142956,0.1784800665697376,0.22396415934483627,0.03774828752178175,0.7500187794834318
U_4045,0.3028911698803365,0.9619343270166735,0.25610975980271156,0.05596733397021452,0.03794227989851763,0.13037401027019904,0.08016641255492363,0.09296966531566003,0.05482753639585968,0.06964134913068279,0.048655113775113175,0.06971076389509534,0.1485459022377565,0.1715667251702191,0.26640299627590913,0.027921905641223432,0.12328017975199677
U_4046,0.15096278711860073,0.12213692123193448,0.21377797430653536,0.04000965664462836,0.06223356263339287,0.7884404358276718,0.41689995173798144,0.27566634044761884,0.1303558751130846,0.056076292521111994,0.047958247310377594,0.41170519264415,0.14849022665782483,0.1507937950220824,0.04811596306291244,0.20533005722455466,0.13136862174407632
U_4047,0.10620402867462718,0.07830753221206722,0.279968926534599,0.06410374717832172,0.0655895675512597,0.48594091807693834,0.6009364796705214,0.12634896856666594,0.7394696256614623,0.08715855694698277,0.08208116965280243,0.30532684887169614,0.14569441181704243,0.15459003921540218,0.1893671698982008,0.03140620008240198,0.12011480684291553
U_4048,0.20570996103638675,0.16423272575675218,0.5966729799138349,0.02390251597265889,0.01971283663764612,0.444119305209576,0.1274505133442232,0.10993461524873485,0.1685778859592402,0.04198562213917265,0.0345646052798809,0.38423039032559814,0.09035277428241112,0.669483271736121,0.7351036888574445,0.09791666878930115,0.07317898905803906
U_4049,0.1600145408695632,0.9845565633167768,0.21748856781653012,0.07521824324214792,0.08602620846805092,0.20580208941498584,0.11044558692719102,0.14090558888297347,0.2440558266964582,0.10804848845744203,0.09303522681709486,0.09275240519839067,0.20669563438768107,0.19585058239292394,0.09034958354582528,0.052360660635000916,0.20279436870825154
U_4050,0.04539107444146384,0.035858451414707185,0.09102901610143774,0.09059226654207156,0.17250416483487097,0.8006862319299684,0.12259030436873741,0.719109866627502,0.10405617565543158,0.2347964060021579,0.22176878574160408,0.26630398040717707,0.13164885792110576,0.16100477123678358,0.05955174714265966,0.23442219860914895,0.17501491789559945
U_4051,0.2350420286907494,0.8584953596702183,0.24586210720169063,0.038845804736666885,0.05641849613286691,0.21224799885833456,0.09170189529204875,0.10990023302834916,0.09957709350624323,0.06795924325822056,0.060159599318045334,0.4922299239545984,0.097032339670245,0.22195613562110478,0.19333087929921955,0.022953501846894504,0.5055981685791758
U_4052,0.28855557067098647,0.2514985987345191,0.2710721386652285,0.047802247583037825,0.0339480838773241,0.11936317808307088,0.04169409193072717,0.08775840420334037,0.44090645304248355,0.041586863612751976,0.05175372634949441,0.03403594322821175,0.1309881479261389,0.6776526161239331,0.6451718923963823,0.03156350723097559,0.1430594908402971
U_4053,0.18414616936160863,0.1383227115046508,0.9824080477612407,0.06614264508367307,0.07688427998036362,0.220373764994363,0.13432268551570586,0.14208954596286494,0.11046823448491513,0.06192966484392043,0.07767760642018182,0.0689388090467892,0.12231986099605023,0.14489711552195264,0.08649246991281967,0.03611296355795531,0.47081688510678976
U_4054,0.0993478763688923,0.1331659862292693,0.16168916010372714,0.14519022267901618,0.1815754005633084,0.15034617055700594,0.11859695601283951,0.19298166149360002,0.0609213500299759,0.10627474141067576,0.07610882057630836,0.08171813715788509,0.11628867463753813,0.21017303184522715,0.20625542752495707,0.7197878280112936,0.3469219875648081
U_4055,0.3687565190267557,0.9403179743087066,0.2802013016575712,0.06059203603172164,0.054898136668666914,0.15787813214433605,0.07122451527843765,0.09347723490108883,0.05631552935994329,0.05484601975443302,0.055935650199669625,0.06882025900885563,0.167165172854628,0.1897324456396523,0.3050352320152462,0.04711826058708428,0.14887829210423134
U_4056,0.6175482877645563,0.4697717520540856,0.4708095051450213,0.035203741244457076,0.08408780189813753,0.24763271679276103,0.07069559486278804,0.14075201165114753,0.04986046853500313,0.07913463937943571,0.0517121565631043,0.0703639547290587,0.1964508743946301,0.27831506993910954,0.4783898739601446,0.06365330054154261,0.23827434771719763
U_4057,0.317731524556291,0.24645077280326988,0.2711696790695892,0.036246310588185685,0.029724227944643508,0.24477007340425921,0.0741445589734952,0.09373761922007615,0.773367323992198,0.0484004013629932,0.049915048100437044,0.06946909377693483,0.13983336339800126,0.19421068203032144,0.2524637056883916,0.04164631204646487,0.6090090714485397
U_4058,0.254350623001221,0.2085023212054773,0.31268056421343204,0.07095442850083455,0.10612932530519884,0.21422378697626498,0.728376373323149,0.13993510344022675,0.07773135761533066,0.04862747042282506,0.06475856555525278,0.07262577575074311,0.17160052775815385,0.196860512488722,0.16404944731860238,0.03874286860114117,0.6664650316341914
U_4059,0.09809602214738326,0.1605089920191877,0.7307638990543016,0.09450048067358886,0.12270012627400845,0.7674889312008959,0.16982721191156086,0.1514529737172644,0.17564861985996555,0.07473946830914553,0.07883441880556968,0.43231743118095833,0.15342515747669125,0.19882257209390805,0.0718426567871986,0.0349199117050475,0.15807386587605066
U_4060,0.17767026299879335,0.20385848573569149,0.7272818808123396,0.047228823719942234,0.043498192993164216,0.7893674335342433,0.06030977525160153,0.0896912945062058,0.3995907686264554,0.05950489666982584,0.08284561328070084,0.042737653581510715,0.11632414450695382,0.14065401021550203,0.11129478058996015,0.18225277447067867,0.10142080327247575
U_4061,0.07592494480028436,0.17777932601392743,0.16726315610970072,0.1262464691069706,0.1610208167809379,0.23324792444404832,0.17089157336964084,0.17349924524759291,0.9629613066183135,0.08902334559493444,0.09877699670321344,0.08181125755033478,0.2313042544278335,0.19827594782288815,0.09048141998017452,0.0420457420360297,0.16284245578569878
U_4062,0.02661293847424053,0.04893932470374887,0.0875154657797791,0.09016425863418706,0.16968153459081592,0.19058736773768,0.11859376026779257,0.7546730290800867,0.10365600925140624,0.1515761606428102,0.16497220077928845,0.6303349673929284,0.09957196866089782,0.13039663176469385,0.0511178294820121,0.5874359851176778,0.18249919548485943
U_4063,0.4426675071134756,0.17778417842851985,0.4719743288544379,0.02568057897764983,0.036947291709323565,0.8068552850924197,0.08219617295291004,0.0846789361743928,0.042485630592627076,0.05019567360241447,0.05152201384626787,0.3336325293985959,0.113875273843754,0.13038965479366166,0.20458237842891405,0.03421284674398532,0.13433400545174612
U_4064,0.23732382844910843,0.9612717256239157,0.23035437452947416,0.041521789205848134,0.062203596929780315,0.24008930792478758,0.10633106833410176,0.12530786114839426,0.1245219447326498,0.06092370148482615,0.056000063974899636,0.06700103493294289,0.14941257111960882,0.1728060694741787,0.1502151768213824,0.04310356137678538,0.5954898579617788
U_4065,0.028234272161337497,0.04611816879911167,0.09946292762244983,0.08198881460262805,0.15187816930140893,0.1463077277840038,0.12152348938777068,0.5933037180849765,0.09693351246388926,0.8187284995539237,0.17001482292975195,0.283698516305481,0.1289175736213308,0.16113650937154764,0.08181475562343944,0.595574382287627,0.17308728939208584
U_4066,0.3413136105700344,0.32175768473694016,0.3152361122026116,0.05079704863299578,0.04623485637061186,0.16622506363993172,0.06308374085136187,0.10473157873544678,0.8311694930682237,0.07164544590109687,0.07144464582089,0.07344693225205119,0.18982323669831885,0.19131906719999678,0.2877294971383064,0.05616248345574358,0.17074227277123377
U_4067,0.40395128313681167,0.37483787285902126,0.3067176739348853,0.04819297744728875,0.06241492221893197,0.1639686763431939,0.07561931444910958,0.11253727591757168,0.06826939362867274,0.06087528799561989,0.08713891245132763,0.08341370573003948,0.1808427242501808,0.20756314839783346,0.33426504717615024,0.6736206331068627,0.11696128010380064
U_4068,0.39159791546475553,0.2702111489790471,0.2853749585066858,0.03637724717433688,0.3814107631471475,0.23706216083222942,0.3491411811645681,0.11769403727981788,0.038254298979534314,0.06419541350418811,0.049357021867692266,0.5025899843874914,0.15187113928301976,0.18557805117280057,0.2952247663031638,0.5129104144377463,0.15097032163169516
U_4069,0.548264407366763,0.4626677004034929,0.5472312357291298,0.03534191091705886,0.060268981815261954,0.25722778215180675,0.0733198800776992,0.14309581436246088,0.05124545230004676,0.08483557154260611,0.053097516106659665,0.13753258116998976,0.18709470646049947,0.2799465827956271,0.5307786621215571,0.0654945662034305,0.23192255555979452
U_4070,0.325180848700227,0.26170473506795594,0.26260218122083473,0.04060608166732084,0.05554118888784101,0.6411092943585208,0.6456725129282435,0.1072251483195481,0.0677583170991258,0.0782191969644855,0.055793408761922465,0.10049073532491878,0.1714105017276774,0.1726988165943608,0.27640475841592627,0.04577142370793305,0.16447223617937134
U_4071,0.17676330118273287,0.17364046119886925,0.2801265955913934,0.10192455110539045,0.0884382712316977,0.2574091181883996,0.25621462563849673,0.14922549983770214,0.5579199213392028,0.1242877999259851,0.12452600575933376,0.6115888010267241,0.17706918967221527,0.18553820137430133,0.11081012936367463,0.034472231978371314,0.145139291997848
U_4072,0.2832943829465955,0.6167019439973827,0.2522680587588193,0.05612968184533034,0.04813341511551474,0.2158020252102529,0.4725392313076582,0.10061042288741118,0.046754609272709656,0.08534329782817379,0.06552162281226831,0.05618835349313248,0.1527806787058717,0.7014755297961188,0.29432626201444645,0.034087813091160137,0.12627601063457902
U_4073,0.1286423241854366,0.2346659716557759,0.9107221248440788,0.05756265374552359,0.09111914884965004,0.18630687298854334,0.11567622515246759,0.12331769107301685,0.18816751152107067,0.06095401189062464,0.08377798322782967,0.4449437558266928,0.1391483991850454,0.155999626840452,0.09364845387515833,0.040556700518791206,0.1397092582830396
U_4074,0.07589698732596567,0.21754547064170449,0.16274883842520735,0.12656820371702507,0.15848911688921874,0.23917927592226357,0.19095801406249216,0.17062602725225925,0.9152833183946705,0.13825966909821108,0.14481877348987238,0.0872639354215525,0.21323786228308989,0.20416455122495988,0.1056509173421943,0.03832955777636571,0.1733517233402868
U_4075,0.005721115219533752,0.6064076415549834,0.09087387078983833,0.06911984490310731,0.12674038809989296,0.12292302048204878,0.09710652102653988,0.10417636336390686,0.13389169953033575,0.3743610159910552,0.15823888654447002,0.6152771799632613,0.10066225069460472,0.09301853692710138,0.02759662982734853,0.44339057939676974,0.09182793004047698
U_4076,0.2118362016664543,0.0488031975576073,0.6485796021038788,0.07715722822468035,0.12288390213512249,0.09535546425198486,0.11137296119854609,0.09638396663060514,0.09519647509242088,0.1365912059634187,0.12368906802420382,0.4077865116323267,0.08019547745240395,0.09306934472161472,0.02069628112312273,0.8162947825855332,0.09987933109868183
U_4077,0.2968728448541943,0.2613917434787375,0.3247429909926267,0.0731145713564525,0.057880084667804026,0.2865242389821024,0.11389741244502483,0.32291791552625426,0.07506165735592518,0.08626799349414163,0.08068883518234282,0.08208253627532973,0.1635731868208578,0.18883451046082506,0.23276673807422396,0.036429132573541,0.5305183110930406
U_4078,0.245576007684418,0.25221994208062304,0.21622582724164804,0.05797714634899006,0.043483896818179824,0.2132473142394995,0.5081669642700525,0.27142089773049305,0.26256302441032314,0.09243706754584953,0.07111851477719822,0.08910313713773402,0.18001965729281,0.17523347151760715,0.2279001068389092,0.43123832058166006,0.12072755939353455
U_4079,0.26224312598564437,0.18172203516866928,0.5147524762616209,0.02390279317257357,0.6315836040443099,0.5731330126005472,0.044492732317360936,0.09525977414581369,0.04683714312349985,0.05866341723077789,0.04305507906690141,0.4958601438649551,0.14832125082370418,0.17262472330934966,0.21376650723892393,0.37019408602619147,0.12261408088610393
U_4080,0.09858221129608963,0.5815279386657093,0.2374884510489608,0.10300671600239918,0.12808029770028412,0.23717485075977532,0.1615412527211054,0.15949412497539767,0.09709423595986458,0.0897433017946165,0.08223426429354272,0.8838049462813956,0.16073415492858076,0.18758924037059987,0.08774325700619398,0.051521765662909315,0.1528749401301907
U_4081,0.05734911640853205,0.23097750880590232,0.16751543289288243,0.05952371376984929,0.07463776063899996,0.17939946334498874,0.12287678136053716,0.12920239476660528,0.2114409563513771,0.5241931252823661,0.06515215382006656,0.8676079761292657,0.15850392792692145,0.16094073674625317,0.06969667812982261,0.33406538160473,0.13516838603781064
U_4082,0.07067679900485144,0.13253269610974627,0.6927938680345448,0.10805022770158411,0.14219348389630448,0.24903513317475234,0.712214164798527,0.15811366240614677,0.1667723134024447,0.08624624206659295,0.09512345758393943,0.4809521820220817,0.18412151263831666,0.18063120643569344,0.07615518027615009,0.04397817018823402,0.15491157057673893
U_4083,0.18326522659780264,0.1421391051210389,0.18540411901960754,0.052152957005851416,0.06150726532715231,0.23009747717573037,0.32188222905741093,0.12372967496556364,0.24806745288308146,0.0528144152863339,0.05674622225297592,0.8105545413756656,0.1608615597579911,0.15935388252887853,0.17093516377084056,0.039261637828743215,0.3628991431173178
U_4084,0.18589319756166292,0.7896631576543974,0.2543310274888954,0.06545234370800632,0.07756863766257369,0.18967279907681825,0.09999618329230746,0.15674528268532442,0.20324736915823227,0.10196790708937346,0.09160773540295845,0.09322773547152693,0.1927033117697188,0.1879290217168098,0.10282129709753779,0.04957262136322091,0.16475864236012797
U_4085,0.2763535933941227,0.25239313040150524,0.7793311118695642,0.03799609549359413,0.37737187848162906,0.19210453980380449,0.07107856730208713,0.11441351069398586,0.6136355681390375,0.07020828634020615,0.055921821480708886,0.047522438860118796,0.13203074630612321,0.16569489676124952,0.2655074449976336,0.028913299301929648,0.15175026203565614
U_4086,0.009988686193352945,0.032912874836332554,0.34703301257438646,0.08430764855096323,0.42548599872468396,0.060790350841906926,0.10743923536454006,0.22794398977592226,0.6428175699474294,0.41592514162770344,0.17848145602384774,0.6593980720323569,0.08530858567635652,0.10593467188841654,0.02911057765749343,0.1945167889083497,0.11843036605528715
U_4087,0.027575212041850098,0.06750424907907521,0.11314853257690724,0.0975188619512071,0.18910755254163739,0.9119766778808152,0.11953301578267342,0.15365893067292558,0.1153054986901742,0.1894401181413296,0.19126049236990536,0.23532245582892958,0.1467688991023659,0.18992646126170534,0.06394450308334061,0.3437624961271026,0.1730533541609787
U_4088,0.23727378024110674,0.27839181139231833,0.2016386229182355,0.059516779488744856,0.07322608593190498,0.32944471277862153,0.07723681767728877,0.14405161179685144,0.8447221942153235,0.0929629982794082,0.07925339015582392,0.08383244785656455,0.22165087904527464,0.19514459385255623,0.10029325974885073,0.061460541434768645,0.1907451740594153
U_4089,0.10939865084057523,0.13218971282197783,0.5532498390697299,0.047624195322133356,0.24084385714242035,0.1561334376076112,0.5784230950238114,0.11272069287406633,0.15096194926776477,0.38420265091663114,0.060727152937459755,0.07273910058254707,0.15616919718655953,0.15474233575711904,0.06184795398227813,0.2251954818757425,0.1554089419526314
U_4090,0.4226825864743257,0.3953090467315257,0.37561155494466647,0.051378776691547376,0.06088470439834261,0.205680230217248,0.10456273718092976,0.1451467145382983,0.08165255839832411,0.08659968033357901,0.07825018167330067,0.08704730754180995,0.18867812052002098,0.22916084534180053,0.3938541810800825,0.055508643111196576,0.17009194464064015
U_4091,0.5277195684705107,0.21366266741086243,0.585043521352934,0.02897519791109658,0.28560979827666716,0.14012760986646414,0.06634215340850227,0.08272585273803659,0.6426685909536434,0.06736441241168521,0.04185999130452438,0.38238618123628854,0.13922861451293747,0.1339607911481067,0.21183710664446379,0.28650006696576785,0.09776423451426716
U_4092,0.21425772917392277,0.18904744933748543,0.7797531775336043,0.023013556149842622,0.22304139994911576,0.0732682375254816,0.036552185823399565,0.06197588815103669,0.12281786216255558,0.03445068098856373,0.029818900566139145,0.33537979920378885,0.09906589361800008,0.7913590909724748,0.5479474979439115,0.02336001023429147,0.11218765876408389
U_4093,0.02497290547576251,0.06771950211174377,0.07044825486342657,0.10424793887678963,0.15151578014128386,0.4116866329874993,0.10238572668535259,0.10312160823318883,0.4693976845206919,0.4901524369765538,0.16452603326058846,0.638304608264652,0.0774717065256712,0.09869922201418026,0.02721953229496423,0.2910284831829243,0.1483944906845273
U_4094,0.2463058194236335,0.22219013080902292,0.2843679833894501,0.029721345990081662,0.06112317377077637,0.22611360276659276,0.06996195899206112,0.43180041219019105,0.2722954734325178,0.09962851595663741,0.07195872521256619,0.7054429108037441,0.1508236475038548,0.18849786184674108,0.22842297181467103,0.04855397967660528,0.6331406272858202
U_4095,0.05814853442993001,0.17834385514136528,0.10415424652756233,0.09276673843993546,0.09311664426801927,0.9846747012934999,0.15323353413470792,0.13109736218513648,0.2018718379301674,0.060470394352399495,0.0675174937691036,0.688430162986961,0.1751166312516607,0.17543339660434393,0.06862437851893975,0.038455547814269936,0.14535287328010632
U_4096,0.1863479946151483,0.2883137431390377,0.4372469883082002,0.016103317464515574,0.03160466137874113,0.794985258545112,0.0741006744105077,0.08954499947233163,0.06131464902210361,0.05168785335358281,0.042371717699593435,0.16257952130347253,0.11024382995712853,0.12716642094695946,0.21391362076437934,0.015427063658064358,0.7068226360375791
U_4097,0.2158508444610192,0.7026200459174845,0.8601869876162207,0.036163369560698704,0.046697601137654865,0.23496398135821178,0.06771259486140647,0.09820389129797885,0.053746927286135636,0.06479070487992834,0.05927251800281424,0.0669509971919652,0.14404006573779304,0.1401364046287131,0.08459600764613512,0.03488891175448895,0.5026471148521727
U_4098,0.2803508284537599,0.25974779561474126,0.9731122292635632,0.04501116737389228,0.45694594769930685,0.17016118244344172,0.07694058072553497,0.49630795733032923,0.15635305831506896,0.08012444619846266,0.056368639729030875,0.056033648747093406,0.15408032641799246,0.18179762352596845,0.12181101933352326,0.023025232937076482,0.17205440360817353
U_4099,0.12918203328537575,0.5284543608991776,0.7060571523082239,0.0317524707238095,0.2968523232568696,0.17436984961653196,0.10167828260789967,0.11446254541672596,0.13402162619756058,0.35327310937656586,0.09059432134781992,0.07746399152438627,0.11966445730252724,0.13705843093669265,0.06080637549888679,0.21021257996928452,0.3775040593436251
U_4100,0.24081493143346683,0.2118025177795591,0.6391469453373081,0.03742051769552758,0.0351268061044084,0.1115540752353773,0.0342458180054348,0.07955515339334272,0.40650593590574385,0.0402244867695339,0.04202987439045096,0.05088728088114716,0.11615246880982982,0.8541023948779629,0.5020418524109269,0.02254252605763141,0.15031479404317052
U_4101,0.1738626335861323,0.18714717055830193,0.29198543616270456,0.10446912759260973,0.09704823006284433,0.16665821770592384,0.7158906314881555,0.14530410722873166,0.15995567983911615,0.05824658607508572,0.08843875341125287,0.07294572799099452,0.18898088185274614,0.18011525362044406,0.09807728526443885,0.031018296925707477,0.7165533334477325
U_4102,0.5894393626749006,0.40440789049716824,0.40096590366404805,0.03864677811586589,0.041400758888104267,0.2354715180636739,0.07319223155478155,0.15027839549894564,0.06257978012266772,0.09126700977144474,0.07237564581370082,0.07917718799245957,0.2133146087574083,0.25867238186272135,0.38830699673851754,0.06903230235044172,0.20920861073338137
U_4103,0.6515398472414207,0.47366007265269017,0.46611553949496337,0.0359382428201607,0.059121533731297304,0.2546140529550539,0.07263712338802424,0.14029333195977672,0.05689961488615795,0.07935460171444997,0.06020195588417798,0.06749919042775826,0.1966359936055152,0.2755187748650779,0.47680023143724315,0.06620044551904446,0.21931916651592537
U_4104,0.257674338643087,0.17246515068981577,0.3365061429236317,0.02950407322357796,0.0166504536446909,0.09286004685336087,0.03851467663394965,0.20825898636610765,0.08844183114616284,0.1086819054374982,0.04057746008805578,0.036198275543526955,0.10505737440134176,0.725830698876104,0.8397871248523605,0.013037331906638128,0.09074102161093053
U_4105,0.23391345380138387,0.20944168183048523,0.2193263205208285,0.029221397712399462,0.030130453604058867,0.17776003800508366,0.04085785622231329,0.08711772888143857,0.44880555227934443,0.2604773971234724,0.04414793874782676,0.057462952973632506,0.11647115243240336,0.844686362484802,0.49374144162874856,0.030214091824555894,0.14448582808726412
U_4106,0.2577463510742619,0.3851241101524748,0.7998698333872377,0.04780332867396906,0.15321291486310995,0.09942458155174044,0.051943122225871274,0.0839898556741928,0.039249986320008326,0.06209354093199937,0.057062053506575984,0.24400557477668072,0.11411268739374715,0.49286399054488966,0.547231590289252,0.021720714538738778,0.09100056022354047
U_4107,0.43698167965433304,0.343640882935915,0.331777195684143,0.05262776118448333,0.056570525717285006,0.20379080061264077,0.7991494673647438,0.09971776704217881,0.05677352546288723,0.061504020791619124,0.06692456446836342,0.07857077422093632,0.1728407195851715,0.190964841761562,0.3204415279683112,0.0448805646320639,0.16652797671925285
U_4108,0.3277062953651803,0.6664977988166624,0.7175700296335055,0.03793016866831752,0.0479529819084785,0.25207885107562794,0.3263174054572514,0.10984480434035865,0.046936388755372094,0.069131286305559,0.06689721521356998,0.08296333572806441,0.15359450221064222,0.1798916394591629,0.2576335377916917,0.023249765899407495,0.13120280004063586
U_4109,0.03465916531002109,0.04549230340678646,0.10680832725647132,0.0692943740838018,0.4061745006286292,0.41446555837883314,0.43772926022402825,0.18073086952400613,0.09114597970936072,0.18307720967719515,0.19840816218313329,0.24712025158351258,0.12450825205372679,0.1801667790663197,0.06638429626101222,0.41133755860062204,0.18988788423179467
U_4110,0.3776888350265798,0.34724531505895745,0.33374681244138404,0.05739136091829727,0.04256189843870625,0.18086217338488564,0.06690025144987963,0.10845905538662462,0.6849092052092375,0.06981990176632397,0.06973700245156522,0.07218937428874783,0.15997886906595,0.1975749639254316,0.3143009674466434,0.07345532484344863,0.1797425079789683
U_4111,0.06784556514482876,0.8878922989435738,0.13512107303090629,0.1027907940461101,0.14319586484814495,0.1233774173453151,0.11613339475620092,0.15727068164639116,0.0809646992306513,0.13077071114010722,0.12007857665107873,0.2083582680878987,0.11496563695634018,0.15382296977333357,0.08247092695827443,0.32169485855749425,0.16849953931993206
U_4112,0.30490025485687877,0.9394394098289034,0.2590325845786887,0.05278253583418978,0.05656879721904126,0.22137135522544993,0.06779412664085335,0.10318173999211958,0.05500889441502885,0.0737412593700642,0.08253946570952773,0.07352785697998312,0.14222229169625922,0.20113368505563442,0.3753957840537956,0.03755082501213949,0.140632694359634
U_4113,0.32135102840658486,0.28919684390164074,0.8973548813578075,0.04298958493606263,0.041871260547364,0.1552346543893811,0.07076649087078037,0.103725174955795,0.057147138902449005,0.07446083516742215,0.06035144987057358,0.07409529743617353,0.16775423224512093,0.17334127588414622,0.2982453733306917,0.03741659756644782,0.12900898817141782
U_4114,0.24883803215105,0.19016815986195895,0.2854883703866583,0.06620704708813466,0.08085006485238472,0.9270887638209961,0.16761412831853356,0.12940917479751407,0.05453257020717133,0.055088949435445296,0.05200640682602543,0.0995018096262592,0.130197448725795,0.17328380519909126,0.14244630256004517,0.03766404223778898,0.5347378451543463
U_4115,0.07190831791904213,0.16222499481216668,0.2281585517706643,0.1118397922126938,0.11125838793570904,0.2094976080646398,0.21924520553538804,0.5426271601812188,0.1477519594858272,0.06756067405611978,0.06373715136801422,0.8554082427921037,0.15515709741333808,0.21829322632402898,0.19470712918756491,0.034662808070988496,0.14137021192558105
U_4116,0.15777630144523366,0.22724044693360856,0.2694849524955793,0.14758238447801109,0.19195547395482565,0.29716544035531806,0.2128029902583893,0.2157318570773105,0.48575448208156924,0.12791098652043198,0.11788263452468728,0.15265695841699053,0.3142377675695309,0.32531415485234755,0.14231738047829362,0.07926426490483608,0.22217268431950107
U_4117,0.4590353527260356,0.3588228892058373,0.36958020527780244,0.07367491104842358,0.059258976708082084,0.30492238331462496,0.08933856775822843,0.15006104106994783,0.06306366990428137,0.09366135473970791,0.08430613414895304,0.09248204973367016,0.2320349597756004,0.21361742853810878,0.3697958183636869,0.051191792179433086,0.19057986767936488
U_4118,0.40223656567878624,0.20768620440934699,0.4861686247131685,0.034948117922482626,0.05216515575737099,0.13842616604604924,0.5826559650782193,0.09224327631742624,0.15810526863106622,0.0496898442126084,0.056616761893573675,0.3301682763858689,0.126323672823068,0.13355707270922085,0.057748113166122314,0.3375623799995289,0.10432859686323127
U_4119,0.41379532758359366,0.28785354227058724,0.2810763205379013,0.03499723057540731,0.0359990436015926,0.21680437252714962,0.06910763605754167,0.09740706016908952,0.6946209247249862,0.05453586913213862,0.0558621490837747,0.07058796224652067,0.14821151182966796,0.20303154863129047,0.2884095538024103,0.046751575497112646,0.6047550380935663
U_4120,0.3557833026530152,0.27468865028509787,0.29700303319571847,0.04613456717295567,0.0582025036702256,0.16355437956124946,0.28860243535356545,0.10583163059253824,0.6708165556248475,0.08199081891184082,0.060510986304880596,0.06302719698438172,0.1524421673097191,0.17455537655954256,0.25376152551702774,0.03365646123745655,0.11085046773664145
U_4121,0.27883124996866593,0.2831345384540378,0.523640455487338,0.039998412746071306,0.07248289661904721,0.207705164653701,0.26262578116879476,0.13080441867719111,0.5306452544017521,0.497558194365324,0.0729853318456137,0.07855956531626006,0.1686103834564197,0.1685234635516365,0.2009073203525613,0.03336481440678503,0.152633377812809
U_4122,0.0648956738726073,0.06518408409620916,0.12973800053029563,0.10160189758417226,0.1782428599581391,0.15516701373417824,0.7719111777131455,0.19105503405695942,0.08970641538711857,0.15080695931404492,0.13734897990764022,0.14943352854737157,0.10408805493962753,0.13792330156415364,0.05843613097398239,0.3410044132366844,0.1625843318508663
U_4123,0.3172979525020845,0.28499655840164356,0.30444700093891497,0.05190938542041494,0.0394748795696275,0.1604746774389616,0.0641147769657876,0.10708068464863948,0.6783472700933073,0.06317225244786971,0.04866159125002918,0.0555218669189375,0.13595076153748153,0.16987063112501002,0.2948553143344085,0.3440469562100422,0.16071300780416514
U_4124,0.2796579505617654,0.5606370786705134,0.24573833150883465,0.03260014292024565,0.04046408577198112,0.2077845066920789,0.040554914462668616,0.09357160410623373,0.028536030907303236,0.05007324960383293,0.041816088796095614,0.05908750072816635,0.15081497582504985,0.7046325924035672,0.5167720696207203,0.037415510705705646,0.15641512457850326
U_4125,0.25051783988878257,0.1783478254063619,0.19911134822061136,0.07768253723267687,0.07552721208155865,0.27211428010261574,0.1594119544811276,0.14821762482255957,0.18471186025994055,0.06354422110561242,0.060486408347384155,0.09034725469401769,0.1724391469258173,0.20180621890829853,0.1329514498625362,0.04683925863625178,0.8698222564720495
U_4126,0.22465640867719264,0.4095048755636012,0.22448660860707997,0.019547106499242857,0.02778936757577283,0.23921975959176436,0.12311111394701937,0.17494171037391115,0.02907351035157158,0.16976616448795817,0.03792114261210608,0.6397501817853475,0.13377073226766034,0.1301411682371387,0.19403366287107596,0.01167983803221869,0.6898351490991971
U_4127,0.3291236983172747,0.3127689833103354,0.26826768452242766,0.03491092090749093,0.059885398102610087,0.24487620573968427,0.08071024697465715,0.11818765699673464,0.04747240053252255,0.622155692381617,0.0636555588672812,0.08891329042466807,0.17388129131145516,0.1807988630518405,0.28949706557173127,0.4637465639129682,0.1304733044490129
U_4128,0.040433854831095226,0.07570097434889976,0.18706233011082296,0.10230183310150345,0.168151496473819,0.2044937673636027,0.14722154514302466,0.1719421806033205,0.6100810234370244,0.24228103015129404,0.21732018269661674,0.22213721469860398,0.13051114911826908,0.14830046005824118,0.0616927706994432,0.44706185532932774,0.2086451947775141
U_4129,0.22507853724402854,0.20247559015035282,0.8126553439481675,0.03241055747235552,0.15980990422229366,0.19932273231710282,0.048565547017321374,0.10793208602157699,0.04553922004521428,0.06416924651018274,0.05587591727195353,0.04237434658593013,0.11744710237534413,0.1471588622141718,0.7780288785632682,0.05206275239749751,0.10218489466531094
U_4130,0.2528601944319794,0.8751146546907452,0.22884363299109028,0.036919547557623465,0.35934321983907325,0.15121078614535047,0.0707445430950854,0.10500980162014895,0.07562245660424963,0.05814675041860284,0.04911733114707139,0.4985437491552268,0.10856606269965555,0.14389975295278806,0.21280377992230032,0.024168591474700046,0.5050620825179478
U_4131,0.3512456151474227,0.31909282930925287,0.3100308575534837,0.05066773210276651,0.04412058929272407,0.2879078547560418,0.0807060562299804,0.8452076345616906,0.040241055103860765,0.05650448078947079,0.0671046934566344,0.08290776462463315,0.17678067402713737,0.1965519314263557,0.303178386406748,0.04757809535884573,0.22286102646615097
U_4132,0.40682191633685877,0.3422860222540154,0.37404676192557107,0.041057189633747236,0.046051145839121774,0.17501968974373122,0.07835516372881782,0.10479822121405606,0.047748529512080154,0.05946762255971192,0.05708471373785694,0.07395613503554473,0.17091216629425415,0.1969389835938108,0.33783058891898576,0.6626278593230704,0.16656941221091764
U_4133,0.11533155006368116,0.8144239281277639,0.1421359804988194,0.0707163640100117,0.09771918250537187,0.2571139885015791,0.129920974013939,0.13806731418131113,0.15532019331978175,0.0699311496817902,0.06806155057208106,0.7268236971904849,0.1624769970280073,0.21257131086326359,0.10735185945627729,0.027455194092374034,0.15708910563869327
U_4134,0.053420388458687205,0.1531114070572312,0.10813480624487445,0.07659766035551463,0.08596259482167498,0.1552480925416219,0.14834078867514017,0.12471906983372184,0.9444520835868379,0.05811680713073711,0.06817717301306311,0.5664684841325722,0.17656307443081828,0.15377294480356637,0.057263615156611075,0.02487633293062207,0.13144723626572252
U_4135,0.1972443872463442,0.8325282721847306,0.18341254143696153,0.028513030371996123,0.19644601808025414,0.21973879477366637,0.06435444261215598,0.12593115690465434,0.6369322334640108,0.0602086793202401,0.06628465986351766,0.054021441644222984,0.12832939895731488,0.15518500570833083,0.05960168609795721,0.2575061601616524,0.30364332496673946
U_4136,0.5583030128395605,0.48720788367973544,0.4611016627092737,0.03194906438993933,0.0455465511338557,0.2653702117392981,0.0751171704518013,0.1454489001462967,0.05762284335819731,0.07461914655972046,0.0602477448979235,0.07386605262135384,0.22204075689589636,0.2870320335096527,0.5705246533909551,0.0864356291070967,0.20299209631205267
U_4137,0.05279671275336187,0.04957527819059449,0.09760372036988292,0.08393824554689462,0.14467008845297902,0.057630855444576815,0.12913604744551613,0.13008095488803298,0.08378666627399396,0.5559370661984304,0.15075031802360186,0.17208671287816885,0.08374331270605553,0.12092973062818779,0.03568497384418607,0.8269022827651591,0.13660145034069468
U_4138,0.018934090456586172,0.11275238929382644,0.7572626478007703,0.03588389248529632,0.25655736520510924,0.5024994449791005,0.3833772609748763,0.17597785410851846,0.17548897864451035,0.34158776101639776,0.056104645289386294,0.4700403056226386,0.11352003683278195,0.1245930298804217,0.045389204552363754,0.03255165700406686,0.08731388837170816
U_4139,0.31080814056296036,0.3263187969303354,0.922126553789679,0.05953223480251605,0.04976691155694252,0.1504478054685635,0.06307764209304596,0.11668599198257139,0.04570039445602747,0.07364505307179398,0.08543759906642237,0.06610419477978308,0.16124182675870652,0.18702815970599404,0.27699614393358285,0.042912727892803024,0.12676433013468613
U_4140,0.25569041469485665,0.17566654815285115,0.2841395060735723,0.08164648358536325,0.07242300810132134,0.273451235086564,0.1251164744354044,0.14483469513658093,0.04667209733279414,0.0571623135389276,0.06913030811066051,0.7302527496528609,0.16032361018684463,0.172051635978386,0.18100092558864694,0.024252301188283032,0.6984695784471429
U_4141,0.2403486606471599,0.22287437591805787,0.6720840557391143,0.035566117130221356,0.03653647910370019,0.11329961847586886,0.0381214980573661,0.0906119730107128,0.030450888490355144,0.04476521681687122,0.046121667990633664,0.06789596402989174,0.11681765547200458,0.6320979574349819,0.508331813158645,0.04290104318807567,0.15509205775707924
U_4142,0.281773653770177,0.23397893690974075,0.2386055159418322,0.03981715051401663,0.03432142300743539,0.09674700701694314,0.04300878462482971,0.3237412046250072,0.3596345435285735,0.043259242877127554,0.03577123016199692,0.04480135857855,0.1106866818755543,0.8953439633511493,0.5780961393755552,0.03621499488132708,0.1549508777969409
U_4143,0.03208476467089985,0.07741459015537207,0.08063721836822002,0.09595449485622924,0.17080611741869572,0.14067073131618713,0.11039440111502717,0.3610017457089501,0.3302560617083824,0.15900671030683672,0.18380778660874042,0.24603130050551222,0.11896141336711405,0.122477095638224,0.05948210996116176,0.8550291802118953,0.14079358373389822
U_4144,0.31250281073161146,0.7115167391973245,0.27897620040496085,0.05561692182867488,0.05304840981358136,0.6008951400753229,0.05319095036879955,0.1096538619680207,0.04254786329061126,0.08413471785412244,0.05720850634279409,0.04731771189925059,0.1279953874044416,0.704102149540448,0.35621777801139154,0.029285660080767162,0.12437939331047881
U_4145,0.03406002605515927,0.06209709750700914,0.10790285996488491,0.0969464188364519,0.1538585696240329,0.10738645076968348,0.14669901451329287,0.5422485139200759,0.061247100151001974,0.16381580055632772,0.16114024993964693,0.21223900342734048,0.1132194778341382,0.14946882270704834,0.0678810074911353,0.7302158086435819,0.21959598543178
U_4146,0.2917716872459778,0.25773804022733127,0.2886775352573574,0.037760283279454084,0.03710528933739938,0.15243514898281654,0.07458098119918163,0.11095556883027517,0.07377707743733732,0.07283087813603206,0.07025708653595139,0.8134181509051667,0.17066820988937542,0.17404117596578308,0.2673322219024465,0.03872544894778181,0.12733374823832122
U_4147,0.3519414095814428,0.2788634678326098,0.32236768778546226,0.040980971974749716,0.045529803325040114,0.466332970288596,0.07678073639467932,0.11504929668394068,0.06902202050384385,0.5382817031399343,0.06809461059223497,0.08476549667633855,0.17030098293615917,0.17358181175879453,0.2837243994558316,0.039863901136030735,0.13322112018323667
U_4148,0.5512305284356359,0.21050347450784185,0.5343436942335172,0.03461187972159521,0.03935552557378412,0.19162025325667154,0.558482971136358,0.09535097257496462,0.07735763741522246,0.06782851768174192,0.05530380266790944,0.5251853182500132,0.1168999986806402,0.1384634739307621,0.12589072544663665,0.03469048524560686,0.15992702395653605
U_4149,0.28609322379945995,0.7269188587154793,0.26403708726009617,0.04415715956666073,0.04331388060124034,0.2688485785263462,0.07317662449955809,0.09548907820603059,0.5926998737127982,0.055367813314584666,0.044937416190686766,0.045167700289844584,0.1434059468710696,0.16511336889474784,0.27920885662629874,0.033086022595518044,0.15878522469964726
U_4150,0.0713882171564334,0.12235385909542154,0.11310974059279333,0.1443439880533348,0.1754364641230157,0.11776705011580314,0.13550258768455342,0.19084669290437958,0.17840702345283782,0.09750321296526175,0.09935787871610141,0.7360602783045699,0.11977285862253373,0.18535963390564003,0.12006745757173784,0.4351312496760543,0.19968518250444633
U_4151,0.26772507035633275,0.25840967797445097,0.31889618781767615,0.04922703033896015,0.052429085289396056,0.25562697891200015,0.08238181655435817,0.1046415255790821,0.5824463759402829,0.05601353546174229,0.04747262952593145,0.0890193196852081,0.12142130093815615,0.18813667234978323,0.2703371856247201,0.05857515904071221,0.5280058308414668
U_4152,0.053295703190353136,0.05456333162860014,0.0941557849709607,0.12060810864150143,0.2757278186184996,0.418197998317246,0.3842665800285945,0.13040451191217164,0.3616527625462331,0.23162352928065444,0.07196818181449843,0.06143953528680477,0.07227902238534553,0.09566744357917328,0.08092196046563487,0.7783175625882572,0.13888434392109272
U_4153,0.27328884744797677,0.5977610633137173,0.24256131280233123,0.029827764857859318,0.31887594985818385,0.5753910785392216,0.07892030914751984,0.09887568677832459,0.3896337485949993,0.06760118317161026,0.05409777251438046,0.07098246333347087,0.15256990760194084,0.17384837744216025,0.2334493245522002,0.4495184118742882,0.10444106918702424
U_4154,0.2753493040466659,0.20170765785293268,0.22739412718728388,0.03220534862079004,0.17086617462352915,0.37615425082495185,0.1354363163844655,0.07345859768217622,0.03531165520811326,0.0591927187737682,0.03938450644045662,0.040355385258792405,0.10205513519016574,0.1572030815379468,0.874362662246124,0.19590761536516144,0.08954289666263926
U_4155,0.3595059123112314,0.2798034781553506,0.3298187484925113,0.03853041993064775,0.03685942347626954,0.30895265038570985,0.07403529102386323,0.6591799251508933,0.05190074298412018,0.07183542894754842,0.06209894092094977,0.08995730475280037,0.12003155889970887,0.20154556849934713,0.2834597390216535,0.032557554363793775,0.6764158799228329
U_4156,0.31315278791487067,0.27988999880126314,0.2854100017624115,0.04247837790421266,0.04304988509291343,0.1465416794711623,0.06275235610171656,0.10713264025181521,0.06229740293994013,0.8086783133052229,0.05652102667308252,0.07052446815263147,0.1514476230552163,0.18270134878602223,0.274925163740998,0.040643458439782607,0.11910508642902214
U_4157,0.03488762705466328,0.03624552733125541,0.4517672286578355,0.08246887142486241,0.4766226260087723,0.3118703413994346,0.3048176188394024,0.10396610859967804,0.7176858817332051,0.14630536178903777,0.15002457777562778,0.11050463034628404,0.08097780018927267,0.09845370747013263,0.022042949753338995,0.5667445129715487,0.14372655954141308
U_4158,0.0339891852892744,0.14512799780204363,0.09057356513275577,0.10339529573311647,0.14308971993552325,0.1561290559439302,0.6034812595073634,0.46338750962207903,0.092298382365107,0.12731192852821263,0.10731612609948724,0.1976667478505244,0.11538436675086945,0.12875193457441758,0.0736078564000539,0.5004576386279203,0.15982418988943875
U_4159,0.26685774314266963,0.23094948667095325,0.2385560480833085,0.027952966835947946,0.030862989498744012,0.48493355732791565,0.04364607198018665,0.08548802364231524,0.026354626433662917,0.046698655753040885,0.0390418565012266,0.05221362168860874,0.10084025356565685,0.6765076332294314,0.5878018609413086,0.16887904751819086,0.16880927169020093
U_4160,0.21846727519612288,0.2741900675404228,0.25680952569670384,0.059556022050438535,0.053065479349036035,0.21232703942857345,0.1145643229661199,0.542639762874804,0.1803331304687982,0.06846296329552654,0.07201246949820711,0.07720176877078629,0.15502177269918777,0.16201231463239213,0.10581253262309204,0.023921821611956766,0.6971806655647543
U_4161,0.2511334304185287,0.7943420709457112,0.26925545404037515,0.03465637562462402,0.034835995329472166,0.19847439924808863,0.044968169759218024,0.09053514559124368,0.03331926809354634,0.046587413479636304,0.054999184059497906,0.036018110509062326,0.12720567394335452,0.7032738488093715,0.5682243470328753,0.031641678818620456,0.15129044318661952
U_4162,0.27292282087313724,0.3260343244835741,0.33418228516812043,0.06523086146900323,0.07005189156805874,0.22460570052139128,0.08933019316545411,0.13348475653481828,0.15191097937235346,0.058829817611365534,0.08148556849497363,0.05835450836794608,0.14406003649332746,0.1847329821216585,0.15787940809505127,0.04655832542371502,0.7609723977575753
U_4163,0.2946947863133147,0.2416584480429673,0.26095829318045344,0.029498186202855776,0.027912798877371133,0.13466656294976445,0.057167413635622014,0.08393842586980388,0.13658437280471353,0.0659801729194893,0.051235071994020165,0.05385558059640784,0.08344856796867461,0.6127115067433406,0.610290969337987,0.2673778331181201,0.11359046503388373
U_4164,0.3357970413987841,0.28665323288095146,0.2653923500714787,0.04192211944943974,0.04519908084143391,0.13841167408324737,0.4180388421454685,0.11208444814746493,0.053901772383143545,0.05400602033849977,0.06134262110324526,0.7258346817861495,0.16728946581653822,0.16840756546465624,0.30365558463618947,0.04702874333495883,0.09504765850039684
U_4165,0.4619384707068032,0.3074978979561144,0.2937836646989244,0.05671224256329192,0.0393201014507819,0.15658941304259613,0.07186670947759166,0.11745632556586513,0.058984531101994794,0.07540782073331635,0.08642960504900257,0.6864209598310176,0.14904083630292686,0.2185197662228733,0.24935226378915723,0.043536847950085195,0.1536884538205546
U_4166,0.24516203934498365,0.25468028341611193,0.7384022935688292,0.05928178040452295,0.05916720124550943,0.2553826415026803,0.10063384095758526,0.11301410495919853,0.07752540195810287,0.07385100248491423,0.05775019267377559,0.05940245833725376,0.1326039701264608,0.17714420649476775,0.2604566590353496,0.04357827618307682,0.4647930782321963
U_4167,0.22552456572669785,0.22694393374859562,0.2902634182786989,0.0845277202227071,0.07308099817705348,0.261264713062465,0.14800040459595593,0.13112390508074043,0.6615194398728519,0.04471097731361205,0.07533344034459886,0.0555544629991856,0.1758320387118215,0.21513403137081705,0.14441747040806058,0.026732758125266945,0.6934392841010975
U_4168,0.11026386673296096,0.16830487927208143,0.15643430972651753,0.08689349793453946,0.10301653498294598,0.184943002705113,0.1607435097926042,0.16035044680410085,0.5754732168754735,0.06838841722916468,0.07114285593167341,0.9129035702535373,0.17228820481781154,0.16746034649135164,0.07134239068487913,0.04104283613771621,0.15083261557476974
U_4169,0.36719500891248696,0.30517769580008125,0.3027954338868544,0.055790905683678574,0.06550276436512134,0.26136823016719707,0.09869680542157655,0.7733617783190971,0.08418604432584027,0.10103034674257133,0.07242122792746428,0.08400239947349344,0.19288900155409003,0.21131515531008502,0.2236397729487712,0.029139150536310214,0.2901480197921469
U_4170,0.22779626263308445,0.5340148513396121,0.26314178245907294,0.05636660216522449,0.05472782278169948,0.17105732754235037,0.14570937638505815,0.11451344450029938,0.5645090744721839,0.23194696266357617,0.04958239013729889,0.0661339544027002,0.15255022515598324,0.13867714090135413,0.1163808598254007,0.02168863859931918,0.6337821894041106
U_4171,0.3450310119385127,0.6422428962036597,0.9250661649078145,0.0541306533660222,0.04491805752409729,0.12902175440412117,0.054503985055631296,0.08409911360137676,0.050390818781749565,0.06989639490186053,0.05424614519591673,0.060982946373843,0.15196479110107272,0.1683362776829763,0.2481402331208195,0.04017048590368523,0.10495162444836334
U_4172,0.5929936787140362,0.22152881846063144,0.5430897496506784,0.028232216992516677,0.28240250596836275,0.1625642276804141,0.33319551669447317,0.08845618025584778,0.0503821064592755,0.07504142665816209,0.04768204184158149,0.6894379040799149,0.12978604282828587,0.14303196917098135,0.2442798025083474,0.0224147460195616,0.10450004668220236
U_4173,0.1085843255036361,0.09870653032325757,0.7562823107782932,0.06565941362616269,0.38337637380890527,0.1628290488551274,0.1773910910215603,0.12872190166436726,0.40608790990061205,0.07392840673196688,0.07594119152454827,0.3990798171616761,0.16611102076643555,0.1607670072765056,0.06653398070170569,0.02199326737055963,0.11793063523776304
U_4174,0.23838101077117604,0.21735168600574373,0.6967185045211554,0.037304144448306334,0.038467247355510895,0.8433174569333063,0.07718667211561087,0.1108492395279413,0.0313029834461741,0.05317525461635983,0.04026277146443458,0.0459517389166866,0.13010215943441245,0.15496203110680645,0.2567757269435398,0.030539739466305626,0.3736367301467144
U_4175,0.3122378854909585,0.32747474435844737,0.29490262722843213,0.051867814191585454,0.07970283916118617,0.1869054776192755,0.1105669243424572,0.6047767609810156,0.21890094866352988,0.09298549688466465,0.08189512319963108,0.08285371631327772,0.2191017930135722,0.18849974590999133,0.2215580734765284,0.04165799337620765,0.22961411075220972
U_4176,0.2284787747825051,0.20676192371782362,0.6757955441624254,0.023069422772092386,0.09842699424055798,0.23163485069770315,0.20533789789390555,0.1942446567478116,0.545613921209707,0.04405713573174732,0.02815210600632738,0.05194230391110917,0.07995312606106147,0.11808142865486412,0.2033918954982594,0.018596981487747175,0.572670013233648
U_4177,0.07049112107689634,0.2525366486292815,0.24480626343610878,0.060589551990501825,0.10038954257422728,0.1840288847271034,0.6702382822097328,0.12158068772228427,0.17590237564288572,0.4927239277579589,0.10307844240901558,0.08215285538056914,0.16025046541725269,0.14048446807086848,0.07411218975541635,0.0366680653657953,0.5573422743284527
U_4178,0.26851339680548514,0.25630326109662455,0.263216722466783,0.0458143581873634,0.049712133258934726,0.318126562716363,0.07534537799084778,0.11685654953109464,0.05160922238808527,0.06062242191393712,0.05277873952264868,0.054254757556407976,0.13026114167091246,0.1513495197647891,0.23343399158864828,0.0464302226773219,0.8656161018935035
U_4179,0.22503871481585158,0.19771224828779005,0.8761927189766849,0.037486767239719984,0.03522920812923352,0.2423181045000063,0.0723107998538047,0.3858344837356088,0.2909897750254883,0.07099222556392709,0.055191734333785714,0.05591257219638649,0.12028987908312766,0.14466683743027653,0.1930509529214684,0.03219021560854444,0.6141001242403246
U_4180,0.42645448512243617,0.2309671449076288,0.5518701509437882,0.04066334806757871,0.06105466505944637,0.24142298156175135,0.08526861099163129,0.09928562148015402,0.12741205813845063,0.06934003045967407,0.0806954008919539,0.3133212720337309,0.16263079257547833,0.13897224943937678,0.1448680405621831,0.024832761241960828,0.151127326681336
U_4181,0.21315638105937207,0.3106829266465691,0.23829552369584317,0.16981918433169468,0.0659527001949801,0.18337704977307773,0.07690114870071774,0.12750793671384436,0.7455224962033206,0.04533710845030076,0.07956575365117276,0.06148474308726552,0.16504705428842265,0.17443311171541054,0.10483566993068179,0.029751819824496685,0.6156350076217678
U_4182,0.39339853081883314,0.34246935429482384,0.2976168204638633,0.044441817447328,0.04305394537077222,0.2519819502402628,0.07676002607999842,0.11464153061154776,0.07071890318488047,0.0741267917881987,0.04376511470637859,0.06948822049936276,0.1799577467314642,0.20160735809365066,0.3302708748108457,0.45133252246648814,0.19259664540659263
U_4183,0.24672982042230568,0.23240010060400199,0.2974915712394077,0.07241277084304462,0.07441331472744556,0.2569673425096388,0.14287072672655082,0.14319912918898214,0.8127788119036716,0.056408746205725654,0.06750164743414155,0.0822385974652164,0.1721430288385048,0.20060327279673432,0.16891913404754866,0.04913632935383861,0.20181655473438215
U_4184,0.26297065809370374,0.23954457354404463,0.25329759423634807,0.03568508757432222,0.04667380516480701,0.21048663457622807,0.4011623166022959,0.11946281992570637,0.12370893027032878,0.6664073803338857,0.044244038770689526,0.06999314199505102,0.12269216740330177,0.15841170690280645,0.1452598877892951,0.03572718409221162,0.7501267664666615
U_4185,0.2512465455104924,0.19978096310852322,0.22394811887024266,0.03248948194750807,0.1332582554391175,0.09893585729117652,0.05737483682980027,0.20926214939662371,0.03035140659547709,0.22071281754476924,0.04558198273187904,0.3359342477353138,0.11338762149785682,0.58321063085225,0.6780017272308139,0.09287487332994349,0.09130288441759632
U_4186,0.2683826402484062,0.2847446155696239,0.3035958266405417,0.0363353801780716,0.05694373358871047,0.26850374565295476,0.0885289966482512,0.11382306178848131,0.039180728933673636,0.062409620592125986,0.055431830933505864,0.09883819613729014,0.12024234156588534,0.19133481744729808,0.2615032705405774,0.4432175352843145,0.793918763891159
U_4187,0.0468691691590601,0.615415382365355,0.747671912762558,0.07784244360464863,0.2774384765280817,0.4169674317850729,0.1455534068067199,0.11706271077762091,0.1521216649949713,0.2780025445105384,0.08992310324863079,0.5420016676358441,0.14548955032097516,0.16279038369561744,0.060601758514788565,0.026640767396872947,0.11703425290440043
U_4188,0.021292328628123004,0.05275655438140774,0.08058514528795088,0.07667844080836345,0.44405712567103106,0.4132652563088318,0.11638256138172476,0.12379561283342305,0.08446895034749219,0.14058342901869536,0.13660803026247015,0.793934907604925,0.07261833733486447,0.11368217668999328,0.031614261330211293,0.7116581978104733,0.1247776900690802
U_4189,0.3276597770429376,0.29483837445780625,0.8673679752309256,0.0505269496456955,0.05259877530848464,0.15732623095905554,0.0727926092458542,0.10780675688465238,0.06420676078172313,0.07174543350058987,0.09186956066318416,0.06955661533116736,0.1655056759904364,0.1919318499386858,0.3209058094639663,0.05596396596972804,0.11763667524248028
U_4190,0.29757477999396514,0.26990856305730526,0.33810975505483076,0.043292226620608304,0.0637918524501532,0.18215975517679764,0.06827359561484636,0.1486818607947166,0.05869578285695694,0.07808728135119342,0.06088915439774474,0.06151658141381656,0.15787462470625177,0.1866135290490259,0.47507350350354444,0.07260330191896709,0.14221269080911392
U_4191,0.27541920684293747,0.2180768885135237,0.3247097515086109,0.062134773859085383,0.09336711415453991,0.26909600883230816,0.17372932986450348,0.12960908174306163,0.590150213120856,0.05068182788458715,0.04488468558908808,0.0949986383030614,0.1572126903298311,0.1885441391811434,0.14979716337822152,0.04925356892311,0.5783976778775326
U_4192,0.3663361891523596,0.28430031081360185,0.9519699768793863,0.055166067118896614,0.057552140560737985,0.14997942184698992,0.07328557490448426,0.09546717524318685,0.058166757658149826,0.06446000630521247,0.08628512331204675,0.0697532688996468,0.20212803564640455,0.19475881200869627,0.3022753276543758,0.053200044651154715,0.16322215327702122
U_4193,0.2233040326864894,0.1961667347468131,0.2452289932251271,0.07752394357965994,0.09869140176412916,0.9130820933670354,0.16576685273891484,0.14380418537649894,0.07480981587132078,0.059577123892949904,0.05931332121754314,0.5684704297740167,0.18098103521117753,0.20963128131346892,0.12435683305414653,0.031480054654702466,0.1498802373081758
U_4194,0.27796950942737947,0.2572643693174179,0.2622655527332398,0.044718037631612105,0.031063361266650744,0.19952886725417224,0.041367057830733106,0.09075966838836913,0.03891548048683849,0.04461273412278914,0.04423224069790895,0.4214550797963885,0.14034368042840206,0.7013664972460789,0.6287041592750301,0.03507137216638557,0.17314509390863642
U_4195,0.40830771882247924,0.4388271583247989,0.3132242103399037,0.0551530566203105,0.035837519931202676,0.16367267163379184,0.06981298048368405,0.13241038195145016,0.060286274084985964,0.6645135570988706,0.07802804671159136,0.06748819455806682,0.1500500356659042,0.21367016719299736,0.2753844469303994,0.05474832209811033,0.1455190928750699
U_4196,0.036462313641695235,0.07709655151614775,0.11902277174634412,0.11899334103881944,0.2112768304884487,0.2707922811535415,0.15530585911237688,0.1870482323726504,0.10033472754169073,0.2775458941512607,0.2727946536687931,0.25407326622762005,0.14914473732924188,0.18859202061014724,0.07294652367003332,0.4987734951930923,0.2428980875687125
U_4197,0.19603861331937014,0.34193397700453665,0.5619022048708737,0.028289677932731808,0.08323287875765521,0.18767324690029216,0.04892787352858102,0.08453371148854451,0.6650955328984172,0.11759360766849825,0.03419296799208386,0.0437429593148594,0.10273949614435861,0.11131334360574185,0.20447540804803024,0.12649596411349925,0.7495188565038042
U_4198,0.13360259306055572,0.1341258566528669,0.25320550824174487,0.08746148912751499,0.12236369806468908,0.2642338106680968,0.1490422735472367,0.16087603191210453,0.8667841433448709,0.07311953904904027,0.09399314587373034,0.6300416498866771,0.1851270184678454,0.21104125276670893,0.09855607120724645,0.04221909876704886,0.16639915272500788
U_4199,0.20306013101849307,0.21703622314167637,0.4980119534790901,0.027640202332671095,0.01353004283169549,0.40025178574309617,0.04094782293525635,0.19311319893311477,0.3231903026972724,0.08383986983921053,0.038516392883448464,0.019728113550653063,0.08392172455164051,0.7292393392455363,0.7735384083270204,0.005831913006792045,0.08143566951626383
U_4200,0.18312159258987948,0.20022769318546724,0.18510797228474873,0.03822460304198301,0.041959459148418095,0.8373330411165294,0.3948512296213079,0.09622498718401436,0.6638939961219888,0.056182881097279334,0.05437243080278124,0.5092434989759717,0.15772604217049152,0.15737175003501122,0.08580963726159165,0.03628556412672776,0.11981637591517505
U_4201,0.6480796443004841,0.41644470382101584,0.3639252023564169,0.07903161142934917,0.06267802214907597,0.2878465395940471,0.07527084530182993,0.11031616490854056,0.04224889812913137,0.060952747494838755,0.06437768624820486,0.07806007925709291,0.20880737720099227,0.216441719929105,0.4299972787528117,0.05354228908644572,0.21079310041813595
U_4202,0.2853871705234284,0.23762868453704072,0.28672282271331323,0.029324129474251788,0.04496509507206499,0.5081051860944238,0.20304030469340825,0.11358309453193406,0.05491454725949957,0.05955516958531548,0.04858565692982179,0.7005598863845712,0.13496289243566123,0.15671121319569312,0.2702391391422498,0.0453753832249959,0.11481961696027526
U_4203,0.0629115220308456,0.22899845652750822,0.1483728748400292,0.1353542175088654,0.15481659185857494,0.9276278495682552,0.20094443478156257,0.1498703846640226,0.23353522793960446,0.09572039698813109,0.10807403613779104,0.08629106163474638,0.24406228266784535,0.21172319343632479,0.0841475693754248,0.044121722272917815,0.15850312652406912
U_4204,0.030808607029012516,0.05655000696403306,0.11381154974704871,0.1077182878463196,0.19953013661878766,0.7378429777813785,0.12108328205116792,0.15940130963830343,0.09677769232706293,0.21139045294248776,0.21120497770705549,0.19329449463208515,0.1381618138879663,0.18225912588872153,0.050526125583349055,0.5122940568522277,0.2020985334241151
U_4205,0.36670082508869395,0.2922605201086089,0.3256501519939753,0.0353137917676796,0.07026144867076498,0.30929258411258126,0.7040318920237105,0.10614102613986402,0.06484406813587693,0.07232165205333749,0.0634150056656693,0.09075432709289517,0.17731615738309908,0.19031549142686055,0.31976034582710516,0.04957047725822796,0.16905278651873443
U_4206,0.2295981346305069,0.19732814890237704,0.17729949230997755,0.02887167350173147,0.024921092035831295,0.2741152886730481,0.06628514414356972,0.10847102665136851,0.5501689147793329,0.22464155284913276,0.043770184144094934,0.34720226619501204,0.1197838173112494,0.13159018811668988,0.19432782742598664,0.3016751816615378,0.8163544679611462
U_4207,0.20568268359011685,0.2425140390611205,0.615113298567582,0.043770679830644255,0.04527256021270671,0.3125857212085008,0.07471249429358111,0.13086549680545417,0.07003979816645434,0.05578491748576163,0.05950075755172465,0.07180948724732596,0.15589241965960057,0.16114858144153824,0.15634693611511769,0.4864901094982151,0.44864156983669184
U_4208,0.3009971266351975,0.25730966872118544,0.5516165610022895,0.049345842807933964,0.046972595299291896,0.6173149301141603,0.06263270768609866,0.5993517571979181,0.04503161450210701,0.2841007577794044,0.05518982550897844,0.08078822170703953,0.148392276862522,0.1816237763951304,0.2224541255967449,0.026688366578287145,0.10028086142600101
U_4209,0.09116953470019533,0.26043621556935337,0.8281825255532458,0.076740583629961,0.10105372353363898,0.16172849096450165,0.1452954369348787,0.13969649869451828,0.2532088047705606,0.07459812807067032,0.0929736598899046,0.46786781924151616,0.1617003841847112,0.17739525469391093,0.07842635790662708,0.04152326288128276,0.1440757816775995
U_4210,0.2664522886011102,0.25491954728557675,0.28604287965426994,0.05314282725831602,0.055727278139199615,0.28978046229091103,0.6021312384168414,0.538646262030037,0.06173182009678561,0.06286711261749992,0.0493416291806913,0.07526485326167778,0.1504192387774788,0.18253970584006407,0.15229024521739495,0.021847960956705305,0.5150060902509576
U_4211,0.538294903277856,0.5327792532357684,0.4950606120871818,0.03496661383671067,0.07184805715877285,0.4242479081006749,0.10241039384545259,0.15119368281361253,0.06900096174514146,0.08463315521108519,0.06450923850153778,0.06919919614887372,0.20761292861813818,0.2844329910264447,0.36485019569406263,0.07932513566555571,0.2258506253244988
U_4212,0.053141470718655576,0.11803962454241984,0.11411115576134385,0.09788020812134408,0.14292266030048206,0.9694764622310778,0.16936190373875593,0.14604250648198253,0.19042620790765255,0.12673533424236977,0.13144232772975384,0.09962780858031184,0.16158204855226455,0.17396988703481575,0.07682704238672046,0.05130994977971985,0.15024480873275828
U_4213,0.4675378281020439,0.4321686641545741,0.5131537233682839,0.0767134275730394,0.07756042662400571,0.34119043724873666,0.10598346052294626,0.1653830608798807,0.06372860807668808,0.0978087917399572,0.09858778019858794,0.07929265942046429,0.2062073969607934,0.2607839412494615,0.3847995075334629,0.03778952735540525,0.21552109876363537
U_4214,0.21805641769638162,0.19020660525692948,0.8691917103138992,0.03318021288356169,0.023615143675331685,0.24608503212589988,0.21359090827542304,0.2173052367328562,0.32145696275737995,0.0439034742229478,0.05989018115337924,0.20709699541167612,0.11557927628201153,0.14029513658596895,0.14583755308318036,0.058303212994454595,0.23312418132743834
U_4215,0.26060394492983463,0.25580671958142837,0.2900624466798859,0.03691340398035295,0.03522674480113497,0.21491590234255462,0.05751678667480229,0.09712991430230218,0.040918043587741176,0.049498896519239055,0.05426380939722327,0.04273436690194348,0.13386334858891535,0.8054377312382819,0.5748403437981968,0.03215093163890882,0.1890442257159194
U_4216,0.2286651480738895,0.33751355783691056,0.18848127000686205,0.07524466405972605,0.0588759107810148,0.23649093001476804,0.09255295696073446,0.14409071389573572,0.14300607837731152,0.059652514821677716,0.08000618010108887,0.06797556451959508,0.1494153098350601,0.18278711837412204,0.12015686848958487,0.04411120532972263,0.7880565375562011
U_4217,0.1653120842860413,0.2053871259556677,0.9555177239345884,0.1015058485765532,0.1113407781769786,0.22059475012677635,0.14450778544768014,0.1289204052590184,0.19885572052246353,0.07958866710909439,0.09201205462668517,0.07305803321094173,0.19804555658352857,0.19355558276189555,0.10929866331555377,0.04545467723104636,0.16040726306568046
U_4218,0.2797263149016741,0.22918485468770708,0.24603578017413125,0.03794368151011968,0.3806110747656979,0.28440171290921523,0.07855656783273882,0.10992585010412023,0.067907885435845,0.4792495556324854,0.04679860264738261,0.06064589968326691,0.12442070694524994,0.15549490179657466,0.2386510018018655,0.03212180066484636,0.7914885794509077
U_4219,0.24136045805839845,0.6771115340169056,0.8166639858180056,0.0281524704057969,0.14827410882670125,0.34953811753521463,0.06374242112887854,0.08769472610304485,0.03991216514925307,0.050635031569918124,0.05799632234772216,0.12719725128566986,0.10891229065291397,0.1609329968112419,0.19728124496333577,0.18450044485237752,0.08643950593350892
U_4220,0.3235470635131026,0.25501920119079247,0.3116737612849204,0.0477318781398556,0.05264077274336134,0.8807267461902066,0.07154571033523566,0.11744990688740681,0.05647518752551077,0.06542316922318728,0.08075953639826405,0.07546997173885123,0.20960423592846628,0.19144428767668042,0.32642163333940555,0.049251999375790625,0.14674426711404348
U_4221,0.1761359548523036,0.4503714960205405,0.22314891995084862,0.021131030069363628,0.018744165501416703,0.8070133130241945,0.06698613313137516,0.07150531185259726,0.37264472203808563,0.048310993759931295,0.03136691276944176,0.05299665769812925,0.12018411570977675,0.14294439208041393,0.222418719197829,0.10614515225020671,0.12095540401398117
U_4222,0.24080405013625863,0.22401393108864548,0.2657230437613844,0.03685153623632495,0.02677186943448187,0.6561589853560286,0.04005530627674503,0.09005245371359658,0.028395440248921766,0.045787835035232614,0.04937027045925063,0.0302669146536415,0.13340962099581466,0.7810408093753517,0.5621237241682686,0.03494977621216658,0.15357545915554877
U_4223,0.032444847342365135,0.33693901151040884,0.42326832983443285,0.09315791996620927,0.4656125303856459,0.12695301708806894,0.5545804881817491,0.12486689195640202,0.048814252052323974,0.12243601109151894,0.14535798001657824,0.1202085467695469,0.07227854027156025,0.1106415538651638,0.037255347349537934,0.6767959816254712,0.1291594558567883
U_4224,0.28345036973255894,0.2296124685905672,0.27068210772232293,0.0353080733996107,0.03889577423837168,0.17395856991537356,0.08387495899239601,0.5413990660826711,0.4761985851118607,0.2656790629318274,0.05668682769124051,0.45034210776717754,0.14040321203947906,0.15844159343766986,0.25023999504607086,0.020425439208453224,0.4784557494116877
U_4225,0.14163389266219112,0.16302669926116142,0.22133358698787656,0.06525489374650051,0.1110818173055222,0.18538879955908935,0.13664449810529045,0.41323638379810057,0.8685935492151768,0.08785844633226161,0.08419178141350601,0.095474675394431,0.15585357061400718,0.1785312428725075,0.10698660017632397,0.05509325431527842,0.17165548639428851
U_4226,0.2912569172769235,0.319726779922005,0.4194428498335504,0.025913264853920842,0.23278938290791906,0.11613530700135583,0.06182901805174524,0.09598535322375026,0.3102526035863575,0.18662703738817174,0.040699697527164035,0.3655908511363684,0.09361676344141699,0.5943468636129772,0.4929318679111447,0.03363515237651819,0.09875698660300432
U_4227,0.3190693512861568,0.2698728994291105,0.2577270405386781,0.03685960966144476,0.03740803304655116,0.12159435809574129,0.5816296875164375,0.10944543006927465,0.04590596042015937,0.059203441990950435,0.04953999748044521,0.04852926438364441,0.15060800180550282,0.7277351356196703,0.2640475996368991,0.3437260697955265,0.11722782717107012
U_4228,0.233596065742664,0.794150334862723,0.2624654066964388,0.054313608056854305,0.04913864010441543,0.2407808696142127,0.10248657208941804,0.10764822283556655,0.3842455675856598,0.4972099697905319,0.09231600670613994,0.08972791020481378,0.1668312930118322,0.1519260376447605,0.12923970524760148,0.03461302307534883,0.15411477068922863
U_4229,0.030528991502896865,0.04176932712851554,0.10143069146008712,0.07814445175162972,0.1759005867368479,0.9101517599226655,0.14759147237603415,0.1468167495467026,0.11595322482017642,0.232853731851585,0.22545621213439093,0.18168695402710386,0.12424956781713348,0.15967377088717585,0.044030225035821935,0.3636835853294517,0.18445787203331251
U_4230,0.07052006122113899,0.08087199810871334,0.08335849663652672,0.1251698440165901,0.3787851451541584,0.3430556914026744,0.1349760372489727,0.15370374477110704,0.0536872053443793,0.49328010034959247,0.07914265594618196,0.36254318297138377,0.07125939351888382,0.12167838633323126,0.09998859828642928,0.374469263234453,0.1508925568757845
U_4231,0.029669532980761547,0.07594025406619116,0.0932387560762557,0.1095238826963778,0.20285693012000058,0.17757737839138016,0.15800998467546556,0.1563714202580555,0.1274481691746363,0.8410483461221131,0.2041118030493892,0.1748331853729781,0.12220625835090748,0.17900437819738,0.06354678449958776,0.36807577947279646,0.19375347171537124
U_4232,0.03074896525139118,0.24515344753732143,0.22191042367465139,0.07995556977492824,0.12114458264435457,0.23870084911927936,0.33370822661173444,0.11135706677198524,0.040604286439583234,0.11086566372760787,0.10130497488587836,0.8920668306967583,0.06869492869068307,0.07030941251877568,0.01815175568292198,0.3853861794882107,0.08131891265855187
U_4233,0.14722153478400962,0.4569487257301416,0.37365449092719444,0.09295327775717055,0.13433310680255417,0.38636415499053905,0.16456095033829726,0.20316621197932644,0.3159262798526668,0.21677527809860764,0.19952625738751753,0.16407298672154733,0.28334029648513487,0.3165320865240215,0.15014951113026065,0.06622319698838577,0.22185919780581206
U_4234,0.1636719122675843,0.1651395519593748,0.21124687957014118,0.05897450572133661,0.06216003799698581,0.21902802372614383,0.13225360361594146,0.12476426600334077,0.8526187039182294,0.06315860078885395,0.07586393075140899,0.057504114928407464,0.15062211687441476,0.15383714095445838,0.0724738994056082,0.033542690204336596,0.35434125966408037
U_4235,0.2417342619141826,0.28559499891521756,0.2730699492356927,0.03597626301365652,0.04795447454536447,0.183918320931588,0.10065542244211863,0.44605452677379204,0.15696299555077925,0.5957873709100614,0.07554776332548184,0.06959212924111033,0.13139033964440253,0.16291424588907233,0.09325160370175568,0.44825039157416113,0.16243854392502993
U_4236,0.3065327124807429,0.7816777236380297,0.24897748231415612,0.045933298547936784,0.03611396436728166,0.24333098188875052,0.08872864737788864,0.09545751322396791,0.058453327761541884,0.07011729684402271,0.04906817217111077,0.652802293917094,0.15893299689174414,0.18508255238591934,0.28749578897810046,0.04106124708687815,0.1362176192955536
U_4237,0.3607846712533007,0.2811086730459276,0.27277162311000924,0.06083887548214622,0.05298054922362428,0.15885735324432254,0.07679688824172293,0.723425871913643,0.5341627422098509,0.06234395252628799,0.04891730688698139,0.059221566995441496,0.173717691768365,0.17269847652207063,0.28267528794626423,0.03357836258094363,0.15190345409955655
U_4238,0.3035882493090955,0.2807538709845933,0.29574827108698654,0.03482661794109297,0.5121359229150539,0.2858590001551097,0.08025710217412477,0.10673814108913815,0.05228454013552738,0.4567361835949399,0.04325986108558441,0.07499203469677798,0.1530637251462598,0.18288032202433468,0.2847389281494295,0.5386426499822875,0.13919860160714845
U_4239,0.3080467244498786,0.24489957204101953,0.6249263093114648,0.04467471103605382,0.4224974434619396,0.16423524001074025,0.08440573161573613,0.6193399721017447,0.05567715897400057,0.08116904072216384,0.06152677858351317,0.33389048388820036,0.16080679517995072,0.1935610668884587,0.26054659752940984,0.03635891610588699,0.12496160369752522
U_4240,0.2799513081649499,0.29799336975416435,0.2632092103416374,0.045965319188103176,0.041234544680739595,0.2102739407625389,0.06669102368144236,0.1330750360513705,0.05702706314937104,0.05657717549778743,0.06807102455317446,0.7905869416943873,0.11604818620722836,0.15143934969801576,0.22656069078662633,0.03210232200772892,0.5088092026646782
U_4241,0.03257957907250007,0.06010414834948833,0.17487188912174448,0.10576394074324429,0.19584672241939405,0.16803373701390656,0.16176339337369472,0.1524676459622568,0.8460148641474388,0.20562507946065206,0.2300243504177607,0.2205325123263855,0.13908609581365766,0.15718969566020113,0.05733531507465402,0.365405650026406,0.20574452986853214
U_4242,0.20464421956818193,0.5965787937435134,0.27660872772271716,0.04784179627877153,0.4308697458771709,0.26176464620708645,0.29540542018415356,0.07547714301487038,0.4255339543398762,0.07439231688302489,0.09806125136756313,0.6701914444552846,0.12652436960703078,0.14255655281889437,0.08010789554631567,0.01672064534816175,0.14849995020848708
U_4243,0.2381542581179849,0.21500826711142684,0.23824768630504656,0.07106322714538416,0.0921078200025799,0.2570717733142614,0.17866723151395117,0.14398312521326587,0.7381485515317529,0.07911320738896303,0.06179891288646061,0.06207750511026702,0.15921048561764012,0.19123610331256508,0.16494381236847833,0.03742511672059541,0.6258705230579904
U_4244,0.3862527074989941,0.30461725012836827,0.3163554577923056,0.03389985618351816,0.035232933859594105,0.17052121227512232,0.0872843531936027,0.11566988305168825,0.05100065476889688,0.07054578438520796,0.053361399582973826,0.06575796767789902,0.14696525197143506,0.1850500940543937,0.3150462308370824,0.7338551300017248,0.15660826217203672
U_4245,0.08336353074240249,0.19181455915555887,0.12156095331103821,0.09759018437716792,0.12974230132010878,0.9416275422793157,0.176560705041983,0.15299547013973774,0.1756083270760805,0.08261086332449535,0.08427711299506792,0.5707041940560347,0.1956650399312422,0.22514114345523067,0.09248926038457242,0.03388659631363879,0.15586113360700005
U_4246,0.09199647916533063,0.09935516217667206,0.13468167795172556,0.09751445158946483,0.16069360939067237,0.18565161857143767,0.16945925647283194,0.755821647110181,0.2248476295802111,0.10114676886858084,0.11155963688858664,0.7933179450098774,0.1967736602161271,0.207636559817454,0.09092067387276997,0.05251649250583196,0.19588149379997477
U_4247,0.03407778331471453,0.08156865483870236,0.8258261270636521,0.1149181454784668,0.17027984484585512,0.14491607195799275,0.14482240759357654,0.1465299376611861,0.5547219898661523,0.16604133888842396,0.17911534157970457,0.19677219983188785,0.12816483430646552,0.1408906336392738,0.052805239708941326,0.29785806724342945,0.1896661915449558
U_4248,0.1314700916884755,0.14809383087542635,0.3555669262400233,0.030925102902610756,0.04998393550668622,0.7784967425698245,0.2942559062874133,0.07726149762975866,0.49161207025609427,0.03506012047935514,0.03245298633126151,0.060385303205102936,0.11717204044533328,0.11774782823131999,0.06558811746890039,0.1347541808005254,0.4787415834765062
U_4249,0.2274804308183448,0.29129323930852324,0.36465260511211073,0.10898171846040554,0.12347719393776058,0.4231188786645285,0.19883654172089785,0.2354132118025103,0.22823546996660393,0.12286319487057244,0.13147520390604409,0.10836900986949455,0.22758251088644543,0.25439685912758525,0.1568878181502239,0.05562868612669149,0.22819524893839155
U_4250,0.28739851970590274,0.253117867003622,0.27403375997723833,0.04634503214439793,0.031877695316691754,0.12575325074422983,0.04316717329804558,0.08667170592098838,0.5214974042243166,0.051619407355230476,0.05281318643439997,0.03741670000621555,0.14559311120487178,0.7100148319932416,0.608645141171572,0.03275504275942802,0.15713486312970526
U_4251,0.04572697664164213,0.3940601503221659,0.12220894333877068,0.0792458794617332,0.4225048490911708,0.8198378442226372,0.17088536226202278,0.11494951523055963,0.1707292062370615,0.3540596768962911,0.07232105095889586,0.3214564505584038,0.15860941106831303,0.1647166116474601,0.04384809268821873,0.04187733958686342,0.12663901098077834
U_4252,0.21693504710213304,0.1926956222751689,0.27261927519756646,0.023000607273399677,0.049825048496299706,0.15607529216944152,0.08338432103171202,0.31490211247542393,0.6945507260935166,0.08197715299668804,0.05964862037992516,0.10100533790123288,0.10700816182285036,0.15212886287071783,0.1813357879710869,0.30630879406554756,0.629644873756028
U_4253,0.3172384656611962,0.2683878412110835,0.317822397909784,0.023236583748350324,0.05289522864990416,0.29247991351528285,0.07728772105180123,0.1181386224607837,0.5629382287395267,0.07435198715832286,0.06569275579232689,0.08592466610540846,0.1670070411612886,0.19222794250582834,0.32538856068071076,0.056916877371590596,0.1643807270383458
U_4254,0.17685099841560278,0.15148223031730204,0.20754237031955178,0.06305732870250474,0.06587699126012597,0.8876103784412497,0.3995227472963997,0.1297174388194015,0.351713944903285,0.06332439499557757,0.06297224021510894,0.07226345261391653,0.14626222752811574,0.13706678621799256,0.0741227521779147,0.026764985866630786,0.3877660313250381
U_4255,0.26597736875310024,0.2000849391684743,0.26927009189309603,0.08986926569727557,0.08917896248992452,0.3111186763665804,0.1358752546041087,0.15772309559316727,0.8789146195311017,0.10624856066057833,0.08613593495258719,0.09086125949937535,0.18079012444443807,0.19311356789146464,0.12291656264726535,0.050575923660695424,0.22269230990238756
U_4256,0.052032406843776996,0.058977883321743294,0.07999618453139792,0.09842669634509613,0.1332045477329552,0.7961637582970635,0.12615261990258383,0.29418156146035485,0.3175034314845979,0.21706866757870902,0.20460866354870594,0.4028048886619224,0.08905124677573646,0.11593796145632301,0.030603427123820696,0.3085249239901805,0.16083654495263525
U_4257,0.18312207161875216,0.2286457294533224,0.20864376520598182,0.09358325405810493,0.11634607254686619,0.2306191340922304,0.2120225442281087,0.1782958887678109,0.21944604941299894,0.07070080747574949,0.07529315151615697,0.728335109295878,0.20090718285129364,0.22521551365773332,0.10752788334340505,0.04182644054211459,0.18516086959087727
U_4258,0.05379280578486296,0.11829833063392348,0.5903821302063521,0.0274961046293098,0.047750385678885704,0.48106202117592023,0.12033452499089589,0.08166347579907804,0.2624939577367309,0.1816878605352476,0.04440374392329838,0.7476041543096255,0.11897468212036745,0.1104710312502588,0.05694377456950314,0.3295230279904196,0.11034065170829428
U_4259,0.06964901789938578,0.1745039604729121,0.9196837765105477,0.11069177436909508,0.09776216237446149,0.19828010063553783,0.15952254385345066,0.504195908121242,0.19436792046802875,0.0816769560219324,0.06267198951451557,0.3826338606583206,0.15532279071297392,0.17016217351542662,0.0579877895514731,0.04238657606080354,0.14339603015476332
U_4260,0.3891602410801016,0.6747747242049745,0.3300943062786036,0.033885631879818884,0.045067386199567405,0.1556038843505564,0.5941448903875086,0.14972097021636432,0.08059407619357362,0.07557705528534919,0.06281314597473539,0.10270158363610085,0.16492479040249328,0.18029912242054005,0.29320146357018334,0.04135662484017122,0.12185439605152876
U_4261,0.24628835034220908,0.19760305252872937,0.2514328045022671,0.020162367816135472,0.04238963536927106,0.19999606364974293,0.049078207570280544,0.09410963797823128,0.3118770443059474,0.05264250361656949,0.0417298060679121,0.582716109369018,0.11629609049805124,0.5793675362579348,0.7783813669770271,0.02800735431449586,0.12726074860530262
U_4262,0.029557904539723453,0.2271685078396679,0.36014328152576025,0.0861465921622605,0.1340684648450413,0.37189589118195543,0.1237333011808322,0.12012449010524136,0.09027883754624551,0.14835562136762281,0.1504868280887474,0.7562983900282427,0.09743768595182388,0.11580050678973168,0.0292756501595597,0.2814697198913666,0.11768776176708681
U_4263,0.5269348925862664,0.19459561981886933,0.6876691726203028,0.026463251436291246,0.04002114650183464,0.2659187641130253,0.39373885711929085,0.10365856955344546,0.4102542519532388,0.11239506366334565,0.05379830149161073,0.35212129354853483,0.11790793816282039,0.14898679353854707,0.2691221451278477,0.030250613204933736,0.1257404086092707
U_4264,0.20361715276890804,0.022011429594556958,0.35271174374885916,0.05229939441037222,0.463615286628999,0.8549890327452917,0.5895133277144655,0.08738476143893864,0.06585838639107552,0.09144606938037511,0.10429919311194409,0.40701481416555707,0.07652263517428834,0.086514469375798,0.01708691964473287,0.29289569295429113,0.09189629171209746
U_4265,0.3388915740233931,0.2664818737356483,0.8597391561585855,0.04434440264237058,0.04642707591244485,0.14153019635948388,0.06494820993729536,0.0891184501008425,0.06175176876870929,0.060799615704426116,0.06952386877387624,0.4306686349972783,0.13857028977095126,0.15482382299257824,0.2920652557948227,0.03485513493045759,0.10242753333621964
U_4266,0.2841233076165336,0.26626526427565705,0.27045537070755277,0.02686930910074716,0.048617703876413766,0.46764417828026245,0.09943071784987731,0.11715231404240779,0.0665592298541117,0.2834190194591005,0.05198274604952516,0.08162141668340135,0.14279485182883145,0.1882198380378786,0.26893527291385116,0.39259837900743727,0.6367051392383479
U_4267,0.11547671298675448,0.317107654135343,0.21975096822348966,0.07920331151113323,0.10220648382237427,0.2002218203714578,0.14452753138916705,0.13617860365553847,0.9388906386941892,0.07923628800162952,0.08969174305177276,0.09526097176423315,0.24306944719284704,0.19388207328794915,0.10006535619988627,0.052525089379545635,0.16850146568410976
U_4268,0.4323588461597355,0.34248731077600303,0.31932669605415376,0.05211383805885751,0.05304919862620559,0.19923405897375102,0.7821623232250478,0.09642641623934284,0.06781029165006286,0.06497493987762991,0.06834430709091942,0.08083644034782309,0.1715532086600469,0.18844676904173685,0.3261582449637795,0.04845799441144211,0.15936276011213268
U_4269,0.11345627661883474,0.21106785338210898,0.6158207125704594,0.0361613706984756,0.04304477408912974,0.18155698667384074,0.10642033434129582,0.42576047406066164,0.380461441785182,0.05704477492642208,0.05163698912249656,0.32714202261573944,0.14604599820723002,0.15565672744948506,0.08011432563606762,0.3244746948586494,0.11037278786080777
U_4270,0.05769525615174542,0.09399813994849147,0.17797366191635172,0.09883112236849495,0.16531473023206275,0.12191208214468727,0.1373814377791642,0.1565961859767635,0.06398944313409588,0.17164698950613033,0.16730586674893339,0.2009374617714309,0.12729518730967937,0.14203409259988142,0.08002011178101115,0.9028387350448089,0.15921387813444798
U_4271,0.23534226871887692,0.28892313688930665,0.6465550142349608,0.023285028562317792,0.1470367925901648,0.40511047906590514,0.06320761351296397,0.19203140498067267,0.05388874313956846,0.04155374885396778,0.028133891077926722,0.0358520951797688,0.09661073776360846,0.8299471689134177,0.486815310809219,0.07595254330060396,0.07352159152914338
U_4272,0.2803496894316234,0.590900773018197,0.2670745863398279,0.03686809899413495,0.04521613490714269,0.21930122069955543,0.05133571103446257,0.09129880604527854,0.03131980637605007,0.05094467871610861,0.049360717260320236,0.03790067562364324,0.13281811014214093,0.7044234092427608,0.6446230659604073,0.03452156562145859,0.16536056375081948
U_4273,0.0359310916955004,0.06971260832267562,0.10218658840381983,0.07388292388040993,0.15281715397688783,0.7273513298307599,0.12178477811375144,0.1599811292172965,0.12115835980063339,0.1889145712900879,0.17866370872641152,0.2536962753003851,0.14185304148006997,0.15948675924941363,0.08051397000252643,0.5685772198079291,0.1807447868996045
U_4274,0.2252380945640237,0.8512510227976229,0.2789456278466894,0.06060746456788518,0.06318190843186217,0.25130577999055725,0.0762363556924988,0.11971636037436564,0.11037341458459432,0.06511289484872976,0.07157763176055493,0.0678390781118685,0.1593306861350362,0.17253788290350872,0.11673197908491995,0.022431494303499507,0.6259052757796046
U_4275,0.21040883517322279,0.13119198151426553,0.7951853600025331,0.040517541491144886,0.13157798355755493,0.7749169332587041,0.193346575571395,0.10430946951375428,0.15832222046684832,0.07076005323518705,0.07669840886350356,0.07519769259246378,0.13469006103481512,0.12809955228272074,0.10024058580875045,0.01932253467626196,0.12116849240717484
U_4276,0.09126056557829798,0.09596413342107019,0.6423725599188137,0.09464493821914989,0.10337859016642838,0.9450674501356863,0.14083524378908152,0.14130988820080181,0.14084554437129618,0.07798847904051787,0.05649166426153664,0.3662227851530455,0.16900052759860587,0.16323775244148478,0.07295701360559069,0.04389755476701007,0.11976722616458257
U_4277,0.27577083653501483,0.2543973322509225,0.271923882084627,0.04711449182834298,0.03134427581806774,0.9471435350488969,0.07680595091011627,0.12250697183056178,0.03444385532083174,0.06288094318779808,0.06155800880831128,0.05571915466197524,0.15026154151213336,0.18912149817820276,0.3178081028943869,0.05029741785297625,0.17509893495480022
U_4278,0.4645353775657836,0.0777762100608868,0.4527951032888926,0.11877524334791348,0.11400415526003213,0.07706027155196121,0.18247053105388372,0.11705726809360881,0.5489557640664846,0.04243045125399843,0.062488870298752275,0.43569180758677994,0.07380555267673028,0.08474505820754377,0.11477154725021252,0.4351521875267834,0.15530052181677703
U_4279,0.20673513204695187,0.2158169609329252,0.2323531748807182,0.029232066158955575,0.12728444351406876,0.3809759611067672,0.07432271806218131,0.10947010354138474,0.42226789041684887,0.059955410983988475,0.049032248774184384,0.6482190974099825,0.12956709961809987,0.14121172768391643,0.26807320413369284,0.03972740869301698,0.3288364821524456
U_4280,0.284113307040341,0.241132381875988,0.2178142595735451,0.03833010190420131,0.03842455712951438,0.13335453105964878,0.054753409107672284,0.09874757942169632,0.572671878367829,0.05178566163304012,0.04472943935794227,0.05826545543167617,0.1340457894449372,0.7608651370144499,0.41526288547771484,0.03191682416511746,0.10644931820872969
U_4281,0.04404881624574292,0.1286348849771301,0.09760267946607257,0.09025326126000355,0.16259503101581885,0.15824213233489043,0.5680567629163854,0.15095560051541448,0.08467819464796886,0.13410317518401121,0.12828471259171204,0.1926615272625365,0.11649380582234503,0.1242169320878429,0.06293880492021256,0.8296764120946521,0.16594755596878413
U_4282,0.03325550534805357,0.09483988653201589,0.10537179291427391,0.12588163628851726,0.20271422256861454,0.13128506799333195,0.7704890619586168,0.1414155172802224,0.0865208564093789,0.2147258539961688,0.22338178578498008,0.39417246865037847,0.16122024709129287,0.20230397491235827,0.08168485161571029,0.32468697349880243,0.19807278683190746
U_4283,0.24521163658336514,0.2611194871023044,0.9506982929460448,0.050757479059744384,0.06185667115581507,0.18366583485403798,0.10544971737568004,0.10322281263979582,0.167316113656209,0.06154321358157454,0.06229486223202912,0.06685360167036497,0.1403612136872727,0.16808959169518173,0.1720521935076249,0.03505468854454209,0.5060181060178633
U_4284,0.2481689621828476,0.211445293347184,0.5107103987367327,0.03327680890904873,0.0350112263011969,0.10235090034318219,0.043706358906018976,0.07934120769399759,0.17236286762707806,0.05963005069434274,0.04650058296825921,0.02992183952965234,0.11533296289070405,0.43149344458659844,0.8202071452689293,0.027523422761790636,0.11646973325081238
U_4285,0.3184784369581398,0.2905579577645018,0.3002603798638741,0.03818695879902155,0.05187544011977788,0.17960503578205872,0.6898252117315162,0.15015571776452358,0.1806332599122037,0.09260250354585375,0.07710893430820961,0.09234691839073964,0.17428879563065688,0.17948793288566917,0.2500043083949227,0.04440116997689295,0.17474436482594333
U_4286,0.4699850178053193,0.1952288616550948,0.8217156964416464,0.03147647545059773,0.030328159648677397,0.11555549885366709,0.05460425076696156,0.07620872684324265,0.03930586659994931,0.05288846333860271,0.03720880361098805,0.5152106569462218,0.10712469485912375,0.1393531163125521,0.3305890633780395,0.025888293648717583,0.09246629126101456
U_4287,0.2117039382065539,0.3183415369065057,0.29855400186820064,0.06775931635386254,0.06673233086206307,0.32067741217169954,0.0844675539033041,0.12316898344656135,0.12615456958469606,0.06543859293686556,0.0801533145707912,0.06243816546851282,0.14473778256670017,0.18928840972024563,0.15076634004521966,0.03321837918233105,0.7811214759410658
U_4288,0.18081135475000473,0.3022756752232115,0.1947354023335855,0.06771695386313556,0.10401185466830548,0.19281478168348384,0.6966885542338268,0.14871254578523177,0.20510153725223418,0.072386975783285,0.06696752505025398,0.7376052779116073,0.17608311174565372,0.19546830147174837,0.11731273018152848,0.03814230111369279,0.15260000623891232
U_4289,0.5500574117806598,0.3726221531274792,0.37590001867055967,0.04984235002524799,0.06406689368802913,0.20871379470792611,0.08158894087530805,0.13978626025317464,0.0909607390574918,0.08125926883774101,0.07405387486078525,0.10237886354977216,0.15628072696268155,0.24098716578604645,0.3929025746982082,0.05675111542734462,0.18301254847658766
U_4290,0.21893551951322213,0.23076437389274632,0.8768775901702376,0.04725309133286229,0.04725152756306178,0.2068301473777049,0.10178930035967843,0.10842916184622146,0.11286983706039763,0.061442748477937674,0.05968085311847569,0.06574914101362525,0.1214471377902787,0.16604221837231578,0.20941363643525054,0.03713694456132807,0.5728240507966063
U_4291,0.13377727326569072,0.23430729590942878,0.24648692554775475,0.0650265363636304,0.09054494414085329,0.6410112999115425,0.7579898541860756,0.1356699293491805,0.1762834266259649,0.08552425903293609,0.09816369690692087,0.08525876434929267,0.1563849994642263,0.1689150268795995,0.09440590961346373,0.04658209970029514,0.1421046988417333
U_4292,0.21839555072883543,0.468805052913309,0.5314424130349338,0.032489019458307,0.08385335487438257,0.26519552405696395,0.12434452208719826,0.13639170756578237,0.12686382449723116,0.050367595967032434,0.038851786306055715,0.19425447360535367,0.08087174309777677,0.8103870446372233,0.7070061773850654,0.0043249280119820165,0.14406397354716496
U_4293,0.41958154811210335,0.35056240589858373,0.3218440051936695,0.04529425488841342,0.055589939149337006,0.2075552607048606,0.07467707529369168,0.1112579403653341,0.08239305958078284,0.07163807814926697,0.04893658738864827,0.06025941527711133,0.14771040720035405,0.1970714526582804,0.3481267819473017,0.41609327037347776,0.16410498292878153
U_4294,0.3143754123603927,0.23066847697063264,0.8613414437060369,0.03747501840207014,0.03350229341729509,0.28508854722364807,0.06409102664560604,0.09830230850911315,0.04955533456069741,0.05963229561276832,0.048570603166525575,0.07688540235295538,0.10870608345305224,0.18013805761743867,0.2368927125421369,0.029293472971648957,0.6779201357951454
U_4295,0.2743358426553347,0.2959110091367576,0.2489065062333965,0.050054965767864806,0.05298882832384233,0.2689918031050661,0.44343542988363405,0.11277255936707041,0.044360895889899506,0.06695431609596347,0.0535466449987006,0.03733962565079872,0.1389178314314714,0.17002267240864244,0.24325020379330473,0.4910518124656663,0.5521736489396175
U_4296,0.17266538070349197,0.17164314729251778,0.233071727741287,0.05850739184873917,0.11543432498659387,0.32179544564741147,0.12681992468989736,0.4443867231156108,0.6946902650526625,0.09043805454878998,0.08129942106735054,0.09492053920682146,0.12925851683990108,0.17450134229268743,0.1190608852426584,0.05525182887980502,0.14691733278832353
U_4297,0.23365954201813255,0.24037568530931702,0.26384229476113025,0.05462609758483056,0.07433383879768199,0.23376857429453485,0.3015597249971933,0.4144187419026815,0.7392468182605016,0.07723536383320379,0.08024723131438448,0.07380316089742779,0.18128390031686759,0.1629158177804935,0.15569918931242882,0.02822134101263641,0.15987023912831566
U_4298,0.3038544918630401,0.29216638967922237,0.9940825518897232,0.0471554442275418,0.040737662015457546,0.16371923485628545,0.06240890127663358,0.09502409655924111,0.050458081057317916,0.06279447112781583,0.06735453704557257,0.07127273129777062,0.17903645033352816,0.18205706585513878,0.2745681411773707,0.05453406860566695,0.16131249357216956
U_4299,0.22187983152035462,0.18386300152777701,0.9001931526899875,0.016841849171997665,0.033369502946280716,0.1998134785977603,0.05145893126210921,0.09964087820556401,0.060684762373676204,0.26568422247341356,0.05324782370493018,0.5236890892289728,0.14766408879027196,0.13801746356825714,0.27101540541676605,0.18878934767421596,0.08683473028142569
U_4300,0.24813596533192328,0.19252475247641493,0.24119779438127964,0.05338612187582498,0.022285499313111707,0.38242198912165093,0.4353379549741012,0.10107863983076452,0.5760217014422326,0.046229099030152904,0.0323511899390671,0.5270246260242615,0.12939153885030852,0.1627254886562655,0.23681806286034157,0.09852004010188789,0.0941154048188535
U_4301,0.012785449749614389,0.034207020351134265,0.1816933388613273,0.08262929537766313,0.29876136600024766,0.1506179338048949,0.44294274837005193,0.573539756300205,0.2665417993364298,0.13178683718863268,0.15993016440166927,0.35270417176937524,0.09641763766452668,0.10958768363952276,0.043647986098890104,0.26350236619695927,0.11795981410412652
U_4302,0.17560158418925081,0.1279428063921846,0.2090940282833086,0.040077354712462675,0.036216300990641215,0.1604518136909788,0.1365142621551165,0.10128977701776837,0.45064046125109125,0.22150094049106878,0.04674061950565911,0.6853348734307414,0.1313660509923501,0.1346896357187165,0.12323419531626231,0.18487971423098665,0.759418792299378
U_4303,0.034629379765527435,0.04889355851115659,0.07534336034182113,0.09284491684811143,0.13545400990175427,0.17241112335673248,0.11758302913294555,0.13142942625032528,0.46189344868934157,0.20305256541468758,0.20489204424541774,0.8656948690252686,0.08436953165174767,0.1381760829816547,0.06496298307186146,0.688225911984857,0.1644185243638079
U_4304,0.4859305449448018,0.4055985689252509,0.3855903831584456,0.04837037240238776,0.05722698158325986,0.25538469307308387,0.09410565466119632,0.12344348999909142,0.047304674807447315,0.0719292163429812,0.06743982002552616,0.09572676657091249,0.20903950521005482,0.23337662937774808,0.4933692659674314,0.05619876405180632,0.20313606380101012
U_4305,0.029273222686992798,0.05293509968652672,0.12448919219586953,0.07155286929923672,0.1089315105906444,0.1264272107766729,0.6009484979065323,0.3368159895065477,0.6027666212286285,0.10611454804740614,0.12777855681498934,0.6536492375142504,0.1206981062234615,0.12611650516744183,0.06547134149840725,0.23746611145940683,0.11490345609013816
U_4306,0.25932149445776137,0.1778045092229068,0.2238171085320899,0.03337219553224587,0.026970009351779366,0.08884899506962933,0.19802069738757824,0.08303621295689154,0.030894951961970046,0.05367345353933671,0.0321577998901004,0.0646652945693157,0.11696463194512272,0.7816319771072637,0.7960815208906503,0.3494199433872973,0.111398370479323
U_4307,0.03337671018942359,0.0426593888119042,0.14568865851881457,0.08565272094134849,0.14387605608532625,0.8479007755511251,0.13116039249182931,0.4765908236359928,0.3038945610006579,0.1145321063394676,0.10605916256344636,0.22986753008177152,0.12677365384503209,0.1588645830276599,0.08208790803401267,0.31041853072504977,0.14418159549720946
U_4308,0.27535347396137855,0.24331266216278966,0.25627502186324247,0.04724095266856154,0.05534797258142089,0.17214850578144997,0.07102086373540799,0.3596808056067881,0.19359832507719402,0.07528512317906588,0.0583799936393464,0.07022055986082851,0.12802788337170956,0.7232547327070165,0.26270654457947873,0.02982217749299449,0.13117592081420368
U_4309,0.3839297773557338,0.28591988052582273,0.31884245807958533,0.036471375476509464,0.0357327025504318,0.19366674711412446,0.062340110728167954,0.10547041345544031,0.05770976243276132,0.43701700644543645,0.05731665997829559,0.08532733288165228,0.1746535837324293,0.16345760515315075,0.29756176378094434,0.5742944620921133,0.1405352741801202
U_4310,0.3222248860437399,0.2662989862630448,0.3160271392908352,0.08378707562473943,0.08267164226830784,0.3456633419786694,0.14347552526223067,0.15301809540866054,0.05176800066371374,0.7291838572134202,0.07059765031949558,0.0848126623784776,0.16496196480208153,0.1902978747783277,0.2996983586011136,0.047142943529005776,0.1816112391360022
U_4311,0.2949560129532815,0.2766676848187283,0.29110617656599275,0.0487475426202577,0.0422783237640699,0.13526373257764288,0.04958078617223137,0.10887651017658512,0.042832895140837414,0.06396298702232603,0.060855970445603376,0.06418050645629816,0.13251371765433895,0.791611233968581,0.6033192217787189,0.06539999437444162,0.1828519252202137
U_4312,0.0802793507044472,0.127081460045747,0.1325206402319076,0.0974862568917883,0.13576209255014904,0.816647966357414,0.1903882812177437,0.15814606545845508,0.19341369270750286,0.09656641267213058,0.10745734147366426,0.488114797559343,0.16456058977686494,0.1680199052554957,0.0826343612578263,0.04595255712640656,0.1568604507954995
U_4313,0.28427236554569324,0.24891045174316723,0.8149036026492562,0.03462526014252297,0.04046512078954237,0.21302616995427878,0.0965873017010804,0.0993490457777603,0.0716166812534659,0.06317161261473066,0.05180738631100589,0.060933911196997724,0.12890902576177776,0.18085343351623273,0.23052031492098574,0.04048699859384551,0.6602621892629166
U_4314,0.08634174162958791,0.46067396620681633,0.5538686474833708,0.07000052036494112,0.06347321962027785,0.15472577973862758,0.2911575264799088,0.28755292842024816,0.40920825006043104,0.30759897260991054,0.09174430241424775,0.5179053460957641,0.16376976343018074,0.14488543887709437,0.0783486312482613,0.004818656452727275,0.10680905283346086
U_4315,0.025513372309215604,0.05421379504131399,0.06521084280585054,0.10573378307368514,0.1467563395740855,0.08595571624601261,0.11790416052518075,0.09710613665452644,0.09116029577298038,0.8285386469064553,0.19855159848886964,0.2796617823232451,0.12292219787124051,0.12139146863894766,0.06283622308048031,0.47713777431044807,0.16755335505601393
U_4316,0.22510731273440948,0.41268355095328746,0.8490433230420851,0.05151545438653722,0.07202274240997371,0.23767328951663616,0.1560456303617375,0.1340884476855974,0.056834740685373863,0.056219735234389875,0.07148758669366921,0.049612781563897014,0.1517166102913599,0.1416491359627157,0.0730094119044421,0.2601363408457072,0.11414887344402228
U_4317,0.4560390536052176,0.2099625120499129,0.5112738295571272,0.0384856503730703,0.038955889368873925,0.11188596995259303,0.36573683508803034,0.33368222585708895,0.031984196425118516,0.06291441323168138,0.04267688434988197,0.3129170927441801,0.1127202147748488,0.5945443280125875,0.6188683855009653,0.016999636361601355,0.10481327212953227
U_4318,0.3229697716571304,0.31278854772696457,0.3398250188278924,0.04432565816835493,0.04086338050980317,0.28045074011189236,0.09822280263824958,0.13634030860631657,0.707945012246401,0.06656613698577149,0.06471338919588443,0.07174210060164439,0.14281425028492273,0.1869912072496729,0.30079396626537663,0.07504759007107722,0.19416248649773082
U_4319,0.319348799861475,0.2529959052205961,0.2882354763583579,0.04103739458122628,0.03812268133976404,0.22222424288048662,0.06513655884619411,0.10435126245394147,0.6741970182699388,0.0722106389602111,0.056465785161288626,0.04773813905784638,0.1360378115701821,0.17456279094671415,0.26802091734298,0.3944666627495147,0.15020701006646806
U_4320,0.19477206509589953,0.4863108469610139,0.5300163644050693,0.08681669371263828,0.12362452641339347,0.39467381115915723,0.1542334708921863,0.17970425737675932,0.31646441567146216,0.1241820427512362,0.11966376447785274,0.23582487924619344,0.20232998423399662,0.3056558532457441,0.1744024893081946,0.05017619729741313,0.22426285556234463
U_4321,0.3063973334369958,0.2646204689969228,0.25871594978599655,0.0413956832908704,0.0330956415542106,0.22460417092385557,0.05385574349358857,0.0972830943596758,0.08101611772605419,0.0491497623778589,0.051429499895108276,0.05359384931696374,0.13757211980945588,0.8153661089632677,0.5909074931486877,0.03534255134442299,0.177243788967607
U_4322,0.07883686254746,0.09400153472390414,0.1089372222651081,0.1245042751965808,0.18853284861968758,0.11937465499257699,0.6608421798260157,0.14343924534187683,0.06823740071106885,0.07713190100452397,0.08346679882691718,0.07304482424689725,0.10158995528063755,0.14486259704293,0.10942573516263421,0.3711019727559622,0.8513520760580453
U_4323,0.26459629910841026,0.1887106596645946,0.9088450967699573,0.045137963152958725,0.04034766737009816,0.13243730701548218,0.07778264591808558,0.3430702572989355,0.4487400967114651,0.056754126595657525,0.05384115221340421,0.30415022245003503,0.1251768623239598,0.14601780849835921,0.254597182376699,0.01255106906601431,0.07670974175972704
U_4324,0.06910803177570378,0.10363250611779841,0.17317574518380746,0.11172876009589017,0.19994436983994796,0.17887817142165824,0.14936717769221153,0.1871991355885379,0.12245326532477624,0.21048533692084498,0.16347845172846237,0.30200393066292713,0.17549762889704928,0.2491673977834515,0.12348869453473982,0.6504209685554074,0.24601321950382699
U_4325,0.049844787427968974,0.04774455197982397,0.7917436473665833,0.08720165229593368,0.1413519213377081,0.15177214504156147,0.381330939191786,0.42977408328068595,0.11333369179647604,0.15060172263527796,0.1530789735555883,0.175167166175403,0.10125430077388964,0.12295804153437778,0.05206888883099112,0.25837338035247004,0.13144314793427334
U_4326,0.015533144012604503,0.43172921260209596,0.08615797778851757,0.08455989926600926,0.3518462117033913,0.08122662886704025,0.2241277581345597,0.14423581720701037,0.0852422106597077,0.5863618294984335,0.17611477725113409,0.6260765241238555,0.1118092967237997,0.10402873041611027,0.04079254749493556,0.2185120347206947,0.11055023602157008
U_4327,0.07299612758626185,0.1115471800473852,0.1231439894877145,0.11627375107818284,0.1788712527517274,0.11014270223708802,0.11609379197907818,0.1590312192270697,0.7455524668979314,0.08727044245510206,0.08841795471440839,0.071651209537308,0.10107967755033188,0.13767744707793272,0.12715377029813876,0.36037943491539126,0.47459901086247813
U_4328,0.03100356684895545,0.0425611286288364,0.09987047239491849,0.09782897066149585,0.4254630215925853,0.07704195154584967,0.10784460333729863,0.14693210191445535,0.06026883238726822,0.48455728070269943,0.16537696359840162,0.4948455104637218,0.10199886590692236,0.126093769501056,0.05391839702347459,0.906876188758951,0.1694131128472232
U_4329,0.25316884236874443,0.22331182568673427,0.17787500264449504,0.03472392749742363,0.02950434166565693,0.6081391443074851,0.3710003852568322,0.11014762263912255,0.23439724589206695,0.07559159388311083,0.051463855313796214,0.041587163808293526,0.11784850124641764,0.13267341240464386,0.2200828690610219,0.023459952988871102,0.7003502094498226
U_4330,0.19280568267555417,0.13337464149971615,0.3793401936945813,0.03577168136509101,0.04899278113092921,0.31075294188407976,0.1968613115673124,0.11156615893068982,0.5966649462103673,0.04277796992706687,0.03418115971332868,0.07873769837980535,0.08790153999230853,0.12153676276737707,0.19056334412912806,0.05096324557473375,0.7734832279863001
U_4331,0.18742165283439688,0.2923382250653189,0.3430727427884109,0.020537620800985826,0.012723054322003614,0.1046470621614656,0.08044939206033039,0.05712123567909227,0.37600996781526497,0.08590645761470904,0.03468688968495514,0.20029161546202354,0.09015949573141958,0.7812526601053735,0.6972519941056011,0.025671745257931936,0.07816396430738796
U_4332,0.21183259538855687,0.7367574556346992,0.23336586433947148,0.05166369125122995,0.04602750868555891,0.17307693213879,0.07576435943073147,0.10346957009008081,0.6795349774260669,0.063933176450317,0.06400866005332893,0.0718046653559657,0.12648099413410013,0.1468759445260867,0.12256214054831235,0.023143152007581366,0.5021630050251057
U_4333,0.37984469500051204,0.3155731047889278,0.2918793771227552,0.05925330378040299,0.041582601305158326,0.7490362373065089,0.06625270225224898,0.1191844151082759,0.049307158749986785,0.06238440794963453,0.06712139899489752,0.06028266083843999,0.1494982942666692,0.2715156189588864,0.2920775372137896,0.04270115228599362,0.1526844636450817
U_4334,0.1015712180268058,0.4022492800229774,0.5698722369740052,0.04582166948267838,0.1684177841341666,0.7200877740921314,0.27493913339067827,0.19617430568398697,0.6705569888457666,0.07853715641703646,0.07276943482785464,0.45245916865896435,0.14937270499666533,0.14634346171005297,0.07616179834721822,0.0006232502216282073,0.0797787743213901
U_4335,0.26643925590347256,0.2453823830747572,0.24603869517852123,0.03936074638888952,0.03862081896633778,0.14715658449578625,0.18969456473125645,0.32568145536845294,0.20483746993750426,0.3200308048432317,0.049848800377844206,0.6956442496538693,0.10921194806082654,0.14745876795879811,0.22775502721841084,0.021300853370023257,0.09602358911899644
U_4336,0.2853941429218993,0.1579261557183684,0.2407514284187522,0.0727866787403911,0.06802731185188697,0.22189956237534,0.56827740685511,0.1280882719747256,0.05846125503452904,0.06393023134155104,0.06069554691210999,0.45165608978256766,0.13212757635778782,0.16032909604577492,0.11443860259453678,0.027754972371514232,0.7630792645205365
U_4337,0.33331410358694613,0.2567796269942053,0.27634258590983823,0.03700273809567001,0.04852657434010689,0.14621861572015735,0.06021273801918192,0.11850923937556815,0.4179924668759036,0.5557406733714807,0.057815370544941555,0.0574582497978325,0.1361677532696451,0.17770475448842987,0.689786844354324,0.0407319992501074,0.11935309675436934
U_4338,0.028491295420502313,0.07406923026304184,0.18135041082158113,0.0769860582247311,0.17076163774488992,0.18396472778223832,0.86032835051269,0.1460359383041483,0.12978283591931442,0.16373525913545176,0.15735308371939669,0.19252435742779375,0.13353759183026526,0.1689524853193628,0.07960729403050046,0.7176455135513481,0.1489221486549642
U_4339,0.37506981145237717,0.3205075104698225,0.3116278603513516,0.05560148845818772,0.057042988698612976,0.18993237014033926,0.09543557122779384,0.8044995539525426,0.0511025448539533,0.06345336123536967,0.05730262787330028,0.060491141656252224,0.1431975697299388,0.17707528190162608,0.33270167402943274,0.03790113501484806,0.1736625286493677
U_4340,0.13291779913637958,0.2325937647789568,0.1512745463112005,0.10363912908306812,0.12956759953984281,0.21868542100644606,0.21218133086460594,0.2677908306758663,0.20412277222147443,0.07372880516150443,0.07350239522226762,0.6988337389511432,0.20375762999154573,0.2315943763172913,0.1055028940469746,0.036674738226733034,0.15919907394888363
U_4341,0.14054302584997036,0.17481842262659464,0.8448867130266345,0.07324471640591416,0.08054911370696541,0.24204171391422657,0.1119278529071698,0.1441860194629816,0.12615506300299983,0.07096617486380519,0.07147110057005757,0.06171874213524989,0.16467036638789267,0.16351644504442114,0.07610818412449422,0.6462455025881763,0.15444881154381074
U_4342,0.06100073023654623,0.08407820237618188,0.7397685226513128,0.0772764118786438,0.08753032345541016,0.6025377439652803,0.17020917182621598,0.32196778997174613,0.39806526782911966,0.09386192214149458,0.07677878156317168,0.3659369618233367,0.1615992301175518,0.15728236594263517,0.08193380661690017,0.037842991996978374,0.12373606303987873
U_4343,0.3007692968970455,0.26370631822105817,0.2754638403904038,0.05198751623096451,0.04807231078645373,0.15048514678551184,0.07100377505044901,0.4842430543027698,0.043411249241807726,0.6610304901809619,0.05996164767635243,0.04837065775504437,0.13395853287613413,0.19832216092295196,0.626463381128048,0.023568322003622216,0.11957023754267695
U_4344,0.36721886147622007,0.247147888785957,0.2593016779277774,0.038297870517453564,0.02826911162608693,0.17058368375611782,0.06536713523440399,0.10363706181242618,0.6371176893676329,0.07594791653182788,0.06159606291621456,0.4734872982634621,0.1607807536124385,0.17000291511473078,0.30324623621410396,0.04516314546826547,0.11743141029068808
U_4345,0.4186037385209629,0.40366088855570353,0.42706970990026943,0.052736600543548076,0.04689356739881722,0.37722364307708783,0.09450149681642256,0.13715619384830513,0.12047459546739436,0.08659898578777252,0.07076468310917548,0.09546816324622737,0.22783589244014874,0.24072386409759616,0.38252941044040367,0.06441507795096835,0.22067870354252478
U_4346,0.23699655901746305,0.20679824368668442,0.2273716954582568,0.0386770061226533,0.03293339239806205,0.824262837385198,0.4517727586636263,0.11315514434924367,0.036583450291734744,0.061284521052478294,0.042765574353988284,0.05914023294149451,0.13051977160694983,0.14661785796717774,0.24589294744085985,0.03633418928780567,0.5732174300934127
U_4347,0.39565174274066506,0.12095832901373421,0.8378628985936347,0.07589677273505045,0.11862231538147684,0.060126373502761205,0.15694801123628688,0.1173123001227129,0.08131392926583528,0.1353244499783532,0.12253615560662476,0.5223310884336083,0.08522726589956879,0.0958223193669174,0.05608551296071845,0.13344586420613863,0.10016431253010534
U_4348,0.20917402601878904,0.14244108072310382,0.2639829128076432,0.07121547942941929,0.08834300240004499,0.26228373995442966,0.16019291268359218,0.12425064845006781,0.3246766793751915,0.43362193999224696,0.10245048230268548,0.7283276295135337,0.17329006526339266,0.18374948974546967,0.09878879833352923,0.049430920525038766,0.14313478260702628
U_4349,0.029733176073569352,0.37718722022899354,0.10837984365159958,0.09936796742553111,0.4672891664806178,0.1285993610276115,0.15045388989428465,0.5042302442403789,0.10735417264473439,0.16218675160175433,0.14682134613583764,0.6317958162219295,0.08700610182779907,0.12395050021427312,0.036611171627252886,0.21802026023519328,0.1609096165286164
U_4350,0.22886023631449204,0.19834934631203213,0.8411420818513613,0.03542852078232787,0.27270616144448057,0.2265220224862558,0.16632316931219088,0.07416295592209148,0.03242383486051662,0.05498970261968969,0.04311303727848316,0.053204305834447616,0.111725568871484,0.7247010708313533,0.3319309416505716,0.027392026121214743,0.09794760306813469
U_4351,0.18883282688049552,0.9152492034355143,0.21024106855603936,0.04227645103064914,0.044741717753573884,0.21473451013209566,0.08420581582904324,0.10144454418815686,0.5416105056820528,0.06519998067540872,0.06561553064920492,0.07620731208335328,0.15674314998746983,0.14441389986492936,0.07633762468945995,0.03102592133304576,0.5309951568623924
U_4352,0.11436314566655548,0.20193578290428899,0.2548387065777902,0.06977840559227039,0.09955886601410219,0.21063362368447083,0.16268586724423156,0.15089996627752267,0.21951844374146673,0.06112881216424973,0.06692640068038226,0.7269662339222416,0.15895792098924966,0.1979315415154011,0.10056337863886519,0.5144478169940367,0.14838850281244215
U_4353,0.5430420578330561,0.46106149578946565,0.5639280569627114,0.035344923092768196,0.061401137566212835,0.2573495450638459,0.0729068933063245,0.14379460622030724,0.05149972838347181,0.08074892394651129,0.060846926837680206,0.06984605793425044,0.20094128000617498,0.2787245728776411,0.5053620413103402,0.06483773642199268,0.2198658054111787
U_4354,0.20587579451944593,0.18969355473880636,0.25157761576838544,0.02253122594681099,0.3001931487033306,0.19965284163763458,0.07910492347299804,0.29086033931469873,0.5189756341333553,0.299349732790071,0.05646419535544959,0.08083493152116605,0.14324119156204532,0.1614257354022667,0.1996757386989474,0.3942338323064745,0.1263280701543715
U_4355,0.09433524916702982,0.17026434573936147,0.23172627775448132,0.06727667821609105,0.09776436212027356,0.24084259865029412,0.822700029255712,0.1598358030890612,0.14824294548343772,0.09863588468429266,0.09182815938566832,0.0943017776150534,0.1684454925959014,0.14961605796601912,0.08437994972140364,0.04630904106698882,0.1301524746973904
U_4356,0.0540672368466939,0.1435783939054319,0.12366195264041603,0.0704134661823247,0.07750085193286096,0.1685958166080806,0.1580048249575964,0.44808255312153705,0.7845738514923407,0.07414590396427713,0.06986927637002668,0.6177990304803739,0.14426934709703992,0.15008422414968758,0.057464960167599916,0.04089568782255488,0.13469685775461376
U_4357,0.3566954263014677,0.26677415469177684,0.30177033773715234,0.05376614817831488,0.058960732014540294,0.2945250916381991,0.06676874880952596,0.1018577325299183,0.05337428829525593,0.05876235513962373,0.0824125973907807,0.7450628043296945,0.2518118057766541,0.2123576371091227,0.3479100754272804,0.0327818733128986,0.14827946373742812
U_4358,0.19801801623148482,0.322339888397809,0.1425761696826218,0.08408907540373542,0.07382116834052588,0.35198904357542254,0.09931473166264435,0.14982883232756541,0.16530512537060246,0.08468044198488922,0.08412601378259017,0.07190225686954713,0.1501073410104155,0.1740480903761894,0.12099328751539415,0.039983603989141275,0.5883894389470963
U_4359,0.23470972962648506,0.6140037868674062,0.24630764450464687,0.04338991109601337,0.03586794975566198,0.18075673899623448,0.040070438745846516,0.0810840973937402,0.025708601429910168,0.04842942428468142,0.04019809397854231,0.3622361449851078,0.10856374873863661,0.8599657522901146,0.5109729692975408,0.026506848041393204,0.1456013298697919
U_4360,0.23797207583053998,0.19893315243477244,0.2871906753963319,0.0451191677058957,0.06322884535054756,0.23955745960696673,0.20687556617090935,0.14869375730810064,0.35602234054204396,0.3320998017215798,0.052008007339820306,0.06333943861778817,0.16813778988308814,0.16289088468505314,0.19985506779026874,0.32536050667429034,0.42196928551991963
U_4361,0.384416104615787,0.33640180329400243,0.30345858841641427,0.05201615566022574,0.05658169759910736,0.1865283591728544,0.09991880912253269,0.8537921001251254,0.07159114910462272,0.07483314446718387,0.072477943804898,0.08046472136425278,0.17510409322516451,0.18260839625598624,0.3160049812370137,0.045130741007301814,0.15788540620753758
U_4362,0.019228212984603765,0.09033041786002491,0.09403138716094578,0.10476415784938292,0.16793835461903167,0.1529899256701128,0.10795290018278533,0.12623393054563598,0.1042767604256656,0.16004639791629463,0.17649335368632793,0.2100394420475103,0.11246584710731014,0.16969344572554218,0.07255819065557735,1.0,0.18784964374643337
U_4363,0.5235068931783327,0.44294602984114084,0.5890007535863699,0.033177269266672256,0.04779713820913861,0.400914240874707,0.08358783810250807,0.15334617202012715,0.05302765026279434,0.08714509139130615,0.052671334376306576,0.06462597971751952,0.19072616332967574,0.27369596537453933,0.4856399926400045,0.06246411443152068,0.2208072519125246
U_4364,0.2363807950954128,0.19549227344925033,0.4950657864117975,0.03123294195933761,0.2479018073303282,0.06999059815838071,0.039556021257971724,0.07253000990475941,0.02048929158777868,0.13426167087783408,0.036161310934573,0.48037745286934463,0.08808759862412503,0.7868233891890317,0.5195936666981069,0.02214587141356255,0.13432731718831975
U_4365,0.0825255454160794,0.09327719035138039,0.2307619161153588,0.09610930333934038,0.20546607095353953,0.19477732843180273,0.12912491910269755,0.19829801477331643,0.09892215783677669,0.19798801235656893,0.19937471225641748,0.23719812105234417,0.17379369835016095,0.28448154867702047,0.09789861433400865,0.4834739951241122,0.22869237403568962
U_4366,0.3722911692542968,0.2931435918996786,0.35072392945193775,0.04280202323674668,0.03897954310874362,0.19694094974052795,0.32350382084646545,0.4933357865489041,0.06209452207888853,0.45557381990862167,0.05374264189404616,0.10203789742253558,0.1685021574657855,0.16102607588869566,0.3280295464146633,0.04381313854478772,0.12961337088659775
U_4367,0.34488606582666537,0.2825191067661801,0.26854345296127724,0.04789376919971272,0.418514418724338,0.1634673195049506,0.08034848339647016,0.7245365269261665,0.06587583691642886,0.4004985669969561,0.060617041946251234,0.08598704071544719,0.15992954723888886,0.18217285373308512,0.29077201085422477,0.036631773938892,0.16959162653151183
U_4368,0.39216275551103535,0.3096188160847152,0.26401392102256466,0.04185230232142072,0.04567974886088523,0.2577202647246526,0.0839738716543368,0.09874040866630437,0.05116100332045442,0.05775847510683755,0.09308907168248404,0.7396479581268025,0.16399087043440363,0.18299872326420924,0.3128702221420332,0.0385767709384453,0.15768385381586436
U_4369,0.33123101450253584,0.25714201250458507,0.3208211267343877,0.032967909077978794,0.029807639979178187,0.33506827214187695,0.40932850971393075,0.11803866435693694,0.052474267943503815,0.32473752267074596,0.05000873726441866,0.08160881223555644,0.16516650633950783,0.18138875981942104,0.2871533059210004,0.5764395846030768,0.15618031037464186
U_4370,0.2920202243212672,0.7421991378948775,0.25592115456834824,0.04402473140597058,0.03567399577043764,0.1804244938102943,0.06414082721484901,0.09554508943017227,0.06331705925345824,0.07196833461734872,0.05210402079604902,0.06574870468140703,0.15246685741158664,0.16650458481403912,0.2502585619451558,0.5613520459033502,0.6122568679211393
U_4371,0.09763335471684059,0.1851057865640068,0.19598087603178566,0.09481379902699201,0.10894013888525034,0.20659496108607464,0.641310849537028,0.1582544238800867,0.26471657736692317,0.08891365392416672,0.09964486517908236,0.6446157592634395,0.18465694421224946,0.16885947800429946,0.07558605881349527,0.05058295341658943,0.1473179024375445
U_4372,0.22853396762513836,0.18916885347178256,0.18506711639575618,0.03515977042443863,0.11318236156149822,0.5606525661038291,0.1345395685050396,0.06312495890004796,0.09947895827489205,0.12094408359606479,0.03411616102735333,0.1523199044071057,0.09476079680900565,0.7325648797461344,0.8484853873407228,0.014427960945099415,0.10490172354591909
U_4373,0.04452238592198321,0.06131941128684817,0.058719037005135685,0.09607693922943733,0.1328350623855707,0.7562279611212012,0.12741016989263879,0.5636083852246409,0.10921866787358517,0.1568244797870407,0.12664796433384556,0.5563449517900968,0.13509426663850385,0.13904536183453636,0.07259210579560169,0.24420744020208235,0.15860567980802276
U_4374,0.05017526732958774,0.10830221635953532,0.10645888602361664,0.10265205310201964,0.12412764606842855,0.16985497822514323,0.1500708745080277,0.1335954693760445,0.11741531065508243,0.2349856261587702,0.22386815951225547,0.21696378578398243,0.13119468797731992,0.18392154052624166,0.08084568144038842,0.8759272895110757,0.16689393406864284
U_4375,0.2309255582983382,0.21636632956890128,0.561326644390873,0.029697181316485716,0.25631849140803464,0.7053788513984872,0.07297152804565696,0.3056448863480635,0.49406836384155645,0.05321253080141049,0.07039084527953302,0.05641636770012906,0.1290229567878901,0.15168321184875455,0.10037563372277669,0.14899185043819702,0.3116744132606152
U_4376,0.35219716047873584,0.3015199300787299,0.2773949281358834,0.04709011804521851,0.04896598992951556,0.17318872818072528,0.06394989874939222,0.10912284918491595,0.7989742195516567,0.06781300405774288,0.059703805770228796,0.080392400914787,0.15786523431031965,0.17973119832407042,0.26583835989563387,0.04531223399767277,0.0906272372679145
U_4377,0.2632729702203546,0.576857884898341,0.24345260400105567,0.03378636547775209,0.312121877882208,0.16164803389737512,0.05948558239745834,0.09745996527624023,0.7943157949275427,0.0671083694511431,0.0508928354647218,0.0678740734860205,0.14433164251746422,0.16015916323909998,0.24417361425492146,0.030085807940279465,0.09316679291536673
U_4378,0.18065282333770388,0.2156564458303239,0.8034074668316926,0.0956245617657547,0.11393413308237943,0.2783793941594567,0.25292659769553805,0.1547491426330977,0.1803860057143103,0.07605446888244913,0.08300838833014422,0.07596440933005537,0.2540413842437612,0.19808422016419336,0.10978193073364671,0.04446790093519022,0.17402684038073496
U_4379,0.06140688565619204,0.24209949555758192,0.20075854987343428,0.12408488230101436,0.1452987393012341,0.8930212735562726,0.18781445339088634,0.15825910443358043,0.2554685389041473,0.08257484106841283,0.09317098894196647,0.09623187967657917,0.2380981624843812,0.20616999038448525,0.09641160606985968,0.045322162090349206,0.1700708321510998
U_4380,0.06076108651311632,0.21558488383017216,0.34611976290265245,0.15235494607940536,0.30132577147238654,0.3273715719734907,0.1930513022908248,0.19901361988168453,0.2671048019935967,0.2851544454008881,0.2828114840620322,0.3054920903649532,0.21103983358776707,0.29658790666271184,0.12367471414760428,0.38534754799099064,0.30093897286161553
U_4381,0.029433052559086903,0.08194594030340141,0.15371024138181238,0.11450533429003718,0.1447380087175389,0.1275444432365547,0.12583870541396164,0.16518305163554786,0.08841466330678083,0.631705346802428,0.22745758222102663,0.2100612080198898,0.1293486585069189,0.12654517326340786,0.057675064447002045,0.8972356774457305,0.1616949061888484
U_4382,0.2798744200143326,0.3238637963566346,0.28782582265917883,0.03921156672791193,0.06416567144050961,0.25316605136070014,0.731693161237498,0.12373858389920517,0.15462480678490584,0.0889148800711502,0.08135410172524267,0.09555630094015305,0.18344190858245185,0.17064853415606912,0.18655901077559608,0.06211768799443865,0.18538458026708018
U_4383,0.5008763738952566,0.39732703175063666,0.47471034164042725,0.035959795996969864,0.055068790547257496,0.25012445997510224,0.07463276653113274,0.15089224646267269,0.049428358420027824,0.08574520628586346,0.06666507947933298,0.11458500340984423,0.17654147736831727,0.26132271161055537,0.46058332072754055,0.048334101022215484,0.2223617149758582
U_4384,0.2810340782419907,0.23326001489614495,0.23462818945380842,0.04091967855667226,0.03202366702455017,0.10681492833238213,0.049543661480892454,0.09096978812419548,0.03741069197415948,0.05849299091195728,0.04172525049217099,0.031762374458843085,0.11583935197271535,0.8895517064606848,0.519826180921818,0.344128116192719,0.16808210062053078
U_4385,0.14077808971513667,0.16438489105884407,0.16467407704022208,0.052477412232769555,0.058661290481611776,0.24682720076558343,0.1594355025274848,0.4039318239676442,0.13987768013905819,0.07268241189413917,0.08064401486411421,0.05462571326049156,0.14281489204825565,0.16568138921220843,0.0789854251122985,0.542354799053363,0.4522173302324567
U_4386,0.5420573703338079,0.37995188606539737,0.48319955434462813,0.09104677534180194,0.07643595908594186,0.2604335855551768,0.09231794537906748,0.12560132797630363,0.05681421257629525,0.09685169897400467,0.12197060518796557,0.08654860427360792,0.2973394702431175,0.21790027798477368,0.48339714584004784,0.04316865711333612,0.13377265563126686
U_4387,0.2560099849504335,0.239584689382784,0.2552345116640069,0.04040480319060908,0.027754687695018956,0.17998034439538194,0.3999478321705977,0.09972310280556013,0.03348002976099969,0.04495549062681473,0.05272297966955249,0.06203037659188787,0.10769402960628185,0.7565708689537103,0.5461908258993047,0.09751219309221532,0.15079280654335792
U_4388,0.07018798911210614,0.11030610358394952,0.09896712810119795,0.13085166103015258,0.15067602744640424,0.09082000816397054,0.13369878286440495,0.15598891886119726,0.40242526423524017,0.07568572691157724,0.07422196809274731,0.4090987817841705,0.06635081254321282,0.1337956720342477,0.09679061965556394,0.7888050755323748,0.15199637869393542
U_4389,0.5917468301208341,0.4952541854112613,0.506837936291705,0.03350716725823932,0.045616320780274486,0.2632663775489672,0.07565390177006155,0.14453201772875768,0.05344268909546103,0.08423311817357104,0.05270595394039071,0.06063449868917524,0.19356283703398935,0.27582919534738864,0.4917401670538877,0.07994253591499464,0.218212739763198
U_4390,0.30734995362343137,0.25493970454580045,0.2895361685663192,0.03457915845502969,0.03283738130090677,0.23272560611868284,0.047913212865558316,0.09710528339691006,0.04030205400331167,0.050496981489339995,0.05400260559047641,0.04832181677176447,0.14941732471888308,0.74884987507371,0.5616510917700861,0.03194783777811926,0.17935237131683365
U_4391,0.28253671845008077,0.577351888706622,0.25542782943156306,0.037389111706428266,0.22614671955280496,0.21137725526521048,0.2717035996477701,0.37451287436280345,0.6115190257615946,0.08266857201429481,0.0707037569510575,0.06181513688871863,0.14268927334866333,0.15539009001998733,0.1783329725519257,0.01049176124215594,0.13393286346326688
U_4392,0.3689409436243213,0.3397502746078658,0.33643474784551575,0.04616223591689182,0.041456841027037485,0.17274986579133494,0.07644963910570246,0.10763858860498907,0.057301052801472324,0.06349836561268492,0.06936041185027413,0.07229515848908177,0.17239035106204792,0.20497094312360503,0.31876234266237347,0.6960049202665789,0.180151873534154
U_4393,0.27555492496486617,0.7059948010882189,0.23763112019712765,0.0314010347383224,0.043578185158732685,0.15291696593698353,0.06976760063317768,0.30429316190842914,0.3924322464801327,0.07113961827942089,0.043061590026409316,0.0722240664638562,0.10928417296964821,0.1616170753521107,0.22651670271656754,0.3960007570649702,0.11117499222824273
U_4394,0.0776777152592304,0.09449404497314984,0.8022692433770207,0.12744227651917375,0.16428832564917895,0.10490729882802244,0.6857448068063068,0.17182584503896292,0.058133986209530045,0.08855371711316641,0.08059457616176216,0.05281992750406225,0.12673886730651557,0.13862088398029968,0.11065492682101288,0.37222973831794814,0.21449783812481957
U_4395,0.27122564355865225,0.24325915187869562,0.2953784231168218,0.04924480612769225,0.043676595518676434,0.19490249696301445,0.11003132266669705,0.13179946133487297,0.06861675277068745,0.06851943461287417,0.05985951113129458,0.7779082547758269,0.11778052312682147,0.16094449435822755,0.29961461635967895,0.38762689303460973,0.17541311517207492
U_4396,0.04480859365519303,0.0759467033947093,0.18219831156625008,0.10889135140811945,0.17171061565103962,0.15461505741499693,0.13406140741436623,0.1530792882515144,0.7605993587339436,0.10766391681554172,0.11683971568123598,0.2819523228195685,0.1434724832751711,0.16113204140399506,0.08376580323442313,0.389147656465595,0.17767100598000463
U_4397,0.18213080799380915,0.1664192123352213,0.4094570671213096,0.13060448546361764,0.1937666185507233,0.4866064772016845,0.18380950687507497,0.22568790362093644,0.262907744452858,0.12546389978234548,0.1331960073981453,0.1291871011770172,0.24474303865783878,0.2717963996697029,0.19276134290197336,0.07187376947316315,0.24929041618856718
U_4398,0.5561969350726632,0.4741970988202543,0.5668210107032018,0.035612266801976426,0.0619813775639748,0.2607635467872119,0.07367294403595223,0.14404801016812505,0.057064473103270064,0.09007548669095017,0.07402131865150643,0.07012849733864741,0.19844993651822881,0.2773007776274174,0.4928963239328488,0.06286948103340077,0.21886858818388008
U_4399,0.11241365462267766,0.29422964511115257,0.9293242678693499,0.08842486275390503,0.11487851512558436,0.23734027090992682,0.13289428047853188,0.1184855316761293,0.18545025853571245,0.07533390801119565,0.08670150945583405,0.0836149592188097,0.2036487082265852,0.20360607933157926,0.11563579205234328,0.04822952226123366,0.17609393418461447
U_4400,0.2106832821984843,0.17515586684828918,0.5934909078862497,0.016943494847249406,0.2943873358653724,0.28225912989829777,0.16751080832956416,0.11177585981762239,0.03721934531106972,0.04255535007295335,0.044336982510416664,0.2556865604904156,0.11594219512580732,0.15287610437927557,0.22981302977985762,0.28500166972363905,0.5247805860051913
U_4401,0.3294605108388021,0.25245038986266755,0.2837792260327661,0.03488558065973643,0.0292228248980607,0.2492576345758711,0.07611722633789741,0.09790386088031719,0.7511399121591583,0.059150978969416096,0.0550089300574887,0.06930486621973428,0.14413056822181136,0.19883870223629385,0.2730464351693869,0.04987265107450371,0.6336515305565722
U_4402,0.19132363553326193,0.16478245834149538,0.23968241196621792,0.08227382144024464,0.08708298214233878,0.8948838012431725,0.1405731943060448,0.16618591334634328,0.13296307930029977,0.09920798776923835,0.09314721090608116,0.08275191594304294,0.1979286480083886,0.18022222860231848,0.11054900955852943,0.052155328938646356,0.16162484944326927
U_4403,0.2544949590497434,0.5691527058677543,0.2745105531936785,0.04372913232890639,0.05614524075887757,0.7129573259981405,0.10047454812162668,0.4145817520921694,0.5260048341442602,0.06312758224196276,0.052877039127113445,0.08337962842004647,0.15530650879026348,0.18286714262534837,0.22800811302270385,0.015071671151728834,0.13279436552304805
U_4404,0.050207183374906914,0.09149673037715228,0.17440036867849038,0.09193475305142187,0.12053341153287117,0.21081718613629483,0.6706607344396546,0.13642102029196718,0.1882229910489536,0.13094735046158776,0.10867034179260436,0.06458581952065465,0.17092817740353025,0.18676307293730904,0.058390837722825537,0.6226904698280821,0.14188710039535576
U_4405,0.3167537259712388,0.712501861269536,0.28707428205779667,0.03762052284791409,0.3505379585431424,0.14586833279888134,0.06632834515098061,0.10362595065660431,0.6616518935374736,0.06804726450925425,0.05468528682170575,0.07595645019629939,0.14921805545906458,0.17158511624662304,0.25452887914404265,0.034514780869566365,0.12049490728624515
U_4406,0.2988977021423573,0.40312272952308065,0.3433226621864056,0.04045901135526172,0.2146679035803568,0.26078998882674836,0.1554315082888941,0.10768978942223677,0.6201723211172246,0.45053760403648024,0.059577057417387114,0.10900164936179797,0.15804776584375776,0.1943024750948673,0.3007791279333981,0.033081358926628446,0.10992125779172818
U_4407,0.1405644228918051,0.19633138968766412,0.5159304343138119,0.1338309583192786,0.23071116135388256,0.3830337732727713,0.19645358909709393,0.214839129918526,0.39808285264370247,0.1103324547583748,0.10345277315396598,0.12886805483614694,0.30039398278533974,0.3000228681263351,0.15220866546407819,0.07579311832905752,0.2196284953802261
U_4408,0.28691529561216284,0.04310484003788358,0.31917113246251433,0.054948167984294,0.1379699665417225,0.7542903283820415,0.10015788979129808,0.11881144898682695,0.11642753857997658,0.17515326553332425,0.16931571392383188,0.5111468872949289,0.09279311528808554,0.10531484737298066,0.0306298934199855,0.2540208204421842,0.15098510902227108
U_4409,0.1726788390362656,0.12632597524750372,0.2732627064704224,0.10026812775202387,0.11231396880823355,0.29920230076121257,0.2371452285635828,0.15846224717849317,0.06268193101507705,0.07872561832814463,0.06076631949141485,0.0518680669572701,0.1712944986849667,0.17369254021907876,0.1358550190688862,0.7404325214328297,0.1437343103219702
U_4410,0.45978683778787266,0.3611135238278064,0.37321741698351757,0.07020961845660967,0.08097911631198232,0.41062505518493775,0.10123877480590038,0.11286371299753901,0.06456211418601367,0.08178605992315482,0.12461481935339143,0.0884593796830766,0.2954632502673168,0.2318002089264205,0.5720601048659535,0.041977228832683025,0.14219266457146956
U_4411,0.34802495195177563,0.23357792280333947,0.2867971891931404,0.04915553127737643,0.042940390759305926,0.3720146896468791,0.4580867801559933,0.11478837504217809,0.04346163328720999,0.07508891774230668,0.06092079099348425,0.04520456206269095,0.11636357681453588,0.5324388903431438,0.7932822730362425,0.01836901390907015,0.10435294405294987
U_4412,0.21669603825070818,0.6471848926126047,0.7505594308572932,0.0614277864867415,0.37549142150453385,0.22900481549892948,0.1262997036693663,0.12253770418813845,0.11954321771693971,0.059291955134769994,0.0586526835060918,0.06340896016093725,0.1386787850520142,0.16788190177396717,0.12352506975197926,0.033514405420273743,0.3658321377226987
U_4413,0.23701043964817792,0.3834666319473923,0.5507016274208709,0.019370740018136733,0.19754076305190352,0.3706844386362512,0.05301227144452848,0.09673035426843846,0.5703984055066242,0.1784181901669596,0.06776341021972018,0.31727676523507753,0.11244357619641895,0.15144302236033014,0.2446005084912089,0.020173354052572527,0.12091009390084242
U_4414,0.13976463231638375,0.565195959814307,0.5582339548915702,0.06663041648678981,0.3537804480888255,0.20173016196150056,0.13008340605797852,0.13159579491368084,0.16500187502090868,0.08747824153832842,0.10605237839142284,0.5904540990947061,0.1533275258324208,0.16730104619450992,0.07058545859927431,0.02871518414755022,0.15697910580773733
U_4415,0.15022526445726964,0.3272330429578265,0.25397356689175987,0.13164639308759943,0.1910753509697209,0.2930081097025747,0.18278778991666644,0.1931088877327991,0.5074083314931939,0.12259480961950256,0.09171325736830768,0.1438980115124954,0.2962128468139573,0.3144805266567741,0.12826458673226648,0.0855995973626276,0.22272939613549106
U_4416,0.12178964867872558,0.10003302504097297,0.6802122873416864,0.0700185842931133,0.39623301874472006,0.22186201512214,0.1835316393926143,0.12101531770855475,0.33385818778943177,0.4577155206821479,0.07426884368784963,0.6605290428311685,0.1615695804409227,0.15618023298979536,0.09704032665652627,0.027509030436819605,0.12193698036300929
U_4417,0.19879459410868894,0.2859575401442442,0.5532786153759053,0.02866864970647918,0.026300714301939768,0.4962343199677266,0.18679011578982374,0.11074934133689603,0.19530125443118868,0.30056074904418884,0.039922819814156976,0.43509362398851187,0.1204073292649585,0.13440273385309287,0.22491014179855487,0.009610982220854276,0.5094493267030074
U_4418,0.2703910537107076,0.7407819524451484,0.6169006461052291,0.037868519339425505,0.035605793304077496,0.5749145326207216,0.06765568566859166,0.08952673545642822,0.2268046288803079,0.05279797536661951,0.03675794177356213,0.0481368201499036,0.10588979876124976,0.14808507206392757,0.20469294013878114,0.04160291211444647,0.13554144386442385
U_4419,0.23245506933288748,0.22664750219388757,0.32585248043023857,0.024459586565499597,0.05324760649411793,0.3172137135248554,0.21500934603318958,0.061292209981848964,0.1535436060583257,0.10167753332925096,0.0404027991297857,0.024944003398112966,0.08958608611625678,0.40525546402884327,0.9325956130200068,0.05995447926827167,0.07417368288110818
U_4420,0.27756302223921625,0.5882547394813669,0.7460990537243237,0.051202355969268934,0.04675240451781523,0.24793213570049094,0.2900701813994416,0.0896948652030246,0.05312030703856789,0.056372519295168434,0.05523957137923002,0.5339333222495182,0.14142387940802986,0.15729353990276598,0.24642882582597248,0.0172290732552982,0.11724218286172072
U_4421,0.17718779598438703,0.1481835011686593,0.20562836774850526,0.1018613665255386,0.12960655879023592,0.1751806462049491,0.18853695367819157,0.16188195609150277,0.8932955726486687,0.07210348024959926,0.08797313203040955,0.5632639181478949,0.19105275034274669,0.20388643892758473,0.11495940089193711,0.03105166391818803,0.17827672910785144
U_4422,0.07340968065103214,0.29010636166733245,0.20494737965131854,0.0592396139746001,0.09531874151813377,0.161417018289675,0.14110529501325192,0.1538084135527417,0.2494089429843061,0.06211085290596146,0.06062144440518449,0.7400155865888592,0.16981838919050762,0.22871239924903608,0.0868348235087955,0.5423465730293935,0.14880133985425936
U_4423,0.373786331375955,0.8492396091638803,0.26858560005220283,0.052509815822557857,0.054643368452324495,0.2551139901409632,0.09823889965849292,0.5355752122892554,0.046194564732630346,0.08499202905566268,0.06036404026585397,0.08239241554442452,0.1312229795256385,0.1767021458496474,0.2794546644690052,0.0333214202690781,0.17009218127696957
U_4424,0.3964264733432943,0.3651095223741357,0.315220359643836,0.04165193900534454,0.05043783952295656,0.17912539740858097,0.07419547911064832,0.09535767426847973,0.7317849935911738,0.05685321117067393,0.05750868539287379,0.08764256948466434,0.17428002518463664,0.19290621611104275,0.328283436412906,0.04740421585969447,0.15205250396638031
U_4425,0.11026263995126429,0.25338716498948866,0.16985440682892963,0.07024521260742274,0.07742527975186186,0.1959464320269247,0.13171038123232745,0.14474394633103907,0.6915695124291892,0.06051991235265758,0.06382200660425122,0.8600589607791701,0.17342336696095986,0.1800946281941567,0.0746050259317562,0.04486215512168499,0.14619923097114407
U_4426,0.34750352907762605,0.28814418857107266,0.36403163180299325,0.04353802825662715,0.04181568079367237,0.18037585380498783,0.07488615561502986,0.1418860005909466,0.050762950803185554,0.6513010484997251,0.057309225197807186,0.06548493763725154,0.13926049776041488,0.18304718913829537,0.3103462714323612,0.040991149364616425,0.16159591599251272
U_4427,0.17044627341327706,0.1966901047798708,0.1806369526040384,0.06110008320691203,0.07497839406200904,0.3466956564626096,0.14223204426448421,0.1548668805401874,0.734108828472039,0.09321217175696782,0.07415329224398151,0.061651621305911355,0.17307144842563388,0.16275787011538217,0.06290289764321799,0.47883300682601926,0.14296909230811208
U_4428,0.15954648028371476,0.15351503120969817,0.2819083032101701,0.06657510891001767,0.06991863656440114,0.20169941496983418,0.7143203152704187,0.45071174987143414,0.3675107530897346,0.07820961651732028,0.057752542602129614,0.2503245692831065,0.1526616393930696,0.17201147339106132,0.1315924274929815,0.03341163796553551,0.1349284013842231
U_4429,0.2856705753011072,0.5835245172320689,0.26389448002213967,0.059519226982857824,0.06006309865716977,0.24881696886194846,0.0972589624579103,0.10288136182091942,0.7257027207452373,0.0759762907922401,0.06351244988542644,0.06946252251722396,0.17010362369674586,0.16117233352704063,0.24713733633403967,0.023812728466397454,0.1403206325707589
U_4430,0.029567358935442368,0.058586118310019766,0.10251420647466013,0.10992828592857155,0.15801789442538272,0.13759876518440173,0.12167936769674716,0.7094979053932,0.07186111109952326,0.15471789284070026,0.15164882899984,0.19521548264565863,0.10557800606684377,0.15194256089384475,0.07228942549083187,0.9691364361076937,0.15987397242967083
U_4431,0.27187422915016307,0.1837467160656375,0.21663087061310463,0.02542307743417022,0.023653593639535384,0.08566697683197605,0.1022757570980808,0.08040572911981574,0.025124097431369494,0.051810245257463604,0.03279115815684139,0.02831275217718898,0.09901796794807535,0.6778034251031739,0.8823396268611076,0.18323749592372668,0.0970549740298594
U_4432,0.18123293957286798,0.2615903118345623,0.2516202203896183,0.043184009068341016,0.06634898974080175,0.23360819596080368,0.09065311826181532,0.12541025797850822,0.9066887610184812,0.0811781562044157,0.08061688128344306,0.055287166959530884,0.15013809345172,0.14623392481913483,0.08541722930590863,0.36364961761273035,0.1266722131502131
U_4433,0.3112413704440672,0.241586256011925,0.861352848079037,0.03741892517627611,0.030830919788056937,0.25576627174414845,0.06203012640433317,0.09246377369737911,0.10044198232237882,0.06559015654653799,0.04989663162328288,0.07114786220216482,0.10651008654809144,0.14833000695850848,0.23190568292507452,0.08382712369732055,0.14649026457035463
U_4434,0.4828663994049146,0.3581482685488894,0.39629930830192966,0.039238463038756236,0.05618566660338468,0.3364442238365031,0.10204064071086939,0.128633387814902,0.06685279499376158,0.06950503703868796,0.06278167808115855,0.08752890554556748,0.20943558603460977,0.23271288842350488,0.499515263114249,0.04476350864239945,0.1978706391494754
U_4435,0.034829871638055176,0.8787320599418738,0.06859094171120667,0.100379691509867,0.15055832248833076,0.10481163221885037,0.1298981105836895,0.11581338946559068,0.08029379264638907,0.20912295382480145,0.2093818631344811,0.20098835745034943,0.1175688366168257,0.13408435319751666,0.07313808937842957,0.7051729689430796,0.1648471021765883
U_4436,0.36791150006734963,0.284540978959799,0.2919855608545273,0.03559481803327926,0.036321929547069365,0.19268370269819962,0.08974886406530763,0.37937569254537906,0.06824028077045965,0.42848206308825565,0.05005799780332528,0.08372849506598556,0.16949688074043848,0.17094558963229992,0.29518542565482403,0.5442364428594715,0.13092336880164734
U_4437,0.26670456279190546,0.02739311672577003,0.3641971281483739,0.07537112804988681,0.40738987770018764,0.04970355934770448,0.09829018165871263,0.10154530154858352,0.04243078609721867,0.4299935054908236,0.12057273263478996,0.9282381550691668,0.08394379040869657,0.09155544601752488,0.0648411375338373,0.263859897229052,0.10419701120558081
U_4438,0.0405940128647605,0.08296903835453251,0.0910859686306366,0.08631583446728455,0.19299463203743228,0.17096937095624648,0.1406342082175524,0.15543399607989072,0.11979785031128981,0.2029215669052593,0.1775763605916667,0.1666399752813068,0.11298380007258396,0.15864013821142045,0.07257596358458739,0.991162777427587,0.18757985398268734
U_4439,0.353814303939185,0.31535330937099576,0.32929470116694504,0.041599794018674266,0.041218743825386886,0.2866190038204305,0.10343011591068751,0.12807969499965488,0.7675566247331753,0.05716555966489291,0.0605828973221573,0.08634296646714913,0.16639661757797167,0.20636075114829552,0.20632480396053549,0.05463032139268879,0.19237166840115077
U_4440,0.33662867947614383,0.30620676819116555,0.33236341616820864,0.039415207093025255,0.048130845375805364,0.2727329486924552,0.45686168873432986,0.11378974408945279,0.7023815853641189,0.0692313395812621,0.06060204680479857,0.08344501199207237,0.17943639309758425,0.16791646765070642,0.30400759413379014,0.03744253276306563,0.13539599008942765
U_4441,0.35919061202156344,0.8553089043359796,0.29112092250894844,0.032623018570283935,0.043942018022099676,0.14232946393710483,0.07437943293583386,0.09965716999906749,0.06733125069337344,0.3748931228237319,0.05025136527129734,0.07171222174070126,0.13193499066870196,0.17567845386029474,0.27268933179031946,0.05266565250168698,0.1301167907641293
U_4442,0.04259352400069731,0.11320693004410418,0.1430252398061589,0.11011281861458597,0.15438917319591916,0.16097601524339372,0.17809063333347658,0.14910951283981713,0.10226576245341695,0.5206027924341774,0.16302985808210124,0.2558398145362229,0.11447927370890815,0.14727379129026888,0.07503136941785049,0.4268229592515875,0.2049487720866525
U_4443,0.0339452696446587,0.01895562954068413,0.5949945206279653,0.06882923413597197,0.1324389222402585,0.13686286787919916,0.11066236075903362,0.11874697775432116,0.07407903991796622,0.12219939490377027,0.1429614255209342,0.730749508017049,0.08691072562050764,0.11220546165266933,0.03986272487332884,0.35303793080390794,0.1201500050648533
U_4444,0.4071590039501688,0.3412212041786894,0.3101872543027352,0.044727691213831196,0.04287457742139521,0.17070488052054617,0.07020640655199395,0.08959748712227025,0.7038209748655099,0.05390713718627407,0.06161762561539015,0.0905716691141105,0.17587761886958647,0.19538953984401783,0.31911165847529677,0.052168644025266116,0.22777472659232034
U_4445,0.19509530762805144,0.17154377886268676,0.4644040116764817,0.024523488211698447,0.2114048274080494,0.8988429079758324,0.06013314754807447,0.27985934206135166,0.2190047489265069,0.08558093589798421,0.06469233050011355,0.06954554801334824,0.14896879823877268,0.16400591285773825,0.18887522322060937,0.03642326369288965,0.7229427854984809
U_4446,0.5445314404994621,0.48926987718506354,0.4636068311728755,0.04307765245257365,0.08069279012831873,0.22667575920465338,0.07188599132382274,0.12853801619760952,0.0903525842176165,0.08954750633879735,0.06844325029188039,0.06384360738728866,0.2083515943191,0.2692310519428454,0.5459322052148609,0.06316879349186683,0.21433866521467668
U_4447,0.0065571940034722265,0.0286889644205272,0.07948223129640061,0.09364908980332147,0.38303327655862235,0.1095161800450365,0.2933349334480171,0.0754513825420306,0.41066837853811267,0.1926278891732363,0.154643354232315,0.8504387642460371,0.09123829283020612,0.10032870630653555,0.046448499833065315,0.40459490011095284,0.07492113493124714
U_4448,0.03702499888182434,0.07194520709614176,0.16119796815762974,0.09815592389372457,0.5324972531719014,0.16501759766927332,0.12027550649022317,0.1433530560384499,0.10516220097056085,0.5677544002448793,0.1851206159784781,0.18118870211793126,0.09708847311982025,0.14631614766313486,0.05234343487380258,0.8602194286203051,0.15270917641032394
U_4449,0.25552707557584076,0.4117879498202639,0.5457531263609984,0.04213341780104594,0.13984315603738937,0.4017170250294111,0.06411289066302689,0.11043031248239285,0.7374787243602408,0.0839670756856294,0.06697216599886395,0.43697565295602336,0.14580854269389174,0.16689772224395352,0.2493545718117798,0.018506298828305935,0.08734587945123384
U_4450,0.364804302191566,0.30344690707951905,0.2820989598689633,0.04424984633868481,0.037258432526081985,0.2826106205650353,0.07373689385822069,0.09671401500610931,0.5647805034334867,0.06419541825446559,0.05050428616195535,0.08855808653170077,0.16594534183472343,0.1740423081346066,0.3026509407314271,0.0574150445977281,0.16749416522055566
U_4451,0.17484407389825582,0.3856744723182146,0.8593800647753934,0.02501266021106833,0.2036449971863153,0.21483571062748297,0.08836829109593003,0.08558249318325191,0.08801425255195229,0.045653865595481576,0.04231827143133825,0.5506341646248805,0.12346117480017926,0.15204229755245913,0.27286495813390305,0.19866301673319903,0.0937290171318648
U_4452,0.07247277503659023,0.1871941028450245,0.12124691105916087,0.10476431951632388,0.12139921263002666,0.15088333994260966,0.17446348382567886,0.14368952779003377,0.9008309489740088,0.07036306792455382,0.0777360379871785,0.48241113008697895,0.17354636141837004,0.17476356211963484,0.06259214804517296,0.027923107811974025,0.1462028159187682
U_4453,0.1955983259335481,0.1471702138310073,0.8270437375947693,0.058199544851537305,0.06434075827172676,0.2339519599091633,0.11721484747897074,0.11750715832630737,0.05480757468880061,0.29227716421500816,0.04034919028314742,0.04651272307492407,0.12797404805597942,0.1481543450625008,0.11058220747616515,0.04147697468500633,0.8376649537802905
U_4454,0.33712458651522337,0.35387906777121014,0.313646580933794,0.046345607023559665,0.05040203144132836,0.21084849470978176,0.07391793834755167,0.11623327471856049,0.05969557926050614,0.4780878771884569,0.06809345768339127,0.084849291852276,0.18288275762243977,0.1778708899590271,0.31315013351538534,0.05120546021876104,0.11262556449650922
U_4455,0.23845060322398182,0.21937625869199318,0.8553516069293556,0.0489686748811595,0.026667993121113277,0.4184246629574271,0.050832643692633475,0.0958059212276991,0.2552039674000468,0.06571267351887965,0.05591967748621492,0.05987402439202093,0.14106266069874704,0.14674996728759632,0.23733656681701412,0.029186272869523328,0.39399645012941187
U_4456,0.3003745306410489,0.4216357806292172,0.2169778310499289,0.05787559792446582,0.05777989746680355,0.2981259209431669,0.07884116342571208,0.15831606048225175,0.08240330326977438,0.10709901243771885,0.07309119531457836,0.08379811935157078,0.18694290303885128,0.2063431423992632,0.21352553854982628,0.6660894307049747,0.2216744296989826
U_4457,0.038299291194527144,0.05744158687105366,0.8908374738345503,0.09387305262558189,0.1743058614598068,0.10800467241720459,0.15061268529016783,0.15924111558877263,0.10499019924479301,0.1801878445401517,0.18402192900068387,0.19070074301727669,0.13000345654279505,0.12969665710023628,0.05834309332723166,0.34474584192977425,0.1953464915458964
U_4458,0.0642584102574757,0.18779901672348867,0.22101978734982292,0.11148058412311837,0.12082686952585545,0.20764849354000697,0.157762054227852,0.17904561905965904,0.18137570744104287,0.7128401767905742,0.1284510298520394,0.08534210860650475,0.17805585715192646,0.19327949640794345,0.07792574248120428,0.03106689646030262,0.7437420188015698
U_4459,0.030291054263968706,0.7275604513712443,0.06406274464709019,0.10216372408119481,0.16962196854908995,0.17513263108046395,0.14228929236678903,0.15674465508947513,0.12859292597804894,0.18881201725214836,0.18986326536152193,0.6648594246668648,0.12954488754545135,0.16792479581311598,0.05022538322475029,0.28994711974510295,0.16235684816833887
U_4460,0.06341086734381428,0.102226547690359,0.5820685599619612,0.06993548474680392,0.08134011848413727,0.2661546871527234,0.6610536438666057,0.1400500777854281,0.6555552394473789,0.07272192700446564,0.08338759147985908,0.4099490316713909,0.16366122796543411,0.15718763158015067,0.08333383531364594,0.03758920851082756,0.10816282834066679
U_4461,0.3250615073087466,0.31936118124213875,0.3266311202300302,0.06053493724039313,0.04028038267629026,0.23316209551868688,0.07137716796798058,0.11626261352833964,0.771888790549325,0.0784370560353938,0.07414302690856236,0.061651309740586344,0.13908942694441606,0.21911850783979386,0.28639995544709246,0.04274926912549783,0.14855784406157055
U_4462,0.5584113881931984,0.20914521749752005,0.5674746862672291,0.03493785512873222,0.04638288585753279,0.20138795156191838,0.08384486508196326,0.09401729377156108,0.05184121520821382,0.5313744242746485,0.056087298308228194,0.5337901279330357,0.1465209512600898,0.14596856503815053,0.22907042071036243,0.023661462718874277,0.1312505259485614
U_4463,0.2109689311020566,0.14367397034480817,0.20811968875541065,0.04143380021692646,0.05819281695563307,0.5882144171311945,0.12308199482787023,0.12797482119861983,0.09026090971577636,0.060892526027646554,0.05842828188859161,0.8113052307751426,0.1452184337101555,0.14602927961717788,0.0960547846805995,0.24689203368873597,0.15006317903966354
U_4464,0.24006574096060462,0.2501702202447358,0.3475178373677352,0.060999571238144236,0.05334939293201827,0.2802386361851608,0.06273963992033096,0.12271505312402868,0.039595373814704266,0.04807157606251862,0.07879303542341073,0.6262736860653467,0.16971525849127306,0.1839330825876731,0.18420551835925672,0.025402574548609717,0.6320517730909343
U_4465,0.37016385004207314,0.3223888063029212,0.2670214757752507,0.04923747546233444,0.04406653715483195,0.2814457056032923,0.08722541064969876,0.1106481426616283,0.049323236379974135,0.5788238863470797,0.04772720208057184,0.05984509684416618,0.13280008481800765,0.174419435744301,0.2871538294999104,0.38651903890692557,0.165275567288618
U_4466,0.036386923666906636,0.09773269706035811,0.11480151072641068,0.10036097575735238,0.1597053181663913,0.13921334437697055,0.13016381649935857,0.5136979304503386,0.4008918482147167,0.1722120961229689,0.22185216493258153,0.28584781169966267,0.14267388638384848,0.15871422098171034,0.08306666110168344,0.2605407944313897,0.16531814843944959
U_4467,0.26513696836156425,0.238029742261422,0.2559148905341239,0.05315910701100275,0.038833992711866175,0.1408909699838521,0.04321832373122866,0.10357544459355383,0.035138799301947,0.04540751878665328,0.04824736829155603,0.5677628852560834,0.14843646202174843,0.7674680506042781,0.5044645379521737,0.03134925592060889,0.15253926586355454
U_4468,0.5612363768031804,0.5819545364635955,0.43022229047366345,0.03236185573053323,0.04740752474127732,0.25220694308259706,0.07948235244258764,0.14197675248814845,0.07743904325943445,0.08565791483558866,0.0701162502071726,0.06146654752324843,0.20211739717214197,0.27316813257813904,0.4597263108472245,0.09405989146526679,0.21006009505799303
U_4469,0.2303544518390398,0.2388029282476058,0.2743029372457507,0.07357409364103859,0.07346469227746648,0.31751278008381156,0.14844184385954406,0.15031359511040165,0.08874215699269003,0.06573490617949494,0.07866604453031842,0.07916797831896255,0.17456456265962478,0.16197711009095295,0.11894969545470314,0.02875777749107538,0.6139077339396981
U_4470,0.034723183617607054,0.08258869512504144,0.07918227674621055,0.10336929070111575,0.1401045291891616,0.689785870180835,0.12965055229326994,0.11790518605831704,0.46189957018065764,0.15513909772007745,0.14106430186350802,0.2158362345886805,0.12336761234751707,0.1345076563023829,0.07895833903129885,0.6210146658480079,0.12776820569972364
U_4471,0.06048466648444412,0.13645140599744549,0.19475702479295384,0.12835489535106423,0.37423641458238416,0.3190680399144877,0.15895396775013534,0.19365697455539305,0.24279119470036803,0.28709432345535624,0.2941657850610526,0.22200606298997733,0.16930390598482223,0.24843680265958226,0.08990287063185957,0.41478085854716584,0.26183979362038745
U_4472,0.10824533088568443,0.2150216309845067,0.27645248867102634,0.10864076616203729,0.15502388935493763,0.22742968490200363,0.1641573785276048,0.1735988551791611,0.22625531259304632,0.08128896734072219,0.09951540407497365,0.776588921773337,0.2016920385110757,0.21292572857713254,0.11102905104783012,0.04970819354731169,0.18877885456846055
U_4473,0.04143698218101287,0.050774280931873014,0.17484926274150542,0.09656202219838769,0.2065565541130962,0.20182395640174136,0.17243476009824443,0.8129803879705438,0.10304131134608756,0.22990416875339004,0.2268520151589138,0.21230428113683394,0.12582790924347537,0.17534435614047827,0.053549459327855556,0.28717061942381317,0.22242327356149566
U_4474,0.028726442429404482,0.26201131539160705,0.0595234395456521,0.07925537026865906,0.25070018943152667,0.8715185421490419,0.09815936425324065,0.10471103931040181,0.048159650456996946,0.11702179495011242,0.14335467372702698,0.43128570240503494,0.08400775170056823,0.09597627236661768,0.03507235606714736,0.21813442818793102,0.12158033096162255
U_4475,0.18827448202752656,0.14523701905970254,0.5355129163021037,0.07042156079424794,0.06245032148634923,0.745823335575133,0.17547071113692275,0.12245386772375036,0.12945673075269756,0.4750612982741323,0.0582924535714899,0.29238512864713995,0.1613665276605623,0.1578949505406132,0.10097524744962504,0.04403233497933638,0.1294568928854003
U_4476,0.27508270740863344,0.27537294436078397,0.2638712929822696,0.04298712138783482,0.03817056362326784,0.16912015432859356,0.05389644635942242,0.10237782247629199,0.043823825158759114,0.06672904726367494,0.05051781491397509,0.8413234472916177,0.1385984094071188,0.18544268921728985,0.25756459562765244,0.40387026599217435,0.11929494775703672
U_4477,0.35065443580740313,0.9327885740229844,0.26664725831015823,0.05265205254170914,0.041284778145117905,0.1963861458518442,0.07680120699016649,0.09932271565963521,0.05008657412418471,0.0750382719344338,0.0632935431938437,0.07031234540275769,0.15496668831625837,0.18394523993953815,0.28752697300591334,0.06649024658976935,0.17545496284186707
U_4478,0.2972076826328131,0.24165231138928717,0.7604131217537944,0.05448631812414424,0.04997647630086002,0.16173745666458314,0.32126555000013207,0.11121051134453624,0.05220580710682286,0.07941813347588039,0.06280547190091501,0.05202442107642123,0.12405867485141034,0.17160769668837267,0.6449133504021256,0.030798663500483898,0.12304120218426245
U_4479,0.28914660975930995,0.18706466715349993,0.2614503168020752,0.07657899098683088,0.07031340413469965,0.2668277630160957,0.16979689021575653,0.1349655192720377,0.06284246475788625,0.06604007920173136,0.05590464422793152,0.07152686366839964,0.14956555486713657,0.25029432138288,0.16339321490721626,0.04261159231998554,0.7711298622537275
U_4480,0.04594020824208213,0.10478457499062976,0.11336455366974627,0.11223086518707559,0.18183442488490564,0.16701478003686443,0.16700571687951918,0.14349480061690922,0.8504842159932007,0.1964904202255211,0.2053780652753587,0.16857082228153678,0.11264071268704963,0.18541357983017556,0.03925406522071966,0.24824772366768705,0.19014167425624245
U_4481,0.23467783413820525,0.16323006996885808,0.24875983364758675,0.07366043304498561,0.4001815219612574,0.705816174706526,0.15201052295842618,0.13803360696175793,0.0705543949823641,0.061724082119207546,0.051875444418898305,0.568924907373896,0.144920071046292,0.1546465425372332,0.13016805821220612,0.019091477137464185,0.5966905493673149
U_4482,0.08529226564595477,0.23822734695323478,0.7958827368824973,0.09927054214354904,0.13208689725927447,0.13137398633254035,0.14753346899624437,0.1701638431763542,0.2111575797772693,0.07782786412030201,0.07680518935365233,0.6376247381153807,0.1966193772210191,0.2242114001260822,0.09675317122030787,0.04041255364415813,0.15544703889052475
U_4483,0.208954099357232,0.20962857242430322,0.2029171115739689,0.09184539759637017,0.11248278421244558,0.26249007057274537,0.18490330922210052,0.17392584595161445,0.17896903547859705,0.7223340932516489,0.06770332635728092,0.6001588106015698,0.19281292079358014,0.212113879363289,0.12266853408109067,0.03539021096290693,0.16792851840391887
U_4484,0.3074476023713547,0.7189239852604324,0.6308563385835261,0.04909726460019212,0.04720024570983471,0.16220830392903504,0.07523545573679,0.11239572885560377,0.5720575312116829,0.0938227371185162,0.05874816608122171,0.06044551170857886,0.155495961891834,0.17011879321760476,0.2654052472361472,0.03534420407952368,0.09928326905041279
U_4485,0.009118494471042897,0.029665112328370533,0.1125051071773551,0.06768357849287747,0.13222603075673495,0.9224434975605409,0.10061810613737475,0.27005054337933054,0.29925095287626935,0.1205641395641637,0.13463670423758461,0.15128573527232148,0.09277732094993751,0.11529899040240939,0.031574943091301856,0.5279172917406386,0.11341443984205327
U_4486,0.2762556222284337,0.2774810672041896,0.29058839791647983,0.03726266478700116,0.05848507267485885,0.25851844859987927,0.10512037984006017,0.11090223980958203,0.05046774639404648,0.06228869739281187,0.053196063985221,0.11764119463507318,0.1228227810605024,0.20965477683628392,0.1568586961178863,0.520694292088682,0.7169577097008784
U_4487,0.2605211955569071,0.5964750093936574,0.29027250586816755,0.035297819169064604,0.033653675822187194,0.15540974113920872,0.06781135354283514,0.1141059340110318,0.08045147658624964,0.06633850736861902,0.05568453462416867,0.7712724115082901,0.15839447373980342,0.1700360006671997,0.24728466380027508,0.032113637605000515,0.1111639926590783
U_4488,0.02880992517542181,0.06195729737104113,0.10207333012321948,0.09840725039386397,0.11571439190800938,0.9190401129490244,0.1187201192490826,0.13229693013148222,0.4308836674897324,0.12533699774091941,0.13113743608213954,0.08161796176227477,0.07525835578855973,0.12912129930943955,0.04127868762659428,0.7020815608449575,0.17777194742212044
U_4489,0.22832043559670406,0.17334242286220697,0.1997744473083034,0.019979326500794647,0.03577217350714273,0.39170708320766184,0.16858802711289345,0.08921595975342363,0.03881442140297003,0.047098825774558234,0.03881661456400244,0.06149636529012936,0.0995590113778952,0.3945930174345003,0.9249375889963123,0.024079013165002765,0.11205360628432615
U_4490,0.14594889646166673,0.41582011334643115,0.46507299870303465,0.015195150043620886,0.11768652623335857,0.5796641454209404,0.30033181891894345,0.10171177879338647,0.49584526060799416,0.034937638229511084,0.03249398333102536,0.471987568302801,0.1339786895760014,0.13689023246963505,0.05691168785779882,0.09200748319729485,0.08639028276174893
U_4491,0.37045874094346126,0.3464941317321379,0.3244149158324124,0.0569405449196687,0.051977984254127994,0.1610185593568935,0.6897203534925685,0.12831663805243404,0.06005907825376136,0.06635904828264073,0.08007657249534617,0.06971891255849114,0.15083869733984276,0.21035432752247027,0.33302205947933106,0.05173900114841661,0.1306816165656185
U_4492,0.3443400267165597,0.29040617379934375,0.2847825545223029,0.055413692202872025,0.058861372534584525,0.16328718081381988,0.07891942070803415,0.7145264478918926,0.6092465740198391,0.08063809889952397,0.055923278860792895,0.057647246755375685,0.1623961698110765,0.17226101995933327,0.2948460974083833,0.03433972434746961,0.138178425514549
U_4493,0.06570390179679758,0.7129468002392809,0.11881538041695024,0.08250161147515174,0.1069281897141816,0.19527367983401817,0.18341575591454196,0.13812780943927613,0.6353420063488786,0.1283223625357255,0.12268199614594198,0.6995679249627318,0.17475578871524264,0.17013715702505924,0.07394060453760673,0.05397980008361569,0.15012691428202887
U_4494,0.31877137311604103,0.30261908508388186,0.2701594084539517,0.05731041433750857,0.05013088841110703,0.22732456888800534,0.08996742008167145,0.5088083976830295,0.04738331132644634,0.07769086930357269,0.05680918663934558,0.6232778604950941,0.12611490007708426,0.20109781133586493,0.5954631159673542,0.02379306959713406,0.13928113720174534
U_4495,0.27069237359150733,0.763575420176836,0.26952649938547274,0.03943205830860515,0.21582865842312357,0.14088169732395464,0.22908567007500644,0.08106919754989843,0.3718951204912796,0.20044433672958567,0.04660518750570492,0.06632948909470532,0.13254986784513767,0.15099612461070405,0.22415055604715242,0.029957359045378162,0.11854609185188958
U_4496,0.33174601513907614,0.2894187005958392,0.3069905504941997,0.05511162813394173,0.06044289615983005,0.8675960800591215,0.06736761248304067,0.1156493021695211,0.049322788403496715,0.06744258016389594,0.08397770412125155,0.07893151162412049,0.21599832922124157,0.21519053456667875,0.32701060963837,0.05507305034758635,0.1444166022072273
U_4497,0.10191275833520388,0.12622296746660144,0.09786791877727741,0.12625663413634555,0.17073046659535573,0.14997880615292156,0.9153616151412806,0.19358160650111414,0.07401813687811858,0.09144199719690076,0.09195004261105716,0.07462227939145263,0.13331557501963737,0.15622156791023692,0.08293447394496137,0.3429256163699075,0.20486094315017722
U_4498,0.19089499454830722,0.16415920561038685,0.9363477497492712,0.026726981203804127,0.03433298313331856,0.3365499468973354,0.06308433893590194,0.08556160062050858,0.38248739510898844,0.05369276417234108,0.04326567188676189,0.05001997988819125,0.12105957529849332,0.13379742841269376,0.21259604973579524,0.03961583787660257,0.6243568114798186
U_4499,0.4270757086450546,0.414933412963581,0.3012799556711722,0.06827219985928244,0.08777398901583294,0.5103713191957517,0.09564467404979772,0.19856058395098625,0.11831196026338753,0.10997667726287805,0.0983567014699799,0.09423266617284731,0.35217914361874103,0.2626009725812368,0.17092080957266675,0.04579237830446822,0.28658481715685075
U_4500,0.3042719131639452,0.24332771950130125,0.7984860394656927,0.040175658693202165,0.03562191903942408,0.10421614110037206,0.042309804950683524,0.08395734031489388,0.0324944952312251,0.044976578980025494,0.05659858063901074,0.03378684369140755,0.1289585578241308,0.6610975110830056,0.5473052022546916,0.03270787171018858,0.1405003731825707
U_4501,0.10593224591743053,0.23955423133513332,0.6279942250721182,0.054588476188749714,0.07665898942325994,0.2398240620444784,0.09528946362102493,0.11848088200097975,0.09077523296638904,0.09269183971938494,0.11540850311498588,0.8153520973268542,0.15152662788735452,0.15385335259870686,0.053522932858692196,0.02448461066103396,0.1410567473991291
U_4502,0.06830363591183475,0.19034084895127634,0.8693503235005395,0.10452395699297755,0.1204560428882627,0.1711557137391781,0.2361899486607001,0.5498018294959359,0.18925825191125234,0.06570426239306423,0.07313780867017539,0.4523943919776201,0.17100849997440198,0.16880056204527769,0.07144637952535599,0.034708565426141424,0.14868731289669396
U_4503,0.239845540756016,0.2456828395370772,0.2629466877784362,0.042070333575108754,0.05213877045109801,0.2957338735631639,0.5650072978160318,0.12333548996015808,0.0900868726615035,0.3704820672272427,0.0687898686622111,0.07340915965213435,0.1605777087012415,0.16395166259816524,0.1371877776558819,0.030569741336028716,0.5138932206823881
U_4504,0.39831370173182695,0.1709827163629869,0.8270152544885976,0.03406218104727789,0.020853778332608354,0.20262797879811284,0.039832357881979634,0.07557031394939913,0.03988055967003622,0.2138520452235857,0.05633024075497479,0.543107953849782,0.12910329408187296,0.6188751201157835,0.3050233464515783,0.019740694150615377,0.09947904011274403
U_4505,0.18521931380616677,0.1850403451512907,0.26538651946443914,0.06289694076133541,0.05950663464230061,0.25301850573888396,0.1293667490857312,0.1336255750845607,0.8169844707695558,0.04700725890970983,0.06537902234575235,0.07041838495093476,0.13341227653703042,0.13829199446914603,0.08911773686551135,0.03781282275073798,0.5105465816948748
U_4506,0.2100451557514827,0.5944393702376418,0.19330562882102245,0.054872056537397323,0.05595032539240989,0.2670835820894372,0.11430074032164927,0.13003578584099396,0.05036122722027355,0.06468710981911516,0.050952131207105025,0.054099695294613254,0.13812491058301574,0.15546347857650372,0.11336544503885282,0.46526001553165974,0.7798834329383566
U_4507,0.25541927749827764,0.2811848910345155,0.8459377183147159,0.04594351361232848,0.27183119267551303,0.21887058487046698,0.0611081138408609,0.2002612656903237,0.2584455972704951,0.12160385478598033,0.08638349181973379,0.2807368559138174,0.14924563857683454,0.14318292428016177,0.16472315053707692,0.017326768027546964,0.12885442861514051
U_4508,0.24535771897446615,0.23317777266153744,0.21889105191785446,0.051326375469397084,0.0488713768394112,0.2726839114715518,0.08187914714122307,0.1369761066837231,0.08005096639441159,0.37566880323988333,0.057148294836571654,0.6770094720292938,0.15946771232903278,0.17337458905798925,0.14267128413575272,0.03619531862469645,0.5860696299636977
U_4509,0.08588962182341488,0.17023672272308232,0.2465278912197721,0.08296715427635615,0.1151438213925797,0.20198531316840726,0.138382251049813,0.7528060683002756,0.20195705378179113,0.4921562153627162,0.07876001833191738,0.0876266700333642,0.17113157739636514,0.17616748245837444,0.059620839858077285,0.045268044891228744,0.1759427003102309
U_4510,0.24738297664895859,0.17869487063980322,0.22315739243293192,0.03246409437199784,0.03887164330340583,0.7171148336936728,0.09391183073714296,0.09726636311105456,0.04095571427037758,0.05133240031614327,0.04967338405592388,0.6224623022802857,0.11550545799092296,0.13633171893418078,0.22540842317778065,0.13910036085917887,0.5842739385919784
U_4511,0.04950922565497382,0.05050038770763855,0.11343492118536125,0.11479646123554518,0.18084245291833784,0.7047987001401744,0.18153710215271143,0.16579211526339288,0.10331986104431093,0.17788173333320167,0.1766916323988993,0.20621127703288794,0.13165530014241159,0.16081260596803784,0.08601852172950056,0.367989759196963,0.20116363758231498
U_4512,0.042187937448734225,0.060797503394855255,0.17073518564588228,0.09527471809807798,0.1462596827458086,0.19608708775638972,0.11879308933343727,0.16259073302858312,0.11361894424940375,0.5964518692949468,0.20483730606942258,0.1487164188281524,0.08820181331398139,0.14908366926076258,0.03176724726234986,0.6799370402906866,0.16180835835815163
U_4513,0.2829994000835747,0.28244990665047554,0.29133150946030384,0.031197866374662125,0.04292101384757564,0.2825793690553142,0.08741932501596958,0.11687935754146568,0.38317846650350945,0.561780208596788,0.05002130364450583,0.07521288352415426,0.1588844368536736,0.17604375962143218,0.27555707015331293,0.04901220929404992,0.14096291008743916
U_4514,0.555079908634861,0.23319203984861972,0.5214077711759533,0.033928317711905756,0.03984459281681624,0.7621655662171604,0.08062399276440951,0.08397594681635898,0.04446695037529963,0.05116600220164592,0.03511387385850887,0.40832868075027234,0.1085689188713253,0.13492798375435056,0.23750133008851398,0.03781668915506081,0.1350196179862464
U_4515,0.29326232780033845,0.26857079844170617,0.9710036733562917,0.05621647550675779,0.033180439193803916,0.24091160761798347,0.05403239114031625,0.11907529009421572,0.046066761607838846,0.05874715139353055,0.06273389111331054,0.07173097663415832,0.11853804477208324,0.2005333248436501,0.29905863235783703,0.04703162361440859,0.1468402750465157
U_4516,0.03784832658357767,0.09742140846363981,0.12081208019568138,0.1073018485803081,0.16114299730089848,0.12719438713775127,0.10818592118859793,0.7018124561422739,0.065965095734466,0.13090739577338456,0.12275226736681152,0.11277206683123397,0.07639831869914299,0.13114973809764285,0.07744895545614401,0.9614914052975542,0.16425805861835238
U_4517,0.13848818659044435,0.46557732986076855,0.2856698403450382,0.0691205949584223,0.11312275027823326,0.43058044319192224,0.137877335016731,0.1669979245646829,0.23483522552886393,0.20765814924052312,0.2037065059043877,0.2980556261783709,0.19802007432955412,0.27939222809217223,0.1452593874079626,0.16796050726953263,0.20086032715669183
U_4518,0.34779954098872895,0.32989759523634543,0.3204808428448248,0.05014509983819696,0.04446996922557924,0.17339510744368242,0.06992111658501804,0.12623514499115424,0.7421686816501463,0.05515784386753496,0.06740351770832717,0.0702493719536923,0.15292214195317086,0.20971220613555544,0.35805962428335886,0.03786739541015486,0.1486626180101785
U_4519,0.28378606420425817,0.24200934331310514,0.9841449422476438,0.04648767493017268,0.04044186310700941,0.25140953933455984,0.06874265006748306,0.1188605670289437,0.050641390410173195,0.07877905550861639,0.06603127832123852,0.07604239018793113,0.15938942996853342,0.1715563886784225,0.26229018918965635,0.04942428868732699,0.15212803141041087
U_4520,0.28689569536122134,0.22031382920951859,0.9675867529613651,0.03670663914470031,0.025766813595807916,0.15678416406549936,0.06289469977570628,0.09327121192642611,0.048471901440214814,0.23760930834135485,0.05733595863377793,0.08935748375624003,0.13245471969903894,0.152022218650119,0.22829217177420427,0.03626845179751233,0.0997321189467961
U_4521,0.3381546290944935,0.27079279486664454,0.2917442284430594,0.037149474227078934,0.06689972903234614,0.24589314481563046,0.7295276027664372,0.6035401734199577,0.07209563208260544,0.08914493771282926,0.06888429477621184,0.08220166099237462,0.1654419746418639,0.17749017250828752,0.27458118045398616,0.034720772608039956,0.1327926938093852
U_4522,0.07865480466586301,0.10674857173225916,0.19165001296630224,0.06582935597095353,0.08845996553787379,0.10751556862686705,0.16826576717040448,0.6261722704166502,0.4849315854311247,0.09476064153175477,0.10163417941082088,0.6830558141958039,0.1681132834206932,0.15243579870468352,0.08632996584565118,0.0320112028330964,0.16685204266774267
U_4523,0.3043547528202789,0.2892467235718121,0.8888738971287964,0.041790207579949265,0.04084268585364917,0.1376238359014983,0.0688270689988611,0.09235531690596874,0.06365892031362004,0.06297726835338226,0.05357974712732632,0.05089446280041969,0.12899803345579217,0.1564522914714241,0.25298128093450234,0.3767885213671217,0.10901327959890907
U_4524,0.5069523703502794,0.5101544438551548,0.4809121902226746,0.04124641700631333,0.071918248047628,0.32420827249351003,0.09360148392316339,0.14314784113007428,0.1866197019537952,0.09312092977291289,0.08765099545349062,0.0788673807990004,0.27574882710574367,0.2816843721664929,0.31797277751793723,0.046626367519272585,0.21180398937447645
U_4525,0.04604089761721059,0.07186960085673519,0.12882459186987025,0.08152284869407381,0.20568303945687397,0.18416407508207805,0.13090662338621123,0.8451030198668634,0.08198884293637912,0.15453912030616443,0.14364202429540338,0.3451595702838478,0.19843809428358822,0.17673668426630307,0.07342536967818006,0.34700024319867784,0.19156601459093986
U_4526,0.35500045594879825,0.32945798553410344,0.3142201237355352,0.05482747007917092,0.04645494703330396,0.21778076278223804,0.7072224513619737,0.12764186336029532,0.0586834043970115,0.06547735933401214,0.07580024914736523,0.06900403237385222,0.1484111795506102,0.2078120252046413,0.3356103807827196,0.049734689073768976,0.14571605123961212
U_4527,0.25197064744669645,0.22354261860269814,0.3152686469173296,0.07637650569476505,0.08686591463811293,0.2630023579509932,0.18133406476583153,0.458615743113152,0.05075925335131535,0.4798146209819286,0.06197346947629974,0.05594163293393197,0.1439378343036965,0.18947516051842142,0.2590699170781239,0.03119659402031161,0.5931822006922083
U_4528,0.2005138015873346,0.5348489911118869,0.2789376779391049,0.02479545802457933,0.019662257999484182,0.7337258861457782,0.2759383848604335,0.06388127879564977,0.08288890453974354,0.14807577755810805,0.02615530826480405,0.051709420614199905,0.10073042940950623,0.12036247803108094,0.10930798784572615,0.13539730169057967,0.6232364367047564
U_4529,0.08144745518079954,0.1337348853583497,0.9097858881400813,0.08253815070878348,0.505389515691817,0.1719992000332945,0.14755067188241863,0.11528902335887674,0.16974086688194961,0.06909410536432978,0.06508275777325778,0.06520348292726764,0.1493272947526826,0.1559955833454903,0.06287991893254591,0.04049668015630064,0.13455818764449493
U_4530,0.2385264051969509,0.7052863179710918,0.38504199786785176,0.03289065901130002,0.3092750553847469,0.12145190648052677,0.037539746065679024,0.07123749231970555,0.023162095591768305,0.06217573911969928,0.038838508677995535,0.1807871285347008,0.12323705342608164,0.7961155778188146,0.3385095710064707,0.20604921129414056,0.0835929554655236
U_4531,0.4195715101573805,0.2827715227966982,0.42935764934440596,0.10095876626925815,0.09665981899782286,0.3906504822423823,0.1788893533512711,0.19528592488298568,0.06196774419255355,0.09343943987672942,0.09569516023270591,0.08609622537172072,0.22016674207417833,0.22867792478948656,0.4328379353548042,0.04626739019865782,0.25971619224664894
U_4532,0.3108094012220917,0.23801375093574378,0.2540159639323691,0.031011468216702684,0.03211940721892848,0.14987829140207948,0.2599818135213065,0.08834787275093815,0.04774601399006263,0.06021699842366526,0.05642917460761865,0.7752879127507034,0.13258752998131215,0.14014181312402302,0.2783408216331054,0.2827520642720241,0.11520864370883377
U_4533,0.040726258683757406,0.05967629178901568,0.16202772444606944,0.10034627082211382,0.17801145574073907,0.10770220520025856,0.12071136834120849,0.14056632607071412,0.6919284663484762,0.1507407272306164,0.17401616219374244,0.1432695123980485,0.09943668620609163,0.15967054513679602,0.05989292708556503,0.855611894667,0.18245225327655346
U_4534,0.18818639600168308,0.6397260172966278,0.2636354138420523,0.04020683729008442,0.3924185105083575,0.4168469130080449,0.21623827153599084,0.14598552730238804,0.23644291913762006,0.05217688342512178,0.05469736117061722,0.617757439921236,0.14192894638728992,0.14480482963177488,0.18738967550860505,0.0006429041905440685,0.0891986472003347
U_4535,0.03131288764393535,0.15857606607614133,0.10369355815938719,0.110360710484001,0.191909538279449,0.2920679233655482,0.15214888528014475,0.12484710033232677,0.754746395097576,0.1738080206836279,0.18959985178895958,0.28304367722004453,0.15567564157889077,0.1785165048382199,0.07742039463926825,0.3923991371853338,0.17340670023685953
U_4536,0.007367241542125615,0.8877551885405097,0.2986254826340877,0.06745222340978685,0.19335001105681718,0.10957232296118592,0.44138339435940294,0.1760165200860084,0.09617553076421215,0.15361665930526974,0.14772152806311717,0.213848066331675,0.09094998514414332,0.09078005917378208,0.037350140145927586,0.2779338276906602,0.06652940046521508
U_4537,0.24481114513540336,0.2614234286252646,0.2671813446555768,0.05355355532164137,0.04653752410064282,0.24047698745991233,0.07439466591728759,0.1416972498500687,0.05667354850879089,0.046312518471154356,0.06305898957736648,0.6108368843245952,0.1597403718592204,0.1852861211659232,0.20550164489397132,0.025406124639706717,0.7741096147242678
U_4538,0.03509830721140274,0.06105131171909736,0.6186679673138732,0.0697066949358317,0.12500706871597925,0.14932438999090203,0.3674890591398232,0.1333203477968956,0.6122512350399776,0.14782167890317402,0.13319478680184715,0.1495195325738105,0.10962132451238527,0.13234176388568414,0.06160408505517853,0.17215727924818017,0.13302787501369923
U_4539,0.031147173161777283,0.15596818331934098,0.12252056191843991,0.10546553325495757,0.17094189529242035,0.14179831998306242,0.13615923756361506,0.1283966215119802,0.10049137052721842,0.16480649017186733,0.19543612608989674,0.96460150866762,0.14437469763556793,0.16635000088745805,0.05805107997057446,0.2750444922975756,0.19169763626261271
U_4540,0.031859342893481385,0.07708558310450057,0.0970182780434084,0.095640058669677,0.1648009110105026,0.1453846879797285,0.11121452742207844,0.12812275915417107,0.081655591863397,0.1312971452238368,0.1517208399652381,0.7759019146225266,0.13274822425632266,0.155603169894327,0.09269631861091965,0.9067358881287733,0.1689633359754328
U_4541,0.02082927482240774,0.25714219629063245,0.12608857650629618,0.06821778160335086,0.11116868342892917,0.4523195514574633,0.09240412377267099,0.12032392785062632,0.7600696929084948,0.0920485187123909,0.09888222197662329,0.21167164820716733,0.09963522636544898,0.08484949342321303,0.04759737144452244,0.41324602718504533,0.0945196786240791
U_4542,0.048531287610855234,0.5077562517634874,0.16363426803000064,0.10879802826389273,0.14192836843571402,0.07801443001600909,0.7771566770569196,0.16594398647866912,0.07673063584405823,0.15704658826657564,0.16150444160840408,0.13526286366899773,0.09718913902405944,0.14534449101168917,0.05723352648399851,0.5802375640674475,0.1643247448846321
U_4543,0.29129098499550904,0.31059270263180083,0.9316244112352668,0.0580386075185651,0.04959100818614632,0.22321310185900398,0.0713795055626002,0.1154733141738622,0.04608184666364535,0.06328206275765988,0.07792029186435417,0.06333159766312878,0.14113642000050486,0.1885536729921037,0.3245908151404922,0.04025055589766863,0.14162063230228875
U_4544,0.3419699439653732,0.9164609607293125,0.2555840522205184,0.038936168441332485,0.04082074686445307,0.15712257249825481,0.06787821198923524,0.09648477723923923,0.5593815445044885,0.053161346911679966,0.048132106459249986,0.07907101118218669,0.14503197731953854,0.14536305414228154,0.23784116320349705,0.035107473099585076,0.1078160306354794
U_4545,0.14096827751132396,0.13134650685683083,0.22861220595882548,0.09345399825615,0.093491827665966,0.21122180934483178,0.6529530397214114,0.15936827571218032,0.21169777971214415,0.09185213508090087,0.07782069019178084,0.4529399263712523,0.18307128435284098,0.17617054618321598,0.0963259019956646,0.058951541713311184,0.16187539178675753
U_4546,0.23834557754957014,0.26150085920983035,0.24970929769681355,0.03420633654172364,0.04720012917592424,0.28852664161675584,0.07303686368131357,0.11429223823080678,0.061458453011459815,0.6639349518414068,0.040754546889835444,0.04718692774077918,0.12285664729366415,0.16536411526477854,0.1433589490562601,0.29997676090831465,0.5586654204857188
U_4547,0.29297510611644023,0.2997464488664996,0.7925213929750949,0.042345122667265575,0.051772346800430045,0.19910535302916493,0.06176123780195837,0.10496263163259031,0.042351107043832145,0.5718441653218557,0.054632078669932874,0.07422041405721633,0.15182628686680588,0.1696971284450394,0.2911756842505071,0.037551754098762255,0.13685222235866026
U_4548,0.05951582037349647,0.07664362833800643,0.09681002834104727,0.07908062828973499,0.1563241008541296,0.20776346704138068,0.8527454623717075,0.16194315971265755,0.12120976440172364,0.2391951794183978,0.22977511338957113,0.1400286132691887,0.11282533142137763,0.17071121135374978,0.07195431395388834,0.36140202485768047,0.19254605851260598
U_4549,0.22867313769105668,0.12520456562823934,0.5418500518379903,0.05205523208338114,0.46407670022985703,0.4471689122344297,0.11744357253887372,0.06316107501797803,0.08713315750463557,0.12957326910242026,0.12327056114565997,0.6589863266292163,0.11894625065112262,0.11525405539474314,0.03936076997858701,0.416899664959381,0.11636071376126214
U_4550,0.02446075444660348,0.34875707343060725,0.2949834195425216,0.05207845284249499,0.11739120612899011,0.30352962233042335,0.3036279468203696,0.10567219962593917,0.07761680405804884,0.09542628877854283,0.14543221918232616,0.901192876060364,0.07644178750377811,0.1032949893025171,0.03176506609276422,0.1975982514113196,0.10500739119101887
U_4551,0.23316492982721865,0.17235619911645578,0.18107320206597718,0.031190082040746307,0.14645326945341508,0.2591113023497793,0.18358652358577712,0.06693287566703982,0.2262977743054178,0.0404608664382146,0.03240229856943087,0.4683372566149394,0.11146329582887769,0.7685557212934337,0.7653348743903983,0.019370822455530852,0.09889604866182189
U_4552,0.16762872592381534,0.22927211261555067,0.2102651386524429,0.10396265573978582,0.10840119333450064,0.2771655480490917,0.21030115036304886,0.1540321600080657,0.18164499314770616,0.0786149028358753,0.0973728030402656,0.7674340381786271,0.20421234099545393,0.20340734631894533,0.1167769005532764,0.039488450785189734,0.19280235854305236
U_4553,0.25481379294201234,0.22534709651926862,0.25096310271329847,0.04137196723797134,0.03424633229075685,0.15319301899765705,0.2442287321562544,0.10757506481021872,0.2903100962122429,0.05010271288018023,0.04932147327849686,0.07344641497873475,0.1179864516759478,0.7403257603920059,0.38932122739508246,0.047538400583478475,0.10988241019017536
U_4554,0.5566597593844512,0.5058649634914933,0.47412401318291664,0.031689275233133724,0.04688845970144435,0.47721878060556155,0.0792294849264521,0.14534175149396739,0.04908385648616233,0.08445132797956499,0.050439933136510254,0.06578144944730459,0.1859019385855233,0.2711037077962122,0.47997107859510557,0.07331304820609566,0.2284220665155454
U_4555,0.38181952249480466,0.3527502470291656,0.33161585336773786,0.05558323917685133,0.045116685876447994,0.17400729957376102,0.07183288313747052,0.8344944559541176,0.04415984191250562,0.068039997780703,0.07277363407333562,0.08762835503913483,0.18804280241292326,0.18922202574465302,0.3156250318512001,0.05269787971502441,0.1960991650543656
U_4556,0.05712784091864512,0.15502136992498552,0.19001644516019092,0.11731633296738235,0.14680975791262596,0.9360092192370348,0.1908206795040259,0.16567619032412106,0.2075588199110609,0.09590900224164034,0.11123046393154153,0.15172735962824505,0.20699800278234712,0.19337234728827163,0.08769866502850152,0.04774170908526791,0.1573035792561319
U_4557,0.0974884652523191,0.1219722727084314,0.1366679219279209,0.1712329303772406,0.1741605716106435,0.12477810516857443,0.7964920039971176,0.1839436161527464,0.06235756476739729,0.08331317463286156,0.09795649311374506,0.07279640505935014,0.1674215362407545,0.18737847199366647,0.15578040974621404,0.39084943991539023,0.21195882839193553
U_4558,0.029971824838422943,0.058617391829366074,0.11116888652865635,0.0978681661562734,0.16725998771552048,0.14726512917971143,0.7435420368753876,0.1548872134357529,0.1350664795139278,0.21061479345568468,0.17199662791891152,0.15826599903792704,0.10985830755271421,0.16775440704614,0.04724823948344509,0.7644303306281155,0.16799587964903634
U_4559,0.2308809278315775,0.7454386880947517,0.24735066444478426,0.04855410890727514,0.0384045066183642,0.17472675190796766,0.0811095159126217,0.12401135777333537,0.0917677165334225,0.060518237165335914,0.0739175898720808,0.7306524862556556,0.14443847765801365,0.15588455672233695,0.15381563541178073,0.023844934536138455,0.4816226828222354
U_4560,0.24483491922667014,0.3811560035206807,0.1974764440064502,0.015036917714597465,0.02253371887244034,0.3976884131439533,0.04544320891175392,0.09590111929197376,0.014161978411293075,0.1404020019387637,0.0412134851207031,0.13487833031998825,0.0966240970123997,0.4655278818263219,0.9077722651191804,0.06772339072394958,0.09175326287356754
U_4561,0.2502722833798507,0.28494901098269837,0.2640462479657892,0.06624366309152514,0.05242020915818359,0.2902996482919685,0.0850830013870455,0.12877149594574608,0.07948322584864692,0.0584500466326332,0.07437239396792669,0.06463951861681064,0.14130756310046907,0.17320590091751342,0.15092353074462347,0.03687368571907637,0.794648853471253
U_4562,0.15978704747933925,0.18912492044251078,0.8699572786160763,0.029859249710434427,0.037873382646672345,0.2086696721183784,0.062108499258183805,0.22137489161935278,0.21676945961893188,0.24463903424659642,0.046656253842653685,0.06497309066841081,0.08891603399093975,0.13025748161039644,0.10197346963904902,0.03506403292801485,0.5383222002356041
U_4563,0.2505091802315841,0.19629258188929927,0.221507967742686,0.031407433811327726,0.022855716350491807,0.2945500293107786,0.042689256082595314,0.31594427859523877,0.1721133896202618,0.05540555185267294,0.041732306444005336,0.054862621901285095,0.13062167325711754,0.822417103088031,0.7301162678847004,0.02709961730430683,0.10499689135204374
U_4564,0.48634557633676245,0.23268161574802776,0.5945206633220176,0.043079415176252855,0.041306222016034594,0.7079197885502011,0.26493788092705856,0.08840474977967168,0.3799846673749209,0.047505608023312086,0.0573392342311583,0.2938359961584123,0.1386065582783254,0.13719141585761846,0.20136602028356254,0.015834849694320908,0.10624302562608297
U_4565,0.264767481355644,0.24226881167056935,0.2519263320143291,0.03414668141050843,0.04488317840670381,0.11017637290930793,0.055076804892001174,0.09649613296221177,0.32323319583106114,0.05164541054874243,0.048968497546084934,0.05245609117523086,0.13202058138769898,0.7157098564439511,0.5477793810589882,0.029973757486874853,0.1626255287974265
U_4566,0.18500985942237827,0.15214990367134162,0.5775774920617625,0.02635520047258595,0.024038372582822917,0.69931609727481,0.15960640269296741,0.10264780721728284,0.15263446169419387,0.04549442419057168,0.030908333268040714,0.4780282896068885,0.11545941260237653,0.12461317091042512,0.19486948756296169,0.057266914095346816,0.5583455029979564
U_4567,0.042997835939961225,0.045553952508120804,0.07712044694446579,0.0986161131248423,0.16089701366028158,0.7907462894851283,0.13548488464115618,0.13463536286642327,0.09344935112384214,0.20049495142239251,0.17083714522003052,0.19062636986720785,0.13419043851015044,0.20636265122919628,0.060698815635936404,0.32029088280780177,0.16390224147925808
U_4568,0.4226679947597298,0.08144945319480337,0.4749401310466183,0.09184878390448896,0.1075859840503165,0.11658236016730825,0.17182791041705098,0.1400739666487244,0.18604607490554811,0.07762458011417861,0.0871839547885708,0.8141137682029627,0.16963188493561432,0.15356311448276994,0.0734988003701357,0.0528830667759176,0.15020253436741315
U_4569,0.325140263998932,0.30024774657293396,0.2573886368824777,0.04810719183695192,0.06095552649864333,0.2129749128934931,0.06011135291322604,0.13193286042034463,0.8062901392696221,0.09539315074118705,0.06615429050817284,0.06723653712551793,0.20052922404004014,0.21005606921873343,0.20659091895360507,0.03371386637216536,0.2760083593164103
U_4570,0.05105436245266209,0.10301734860169362,0.11535011072665735,0.13949893570144503,0.1518160779722041,0.10564493896348061,0.1382828210792435,0.13866394666492668,0.656180852888518,0.5953828629529828,0.09653017688017414,0.5865130424519266,0.08380503703896937,0.13688808047332923,0.10018037821284344,0.3661298858850505,0.1550117753863409
U_4571,0.06707220784591329,0.19315554729386278,0.2679894991160445,0.10386683286771474,0.10206031134554966,0.1971903828256934,0.1368595622226229,0.15517690699316733,0.19887491057667306,0.08825799950507482,0.10330104599400534,0.5720417802627311,0.16775983963481106,0.15747339215499662,0.053888256136706454,0.03063971539829777,0.5699553717693435
U_4572,0.05756870591941352,0.044742661113607765,0.7260699366063835,0.02373652977038367,0.19812537644722122,0.1449733494308392,0.3383087244125267,0.3257898138522867,0.17902846220899493,0.25470892819621205,0.058233867951162824,0.36568633783394655,0.1532929920966269,0.12118091631518252,0.03875157980976978,0.1212117483335216,0.12273856489906002
U_4573,0.06323279993605409,0.7225965544267459,0.24097631310651366,0.09520083613071917,0.5790941794000289,0.13971476148368067,0.1377881533295329,0.1551017276988334,0.16712381829604656,0.14151086655111383,0.128242672209121,0.09015053705829157,0.16894066511680628,0.18181286931006008,0.06840616180394399,0.05337971512994372,0.14755190823781594
U_4574,0.5104754050244594,0.32382155598802204,0.3165620832071498,0.03718816172363413,0.04984947070926964,0.16475617465458356,0.08731277091096654,0.10980488154348925,0.06424034809173812,0.0781541971435038,0.058560453860895145,0.6696105599725792,0.1676309628127281,0.2040785731833058,0.29775986013126676,0.050472546007997686,0.13869758901636955
U_4575,0.39386886636907786,0.30675543796064847,0.30996928595049805,0.050373216662490776,0.06105257510398837,0.16331407437413736,0.42747732220869583,0.7521123619388089,0.06581614692154061,0.06647406116412055,0.05817480923599556,0.049358715366062525,0.14272024111657877,0.1738540911602345,0.3085044151034563,0.03901152774798272,0.1380151863090987
U_4576,0.3615718462722354,0.3124718419220232,0.265609826009929,0.043986855561762184,0.049231787781947506,0.2043381035687523,0.06446998509294946,0.09671501720915351,0.08185992911546937,0.07024899920891003,0.052949079105745284,0.061998822431447664,0.12623503515346504,0.17380667171155875,0.2666319721328532,0.05196553406144637,0.8011368847611591
U_4577,0.24589964600626546,0.2732645668703122,0.7468194394364455,0.04563673717316667,0.496998307707504,0.18207622659912218,0.0948299182984748,0.6632150101203653,0.15328791700327687,0.08270859776637664,0.08152515222360741,0.0826345097184748,0.17174831250125766,0.1847533245231128,0.12102726461727009,0.02978839615379045,0.19351731547567486
U_4578,0.27714813272102706,0.25942063878925753,0.28213285721190806,0.04168081057304985,0.037132140597983455,0.13584172609316292,0.04193191654646507,0.09943562672477516,0.034543948775071984,0.3412412331928657,0.045565042724731795,0.03778132492960308,0.12790512641261798,0.7245549237093938,0.6449747938065711,0.03279528274851677,0.1620843427534711
U_4579,0.3747255854512757,0.3383606533308098,0.36780553759339435,0.04880706715475293,0.054311604226622394,0.3230867966767659,0.10196398684698779,0.13154460412145652,0.06888009164963257,0.6849911999508236,0.06167511585285129,0.06730892203134817,0.1675226675048653,0.20130797056050279,0.24391319800486072,0.04345317046319219,0.18744147802400019
U_4580,0.4836366039376506,0.5090676152285813,0.5070778365828037,0.03281866530880453,0.05256542861455521,0.301004838212462,0.09300223284025086,0.1490690599743567,0.07246906422091069,0.07421198536095056,0.05602070136311949,0.07969376889922403,0.19603153893920108,0.271945039456092,0.5313850798167767,0.06932713973029309,0.23578484369240216
U_4581,0.10420439937971318,0.2845539639022912,0.15639903253549953,0.08091475319276785,0.1032735192669548,0.15813955963763468,0.12210737000175394,0.13061361961324539,0.21600846404175897,0.6685645367170445,0.0943575676865605,0.09955078077465429,0.1788855538608557,0.20211061808595562,0.09069400730777803,0.033534110265421066,0.7857567031265816
U_4582,0.3968756058832485,0.41786091420629196,0.3802787147755321,0.05490689703691232,0.05325200411729053,0.26898133940926594,0.09454575239802912,0.1459155985571157,0.0765369513919622,0.07321907657729203,0.07006623601830417,0.06825420605808695,0.18344366464458925,0.3270965223465739,0.42592856116808725,0.044223762945211284,0.19066603053424783
U_4583,0.3193032095891201,0.2983570510974365,0.29269036165864354,0.06299619513359238,0.05775408154753875,0.8739822587506407,0.07970915959029522,0.09949324770555151,0.0361994668533716,0.0624640561524156,0.07738036625395196,0.07216743926092381,0.2271421738169318,0.2185416354498766,0.34104107802512856,0.05016472745358127,0.13775991836135582
U_4584,0.3508281992614368,0.33704911182488045,0.3028231442190492,0.04521484115842391,0.04624895908700797,0.1517065894172176,0.08003992757053831,0.10636145365288116,0.05406661514156786,0.06883403048933345,0.06373278817464476,0.08170381126553278,0.1748132714669204,0.2141867121421012,0.2916708441571924,0.7328152454163224,0.18346950707103124
U_4585,0.19421546994539748,0.2953838668423618,0.21455696106663358,0.06125652289719469,0.05802654172469769,0.21703786461673286,0.09168080013786635,0.13581502663233505,0.7194610183209758,0.06001906048238202,0.08490367722876628,0.06048536516443448,0.1760090044080485,0.26943878428693546,0.11428515974331538,0.029169499950220598,0.6719673781334972
U_4586,0.06783508300174709,0.11898951088925354,0.1655387957762929,0.10384251360151703,0.1955665635602746,0.25105506021793644,0.14408072157379498,0.17933505994358953,0.13232073359530605,0.21426905527373494,0.21961427951645407,0.2656141308446975,0.17287147931808428,0.2519743114597531,0.09241577272278786,0.6826429086747667,0.2545178672226407
U_4587,0.032868051793656795,0.7818411976768253,0.1580338801112937,0.09634991730480294,0.17539222554037442,0.11878435258078263,0.12736774870231804,0.15930550531049492,0.47704135513789137,0.18383583525782407,0.18283785429327515,0.22283426194288408,0.1289488842300945,0.1596908229639381,0.05391876135705282,0.443990327234886,0.18418614514293968
U_4588,0.039816826331994196,0.05625222882231416,0.10588350381431183,0.10072181709030575,0.181083349138948,0.16664485500132484,0.8607321968183723,0.14807779193522844,0.10996149427529037,0.18503181488457987,0.21647656392359554,0.39187136868695704,0.1558937983964794,0.17809814056914908,0.07780737469417406,0.356426430795033,0.17248629465844106
U_4589,0.05158266205304281,0.17105830464266208,0.16482585657598264,0.08943353885044576,0.11695951433701715,0.711995272175259,0.17639743353840617,0.15906045586977552,0.20346634259577923,0.07902938597051623,0.08853371168761803,0.48141362008927246,0.14872614588799882,0.17925737509057152,0.05872777683813851,0.5871671876030427,0.14757839942602433
U_4590,0.5733844580500942,0.5812549168461199,0.469031521390507,0.032044725273158735,0.044368061876718615,0.25955651264450663,0.07548646165225056,0.1562404721347846,0.052609688298168415,0.07250151028175209,0.05868478386674485,0.07132355343569981,0.22033414753789682,0.2769492707436763,0.49288726896074464,0.06368200582275638,0.19889668167148564
U_4591,0.0324918754239001,0.02796872452658073,0.1610026994799995,0.06894973841152036,0.14037381796838233,0.2514716762030546,0.09605490344759518,0.13737969290651764,0.6854796492780473,0.12267427970203112,0.15035335493881014,0.42871425479683073,0.10050674586142447,0.12938788013343502,0.0655428489832762,0.7151358084678543,0.1557902171510614
U_4592,0.3452769147052115,0.31600488155439116,0.3047221449799073,0.044074048020111695,0.040290379391883124,0.2616914855475183,0.07871407866564448,0.10367687158883536,0.059364581719076534,0.07123540942352943,0.06566457026076793,0.08870337006652332,0.1788532147431425,0.21025530048972776,0.2840260511839686,0.7649769845065961,0.17019545224577648
U_4593,0.14399238008849907,0.1675209131437242,0.22889464951977567,0.0624760893983812,0.10302683970566241,0.2374404773247329,0.12898349594561498,0.15300783888710137,0.5858451243150631,0.09012530138064573,0.07462979669821776,0.8524251699050981,0.19323230579825487,0.16621057636480674,0.08062868794790075,0.04536971746408765,0.1639317647355774
U_4594,0.19165939207502128,0.2421804392779977,0.20385970896753863,0.029802287211642343,0.3780157116149018,0.16895342906409644,0.07781923521876646,0.1052582156811494,0.560009239477689,0.3057317637451663,0.05473254958812064,0.06857047147361997,0.14125383047661094,0.1516565618611904,0.08209213036229676,0.5483585548837818,0.3134355609940734
U_4595,0.13596731195408993,0.41321383153795793,0.6476395351107669,0.05412763114460573,0.07933304931330108,0.5083764947771199,0.5317136409210302,0.17374811582549057,0.09797980876111657,0.3813762777792743,0.10934658436891466,0.10021457123929384,0.14707992986988097,0.15207080612089052,0.09133493828456482,0.011464504680939557,0.11479857809390467
U_4596,0.024199908557274663,0.057018890133783064,0.527756655509407,0.09330689795603903,0.14901364314410828,0.13517686218023872,0.11298147234609338,0.1251525624440266,0.07423084810987604,0.129786400143326,0.15471286229735215,0.18728871046992576,0.10684229424766495,0.13203179106390386,0.05931128948422923,0.8738191183512706,0.18069436612628936
U_4597,0.07312777928271572,0.21023939680627116,0.1903596112111826,0.060802593856496355,0.24623813990594431,0.19439494427074322,0.530288032489482,0.12248491336451511,0.20171598805312413,0.0915725170846407,0.07869962144997902,0.5079911101271857,0.16821318002090208,0.17110569573618745,0.07294537316476837,0.026512898482957365,0.12560906716086978
U_4598,0.22525320317668868,0.19984762504202686,0.393943467837752,0.03544987261995998,0.06294314929695016,0.10411954802350656,0.07604946182430877,0.09730827919847412,0.023965338215378544,0.2749470484380315,0.045217520640705056,0.25585585244052755,0.10061083653283864,0.8056230079185194,0.5916178724463557,0.03740515462881572,0.07524924924387211
U_4599,0.031633862569051804,0.036444920951214946,0.16496705158331984,0.05678129094062519,0.14675309072473985,0.12259931065962733,0.0959661064045994,0.14723748511750923,0.5384506463548677,0.16599704963473544,0.16925824893173608,0.4634444408572007,0.10516885310348249,0.1449928169248729,0.05487566699971511,0.803829239077505,0.15106666226816146
U_4600,0.06301665569258913,0.0859002101106368,0.5264521136679252,0.06205920306898245,0.07362154368331972,0.15218787844913528,0.5094007691614597,0.11943876331354239,0.6296276118013632,0.06369655803895877,0.05670221123209157,0.34212567934152077,0.10492814719321639,0.12567456778878866,0.06498689610291222,0.20615513111845424,0.11507852501937979
U_4601,0.11548377444812605,0.15905386022822368,0.24805578382311785,0.05012844285061052,0.08439165997214357,0.1639498891161239,0.13744048277847376,0.12114153229364162,0.578261618984781,0.07266421826563765,0.05784799158830944,0.05630693343253769,0.14083691013500854,0.13486260019353682,0.05158511758069673,0.3432477571773759,0.3572757954998482
U_4602,0.34152074705319935,0.9862710493244994,0.25299434782580776,0.04609898540258749,0.04909505087270362,0.193226744865233,0.08215109658465931,0.08271425370649824,0.04365494284355396,0.05954519682738159,0.056972316960870795,0.06605718161557717,0.1634206742641905,0.18054803630157001,0.3177736363050158,0.04194508233713057,0.16279505287641594
U_4603,0.1619560832955713,0.6717270908411787,0.6447831871552839,0.03267660399922037,0.3595343406502023,0.20378182429070257,0.2635731745216826,0.09283228956435172,0.2774014848872355,0.049389078578090786,0.04657908187538917,0.04782133712979644,0.12405338732546745,0.14276664516542661,0.07565380266312662,0.1690216480989743,0.2924291430361618
U_4604,0.4546685027547137,0.36093829336257205,0.42814310049058946,0.042196379092101305,0.045085034065660196,0.22695896633093077,0.0763597996285686,0.16462351062924718,0.05980117300446406,0.09248619075074437,0.06882918018942935,0.07677677416948991,0.2108273854717579,0.21621034382720347,0.3627530319333322,0.054536909493708895,0.1859216653406886
U_4605,0.06155949217863398,0.16146658123553137,0.2404388842354391,0.09510317569910835,0.13950985839051178,0.19186253315095209,0.8407923051162962,0.15419342099004896,0.2125973794314518,0.0699040174761483,0.08766450171950357,0.4705989602898573,0.16330048635280778,0.17383335057332794,0.06920266701141499,0.04917273431943332,0.14765739284931714
U_4606,0.29350828046398747,0.2714650709969657,0.28362263024373946,0.030148982969115525,0.03445419918993961,0.3235748078351416,0.08511599593092492,0.12827708502607707,0.05717919802423775,0.07917989387863092,0.060947896011064644,0.5393833643733162,0.1682273053295164,0.17694609492814728,0.2845281251751172,0.5741665494591546,0.15478343950709714
U_4607,0.24649558312667189,0.2924303476375772,0.27192121993710155,0.0707898037313529,0.05419194025449289,0.26122253783825683,0.09488182480020986,0.13126956303327636,0.13589127235389475,0.05175801129743809,0.06980129600439786,0.0675185567269124,0.14328727826217424,0.17672708517323513,0.13593209554759791,0.025953705309506456,0.8000105592930948
U_4608,0.2614688332175324,0.27103401406689004,0.9812379539678127,0.0652340772319058,0.05743632220135331,0.24994778753208102,0.07956959533605579,0.13353020210734162,0.13473613469366522,0.08135538925056876,0.08214578734285241,0.07066910979564953,0.19403405965894463,0.1937878096527105,0.1336479213764456,0.046694943297656596,0.1769591157606023
U_4609,0.5797095878192977,0.4877032208080534,0.5438616847992436,0.037185351430216375,0.04679227987523851,0.2613754430157762,0.0692289180003439,0.14466339780023815,0.05131403844770217,0.08165872592160008,0.06247052553317907,0.06563132470546157,0.2178550015277553,0.24876430563584423,0.47433813003787917,0.05861668513206994,0.2123817522520736
U_4610,0.20249499058494508,0.20609017996803827,0.16449722054716293,0.04766420852550381,0.035029375881176876,0.8920085227250025,0.09158872268719742,0.1137345245059085,0.10594592351486401,0.05375417706422691,0.05175418002334684,0.34551358646309027,0.14381828671259803,0.14795676629981153,0.10031123660724983,0.016581138345319137,0.6577433606451796
U_4611,0.028385979573510856,0.34585797877537144,0.18077806553950593,0.1002061878709326,0.15818115821837214,0.11952505850935932,0.12118839154302417,0.15623862609252295,0.10762206637704207,0.5883576915775746,0.15063873729503807,0.7239552057919991,0.08974215962205531,0.12409204290425815,0.03237399007852071,0.2665291898543707,0.1648905981172033
U_4612,0.3136258620701581,0.26175743084385505,0.27390589943869437,0.038302735840412994,0.03332472683673589,0.12726633945820925,0.047084811187175224,0.09215668072478604,0.039649213151788085,0.04959878025758222,0.054802926898187554,0.042416101486575125,0.13206703975683062,0.8270219280923685,0.5611823289566993,0.03476103635178956,0.1715092570838086
U_4613,0.12402414163583778,0.1249056103467473,0.28272198621679534,0.08776721693894295,0.1189256044989635,0.25669458035751214,0.7153360848343088,0.17317078727261334,0.1584059152627781,0.07395548124615686,0.09097359433679905,0.08806163555988503,0.18784491515433394,0.18152044168316833,0.09045396607892886,0.031160407293633837,0.7021400107045235
U_4614,0.31779566266633213,0.8944551360502268,0.2549336580661352,0.0389705884654831,0.03809186047907995,0.5358857257063804,0.06771436278678253,0.09110806152669393,0.050893798121936805,0.07146690159767081,0.05079029335788699,0.38475741666528007,0.14316829037272322,0.1678970271175614,0.22270072776965924,0.034767710671274,0.10550088180880146
U_4615,0.39901725096489604,0.3261490852324889,0.3191325597434945,0.043903480078108875,0.046337579228821035,0.18328461017069522,0.06639579057003561,0.0906517803586595,0.6641543310189207,0.04113472080603549,0.04864491002332384,0.069876809562721,0.15031278327592365,0.18816981390295537,0.410324998854697,0.050428076973568776,0.18017866483374814
U_4616,0.19659297237669615,0.3244895918657103,0.28850168730915976,0.06707048808033952,0.06852557967534761,0.23944563090164467,0.09801430780300228,0.12646808321335792,0.17949184561550724,0.06292181886571305,0.08196713611227108,0.06512081382542065,0.1771296464689933,0.19145651371927358,0.12785445407810123,0.04709799791178737,0.7700495217971368
U_4617,0.23116239408268308,0.2424108820817677,0.3014018690447897,0.05170802277978788,0.06959038772523822,0.1920073522569867,0.5923665587502708,0.12261906179012161,0.1688968734745967,0.06619394448404081,0.06919931275588526,0.46069818576695554,0.1349832715529155,0.17569396064702303,0.1539480376185679,0.02382201729680252,0.6125083344882141
U_4618,0.036978042282301324,0.5324468978049076,0.6375899857218057,0.044425487306875865,0.44225259300615893,0.6932964235208146,0.12718536277732015,0.08343236333062637,0.5704482488979341,0.02920017654537195,0.04670051577620859,0.6384012865192935,0.11884189063063184,0.12979889770073577,0.0351229102257875,0.05232218099285522,0.10755864844275305
U_4619,0.336454945125758,0.2771777674013704,0.33784990384718,0.03330810754454624,0.051525297682241934,0.28829243333995636,0.07412692081118763,0.10427323753823234,0.5835173323654389,0.04629190491659571,0.04316718003365269,0.06813581907830889,0.14399650859188243,0.19754492898179876,0.32519528346907417,0.04961717247551965,0.5859759346334238
U_4620,0.24253261329904047,0.3365134509148094,0.3072704344154008,0.0715224964063973,0.04912406142095871,0.27652702628632053,0.06404486205168755,0.6584350135425088,0.11581356405513815,0.053545705670953445,0.07494294221973172,0.047453961806544584,0.13432613799621668,0.17958708664451575,0.1466511549127788,0.024924734094260347,0.7130173747942727
U_4621,0.050967389466321816,0.16107035562239508,0.2151077940048775,0.09408952103407389,0.11946639863243569,0.2503358991280182,0.15370242696845343,0.16127852460767506,0.7105056899865505,0.0754560728353539,0.0978591522080744,0.09472528618418509,0.15398617445232354,0.1623690371433995,0.07084154732641287,0.619920465447598,0.15463473870595187
U_4622,0.20886696610715988,0.15167674809861903,0.5029571614286834,0.05778786754860936,0.048423309780869415,0.22707925129722278,0.15402031542403846,0.3072436045448594,0.07775598909324799,0.420437849254377,0.05243873372331172,0.7869222130822406,0.15469666552109515,0.17019275563743502,0.1907316661062772,0.02397294668200107,0.11321144507110277
U_4623,0.1455471570296981,0.182373173926998,0.8442256832369993,0.07724202522617793,0.0770952008383863,0.6622157384930722,0.149842292258612,0.1365421828182548,0.0724214619938672,0.07392540256319159,0.0723988944406103,0.06280486581589544,0.1381578984831034,0.1543330124922835,0.07869785895349628,0.021403491345396326,0.48069980556453606
U_4624,0.2622465125053508,0.26378502709124635,0.26869891736977985,0.04529841719776248,0.059919015627492515,0.22767119242971245,0.10520585092027358,0.12388113019615984,0.15945343939670634,0.05988301317700123,0.0505407406095373,0.6610981471682678,0.12202775934226565,0.19649958465834083,0.11308719353370782,0.037275241958740685,0.7673718280349272
U_4625,0.08183032921689384,0.21654127829139702,0.7332666344470152,0.10189027604714153,0.12412909517806142,0.20642381753472455,0.16469686949467652,0.16424916324186575,0.23065759940163832,0.07865713653685555,0.07540018539948233,0.5043422028948118,0.15909759357258751,0.17716379382676828,0.09299628832035364,0.04234115364732199,0.1640104521638563
U_4626,0.2872212830157076,0.25106407996120983,0.2673143881116807,0.04436423003996044,0.06398393410666264,0.1607843467690204,0.05328697531742053,0.09936771987862345,0.5793145136588395,0.06924159428841906,0.04516581588561111,0.07350240098655782,0.10907214985497454,0.7435973076290077,0.32828460671348486,0.31052803476783297,0.12142052470688966
U_4627,0.24930142331584165,0.48945065753235495,0.225803650980467,0.02792795516153036,0.035022236386391445,0.0907583639685163,0.043914325828689565,0.08242251092005054,0.3520250071478219,0.046712698172993415,0.04231958937945861,0.06759662459405408,0.09587293905626135,0.8951960103140343,0.4988219492518522,0.030460717952093583,0.1372610207060623
U_4628,0.5685344838897268,0.4856702693184917,0.44465093504198605,0.03148854528536424,0.043817022756451926,0.25948178296739577,0.07528215138790814,0.14112387585819214,0.05479244167153695,0.07434631665263143,0.06057583608170041,0.07582842826825423,0.23082290330448213,0.2874828472579036,0.5758185831409879,0.07201806215469447,0.22097415118180053
U_4629,0.13247909299571642,0.22350987814023215,0.26515448189708674,0.09255687725573077,0.11979230843371445,0.22207022477770688,0.16822499895166532,0.16253861664852867,0.2272973988327383,0.07890537129558928,0.08876760472460457,0.8515546874713811,0.17552169084365588,0.18872777100282162,0.10997673940749222,0.027248267915998346,0.15801568674564814
U_4630,0.3208273419963661,0.23690127616526876,0.25045178818591185,0.048461420341879294,0.04339110415801763,0.12498418493219582,0.21446975970215498,0.10038495456807647,0.04083051169841444,0.04782265441858145,0.04101976577160579,0.5343011351947131,0.14375259780989486,0.7439116953817255,0.2511480799368229,0.26960745660705127,0.10696938288550423
U_4631,0.0687526722646403,0.1770773110840425,0.7852358678026413,0.06513999598821199,0.0772599523635101,0.15074332558022777,0.14412812687900625,0.12108927541800155,0.49009185889995205,0.352683059880621,0.061614932837991715,0.5251060742604658,0.15668824395796369,0.13923524210905144,0.07064109258666176,0.038849264586570946,0.1272601037076313
U_4632,0.25895271977690815,0.8654377201798389,0.40267094901117184,0.019312524369989342,0.028637335551322148,0.19355911708233353,0.0525696586875839,0.0790163058177282,0.19109691079196106,0.04980657887369372,0.03368001386737831,0.050434699177440964,0.10870882212666079,0.12870394370930174,0.21675730993600945,0.03774097257276278,0.5490268977169463
U_4633,0.1979054891258662,0.16701864463710558,0.2030339676130655,0.06495279334319146,0.08291420817374194,0.25693512625702974,0.29907956735522745,0.12900288129559545,0.7741739239168162,0.07134250843359813,0.07622791408640503,0.4232003951145902,0.14023659707820157,0.1801901519178977,0.10356068189105169,0.04356290401434693,0.16694405037548227
U_4634,0.232724725311089,0.4598396892722489,0.771516740248061,0.03392469687137885,0.0523720582173503,0.2133944589827895,0.09602886075913186,0.11207929224766788,0.36407997564223915,0.08000795566848579,0.07010583582707094,0.052842906887124716,0.14022154062911363,0.16776340726858163,0.2179905354278584,0.2441112942345923,0.14465311526637875
U_4635,0.21082394674980312,0.1930196216054945,0.22211345219413287,0.04798906028634163,0.03590647206472099,0.7919307694935213,0.0669777992736711,0.09647864302164268,0.18190207561301483,0.050624012320584735,0.04424531803267984,0.26384503036108814,0.12903868959049267,0.14461259395202913,0.2049428349336644,0.02205365328100142,0.6281919206203228
U_4636,0.11260458382699409,0.18336880614429105,0.6677623701972976,0.022990080073386012,0.24198226038001913,0.39813198114552806,0.41643690143017265,0.09666305603142095,0.6667585008617728,0.060315020192400134,0.06580758470772341,0.5266562604890367,0.10855990672948256,0.12117168220798227,0.05971711131496399,0.002192120275496005,0.10266874993329891
U_4637,0.03715536917744193,0.07142033719934668,0.19356559753829133,0.09904726821657156,0.1620414149628644,0.180908761712173,0.15191408428346742,0.14551455177079675,0.10535222121064153,0.5242495712464088,0.2028796135436585,0.5397748071463662,0.11738283301318594,0.1241426262450418,0.05654216587566756,0.34340993653823226,0.15927089941510386
U_4638,0.521728996868014,0.38863285036191914,0.4070255009140859,0.07820020846320755,0.07294906242682184,0.23447177663407243,0.09844981261366177,0.11110054171173714,0.048916737359195536,0.09543506451147722,0.12042006678321332,0.05892873107419833,0.25051140307519654,0.2180154009898564,0.5393995774940034,0.049295796908104136,0.12984155552936288
U_4639,0.04354629951005824,0.0970815351084306,0.09571189845133751,0.1177008135049311,0.1805839842214369,0.109553036147845,0.1561819152236734,0.1385795710059574,0.11623473203191302,0.8582942261319639,0.2437466657300919,0.15478723118792484,0.10184825835485567,0.14442479339716674,0.03859121797342803,0.2882492941498511,0.2679315028289235
U_4640,0.23148079962366627,0.6223234404720566,0.2635536918960515,0.07135972651850789,0.09801236741841068,0.21706100197021072,0.516591304157534,0.13939318206912368,0.1869440653672801,0.06060990463110315,0.058211659343973016,0.09438662844653654,0.16382751496987125,0.1859072260932033,0.11052346481192706,0.03761704721925526,0.6262449486113092
U_4641,0.1508615923160125,0.15185904980695367,0.8629569867638596,0.09199615103862004,0.12142862907882705,0.2705926638406976,0.18914099154766456,0.15200908913152614,0.1765171500264896,0.0815729429991274,0.0911212605101207,0.07763087235016397,0.21803201696662064,0.1924120602331737,0.10868353021607509,0.04404999631158682,0.16692237408125016
U_4642,0.2699444580836724,0.2683698349767476,0.7249953839648597,0.031709220797023104,0.05388818392013632,0.19847131549688402,0.3763956918285589,0.09157940022417725,0.49372928579636854,0.06816126234663239,0.07758015522468262,0.3594064551508917,0.12316324095156625,0.13710443915788523,0.1222654480380422,0.10712257012022577,0.1226178436158375
U_4643,0.21332353690785416,0.20857039532650204,0.22555981449437373,0.039003610369543175,0.035078584369748284,0.17605162716794093,0.2381533078313936,0.08524340092610844,0.02493519109025223,0.04247706989922281,0.03176674307415938,0.0515823586466194,0.11473851940975721,0.9056744600324595,0.5146015320183396,0.2654983353232951,0.16258144135522742
U_4644,0.25470416778569926,0.25284521644967173,0.30762337485996616,0.03768377828968705,0.04827479954019137,0.3154343829247134,0.07336655922614047,0.4210668002268536,0.5953055121320958,0.0427308133649797,0.048249585429437636,0.09047794818121976,0.10720465946630613,0.1743344645998418,0.2641040615749281,0.04527313687075052,0.4618632571875464
U_4645,0.2814295190836975,0.24023230607225418,0.24598264176378906,0.049173033094257475,0.04934635626101418,0.9533182598607431,0.06732263307711091,0.11574598321496321,0.07174426038929821,0.06145923179515424,0.0563784744759261,0.09015573463690418,0.11564434801387183,0.17679242794715766,0.16014792461279215,0.02892538134461604,0.6264873803761677
U_4646,0.25180910644745624,0.2107212159975228,0.635481433436966,0.02668396093554171,0.10600439273762305,0.6865187555066907,0.19184037397029624,0.07022203781042337,0.0475263685626357,0.20917155462433226,0.027397387342602532,0.13050169973833395,0.08959688680162212,0.14896702009979973,0.2363416811859833,0.14126216207921433,0.07893220802818512
U_4647,0.09072431298532024,0.11902091602776638,0.2882431206685146,0.09270403181606704,0.20556543209185973,0.26338137405067374,0.15868281722299396,0.19530937037889037,0.16770548959018305,0.22782093879802556,0.2422734489570743,0.2798702970433249,0.1977677988936399,0.23859130013874486,0.13169555868191707,0.4481154937992709,0.2652208974743875
U_4648,0.21157720085607315,0.20283113315054002,0.7061843473758952,0.05862088773200996,0.37969073761637834,0.1678860400185697,0.13922837882455918,0.1032435806557201,0.8805953766699249,0.057826691478849016,0.08143191968333739,0.06318198111229723,0.12913837843796255,0.1423516260247142,0.0762707401351351,0.020912086429752254,0.12843349625222455
U_4649,0.2576216682721766,0.23887109634548043,0.2466485444100855,0.025019759170418206,0.03960567545992396,0.1365514414209003,0.0449753347004157,0.3544286315056763,0.04699989371630463,0.05931720770836474,0.047886149503547526,0.04896686688860966,0.12062967997912014,0.6800149476022299,0.7986099501242944,0.02783831967869452,0.15541989397993156
U_4650,0.18405170504792948,0.3479357456662383,0.42165535169864715,0.025675876663203673,0.02570708645244474,0.519572157620383,0.13288578131554646,0.09656317541810802,0.34101353191886824,0.05427975393234555,0.03930462391412733,0.34024068790555895,0.12622134061948379,0.1303341131254023,0.2091036774178318,0.020484656356345173,0.7204343844739715
U_4651,0.20804799110574287,0.4774755190735839,0.17172915480440393,0.027584683257413433,0.027017292704400057,0.9049902853880316,0.08605360486308683,0.09275867841103005,0.3333183949684276,0.06367835481262993,0.04824079215942989,0.06103289084121271,0.12480624506871353,0.1401640442869575,0.11829139778960915,0.05810042282129546,0.16597322258519168
U_4652,0.37149000451116054,0.308774756808467,0.28067828179015775,0.04220560240013516,0.04823421676573309,0.16578423489852653,0.07316375028420811,0.09977608738605798,0.07224973363953066,0.07226679704686884,0.06566391468018778,0.8762879111785875,0.1771289229086297,0.19636329031444197,0.32823736946125787,0.044070811389231745,0.14083074104277754
U_4653,0.2727368479016583,0.2644249103829286,0.30491036497214696,0.03502791805657768,0.05854622050734813,0.19329727498473953,0.6096960035814856,0.14259097077951344,0.09210169361504084,0.20665064552010817,0.07203328509430099,0.08077958256010069,0.14914573458406977,0.1726318738687054,0.13598919475979676,0.01801538398178506,0.37761849816716775
U_4654,0.0510574242855458,0.059249792028993414,0.12051964513763877,0.08930122985253723,0.5071451887460497,0.22424878435828127,0.44066440048030725,0.18462194527857834,0.08443302670477522,0.16253901154047015,0.14072975758704748,0.19237131356907966,0.11761064185121328,0.17402606934997172,0.08052558436014577,0.49967262831100856,0.22650900450979233
U_4655,0.2129428592066919,0.7139698242782793,0.2606952554851561,0.055333504605915684,0.061310834424283533,0.2554481843549288,0.1279000592868847,0.1461316274181837,0.12479794407638578,0.0712242876236189,0.06291908400604496,0.055725403059252845,0.15824738697826934,0.18184878383430453,0.08310136233515081,0.5702695101708312,0.17492314837974524
U_4656,0.46605891008372713,0.18733806750796939,0.5771628200225409,0.023354890863821202,0.032857126427591477,0.13425589851888947,0.42218596652451335,0.09049340085280909,0.07044097381716673,0.058758806397065766,0.0608399628092268,0.32404376014652897,0.1170057265366862,0.5718198430007941,0.3773480878246509,0.02640551518544971,0.10535458182301673
U_4657,0.2993793654679013,0.23144968907017302,0.2736438156870797,0.03247622192124828,0.1828744987004568,0.7445948384403573,0.16346421714581824,0.17641048846318375,0.12799340752273247,0.05915318543314786,0.04221539604672754,0.09459377143067262,0.1525348297224774,0.18804293705328198,0.2740092194043906,0.21436608187905734,0.1129829586730405
U_4658,0.22623689030303828,0.23080576673436415,0.2957357051490348,0.05938178497180326,0.062185056813193425,0.2632803171778133,0.10420274639126358,0.1418694862602268,0.7219312948862873,0.09588599546202477,0.08839517805331074,0.5276612797647007,0.1732202776011503,0.17132777959719347,0.1448572004782708,0.036651427526159894,0.16272058542319626
U_4659,0.32575990048122627,0.2542464070389961,0.2802866051404304,0.04121960592146815,0.037705903002821985,0.24609020651202562,0.08996909409941975,0.10803884614196976,0.671475729726009,0.06383065149017055,0.059667246257400705,0.05784734774605256,0.14909420282981256,0.18469452225754968,0.2673865323630086,0.044676647866640044,0.6718656267192639
U_4660,0.27720637744468224,0.3092166385206674,0.26665016106729345,0.04868379435382545,0.07379917319670368,0.2813184356590123,0.10479741955132676,0.13006882075755904,0.0767997383509451,0.07270772884614707,0.06644924024405909,0.11076790746255948,0.13321284972158848,0.19574137491573823,0.15179919805223907,0.04318094140836366,0.7409682244983457
U_4661,0.3947912857346896,0.2968651945593114,0.2699906563595407,0.04985275021125574,0.044273632671248855,0.1401250760566112,0.062259362543823485,0.09373604573594382,0.07587955456517902,0.06213107454937818,0.06527206952876076,0.7031112589756178,0.1762738070351327,0.1773673851249486,0.2974189083309319,0.032781960395173435,0.1393791917679656
U_4662,0.03786965490091026,0.04842927963795528,0.09963045278584928,0.0987419647844919,0.181275339912837,0.08770626364583015,0.7773791345794724,0.16451915099701797,0.0822852334857796,0.26960561962125085,0.25057780644916106,0.24373444982403566,0.1337057252452558,0.16943149753173484,0.06069438843032821,0.3671102678576863,0.18188678880655995
U_4663,0.022035419827703344,0.09568641778563439,0.12457885800083422,0.10804466634569511,0.1612004921052447,0.1417055798596279,0.13741628581338888,0.13722589908158905,0.6442504425811069,0.5340773047444419,0.1667165109800605,0.21240881054627128,0.10877113714363369,0.1320702554917838,0.07315838225702725,0.7159247328111027,0.1528378228316673
U_4664,0.3627446680093256,0.3309853279486891,0.3248678944465221,0.05815120310931135,0.05637548663378234,0.2068291022787189,0.08444237557335285,0.10682226584611813,0.04989608263883286,0.5644790265646765,0.07949205697811966,0.08556286328099692,0.2246827788665794,0.2206212627119378,0.3417958660401627,0.05264079433580608,0.16201447224272436
U_4665,0.3536593595416743,0.2683480356875889,0.26842487809045923,0.03175618863440123,0.04094261361837957,0.1396138533074663,0.08757616696502499,0.5325552868167758,0.416414525462492,0.277869960673396,0.05115044175675215,0.06102206933295309,0.1275679170971202,0.1639373247583203,0.25584657653438375,0.3850563870718411,0.09756782669625988
U_4666,0.22533102485486617,0.2137729943044499,0.25496907546323067,0.03973496918221277,0.28071974354874263,0.6272951701804114,0.08658394659800075,0.12382321149791509,0.514727986310492,0.05541053998756882,0.06684811891485345,0.6927838806476039,0.14756810539519077,0.1445861727331073,0.11890930596435167,0.015270702483446523,0.24439997668855357
U_4667,0.23760978872456665,0.18965870797189768,0.2326720378915144,0.037958019564954024,0.04552715591122413,0.1836421132233704,0.24995925750840642,0.5680921658694547,0.3743265358921005,0.06409827522502298,0.05422708676529349,0.05290034406451141,0.11269572865428723,0.16436508485639376,0.7918545585153878,0.014114559448268216,0.1210868078820857
U_4668,0.05760158602466062,0.06843073678443659,0.087278294138311,0.1406671579724762,0.15648923300116185,0.0764454417500323,0.11598228715005457,0.15853772680079065,0.06497901573136801,0.3420739123194481,0.09213687379432234,0.9090078481177671,0.08904484751803629,0.12311032152590977,0.07831645953903046,0.31735909826753106,0.1554851319508583
U_4669,0.4324224960702747,0.311542940785212,0.30293786495234765,0.054700904891793765,0.04230769979567318,0.7610435502929959,0.07694923163450598,0.10330544415308056,0.053187835790047995,0.06176540124686504,0.06017825449305629,0.07371189710195317,0.19331417049335164,0.19668647938057182,0.28929961008246513,0.06370504317094067,0.16591571363899488
U_4670,0.43975258421828456,0.37264354582855763,0.30343459050043076,0.03934108934299914,0.04843897963215864,0.18880126075676723,0.08243011476772988,0.10741150510735065,0.06337446403597623,0.07378912222657522,0.04220786337570765,0.07363466419381566,0.14086256664166835,0.18855043671003197,0.3053709912060135,0.5350050125643239,0.14479588655072276
U_4671,0.3302036979346705,0.25929286815588315,0.29530996949594185,0.03897342745036279,0.035945076157494954,0.25776638669747837,0.08190189887316493,0.10465444313943689,0.07311332195923419,0.06537647503058101,0.05412627415008306,0.07006482245477716,0.1427995701808338,0.19348442614109468,0.29115472927817587,0.050394539176040365,0.795385988606552
U_4672,0.22650330855138273,0.7652090114022455,0.2653349476534296,0.038922590937863454,0.04865710633246137,0.20288601311316934,0.08407329463858285,0.1114615441438017,0.5277865389516543,0.3125955583265563,0.08544075225390237,0.062288657300217536,0.11779619299643333,0.15020372915542282,0.14435609013642559,0.020612149306119376,0.3785801394967653
U_4673,0.2209456682310239,0.16325596562761932,0.22210087037653442,0.06864068655181274,0.05244393060433687,0.8985341129919447,0.13963668437305352,0.11857566275658232,0.48073079732800245,0.06208223530145389,0.04961647882897542,0.05325206837116955,0.13302552431827025,0.1485980716749744,0.12295111401926369,0.03680689435850465,0.6804902457745682
U_4674,0.34075664877991435,0.36489894581075005,0.3468272461133734,0.04601875002303181,0.042270292013227344,0.22005887080998554,0.09536230307399202,0.13967888613319265,0.13762240175742177,0.07423725531523606,0.06591592613156083,0.07585595635607549,0.15623411609432167,0.20885619920060075,0.2908841655861101,0.7733614091633575,0.20330519834929778
U_4675,0.2028864926710338,0.930628662885389,0.4098897544549797,0.018676845107938687,0.1432391580443187,0.39457847570041704,0.035364748601987316,0.0782237381737587,0.10070693841937409,0.041236718257695204,0.025154724945671586,0.04748299572809294,0.12748175793433889,0.1375843815536471,0.2569052571074524,0.24434962782677183,0.10302710076383463
U_4676,0.25802820232248547,0.18157627162327353,0.30643838786872196,0.023327354157509556,0.024120977740132638,0.0946913251704544,0.14774366460740412,0.08068091379552819,0.2100374946466607,0.04483919378718385,0.043017917067388056,0.2060193683754203,0.10222940840333931,0.5005259229204598,0.9209235672162991,0.018646066621164047,0.10627579853429378
U_4677,0.03680033626092164,0.05970402961115092,0.934520770142637,0.06864943736626597,0.12694633927582802,0.1141630230431672,0.11225043704770382,0.14651880804247056,0.08335763648163985,0.1461322970621109,0.16376557880747156,0.28967726981070296,0.12424175815692845,0.13829192770121856,0.07826895224449035,0.25548669988374895,0.14033629695016975
U_4678,0.35303541423868534,0.27180563811606684,0.28959772353489055,0.05305804105466438,0.4999310883393584,0.22144684329725967,0.48050424803919767,0.10421326237132307,0.0520977271641717,0.5934918335394459,0.051225207095612416,0.08124321491323444,0.16617362832138433,0.18289381325008136,0.2749023432865667,0.040090318133135246,0.14465764294688108
U_4679,0.30678256561068884,0.26834637095792574,0.7112930497080976,0.050102231732283446,0.4708814931253482,0.1565059283169979,0.6212834179149713,0.09564694037359922,0.0554871292537165,0.05669137613226467,0.05897839899188672,0.05315362659996557,0.13641712210983858,0.1536988660140927,0.2739017157905993,0.040020694280962235,0.13657597870824362
U_4680,0.370532774359263,0.2941378322604637,0.3363104144906126,0.05078331522678547,0.0455656942372898,0.2844081765381269,0.6700305110389054,0.10792043310289291,0.06347812947844343,0.07261481049870633,0.07122216330474024,0.0877512421503093,0.1711599103899137,0.19234403182722015,0.32487170948723026,0.06281011256008458,0.17532140427183335
U_4681,0.09877885895938035,0.08476783871501266,0.5264154922998903,0.06839609626156357,0.08309156247328765,0.19141228208493616,0.22545800237031183,0.60908222206785,0.3512692629269678,0.31553649474537515,0.07898743209811813,0.2935121253617245,0.17362322582975853,0.1798856575448156,0.07733977639230535,0.03519730925115716,0.1327735135289293
U_4682,0.24509825948607997,0.19327161834753884,0.2962982604274829,0.06610925856829275,0.43902431065570446,0.21138008937068423,0.1754152474691198,0.1232479972738173,0.18414805201935708,0.047227445427114476,0.045609221296510266,0.0829573080770997,0.14348096469401828,0.17900054115784864,0.1379139023621557,0.3544402413603433,0.5279781776028872
U_4683,0.28784781418527533,0.6248479673931013,0.29455807066671225,0.03062907833828047,0.0352849468669765,0.15137232821989421,0.06913207242346608,0.10143898340818998,0.6598196378470017,0.06893790926223337,0.05902340119605527,0.5488194928981676,0.16178027472687972,0.1732129025066559,0.29771036271324025,0.04188502075430677,0.10206419107001796
U_4684,0.2297120760029216,0.19150609283138748,0.2519689000797732,0.08053423551360299,0.104043734496617,0.2898445850638911,0.1532390463739859,0.7772937897801855,0.09292798230729347,0.07782630451038718,0.0661749481771744,0.0805355741597782,0.16470219123260857,0.18056532170253953,0.10128561261116567,0.0374505929772111,0.18001353569722967
U_4685,0.2800679042545069,0.21173509151769576,0.22605203124979126,0.04033013112642647,0.2611819718581416,0.5576410882259359,0.057389722184486555,0.11000954410222978,0.03751229275150884,0.2193587511630567,0.05785715903997381,0.04970696369000747,0.11397497811016953,0.5757864986552085,0.8128702719806316,0.01616515809808631,0.11525875618708024
U_4686,0.22371144204142657,0.4015195498405228,0.4120108218504541,0.03805991251260417,0.033350020278153016,0.1567114791066482,0.3698487249945698,0.09599555223245057,0.16417208569519492,0.07593893893055978,0.0630299594213278,0.5957997548696967,0.15685629388038735,0.18485326486279594,0.3118068970582052,0.2523051334387157,0.12594824542216632
U_4687,0.34941015088808924,0.2708166527577278,0.280182452652581,0.05034417096693229,0.03448770009106082,0.6889100141785134,0.24304207998120786,0.11250136971769933,0.042573793022941016,0.06801671365075546,0.059880769383254505,0.082506792081221,0.16887355551026303,0.17121260606834704,0.2991165620251932,0.0380745227630159,0.1317348516269196
U_4688,0.3079603757672748,0.2406398673565304,0.8616980295904799,0.04831190813441374,0.19120071809764239,0.1644281132442014,0.20762928616510062,0.08573162152986297,0.05798889397379489,0.30749120858448487,0.04255347953392991,0.059300997858281815,0.114281910887678,0.1592221465484751,0.22235830256378686,0.03179692521250641,0.1101734179617276
U_4689,0.018991419130724423,0.2908919647585858,0.16832383392645234,0.07998859672895466,0.4190049653171864,0.8705658777505452,0.10501653521234772,0.11788634317300409,0.41080723801501856,0.10154937066563494,0.10956481931505611,0.3673279447401328,0.10417933205761121,0.10753954868698955,0.058943648606671915,0.40612846110394607,0.10294908711425464
U_4690,0.08390407710235095,0.3463554009563219,0.21979207914742951,0.16119600646016352,0.19949263291506877,0.3735240759357782,0.28703708451367105,0.21809715876844904,0.36899190782254815,0.1103742386050321,0.11860633226471456,0.1345730449380772,0.33726205836816625,0.29039927776639596,0.15964024367717122,0.05180905925575204,0.31174009547592146
U_4691,0.10331823037912857,0.18644485152891532,0.2198820316482601,0.09420987858210234,0.08675809479129999,0.28286934083286897,0.22063392454745842,0.12807524870419124,0.23245304280402415,0.4615055235644977,0.07063474043772278,0.06702791787619289,0.17768793038931846,0.20530241985611225,0.06958464857446435,0.5764054609663753,0.15563008455877114
U_4692,0.22816804188286804,0.0628599847447891,0.3337580785739752,0.07382442776032558,0.12664252635599746,0.09979963606922891,0.3687641253317143,0.09348110482976753,0.10035472296061657,0.1303953027349209,0.13136188519777414,0.8186201684294254,0.09187673665543465,0.09662182726579421,0.030445846843401892,0.19699649872160307,0.11202830218616032
U_4693,0.5874968682822281,0.5264213970073355,0.47656650155213653,0.033711349229566215,0.05554642167767032,0.2720016794800665,0.07616796525523453,0.1471988462883161,0.05478766797504147,0.07512924246712414,0.059794410752281583,0.0748910276223253,0.2237932709372061,0.2753991781212847,0.5065593923820715,0.06210122205510825,0.20081418453932204
U_4694,0.2827007213445959,0.2284275369767298,0.2833164854175262,0.03458345340762513,0.03765364553005423,0.2188950996345937,0.08097599242861771,0.10636478993392595,0.45593361429978796,0.0682502185197992,0.04469704121111491,0.04581773297130943,0.13415752576149664,0.15040962382608564,0.27154208287499587,0.027757371044864837,0.6965184704664173
U_4695,0.03786919421510779,0.08358867888585216,0.7694572293208,0.10745335730818993,0.1356374099395273,0.11694168054815673,0.13107612817149328,0.12925838920534138,0.06621013232589293,0.12402228033784374,0.14188745964753507,0.1881172761109718,0.10844990461634899,0.13761516360889053,0.07414778873828652,0.9053409878276582,0.14484342523810798
U_4696,0.14214538439773017,0.2864532892818666,0.19264641974045077,0.08180151720007232,0.09191802547601631,0.9729315985574586,0.12988467210010862,0.13124887900842272,0.21693621178011077,0.06979561681344165,0.0831795079700249,0.07264554628027914,0.22093662862656865,0.1927834672758192,0.1122946260753319,0.03812619405131626,0.1706379176183909
U_4697,0.025391526746867857,0.029046986293818217,0.27260573985670544,0.08707468649606596,0.14613065782512724,0.692781550542906,0.14918450675024875,0.10973330266639486,0.270843757648701,0.18826211032048212,0.22208419211850006,0.7844840547441199,0.06877400317316695,0.10490383374902656,0.03737274186719244,0.299639191085996,0.10672889794147825
U_4698,0.05899048202920999,0.05557955464404388,0.395711520800065,0.1258251165040903,0.13387439213688979,0.06235622949129832,0.12681224832546956,0.14505785522393905,0.28350237621786284,0.5110201744179907,0.08866464462549556,0.5519237050650571,0.0633751299156366,0.10556021271132263,0.09282108415114232,0.44935686504767797,0.14171886102239514
U_4699,0.20141353180414862,0.22902953716891677,0.7738739415161948,0.04264928282125194,0.2947932841142741,0.304351754830534,0.08545521258977304,0.11901389580034691,0.04327940165022329,0.04815995668134253,0.04456532663712259,0.05065286947978611,0.12847479391993666,0.1584980316614927,0.22056355827192092,0.25984982808364165,0.6902575229217649
U_4700,0.3136562580463404,0.2992215175105656,0.270362686997791,0.05901895543205417,0.04046377147517932,0.20732519279690315,0.07541545429180932,0.12784593547459783,0.055163034735570285,0.06973472448758819,0.0733949616816735,0.8670799220640789,0.13336661365103256,0.18006399479280616,0.3958525449707284,0.031897455348995074,0.14510451584508266
U_4701,0.05545428136187876,0.2800982099077358,0.21017822403260308,0.08631712086983451,0.13970850255119943,0.2300728328475662,0.17825894964728634,0.1601295120228381,0.350549549715479,0.07635884167367922,0.0828934711731078,0.10815478276944221,0.18268500328788434,0.20067587696524952,0.07242820147385057,0.40809473419064685,0.16970944807890187
U_4702,0.18704002475302295,0.758954846688535,0.6589000295786211,0.04119017759765465,0.05525634033699594,0.21419585470931418,0.11111020322791475,0.10198075931882866,0.23465983739162175,0.050002349143831136,0.05053088394693097,0.058614881989373854,0.13594296034284356,0.13963932866240855,0.2187529135217655,0.03917097307993041,0.6196857192318499
U_4703,0.06767533047904617,0.13074287019125286,0.10848964447906491,0.14331297917654492,0.1664080943659328,0.1456051349101542,0.6194597170618555,0.16334219554815038,0.07906387195067272,0.09392172046572902,0.1007993587820668,0.0725916234338754,0.10128783538979101,0.13377681285091966,0.103816051912848,0.359591178027563,0.7294702937436293
U_4704,0.2846177493121862,0.724816414383237,0.24987571491507077,0.04392350254727921,0.0323595277378913,0.22688400694294225,0.07067368836737434,0.10269524933369248,0.5255748385772635,0.0731893362850067,0.055480968432102866,0.08102186358714601,0.12251867579598766,0.14927139869092554,0.2110010726093725,0.03290988757239738,0.5749261368182866
U_4705,0.4936381264539996,0.4374975844616366,0.5004747856032699,0.03200859967543894,0.07182898637636516,0.4331914759542091,0.07890057779626676,0.20895343191730528,0.08587917246906175,0.11700572889326971,0.08151925154819173,0.08152700949668285,0.2209780498721611,0.3032845045322484,0.3519770136729004,0.04464222355895563,0.2269592375026581
U_4706,0.30965565975031356,0.2600273703180556,0.27803589077639834,0.04327792553361945,0.03569478892983806,0.11978492657432642,0.05035329483892152,0.09914983289650262,0.07541688497907395,0.04506327527501351,0.05280059045004821,0.06376208664970416,0.1527059902849522,0.753148700726637,0.5608851552849171,0.032675447714091393,0.18321367571382838
U_4707,0.4390620861087815,0.38077476288217765,0.4994619347522328,0.06701829334508481,0.0818163425643383,0.3658572555539392,0.14078443682150346,0.17426475340547407,0.0953501495145521,0.09733022972016771,0.10388442653811325,0.09178037266846524,0.20940425284018127,0.23210441082435074,0.27433148800282553,0.04536034378525549,0.2653241474999825
U_4708,0.027106480777180576,0.02557048312028247,0.49236560084111936,0.06953890607580508,0.12616560336230798,0.8540452575149698,0.09932820838778361,0.5542762801770036,0.05940946657954052,0.10835508592088225,0.11151869651974967,0.16391081318571613,0.0896659614471684,0.10860078357280324,0.04089662250456782,0.2989356750353983,0.13572078013416436
U_4709,0.10297246341397509,0.6296838764597141,0.19855085754914886,0.08137111083958379,0.1048631847772711,0.6414975523766248,0.16412190667381543,0.15312186134613054,0.21537165416375395,0.07647539722620351,0.08604603903081762,0.4743169023818535,0.1728597675720827,0.17069914617295495,0.07782297236963569,0.03743302602944546,0.15895428979117698
U_4710,0.2946024935881062,0.26285092051714487,0.26346374858616406,0.043258091021256884,0.03482725271430779,0.9653303220228002,0.06320220973827308,0.11061484939552803,0.03979552144503634,0.07902031555301796,0.04927389322567203,0.07345127004403368,0.15052676262097497,0.17436556375454013,0.27660449686223954,0.041513723909204006,0.16556899374438866
U_4711,0.35436618350420557,0.3026300912570855,0.2891232105382962,0.053057556930792296,0.055231116508744627,0.8534183051037343,0.0830252772354568,0.09976963967819209,0.05359457882418721,0.07164257663440263,0.0865302783967764,0.052220299125004796,0.18203024620159886,0.19118223270419565,0.33417471834921,0.05274639229032864,0.11179466489601426
U_4712,0.35010688741507656,0.8971280826923785,0.2664445376628269,0.049258448498907814,0.054734552159452436,0.14920618958012544,0.05656953695069289,0.10045743353861868,0.06282838224311323,0.08418104247857938,0.09045150709588493,0.07973811043843941,0.1894697967113056,0.1774612597387899,0.30777756370463866,0.060348910798512755,0.13972109118229892
U_4713,0.1355229073261164,0.19119757222443162,0.5865032585399047,0.05911968948982332,0.3963152259539303,0.4526906606845185,0.43582436748599296,0.2528046854185624,0.4715999620732427,0.31643249357565884,0.08177137964629672,0.08762840179141912,0.12812658254524045,0.1374353996634781,0.07423636465495144,0.010437488704007361,0.15885257569730366
U_4714,0.3595107655038392,0.3171968646600451,0.3194391344207501,0.059151306718976185,0.04179228036684687,0.15368685109921829,0.0762910193999528,0.12047501635223806,0.699417160410295,0.07394392964655408,0.07202393366769763,0.06427811387785898,0.14542448851115816,0.30228282599334316,0.2924733660525676,0.04432270091006791,0.15255306427345172
U_4715,0.24790002643831693,0.3886599827824758,0.27627566466552317,0.03950623177892454,0.32274771670827107,0.15075197547411798,0.4909869000177963,0.2636206363267327,0.3408321232974859,0.2339553471987958,0.07804089881262852,0.4944835676556424,0.15751104301240298,0.16924982160264557,0.10354267332310574,0.03034438795789008,0.16976281651752811
U_4716,0.35509650164888035,0.3231128144174415,0.3138462729185403,0.06558294656347141,0.06682865612657851,0.17328782577526738,0.08598612256860914,0.1006188506053576,0.763745179920299,0.0952861586804617,0.08602471882981219,0.06986056968617026,0.20117696158169235,0.21598393961661935,0.35793341514652827,0.04177265051817367,0.14074121581253007
U_4717,0.06176645625960646,0.2358261445942488,0.13269454893851665,0.06251976275411669,0.38092907051928593,0.12513128124252632,0.3048730880609772,0.10948116786418924,0.7708743151647985,0.42304149992524726,0.0730853045846772,0.0854875441500026,0.13973967030060097,0.16122773426353512,0.07513195410908134,0.034965985885656053,0.14028044276209992
U_4718,0.015226588165137039,0.3207828339039439,0.14466668533651927,0.04489237119540545,0.06936397389026855,0.34166991659989165,0.42127342253134953,0.09293515733347409,0.7319701170920071,0.21554034103145375,0.057888109122736904,0.4616320494063195,0.1424263672082952,0.12146907461125878,0.015902065406010635,0.139241841107581,0.0896560972378833
U_4719,0.03129528774119417,0.046983944119619786,0.09386016192478011,0.1089992374783574,0.15815659916736788,0.1599679342081159,0.14541590692668613,0.16322218731052682,0.48856629042413113,0.15933558453163707,0.16984788988886046,0.9188506970716143,0.10325691566043871,0.14570950383795597,0.06526587332000706,0.34777532728929056,0.1610756731991331
U_4720,0.08826884033976513,0.10833149156091701,0.7236448782793712,0.12988425379337876,0.1400975748595207,0.10693667466284114,0.6462191644373076,0.184991149205936,0.0611068898127703,0.06270848063287804,0.07439751524742531,0.06312428153144532,0.11126828495355226,0.14930342217512582,0.14201825544236196,0.3879533841632259,0.2103048152044814
U_4721,0.5208140678723775,0.5448309523777498,0.49864142644502274,0.032376538838583935,0.05490592068904195,0.4360890770018572,0.08397910544030993,0.14888040140094727,0.0559182387832729,0.087539879097038,0.05299230509282849,0.08368709001953778,0.22621387435171633,0.27054731742221344,0.4738863541724959,0.05922240377263125,0.20266083134561058
U_4722,0.030821433050734728,0.06212261552107799,0.769584382483965,0.09531461629657659,0.14740159185407786,0.16265058170575525,0.14014768116007703,0.12749088705613182,0.09643149485694666,0.19347011621990445,0.19352035877225546,0.16719743798208084,0.10971032306089715,0.1365166894532957,0.06317028261092797,0.8876612739486742,0.13387623159345485
U_4723,0.265833134500339,0.24785136487915377,0.25123262604555924,0.04864144980118317,0.03806549242910866,0.15840869300144922,0.040886605741839194,0.10215267833941154,0.03365322475187833,0.05348931558109815,0.06254732040297822,0.05999570130022666,0.1291455607447338,0.8208725512976416,0.5711723172297877,0.34666281998314574,0.15860975808429437
U_4724,0.19240754611626065,0.2518880632476748,0.2004147982420834,0.04967058910590033,0.41608824150319773,0.4625081685455535,0.1038734100301158,0.5743521051713754,0.16415077784259802,0.07593779181699581,0.06936883042422756,0.4805360618198644,0.13766014135536284,0.15384296623712201,0.11024073865185494,0.017059677475869523,0.540943719739529
U_4725,0.08127251273190833,0.12869623018631282,0.2516665841967374,0.10086415304946306,0.15116682389204092,0.16258690595231165,0.14826187177792804,0.1649453717919538,0.23735735884582682,0.08822812430748292,0.0982283343919271,0.9047485431855404,0.18710571893228173,0.2044311246542685,0.0969178338834649,0.037297680321155324,0.14956832788034494
U_4726,0.2177327027092694,0.4095883745565025,0.2964538117873427,0.09578628805368576,0.1399834246892722,0.3837686587983438,0.1626769336275429,0.1836109061953405,0.17389369878047245,0.09737521552813096,0.11455501946722399,0.08304340526164176,0.3375948232915545,0.34951234475346543,0.17263050136059083,0.04371468303746581,0.22151911796533175
U_4727,0.2649525148372593,0.895937075608757,0.24293541596180168,0.06996625680416085,0.06475764596916692,0.2371679942337684,0.12656323538568576,0.120495366468616,0.048345970288809895,0.06902847664957482,0.06731765660195341,0.06512822667574703,0.17210519943902355,0.18293385821425578,0.23027359476150377,0.039846053100131125,0.709529641518064
U_4728,0.04206796502096567,0.06787314659048874,0.12550483609013793,0.07851869976289023,0.21049706602372986,0.17438840053295737,0.12735888101728204,0.1565289935697537,0.7819765372215632,0.2360831988347724,0.2460780841340804,0.23183137870906675,0.157960716905106,0.18974574762037094,0.06187586749376779,0.354064322168436,0.20644838284241354
U_4729,0.22668211380966882,0.7899535740678287,0.24666183094780939,0.05425399780755334,0.18899236763354646,0.45788603352797685,0.19223235665506208,0.2959408529780216,0.3106469244649755,0.17116821301352708,0.07333266870389035,0.057344793219358293,0.14213232506869675,0.13506893932646954,0.10162107025440341,0.009454871514734186,0.13233172422735176
U_4730,0.21887420685837772,0.18171642297199034,0.48871284766802575,0.030364811661766467,0.03696642049004356,0.18911415142805815,0.05623404343503956,0.1056570517613282,0.43790474136285323,0.18798341981948896,0.05756441462189907,0.05623223281486987,0.11553726905545873,0.5773518458901861,0.7665081325121176,0.009642426195983043,0.08613066957302269
U_4731,0.029570603971601713,0.0920867102493832,0.6982431046679902,0.1015507967336958,0.16572602978913364,0.16584021156623688,0.1359195821943111,0.12454687990114034,0.13191645662436874,0.15061115660135185,0.16033648369533063,0.14548278432218376,0.10174842156122126,0.1709108949958932,0.07292450226248676,0.882405139291299,0.19537721813019376
U_4732,0.30277272042584835,0.2517214330977241,0.2621593679081334,0.04394050131632579,0.029063338560279917,0.11955648329863608,0.042273929239643564,0.08891247777199418,0.14102027881286205,0.04511778344734607,0.061043303601814355,0.5185184064625725,0.16243237371907354,0.6492305624962764,0.486080916649221,0.03155378600736036,0.15956629652699728
U_4733,0.020434998733250304,0.07882522675256073,0.1300772141606627,0.04419372900193286,0.05863976858372727,0.7395327996657562,0.1889359815397311,0.10109872763610064,0.5374714790942056,0.048461519752181194,0.06888626063108777,0.5645923098755702,0.15523166368414318,0.12423674527087698,0.037934011849735355,0.15294725950301036,0.10706678262998284
U_4734,0.03898299194122783,0.4345360896413065,0.8568476075910747,0.08223496435353872,0.15114757061518636,0.12495984092163087,0.12779868436152253,0.15211859223651988,0.08130971719739041,0.18444243679859257,0.1804654419893989,0.2009157687702091,0.13396910468825157,0.15401189520124184,0.06773305089205135,0.35583140327073576,0.16375184017450706
U_4735,0.10577490685767751,0.6939478683062504,0.17018094031546566,0.05022967072284828,0.059590736606313255,0.21167537595682553,0.1490612591449347,0.34619577599458073,0.31409835521565754,0.07845464710889821,0.06651698576844314,0.058926981842740894,0.1472480092797135,0.1771710296818684,0.0780172317156014,0.41224397397414175,0.12116376581158247
U_4736,0.36453813405950025,0.3184622253382367,0.32859730248140434,0.05256457417241343,0.03960481182498946,0.15655424309227717,0.07955853011220822,0.11140543059843919,0.05624203523171903,0.07290404261914299,0.06857365758417269,0.7508016633761306,0.16504374005967049,0.20228597170526916,0.3125499046558468,0.06423200320225822,0.16530128003841388
U_4737,0.03222254360676926,0.13399016099147282,0.5339180382106495,0.06815412619377939,0.10618991472822074,0.7394922927682535,0.45983914734949677,0.26511358950551134,0.5186520524618887,0.06666033083011291,0.062330184406818756,0.5365171234549415,0.14225055485762808,0.13918167895166428,0.05953664476259697,0.0012883508323408843,0.10828206146656189
U_4738,0.2264061987828721,0.24171716386189782,0.2547575761163121,0.04358136951344763,0.04805661359077364,0.6856850225865624,0.07874654841354009,0.10573611031367619,0.7021068709840095,0.05448792737878,0.062038016872762114,0.06717996555412109,0.1279268191681983,0.14911357196199024,0.12253852754171923,0.029378171394648267,0.48588262083676736
U_4739,0.054755520477031666,0.3436704358011068,0.06966194677988882,0.1198259567964512,0.31362439368231415,0.5473330240669095,0.09509671153690721,0.14359977665827867,0.0337929118924903,0.07002886108375572,0.0824339968085452,0.059041948052246336,0.08322270967856572,0.1273855804512884,0.09160223700668599,0.6958943917213392,0.374369781692496
U_4740,0.32743919691336776,0.6146973786787984,0.2625346136376587,0.03957405375972842,0.10138326295740413,0.10812229782664684,0.04188256076026189,0.08630625191786236,0.03268097076130924,0.04874010137242667,0.04889584100469912,0.03538051269633318,0.13091206738824634,0.7060182515115273,0.5653556304656209,0.03886025547983148,0.15820513447789417
U_4741,0.217951341793815,0.19541311152174148,0.6560563137058038,0.03238734944619067,0.13581177897673255,0.828694083183328,0.5442756491099585,0.09357213495814054,0.2575497194119241,0.18634350722876533,0.06298357496399745,0.06990661672627033,0.1415002076328291,0.14283730343866471,0.13196710419331814,0.009855663900555658,0.13006368971264165
U_4742,0.2209313941863253,0.20387781973707225,0.40054752813529143,0.0262872323160387,0.024297131471733166,0.7183274526069898,0.06887396123049942,0.3664680948419441,0.5992888219206427,0.1768970701611084,0.026983214081395927,0.05788394458102619,0.12253773042079663,0.13599606017522473,0.2140450802094787,0.09109470721366879,0.1059175932516121
U_4743,0.37101291170099715,0.31135710043265113,0.29782141551547575,0.0492558221666152,0.056700363756024406,0.904018181093238,0.07936453839653808,0.09818359714423767,0.046196718713622555,0.057524963416218336,0.05204603904608575,0.07133352099492545,0.17111357656752224,0.19271459850071498,0.30781163074526396,0.03681218134453251,0.16962396441419375
U_4744,0.24293473082072958,0.4649129230669535,0.24808633668834745,0.05124674429879534,0.051437627413704154,0.2695790642565446,0.12454550803365211,0.1266448237347893,0.3625158256165789,0.05722307124679927,0.03592013464987033,0.05161058551935887,0.1490697152569574,0.15398701475488452,0.17512684075875398,0.5833509762215575,0.16611304450500172
U_4745,0.2988359252395057,0.27437669614671417,0.2748312944614894,0.053698935051424576,0.05521733254209154,0.23232430581917168,0.07626400987685253,0.11929447918780643,0.0468991447841381,0.4620851347938085,0.050031842813787995,0.5648857734465706,0.13437060421182784,0.7504550109060915,0.3134719335681103,0.02709012462116301,0.12496278922484258
U_4746,0.03388726943496409,0.44910962021224365,0.09897939967407948,0.08190035771910267,0.13527414139930574,0.08394103640001263,0.10993072591050695,0.12131252388014917,0.6418400839189192,0.44475018046913195,0.20223118084171282,0.17124063539103226,0.10063369241537184,0.13008422723676102,0.04747185448875861,0.6081009161223634,0.14250755359281958
U_4747,0.24066205250839975,0.5975875906830056,0.21378992558087773,0.03393355717120647,0.38301201350658437,0.10348821838371561,0.0853622590303082,0.07217010008025679,0.01937988230568125,0.082341017232669,0.03533382373975256,0.050570932875544636,0.10698299733770494,0.8226902443926751,0.5998510166762065,0.02776422708540666,0.1302387822144475
U_4748,0.35409046863285104,0.29919946956356586,0.29297854365667453,0.04958145713274162,0.040621622326401416,0.14911848857215346,0.07488720549273989,0.10579557341306213,0.05963341226668588,0.07724129715544496,0.07294983596546792,0.9039657449970411,0.1905588835551305,0.18534692294171412,0.3106806224565757,0.06421593414190352,0.1397141864734367
U_4749,0.28369267227766937,0.32153014719140366,0.329227389385582,0.05480839652073343,0.0854719587285449,0.2553501879919507,0.31617001029318653,0.5209961646105896,0.15016354788093753,0.12334116925513208,0.10968372530212299,0.0824692147172626,0.1872797049863883,0.192302528640733,0.15967291336248912,0.03166028424159016,0.19614018359652108
U_4750,0.21532072636550864,0.5470605288585592,0.7282861259387365,0.02586765504148144,0.019045118869919615,0.19326007170963663,0.05381327200976075,0.07621662587848488,0.01622039874273252,0.04423537820166505,0.04850989124573361,0.2129305856943655,0.09023940975113068,0.8108685360352723,0.5554033993711581,0.11691106455207315,0.07828015060931441
U_4751,0.20901001765913593,0.23038006554794374,0.23392579772994535,0.04589430717637535,0.04472010602714273,0.8271134185295814,0.5362456769035835,0.11602376658345402,0.05608970083086414,0.05724880488199563,0.059530378969410935,0.06998904541649205,0.15052902392643985,0.15398921425713705,0.11350940824465061,0.024092614589941105,0.5338573635770643
U_4752,0.22758502173354864,0.21839600712111246,0.18038074368737855,0.04340050030424065,0.04762609977935793,0.7143167880280473,0.07809162932082525,0.1365882356974982,0.6662442364466812,0.06382910987141852,0.05798235485184375,0.07190254188768903,0.1465758583318772,0.157296954276549,0.13459702681079377,0.04333882717684596,0.7059173239686699
U_4753,0.19002727223659555,0.8180172095015054,0.20932885525097086,0.037364125678791535,0.28391867311808533,0.6316689658681012,0.08085820897403878,0.26815327298787317,0.09116524632558547,0.065474142908631,0.05980642415706351,0.303971394898384,0.13884716705566752,0.1665093876890421,0.10437877682049236,0.022149546357964962,0.1265370991001139
U_4754,0.2531323123583245,0.21298812009629509,0.8026703208656634,0.05406032456583223,0.35105627894489533,0.6790407484550667,0.06946765921137489,0.09342574722929822,0.03432204548383723,0.23686602748823277,0.05571959129711074,0.07237589482701759,0.14238958973487345,0.16285136764589997,0.2105357077041727,0.02868882810124674,0.11207233316448696
U_4755,0.2654505948736634,0.2622591058941244,0.28071848148572354,0.06194985705027711,0.06211771041504911,0.2901477252100012,0.07685724175037852,0.15392266859092305,0.1496935991789038,0.0955955732685617,0.07393645310564696,0.9133179480797432,0.22187871472042794,0.21575661947601696,0.19615527632353902,0.033656931982787325,0.18445408400043242
U_4756,0.03199757342787431,0.8357765507839219,0.18042082527647124,0.105795419811781,0.16839099924714168,0.1402935412769286,0.10195521908105919,0.1472487586119391,0.12123597635872516,0.18378870479929285,0.18563932779468018,0.15659763994284287,0.10555167295124587,0.14930412042999772,0.0651303307473416,0.7088536703813864,0.17154663428954484
U_4757,0.13012532320109,0.12001398823462343,0.19702166552819966,0.03890652221748365,0.06937350161034479,0.21012520813123323,0.7550212733902308,0.11830152967143205,0.32228399510513533,0.05715717617306529,0.06670388503172449,0.35505849723269056,0.14253229809946047,0.14484023896811443,0.03726977144451521,0.19694981444328033,0.30443024847438205
U_4758,0.3377531875257538,0.29677400287246364,0.2906831106267304,0.04423648371045364,0.05282051625207088,0.2813356121137242,0.09135205032422367,0.5926534248600286,0.05454902953441375,0.6128454904504702,0.059325133944353764,0.07288739707084983,0.154601164725353,0.18005584830189222,0.31192365350896867,0.03729145388959249,0.12267877999413558
U_4759,0.260970497497213,0.27938090956943407,0.24650034721705827,0.04291100762428423,0.047163172393675394,0.1675238645147349,0.09071876606224483,0.12200169707471538,0.15111110978368952,0.40464757886329183,0.05306156557010458,0.35902419345163583,0.1392513611169407,0.15367256879142832,0.1387440376438187,0.5196765175378715,0.6007637805485241
U_4760,0.3319018295716869,0.2989274094220853,0.268966684214123,0.04550813484911101,0.04328903250221913,0.2648213132266568,0.07234357633614229,0.11834549267746555,0.6620092406107706,0.06725760513043208,0.05255106369451645,0.07867186476967646,0.15938849759060497,0.18191434013667482,0.28836912016125965,0.04990892870329446,0.1556461629477624
U_4761,0.35319309815966354,0.30085149986000187,0.28440405098053934,0.04767214712942464,0.051865809228028775,0.14652273350932193,0.0879523608776217,0.10364449353762434,0.05835800669120868,0.06217232372693561,0.06561817139624485,0.8552434222930908,0.16618520428293754,0.2091559499719613,0.32214239721566423,0.042115736584979926,0.14889052173312334
U_4762,0.09041969619583215,0.8292406173928559,0.17808310537353103,0.06093214535199257,0.08215388151017397,0.5600319547681472,0.1125273679363293,0.1216444398508815,0.6090509518728043,0.08389736352772242,0.09264463105302456,0.09157346451039916,0.12159443555847688,0.15071150817273438,0.05471508068555234,0.02100563286714333,0.29403130638341995
U_4763,0.253581332782544,0.23690097568725887,0.1808777829763606,0.03841927535654749,0.03046065613858152,0.830781428860969,0.06722375510983866,0.11639061546785012,0.6165063986601216,0.062000441084384,0.0513633697256807,0.08010111594816438,0.1229538359643986,0.15170944683221918,0.2173190095953572,0.04935037640014383,0.5861018937645682
U_4764,0.043814707332618816,0.05319994997353068,0.11471904116829826,0.10490306163310377,0.1685312590649207,0.7368699059648653,0.14910707847456003,0.1469659374692463,0.10344603040075241,0.20527052955717778,0.18647462952617355,0.2017827062854739,0.13561958417009598,0.18407162296005897,0.05745708854978005,0.3877927011564142,0.16162580653536804
U_4765,0.2931905018045774,0.6478326916349808,0.25593237375284206,0.0440670173547424,0.05500950562612608,0.5587872269392632,0.07604053604963862,0.28426107263052447,0.20443833543091794,0.09676982185922481,0.05303720069922214,0.07553682890574599,0.12073828766031328,0.18144102723837235,0.23571270772350028,0.034411733334760095,0.13047485540893497
U_4766,0.5978297938831713,0.3859580845841385,0.4345595128467949,0.08266483113990078,0.07212125582647853,0.22952449925505153,0.1058477026970277,0.12388140565471917,0.07586270932152701,0.09275104409042287,0.12491916543465283,0.0857760359689645,0.28146259399756923,0.20286233116860655,0.4533012807235788,0.04767106906748855,0.10921771218321275
U_4767,0.32430205860662314,0.8537625874314705,0.2720338375383942,0.04963017782790301,0.06354816504689156,0.2414325574121221,0.09900320709267234,0.1233208318002078,0.1251898709956359,0.09193772728385122,0.07300387796710103,0.06821433672133212,0.19579739774775295,0.18676656394142405,0.20172121223274955,0.04330459465555808,0.17975352081327062
U_4768,0.06932887615394448,0.13616026974590723,0.7903726559181782,0.14871779465268678,0.17786870751339448,0.19059073281503733,0.13973805778253348,0.1470904196322507,0.09361073791704311,0.09209600506433709,0.09332222659853288,0.06998820992281804,0.13915776539203895,0.17748514159116918,0.10154770277876847,0.4989122787884025,0.21594362808055867
U_4769,0.04321631436433926,0.3572799058371942,0.09290266899424081,0.11055969533524651,0.16645556958406618,0.08978927602320398,0.11785864861653139,0.16351855710453858,0.6657252332838448,0.16436268572363208,0.1934301964459328,0.21810064928900952,0.10843288609066498,0.15439938313495724,0.0507894749363251,0.3457104846010987,0.19102731918505245
U_4770,0.17185405701346865,0.18073767696931098,0.7873977551383308,0.02800911213772603,0.34368773317682444,0.7482053588417821,0.05988591227591661,0.10092637552014747,0.2128659652669668,0.060785927140098645,0.04279147813235738,0.19877718895334223,0.12145584519769023,0.12704096524263633,0.1257135565720005,0.029538565659742378,0.6135235269624087
U_4771,0.3310571534337074,0.9304158629278754,0.2719661453396483,0.054192806285624395,0.04601068489401712,0.13982177429676024,0.06690750122865445,0.10388534396158022,0.05300280395689831,0.06768248669637075,0.08123432259661693,0.07453653102387657,0.1449300290149302,0.20852546585442144,0.29546861361560955,0.04134643438497515,0.14437583080784439
U_4772,0.24369790239098274,0.20460779999583117,0.8611970070471707,0.03886665069993264,0.05448837119178473,0.14232395992462984,0.08720028400849492,0.7289489605916943,0.3127649253688438,0.08028049701109433,0.06928080011668622,0.08105432159926698,0.14378442971502095,0.17767918611745037,0.19452186281184514,0.027376824331188716,0.11583752973832318
U_4773,0.28830434776339886,0.30207618575707224,0.3067947993710085,0.05441048428560778,0.060388575970355025,0.3099284918426766,0.08022473089604695,0.1207439409834576,0.05164559369712729,0.6972271031687264,0.08841138510880803,0.08681903660920472,0.22563366291742587,0.20690153891630877,0.3508973729581718,0.037966918535326334,0.1550571803078105
U_4774,0.34343284016321696,0.27172651469221315,0.2518214492760508,0.03470462503963519,0.4641799509328643,0.17777992540569534,0.07558678717839339,0.11208205860955664,0.04410405939790159,0.06148427506505212,0.05060625328341999,0.07018210425296556,0.14946308142688586,0.17554333389205684,0.28867396707492765,0.587260747687359,0.09850459268232548
U_4775,0.2980818382717294,0.26068178373772405,0.2680450467451898,0.041391880419931984,0.03572088191216106,0.17449235694953674,0.06602233819804215,0.5442923972153098,0.05671780306315795,0.07876042491010923,0.05336779044531166,0.04888931052536803,0.16186535106676248,0.1848007430878181,0.6891620395801101,0.5381348052491937,0.12822230235245943
U_4776,0.058463609034679544,0.060741824125284935,0.4544464120711471,0.09783994149426334,0.1519320438002972,0.36006474839714964,0.14135245781311526,0.7138657313862797,0.06713353439370631,0.17842737794213234,0.16923041256340943,0.1439951391518662,0.09039113342565869,0.13022371319285153,0.04008027705947301,0.3988435051297503,0.16317864711215596
U_4777,0.25136421841923573,0.22078399057728013,0.5319230705350221,0.03310215154870686,0.02896427194824051,0.24081082315928148,0.067087551750013,0.08791519416752935,0.5589139227055159,0.24682265887144447,0.04347587629035308,0.052702645649856675,0.11547613524236428,0.1428755756717225,0.2575054351327559,0.029879255919190332,0.6487728329607441
U_4778,0.3172330842680214,0.26640238695843954,0.3309287618613785,0.036779723410232466,0.027964385781564804,0.20407681069025616,0.5380480310097118,0.35504266905710535,0.059763412848613834,0.07512365217514305,0.056065254251946056,0.08887958545887878,0.15061979822685398,0.18448839496785718,0.2621936461930977,0.3346421272750915,0.08262747680863519
U_4779,0.38803759709047375,0.25071078221939325,0.546449684650796,0.05589229544603886,0.11265315578268374,0.44056832240138555,0.236727115027944,0.21134507125541124,0.0987791142505709,0.12144250929684777,0.0881188306434598,0.10169777595805238,0.23302137212051416,0.30838154458725653,0.2361401467560967,0.04803932689140568,0.2640900269418621
U_4780,0.07803480770158866,0.17484969740774495,0.24434866696334384,0.09157778549867504,0.1409065586294791,0.20733948705106633,0.14836164456018297,0.7269668489458818,0.16804758272828785,0.1735008539173636,0.18393872320324053,0.7852716180796232,0.15253850189756574,0.17722788842553772,0.06375861320930507,0.09832190041254488,0.1724692699168564
U_4781,0.2782863496448767,0.24628339820861445,0.25894753118926506,0.04478214915840074,0.037678573116077016,0.1444320963186763,0.040292678792028844,0.09517966838473038,0.40681335473350816,0.04758939021232131,0.05366999863946837,0.03696764346573089,0.124257965788274,0.7969517826426089,0.5880386491351058,0.02928636268243255,0.15013558454519274
U_4782,0.32438023370865054,0.23638447773589788,0.6730177283090071,0.03946766637811555,0.030369609091330546,0.11323107313181095,0.23464211231771484,0.09773063088316833,0.034200614979571636,0.07024213328859695,0.053018499331671354,0.5126263893336866,0.14470331950594806,0.6053708411951768,0.4672206986917473,0.035093977009502425,0.1078782377834824
U_4783,0.09584579794108858,0.16377497545224506,0.23622786383740552,0.07799815506266305,0.09101702269266623,0.6584927677986359,0.18465379395311343,0.12949361028019196,0.19281609513777154,0.5193878739117197,0.0665254754194944,0.5181724867519096,0.1625053493944897,0.15365768987409636,0.089650855295421,0.0230271020070789,0.14173002309196436
U_4784,0.3772966571850228,0.31643293520471005,0.31357695679828923,0.04407039905000295,0.04915340857905403,0.16579035787400753,0.0745188419079612,0.10016071037896951,0.6836601225507313,0.0617544494384714,0.05728349916101652,0.05679383198676735,0.14841395314431663,0.1817328350291831,0.320547750707684,0.05030984506004901,0.1470914591280455
U_4785,0.5589285303604641,0.5855650249392087,0.4490638773587085,0.03149685805525905,0.035298995405629634,0.2715745829196855,0.08513209878467445,0.14816611714407502,0.06774606303292817,0.09371036392659918,0.07443440911469636,0.07358655462107877,0.21234057039876872,0.2806564319772906,0.4450187833101582,0.10995277771976211,0.20112092917495433
U_4786,0.21029496391242808,0.2236645707635984,0.90171060240885,0.04042724807831737,0.26877674995259704,0.2052474820094777,0.0748976740616612,0.3260219792863073,0.33879930999074703,0.0802363905682156,0.07627967327155541,0.39932138813437146,0.15527503782137003,0.160615795141976,0.10884282588846346,0.02180251578132666,0.1505125926836671
U_4787,0.06848923899055143,0.16786687045801005,0.7058442204575861,0.10316057904167482,0.5268578752864687,0.19266295734655325,0.1560263166621345,0.680510968229777,0.18426608582174664,0.07875359662778751,0.0804003900596331,0.8238514855875558,0.14498135758248712,0.16268758323391502,0.07542886256536463,0.03617220264988591,0.14798142495137157
U_4788,0.25639034768680824,0.19398130092300084,0.2855497881978769,0.07338428420377636,0.07125464168456486,0.2229768379797386,0.17633226777367067,0.6629080200925881,0.06873773538446104,0.058058567121885174,0.057711963900600974,0.0710709007424096,0.15797709452048847,0.18323959053619832,0.16351387320211047,0.03130602117972138,0.7912046728040826
U_4789,0.09391463525352665,0.2033302973559584,0.24418812762417835,0.09496842441151027,0.12245952438930291,0.9186564926598411,0.15631511538265835,0.14627533526926867,0.2110102573949748,0.07838925291434344,0.0884800470493117,0.5009268436407619,0.19987536067319267,0.20877435526555888,0.09856564851570657,0.03567254000501116,0.15288158207509697
U_4790,0.2268709278720647,0.7997029231578873,0.21838824862217388,0.04252437857979229,0.041488351551784736,0.254735957097028,0.07019722548109372,0.10595654781486771,0.5157887780731596,0.05694279671380864,0.06478020706740267,0.06809010231994708,0.13966943239399734,0.151885297633989,0.15236589016336055,0.029064310210049196,0.523170970705874
U_4791,0.37114578337603144,0.29289495553977474,0.981144167243674,0.04759702243485962,0.04653340872504062,0.15945239716875703,0.06503321819698807,0.09117263956666113,0.0550337590808118,0.0568441643580737,0.0569569748623847,0.05653270541668776,0.1632015590996603,0.18003742686254626,0.29656461268483303,0.042632897398673014,0.15102427777344296
U_4792,0.33474120481435954,0.30040300974485734,0.3413038006950143,0.044595283495439904,0.0460269820644604,0.8740847612066345,0.08980114495648568,0.13052922310120849,0.04159990018512532,0.07402252001352747,0.061681689690143385,0.06468547993372661,0.14433511661421877,0.19551829229967063,0.3436031124387061,0.04545035586936942,0.18193550556727311
U_4793,0.5454596201093151,0.15098027154670188,0.5785943887945106,0.04843407403097662,0.05296416358077292,0.1687815907604154,0.1395736731908945,0.11303320615470862,0.14359554820876347,0.057956939806635265,0.048138908360094,0.5025480352997491,0.1397010306944981,0.13016170780347708,0.08375311689918592,0.47634373469297986,0.15590867651971443
U_4794,0.5148549084724728,0.4283031932768252,0.5524582315786658,0.03612203881623686,0.08112318428642733,0.4032491786342306,0.08224237847619892,0.1532831771956247,0.05047301368798556,0.08429072861310552,0.056904258216774764,0.07655897682696193,0.22519319694013357,0.27689093592086533,0.4897890007867192,0.05293194463865294,0.211584218485395
U_4795,0.06770842024963855,0.1161743983643203,0.09833384096773826,0.15960933814269848,0.15745540571089428,0.1039087492988342,0.11300527665334452,0.17058796778976162,0.6379916538337036,0.08979149563686192,0.10246263237856201,0.0644371944840978,0.10470170226833087,0.1295689413297165,0.09338531532355374,0.38629829713368746,0.6379280920278313
U_4796,0.35692583295756725,0.28213899444531004,0.24720046994510558,0.03381661374403212,0.03641123767707603,0.2312318275575964,0.07252524389818195,0.10174193953502104,0.711559929801501,0.0513694829298435,0.05475215670109518,0.06615716926122203,0.14228917722880946,0.1876783637822948,0.284046069349438,0.05553619007020856,0.6290972795571271
U_4797,0.2627165688607098,0.24205942222014445,0.2496829153649631,0.03086103634419475,0.045536780152441586,0.11359728059112985,0.21810201729196527,0.10530508169304864,0.04554551866814679,0.04775378157259741,0.05525618779598108,0.05765488519068186,0.1242829194967828,0.6992283363442948,0.5895551635591152,0.045600869276935775,0.1770177232972555
U_4798,0.17672171995420052,0.2544731584282729,0.9090797119580181,0.05051355223816307,0.060877033954625216,0.24313577346875873,0.08968467852397072,0.12790691360668005,0.14338526530978413,0.05617861114947331,0.0632395187873121,0.0630781624227954,0.1505634887289377,0.14102861898696709,0.07650425931268906,0.03354255203029342,0.5656605749465374
U_4799,0.15303681865544444,0.4764148829192404,0.40998281459627617,0.1387076076658529,0.17847499693436208,0.2852627068102527,0.24969216594576937,0.25885889730542144,0.3756697721453714,0.13603077734877764,0.11118449559281784,0.13097647293908213,0.30110672942649896,0.3147996321506664,0.15079005055234054,0.0603182891999578,0.2272480739894665
U_4800,0.29818209208556723,0.2871522353706453,0.2729388220310224,0.06287686548841735,0.06180506265409182,0.29820162582865983,0.06940430954761637,0.13955941092045057,0.8049530739057753,0.10111645696456358,0.07583880582053243,0.07015159068599279,0.1805091711129854,0.21200137248583115,0.17244230155988102,0.03408062282286534,0.2912895359339134
U_4801,0.11279052424856659,0.184655948879636,0.1739622277760352,0.10043724954419268,0.10396555607305784,0.19324884965817513,0.1762209137482711,0.15713584303810751,0.6999240431080023,0.06974052009549081,0.07934484934489919,0.8222247346238655,0.18635501707970048,0.17762493710269914,0.07998053832615326,0.03374057628146633,0.1521865252082269
U_4802,0.29815129308752936,0.762108248059757,0.2566143417908907,0.03623551700213814,0.03225415716973154,0.0923768527831963,0.04300135526999079,0.08584223885383313,0.032455825498465034,0.03993064302549537,0.05257422103997182,0.03796052575468828,0.13877242611598578,0.7407098169525144,0.5152850618608142,0.033172395825451825,0.14383145192425525
U_4803,0.14822722190016524,0.2713526603473343,0.9090132680659277,0.06877566494225695,0.08685773684045252,0.2240354150273517,0.3928144586124426,0.14530345762974003,0.17158025234866486,0.08886305426663005,0.09384247752756819,0.08027137827488182,0.15949086350077996,0.178842343792906,0.0809352349591506,0.05743763896713423,0.17476740377847233
U_4804,0.06108472410426564,0.1114130607093886,0.11384673959544334,0.11506208928181219,0.1370346924779599,0.10500800771525953,0.31243017503127274,0.16089170162380295,0.5610742636314199,0.07479543469691213,0.07341235987981534,0.49599574837896254,0.10632961423891894,0.1527445617228955,0.12760724999404413,0.3209278882567413,0.16300459977997261
U_4805,0.06348678723414337,0.0680516983577713,0.10451844947025693,0.12483500159173153,0.16669659443709506,0.49810546816134776,0.4576588870374705,0.1642447031704493,0.07680955291780885,0.08067915317061593,0.08383896713487933,0.0803923025739905,0.08835908111566654,0.12924523374114746,0.09980174843300801,0.5509633011817641,0.16140398506497575
U_4806,0.49768407244914414,0.47187822361357024,0.5868312703059315,0.038315100915836044,0.04905812242722429,0.395348292312628,0.09865347596929094,0.15565106745742896,0.0498349788037447,0.08503473489243107,0.050340188560472336,0.07169452888440467,0.2029971162676758,0.2789066282173383,0.4629585728787956,0.05200583269914029,0.23259610845430312
U_4807,0.06135011567684577,0.14302754697575493,0.2451824187580863,0.06364341896938477,0.08198005601785713,0.6565835553363546,0.15504975484260228,0.13105617181360918,0.5398470697597597,0.06926652113392845,0.06993868681822088,0.06793162025253974,0.1458345370254237,0.13994387535713743,0.05723420661432292,0.4807761984230543,0.13384446743402664
U_4808,0.5477793857527226,0.46974051399002764,0.5407987989999166,0.033299360187060804,0.04816446756827171,0.4210546358873686,0.08435892105873342,0.15367105313644028,0.054462702345325936,0.08840257956023775,0.05453065348855701,0.0795364084563098,0.22449712833995056,0.28797514649894135,0.490632876525003,0.05532579568983928,0.21771227116292924
U_4809,0.2596030349627707,0.2001407221203344,0.8161249668750765,0.038197775012781404,0.032366319691251706,0.17942247530635236,0.0348270871705301,0.08856916894080014,0.022563103033583904,0.06164733340056447,0.04947320665901753,0.032152387941364366,0.09924988255898458,0.13624224147633546,0.849102143520944,0.18352682037269258,0.08690862443895651
U_4810,0.03978211958837471,0.21705727727844093,0.23226480712989966,0.15169220507698694,0.24809989425007817,0.14922690850768272,0.15110379334723179,0.204706413319721,0.16198405880691452,0.22370504565230778,0.23366393820543357,0.3673616575368066,0.22281900222606024,0.21407801976593754,0.09041378646343971,0.4808623753535993,0.23373143989688297
U_4811,0.24973428951009657,0.24682893135685177,0.188593231409503,0.052642431923046205,0.053356443109396225,0.8910008098400379,0.10154789721433333,0.13103856538046305,0.07899062155060912,0.062121587459928435,0.05607136268303104,0.06330002618079983,0.14142437505369734,0.1856068871650233,0.12775467263164014,0.03875055222505956,0.6913713399267412
U_4812,0.3728948457237265,0.30878318657281784,0.28242782702517827,0.04348873946172158,0.047346984439075444,0.16525674778776653,0.08909168798157903,0.09801291812937057,0.056637455481949886,0.07247376707311186,0.06974655306837017,0.855985818693943,0.1585963339812377,0.21468169763819026,0.32270295476515337,0.04772520124526569,0.13945349885120523
U_4813,0.16347221445213694,0.1897787597908204,0.261343494925,0.08684190544001588,0.09654659686893959,0.8992909326682078,0.11529080722301449,0.15484832401860477,0.13060909668122733,0.06261389956228873,0.0752698431812397,0.06866333667804794,0.1692774182824044,0.17676757477087518,0.09392145858139792,0.02554491609562725,0.690566544602678
U_4814,0.026116145252598248,0.022505017147549978,0.39117565777038743,0.07647835158928323,0.567419099930606,0.7470528893257475,0.10575099118103992,0.1313971694045298,0.245094014951787,0.12133252339409245,0.14164244125785933,0.4760264679536688,0.10191848892354616,0.12631481234269268,0.035790160769775994,0.31056108582121444,0.15011883782565305
U_4815,0.2253851741193395,0.4373264042195865,0.44751532175302794,0.024128537147119385,0.03162205199438988,0.38841662930135495,0.17487170592954093,0.07708078360659812,0.13091139201631202,0.05250295230547952,0.041829491915594624,0.06565079083268385,0.11511926726758288,0.14051622537259906,0.22755690360019973,0.11122106175535004,0.6989012816149967
U_4816,0.24577210919944803,0.21021272499021393,0.2338864369186886,0.04159968915125624,0.18098461792084686,0.1437276643938295,0.3841700356581698,0.08445109766252798,0.027270822354643006,0.061054238366487296,0.03778992344333701,0.05956170159740125,0.11615448529036265,0.7788591709164138,0.4825844340330034,0.22788238739933492,0.08683406839235204
U_4817,0.3042426448512936,0.6242732994278216,0.2751676412944938,0.0353773528205357,0.04447923155741933,0.23262827749943327,0.056021666475810625,0.1053223462234142,0.0407729899737336,0.07432041201802671,0.05320054402728205,0.03745345360389425,0.1291192961005904,0.7383272045293657,0.3426921777685379,0.45699707329225525,0.1294028417653568
U_4818,0.18725284551490984,0.24115134421005868,0.2272022614997887,0.05594147291792776,0.0743408028529103,0.7442739874072642,0.08791598035686535,0.1138436879811563,0.37283445774464447,0.5456449036804396,0.07079851163317893,0.07841145966732599,0.13546131979643825,0.14733511902250424,0.12057831629422541,0.03979422908013902,0.1426112172124108
U_4819,0.2914186834520438,0.8287883458586627,0.2588091278194335,0.03964917763349395,0.041083734910151756,0.1583918470751051,0.05890954562219737,0.09512491762290401,0.05665087445496819,0.08266160248171328,0.06347691257235617,0.6062523661084488,0.1623027549403346,0.16236337117102223,0.3039474620126402,0.04076673733677984,0.1198676924763992
U_4820,0.35078933201912643,0.29809956634981233,0.892375691168256,0.05042679043058118,0.05167095051414616,0.20480054703167364,0.09403174782015136,0.0975939893064687,0.04978594722338596,0.05653635349699222,0.051332673974236714,0.07167729199960624,0.1667394223705547,0.176718222808349,0.3029621856985035,0.04126905930251512,0.15052877662615322
U_4821,0.2370890986457268,0.8116548323392052,0.22539942622373998,0.03814807423053175,0.26363532857266525,0.23251344817460992,0.08667044952833916,0.27190461359656,0.06251748147526479,0.07177906948620334,0.060281764792592535,0.7474369905609337,0.1368392531806913,0.1707212844526932,0.12906484934375284,0.015384214134591302,0.12761310940008197
U_4822,0.028245157312243953,0.07211994852174103,0.1025902238465157,0.10960964692319425,0.26755731050696024,0.17593549851524695,0.6446055976369367,0.14518255966313184,0.13480778253850395,0.30391203699462044,0.2952874970822499,0.25978617049403196,0.15448302032491146,0.20606464545703668,0.07425728242915783,0.415420543773383,0.19772876095706507
U_4823,0.12379144458864687,0.18795017260330904,0.17513773687214518,0.08918425347576558,0.10367618128922652,0.9504793285046115,0.13744553858840106,0.1469860448190409,0.16433675219516086,0.09238133515341185,0.08842036815486558,0.08395039237612553,0.17410423858587493,0.17751539876990696,0.08945375878099696,0.048395915698431866,0.1671790321516639
U_4824,0.40995214085222864,0.4709140324339341,0.5107390143285324,0.03279643091567598,0.0630692967294969,0.3456271395904022,0.12120145254866427,0.16887391714816635,0.36676830847347197,0.11277042314687374,0.0722426715428784,0.09570036258897804,0.2253925472423478,0.3187110324634055,0.250627639247306,0.04419050136742818,0.2619038323583118
U_4825,0.289028069443713,0.24781155435199054,0.2544280250450116,0.06515307329898001,0.031083241577916098,0.5072601008947252,0.03781960683330131,0.0843271822407796,0.027770553135519155,0.047364819398451226,0.04393854587680188,0.03079549146811174,0.12534328426299873,0.7940257510517147,0.5455442429941768,0.0386215268299685,0.20492289064536273
U_4826,0.09157029316105905,0.15640009198488097,0.2547197725186545,0.10036575027309155,0.1306299328838798,0.2194841751543145,0.20937356170463084,0.20035254310797668,0.3589682083705299,0.09261899061776854,0.09497767781973343,0.7282948578785212,0.2082875228697092,0.20548514115929692,0.1061163571913618,0.053527553848921286,0.15871656886360083
U_4827,0.3447359193586085,0.2775306554887601,0.2682933651779684,0.036348803223957754,0.05677604956958926,0.14907780926559572,0.06300406443434828,0.11221424324303968,0.0499175235361483,0.497678324858026,0.051551794842535095,0.061858430025741415,0.131061134104492,0.1920435657820477,0.6337774386512327,0.40695438046366683,0.12541972841925317
U_4828,0.472829429605212,0.20757823229137545,0.4919513460638244,0.054148227542276016,0.061140818879417136,0.21098572639628418,0.11540693852738906,0.10484155748394193,0.755672368552796,0.08531324490661094,0.068482195930372,0.6938568202332162,0.13997191299553854,0.14827454106930543,0.09779280672239264,0.021861779428255228,0.12391094847901687
U_4829,0.3730158532698828,0.31096008002459186,0.28786663709433863,0.04185551611966031,0.047730410820998936,0.16352982935972657,0.0869287141985513,0.09451451287516927,0.059103403812347195,0.07168865144044434,0.07305132322129285,0.8741913187649997,0.15728483218646816,0.21460521805005406,0.31626946290084845,0.04939341906792932,0.13950339667203457
U_4830,0.3774962119884247,0.327381490404719,0.3733438335606553,0.044786980406111294,0.04845204496937067,0.2750993809592455,0.0695322875956228,0.10060765797547866,0.04276059242493659,0.06716036311858652,0.058725156049172056,0.07089090069050258,0.17327901548190647,0.1976865348332865,0.33966990071585357,0.6365923995593523,0.18153571406532354
U_4831,0.07382249065978257,0.17079798380712335,0.2107807891533513,0.10963059753762758,0.10600754349363975,0.3117998997682344,0.14292347951158796,0.17187992974172248,0.14104319089622902,0.6777946490491682,0.12912744783923125,0.07796748833658515,0.15410111957208428,0.19569217570794173,0.08538308951006948,0.034198722988689215,0.6826192670504689
U_4832,0.2543042620706201,0.22998341320631577,0.6466362211391368,0.0329831573624643,0.033951673095638034,0.19329612133644117,0.04733611634946703,0.08720166297871161,0.30567636866348336,0.036001202916886854,0.03868424643041848,0.052483549887614,0.09534263107010468,0.6283301226736706,0.6973587990055208,0.018503025315672723,0.16543209914729728
U_4833,0.3676639259203047,0.3187195179848983,0.3513171281959898,0.05069062672904587,0.04465098084196511,0.18773966301476983,0.6939939531695336,0.1047766570253661,0.05089586731870847,0.06123267713629632,0.06449072648904401,0.09948470232864157,0.18888880314462111,0.19521864251577112,0.3088327777600618,0.07032708874020364,0.178302386569904
U_4834,0.210588996034861,0.5199664235752289,0.7468580491067061,0.025447398705629176,0.08483090575711764,0.2302038173561538,0.26486319899144994,0.08526361820899302,0.30551908522111215,0.06811165058025817,0.0418739216010932,0.19504027756717224,0.12629401612000885,0.11357210951311286,0.2030009271299831,0.017706077286606905,0.6410072760495754
U_4835,0.21601406551834906,0.8170296351900481,0.5425377403265456,0.043158415084486215,0.044160548282234105,0.791537273911721,0.06937164492303252,0.09923752717845295,0.08374040532223506,0.06369729376135162,0.07420189262261365,0.053118918314554085,0.11305050017655534,0.1412346010083697,0.1000184660067504,0.024816850084426984,0.13539477500173697
U_4836,0.3537779248307532,0.3028041994586036,0.29725189192459206,0.05186520226819677,0.05171549319655663,0.8611719478962306,0.08502541426565628,0.09939903354226497,0.05415975647181731,0.06440405096969538,0.08554038553305744,0.0522562982514728,0.18917462867939366,0.2077645435516011,0.3246947465023512,0.04782685585550791,0.12090475937767178
U_4837,0.2645589844890763,0.23226188646601503,0.7200362466311832,0.0529060641862233,0.03925554868845083,0.18220419568410015,0.06296969461149782,0.09301520228323891,0.03321462687104619,0.06748707260239233,0.04667815402111114,0.04351138251612446,0.12527141574578202,0.5585391662453854,0.5593486219841949,0.46451844016150223,0.1213755230112907
U_4838,0.569572805635714,0.1588294390845749,0.5995593619250666,0.051202063129168966,0.06077545076522378,0.2277889667454251,0.1447537776489312,0.11830073330913099,0.05314078733717296,0.05038667287491601,0.04241668251284453,0.48829373795090636,0.1498810841416635,0.14276499205641974,0.2353585235109557,0.049528601651367146,0.42099954664838246
U_4839,0.26307054628215987,0.5422394024563885,0.22233996574777595,0.042980634736125206,0.043983593258379416,0.170303032409889,0.04371467966193663,0.4587522902483131,0.023433639757223068,0.04422603073152634,0.035940452446625096,0.03304860033076781,0.11388713221699315,0.8762684826258752,0.5605839105861177,0.029296492751409324,0.15405952891885918
U_4840,0.20766607520829278,0.4482475696372401,0.6057707439035881,0.03177201049155254,0.20004485103098874,0.1268769417423683,0.13635322900080962,0.08714657813654582,0.016057845851375336,0.0481588672762386,0.04480225692764189,0.04117400558681882,0.12223239702711589,0.36973864225482544,0.6358895603909985,0.1392370729764933,0.08740433573846294
U_4841,0.34245108900802484,0.29689213875952863,0.2910410655561476,0.059553805061801274,0.051064397186087546,0.8801962309900908,0.0761215772296572,0.10069949026024548,0.05841579114222127,0.05036908709701958,0.08343018325046245,0.07037483989477034,0.23684794895162237,0.1880260541929481,0.3373738829115941,0.04020381783883798,0.1315303955963944
U_4842,0.04100921930615383,0.023713802567161105,0.5315995102151065,0.05725818729399288,0.41668509747979426,0.11700467553649366,0.5646355677642311,0.14671282679422845,0.3815044018741845,0.149802187099038,0.13001917387833833,0.19942491794624198,0.10944853968962677,0.12895627815156735,0.05420010345605074,0.3484071695782136,0.17015409019970523
U_4843,0.33569783605981385,0.33103048357849557,0.3532590970379983,0.044996343117425605,0.04223800000715645,0.24666699350020738,0.0703155529447097,0.6417728809949985,0.04811091918707669,0.0653173626464793,0.06445207765370847,0.08745414867858972,0.11953076374060254,0.19515750316429054,0.28086893797493423,0.03761186733457157,0.6111900351995811
U_4844,0.30477630336878997,0.19074257828926725,0.28579286462671893,0.0727545521354772,0.07893505361463386,0.2489215140775872,0.15750153985310555,0.12712290187874528,0.7302383116940472,0.048870243391499896,0.054628433837068426,0.05679458531275805,0.14216622478215668,0.17749202097893085,0.2088439370749426,0.03727692333724322,0.6587336010785084
U_4845,0.24812174972602835,0.2156678281947303,0.3071708829946774,0.09391011568971001,0.09426927094083752,0.27127590526280315,0.15394588019288874,0.1545222138074125,0.13957654468706304,0.1419803501351351,0.13399060826865275,0.7904198796625933,0.20672642930345295,0.21124291108226914,0.1323687155450728,0.031444302466807746,0.19096950180231956
U_4846,0.2630935794831155,0.8933906812446737,0.19902601717992202,0.033760474669455254,0.03976034472781481,0.23134567171123255,0.09310478701518757,0.11345568436204609,0.04130428548266101,0.06819083349978021,0.042966455197941275,0.05760787629253718,0.12190085265770752,0.15149754688221992,0.1256512131149746,0.2211574233208179,0.4467754622687373
U_4847,0.0993478763688923,0.1331659862292693,0.16168916010372714,0.14519022267901618,0.1815754005633084,0.15034617055700594,0.11859695601283951,0.19298166149360002,0.0609213500299759,0.10627474141067576,0.07610882057630836,0.08171813715788509,0.11628867463753813,0.21017303184522715,0.20625542752495707,0.7197878280112936,0.3469219875648081
U_4848,0.2579520115127102,0.7092066488582529,0.26238888664648397,0.03239695296383317,0.05631319475213234,0.155136784010603,0.0792021939048901,0.34234104739854804,0.2428835586704221,0.09024173692463175,0.0826578257636779,0.08693895070586835,0.12629902980070742,0.18419068404880792,0.2437516493243272,0.0393342817630782,0.11643487778989998
U_4849,0.37629384228864904,0.08355971495039735,0.8024983570568472,0.08801065724588551,0.12138254689337222,0.11594762620807283,0.14643165376606865,0.11007325627936634,0.11667516086647647,0.12374394887751,0.11435048401438462,0.49400046728447367,0.07215864228955388,0.08819341895406987,0.036314044879333,0.16282105036568184,0.11736398295717396
U_4850,0.2395804594838412,0.33948073743963436,0.4636734530582105,0.12887987135126794,0.1854910785308929,0.39821924491653654,0.2245129025100558,0.23230173423959855,0.338850655868017,0.10990169044968955,0.09862221731070403,0.12062272378607516,0.273494008855932,0.28927795302791354,0.1874249689065151,0.04668521478489062,0.25101750228082925
U_4851,0.32524880719613514,0.260588555262515,0.6112454088774002,0.037999556140525664,0.03909732264568991,0.16762242226459217,0.06648641494802254,0.09764295921106225,0.7417111840633599,0.05524613746152403,0.05121740198105798,0.08705639190276927,0.15762576015462054,0.17355816029013538,0.2811478570515685,0.03984021172538796,0.13981419190019853
U_4852,0.2826836560782102,0.28849171485649905,0.21820284416169203,0.05416263870393977,0.0653180332114596,0.3015949455205571,0.5048701051737996,0.709834584051428,0.05863953587017051,0.058451409471525516,0.06384490275511871,0.09749328442992568,0.12345137332223191,0.17041090868117562,0.25834223738225226,0.04380782509098045,0.2075608891257822
U_4853,0.1870387665354945,0.23029121857262286,0.18938301182511438,0.06722858335555995,0.06624914313028762,0.9605774872301641,0.2895370741508937,0.44250991994715416,0.118435152610879,0.09426453931575594,0.09132960494922852,0.0829980865495727,0.1535432478460311,0.17885275452523064,0.07749713245777756,0.02868786351577945,0.15635916656787877
U_4854,0.2594918003922402,0.2122922676854128,0.203737682499798,0.03593248250845649,0.022896697614485473,0.5572208013282152,0.04637993041358178,0.36413864558649733,0.02335614774022572,0.04528245473069524,0.04159350660175361,0.04101156685633251,0.11098027043645078,0.8458450599451142,0.679175512644878,0.026630856806151317,0.1275714186645139
U_4855,0.24712647304073898,0.24818168292735968,0.246277992888824,0.046549767494641264,0.04606460368597272,0.9246681201813838,0.07922292816314405,0.4230089739992343,0.028913221824054827,0.0632141059507018,0.047089050905215105,0.06778853203957845,0.10130317264723583,0.15283830438276555,0.23033883686355816,0.023304918355816145,0.3501309614445466
U_4856,0.020962525042859694,0.13576090248398578,0.11305637552282947,0.06409345359588203,0.07234602872992554,0.10687092253186528,0.16518340043765517,0.11582442112713809,0.8712672842205859,0.18493323182130286,0.06891216449578369,0.5463964787955935,0.15210517406735943,0.13515338464900453,0.04674836883762681,0.29108571778314396,0.12635206577403826
U_4857,0.25740892771573104,0.0822554981866355,0.4007656542999242,0.057795354527721915,0.10261700688521046,0.19599188827063274,0.12648798310060766,0.10449074078228106,0.5621105878012694,0.10441978707241101,0.10034776949040776,0.7699820026989732,0.10438616554348613,0.09681839255362776,0.09150057134564349,0.04034711679244572,0.11791751052491928
U_4858,0.23428996118979273,0.21239259324468046,0.2311539661716913,0.04940095342750957,0.051531230417796794,0.19542594985683906,0.08983830091741767,0.12797762673839344,0.13923362745341145,0.3726562934233517,0.05356239629248744,0.7898534030130994,0.108456507656135,0.13916714046727297,0.10185789219957472,0.03213093157078414,0.6581498921438063
U_4859,0.3234928997935642,0.32110172371625234,0.28824713067511964,0.04366459654537459,0.05142847497568887,0.17634738002447423,0.08099713002510174,0.13001905522642956,0.744212134339962,0.08155477865414332,0.06162185958124894,0.06886568859324668,0.16424085055780455,0.1938401734003537,0.27603693722732603,0.06869829874891772,0.1724134531562624
U_4860,0.09713581916915943,0.48026646391395106,0.17795143948375347,0.038600319500623204,0.050965582346596344,0.7443592619419626,0.24884658551774697,0.10199545599638601,0.25095918989213484,0.09563391705181165,0.057079276122713976,0.13824281463085186,0.12802491608381472,0.12783037280188547,0.07721526971969642,0.08786023717112068,0.11199054557464294
U_4861,0.09499474262244975,0.18237085911325662,0.1990054616304227,0.09540080165377923,0.11480379471510366,0.18966432987814225,0.19062438547731209,0.1689581813378943,0.22845845462336017,0.7899402668648792,0.08702567052636986,0.45267362747556256,0.1716104701889417,0.1668227167050088,0.07470341106606157,0.03440940886520952,0.1438151399888731
U_4862,0.08501147537761575,0.15633027543056505,0.8130582320371931,0.09581322872299561,0.13925928250797298,0.2175514534596395,0.19210233506575683,0.17708977763911743,0.1944794958278333,0.09128716898291502,0.09346229649615552,0.6249601099458909,0.20508653624449402,0.2103944971943459,0.10523364444831748,0.038537524191782545,0.15560828559467216
U_4863,0.262675722973061,0.5498743704754868,0.21681445079104528,0.03860857833822156,0.12955954500658282,0.10384395246991633,0.325631652417279,0.0909953800887182,0.03309460507117614,0.06720109589114304,0.05068306306464528,0.03258578471553544,0.10645003849643546,0.49615384228824866,0.8641770024034834,0.011380413970902458,0.0945009626922088
U_4864,0.4124627550431048,0.3053074940435859,0.2962245329753247,0.06661349914286416,0.06588566837560222,0.7634863481936328,0.0701619668141418,0.09848367197095549,0.057209056781705334,0.07711448023801344,0.06531502901440828,0.064082132777839,0.18682707040266533,0.19263272063347442,0.30467698744202326,0.032041372390333944,0.1484711052740198
U_4865,0.3149911262201304,0.4376268719451022,0.2946735372571144,0.03821356032266418,0.3346893712039965,0.47080391955312606,0.04909084321617198,0.08976984218517718,0.4061593476450793,0.17727922400893797,0.04981752196379927,0.0410506053250065,0.12869647831852848,0.8814518311413879,0.4538849622922211,0.02737458016702533,0.12225570702856797
U_4866,0.45989585522563065,0.8693716596401749,0.24969135603313147,0.04728629727482493,0.05636504668025897,0.2141081892078664,0.0827439308523812,0.0936223392982733,0.04423401040225988,0.06128449309284838,0.05338170545925395,0.0767546651174146,0.1618481929720309,0.18460796574721666,0.30570420805122117,0.047126019497344046,0.15085009165510965
U_4867,0.26213749677476145,0.25626845545688337,0.7616999103439785,0.035533388084318544,0.4026716947803971,0.19922713526763347,0.2970103319640331,0.3154438449042834,0.09256398962956114,0.07566034866653175,0.07408170673542727,0.06503848638298675,0.1418650110392383,0.16327495591570057,0.18898504045693118,0.024244141897809362,0.13394466830528265
U_4868,0.5442973008961111,0.4464163059139785,0.5366096489886335,0.04256161993975983,0.05453548642868665,0.4554137452823241,0.0898318960426091,0.15420366875297975,0.04595465585563617,0.08033758724975226,0.05681935816731286,0.06614848264613066,0.19865337196729888,0.24901252862463905,0.5175940676363587,0.04333450067395219,0.24868353537158155
U_4869,0.0788096436053633,0.29880412737382556,0.22114069348065266,0.13320877986680973,0.22289437668996204,0.2034263520334666,0.13393606364143568,0.18553270225699364,0.18107880139881266,0.32042561132312075,0.31073434656045135,0.37728099736507265,0.23277116718929786,0.2948254062519615,0.11105637640437648,0.30674562928031257,0.2620164222450133
U_4870,0.24930620601298217,0.2270047958800543,0.2752055876682824,0.036363158240202795,0.04011917264809621,0.1950425207976819,0.3062131612098363,0.11308035993621363,0.03150936487174614,0.04329004274425979,0.051150678334678686,0.03810233758820896,0.12950495967787587,0.7713794843426667,0.6166792006245861,0.03895088791294747,0.15173350005726988
U_4871,0.11702839533486364,0.12202686890488709,0.4444431365242707,0.03386317197405781,0.16387057734042912,0.10982837429031118,0.32553970990917014,0.10307799909770417,0.7464131238388214,0.20273919138156263,0.04629968304878694,0.47096811660735827,0.14570440933589512,0.13284502790497138,0.05560625151803042,0.15404398638447198,0.09786103615997646
U_4872,0.5054490495756088,0.42974213726303256,0.45858084842759894,0.033717973782273966,0.046115226923378,0.5803013911726672,0.08275313457014045,0.1663558057897398,0.05213686185263831,0.0844174731150515,0.05428616586814143,0.06771640821929074,0.18438755751700955,0.263468618300435,0.4567299108709721,0.0696631202101819,0.22335271708659793
U_4873,0.20973058389324087,0.2757862609302263,0.3054335292352909,0.050313306864273585,0.05596744701644381,0.2538510819696873,0.08612684458185103,0.12724216403288088,0.12027152736255997,0.05067412015009401,0.062493759086555606,0.07052812844341547,0.15599742516033197,0.17585650213456644,0.11642348310868421,0.5024151699910657,0.7888560126340529
U_4874,0.24755416021500865,0.6258592745076796,0.17162315923714355,0.047689179581247416,0.04508749570472041,0.7415637234860105,0.06010599962983567,0.1149596417322878,0.05604494982211773,0.07110767821552175,0.05055845299130719,0.054109311001020496,0.13381583401272873,0.15933691773256478,0.22390212938397297,0.030642467630402584,0.7194005847059622
U_4875,0.27581133098240385,0.8842826011295455,0.27711174983738524,0.03004642981432725,0.03063635877472447,0.14731665140746286,0.07994317384629104,0.09880839467320035,0.3403165473552431,0.08470359452702561,0.048451464364508756,0.07523336352816933,0.1449834497289409,0.16932225427184017,0.23250799491889165,0.32909019790283983,0.11817119983761695
U_4876,0.05605268087299322,0.06393706174940908,0.12362297186076655,0.10166041118591754,0.3851222790594428,0.07031003602403735,0.49133340436913336,0.1375180593894913,0.24799046435589253,0.07509865145212327,0.08843363071564421,0.1446380876526021,0.08327200093491949,0.12872829501129546,0.06382862191720585,0.9562868696706782,0.13447273595837855
U_4877,0.04576585737717763,0.08342510435768224,0.1269247808253881,0.14068474068117387,0.22152728044663844,0.12494799253230687,0.16524455474968186,0.1775059732856105,0.11072057911769709,0.21136909370488782,0.20378747095667507,0.18810511859159934,0.12469878314204355,0.1754666465220781,0.06922717620539372,0.6713374876478312,0.2473868100751504
U_4878,0.06048198096887428,0.08670163708538946,0.09106490974928828,0.09461297973228786,0.13344628252920945,0.46059600957140184,0.09195288493520438,0.13387649381265543,0.0375904884875158,0.06574378856403511,0.0587924865246309,0.416926330738816,0.08298305091352229,0.10559749205439842,0.09956271221502395,0.4924035371415938,0.7303902131442794
U_4879,0.3727091090291731,0.29857640458287615,0.7371776694787416,0.06286334829303136,0.046078182147638674,0.15833545247731698,0.06369932316772808,0.12032719581512852,0.06065713453559386,0.07745586584425229,0.07562469497269561,0.06140313900478575,0.13853135781418935,0.2995807658363954,0.31154212489965744,0.05116782380617085,0.14651042936759973
U_4880,0.03304864891519255,0.04659369015047793,0.08447759975234485,0.0800092572571495,0.1443066517881098,0.15627790508382752,0.6210733599364132,0.4067898133227975,0.387948422330764,0.2006719772024267,0.18852581761783327,0.195708993898864,0.12288675270503718,0.13205944364479932,0.05439704416909308,0.3545539952334811,0.11766175422109668
U_4881,0.06336845166012973,0.17406510545770826,0.2086386272766071,0.11449818032157516,0.1500572139937927,0.23495159184494505,0.1996867983450213,0.1652486076231547,0.24209459335093997,0.824263333652423,0.1065105742250667,0.09055593182297114,0.26948748667329986,0.1955179244946335,0.1022272569682291,0.04891388069167041,0.1636470480295152
U_4882,0.3493795282193286,0.33447981358791545,0.31587792292623257,0.052939238830084494,0.06169433349906114,0.1763440540326507,0.7726661878375368,0.10833009319682596,0.06683845775736574,0.06463056985134018,0.06904349151938381,0.0829911844092282,0.18897098021902856,0.18477211595408183,0.30094431577625,0.055203984899981795,0.15458638365958383
U_4883,0.1626929335592256,0.17011216485646025,0.423504086518177,0.03328576324378574,0.021730295492410987,0.2729918871894734,0.12978129733110016,0.09076936600548172,0.052646232233537565,0.11419831816852495,0.037697421058477565,0.45963352831648335,0.08638338553320479,0.10047782551630718,0.09599343949075034,0.4278157478292773,0.8912475937636696
U_4884,0.2654506933765272,0.3835711137067657,0.3409115417392424,0.016426250929019243,0.32494915680538106,0.2817060964466287,0.07242901757592433,0.09527885727764628,0.17274078488854921,0.46129657841743393,0.07337914134825918,0.28180230578004384,0.15100599385217636,0.19115952080070386,0.18755556185204017,0.1554156545709408,0.18963519110971488
U_4885,0.22067709639198624,0.1817128726778689,0.5663998511054846,0.0736428711744362,0.06507606829633958,0.9985881009275137,0.16574747012942448,0.14733470164557022,0.07256530349659421,0.0715007549874305,0.0650008791159512,0.057323938804839304,0.16123311988670178,0.1675580473411234,0.1250534136455006,0.041879311105017254,0.16662207269844553
U_4886,0.5351437541239314,0.4491457768253023,0.49327728888705447,0.04555629645660148,0.07515020320318896,0.24302667062015443,0.0537610171611788,0.14823977791239895,0.053660618888278735,0.09804443013018123,0.06422630965383591,0.07071285672980265,0.2232072307699803,0.2935785474316319,0.5363116197386735,0.05452484326094279,0.21695970289708671
U_4887,0.2748091498608862,0.2782952578873359,0.2965620694906008,0.03653984043908327,0.06858088699315146,0.1861651770051094,0.11900308612421798,0.10839557463153232,0.1416693347717538,0.06376994246083176,0.05196160843746922,0.07969541359956286,0.1420494095803373,0.21047180644012592,0.1627886628506946,0.5600519797158234,0.7046936814607395
U_4888,0.04961811771535032,0.04796953155299896,0.11052593279348935,0.0765772362466603,0.1705995522785352,0.0955948105064078,0.12040693453729394,0.5547059537115218,0.34772310091450026,0.19655328905191755,0.19896917491222618,0.2498412956667666,0.13679350516195843,0.2026991821253101,0.08529028865051544,0.3267737028143311,0.20952204251380113
U_4889,0.3325694623785347,0.33957046668202423,0.33236632735201554,0.03676188057130866,0.051401972329231424,0.2516469211822107,0.77678256442635,0.14447583284980767,0.047665345878259616,0.08607834505009059,0.06591424561941235,0.06557617904573107,0.1454489404020504,0.19818838997649524,0.3501462759371502,0.06743024929210975,0.19107051387188576
U_4890,0.23674982603871014,0.22466537838663156,0.3178432010845264,0.08718510060420571,0.08571285768988314,0.2875900143898602,0.126493272345522,0.7936266260253366,0.04927115564483799,0.061717565691478855,0.08963731711330584,0.04715895300918032,0.13892614917839274,0.17117252670059385,0.1591523823007811,0.026308207069641227,0.6372688661374625
U_4891,0.03616238090672688,0.11895577570671279,0.20478401116100653,0.04486082482759787,0.18575912363979358,0.7485248117753522,0.12287470907781012,0.23691251320201345,0.5730137236258234,0.31947791799411396,0.042326081476941224,0.3963568628658892,0.1381131945365725,0.1276919870520464,0.02718113059833004,0.10394027963785893,0.10156485929852596
U_4892,0.05738846218915741,0.03617737209550853,0.14490569557718425,0.09296313254610367,0.13848328151943637,0.06753648041972178,0.1197484982425665,0.5704392378664415,0.37598374506435656,0.13817491589289396,0.13822316967813222,0.847089510676845,0.07238605016963351,0.1115430568094602,0.049889889272410094,0.2986409464757057,0.1498179330712928
U_4893,0.3562331220422008,0.2530546248963934,0.29911292206492324,0.04321567962322838,0.027619957736620397,0.6305523755448971,0.37354768781137404,0.12271128661993747,0.03682826760998674,0.2858381761055536,0.05366685433928245,0.0733569745138887,0.15391212764467796,0.15894856205736618,0.25982481637023647,0.22895285220974995,0.1201520735339181
U_4894,0.2242347250878536,0.18303930783919564,0.30674696045889666,0.06659111525981948,0.08069769273882955,0.5967712116880383,0.15396522086115788,0.12189813968452975,0.7253360716749359,0.06011849657366164,0.05470719581716111,0.09733120984736057,0.11974151626334674,0.17549299796536777,0.12158627814509261,0.031018807585373745,0.4241326609581152
U_4895,0.18776979600476007,0.197159882939764,0.20585075010362466,0.03157773082787863,0.03206264886784439,0.8778827848174804,0.08394109080799161,0.10223793198389867,0.12399815330034322,0.06420368409640281,0.04122945657674375,0.06381844188902115,0.1251099560472787,0.12617981407093534,0.11514477063451335,0.0420524188516658,0.699247247206713
U_4896,0.09463299554904168,0.10646568349594834,0.17465688433965038,0.1134907493657695,0.1235250311929599,0.20246524808997915,0.18381523438243538,0.13875557202374328,0.8382883696319234,0.09939936479323999,0.08456791190693276,0.08937050324674664,0.1536805677965345,0.16915719933939677,0.10546931884792779,0.051234751445436835,0.1564433039413169
U_4897,0.21660249200588716,0.21381258751962526,0.18322415921548899,0.031152741402480977,0.30756687791099935,0.8617836819054225,0.06274102686255759,0.09567377628186174,0.04756348153198659,0.0525575236790235,0.0392223545552469,0.0792071196192807,0.10870871480884531,0.165086244251184,0.2365676505276711,0.3009619446743346,0.43355797414192476
U_4898,0.0340216125523721,0.06914029008866142,0.3940995773341558,0.10835129139682191,0.14978232334959682,0.1298009746508857,0.08498325111640175,0.1182744381003325,0.637046244553439,0.13506923473111684,0.13469666916671238,0.5992467067530526,0.10554079100284038,0.13176412237734353,0.05900039140120356,0.46543151935528837,0.15265850370565903
U_4899,0.14776156061922857,0.1640918922505439,0.24684271480597364,0.08107487516307194,0.08524658876384211,0.8648806605026815,0.12670778144436953,0.12182016942640267,0.49078167739449186,0.07030406001167738,0.07098168910984662,0.05365685866128373,0.14536512201925447,0.1376660822143826,0.0983483803598665,0.03724231448828187,0.48188173980283844
U_4900,0.16862165157320907,0.2270143902177213,0.23083470221772012,0.07049908061706536,0.06619002605040566,0.2685079215019694,0.1451783594355609,0.5826196044879507,0.13207385673449779,0.0808419622527491,0.07749733321623709,0.7796436768571177,0.15516218607543986,0.20630791048021574,0.2322130158378194,0.033275829636188664,0.14153346855285692
U_4901,0.21471426779190267,0.5461912015111254,0.24534784958254144,0.04146667938382175,0.05000277032859149,0.21690439066043707,0.20882953683457356,0.1076767619140498,0.46466920993680805,0.05383615762710049,0.04404033636765846,0.3070748881827713,0.11542692721732264,0.13001338704404478,0.2281207468751567,0.033280339690622864,0.6505919788820492
U_4902,0.23956943000609682,0.5882763470027221,0.26389273398949553,0.02558117157371809,0.27238809471040626,0.7247236058465581,0.05011127305305001,0.09263728633155223,0.26379784392159267,0.06378088674518201,0.043037337472789275,0.36940069963619154,0.13724790139106902,0.15453849233629893,0.2582614906657502,0.0407464098129211,0.10097853364903367
U_4903,0.1994858364930946,0.16296126802821922,0.23390020109466703,0.06613407284320377,0.09020511482384966,0.20336875331350945,0.17854837993293488,0.13255792956059478,0.6098253868929794,0.5225318318788587,0.05216995555586762,0.1229825718595545,0.12411661054410275,0.16785916772441506,0.0939514089247093,0.05201037978041287,0.5334840417772947
U_4904,0.17964770755514295,0.20632501504609463,0.19941433796529226,0.03195670161785701,0.38932954741139403,0.7384884780084036,0.3685669913975741,0.10258064140151432,0.35652282916073347,0.05264429294145461,0.04575335371765743,0.07986477566085079,0.11409339626102093,0.15269296744075533,0.10545933973737741,0.03720717709926238,0.5381035509950008
U_4905,0.377826959456231,0.3465156800973065,0.3238961696434446,0.04050035685061858,0.04309759776799095,0.19642747260870252,0.07571253032771827,0.10734735302494833,0.06365851220121799,0.067458785596526,0.06759186778747282,0.0809496073206819,0.17573260334992283,0.1978659835029747,0.33616639722533953,0.678198924749145,0.16719681438954517
U_4906,0.06323864808397069,0.09266606883455014,0.14155725029483335,0.12184132132157309,0.205857320968104,0.25679929290145903,0.13265072772792294,0.1793096795301768,0.1317691011064791,0.20493591380601697,0.21763307563068696,0.2646458469207608,0.19206656444416192,0.24220287886876932,0.0943021386096165,0.43009130424809294,0.2646020128366558
U_4907,0.02878375395060189,0.09896704697802539,0.10858193335429689,0.08912229596280283,0.18739798276679545,0.14851697405851072,0.12131151233171947,0.137457868284884,0.061281503912498404,0.21420424054050996,0.22087129250410098,0.22024335924901633,0.13097811302481824,0.13555559315402727,0.07626554728960155,0.9158504721663612,0.19480310952380847
U_4908,0.05009627503005896,0.05952476500121379,0.08050134322843744,0.10871931330644602,0.18469736051124058,0.20936272396765138,0.13689602155861041,0.15918615243660786,0.5756410171950467,0.27889290455790594,0.23989913292958465,0.23381264147288483,0.14265260772725957,0.18216037675700159,0.07848399470247806,0.5296530595173929,0.20139447793032345
U_4909,0.2155068599987694,0.35185938558792745,0.22652070342061437,0.02603298613988915,0.027641689208565266,0.7445013024477379,0.06078645229701177,0.25483243830287844,0.03354699012557215,0.041688620017970704,0.03777686857608557,0.6019250120247264,0.13249597189821385,0.14421817828729586,0.24162256131997545,0.023725596082128323,0.6155029376080613
U_4910,0.03364186411180198,0.09731583968120194,0.07846928986865181,0.13597623783064067,0.19732601748818676,0.1187906450570719,0.12210031804417254,0.1455433854917509,0.09276183469641514,0.20287440322549105,0.281036903153278,0.9060217500226968,0.11234993252481876,0.17525650753418523,0.0736684179826757,0.36209153883298656,0.1779451859632014
U_4911,0.28999861043930664,0.2410154826731232,0.24868883556201382,0.054167333114537516,0.040587841189633385,0.47552531660101005,0.060770259634867076,0.10356019305776609,0.550860363815952,0.3346596787369309,0.06557271010288031,0.0442810993194753,0.13594060185631723,0.1365988595300684,0.22557865855645615,0.014538484601993348,0.57730581625189
U_4912,0.2225014872601442,0.8967947862183755,0.24639508487617223,0.02983596145684264,0.029506782981117648,0.1530175553969373,0.05549887822208569,0.3881126597566016,0.04470559544769006,0.059238517634069725,0.039470224654952084,0.43570085682346094,0.12510709597607667,0.16803780881051583,0.23097371949160803,0.18093453141739357,0.09726236425728046
U_4913,0.4770964415398564,0.33486066391697966,0.3533201433636408,0.043306631897923185,0.034232832383565406,0.2427976103738715,0.08055761155976462,0.13805091708491662,0.17461358452196077,0.08818442911290705,0.06631032419574753,0.10666182371717385,0.20381768788631227,0.22461618281737733,0.3665400573966897,0.08923091090193834,0.17027957508311048
U_4914,0.31902506190495605,0.28182968973913713,0.3072437951322737,0.02628676188400159,0.056640906254359094,0.2386146947567466,0.08748469487446034,0.09828390908839643,0.0341519318349471,0.06381442675834616,0.049563514678505664,0.0789375498168085,0.15702261113460256,0.21370561652822484,0.30545898671832467,0.5714627308074296,0.6385733143594061
U_4915,0.08672644693477774,0.3994148348032224,0.21903107818143128,0.10471952715102899,0.1558684895122991,0.4015527242757967,0.19173661078534,0.18198255026088483,0.2924336690007516,0.11443398291595959,0.12258628317929651,0.09757095796660127,0.31445881579841567,0.2628984553499981,0.13491435629808876,0.052284591400154956,0.34172687347581787
U_4916,0.0658077476115542,0.10040243661578478,0.12978834548324716,0.11608385815021073,0.16525916876167263,0.6467788523225972,0.10618994850521639,0.23346253925079602,0.04886624031402066,0.08466043924633788,0.07792735329850221,0.06912072090432152,0.11471139481362641,0.17126259238606562,0.3582426002339668,0.40245970679283216,0.20342689070374242
U_4917,0.03133022473727561,0.05117492291232931,0.6425054738379106,0.08387685222076677,0.1584359732922156,0.13870167853232168,0.09568900205076668,0.13758456480393405,0.0867590315907505,0.14701696507025125,0.16045437362497722,0.4630391772914507,0.0796093916599604,0.11382203845753058,0.05041889820876638,0.8271449192644227,0.14515183372481394
U_4918,0.20910465841478415,0.16607438099833427,0.23560926295278029,0.054160712680011935,0.0691320428347065,0.24076159149243465,0.1441950083603501,0.1362073034054519,0.43891539274597813,0.5104986812327159,0.061753518151236184,0.07447075066699303,0.13689098818110107,0.1462098768193732,0.11875562478357052,0.05562008189403637,0.7712783488665446
U_4919,0.2950054134227262,0.25121998756649955,0.2748235139418062,0.04518328492198662,0.03220134015016747,0.11731036703224991,0.041581327538561585,0.08813620827809474,0.033415773948313306,0.2635656847957243,0.046243343521409144,0.03371090310310242,0.12669726475602247,0.8169408719498132,0.5865435551788576,0.046384073611720505,0.19176084786972541
U_4920,0.06379330711496127,0.2679049775500606,0.28244609524042696,0.10511568795279545,0.14879872663817978,0.19851249637876797,0.28671793811932433,0.15375396252747087,0.3144089480424158,0.08537730494676311,0.09754740293825458,0.07788566470552313,0.2256208747284058,0.2230286087733427,0.08752433650130446,0.5641314062196076,0.16852637861952519
U_4921,0.25070035452403694,0.44449310164446443,0.5567825026245095,0.0320240631806001,0.03189594465011186,0.19130426117159743,0.06386901831991061,0.11780817235717769,0.564056680521172,0.06793746502034072,0.050750044179729926,0.06270263284785942,0.12962026569991517,0.13816656180096076,0.22670688027141123,0.03836420463732568,0.7680266317851819
U_4922,0.3266886413357967,0.35490194068900394,0.3064417319052605,0.048740507355417594,0.041639467061806504,0.24909705558682924,0.06807673922092808,0.10809936058864103,0.7204603042220942,0.071144547333164,0.07046789879144097,0.08892164711361786,0.18461707609384237,0.19638185136841804,0.30829950369073444,0.06589854682785962,0.17419510007267652
U_4923,0.3579811251078049,0.3142783387316172,0.32276920295421985,0.04241934140139979,0.03972342444319926,0.13769544837810788,0.07795408726377749,0.10355344722903972,0.06113807348089801,0.07294505415150096,0.07510424493666015,0.8542333338101449,0.19491927801071027,0.1922193727162424,0.280493469491804,0.06624533956570372,0.15782210129117244
U_4924,0.030249291374241368,0.059966932575580466,0.8458921388351703,0.09271780407636124,0.15615415275057354,0.17404353252130517,0.1320670715559504,0.15646477581303275,0.12090554954071238,0.1865939517668957,0.17315457552135732,0.2960915929409585,0.13677316538464465,0.1522573091321379,0.06094757143859386,0.7215852355481349,0.16311715613559818
U_4925,0.3216509981577266,0.2768338722448372,0.8318420196688786,0.04663862376276219,0.053147478394193745,0.24857818970393306,0.06470018603260162,0.10280921134060692,0.05510779272062667,0.07437585288792348,0.08666492346843406,0.05314966977216941,0.15256924343003375,0.18821746425342814,0.3534788423111787,0.053594983905627946,0.1588160737179668
U_4926,0.24036610658843105,0.27587394184154995,0.17915702472452488,0.0422465468386492,0.06745788159367364,0.22441326009641582,0.10327242083704988,0.13120301154563968,0.04791996879469101,0.06497007042477536,0.05371107874067416,0.08894250940295281,0.16170994363476404,0.21416195642797564,0.15954291829355272,0.5544319237310668,0.7072547218053375
U_4927,0.19841350453658188,0.19996669222802813,0.17083100025544437,0.029006161959774783,0.022896223256537344,0.599615552159558,0.06758640056267862,0.12780165749167516,0.7170818386174209,0.06443767897510974,0.0484748486075683,0.06821055018814465,0.12285002516489354,0.1412571514751691,0.13425228714125054,0.2388713549250493,0.6715703119911827
U_4928,0.04126221804896017,0.04184537377846579,0.16313469647227774,0.08957038416949399,0.18778129539032537,0.7213622267152333,0.13166799902653842,0.19409500555263864,0.08689608057731715,0.20038744538601772,0.17731620857504676,0.16873756263505763,0.11471517663882819,0.13483609383863177,0.053746136265882566,0.4401840101544343,0.17543661781722675
U_4929,0.3876760198631213,0.3212347458216404,0.3071047050846869,0.04897775251176159,0.04705702752272803,0.1560188060243372,0.06182652198781127,0.11415606093776418,0.7661512158613392,0.05731518369046298,0.06730291972155496,0.072251688916085,0.1658416909989507,0.2072463551230383,0.35105300069891066,0.05103110281969642,0.14338459590474692
U_4930,0.22732292622106476,0.20688709930157023,0.5395544509109474,0.020385988204583323,0.019895971785857464,0.11186495958342581,0.03927416028425324,0.1694748260693198,0.14911989984587198,0.04684910051879963,0.04197130799905565,0.2635929159219679,0.10456279093853899,0.31526145245193876,0.8170968201898845,0.020408168222738894,0.1327117031781763
U_4931,0.029550139015537512,0.05034291109246968,0.1652583936694575,0.08617361724420297,0.18589604872521762,0.8498984369337748,0.13173106589448347,0.15913848674841397,0.12321092112097998,0.24998984627368093,0.2395861295225336,0.23624779462101683,0.1533748203050802,0.18958369299866082,0.056884057799374624,0.38645881612387234,0.1845243254133088
U_4932,0.2357864492449713,0.2190930466218688,0.2161922786813017,0.03706696449591418,0.032708259507513604,0.16899813857167487,0.03991107864495003,0.07827768352441845,0.02816236981564955,0.033454821566387315,0.03225222135749635,0.5891734357786564,0.12535917938275357,0.8593322654555728,0.5010255699100633,0.02478984328422222,0.15157795010008984
U_4933,0.14209226997477004,0.2119842366735252,0.37697652798721837,0.14392437868975932,0.1944605644573783,0.4108581758212281,0.23877871008051937,0.27347764883977693,0.35435973708202095,0.24690399994729129,0.2502183182580212,0.15078852696823808,0.31159918513718987,0.3440841272259989,0.15226349337719566,0.06919041686442443,0.23718575808698836
U_4934,0.06235029083245586,0.13153341782696698,0.13528692824472904,0.15007050341311354,0.16777684066434373,0.1371407067467916,0.1577311450058049,0.1586627390754355,0.11818909025360064,0.6515585006769151,0.09780584881612371,0.08007768549788746,0.14292487001698456,0.1765031743299249,0.1105123832577919,0.4850584163989382,0.1772549974498507
U_4935,0.06477452009739836,0.2246987512995517,0.22143181097473263,0.12288191002264659,0.13748161410660012,0.18711862602729248,0.28570173801750337,0.1614309447470717,0.2374622409224484,0.6919344272467217,0.09510163084292907,0.09998143266138573,0.24840245397044755,0.20549835556834173,0.10366440879990829,0.04590615108519401,0.1806214245938218
U_4936,0.3148992523217146,0.25973582706696435,0.29921389060521675,0.0235384734512425,0.02771951703762243,0.40583754825863194,0.23769450279739146,0.09558062863946422,0.4562250330311207,0.061153758901617096,0.042044652913633865,0.2779917255744425,0.12903237795486508,0.1631530653290825,0.24877478171027517,0.4234710704580402,0.1484410443185089
U_4937,0.3530785473875609,0.31933253295105923,0.9294415950525903,0.0614071730717278,0.04934417164904627,0.14668392104205943,0.06828259428126807,0.11508945311062482,0.051816489932390866,0.07377500665923106,0.0863029778240451,0.08533055201788693,0.12534794210091293,0.18885213698086423,0.24597424691230702,0.04810676683080701,0.1308558080583251
U_4938,0.3272368918778161,0.23249731729646558,0.31434400941817836,0.06604119895177196,0.06797774846192604,0.24708387478355212,0.20568376704945876,0.1539286805571418,0.09231679973393433,0.0728406726788723,0.042427144532841694,0.12777223421554504,0.14199961866752805,0.1759493733259515,0.17024618090305949,0.625923488163778,0.18464078318805524
U_4939,0.2510906457959302,0.23157450667752436,0.26881123980112287,0.047058484307231835,0.048440661258243894,0.18436366835515677,0.11184792593162005,0.10156110258335053,0.06874279241639991,0.061062463507450246,0.049650595913650994,0.5166159527308101,0.1319537201974704,0.15459943021892597,0.22063288387941585,0.017599101582166463,0.8301514506868051
U_4940,0.2975212834642261,0.2631919256711137,0.857583783219755,0.03752593953332496,0.04036010157456135,0.22276178350902298,0.06756810272162297,0.11489454730823534,0.05266352912755877,0.06153970369439547,0.053903827712851765,0.05378837612283688,0.14620994684716143,0.17996052140441135,0.2340181296957388,0.038751955348471076,0.7612096270881058
U_4941,0.0877834024319309,0.9131269078906912,0.1503413346215507,0.11675600000292952,0.1496216414363336,0.2776235541105396,0.20101554919592862,0.14109194148609036,0.18177265310984256,0.1420870662589492,0.14511208785266613,0.08303667132916744,0.2596918746793364,0.2036815614937179,0.09028594383645072,0.04265883522552545,0.1730806215994673
U_4942,0.18260545619920032,0.6087370801288111,0.22644593537920005,0.0325804255230344,0.05508468487110377,0.25154087151297055,0.09457069000436337,0.10510622558185903,0.6922553834931148,0.10307725159088504,0.0931821421293369,0.4405130343769293,0.11627073305332755,0.14654148826363816,0.09929495096504248,0.24817005175212387,0.13721176773422816
U_4943,0.22224563471606734,0.6116204554788365,0.7209705526344758,0.0672799811661226,0.06956472887867911,0.23894395350821868,0.150815229145714,0.1301937938349561,0.048670302558713796,0.05210277448796825,0.0569147277206892,0.3112661619081296,0.12645464385182423,0.1558069014093415,0.13507101461729087,0.02151662634859161,0.3716716335858124
U_4944,0.3081828346632356,0.26134770870626317,0.2691029875738273,0.03876062355520825,0.036454508922410575,0.12541792386324663,0.046555098610159835,0.09386468081130406,0.4239685121317932,0.0471738442477129,0.053368894541662534,0.06597554852201953,0.14895808472674954,0.7827399859315456,0.5335273053924957,0.029537118754193903,0.15926038220327893
U_4945,0.29738938098262846,0.26046197277138816,0.8774270849686828,0.033252430754723894,0.3578974982075553,0.5937259443905629,0.06396755621195488,0.10137482067165086,0.0588044359064525,0.06563014884103,0.04959139458903657,0.3608880210872508,0.1491600553435273,0.16785342439713952,0.22634343097143922,0.039195424918370636,0.10009112444796402
U_4946,0.08847006854275728,0.20554621884479302,0.8424884548519342,0.10411360352327081,0.1221164207833123,0.21745545790474213,0.1691251823493785,0.154937877143682,0.22081117034135994,0.08263024756350028,0.09106138103251704,0.4690772901185156,0.18442678421101133,0.17797672485026544,0.08228161805544006,0.04274759811590989,0.17260090390806523
U_4947,0.08552805077323865,0.07884248905474395,0.6713393393687872,0.10622459693142411,0.13085167210307258,0.4735149363810886,0.11045182533032594,0.10734908577072962,0.1742009253415984,0.2219070064310838,0.25541338002608127,0.28105136543700765,0.06174510802611252,0.12329941122083675,0.06181350675116554,0.47069943188308594,0.12179981656217342
U_4948,0.19421902857253148,0.18934117736725606,0.23704641410012026,0.04974603369518571,0.45985787157211183,0.2458159150487076,0.13380033033203576,0.12743112772841647,0.7613734192789396,0.07522664599015215,0.0713751684397149,0.49380747583946805,0.14960430456213153,0.1534233994879672,0.09031497203945191,0.26895324161374146,0.14580873594155283
U_4949,0.34407002116033547,0.26885630014011475,0.7002207114872142,0.051912832459580414,0.046330136786957826,0.1327425856714098,0.06115060501757988,0.09324577780472151,0.544021257509939,0.060149986014485915,0.06793798819064684,0.046553405941758524,0.12947316282265228,0.18064817254486096,0.6162000826543964,0.030650389663949507,0.11640272801913627
U_4950,0.24611969442981108,0.8733113911699841,0.29832549554507337,0.05782504861575581,0.03377633062856738,0.21764162860297953,0.061302129763795676,0.11816949290439033,0.05033497147087322,0.050421024825122174,0.060414817170124854,0.052424864761618006,0.1631076641354232,0.1733420049996201,0.2431606799618414,0.023874295883770297,0.6415034376554187
U_4951,0.22552457511363178,0.19987908526492987,0.22670637481458922,0.013098795958241139,0.030702149075596992,0.5388406033246733,0.07209820545839202,0.08262927971502589,0.328234863389104,0.06215593316719146,0.05415765665887896,0.5237558090550885,0.11996435514232631,0.1530611108684748,0.24300055704299156,0.021029993399327276,0.6759797304304487
U_4952,0.13400530319302312,0.6573541869415559,0.6735771147451597,0.054852364591288005,0.25728857132775024,0.14894088554850354,0.15715729422687308,0.13138736336786083,0.06911411634131584,0.07923688495555364,0.05874608617380243,0.539973085494262,0.1605713748229996,0.16616488205941674,0.0619558968424658,0.20819319627103772,0.128655545783403
U_4953,0.04461827905502972,0.400609883479129,0.1935792013635569,0.03700783723466347,0.2886317984269544,0.3832670585272795,0.4020092701304342,0.10399423845506428,0.17154696133262484,0.5563834406383295,0.055183926876950735,0.4305583983269381,0.1419177347897575,0.1422599352026893,0.06436115769876852,0.3109066525244107,0.08802124539526968
U_4954,0.23283258682249555,0.20922414586238527,0.19259107515797805,0.032620481024670904,0.17829262485867717,0.4449538797665628,0.07270852240000236,0.11694833699514276,0.7509681796832972,0.3138614932815002,0.0702439847544106,0.286163182246807,0.14761056640135364,0.163630833705642,0.09769005504891586,0.01955818176141013,0.1164025742725154
U_4955,0.026267164315249336,0.03374730113862168,0.15830950971186641,0.08488378179646718,0.1349728628475404,0.10678920510247383,0.11657125166938404,0.35856738810061106,0.29387161825786956,0.15252893250371286,0.16253758156058218,0.8100929169163971,0.08238723050056337,0.12867193675391017,0.034580263038979445,0.254353991631206,0.15029331902266654
U_4956,0.11519260892474312,0.23066949746443266,0.12884129505343475,0.0464634482427035,0.2564071068219037,0.19430101855660703,0.1380079453302488,0.13829444132805374,0.4790589133100681,0.07654334363142083,0.08313359207223947,0.44123563998921284,0.16069404943644272,0.17419637823811265,0.07811186348177464,0.404292973324918,0.1584510025001622
U_4957,0.09022815042527987,0.43716954830449173,0.3157982841772469,0.10230046414803115,0.13615540885366884,0.35844898031957195,0.20138782440934844,0.18808762754043265,0.35527166189318427,0.09954193106058498,0.10859041298664579,0.10294942303933162,0.3051806843028241,0.26182678463547354,0.13133275946976317,0.05141453503841485,0.27956557892679
U_4958,0.3376645006347392,0.4254050776672082,0.28981424252952137,0.055987475452422074,0.048561945074762136,0.20889215452240362,0.06943850041023511,0.13260284170615044,0.05474856132142341,0.6908002700001736,0.07556587884883223,0.06831582372567904,0.147420624859397,0.20136824447645468,0.365854778997475,0.04725998987774917,0.14371916650293876
U_4959,0.1810063940319379,0.1203204517791572,0.6891145130093657,0.06837762861868914,0.09013793515245985,0.24856046602899753,0.1562218214244669,0.34530698097774337,0.14004465183639792,0.5383074682677123,0.09767369290689354,0.09583015390380578,0.1526327035734807,0.16844114704763996,0.09606116637502453,0.03245949606260972,0.16679893700132423
U_4960,0.18298369336519538,0.20163303287083617,0.22050800835004591,0.03248406604940785,0.05988648187597554,0.2029598655728554,0.07974637117916072,0.32797493356082646,0.8103292775900597,0.1038127905981022,0.1030275898222201,0.08263758849088304,0.1629312925791409,0.16282382440285628,0.1503519617941941,0.038028636352903995,0.1278463412041638
U_4961,0.3164940895250554,0.25973055081769064,0.2779824197512833,0.0477649775871606,0.03311465193817105,0.11480440238477752,0.04064917855476245,0.09272187572892673,0.03916563486066951,0.04008819777421521,0.04629505139670585,0.3790991947655109,0.12927130345929755,0.6910828640357681,0.6787547045061498,0.038257631021441384,0.18527132462333457
U_4962,0.2955307630617275,0.9841560689984402,0.296317947686791,0.0452989371976705,0.04003545703628387,0.2786269161094549,0.08372687318026845,0.12917444328378797,0.0578677749118018,0.07159345580036436,0.0646641459710886,0.07071544748527706,0.15989476757973975,0.19929048094030336,0.26635967751455375,0.03626350077851312,0.17354878434504864
U_4963,0.037525218316615115,0.04367747861156345,0.10222780914997392,0.07419936932970869,0.16443043458524068,0.15074681100877335,0.1336816277505431,0.1587025010625059,0.7562344049683609,0.19079967352974697,0.18904396053759465,0.19133496512018452,0.11732236811729262,0.1512881263968911,0.062080330361993466,0.2831765958259054,0.21273991034220593
U_4964,0.31506446553260314,0.2507971326598195,0.31699566530677886,0.03176590042150511,0.43569492240902014,0.6898520065164888,0.07479887172197944,0.11609774016077701,0.07204291082940667,0.5237732863476975,0.06273742083528562,0.07289556019106255,0.14029347429069772,0.18089185287709342,0.2880257390102394,0.03720618921264203,0.13754915024813222
U_4965,0.39716535653146456,0.39257718916568574,0.4487325426520833,0.10426989545467331,0.10961203587949857,0.4889768600956238,0.2576486670948821,0.2151647241280398,0.07774112144548209,0.10234993456308797,0.07614503138199809,0.10064083970778466,0.2687698145574904,0.3051789695372409,0.24303609089139402,0.0543098195449662,0.29328381574360973
U_4966,0.2533906780783174,0.19857355741386457,0.5238443899993781,0.02927196401169144,0.16010084732810434,0.1153009699092136,0.20288957276748343,0.08033585696073432,0.02682883574465419,0.16125583711632396,0.041123898443395215,0.04386356267327265,0.09716233077678865,0.14200027997709003,0.8264864326072493,0.25247195704742076,0.09222328039011146
U_4967,0.42134133630209347,0.30102483789798273,0.31873527918820865,0.061054887005653716,0.0534866396493661,0.3031481607882772,0.7942767539575152,0.10718567930198086,0.061752233574051976,0.07443082974520673,0.06181078223881364,0.07909533933541069,0.17835377407265657,0.17061382961999183,0.32192643356619105,0.03597432781024235,0.16746039730409246
U_4968,0.36706127328403304,0.32674244587103163,0.3555669775116084,0.06128052797011684,0.07150519700999797,0.17608959213846012,0.653832806179566,0.12241205762281596,0.06346886626290574,0.07737622226751445,0.08853041598484174,0.05811801441063443,0.14380059991066557,0.19490157300493388,0.36125961292735304,0.06348352236557614,0.14157822455877406
U_4969,0.05440977850610357,0.08317256253674996,0.1872273887506023,0.043935290306449874,0.04355661322078966,0.375589276601528,0.3199106147154578,0.11606909875367317,0.5022640754652328,0.23435760737968983,0.06930955920046966,0.37217783541087,0.1684896110095324,0.15720586399982292,0.07389628422653571,0.20766792586246016,0.1282431551716977
U_4970,0.22316707463395663,0.20525031952021652,0.22224811695062346,0.06493208755761273,0.4179663136838169,0.9918314066870376,0.0953855042968697,0.11835952638788347,0.050256142981052854,0.059513690327801655,0.0394947055298582,0.34494584998215816,0.14423431690142707,0.1560042060239267,0.1629835289316512,0.026987740145395192,0.12815878425016705
U_4971,0.1932787040135722,0.2768661017639793,0.24706547358295894,0.044803541733746,0.11067047210735094,0.6721962517747265,0.08662224091715645,0.13230783446328023,0.8012071652147698,0.12402191313401417,0.11320037369235758,0.07513870757313457,0.19116045635331186,0.1609147118140629,0.1141604223804159,0.03981612559877417,0.15148530306324165
U_4972,0.03667595882159296,0.04513414474117441,0.09159214892036954,0.07935574638197854,0.13641238347162052,0.8481632443582019,0.6356059576009713,0.14379898092697876,0.10647377975301359,0.15724505775198672,0.16406142579446012,0.2525545298113149,0.15593352682712108,0.17375583113492485,0.05178384482860025,0.25114723425055097,0.13834422046689232
U_4973,0.02120689318663497,0.07813876390306612,0.09035791819650867,0.10167904691874348,0.184633812972828,0.14865023762338794,0.5639019164166377,0.1284236906998245,0.09525968620062046,0.16734262245289344,0.17423380728922894,0.21644445734800066,0.12595336021428113,0.14563573316903333,0.07564684752172532,0.9357290175141324,0.18009295886467822
U_4974,0.3000905013766561,0.2910870022260047,0.2930884617818368,0.04772359838866694,0.06245970620796275,0.2719878364612919,0.08372423782441005,0.13483516506341525,0.8486393097680732,0.08877124814951148,0.06894290080330637,0.11371392816811085,0.16728552128423263,0.18166116501175164,0.15042971870874883,0.061120921042052995,0.19258579243316057
U_4975,0.33071647383755204,0.7328457070352242,0.2565628639082145,0.03978960759836311,0.04913470035740612,0.13084490010919403,0.06332013564861921,0.0965156382477614,0.03835435897978718,0.06429180029092992,0.04924848244038985,0.04807978347358044,0.14192785504656294,0.18502673429969976,0.5281777289206835,0.5065361078220183,0.1221727845768944
U_4976,0.36935081823517363,0.32357599719423624,0.3142391521185921,0.05439787890074224,0.055987406484174274,0.16689242087737927,0.08185242857815556,0.10157509433694142,0.7617683396687349,0.05208386085310374,0.08806270902563929,0.09220478100307242,0.21539099427870756,0.19809342295983753,0.3364139468592541,0.050036340328149444,0.10839271349460224
U_4977,0.226783012893956,0.21447695349049184,0.22963472439620647,0.03755132351486654,0.03896946929131131,0.15063285579944952,0.4125985675288546,0.08914074180597875,0.02340391259706861,0.19219033572922772,0.048479179036867076,0.06339383258614295,0.10867267961328225,0.8761876770668733,0.4975849910423684,0.030014792196654667,0.14198706717444115
U_4978,0.29537318761481357,0.298986106893297,0.2947320486064745,0.050005767135630146,0.053428489350528456,0.2556263832266313,0.0834140146844151,0.08976687875030755,0.7700897246810586,0.06308047660893172,0.07977582645901399,0.07724217355215324,0.21529028724008986,0.21596410505099467,0.32802370956368443,0.05996256555973883,0.12669671910782684
U_4979,0.03128102657542069,0.12428813788912013,0.6166442597889534,0.053426796032987056,0.3736321901215598,0.1092524221369603,0.12307477374083692,0.09318791252755357,0.7974645496646948,0.12865602999161607,0.062747587217403,0.5592373618060673,0.14103996610147906,0.1353995229823508,0.053927470486174765,0.005609166417419016,0.09617334271988301
U_4980,0.18538794546749526,0.9453443584782126,0.2073051459813812,0.036325361005989654,0.052544869131389796,0.16802935838043803,0.104742034361928,0.11332045323638361,0.15188491603763069,0.0930567979599731,0.08579588399584676,0.060533056921078826,0.1388479571871712,0.16898993508237914,0.05105546460562359,0.23275135223953963,0.13258664302782946
U_4981,0.32380441055608955,0.9868268238482454,0.25121383714736817,0.04657920912081773,0.04718380435077145,0.2422217307220154,0.08029316895212915,0.08216468870613744,0.06316292322636768,0.058089664552946264,0.058660204974738686,0.0720148419576283,0.1608838523096427,0.17452255932568,0.3126409066386786,0.04283743805730153,0.1568445943356645
U_4982,0.03103200196057579,0.04871033111907462,0.16455650894686202,0.10389530857254106,0.17354150034599153,0.7145020026612732,0.12952959530560237,0.16291037025781674,0.6126940019870726,0.18771590300965907,0.20170759194800053,0.26871460270466196,0.14562908026590088,0.1557173784916922,0.07076260141593282,0.32967994279169044,0.1641217678318888
U_4983,0.07253696629159438,0.09138337290211097,0.1758340707839961,0.06903954584528571,0.09735738115681813,0.7336958252861809,0.49391573541155276,0.1238512194242804,0.33871695780500516,0.053496027529166275,0.08413569216814945,0.6343238037358987,0.15310948386208986,0.13282489403334996,0.06233666075638007,0.013489405230937994,0.1042043896778998
U_4984,0.27373173053350913,0.22746216740462805,0.246562678396736,0.033953289827204955,0.039098006951219594,0.13539651608347086,0.2681877834479265,0.09956025669851577,0.04784959486269594,0.07780843123170138,0.06006672933813072,0.8748527778641104,0.12798658070884927,0.15511135463602077,0.24060545949686424,0.032007578532238644,0.11637889092773761
U_4985,0.11726458875851589,0.2188965606354603,0.23570431009269915,0.054628004011668375,0.5386215280057207,0.7846693759098409,0.11423687095022114,0.12001717831537925,0.7626481816179984,0.05467573178708515,0.06895517628115404,0.06930975321499842,0.1482209697738176,0.16012183441491273,0.08378963988311319,0.0391314641710071,0.1403996899210057
U_4986,0.23492384305305836,0.40216981952357844,0.8360235422997021,0.04530661681946967,0.03651744397993921,0.18236996775447303,0.046921416574225897,0.07775184279794436,0.2777436493995716,0.17948615851433714,0.042438984191746514,0.05146016447706582,0.12267730028038773,0.7172618116927454,0.596028567521204,0.013407757617075772,0.09422830279699472
U_4987,0.2648064677821331,0.6176600087114297,0.24120716512318327,0.014834271147498896,0.029923090136530585,0.23342105200450924,0.1251100421284871,0.06403251649805952,0.6090975007679301,0.06751984348808315,0.06007263659905003,0.6734727271761154,0.10946459163202403,0.14701531266057186,0.32452454698279265,0.3202619088930511,0.12261999405667826
U_4988,0.2193754876353528,0.8571945695545089,0.25952122279981354,0.08766728261777376,0.06637824739353854,0.26953948359021573,0.10732712599088776,0.12856852518470827,0.0502726315094493,0.053950031016950194,0.06537590561670342,0.056086688167663296,0.17068251443985058,0.17494634158751035,0.1433981996797366,0.02530046695990631,0.6789493381538254
U_4989,0.2841648463059713,0.2473774771139389,0.2640075466301109,0.041578018079590225,0.038459844192488865,0.10970978511660084,0.04008618807908759,0.09478572002086513,0.03565823045450936,0.31475734135229594,0.04929732686329211,0.06324980368406882,0.10748852948029236,0.7168983190763534,0.6646306898397327,0.0347667519743347,0.1519777575132608
U_4990,0.036156473577472995,0.06424166927228281,0.10140290841516673,0.10205621259893631,0.16592029948043813,0.14923714672715888,0.1591520744656612,0.15276228165329025,0.12369542375550004,0.18032193411135178,0.1913121544706682,0.2073078018170086,0.10979902471894387,0.14610828258703373,0.06522678505959004,0.962172220352973,0.16850143781398552
U_4991,0.2547182741762043,0.15568075143337012,0.24546509173721004,0.06565833307923764,0.06443023884931115,0.17185676602267436,0.3882332145392166,0.1318180290806259,0.07820329167095516,0.43249371914407314,0.051089616259266064,0.39910115723654005,0.12866153213632378,0.1512410392606314,0.13218440694764222,0.0296626965961531,0.7877934024591465
U_4992,0.2691522897238089,0.2392427200281092,0.29926970465046066,0.0523771305099727,0.06482736724045232,0.8393003150158689,0.11760100234640108,0.12097400973176448,0.13230878510487915,0.05833331729197756,0.05398497920448342,0.1226483635498285,0.12195537311133076,0.17782698164256033,0.1348973350707849,0.024464496430074416,0.4910917305631178
U_4993,0.30276176816003536,0.33252781610335114,0.3237569975937822,0.04798127101069169,0.0675664804491948,0.21446304024869783,0.08755465371301976,0.7134686505651758,0.03415774689548842,0.05566676157910012,0.05091917695099521,0.04895626256812509,0.13263543237183983,0.17942065409068442,0.305628789042414,0.039177183405172886,0.6157395127903917
U_4994,0.2321045958212266,0.25961684187971956,0.2695473999265344,0.049952151922619446,0.062154859061178055,0.27422577043834456,0.43153867591465356,0.13484257146387343,0.07538562697356399,0.07059864755859557,0.07219952951695469,0.06661272660591093,0.17990421314746757,0.16889408430098504,0.13236644652930663,0.692327672351831,0.17232089724457
U_4995,0.1324780294803448,0.26373735600124726,0.2379015049357814,0.08178036882187145,0.06815190182273541,0.22119463799710418,0.12921895827657864,0.14472087828714456,0.10938091443582704,0.06538212024517512,0.050377503364082865,0.4860695324363993,0.14814701481818843,0.1724790138107563,0.0989433798780568,0.5464372919504329,0.15573433206925824
U_4996,0.014667769368254292,0.041449538741950884,0.08665514689833517,0.07863014622754673,0.1368386048702413,0.644847111098692,0.3142414116883253,0.2291606497908039,0.5698964587374631,0.18340749354295877,0.18884350764759886,0.471569140124626,0.09602287178697543,0.10375472690966486,0.03121506436242335,0.5159533061305236,0.1275395652151074
U_4997,0.35869427971007645,0.2554538360737498,0.2917271300737911,0.041914948794006236,0.044286546138984,0.642391439667169,0.072303147727422,0.10334024107480205,0.08701055815658225,0.0816640122615598,0.057146080831268736,0.06566645867251812,0.1490418266868484,0.17528985839212274,0.32262465982082045,0.05182635560692406,0.15363216378408862
U_4998,0.006134206827465765,0.029031560735482305,0.39276330492154976,0.08536131659185187,0.24666681960225162,0.4573913051979202,0.08926403175070066,0.51107539403839,0.08385026903887927,0.22215625960740965,0.13480729342077996,0.7495712759182183,0.09988240333035554,0.11141285378296459,0.04521856790299732,0.23264695898626736,0.11736973164194067
U_4999,0.06677048993978166,0.11414962844458706,0.3499532573450475,0.10108517788864638,0.2335170113806105,0.1992698351538055,0.1433652192539242,0.22185238588938683,0.16257887085760192,0.30093398473758587,0.28369245142397015,0.2382503982984462,0.15323079936949607,0.31056447212382937,0.08828880889866197,0.5348282352971274,0.2877448660705916
U_5000,0.05703127297296096,0.1135691271651802,0.10918438533079006,0.13691849248233492,0.1655952660219156,0.5783969837346943,0.12916468212743062,0.17774619473853887,0.0847016636316335,0.09244169474338611,0.11315439595826099,0.5364268006276902,0.1402085911242565,0.3076610111643088,0.10652780400146666,0.3912642860651806,0.17545423776737618
