user_id,M_001,M_002,M_003,M_004,M_005,M_006,M_007,M_008,M_009,M_010,M_011,M_012,M_013,M_014,M_015,M_016,M_017
U_4001,0.0823978977906927,0.09336539119046436,0.09101396768945182,0.12675117353332332,0.15659175151590443,0.09513634783091078,0.10936567079943185,0.15753909755430992,0.06141981471401365,0.07729776223497792,0.07395053656836335,0.059212422659239,0.08030267802187793,0.14377423267323564,0.391949961904784,0.9730269872807933,0.18586402682622097
U_4002,0.08027538539973843,0.1706622500952761,0.16219211170711403,0.09517993758186091,0.10416811969470631,0.1785604917799811,0.18999262093940603,0.15503668547022526,0.1840934589515974,0.11883535243354384,0.12511401867121863,0.8764451254742911,0.17737019504526186,0.17748538721341162,0.061920135346480595,0.02224566482927578,0.13635760123050783
U_4003,0.030459562588299967,0.07493799762561626,0.11411481974556788,0.1014292109278762,0.1967751507600701,0.16251181587924426,0.14623779410332663,0.15251391820783222,0.12300133080004126,0.23010260617808337,0.22832560562526577,0.8705648677902594,0.1483048704299756,0.18756174956642999,0.06859922008921668,0.33879634229002387,0.18114524066516424
U_4004,0.13182940732373552,0.22219079881522924,0.251349732850792,0.08431491085083836,0.1071265666978818,0.9152932124842074,0.14779726204739552,0.14406274113316167,0.14660951562586916,0.44191689268738066,0.09559777055853852,0.08904505998458899,0.18970415266113055,0.17016510952571853,0.09759103445696662,0.06358010324438212,0.2027818079728862
U_4005,0.07699043024616764,0.1323716318972623,0.19680616228416403,0.10275865302988932,0.14310590936415182,0.21119793014363267,0.1615750873861096,0.17849803360461758,0.2446490808539782,0.8006050454831306,0.09641984843941338,0.6033748854872633,0.1899668400257069,0.20367948020800558,0.11860684235329147,0.04330457995719859,0.15945941432487074
U_4006,0.23395730041082535,0.1780921979777571,0.232785622077828,0.015331098524220467,0.018118281532194164,0.6317546786950486,0.19883576041028492,0.21590403448564122,0.6275823659965292,0.047638620748873865,0.034814677927472025,0.7272014919629373,0.1449415715744129,0.13940199428132233,0.3667517168483867,0.03520790170777719,0.11347765634787511
U_4007,0.2732005732946099,0.2523199465853705,0.25630637744725887,0.053701062761268355,0.04955430987241743,0.22757426684239826,0.30226150531878254,0.09817044919538268,0.24811358396149114,0.08611292396417798,0.047694422439966036,0.05261918781908603,0.1296947632988011,0.8225856014006927,0.3076436237488914,0.03220207915669124,0.12068669117756065
U_4008,0.27538245912473147,0.20110042164442252,0.20530258967213225,0.0298019620126178,0.019280241846467552,0.47338007854599795,0.0295407392550832,0.08660855154626175,0.019116801169709596,0.048565983521201735,0.04450408711016912,0.20615939365953542,0.09082551550799607,0.7236840901621973,0.8783769644881035,0.02319386253432203,0.11270696583873124
U_4009,0.21251952339304114,0.2317959502003264,0.21267522025369434,0.033193934181322986,0.2730653660652392,0.4128744311427171,0.07814892443999123,0.11273213457390319,0.05908594144305991,0.05485539923553298,0.056864426435863584,0.7319008139841481,0.13161449986297702,0.15695259034654685,0.2539582007470674,0.03932975114402906,0.4134981337938977
U_4010,0.02419061208922217,0.06137677502963533,0.06793174004504117,0.10331892779025023,0.17526641780355753,0.5617907595307208,0.1226636103448406,0.14646779077839361,0.12042575055342328,0.18599389596279275,0.1808975234349211,0.16406454798847625,0.11037266672645597,0.17567754961548115,0.0448725781204725,0.8683066183426684,0.17327230550932599
U_4011,0.1958825472906715,0.28396837269041947,0.5499371187240544,0.014601223764155902,0.02101736008432912,0.250117001674707,0.021252259034393504,0.26102319393574674,0.4838179762735233,0.06432704346365856,0.04150059936467096,0.11795053041799328,0.10517878893829276,0.13873843995897378,0.27224678405888525,0.1281534072270109,0.10656144319682893
U_4012,0.2458627931362687,0.21659015489406577,0.7364954282810747,0.046860327142118026,0.16701240572245774,0.5707304571351346,0.054682648685706325,0.09995876156871016,0.024876449804342976,0.06897532387034624,0.05395253147557045,0.28609479611852584,0.10831680538553426,0.7159519151022524,0.4650656402993113,0.02003756143662084,0.10316814446307081
U_4013,0.3682500492524614,0.3548022193578647,0.32751382705671483,0.038839690457232415,0.06514678645138304,0.1937471035106333,0.08630848468476067,0.10886318944187463,0.07165318200642223,0.06281359009279266,0.05848149311936858,0.07288916990495478,0.17188169363134326,0.20259208753583868,0.3432881153554525,0.047464166791404194,0.672347216219588
U_4014,0.21587200717055255,0.18370154752798656,0.964757676294373,0.04362434053018511,0.17274212769939407,0.22305100952723406,0.47767021010284716,0.12296790217045742,0.06677852306336513,0.052353018352954694,0.07256978342723082,0.054811535660469174,0.15689290475090345,0.12980009110785418,0.09667763899877777,0.016707266530660354,0.12240897080883131
U_4015,0.04026881627341269,0.058738558431493795,0.18952963000809991,0.09455614335444884,0.1735259047562207,0.19798709959970512,0.13577352489966646,0.1682675466426249,0.5481532004031233,0.19238800132918496,0.1972246623743859,0.21126210001959483,0.13958292230964525,0.14315726960950892,0.07733448528462422,0.39480145186834026,0.1957607494459571
U_4016,0.2557284478284666,0.25050268483805455,0.26857817212443946,0.0402469115433289,0.04923666057561779,0.27980552784292173,0.0652566651126987,0.12676093986775427,0.05160317505382124,0.5482303256116873,0.06190760808213556,0.5812396521786297,0.12872076121743684,0.151724925728963,0.2383710097481051,0.026623943827856492,0.5154408799776972
U_4017,0.3657666764363859,0.2875098254257477,0.28744774170022797,0.045872276186327846,0.04323624749744434,0.8970200630307602,0.08071584462438727,0.09597155077835204,0.041675492001207994,0.04709264114751045,0.048042092607249495,0.0600804408142815,0.1820788412793553,0.18598642460273554,0.3212914672687683,0.043427340835349486,0.1664877484234155
U_4018,0.2718892058020745,0.23862686207659503,0.8137345637239379,0.04918097062944562,0.039437531427067865,0.22130454962588508,0.04644131660142958,0.10266754018272238,0.047226521306471314,0.05382024567399505,0.04298699902063707,0.07069426737334672,0.11136107617666574,0.667322698090725,0.270757358832147,0.04455779062707794,0.12554840145948623
U_4019,0.2104220728260084,0.7130526549107831,0.14772150722024943,0.031102745482111952,0.28402901808744957,0.2298426039114483,0.06725741027271062,0.11205733812761441,0.4688990097439067,0.06726809181194524,0.040813382098636344,0.07322699184214017,0.10160239793014589,0.15481019070086116,0.09807545864225806,0.033033614431937426,0.7960563699330034
U_4020,0.09029078154784576,0.3570311615276805,0.2097773378269906,0.027807398129127397,0.18506645472205382,0.15456245364291704,0.24503185847772907,0.11813086700570538,0.69197547805786,0.04039369037594192,0.053550004199451676,0.23363487286644236,0.1360048803674054,0.13795768593969554,0.05373429436082127,0.12138749218186036,0.09111522797047043
U_4021,0.1678724644007866,0.6486623037261262,0.2031344577844428,0.08578498634427151,0.0781519414618909,0.26266391376093257,0.18009607031989833,0.1405715843186664,0.6767723133698993,0.07255637528710307,0.06264929728117109,0.30110650560738605,0.1724343811826849,0.16993269868290922,0.09288938047712067,0.040414319868478654,0.1459174209764927
U_4022,0.225587552234889,0.20890850134356986,0.20846922384342761,0.02676441405880338,0.2599733594048373,0.6586960423932529,0.034507791630793504,0.08695734989593604,0.020292058302994263,0.045811464572479726,0.04033516363315702,0.03731336181133789,0.10781886580742533,0.7214397892882296,0.6638995929439536,0.02253134212123532,0.13260533608193015
U_4023,0.32919272528714577,0.27135609428497726,0.2650641288019433,0.04376121308352026,0.046095425720290406,0.3303550671419606,0.07734147062012446,0.1126242414249872,0.08418118849826184,0.05859684828013279,0.06198587611505653,0.09218814621488866,0.1399030678731425,0.22444313987122905,0.25478567356107545,0.043033598411983204,0.6769808893631463
U_4024,0.21456058030653974,0.19003879935973517,0.8056713860292795,0.026557392076383232,0.24783067251937851,0.3072964528403819,0.11708200489700286,0.07350886700014997,0.21149326911170677,0.07104380680436764,0.04682921606872464,0.5496722967249981,0.11729807616312332,0.14767817132108496,0.24152554570397522,0.1570873448604237,0.10488670529486258
U_4025,0.03964173519545598,0.061582420403585435,0.07998919854843681,0.10412607923004696,0.15212809526585824,0.7474959643602874,0.1263804250094396,0.15021196113228308,0.098218717997255,0.1230013686098531,0.10161703056334737,0.32628491336949994,0.18625929898158186,0.15168454083081195,0.08802546942310537,0.6697931007954419,0.14957492491363628
U_4026,0.0386414692707943,0.06620383371160844,0.1699600426009055,0.10402212453100856,0.19635982785650136,0.11331473812357201,0.12386395432494263,0.16044843915010984,0.7783559633369941,0.19127480443346315,0.20365666253045103,0.2161858248071649,0.1318624847046597,0.17371575048512283,0.07148048074261493,0.7164434030415227,0.17955795181091636
U_4027,0.3210707907640944,0.24474892930500045,0.5895901861350217,0.03733431121789275,0.027669501132662068,0.15425288036550938,0.08215309772540884,0.11011637240534086,0.3281139078688464,0.06220990677288443,0.04872841194109586,0.6098533371067071,0.15708203885439237,0.1732487418758468,0.24996524667560432,0.0654648589190002,0.12525160995040358
U_4028,0.03613893220517757,0.07851046129333913,0.13675978131148872,0.12532611756534334,0.2205041729682074,0.19540564548629996,0.14663714188114102,0.17196939800490058,0.09763248739485932,0.30067264194430016,0.3084687444280929,0.27687363276597377,0.13300143936570663,0.16701783776520265,0.05091793148076498,0.4818200846066859,0.29423438998785734
U_4029,0.36445871367868166,0.3138639109672301,0.26553688140919784,0.04473591991719195,0.027960088293840283,0.2684678623870412,0.08138028282071381,0.09653236915384113,0.666587098767932,0.06129370319582399,0.05943468668307794,0.0826274400199383,0.16666749558232408,0.19204560280658992,0.29815225142983404,0.06115126722234014,0.1710481840085609
U_4030,0.3055475123026293,0.7349839595119859,0.2901773733209806,0.03619392323575654,0.03443226203517885,0.15483020526486313,0.3176555211651534,0.10294134854525747,0.5791243844608069,0.06988122532212315,0.05180356137778723,0.08251567817578116,0.15032037615775884,0.1679624653183908,0.2815748593756687,0.04070071456483022,0.1344393824967261
U_4031,0.20495999922085695,0.16909034521816818,0.2276629948866119,0.061221611989206115,0.06424550506025524,0.9047606601141585,0.1261704460116625,0.5176650665583395,0.0564994121620747,0.05958568962971075,0.05993925322212399,0.060673248781965824,0.14108252831871876,0.14757036224289438,0.09073400310803162,0.03160053657257369,0.520265535325012
U_4032,0.3587347183581388,0.3096898989096356,0.3824696554184337,0.05713135307285362,0.0444667968323512,0.3125059618497953,0.08432793971972335,0.11836332299885938,0.055153038410235646,0.573365684082488,0.07758787263950931,0.09574852464214666,0.19701011714283884,0.20668809609529937,0.3044327091139947,0.060867899182955695,0.22253483491028148
U_4033,0.03596847881160134,0.05410401772565467,0.06805755681055586,0.08363344419356106,0.33978676376104633,0.08454857572101332,0.10219874286860266,0.1213238512950725,0.6217673058455983,0.17326170001553676,0.18578966590666096,0.7102344674055334,0.1502832466850914,0.13445975160926546,0.04113201915522818,0.23381463407220804,0.15546727093507123
U_4034,0.0659798584625643,0.7117488226942256,0.16718202201936988,0.07366043999253871,0.11377040632866461,0.21142376464692564,0.1479477469557585,0.14145370968244397,0.23733352077437952,0.11649484024583551,0.1261224086583646,0.09495520424069914,0.15191835885242871,0.1665875500006652,0.07999087792167069,0.056691567993551656,0.16783644315104446
U_4035,0.4008839591925878,0.9458257758649082,0.2810960565986794,0.056966296116967644,0.06714474977485349,0.16351142374881747,0.08300818734691891,0.0965361447539805,0.054247588593780115,0.053832847080894475,0.05257017436312989,0.08014508648875661,0.1618099336848266,0.1842817866543333,0.30669390546340497,0.035451160524274904,0.15262563918655625
U_4036,0.027584748920200075,0.06623775002767796,0.15420044296320728,0.10344647174348523,0.5510244229883339,0.5027451167456064,0.10122785115406518,0.14768063526245712,0.06445814228287314,0.1084545046453201,0.11334870118087315,0.9258172421785443,0.10732053625514287,0.10971888106402296,0.06623156812273981,0.5345777730540882,0.11536033903934048
U_4037,0.17541864686085684,0.26833440544422243,0.26555794533893967,0.051063086716071245,0.07550054869897671,0.27319183195707747,0.7311825689799154,0.13046587462898163,0.14511001264786738,0.08182247518237179,0.09598113223896125,0.06729994582516965,0.17769041513374897,0.17098775252859233,0.08263876122306946,0.3450810227567685,0.14691532410931407
U_4038,0.26505024634230645,0.2493553042041583,0.2884441952931083,0.07621898599612208,0.08120220690504784,0.24133175586834998,0.182027805581272,0.1494862333264182,0.8025760403362361,0.06456494038263395,0.11890315491843763,0.07076443243203362,0.16462962064865,0.19975156926903473,0.17173029338132326,0.030795825768786228,0.19405687297857355
U_4039,0.24539482991069786,0.24208655017173084,0.2589264884582777,0.03917557962255951,0.04691543492564117,0.5881763412267006,0.2543473958285208,0.0910673695316144,0.030484420136429772,0.04581165416270348,0.04501307242710397,0.040147596322701214,0.11848006457926674,0.6385002732643114,0.6003987778265849,0.027053279264859703,0.15006130153854597
U_4040,0.27214576265987295,0.24246583777778136,0.24597702488528578,0.036787662906830186,0.047920071106782716,0.13028520095593646,0.044864325037866346,0.10020393128469839,0.46526437659102654,0.0673680381709753,0.04938567853288245,0.0634729660983078,0.09963841168590394,0.6904350154181857,0.7312187625486556,0.02684918177219892,0.13747876441990553
U_4041,0.2383564195209693,0.3617100874584715,0.5567544452095365,0.014793847005668366,0.025201246489009805,0.08512062602255115,0.03557801566347274,0.07479179606332075,0.21191720659176122,0.12052782338204052,0.0462519168469384,0.19005798635189805,0.10103608461781133,0.5277643892931574,0.9178056477122707,0.011580844843176437,0.09955224117007427
U_4042,0.05223928978013412,0.6529639299373867,0.08705744518441923,0.09828031252139487,0.11820350525471293,0.14634974301991935,0.20177816541688964,0.11299121535374337,0.23873837989240682,0.07980942226154347,0.10128264800721035,0.7640033143475413,0.1803489673857841,0.17345481961081508,0.06927017631874893,0.03534373460514291,0.16626119511750215
U_4043,0.41631398676186365,0.37356204582655267,0.4271255660491781,0.06543320019903937,0.07119388580491681,0.24736793923498232,0.09298595030360515,0.13670503610936593,0.0782670882880172,0.06914685387979569,0.09795028719715063,0.10443333599707859,0.26732106718179965,0.24518439942258138,0.4755818521149646,0.061145739397171245,0.1531461525131994
U_4044,0.31254961678483106,0.25421753890308924,0.26118799411256327,0.04556170834582783,0.04432085462729642,0.21584364633247222,0.6183152407678871,0.10293194098298555,0.08762148351180062,0.06514616549758069,0.06132429684717822,0.0733713966662736,0.13215965151063572,0.17831612734172886,0.22813384782605828,0.03756594754881162,0.7492286829408258
U_4045,0.3036818131267595,0.957344625671318,0.25899999363105486,0.05489493128311612,0.038816097597005224,0.12864986924926233,0.08137516424304271,0.09455769064013288,0.05500465642972088,0.06794077518676891,0.04774138238513627,0.06802642665075756,0.14814946299599138,0.17116455633070082,0.2663446354743948,0.02767179576976575,0.12270805320025974
U_4046,0.1519179039069902,0.12456683743252969,0.20518475032940142,0.04036497908513301,0.05933168014924932,0.7879864538800248,0.4119727288816003,0.27534053101063055,0.1289500997995368,0.055791858751153466,0.04845977733294215,0.40566898607069424,0.14976896767944595,0.14840284969543655,0.04740610071186735,0.2118620354932202,0.1339066400447823
U_4047,0.10023711676091518,0.08170132349775297,0.29150617659500905,0.06820431270949721,0.06349752731615693,0.4875116884229603,0.6078581772640228,0.12516099948243264,0.7303760690546103,0.08806718026068375,0.08385580952151442,0.30130850533818065,0.14697033223062222,0.16079305333185875,0.19475268695166345,0.03252978726523075,0.12381656151939385
U_4048,0.20713777277993628,0.161980305933924,0.5981399496741494,0.02167133618697706,0.01965368748219968,0.4373006403910851,0.12758466462712853,0.1111956831241929,0.16865804287869984,0.04254575695642253,0.035718659764403624,0.37662854807551127,0.08976872663341084,0.665014213869735,0.7216749626579274,0.10060125812648107,0.07286867081714879
U_4049,0.1605101513998071,0.9861092626240571,0.22363806508418765,0.07490842902766912,0.08551134745471445,0.2065372778632833,0.1103666448173174,0.1412179905709468,0.24182974192401668,0.10888286959498125,0.09302010859039214,0.09353748163821339,0.209264425767489,0.19691785932636077,0.09003276037915159,0.05289478998500536,0.20306653332284497
U_4050,0.044345790754504524,0.033152648351796585,0.08337595971789998,0.08914782376528604,0.16810551788481748,0.7953682678086906,0.12036181861872039,0.7147142956553423,0.10015926569725946,0.2318032430932968,0.2233745661256319,0.2619249196234575,0.1278775763838901,0.16010386460537554,0.05599068849163567,0.23061863389664067,0.16925926165873564
U_4051,0.23231471798988032,0.851641368534454,0.25035604747356477,0.043008058060660194,0.057612970942819905,0.21727760056913187,0.09360357194473631,0.11024141972857447,0.10275142358518015,0.0701281661093357,0.06218158885528647,0.49950639683940545,0.09617405014650512,0.2160695715288066,0.19557970997940716,0.024038890115517138,0.5032568277313381
U_4052,0.28726515960815224,0.2541027485341528,0.27276302505667716,0.04550949123530977,0.03467534898860338,0.1202031478491902,0.040946628955321515,0.08672781163362409,0.4344626600458578,0.037482538954978196,0.05105241065234511,0.03273427802646629,0.13108883195123966,0.6866040492550536,0.6359272647977491,0.03129039906396452,0.14201749974461436
U_4053,0.18345440051052248,0.13999599533654025,0.9862057323305082,0.06532769363172516,0.07768214152339094,0.22213818519708584,0.13769461779916942,0.14433212831489806,0.11104802751969477,0.06193892775337985,0.07719929455806697,0.06842563988410733,0.1219377206331409,0.1442535392395175,0.08786871901540722,0.03731386004961746,0.47312094384640413
U_4054,0.09822963858196734,0.13229430091995956,0.15899457693904945,0.1422855548468397,0.17497830594590802,0.14614043679910182,0.11659473098975148,0.1941295900915609,0.06473033491702514,0.1071949500548582,0.0754345186234545,0.08022740601325751,0.1115217654928448,0.20966449412140598,0.20253549799402895,0.731885011142367,0.3436092453477979
U_4055,0.36597418184483266,0.942450181098134,0.2809057954927756,0.0613066768358745,0.05775826416376319,0.1585558475775546,0.07505444737659311,0.0957061873481235,0.058454610090831326,0.05438130167019182,0.05620609280941433,0.06717603431358421,0.16747028476019554,0.19041055061915216,0.3053796105302235,0.046603568372608484,0.15045246574872578
U_4056,0.6049069405018429,0.4748638953145716,0.47439833431931405,0.034445200812971984,0.08019559565020568,0.25143295694351836,0.07161392045705682,0.14018679937148107,0.053795422075450725,0.07888689429390039,0.05297145730740614,0.07094757003908192,0.1986568413944933,0.27867627424937147,0.47237588417024257,0.06387801959955121,0.23770144430573276
U_4057,0.31509136193974163,0.24995174861310593,0.2743853666182378,0.0372347310588326,0.028638198849900903,0.24652871166279278,0.07530756862078328,0.09462214904670735,0.7727473176750173,0.04667266894167444,0.05067803210109908,0.07191961083397669,0.13947679714922623,0.19457683282258575,0.25427691679385644,0.042797543847535285,0.607172298360739
U_4058,0.2610467481752272,0.2043151669171719,0.3079749628163296,0.07383032231015194,0.10882206493723935,0.2188881565920251,0.7403444495488417,0.14088259813532092,0.07583359778272947,0.05156059201081814,0.06732288732131626,0.073652403085393,0.17745209538710774,0.19608033122740937,0.16982252394012,0.038515281563517696,0.6638038789329024
U_4059,0.09867272835288848,0.1635917914323028,0.7299031703492733,0.09741750067101362,0.12408166996645759,0.7556767924285441,0.17602978036791472,0.1532109081002675,0.17787887498160693,0.07622815986758959,0.07883024815747983,0.43026789440493207,0.154545794340899,0.2005163080869643,0.07438734205279114,0.03449767841945786,0.1611190201854522
U_4060,0.17877003199483935,0.20363435009344794,0.7219960258418551,0.04748488867137912,0.04485854758132467,0.8034818283689855,0.05583382710288009,0.08930838390472756,0.40422803569232624,0.05533739129622292,0.07865857229591493,0.03946996038152584,0.1128000246203145,0.13397293266313484,0.10998257779319169,0.1920933328435152,0.1075831358302364
U_4061,0.0752397757757964,0.18051738875450926,0.1691770105511712,0.12659300390616463,0.1532930813814313,0.23509318851112795,0.17161801483745467,0.17407613543971762,0.9566407616467237,0.09188863367217498,0.10055576062091227,0.08235985514916491,0.23254918857854046,0.1999088300014119,0.09327463137669481,0.043798309102230454,0.16285692780096092
U_4062,0.02050812314775132,0.045403153682306255,0.08643282692194171,0.08640000203996244,0.16856536218286639,0.1917069606524791,0.11811956849333896,0.7517285873319299,0.1029141668937016,0.1503439698176001,0.16379953209768106,0.6347901605619377,0.09879083224666022,0.13056757204601632,0.047484333840988255,0.5874224063524115,0.17608471972626816
U_4063,0.44183799434582194,0.17933372885634014,0.47272374968127295,0.02692954030912667,0.03820068022425621,0.8096220817875048,0.08774370862034328,0.08896571060836213,0.044492622299277876,0.049773753631681725,0.05527125808543013,0.3350304120986866,0.11600996710215333,0.13108040205282323,0.20798976563591764,0.032238895003166367,0.13700774114225173
U_4064,0.23700009230373503,0.9555047203858373,0.23325581829730072,0.04317454474128554,0.06164552049251598,0.24365639665936767,0.10487426917601377,0.12450000123545629,0.12378294457753128,0.061902726149965774,0.056375428189217716,0.06903266005783963,0.14996131186763836,0.1710559428882321,0.15081815610341126,0.04600529528281412,0.5961044586993822
U_4065,0.025965723997433656,0.044640860679534204,0.095287683219412,0.08204699585615391,0.1516721005800572,0.1433591280486542,0.1192906199169665,0.595722941299692,0.09228629730706533,0.8110538609428276,0.16927788868850793,0.28541493974226706,0.12547162444361903,0.16073364622466055,0.08064756095453299,0.5878905018008459,0.17036666431647807
U_4066,0.3423298789290534,0.3224629187294237,0.31183951951685446,0.053838807355627266,0.0497501131713214,0.16933017260162508,0.06615582069215556,0.10828496882207331,0.8372604423782403,0.07494939036221898,0.07476052935544207,0.0762143911571658,0.19347586370796363,0.19346120726647678,0.28991734761359145,0.056267320940039334,0.17112764664482488
U_4067,0.397371785342607,0.3687215389743703,0.3023741553733048,0.04802388312305969,0.061955629749302216,0.1643421175924178,0.0757365001215595,0.11150541979406901,0.07090171122654279,0.06253945185376508,0.08671556328697791,0.08387636549780991,0.17893320139848945,0.2109788130784565,0.3282948695144286,0.7000349733294708,0.11296005645332896
U_4068,0.3882667106496721,0.2712533305830291,0.2831553783395242,0.040129113103913504,0.3829381911463293,0.23509390160830226,0.3589123803885893,0.1198323959031079,0.03669525289135435,0.060463341393241304,0.050564374665256304,0.5057637375614771,0.15045254419430457,0.18885651935440995,0.2900836296485917,0.5213509065047852,0.15129876790428226
U_4069,0.5497523540603291,0.46505536696664984,0.5406425604460765,0.0339745587002446,0.05751664208406722,0.2594824229261186,0.07135827506884032,0.14210033481704043,0.05277256099905941,0.08177609603040227,0.05301444720365099,0.13370983886175605,0.18811030000304665,0.27839970875769904,0.5206193451843983,0.06421705183653321,0.23549875001266188
U_4070,0.3218227047709772,0.2613983551592015,0.26220152619320314,0.04029043765494209,0.05438879345571758,0.6432463454731594,0.6406480131134918,0.10632856010619536,0.06815971123764106,0.0764025461323082,0.05367060177151767,0.09942965963828831,0.17296647738433352,0.17401720965629092,0.2764997954228845,0.044786096582000536,0.1618005774817841
U_4071,0.1700921760536363,0.17341775096207362,0.2790797332025816,0.1008126686693559,0.08823571865247132,0.2524529931385341,0.2500578921019736,0.14983189601560307,0.5559384607379474,0.1281019868628922,0.12532482345190282,0.6108244254713949,0.17578600224227225,0.18606509346635514,0.105304571813155,0.03346481293844299,0.14573554559271942
U_4072,0.29085761278777067,0.6219416732253547,0.2578930772071057,0.056775580296240274,0.04835589802461121,0.22053256002507704,0.47194580836590017,0.10572926686304601,0.04873830856514037,0.08727189244213958,0.06816211143612469,0.05660286027943079,0.15629558092141477,0.7007977669423887,0.3013787289347156,0.03373490979668496,0.12941708965993154
U_4073,0.12957602296453494,0.2355308068654337,0.9082072083467048,0.05822007804457295,0.08973864994992162,0.18688324072682305,0.1161795952104687,0.12504485174245072,0.18738081017346755,0.0595021302508507,0.08242326080093317,0.439873609740122,0.14517201594480922,0.15765547102346272,0.09720958160324276,0.040408280959376465,0.13530849037946213
U_4074,0.0736082602227361,0.21740630237334457,0.1617843675689674,0.12549558542204725,0.15414105547864526,0.23831827437617106,0.18872431842416224,0.17319448770623488,0.9019061341610607,0.1431482350633949,0.14329729018427662,0.08671776076963816,0.2170064844225784,0.2067612204268099,0.1071910928703159,0.0390105054989959,0.1680027529857219
U_4075,0.006595550999067528,0.5986514412610751,0.09379498746669833,0.06264808392009491,0.12744973092304293,0.12360386137637736,0.09775213232993243,0.10248402432526182,0.13841450095708804,0.3734222682369117,0.15365093387005646,0.6040663731257139,0.10014947604219461,0.09238571409992805,0.026997673715668326,0.4466680526377843,0.08881202407154075
U_4076,0.2048674835790805,0.04630287827766304,0.6573955848023728,0.06941151845385632,0.11515581999030194,0.088487658464955,0.1059328868153751,0.09414728958424967,0.08853148814847539,0.1361088433130596,0.12433149927682333,0.42066036771504156,0.07547254625351536,0.0901115747247525,0.022176039949930237,0.8356521241943559,0.099483573911057
U_4077,0.2969917163920737,0.2642196497969925,0.3245705555361307,0.06764667918385733,0.0517065859479483,0.29584007453019945,0.11179734453914612,0.3233038345880536,0.07621014099378604,0.08284954509058898,0.0788388955335039,0.08019703154877449,0.16445670026197717,0.18792258023913977,0.22873987848416083,0.03466523842623008,0.5157270142849849
U_4078,0.24299514098898167,0.2548366483728922,0.21412796906060846,0.05933482809479256,0.041079653629563805,0.2190067440989279,0.5186090867197403,0.27931554554160587,0.2619833244791592,0.09485056020487917,0.07116371497740602,0.09020657408107993,0.18567148251186716,0.1777516891672159,0.22561798386031873,0.42504771310372175,0.12637487667050273
U_4079,0.25586618427384666,0.1767519794648758,0.51336835758609,0.0193143567463291,0.6165302453092638,0.5634258128096075,0.046941202010816495,0.09772908070472469,0.044881050895098,0.054005936253200985,0.04059928340788638,0.4914008857410064,0.14648479500517175,0.17349416227409928,0.21294345417850102,0.3640416480656077,0.11994938562913082
U_4080,0.09994960356106844,0.5741680726284596,0.23700209665963212,0.10234869070052507,0.12879437950527936,0.23654333658677348,0.1635227810505485,0.15973641225152294,0.09858767700837268,0.09102698882602214,0.08223099506316439,0.902458853718476,0.161437624389198,0.1875488550861192,0.08802512764000882,0.051336568476378894,0.1537182703300782
U_4081,0.05958199283546581,0.22983546987634712,0.16146479117691487,0.05811031500833329,0.068514590703605,0.1757344716019114,0.12225867378411515,0.1271894219200298,0.2116226644633295,0.5251822919276944,0.06431492171319364,0.8673038509844839,0.15647544243541003,0.1610946484524863,0.07082293161700856,0.3357087996391276,0.13143538403369592
U_4082,0.07257872533080807,0.1320653169438823,0.6780435324805476,0.10660835359280098,0.14178434167991816,0.24930104551338983,0.7295495074567188,0.15610161335641284,0.16625077703774194,0.08782412328147628,0.09429185039641667,0.48108983594813526,0.1818151254308277,0.17897354606281712,0.07587460815138528,0.042857553922997726,0.1556090012292446
U_4083,0.184194348241477,0.1446654624344651,0.1884235458530919,0.051706323293894595,0.06270301604683215,0.23785759586120842,0.33402753651869044,0.12575390747512918,0.2502775017821892,0.05562833227638318,0.05777235411975791,0.8068822472550358,0.16369940138301567,0.16172946973000213,0.17533624732344794,0.03789102412508573,0.37022126220994533
U_4084,0.18577690297732846,0.7951987786285489,0.25254258364610294,0.06478170815390678,0.07636809418639083,0.1899258018208843,0.10195800805204439,0.155455881795742,0.20209971604608676,0.10132975042822859,0.09401280782739181,0.09353846685044337,0.1941810488089845,0.18839072912886284,0.10385590958382789,0.049181649274951784,0.16205469262582
U_4085,0.27801303374014175,0.2584078556448401,0.775729187346031,0.03670432086192339,0.3682075878335543,0.19039784137350418,0.07232903080514216,0.11066627818131522,0.6148042876089621,0.07134979166350237,0.05506845696452402,0.04392525399184696,0.1300941701885355,0.16559981979022334,0.2630771922603367,0.031206091109845964,0.15131735969504037
U_4086,0.012243322832725017,0.04110149427984905,0.34423582205922737,0.09218326669201235,0.4228768377569211,0.060149732271208414,0.11335510992933281,0.23571030756449723,0.6233043328068177,0.4180590706984937,0.18386877774171922,0.6572307500559875,0.08131938102703107,0.10569442487632502,0.03219438593851985,0.1923548284283782,0.12263377035864799
U_4087,0.026955027624315966,0.06982382279901811,0.11139027583851438,0.09813722533894047,0.19114680318826377,0.9153580005741744,0.11741223474508777,0.15383913728023402,0.11325929761609607,0.18762371701482858,0.19370661144632095,0.2354172136384041,0.14490888883746064,0.18641151783614188,0.06311391035661593,0.3419293178839082,0.16909620839215303
U_4088,0.23416798595148453,0.2777023020544478,0.2043655206318453,0.058043743873961884,0.07165217091058104,0.3274238726745231,0.0756016876885856,0.14290937346039534,0.8491965136596507,0.09415090039909907,0.07488975702590622,0.08423576954333815,0.2239450523964372,0.19519363396033204,0.0999231016347662,0.06397701750346362,0.18691801165060756
U_4089,0.11019014200835295,0.13637806669078795,0.5661582840289359,0.0460903617321254,0.22829164808239566,0.1549699230149344,0.5753372550304736,0.11260012488774036,0.1483334043487763,0.3666475496953423,0.057744909425093915,0.06491119427152799,0.14347953238842628,0.1496942715328093,0.05898289807792126,0.2269203873251337,0.15385124286435037
U_4090,0.4235547822760147,0.39285918946933723,0.3786444881083366,0.050966621052057695,0.06087476374911601,0.20600997374642455,0.10673691288722757,0.14886034316603955,0.08466532838631985,0.08559277108448422,0.07902037214325093,0.08466683927392352,0.19024790388738141,0.2314825595203952,0.3889480342259607,0.05598020355728586,0.16710019322029196
U_4091,0.5411663167090601,0.2147549915522702,0.5889219642210333,0.028186474925083468,0.2924192512477905,0.13902554505653208,0.07270711656082025,0.08705715781935032,0.6207797122231382,0.06624355070477027,0.04211567773894441,0.38559520171502915,0.14201706388809893,0.1348141235452037,0.21494470880772404,0.28604385695292495,0.10222395042879792
U_4092,0.21180260761092196,0.18935801507685404,0.7813518709834076,0.018219067626661038,0.2226982633408708,0.07180113054675523,0.03760663712601946,0.06195676629282144,0.11950241577971758,0.03321189230903737,0.029949658927352713,0.33763618740379536,0.09852639453789268,0.7978415525576401,0.5403415893359789,0.020741158919591385,0.11340214292373285
U_4093,0.023340006268939954,0.0654908773973091,0.06298879035969476,0.10292477601086605,0.14916119286808346,0.4031245777133655,0.10313693212206382,0.09806852595113005,0.4650477930112573,0.48022767338472067,0.16541997424495244,0.6381836905723892,0.07659946704778489,0.09736995759537395,0.026937684307449545,0.29491224905922064,0.14933529651522198
U_4094,0.2461811610302171,0.2205170836828413,0.2818076729209995,0.029153316620366097,0.0600059642025341,0.22974989912911314,0.07000707526019326,0.4282642115925284,0.27515794625548357,0.09438602587180044,0.06890586809447241,0.7088536174993185,0.15068871806841463,0.18642938860772482,0.22649814581027386,0.04751468542941146,0.6311425359858698
U_4095,0.06090637233359664,0.17842311349546724,0.10314849041651969,0.09193583570687977,0.09161291768490538,0.9826738088940146,0.15459638090374456,0.13022406946651702,0.20171984838706686,0.06231684020023555,0.06487224968292972,0.6924933708387023,0.17439237907783353,0.1733946855401139,0.06575727713950161,0.039237912176472975,0.14378774655158474
U_4096,0.1880319308413599,0.28852649982393785,0.46318173438944055,0.017884978207809835,0.03433515205176121,0.7935213119222694,0.0735186824530645,0.09214150170829458,0.06319842624417715,0.053773253056183336,0.04448083194614408,0.16183604989301772,0.11176014359064901,0.1280443167583517,0.20940431056263586,0.01535507027208633,0.7264864897225769
U_4097,0.21793422374673516,0.6996732926180491,0.8659959434353903,0.03623727387242402,0.046419100275874814,0.23579296055761134,0.06659946806390006,0.0993246153144356,0.05339408191743062,0.06482167282541079,0.058446919970662974,0.06626977159722121,0.14304549882131756,0.13990037694485005,0.08771775615907089,0.036364173721195214,0.5042461560879035
U_4098,0.2846234699737734,0.25920691383270655,0.9783247430340061,0.046643373814607605,0.4582568844432212,0.1768618479510743,0.07857765566376515,0.503440068461458,0.15968566685150287,0.08042236444504114,0.057923801438443834,0.05666133305632581,0.15484271790206144,0.1831568332200241,0.1234040095431779,0.024802309175365824,0.17282988207681843
U_4099,0.12637746310149833,0.513593900915237,0.7208508579748802,0.03123945022702252,0.2869162211877958,0.1709089568633052,0.10286534029584482,0.11453905828745335,0.1340917483500757,0.3525540822115021,0.0856989935921398,0.07858568734615609,0.11682127528266435,0.1316723801799152,0.05910557906699278,0.20720661659113432,0.3598166899437981
U_4100,0.23881731393049604,0.21271849129134895,0.6347443598928232,0.036290329405840704,0.03561760331096082,0.1124500250655,0.03547004125922861,0.07961263730510296,0.3954518257427043,0.04093781227024003,0.041228919963044966,0.04997989500357995,0.1166430632500378,0.8553207519759425,0.5041978960336544,0.02262066630584596,0.15189589714283677
U_4101,0.17332704652433667,0.1881407701144383,0.29616510960213815,0.10667027781805269,0.0988685757801855,0.1684011666610845,0.7132830087176496,0.1450440949156243,0.16074878729590394,0.06049659994749342,0.09114023086867937,0.07436963724247976,0.1920162658279746,0.1770710437116256,0.09978410498124414,0.030425370439660662,0.7204729739950609
U_4102,0.5801160453870072,0.39583090614179106,0.39982321771927803,0.04193295992761072,0.040758509383124336,0.23782327012292492,0.07372951637605991,0.15403672701654497,0.0641718633137664,0.09316834276741606,0.07403491536954701,0.08300420612173812,0.2167841748188547,0.2579528915872189,0.38999652922389694,0.07089405748669961,0.21043435269988264
U_4103,0.6478068788433496,0.4768949766916085,0.46407323968719033,0.034931817507395845,0.058678940762437626,0.25782736964336284,0.07270275062401853,0.14016960945369134,0.05941131120686704,0.07638738818090589,0.058839044149288144,0.06629324087648936,0.1960735536194413,0.2729542699276979,0.4690184497113054,0.06411776274256582,0.21911260659125548
U_4104,0.2546562840165235,0.17074729489518534,0.3325993900495602,0.028864021351930398,0.01679123682408477,0.0941486240412514,0.03992441911385499,0.20977807328293846,0.08451650953675069,0.11258648134337003,0.041858866971206866,0.035333197330914806,0.10415101729995305,0.7126218212359245,0.8597398168597621,0.01180355023913798,0.09107258858505599
U_4105,0.23326989735206072,0.20802815235710911,0.21894788707673232,0.026228650034750656,0.029656020472931525,0.17403703899595965,0.04134321586715398,0.08568940869870305,0.4462022107732415,0.26500002871823414,0.04484692160800349,0.062333120064726036,0.11818094156184927,0.8513749745708443,0.4877633008191389,0.03171739925831022,0.1435358441610676
U_4106,0.26027998341036473,0.3879821809573983,0.812631232879562,0.04800502363033714,0.1552502520097,0.09987945466668305,0.05322449803538379,0.08542998191767621,0.0402547008311614,0.06229260190243911,0.058394528811254856,0.23625950094410492,0.11791642543578122,0.4917921450781767,0.5339288842382507,0.020416488850104306,0.09565029018569396
U_4107,0.43058792792137374,0.3395766088328781,0.331753073143839,0.055552472516083085,0.060178149935483094,0.20244659532415774,0.8032457392151136,0.10127500605351444,0.05853193032793974,0.06318252514769507,0.06696330921997742,0.07961398409832815,0.1752353232505617,0.19371630572664567,0.3193450516746236,0.04593391852871467,0.16698346676832773
U_4108,0.318566392370582,0.6661980925626978,0.722853023169523,0.03832127521839809,0.04593697240283012,0.2482851627023001,0.31556389359362835,0.11233328281279181,0.04690611413943337,0.06908641664552236,0.0672469833666675,0.08394239684149774,0.1546605165288002,0.1795610637908753,0.2602182210506811,0.02388571220766017,0.13324013621574152
U_4109,0.03626883779893273,0.050746033328973164,0.10796064877405556,0.06578148100371829,0.4118256925422868,0.39983947167732375,0.4554018683930866,0.17850930773850476,0.08628208101704021,0.1829305478539329,0.20117151616002252,0.24263804513752693,0.12241587112845088,0.1747282574336984,0.06680314678619166,0.4152340834161702,0.19075726660130393
U_4110,0.37330233276976,0.34726870080245087,0.3377359680726449,0.059002844738703625,0.042664948136038466,0.1848911089252632,0.07042720886307884,0.10984193217315645,0.6838944180190654,0.07016088502901277,0.06998069973924519,0.07103888530461397,0.1600599982232623,0.1984602859212366,0.3083165665128929,0.07307232585239302,0.17903805589154673
U_4111,0.066511700151087,0.8821480149970582,0.13197336723919428,0.10218610364931563,0.14175400806987654,0.11597414917186769,0.11480423974734917,0.15862911573513397,0.08213290034155785,0.12831676423142624,0.12018288404755018,0.21393810948761235,0.11576905706108606,0.15364091993165588,0.08306743237276974,0.321321708367345,0.16847262914004643
U_4112,0.3066918374205269,0.9394935488470804,0.25972825226769314,0.05397057941048032,0.06026412050346129,0.22018301183066472,0.06972346201553807,0.10612690263289565,0.053997414526043966,0.07396837056566136,0.08369201404957524,0.07071280277718534,0.14323243449144163,0.20135764988011853,0.37276019319903375,0.03864592880018297,0.13864976322971864
U_4113,0.3188280246590123,0.2851832207116407,0.893614951227191,0.041962356448254926,0.04228834308731941,0.15608897890583504,0.0727200214214202,0.10499922683927118,0.058249010189542635,0.07479733737079072,0.06051120228802864,0.07241323138885906,0.1677825104658969,0.17246890633274803,0.29553432459305945,0.038225484942883796,0.12727015581698475
U_4114,0.24728337279051948,0.19128850825022264,0.28671688716830535,0.06554631755328333,0.08053330391669683,0.9309259731250576,0.16898124276039186,0.1287253088496036,0.05523635028812787,0.05620640178582041,0.051531910866423176,0.09876954120852306,0.13038893536853385,0.17188345881249859,0.14225230633903457,0.03714263721039072,0.5233635498408014
U_4115,0.07631280489545257,0.16381041742138253,0.23604230759409248,0.11236921985623022,0.10826249424478879,0.2099796650898811,0.21966677193866194,0.5389306207410587,0.1517711746933485,0.07015913420810228,0.06570453930769325,0.8661167083563011,0.15801693049743148,0.22662681662549433,0.20186896580243463,0.03489937988382767,0.14183254996888953
U_4116,0.1630857887524535,0.22803911053160753,0.2712933498270386,0.15435750167746393,0.19419734042655992,0.3001869868018374,0.22107240782616006,0.22099031841855513,0.4800664188550663,0.1339394172100448,0.12850538966503466,0.16241395552582072,0.3152262067945918,0.3321171014953916,0.14467938564161786,0.0846423638937815,0.2225829065590833
U_4117,0.4617742894158281,0.3637333465859694,0.3747356924632894,0.07817605223611265,0.06492711060532572,0.31142249338508243,0.09232422295310275,0.16050644139259718,0.06869099140385079,0.0956964353298172,0.08728169838524337,0.0963395412249542,0.233026789569705,0.21583890826783797,0.3721097100167128,0.05003205472484836,0.20198747351590157
U_4118,0.3860512057494497,0.20749119091594562,0.48082800767223516,0.0324863255815175,0.049257555211796256,0.14021149698171753,0.5801439943674893,0.09125145931258236,0.15577072407358178,0.04537023683390673,0.052466053932853474,0.31839786095957345,0.12383216216517962,0.12846864588918208,0.05200689175428525,0.3456207602406458,0.10055608770809028
U_4119,0.4058530013483992,0.28729115168992453,0.2810211848694424,0.03503310363762608,0.036315671872677625,0.21957041820273243,0.06973518956984033,0.09779188225140786,0.700294705585889,0.05259966454824538,0.05600820894541388,0.06920956879298282,0.1476296751439194,0.20414163515249156,0.28636595864917913,0.0488677808988994,0.6060455214725529
U_4120,0.35491159749786394,0.27419423103164353,0.29140564758463183,0.046228833660280626,0.0579775623004919,0.16192025687322517,0.28686776145292425,0.10293487426460676,0.6644789177430207,0.07967489890094571,0.0601557423908453,0.05907288288762433,0.15125394726176722,0.17259410150432442,0.2517614866503485,0.03422648815574642,0.11444373639463085
U_4121,0.27514863609741314,0.29111511544140933,0.5215300034232151,0.03563971374662501,0.07102946510619537,0.2119550831669441,0.2539280904654839,0.12980837106963816,0.5273276438861784,0.4878861051256932,0.06986370289728273,0.07683170873662835,0.1693804884732374,0.17077610601681076,0.19920769111490438,0.03325591522207209,0.14994340162471487
U_4122,0.06739933367403098,0.06330321137901905,0.1256304403607885,0.10117531692042322,0.17794993229829767,0.15129191022458272,0.7756700891176411,0.19017537518629424,0.08852660045157068,0.14716739853374233,0.1379615242371523,0.14888684306483252,0.09928516937030296,0.1355788608508274,0.058230279400968296,0.3505641910050744,0.15751077468977195
U_4123,0.315190679708681,0.2832530262660679,0.3088764366875179,0.05125186033850025,0.038283947522774704,0.16209210460930096,0.06491500541530068,0.10932637314596277,0.6799627600268696,0.060840224045759506,0.04686611316602095,0.05309285758804405,0.13484659830042173,0.16772828880307403,0.29367196292659475,0.3344586605768299,0.1604906676323521
U_4124,0.2831403700825825,0.5661978218089231,0.244895912458195,0.032514101269279706,0.04111075806369607,0.20680871742472118,0.04253938178001485,0.09592620985592629,0.029268922832542517,0.05001593775250531,0.042586247548614106,0.06031391642507765,0.15100261963066225,0.7155291659071414,0.5102260674312982,0.03886180914172159,0.15734008157073218
U_4125,0.2532860779278317,0.1811263555608211,0.1979023564889051,0.07571451880953611,0.07288665182276202,0.27475879029076905,0.16101680619874525,0.14498868304309984,0.18246365056900804,0.06141258267338616,0.05960215370428118,0.09214779721988631,0.17094124503279065,0.1987410134543968,0.13274423973187077,0.047735424010416,0.8731523992600692
U_4126,0.23230347273448348,0.4195264296373874,0.23633461478668846,0.025027601805435486,0.0333270304951119,0.2429407457342882,0.13058621004938253,0.18582762820030158,0.03895421859095152,0.1828733027732586,0.047472596487586886,0.6312608188465834,0.13905132675351767,0.13629126444152617,0.19707095285698478,0.013969042865843287,0.6812925324782529
U_4127,0.3284911704272667,0.3089468681778854,0.26889367832489913,0.034812406640131605,0.05715336309611578,0.24554817730202583,0.0806343507279117,0.11810236978636098,0.049497371970240886,0.6175541426400513,0.06510151193335982,0.0875413853875366,0.17253538791125522,0.17760534528106184,0.29186353756791006,0.45780196335761464,0.13093901385597007
U_4128,0.042072091891507776,0.0776688342538793,0.1883561601942763,0.10694811489107817,0.1720205690350185,0.20853701501047883,0.15042150567286228,0.17610563803219595,0.6164000353200486,0.2485923046607286,0.22922016282122054,0.22773228464993284,0.1346665928602402,0.15316840049521357,0.06249893794640959,0.4466964207838629,0.21674577731805456
U_4129,0.22816693875780936,0.20080839084190288,0.8140420414596913,0.03313115351292969,0.15380724658547779,0.19671264256876325,0.051958207382267696,0.11090304702439889,0.04621427588729053,0.06580538299893832,0.057431228358717196,0.04114555009366134,0.11654344965336726,0.1458916622256488,0.7818217959853746,0.0548690071653857,0.10543597180554132
U_4130,0.2571433324518809,0.872723168554863,0.2290006659561034,0.03606688947716443,0.35377340033643867,0.15350790228808425,0.07157808325849066,0.1070805392493689,0.07542207590571637,0.05760819873207136,0.04969097029179395,0.4976606601599834,0.10837807834784141,0.14070819872796225,0.21588162665664334,0.023256475191227616,0.5043536049287909
U_4131,0.35659161857778765,0.322011835400577,0.3104225363167325,0.050552321381167366,0.045928112549558,0.2963909455357911,0.08195038696124235,0.8387735044897717,0.04274297785199481,0.057787223350638656,0.069850100661806,0.08639780793378399,0.1822386205568679,0.19743879611934706,0.30817836411521715,0.04962127388717784,0.22337895326771945
U_4132,0.4044777429312626,0.3460236720293092,0.3650888163559581,0.041688553294649475,0.048745471435528626,0.1781223673943783,0.0809396157031961,0.10643671793040438,0.045907808217612756,0.05785494802614134,0.05583253431011685,0.07427396905927187,0.17402884763352192,0.1995290540288175,0.3439517806760106,0.6636683386019899,0.16881992258587653
U_4133,0.11633650694493018,0.8152284350967148,0.1387062063643411,0.0684844480398199,0.09755770684257094,0.2537818561150173,0.12990139677929596,0.1374117683355665,0.15570237684327418,0.06994817661990116,0.06741060825970147,0.7231388592793166,0.16030176190454298,0.2137962233680048,0.10749937260129554,0.028624273395944068,0.1576656581846849
U_4134,0.05786209153179929,0.1561779355930805,0.11107584612309022,0.07565580034383917,0.08667824460748595,0.15794030032171041,0.15017783809683577,0.12316786784207906,0.9530021376442435,0.05817392684073901,0.06847579529330579,0.5673830906268311,0.17871913270117074,0.15070802779821438,0.05952673890853888,0.0251770158301299,0.13238532503195122
U_4135,0.19156749056677685,0.8028547167781899,0.1840279991768513,0.029331655273052027,0.19262958738247682,0.21907227677022784,0.06499803798713252,0.12198176031224085,0.6438926935528588,0.06314733701184125,0.0679067034333078,0.050093298302666116,0.1268433819145108,0.157415199376503,0.061262228539386024,0.2649083207219349,0.31673482244370843
U_4136,0.5593466078585011,0.4882258207969753,0.46381504357635245,0.03184473232945663,0.04399408241191794,0.2694607655042478,0.07459840985714336,0.14641574247740202,0.059268213922614006,0.07286707611810138,0.05739449869503933,0.07549646371603577,0.22340806604322885,0.28853113394528457,0.5713983238713012,0.0872135405326052,0.20207844114506762
U_4137,0.04576967544373184,0.05201130517020441,0.0921873552932314,0.08045561760905508,0.144097279216494,0.0537667968016069,0.13497333965112238,0.14344649763338663,0.08929700220176434,0.5509638930271281,0.15278581949147418,0.1763439795253603,0.08897486099654828,0.1283035199488161,0.036977497427222825,0.8297182914220745,0.1406994599140884
U_4138,0.02255945524504483,0.11699762941183868,0.7726869234176741,0.037535196314445074,0.2491333666560709,0.49584290107918705,0.3907609067782616,0.18067024798708378,0.17068651973971832,0.34753474320892447,0.05605736088658685,0.4729371611607903,0.11559446425425118,0.12894470487590068,0.04786055708113067,0.03630843496198366,0.0912393670132885
U_4139,0.3109983752913831,0.3170536382009297,0.9188657293611798,0.06050484082068292,0.049658182692928855,0.15364832976177348,0.06538145375815398,0.11908059533719317,0.04594451443278901,0.07205467297454086,0.0866379576941603,0.06643231455258881,0.1621424116786735,0.18539088720808422,0.27955257314932674,0.0424674122670307,0.12696581337475835
U_4140,0.25633336886662517,0.17655059709781407,0.2856577069064671,0.07510424972215962,0.0724422458056549,0.2742122622073163,0.12318282985899964,0.14254367250669578,0.04789180371746634,0.056562959149073194,0.06786429304302884,0.7392912151924533,0.16046214287777447,0.1676821914893338,0.18056878614246225,0.02379101013058319,0.70063686250366
U_4141,0.2398702748909406,0.22224216626430499,0.673698365089081,0.033709858328464966,0.03704369226771485,0.1150966636026971,0.03983691722562316,0.0887232607483931,0.031099454181029575,0.04314487562113467,0.046071554707402575,0.0688738614558795,0.11741962788171406,0.6412345247117032,0.4965623776067572,0.04241289254639723,0.15420093540048102
U_4142,0.2856316423343992,0.2310963426580462,0.2379337799127275,0.04283525462111958,0.03575206145400369,0.09734012079261538,0.04402843045679217,0.3274681952480604,0.3607942404411526,0.04161126981377037,0.038069309627058644,0.045408817489786646,0.11244929151380094,0.9002259487740973,0.5725374710567505,0.035096868372079745,0.15558714121034406
U_4143,0.03025004228311945,0.077504832908152,0.07148171208002807,0.09710778414137056,0.17091420206065083,0.14172793587443755,0.11045476874086455,0.3530631975169384,0.32844854223348446,0.16314201925574945,0.1854401124618254,0.25320715076270633,0.11983442796294264,0.12306434499025443,0.056902566953385025,0.8726355246992179,0.1408698032758646
U_4144,0.3101317301222155,0.7132821025929897,0.2755362203281895,0.05321913857916114,0.05065159880515199,0.6002564449549734,0.0524437360748297,0.10998513782915588,0.04242815475990912,0.08282379649631878,0.05689295449694393,0.04335375872108893,0.12721634198226112,0.7024852373013551,0.35995312559653986,0.028406246860711838,0.1228837347323673
U_4145,0.0332488774618334,0.06482939131073404,0.10708802036041257,0.09779116629865707,0.15642743402987633,0.10776551211629806,0.14795082411764657,0.5397821969858685,0.06281876018005264,0.16229701098308513,0.16253281673284464,0.21438083990998955,0.11390856658811727,0.14872532232172964,0.07119805500218304,0.7439650705349505,0.21625473921210386
U_4146,0.29561658407172353,0.2609130962038504,0.29002407170205685,0.03879004315214964,0.03927547258154966,0.1556753591504478,0.07592785091565749,0.11108364795054235,0.07606649630871593,0.07109378259357964,0.06966510210752529,0.810184095411499,0.17012320505392536,0.17361881130791929,0.26684641387294306,0.037996325176933854,0.12905831690158734
U_4147,0.3525463041306542,0.28454797268730353,0.3188748022246149,0.040549423148708075,0.04552085523138798,0.4612362239011076,0.0777577912443713,0.11724513191034885,0.06511145226849686,0.529716094683929,0.06874927561591068,0.08510070307517517,0.17318474762417646,0.17550639398405427,0.284956843110839,0.04163107064990155,0.13132180433707932
U_4148,0.5592411121011136,0.21210932788904008,0.5429519869549653,0.032896510737147416,0.039564768581137444,0.19937734941430307,0.5553647759743418,0.09662835908107592,0.07047796663189237,0.06674658173827261,0.05470020057180297,0.5223463384725503,0.11534622882834451,0.1362442291219112,0.13162308907263456,0.033022534074994316,0.16068996853256917
U_4149,0.2870578562490599,0.7294674809799203,0.2647603875648826,0.04420003221618123,0.0437226174099516,0.26349770569629305,0.07205969908644067,0.09601972949535828,0.584860851377658,0.052784318654379686,0.046260590322248496,0.045904753051347676,0.14367772533217255,0.1655092217417366,0.28015928712634863,0.03203169762024105,0.15871488394880195
U_4150,0.07253116664110279,0.12367198975712973,0.11234503108469018,0.14101400597947444,0.17154508267155205,0.12039338273171887,0.138339673019565,0.1911075496080646,0.18313360495382963,0.10089268873310756,0.10006451998070374,0.7292998450549939,0.11531598213582119,0.18463872020014138,0.11686539467677656,0.43105668533054076,0.1959329722367919
U_4151,0.26614515058060806,0.2582722825425507,0.3101852817717136,0.04814583410387789,0.05193372557145964,0.25733039552704345,0.08385250313262398,0.10542653409364741,0.593746302008933,0.0567521976059168,0.04695477834632087,0.09522822679923357,0.1217252822989204,0.18941896242094342,0.27155483682531756,0.06095039295105751,0.5169495646093207
U_4152,0.052845952183979666,0.061446058370068,0.09722792151361212,0.11754626585774586,0.27495117631581095,0.4147897484156388,0.3757595162216715,0.13148813699929024,0.3506211040526876,0.2315699251721282,0.0722696716548386,0.06652201923134003,0.07964567002901712,0.0973626822278934,0.08331045842569476,0.7874059031348895,0.13876322414652614
U_4153,0.2787703421381415,0.6007535206604281,0.2524390440778824,0.030957216816165624,0.3232733665051205,0.5805603401686901,0.08231569189860816,0.09896943065291472,0.39515316495751523,0.06821913421623918,0.05396062804834992,0.0731571915017326,0.15359090134093156,0.17473889045389404,0.2309741917865969,0.4506672820161358,0.10637031454413853
U_4154,0.2777737472420097,0.2013878445954676,0.22339525276216432,0.03251480478122923,0.1692225687291192,0.3830396499688824,0.13870745598563053,0.07485631107987119,0.03585230829326352,0.057416821980243116,0.03942889392568419,0.03997645285580474,0.10366437733422734,0.15741871118294756,0.8644262829141298,0.19381180334531806,0.08999672758044065
U_4155,0.36440203955413203,0.28171073294194016,0.33736786757282217,0.03738468177031559,0.03628254161356487,0.30911258325679847,0.07478513899256725,0.6438268138160979,0.054684041778631495,0.07049295990085903,0.062265094991645856,0.09074249492256672,0.12252003761804656,0.20230308015195395,0.2919755745802734,0.032878987056813136,0.6721617857414479
U_4156,0.3126963314226014,0.2786322442044916,0.2861928297308925,0.04430058334334838,0.0441887215020829,0.14660852054964324,0.06644542689813197,0.10922311476893692,0.062338320785683146,0.7947908679137881,0.05612166632449927,0.0690010489282363,0.15060504505385325,0.18264241828873795,0.27461506526982116,0.040193331991297244,0.12029221834359266
U_4157,0.03069633239011839,0.03247283316714976,0.44707429721867087,0.08475199706907618,0.4707128584673581,0.31285673485624127,0.29535010564720554,0.10708329185578448,0.7271718984541882,0.14617922198997968,0.149564635173735,0.1102440472229984,0.07499189072190565,0.0970490379798421,0.025284905182464942,0.5600306612151383,0.14356198707518053
U_4158,0.04119420360589046,0.1478406208389855,0.09281498477721715,0.10280979284966987,0.1399462911997502,0.15392244538214422,0.616530771823687,0.4657607599286345,0.09603448185946073,0.12480359504448564,0.1087195805292513,0.1958566480863446,0.11307807127387644,0.12546082144009796,0.07201038101334045,0.4950971781386495,0.15875036597280417
U_4159,0.26678224434234854,0.23169307546905688,0.23726659295605845,0.02817085719152584,0.0323736234659094,0.47444453919259094,0.04311927209065746,0.08494767268372941,0.0272597834933465,0.04699857799087255,0.03958956880725303,0.052743104302862505,0.10279870853191925,0.6824267118267275,0.5748740209435088,0.17435843971144183,0.16951225688619592
U_4160,0.21737792023741798,0.27365330912777525,0.2500095239829355,0.05797497866005866,0.05127303520748586,0.21402142237637234,0.11328291110963327,0.5477304574105822,0.17621277041597544,0.06877075813291227,0.07241144944047101,0.07914331588291197,0.15603104704883844,0.16141166168310542,0.10777550879106425,0.022122670550259307,0.7050469660780365
U_4161,0.2534989948222349,0.7785315844787866,0.271244135605324,0.03610142173497723,0.03685491187514578,0.1977578135157344,0.047678586463167937,0.09202743334614223,0.033455380933505176,0.04679811737472826,0.05618979591289192,0.03538622817382273,0.1291506040279554,0.7079920561841162,0.5707653981551666,0.03202483828641936,0.15341043170217425
U_4162,0.2725736099613634,0.32231089412450326,0.3354010864464011,0.06550310837580545,0.07094270910230663,0.22974764169598227,0.09211837595725395,0.12990054345835128,0.15473758696000167,0.06099424281491829,0.08188828606139512,0.056648268892695225,0.14324091321179075,0.1833568960333499,0.15691177757581928,0.047878642981004284,0.7540376730826266
U_4163,0.2961510895225485,0.24645968725647419,0.2622119379807194,0.02756689851380853,0.02985205613465826,0.13661043956484648,0.057465937830208674,0.08487007510083931,0.13786558094905108,0.06418922908874906,0.04916874256324591,0.05705704391190856,0.08207486746072908,0.6149784378961103,0.611086428263802,0.2629093236103217,0.1103879784487509
U_4164,0.33405209952181847,0.2862090882745313,0.2706693008009864,0.04374224008604452,0.046118941449118385,0.13811890689387965,0.4268392715779355,0.11468966011959977,0.05583342740266272,0.05476862765191872,0.06322859028720407,0.7238856884648522,0.16898985043089312,0.16986305463998885,0.308962129843994,0.0488091416056768,0.09669296241742413
U_4165,0.4662217570913081,0.31110326054503823,0.29754203307797894,0.059116089131373534,0.04280556175147146,0.1598605783520904,0.07436713534180586,0.12320606393648498,0.06061274405305977,0.07794145271976456,0.08963236474003586,0.6780067963754852,0.15148506915488563,0.2229810494989615,0.25236805218960134,0.04475110798069282,0.1557514069577542
U_4166,0.24632870374405552,0.2569866809145504,0.7389278490138982,0.0594972209972046,0.05905947957739607,0.2614756481618023,0.10155877713298196,0.11586712473296645,0.07877510094380288,0.07328889833747061,0.05790114617373609,0.05930329666554879,0.13183571278328762,0.17526418946581618,0.26015079501975164,0.0423609564161945,0.46165324045161577
U_4167,0.22840055282911825,0.22270353515832297,0.289031145701136,0.08094782925325733,0.07159569437724278,0.26200762398286426,0.146893197014951,0.1305869519565875,0.6692663214847896,0.04264105092748115,0.07519475107904458,0.05574544628792865,0.1755436127998119,0.21598272087859516,0.1482062739076539,0.024630333207376755,0.6897943081007707
U_4168,0.1079055133295932,0.16865640474867827,0.15351566033999134,0.08588769279175724,0.1000516322606291,0.18230097721778568,0.16084281852075172,0.1573152317525304,0.5683318657670653,0.07020674102798409,0.06849635832252021,0.920992152616718,0.17060593044465647,0.16495328253299718,0.06996642184818411,0.042290223158670044,0.15036894031030645
U_4169,0.370822994570379,0.3019991848975869,0.30453687993556716,0.05700845444006024,0.06618233741643885,0.26338957500952237,0.09915372829865436,0.7815529537816944,0.08761599417798477,0.10775106789288269,0.07410665524346823,0.08771819623543026,0.19438340410026142,0.21242584801655048,0.22336392122375467,0.03005049699520032,0.29486713771174866
U_4170,0.22513996327486158,0.5364008782491342,0.2589071524603125,0.05516745374358298,0.051286372144208836,0.16810819824304588,0.14764751398844012,0.11179685859522538,0.5549506717257071,0.22534726351881265,0.04648190012742859,0.062016116707513516,0.1521595088717376,0.13559013817059762,0.11794091006667141,0.01988917900943089,0.6299065302911598
U_4171,0.3421091705674285,0.6381901108893018,0.9295452987798827,0.05397763007859322,0.047123870632267875,0.1302168498059605,0.06005488780953035,0.08926605519985983,0.05321080182158068,0.06983389198398027,0.05362191421022676,0.062100294043850354,0.15553324508310132,0.16980188394084933,0.2501689218837328,0.04125567155985973,0.10771134867111101
U_4172,0.6029878116847426,0.21982571815475954,0.545848271065238,0.02768640215267263,0.2879128625241608,0.15761096005222147,0.33997781093028384,0.0872849099295246,0.04845563957654875,0.07196589842089092,0.04539438823004381,0.6717354850450811,0.12910892121941364,0.1411362977335364,0.24844929967010937,0.022340176346339537,0.10367216190037276
U_4173,0.11025898598557524,0.10261207557338962,0.7578844953571839,0.06507516586748271,0.38456144382756907,0.16008610960746525,0.17612123095802615,0.12877391490937268,0.40794089632525476,0.07315185465206742,0.07839599477637739,0.39191144829760466,0.16999949829853425,0.15826619266574193,0.06649699339619337,0.022540059119157203,0.12055281519163133
U_4174,0.24009202752139097,0.21655134527879594,0.7047099713071078,0.036937526049079086,0.03789355221209107,0.8442688235083003,0.0788457954714646,0.11246604795324044,0.033081604323567576,0.053445118310909326,0.03996305148180828,0.04395241137439124,0.13035100195045893,0.15323780421897304,0.25199241298992703,0.027962144785158037,0.37472793834490353
U_4175,0.3149308404779193,0.3244139693476119,0.28405526264490666,0.05204057497865355,0.08222023792117952,0.18876012612943424,0.11327723596200681,0.6320143471402311,0.20839803119167152,0.09064176516606756,0.08374836311464784,0.08245961457932821,0.21583698905971138,0.18684133484854465,0.2181278105987599,0.03949942770751067,0.22211354425021684
U_4176,0.23092984032575958,0.2119555787073215,0.6888772201857922,0.021243959683784945,0.0969308349965662,0.23352384771694132,0.20157746117057207,0.1979152947852556,0.5381596554144609,0.0385490041312815,0.02662323062144077,0.05410492912066031,0.08188565463639974,0.12211385060653522,0.20028208602903952,0.017125059620361423,0.5924483000504616
U_4177,0.07573051596526122,0.25161984123214554,0.2454322330633346,0.06384357881768335,0.09539675481282069,0.18516029837181686,0.6648510536019474,0.12303780870394167,0.1724613930794798,0.4973925521741574,0.10679911132959634,0.08292795220263749,0.15501768113301825,0.14084916282061638,0.0758385787791057,0.03940864225111101,0.5523763806590677
U_4178,0.27089644217377074,0.25717690643004804,0.2639711057170009,0.04727424645511846,0.051799204095203236,0.31464918587653185,0.07747204259076422,0.11836117228623799,0.05190845413297496,0.060988984203153906,0.05298031202931386,0.05381177485044546,0.13104990045286824,0.1497305092041721,0.23407916526535893,0.04638452462118529,0.8725706011285849
U_4179,0.2295644187851179,0.20149913064331945,0.8706957471962722,0.038607518247802744,0.035820501283105224,0.24720839769431557,0.07530827504848991,0.3879604666355392,0.2974467288932327,0.06933647607726764,0.05534109877687531,0.05493553040914267,0.12066191994884566,0.1478202335447978,0.1958909013329997,0.031240824214425353,0.6160644934109695
U_4180,0.42323723767585186,0.22252459942351654,0.5581633542133626,0.03858055615247683,0.057144265180950476,0.23820092520872949,0.07831436151852773,0.09564107698833521,0.1269661604804958,0.06473109811424535,0.07481249798237757,0.3079926558291844,0.15585129493599786,0.12817706989681676,0.1366707721553392,0.02353598316282813,0.1500332009714455
U_4181,0.21136604711882157,0.3109470184586769,0.2333078476760906,0.16810446812913182,0.059972093155238514,0.1822286464162651,0.0746572814784355,0.13090852760088684,0.7445165040602979,0.042846282911487135,0.07656687092518547,0.05874708680812323,0.16250851709947906,0.172445547823824,0.10526903880635015,0.028271482755525282,0.617933282636657
U_4182,0.3814043075568252,0.3452202128456775,0.29154764439065206,0.04403534557475983,0.042427140567890924,0.25508765705673714,0.08018305182175553,0.11720973098697907,0.07181401942987836,0.07368804458497841,0.043854532182279346,0.07025588902531232,0.17937788179868477,0.2030606684057712,0.327543512239218,0.45494612772247933,0.19543549962613394
U_4183,0.2566739308696231,0.23436074457734785,0.30045478709655826,0.06984778262469205,0.07071697613213707,0.2522245188879094,0.14295590959518412,0.14385390618420246,0.8105447641840661,0.055949498017369224,0.06874649787618031,0.08365683480779493,0.17042685928859636,0.200673875627929,0.16915320826748317,0.04737773314697649,0.2017616689589506
U_4184,0.26331484208562883,0.2371945291524299,0.24832468671795804,0.034774080271879754,0.04500811995772405,0.2136669787822731,0.38833379171782656,0.11912578893696729,0.1203263222897419,0.6688269801418547,0.04451636519413827,0.0669858020306285,0.12261624032370862,0.1576459982179183,0.14628056839873768,0.03472080567153831,0.7584506380411122
U_4185,0.24889353251622903,0.20207121911641007,0.21892998679435588,0.029778581478057543,0.12871847283160093,0.09792406587425437,0.056151601888788275,0.2032134358117485,0.0314884590406544,0.2226869298046244,0.0458982827342516,0.33273976958890644,0.11853817683730178,0.5897873238279967,0.6656254058998756,0.08076120639230419,0.08967257150551627
U_4186,0.26571978470173196,0.28426416473177585,0.30129349472969147,0.03580374185430574,0.056552886707614484,0.27063654174275037,0.08939745305698703,0.1158736410911721,0.04285850984391442,0.06226143073867284,0.05589502840673777,0.10209600891262305,0.12162355651030463,0.18999451680524515,0.25582163856685985,0.4639915531679718,0.7863066099992857
U_4187,0.048926112995287804,0.6146975433100506,0.7526564706642835,0.07913586066705647,0.2767521616008713,0.41214979615952557,0.1454892977327775,0.11649575758945509,0.15263884759929328,0.28369287686451267,0.0917204561581752,0.538474633110235,0.1441850455182257,0.1615618404770517,0.06468609340925932,0.026406651851887435,0.11667854207347511
U_4188,0.017945131140874877,0.04854213794340534,0.0791655086614326,0.06863726200962134,0.4309526400513135,0.4109403723353746,0.1162301895189672,0.11702256700304986,0.08014666725175051,0.13519611303194523,0.13290129620215635,0.7932207304672754,0.06501768813665931,0.10952558510091584,0.03137724618801112,0.7000200583160004,0.11887987602059875
U_4189,0.33390796365313347,0.3031655734760319,0.8605474055222245,0.0502811898053732,0.05426042439882624,0.16038896915529688,0.07412309146216897,0.10819890876512228,0.06496400441792137,0.07128584320521994,0.0913600447293461,0.06750225526750733,0.16802976696345864,0.1939006363084368,0.32059719486409777,0.05724353768989099,0.12465003675646158
U_4190,0.3001488309454038,0.27509481417832216,0.33798688904811386,0.04344295394754688,0.06008258155062622,0.1869079838963545,0.0681567770236543,0.14771528541642448,0.06141419977911627,0.07625875676602957,0.05876334884772851,0.05991147006269429,0.15721932483063833,0.1879942927478981,0.4724796585178671,0.07186874941695094,0.14205339939752645
U_4191,0.2721804174580239,0.21745359016492966,0.3254592255032109,0.06082741617675378,0.09392098917595942,0.26732687365808067,0.17529138188435814,0.12921607569782756,0.5810834747251319,0.05207594224038899,0.0432078027643262,0.10175419229390989,0.15693068470142768,0.1851938503945014,0.15046207986940052,0.048298342766221865,0.5749614605344079
U_4192,0.36835060008195725,0.2823452050134942,0.9542413641403958,0.056861590249099314,0.060058604583464924,0.15232906570473315,0.07663112497769307,0.09762988735416075,0.059983515948798985,0.06570522916480767,0.08609052694075814,0.07066952101941995,0.2106132889489343,0.19742487433666817,0.3009174253980267,0.05479834685897747,0.1682797024135516
U_4193,0.22069557666127101,0.19734434705846604,0.2440076200187489,0.07461890308796697,0.09487089580579869,0.9113712109361981,0.16268926198138245,0.1407988840106609,0.07331042361476206,0.0583033603852568,0.055611358754425036,0.5692775383062094,0.17810795934554607,0.20681867747579613,0.12289724654788027,0.030173981782059232,0.14750552331463396
U_4194,0.281305673762153,0.25774236840670467,0.26492957263956324,0.0444115241531708,0.031229487953181506,0.19726279093876098,0.041544358354870095,0.09119038816785191,0.040400868540316895,0.04331070398798324,0.0443402440871904,0.425095410145423,0.14020039338308332,0.7078001320257645,0.6300582401766767,0.0360109676393959,0.1745840085848509
U_4195,0.4080986934195095,0.4438955359962496,0.3157349911661187,0.05688299546737869,0.040747655878549865,0.16591984693587888,0.07261203078328338,0.13547597214864188,0.06149367636773321,0.6580368066072781,0.07931108805029581,0.06703313976982947,0.1532129174355847,0.2163922861832987,0.2752132107892121,0.05617583509969873,0.14507269424544741
U_4196,0.03791996964248766,0.0806748775836556,0.12247157585395689,0.12212337327534135,0.21097710172503503,0.27359054078550726,0.15725500973360376,0.1901062284536041,0.10308886087136662,0.2782764749068434,0.2813953819313963,0.2548133481394783,0.15111971110780162,0.18878922331812,0.07201465736331086,0.5046025942702439,0.25531426592080353
U_4197,0.19146341947998347,0.34693564990312653,0.5761861725195965,0.028121098239598283,0.07896468875770127,0.18733097577441285,0.04835303177924505,0.08517304277550229,0.6633587888961003,0.11512654365036214,0.030868122017829687,0.04503961199938005,0.09724785633399408,0.11064942002575641,0.20283879793221,0.12235272874110922,0.7505294592374259
U_4198,0.13925157201692745,0.13316658848883917,0.251435107610526,0.08952133951275114,0.12031322188930954,0.2633990813463474,0.14956702499485747,0.1592769751619848,0.8676894037085581,0.07133495122505479,0.09295563219690924,0.6366886202624351,0.18380676522445605,0.20890118330325802,0.09868634342370684,0.0415988721422025,0.16580001445437398
U_4199,0.1993566503648635,0.22498280845058466,0.4792908272909224,0.024693925704421964,0.012629921535887191,0.4020067517266098,0.03905051976349232,0.1938322858150622,0.31948640856893684,0.08613435210239398,0.03913049660894827,0.019206822167260572,0.0816379933345492,0.7237240208080429,0.7894451404758607,0.005315110674721412,0.08134077002109516
U_4200,0.175962087862579,0.20195899761140854,0.18593926815675524,0.039341434250818874,0.03987934645724148,0.8289171447970609,0.39744102016103944,0.09580320365944581,0.6616806080246015,0.05544394332511579,0.055227932939780774,0.4979078423203738,0.1522666092282336,0.15538419608836784,0.08644281953449912,0.0381225708998255,0.11940508764609568
U_4201,0.6424947447510551,0.41489790980518365,0.3672694435770949,0.0793699654737477,0.0632642885792054,0.2934248780351379,0.07441077720784806,0.11230150839448758,0.04154682855082844,0.05903045549068275,0.06281596140903252,0.07585157293567059,0.2062201105667153,0.2171766468487002,0.4339571172228346,0.052266103476765434,0.20969301024620324
U_4202,0.28761605973361337,0.24127852081343126,0.2928144535133726,0.02955788927715263,0.04729400021078879,0.5094408346137534,0.2018012078813026,0.1167661214625715,0.054533119937800925,0.05863101927436546,0.04936586130395619,0.7074575337727662,0.13745632882477904,0.16042710758562773,0.26697532551561587,0.047616867430211596,0.11937955238059544
U_4203,0.06417662593730376,0.2305593045832019,0.14619974427498358,0.13333468847173152,0.15048982084657028,0.9261672715061655,0.19735276960585002,0.14676843060089706,0.22977022585445908,0.09272424752645361,0.106766887610878,0.08489122065742277,0.24437841467523727,0.21150366610614776,0.08303677435092877,0.04452330598099817,0.1534947460110459
U_4204,0.030009783182834374,0.05511271934491322,0.11341789573105927,0.10681624495530538,0.19703086693141236,0.7306023696286966,0.12318736932807116,0.16064420912370433,0.09959466620220667,0.20723480241745437,0.2096882532915564,0.19625037164794212,0.13983990762894552,0.17962223169596947,0.05610071190453023,0.5144154383861843,0.19657204158364855
U_4205,0.36020944338071315,0.28676649299598567,0.3244825410111265,0.03910724579183037,0.07208395116800767,0.30333898541144155,0.702386275670708,0.10869656732836809,0.06744602436373569,0.07243074614246739,0.06369979441169812,0.09036628104541841,0.17734960381163264,0.19158761184128803,0.32274461537495414,0.049419728086674386,0.17018739486494447
U_4206,0.2259621362831649,0.19720765728420342,0.17337992892086218,0.02704899739101127,0.023175068819347347,0.2690277617361791,0.0655423715066029,0.10784698522594642,0.5608705137844687,0.2337329034374421,0.042902238641838335,0.340908290406264,0.12263544400704754,0.1307887442599241,0.19145711984016223,0.3042790638362535,0.8171554157918186
U_4207,0.2072673728547561,0.24485994771211966,0.6219880370654888,0.045386956247561824,0.04614223597287897,0.31153735104585434,0.07812095204558062,0.1301350982278679,0.06763929171933121,0.05211117656068198,0.05718000381483933,0.0717437881932243,0.15205218725540204,0.15941755120888176,0.1580062292443625,0.4917325853423534,0.4550861025926949
U_4208,0.3063739638833129,0.25730686618977977,0.5597873818490176,0.0488861690842316,0.046568602375262974,0.6113435699104134,0.06492919434856773,0.6090514121917906,0.04890507166060308,0.2911727727231126,0.05445829900958823,0.07937995378525588,0.1478147751921765,0.18314039723069703,0.22658693834744026,0.02805403427163785,0.10145472987812876
U_4209,0.09274502770217205,0.2542180034261185,0.832780487220227,0.07408624047072737,0.09922469172427364,0.15711368253174357,0.14265640856037387,0.13904284888391796,0.2585378542904116,0.07396918015578288,0.09054669344575114,0.4634126318480113,0.1600245380583709,0.17662736723554479,0.0749113597898416,0.04132663689940674,0.14111341995992022
U_4210,0.2695114403684503,0.2597826394431875,0.29034406708823557,0.05419560773791916,0.05910495012188476,0.29616380766280337,0.6083793034339968,0.5362666771469605,0.0630775301262548,0.06532308407019427,0.048576951305239965,0.07394085853748861,0.14996112385193042,0.18294224867339662,0.15335245817366022,0.02310518473668867,0.5180072453896176
U_4211,0.5213871390012215,0.54015745277137,0.49255787297172005,0.035905668393324694,0.06644344944184358,0.4317204644824469,0.10659487401019369,0.15544049789186104,0.07926733518725691,0.08748455828274135,0.06541498065717216,0.07248865112867264,0.21112890276148993,0.28648619975674305,0.36030543210274957,0.08355945674734815,0.22257175204056104
U_4212,0.05622972487110099,0.1177173441641418,0.1135467178991792,0.09720970809075727,0.1363039582966288,0.9730810911711761,0.17398576842729135,0.1463138892341022,0.18941161075847862,0.13009453036738727,0.13321037929296853,0.09961693613939991,0.15985185350010267,0.172818785400826,0.07976780322338066,0.05207746712990961,0.15174400595198972
U_4213,0.46230918350085326,0.4448588049701895,0.5102332670988902,0.0785077080560205,0.07859061929356004,0.3414168600752339,0.10639953192988283,0.17010546178951572,0.0681000560775122,0.09963403849143765,0.10272205769468444,0.08015637280189897,0.20472832806392743,0.2643312485772453,0.3849187947732816,0.03928552458531629,0.22145900676771618
U_4214,0.21185752051031823,0.19049852580725335,0.883523101479443,0.03375904696976047,0.022815007128113643,0.24909527873436144,0.21408426279451837,0.2149624318129728,0.318128480850939,0.04033212427415522,0.056204166230498974,0.20312665965339494,0.1156108217840898,0.13570393481388723,0.14147829944389323,0.05754066412747993,0.2394533845377426
U_4215,0.2630391821314983,0.2569965529521576,0.2896392916444182,0.03621662449052465,0.036678274921075615,0.2118955228571101,0.05930524702682981,0.0965896291745324,0.04162862512695673,0.04911882776841606,0.05332149031450206,0.040092609074253355,0.13364358936011617,0.8052934531983119,0.5697437639950756,0.033703532039577794,0.19287266279617965
U_4216,0.2265711532110267,0.332215908524612,0.18289258437829276,0.0773509499283952,0.05827972043740936,0.23108826256922074,0.09557381718818667,0.14939899187191755,0.15113479685888567,0.06013589091828049,0.0809071334768579,0.06960882844813834,0.14990697493838145,0.18249833174948754,0.12366444855176364,0.04849698862052787,0.7930927187277848
U_4217,0.16609213995169625,0.20341092489231083,0.9517043039370248,0.10376414812502582,0.11130684544239869,0.22229823568578289,0.14741829693445732,0.12727549800709864,0.19419110590734773,0.0799598010919652,0.09187676109478808,0.0725330152948394,0.20172284711097216,0.19165551410477455,0.11090711371815966,0.04561559884278892,0.16295332151996325
U_4218,0.2786026105894426,0.23044833067973122,0.24747309699477119,0.039017524024706,0.37929092043538515,0.2872830512279124,0.08046031748054314,0.1129844397511999,0.06860192018034164,0.47914101037483686,0.047492507440510055,0.060521871952516,0.12485770752751327,0.15829405836982488,0.23815106388058885,0.03138119288384791,0.7922162949343496
U_4219,0.24575158011977,0.6476848358360725,0.8343828847358923,0.029011746996837017,0.14332030359914721,0.33948514836547394,0.06637459562501836,0.09470386002893746,0.041800357159043317,0.051045307195077674,0.0551377788238212,0.12103270366153018,0.11068771726641126,0.15907822756698786,0.1998799486034977,0.1870112145474522,0.08582262911236847
U_4220,0.3289232583408726,0.2547944696562604,0.3113218520258204,0.04626373508182892,0.054755670688431714,0.8859640490689455,0.07269889372347133,0.11973239653263612,0.05892703176253379,0.06510203364631414,0.08093583226529738,0.07761722892654094,0.21448409149359932,0.19228726022276654,0.3290875926135895,0.0497064668805235,0.14892666550524028
U_4221,0.17165688966671117,0.44214603893545473,0.23247595183104175,0.022300622205510937,0.022858581221677138,0.8039109723549727,0.06762197779326691,0.06974861096227762,0.3722337733142259,0.047892234565985285,0.030721479120339783,0.051578923872314705,0.11976755591985302,0.14110258155844868,0.20958826219909193,0.09953657703305174,0.12137691417754287
U_4222,0.24472076948797067,0.2211552245128991,0.2713083053892802,0.036079691785548096,0.026590436797277642,0.6565207265467593,0.041585212275628,0.0879976901487269,0.02956265409149038,0.04538653938656717,0.04953312346383151,0.029705493603745022,0.13425742341746053,0.7834232562593328,0.5621753899970258,0.03725218339648376,0.15207152355619688
U_4223,0.031014922599886953,0.33590673125584586,0.42792752689831765,0.0919818094294183,0.46671200110254296,0.13233817998757752,0.5513790068455103,0.12449298374936174,0.04997317088133247,0.12190998284747982,0.14794201011570543,0.11912311653448104,0.07150940868979667,0.11172075466730036,0.04151663853579555,0.6701726285559324,0.12715574732588905
U_4224,0.2781121248976461,0.23034823151170902,0.27084949512171347,0.034338836705848294,0.040261438775775225,0.17427015050561803,0.08562107205168648,0.528220312163583,0.47093734886257255,0.26746306720423774,0.05675822010611454,0.4515486101504895,0.13986678518416362,0.15942370777400947,0.2486200929208613,0.0206963251043497,0.47816784589596617
U_4225,0.140223301987285,0.16143504029745037,0.22419125546507804,0.0632095541814216,0.11197506981550481,0.188595226526042,0.1380544271469385,0.41623971825692563,0.8529111407219919,0.08921459761249055,0.08343303412375237,0.09454733472356261,0.155508582603334,0.18023423553742904,0.1079894946185588,0.055014103519634844,0.17755942042012168
U_4226,0.29395833714536923,0.32302731875493795,0.4207243498633493,0.025626656916670366,0.2452833944477615,0.11211100903899587,0.0655413922162678,0.09888233227274709,0.3143525097583501,0.1881707392371646,0.04233956200650626,0.3643806001230247,0.09499226116595733,0.6160007248634547,0.4947587846438982,0.032612472407911985,0.1002042418550855
U_4227,0.31797967959314755,0.2730722440300921,0.2610569422723137,0.035180755263439445,0.03979434157802516,0.12097896678781478,0.5703246502695822,0.10786830250412502,0.04497016880553549,0.05665722147169731,0.04745169519873863,0.046364334040337435,0.15238365157175016,0.7284485804531969,0.2491253778350993,0.3431447662071584,0.11285196543509399
U_4228,0.24437483412422653,0.814853615870349,0.2632279532091001,0.048106737530231494,0.04929332868438545,0.24374178250489714,0.10820641287998227,0.10572417126267611,0.3831516034179657,0.4950157883130847,0.09112954930189571,0.09137589524290074,0.16501924070105978,0.1524484006880064,0.1345825548859611,0.0316761754872346,0.15658373500014586
U_4229,0.03202105342813917,0.0395525022621952,0.10364302835429438,0.07757261128627572,0.1753993184676431,0.8959772242838648,0.14711385134666247,0.14969493240074644,0.11672366811846324,0.23236820392979418,0.226911119589828,0.1809750800780736,0.12221725349898022,0.16230314601037105,0.04890386499561725,0.3642932386173427,0.17761648114470674
U_4230,0.06470920649721212,0.07836859601080025,0.08639635140330344,0.12656198026543575,0.3805164481530742,0.33700371750874025,0.135231864820125,0.1564095373412665,0.052531611114649046,0.4936067471728567,0.07847408801238583,0.3594485928251845,0.06993868214110396,0.11797684790356389,0.09340633169997276,0.3766369062934799,0.14440430506667332
U_4231,0.029606979499393192,0.07612579145940564,0.09061494742570128,0.11319580025310702,0.202642258762751,0.17446767389208212,0.15405692640097712,0.15612193512889144,0.12832486256947095,0.863314394049179,0.2054726919402557,0.176478742864208,0.12091383640837478,0.17888587576529555,0.0669631876090672,0.3693385768430679,0.19351643464541282
U_4232,0.027164461235654164,0.24393148416497462,0.21851859032261226,0.07797286615969616,0.12215158040417146,0.23108048162558795,0.3265814316105137,0.10771700133840957,0.04298922234032433,0.11132196458853941,0.0992777345940011,0.896606821441966,0.06384031843656021,0.06637370041735016,0.017988926731158247,0.4041682121804846,0.08216580663433995
U_4233,0.1564783745113414,0.4487529990375333,0.37286025382023175,0.09543050637346095,0.1333739762153801,0.3831533725987757,0.16718558040308365,0.2068935077045543,0.33717743022883384,0.21342986405588565,0.20350762704551933,0.1617934512686377,0.28186689458705877,0.31441938945233,0.15596630683545054,0.06545788653312165,0.22059062509560606
U_4234,0.16863902356074228,0.1687771474469365,0.21896104736835145,0.06050781859328008,0.06322505265214842,0.22001860542152973,0.13351430030786895,0.12405106572083563,0.8416336463720504,0.06380033068520988,0.07743660689916093,0.05623256542855605,0.14724088834261384,0.15519923568681335,0.07017640695794433,0.0312522322096777,0.3584557567264235
U_4235,0.2480211953747256,0.2917486558768585,0.27387239123732254,0.035783241707377796,0.04815741731029328,0.1858073295953458,0.09610960744224441,0.4331062629285385,0.1583982903055507,0.5754946922884339,0.0716623997400771,0.06904516498520823,0.13345849722642228,0.16082475487538245,0.09118170929960658,0.4411444634113186,0.17161654144700783
U_4236,0.3064055993033963,0.779911436693436,0.24768423754520758,0.0449429840842097,0.03460075976632405,0.24304698898688443,0.08852955971136246,0.09853355415612111,0.058839703574160435,0.06850905803411467,0.048857732985384816,0.6528160938051507,0.16070821138118055,0.18529428853016794,0.28737566326575725,0.04019770574363876,0.1365400065417766
U_4237,0.35884541294082184,0.28411084956835464,0.27589286286506465,0.0633273915565367,0.05530033327911413,0.162522762297434,0.07704047205010564,0.7248602497187595,0.5170813294780983,0.061784368962569884,0.04966871400295341,0.06004693885950613,0.172227678301451,0.1747814400960423,0.2858955335259612,0.03454128964796768,0.15450415299570575
U_4238,0.2990745895612912,0.2782076558119261,0.2988068380568616,0.03468619522263842,0.5069784292511057,0.2833813255060934,0.08020438468979862,0.11093007310057776,0.056894373812767914,0.4557702584954457,0.04423695724837991,0.07498560228063972,0.15464265332314575,0.18539522541056233,0.2859953991590349,0.5410199473487055,0.14133381100139564
U_4239,0.3026849324547175,0.2473917049211501,0.620860159058595,0.049538210934317525,0.42234510364344313,0.16964889442060038,0.08344121567461812,0.61207038376434,0.0581555875210402,0.08404848424927887,0.06261002128639431,0.3328428012651017,0.17013795419257569,0.19741398056773546,0.2572852390612026,0.037979899610056315,0.13154622379227357
U_4240,0.27889291414784767,0.2983459456981678,0.26954012808230593,0.04645940660206587,0.04315712614226121,0.2166805212788866,0.07250082505016656,0.14038138120346524,0.056947685515588625,0.05558571533103814,0.06665159046351979,0.7810678304614403,0.11367131516189254,0.1496465627259609,0.2261687755092771,0.03264170731780329,0.5076565180930186
U_4241,0.03353254177323862,0.059025317649067544,0.1749590381658924,0.10414227591904299,0.19492836185624457,0.16709213574751214,0.16068313558350128,0.1526770805690033,0.8532851451207494,0.2049947488752698,0.2251552939200152,0.2202694994999379,0.13786428404994744,0.1592854734854331,0.06052113454372642,0.36492134534850973,0.20722200320115897
U_4242,0.20225486368999343,0.5950294492468362,0.2723409844269923,0.041234837327190334,0.42483501620919806,0.26796412240420975,0.29674685017212377,0.07897067811529951,0.426151683032029,0.06874808989616202,0.09475774428555883,0.6662584225298022,0.12964824129844005,0.1425629302104666,0.07645431401149991,0.017246843810068014,0.1520875302211868
U_4243,0.23567612349911898,0.2155302379797833,0.24212236208603774,0.07377544813355685,0.09169867267270589,0.25927494822708197,0.1845700686013545,0.14363894139802935,0.743348907474448,0.07581920726277923,0.06353148146239755,0.06359024294336789,0.16191156021088826,0.19210735680733787,0.166470570266736,0.036723133953370034,0.6000622999309382
U_4244,0.37658725770823465,0.3026709935627295,0.30761477832798545,0.032888977530692906,0.03514051677377739,0.16961483712660308,0.08553752409554646,0.11650291628613815,0.052142993394163596,0.07004847219272789,0.05201389489733657,0.06433161146582185,0.14302833792297936,0.1784998486393685,0.3045125569031312,0.731543012976758,0.1532115137270064
U_4245,0.08462033103043404,0.1947990675595748,0.1219589869843252,0.09699875440899493,0.12776694365980276,0.9368715832737893,0.17952268415298844,0.15085489773311828,0.1770091375796853,0.08308824518622912,0.08419035770748426,0.571608409532442,0.19577665962806773,0.22322870693527785,0.095658816650887,0.03459960392807303,0.15753332588530936
U_4246,0.09530477206759028,0.09985272747853993,0.13812094124915697,0.09539032182782853,0.1607905580076413,0.18401404761899742,0.17105107116291965,0.756187009869794,0.2301998931950089,0.10666722247112816,0.11783661491540995,0.7949163494285898,0.19675695325852127,0.21122015470859762,0.09476780894894472,0.05516370019687772,0.19268358785015785
U_4247,0.03523981870100869,0.0819638731289752,0.821155865177877,0.11460202031297503,0.1695682799383262,0.14456155651286778,0.1439106009147707,0.1461755973764001,0.5637629164407827,0.1689134874066927,0.1831107909850579,0.199217294907694,0.1295433001317089,0.14184209088471644,0.05503346407065246,0.29714304446312806,0.18256477700769688
U_4248,0.13130215670829398,0.14106360331144874,0.3599627220009183,0.02550654222717043,0.04575089584634174,0.7763625474916217,0.2961977101441403,0.07541843341170212,0.5126123125946551,0.035966328652531396,0.03393960374936154,0.062279215795024226,0.11192274908907207,0.11470198193336059,0.060392526011483184,0.1389694842469215,0.4802795950057722
U_4249,0.2383640817931682,0.29420362544974116,0.35648083627139315,0.10732374652578255,0.12280827983989964,0.4169915985426762,0.2006114996166534,0.2362588903857537,0.22292043118856952,0.11571581805310543,0.12645032632104164,0.1001127146750901,0.22746146507363169,0.2559890822280918,0.15454448266578813,0.051590272609047555,0.22499157854899177
U_4250,0.2874272769989279,0.2562460248236136,0.27272482176248225,0.04403934409358062,0.03313974828221118,0.125220807448495,0.041884490423268375,0.08518229456737975,0.5150043186848439,0.048509216140830626,0.05303265133032216,0.04064321576021632,0.1464745079724039,0.719007259162301,0.6134799019380591,0.03292926626859342,0.1620911355240992
U_4251,0.05123308663659716,0.3866697008698987,0.12484953759263424,0.08029906540705727,0.4244589568515018,0.8348233009993214,0.17215699338024457,0.11628788247260374,0.17017929840688306,0.351696038822613,0.07348355012820809,0.3161734872965343,0.1589083475570123,0.16558923382722146,0.03973252084255165,0.039621201049247164,0.12903524598128147
U_4252,0.217520851016775,0.1960377224584623,0.2660062420784681,0.0242012270717892,0.049682959194583085,0.16138046429292965,0.08473508518059046,0.3173817882162536,0.6824269157911389,0.08150143526077416,0.0626413215979087,0.10850632461450593,0.11245343283566661,0.15550478955163324,0.18775065186271192,0.3013398839506275,0.6406665057938636
U_4253,0.3212978776086206,0.27014427717554945,0.3188787456227866,0.026372030576640886,0.05732108589535516,0.30317761802881954,0.08023850436986227,0.12439071249328693,0.5589766790636794,0.08032633326327164,0.0703675169699767,0.08946952353961894,0.1684245040804074,0.19556887529520395,0.323829124344547,0.0617618135042534,0.16266049735373633
U_4254,0.17516015492085363,0.15210554926744244,0.20681303390349087,0.06356369865042574,0.06674574503824864,0.8940210693364681,0.3850241353229423,0.12818656189525623,0.3524121058359049,0.06526045228794991,0.06240867761408056,0.07454599840244688,0.14886380194826965,0.1339786184863004,0.07536692152709722,0.02528031691757325,0.39468354386254867
U_4255,0.2610645580198943,0.1992029165417541,0.2699797415195286,0.08894398234965607,0.08787291473984989,0.31922462070616636,0.13313112755197898,0.15717953827463266,0.8795644601701655,0.10371080318639997,0.08455308294744382,0.08957034689176546,0.18133021841880365,0.19578182053956183,0.12025818162121907,0.0490511214566658,0.22534830083901775
U_4256,0.04653147132667501,0.05550550666803639,0.07520164435864475,0.0925353735258469,0.12782317480175553,0.7770826997840309,0.12443409413820905,0.289014014528707,0.3204389032177263,0.2111098451936956,0.20484884914230306,0.4130237309360907,0.0842944364893553,0.1135361628287338,0.03196475419494636,0.31049523432552445,0.16051534010661414
U_4257,0.18958094382108476,0.22919459098392658,0.2081736459104937,0.09425672854816282,0.11521711426936318,0.23114344556224883,0.21090602482382914,0.17686547907092232,0.22284325860827037,0.07212130918024742,0.07429182580835411,0.732504015210713,0.2034132337487051,0.23023769533045058,0.10962899083417765,0.04206357698186865,0.18608376922491876
U_4258,0.05496434184213846,0.11988233174393208,0.6072978806078624,0.026846035362075464,0.046232329749142216,0.4792886673076219,0.12736461962290727,0.07698475942873721,0.2724233275600599,0.18777212335077684,0.044286383987796614,0.7202625143397119,0.11819760231794595,0.10880187817103387,0.05419620059586858,0.3140466110716919,0.11400977244806489
U_4259,0.06744614591889511,0.17610635828021776,0.9156894937465769,0.11285323456295275,0.09726837436476679,0.1993367674711773,0.1625719986266965,0.49818981911495064,0.19504861219117253,0.08299468830340564,0.06238989196233623,0.3798948087965322,0.15665533000553117,0.1709602475791745,0.059588299190310626,0.042735602818730664,0.14623810020987055
U_4260,0.3832682300887833,0.6732381986341414,0.320350036559245,0.03374573186651708,0.044185640944302745,0.1556586860063259,0.5874022834382867,0.1414428724423118,0.08231424897607463,0.07493600626120125,0.0630944711535523,0.10226247607722133,0.16844551542889524,0.17974771566870898,0.29689601813230665,0.04125936709893003,0.122025214706455
U_4261,0.24760265751925228,0.19500048405926318,0.2481142155560627,0.021969198769368224,0.04418454638852931,0.1989777693961117,0.04989151987432883,0.0962600555255543,0.31429670150901967,0.05451677967042913,0.04267777787062604,0.5840477724577662,0.11889220230219216,0.5820181042536853,0.7827836416573322,0.027382450775708733,0.12614952126204348
U_4262,0.029754027452675604,0.2244446027761984,0.3460055806073317,0.08613098306231912,0.13290620491393607,0.3652577998615685,0.12108254931473014,0.12170448034321504,0.0900563347594889,0.14579167906949275,0.14903552458475458,0.7689510626314546,0.09464442240428347,0.11530080539563248,0.027807758906723195,0.28212713339572437,0.12016067964405866
U_4263,0.5192965500085531,0.1883429231877224,0.6881897862020631,0.027663647058533698,0.038536358766386385,0.2685925315514138,0.3932535190161346,0.10177694096320873,0.4110199234059053,0.10830720854480609,0.05301446027604272,0.3490628069171867,0.12048502695134472,0.1542861505857082,0.2717938602565908,0.02989547184091687,0.12755733695853597
U_4264,0.20328743745240602,0.01591246527431874,0.34559971528679956,0.05204615519679132,0.4602540963823378,0.8661637377880513,0.5973163439551555,0.08255930339417361,0.0614116311802755,0.08820739583099588,0.10232322788379543,0.4029995579253036,0.07344524669838172,0.08691982994240091,0.0158210611829806,0.2903816308888133,0.09197002302192876
U_4265,0.3366971542154273,0.2719554841130438,0.8565711286243922,0.04361606847620348,0.04645270391914816,0.1427698349665953,0.06659833477836027,0.09319508807480392,0.06389003661006888,0.06299349798220025,0.0705548789808948,0.43677975676068964,0.13733983567488062,0.155432896994405,0.29428508098426864,0.03547420003909036,0.10370468669913749
U_4266,0.2856097234313798,0.26561353284316186,0.26804817154247795,0.02740312263503301,0.046453294412941375,0.47081634586255783,0.10515376659051193,0.1183442846376068,0.06692004340741285,0.29459398103537754,0.05140371223950798,0.0795010691183734,0.14568280494504282,0.18635726839109443,0.26736120007558595,0.39403988392471745,0.6302175037858324
U_4267,0.1122969963891944,0.3145749993329381,0.21634991033467427,0.07803069106429812,0.09973330594678328,0.1974596761288795,0.1410963269658497,0.13559600899278762,0.9427261938206619,0.07919721713478942,0.08857102406040886,0.09590488080479745,0.24528172453068076,0.19250224880062727,0.09911765408404719,0.05448955073326894,0.16607733991892842
U_4268,0.42519455251658983,0.3397352443162214,0.3222846099109505,0.05406033450498149,0.05675194443442802,0.1994823322865154,0.7901369130311986,0.09822161186825357,0.06973436819391235,0.06744109329351727,0.06802988389295168,0.08103543182934925,0.17281388856269442,0.19005011042145312,0.32476418142506336,0.04749398741483292,0.1605689982105607
U_4269,0.11386230108362208,0.21212348198792103,0.6225788781425329,0.03704162886641449,0.047243373643977564,0.18102116032538895,0.10928427116021752,0.4276697654610476,0.37793242103909275,0.056108155957541525,0.053934427776774554,0.3323221391468178,0.1496113306047945,0.15747793885594166,0.08783874541700223,0.34378630191417814,0.11316655192247323
U_4270,0.059757120466242625,0.09453048877501066,0.17709856319051404,0.10040561095123204,0.16657892486107578,0.12317945251557813,0.13295882224051472,0.15746249879025187,0.06622351628785711,0.16915211347756884,0.1662445010345487,0.20027383677197372,0.12645147888706865,0.1447128156639887,0.08135109624826835,0.9092973421357894,0.15824626372254041
U_4271,0.22977083639446386,0.28261643192802033,0.6436948451231157,0.02605322377020654,0.14312833016231205,0.3984030114375873,0.05944964237269841,0.17737411479969822,0.058000936410505174,0.04013911557961597,0.027284530431806536,0.03419742816415701,0.09432318790896782,0.8132879394762833,0.48133487518789425,0.077017693645588,0.07342707921462995
U_4272,0.28510788971273016,0.5848702141837667,0.26935231448590935,0.03585210352338783,0.04547309205156531,0.21710436518224302,0.052972996104374455,0.09046185510466434,0.03159677390080107,0.04862615455728076,0.04840239825771881,0.03491878675390555,0.1348121972755399,0.7000709245019494,0.6430637918654946,0.03551929204903718,0.1659779366004987
U_4273,0.03441558820800816,0.06674397202036254,0.09993696086305334,0.07300396096344018,0.1496625124387394,0.7237796243451948,0.1207398608877584,0.1609136798590586,0.12202789789443359,0.1846676249235864,0.17710514032582356,0.26043603264802395,0.13935689446302163,0.15976204472874342,0.08329095764004463,0.5659118483612051,0.1818588197719736
U_4274,0.22360990138073344,0.8454771995333759,0.2768784687020678,0.061182334212361855,0.060967359093801146,0.2480829000543584,0.07629920155004513,0.11964480384708334,0.11256140281869631,0.06514409324396025,0.07273231289495768,0.06646877455847652,0.15653636135635218,0.1714278056468636,0.11722876642542616,0.022992289940835846,0.6303088414772646
U_4275,0.2184537911174415,0.13749141788049346,0.7888894332979803,0.04151366100089912,0.12867847174821911,0.7722138085346906,0.18558144620291486,0.09928666254271624,0.14577308209872533,0.06469805353161288,0.08043761816113312,0.06961310129604932,0.13827714842612948,0.1287245009251936,0.09363677893359304,0.018856229278119314,0.12270213484017523
U_4276,0.09186257557590378,0.09857826368337011,0.652774317769012,0.09901964716884386,0.10560248821270486,0.949038097731153,0.14378335283750227,0.14101779600333753,0.14415995482564412,0.07819166525521919,0.05564418811634182,0.36326510041977483,0.17210772132008256,0.16219497069015293,0.07283110798359756,0.042677210194002294,0.1234447735234804
U_4277,0.2781823862407528,0.2592529622061034,0.2748045504402543,0.04766887422276039,0.029513107881392713,0.9446430668735291,0.07697818586167995,0.12230438080221231,0.03609192253664274,0.0645457198429569,0.06562063606627777,0.05433402340497952,0.1500365214172366,0.190172663887625,0.31906866086783053,0.051456405815900726,0.1748802577749788
U_4278,0.4634359298788633,0.0706706614862559,0.45814669374959816,0.11339268120792173,0.11784066077590015,0.07709876346454864,0.18598897790996255,0.11888258465014033,0.5592130181098679,0.04358005582731903,0.059080914512283894,0.42183421550902733,0.07225644966377318,0.08021851859160656,0.11110070342105291,0.43524560500245096,0.15340339089934676
U_4279,0.20694278738240068,0.2182407110513121,0.23053041968071336,0.031050065331229854,0.13248027469723977,0.37905686558622487,0.0754326583141254,0.10664199830694912,0.42636862127048747,0.05913771092348115,0.047791746401057905,0.6598175387167149,0.1271957037467949,0.13913738083111937,0.26219763094089493,0.03930442891055819,0.3186677391195056
U_4280,0.28175967658813933,0.2435806242075913,0.21423406954087093,0.037680002043517444,0.040060689730889804,0.13048818609096785,0.0552793418640597,0.09789132426744801,0.5789916238570583,0.05078232137965866,0.04478079898721576,0.058888933499132705,0.13390175909426622,0.7704028989101555,0.40999176215560107,0.03056360775857869,0.10269049267464306
U_4281,0.04345157033729323,0.13284003535947195,0.09595165400528621,0.09104944692805046,0.16123868344408795,0.16373853107317016,0.5710280026818764,0.15112666971097732,0.08464967806303277,0.13174441986660954,0.12554355368213402,0.19366852453850736,0.11564026328386529,0.12200783896944523,0.06005902459842686,0.8359296815199908,0.1666530518957918
U_4282,0.03240416888698214,0.09227644547499904,0.10309144734834577,0.12447026107541606,0.20055378136902063,0.1281722714202346,0.7768753999167619,0.1362083895498295,0.08421758006815447,0.21091373530890473,0.22402728153005672,0.3894867760865698,0.15685655554193828,0.19910710074081073,0.08081464507222708,0.3228627093986207,0.1900607214319432
U_4283,0.2454735869292003,0.2602887186946299,0.9452541831583661,0.051870231170441955,0.06106282224307627,0.1879288022934848,0.1082262499812866,0.1049170323682708,0.16815420065717804,0.0644498577616318,0.06438204060767361,0.0659655820404438,0.1418880494612876,0.16636246799691662,0.17688312646764853,0.03649605148039999,0.5020995465932206
U_4284,0.24725698587212858,0.21417446204560855,0.5155336080670033,0.035818261297393024,0.03595975062680335,0.10254166900393122,0.04562281716868693,0.08058183965303106,0.1757058099701449,0.0583133855371226,0.04811896631880937,0.030004754074555506,0.11433366836034872,0.4338884994992306,0.8126782347365495,0.02779943739361304,0.11534207474013448
U_4285,0.3128813710923042,0.29010547144884324,0.29662341558012273,0.03970349121590354,0.052711195279035936,0.1816991231574074,0.6737597628680261,0.15278807590056573,0.18837550836906924,0.0980752124960693,0.08052968776112197,0.09304432697494966,0.17605757529607272,0.1816476011547794,0.2458535144621521,0.04544604081425657,0.1735530330065112
U_4286,0.46941606766018124,0.1966672985667052,0.8151208248638158,0.03203785177122278,0.03143011309700253,0.11608376908166479,0.05929188151007005,0.0779956828311867,0.041319667324551036,0.05260329919970033,0.03819149145763352,0.5086229604991043,0.10959175817674105,0.14577850487446528,0.34613136975510844,0.023896233161254134,0.09453946335045381
U_4287,0.21654987945486412,0.32064758289110395,0.2998727273952295,0.06671742317874742,0.06836130633010011,0.31799239084386044,0.08535240639270508,0.12404857706757164,0.12891139502721263,0.06644433907940112,0.08312726676302405,0.06077405745928982,0.1427679373188722,0.1911694810002593,0.15530874462566432,0.033248750782788605,0.7821311120868369
U_4288,0.18134225986044275,0.30147929895510983,0.1913945481854043,0.06789996703675934,0.10167463744602454,0.19091621270710188,0.7238012221350385,0.1492274820001826,0.20623996411851087,0.07250498597828242,0.06613652156911654,0.7185952170587646,0.1757212811222041,0.1953428760488628,0.12071082706379005,0.03944021587620358,0.15067859525761534
U_4289,0.5502093505592698,0.3708664502477144,0.37217714541340396,0.04935176554471972,0.06140073634880641,0.20886586940962074,0.0811976768101424,0.1403484750589733,0.0946230093151718,0.07858634940917343,0.07515887986923862,0.10389215658490036,0.15669399588540078,0.23930152788547945,0.3991650664681926,0.057866343116329544,0.18339162884386584
U_4290,0.21961890317355348,0.22910704959545408,0.8834812744358386,0.04518141203977593,0.04626488330128067,0.20799443084897878,0.09965930967022787,0.10936552219493079,0.11178442282191312,0.06111204321379249,0.05948255844149749,0.06245677947062328,0.11882394762137352,0.16219166019583361,0.2119618827162221,0.0352795856494387,0.5746583917807502
U_4291,0.13086651316460116,0.23195203248510332,0.24537739897920832,0.06377021182460069,0.08274392260918839,0.6444518699689454,0.7506686357740748,0.13875396425216435,0.17561778695587332,0.08514845297066875,0.09428516104304559,0.08248839256895012,0.15343568716435035,0.16598622922669,0.09393686538050218,0.046401546368840085,0.13767460422741615
U_4292,0.2263373274600985,0.4684575634112544,0.5172293912763125,0.031070905202026183,0.08389854031078639,0.25260550931585896,0.12265641412957837,0.13783789638514754,0.13042485220905575,0.052829011319471195,0.04010681091072299,0.18969876637307975,0.08167295027194559,0.792325945382234,0.6941421642457921,0.002766511976855287,0.14235280367712583
U_4293,0.40980568387574756,0.3518832247544204,0.31922771721034593,0.045946344552724894,0.056090257231504306,0.20895739126989119,0.07425285404414492,0.11592166288491224,0.08059563064823871,0.07117836674976095,0.050075054459546235,0.05790355077243242,0.1471326185957389,0.19770130184905474,0.3441635328045737,0.4128548937624926,0.1643911160173916
U_4294,0.3186270611504243,0.23532545983632416,0.8521603239984142,0.0379610021365445,0.033272791942849676,0.28722238969163183,0.06565422645582976,0.09872944516355209,0.05216343795535794,0.05688219080726395,0.049047194816222564,0.07264416956907013,0.10738533924513947,0.1806347455751735,0.2319156870736294,0.02798223407119868,0.6777607913875127
U_4295,0.2781273295363506,0.2956222805057355,0.2516815380818785,0.045403521452056735,0.04925764751331031,0.2671433445658831,0.46146004562269843,0.11285590152703973,0.043920512261496875,0.06512235095406724,0.04936341086262127,0.034194285304177306,0.13464920013905735,0.16859135662551772,0.24287685909604656,0.5064296282884914,0.5489694337793006
U_4296,0.1803302140911132,0.18483432931064542,0.23786802217672162,0.05896636102556764,0.11574367133763117,0.32551784129500283,0.12662254877830972,0.45440654053454865,0.6691960728931298,0.08877067680985136,0.07879965553777944,0.09376488510300704,0.13214130375038055,0.17886447614541862,0.11463127630372362,0.05724193450780501,0.15014659098716582
U_4297,0.23397412579225083,0.24822922999105337,0.2616505234447397,0.04716891848594877,0.07195318543874747,0.23645782696376058,0.2989042519053392,0.4132477983921828,0.7518104891690414,0.07537083196231265,0.07979913750262668,0.0686544133021058,0.18471953203925925,0.16416469957812518,0.15132913467612522,0.028545658170510524,0.1592871248043296
U_4298,0.30367221230386787,0.2927248132622175,0.9924357222003741,0.04911212105232153,0.04263179421958442,0.1666485708318486,0.06577766859465461,0.09797323346528947,0.05182941097318538,0.06395842531041458,0.06982614489303718,0.07284799183033486,0.18373697898046332,0.18194539497652204,0.2742195911427611,0.054576327804642354,0.16257854348229683
U_4299,0.21890016050575645,0.18050357095312292,0.9023035017848724,0.01918940981270128,0.03280566277593802,0.19798477948595275,0.0529488899882948,0.09824765596915669,0.062017485830356066,0.26668419359117845,0.05333330517493042,0.518194943092727,0.14620151524912578,0.13871764347645996,0.2668368874799976,0.18848672267807998,0.08473608544842395
U_4300,0.25709846002862,0.1922328930251514,0.22696905018714764,0.046393411804013567,0.017559394813749497,0.3720459769543881,0.457363772901484,0.10295333709665566,0.5852620064633339,0.044937701254954006,0.025664864358149297,0.5374085161244045,0.12631863034581386,0.15923490669642085,0.24192205452557045,0.08593219755709425,0.09567840675776866
U_4301,0.016151070521312517,0.043585227788966605,0.19560447954421054,0.08876794394802288,0.29537331024820823,0.16179887954381725,0.45516949833938,0.5791263124867141,0.270652678363693,0.1367463840174838,0.1637395582917248,0.34520819227859467,0.09895067852382611,0.11615281113458262,0.04452341252107135,0.2768614865698974,0.12030215746754343
U_4302,0.17982402273501202,0.13080085241727363,0.2099758951877687,0.040723252919739966,0.03652168029602272,0.16295292184027316,0.1391907277932946,0.1011694570720923,0.4465929887734681,0.22165132118561826,0.045278963421854924,0.671637392582154,0.13123200680178693,0.12990468177781056,0.12530209221999283,0.19311618597591684,0.761980087152754
U_4303,0.03656895835875183,0.049323050733013865,0.07698027113914548,0.09661922362422642,0.13533323386729787,0.17375352859818524,0.11570501600878502,0.1313384594350531,0.463903698174283,0.19931062782047215,0.2025828040338719,0.8578246435871121,0.08154244969131141,0.13910163571358458,0.06682661415762375,0.6868147373900031,0.16833781907648332
U_4304,0.48156263209377215,0.4068187351698398,0.3821459783279152,0.048814543757414404,0.05895262148908961,0.2598273274928346,0.09861605537125012,0.12453663253975462,0.044183694376659935,0.0695354191085744,0.06571391451860131,0.09365087668252342,0.20943795883049143,0.23668603189142481,0.4981501812289727,0.05429222084277134,0.20378384417121015
U_4305,0.023574169419508528,0.04625411993919955,0.12202928674112051,0.06617009870584128,0.10263037369946748,0.1252459196245002,0.6097218878396744,0.33103434646270613,0.5986103230087891,0.10794187468641477,0.12817562415449085,0.6636462267769985,0.11844759100899625,0.12489878496990525,0.0688425499528863,0.22770305274864505,0.11496475853541953
U_4306,0.2595478416220726,0.17901193229802717,0.2249688105552266,0.036224677853196136,0.027191427784760337,0.08766318032757699,0.19325260296543106,0.08333083587976019,0.029923227616194162,0.05167180232807029,0.031821056277250605,0.06714954110883273,0.11576959888459526,0.7802670720566655,0.7917592355323715,0.3427651009265106,0.10891746065039695
U_4307,0.032415705467920775,0.04506466189174067,0.14575533252713624,0.08639708021298742,0.14439886565918628,0.8427488637301812,0.12902884139697923,0.4818988588614425,0.30697709865295464,0.11806796081841014,0.10980629305085798,0.22533570347215015,0.12471335078450566,0.16050213379281142,0.08266187031303651,0.3072429260282336,0.14525137038730251
U_4308,0.277077122535469,0.24234858444431856,0.25243746551721136,0.04723008050226467,0.058917640672837335,0.17489118191118516,0.06958067346779151,0.35826091388492287,0.18886182195554582,0.07254891464649389,0.05695782901541044,0.06975422022566044,0.12448322672364709,0.7152515822864363,0.2683787560137155,0.026319999156945835,0.13209480821437308
U_4309,0.3824614113739931,0.28953540560063656,0.3205824656033309,0.03636073776829897,0.0366400556429617,0.2012865278095323,0.06476391408991226,0.10742386264792853,0.06022706839008524,0.4353415128627426,0.056839318889190506,0.08428975219472096,0.17825436134858239,0.16443124705159787,0.2990379819915189,0.5770859647846993,0.14086954338637964
U_4310,0.3264766096893305,0.2722494666197165,0.3156236200513305,0.08551097853327205,0.0820141032359503,0.3657918978711452,0.14634878761312398,0.15492243568532765,0.05657948727633825,0.7366445487434985,0.07707952016826145,0.083588445772057,0.1695656350149658,0.19066283152668329,0.29899091966303737,0.04594598636856113,0.18132845287847907
U_4311,0.29212369868142113,0.2790238819610279,0.29531667482555934,0.04833925561299917,0.041483762734583825,0.1346621499529846,0.04950933862985107,0.10838783909866795,0.043743381991910246,0.061502175280617716,0.058799790819084916,0.06513648569428093,0.13300600265235307,0.7921819568992636,0.5859820168164526,0.06678287988243273,0.18037176669069493
U_4312,0.08431996491527396,0.1259718119304044,0.13156728178351484,0.0960242786143274,0.13492754277985242,0.819315618463718,0.1904049922924322,0.15760070812612065,0.1942417528364353,0.09786888246971606,0.10647686834656594,0.48839567064063705,0.16288378448147342,0.16990579001228495,0.0852568722789174,0.046809057666426776,0.1514446931033065
U_4313,0.2882183963253775,0.24863962359365385,0.8166854622260107,0.03591421195821127,0.040938440659067495,0.21517184732613898,0.0966151136027101,0.10155588467806333,0.07227165061486161,0.06395626827030333,0.053928350390316133,0.06047613442488861,0.12807759739925814,0.18014260484863848,0.22946948591435534,0.04086211729924133,0.6532159650013503
U_4314,0.08873723881815021,0.4568377625404763,0.5716129933241487,0.07229725176243922,0.07101355382921581,0.16144567764341658,0.2932208273952542,0.2908874115932073,0.4122527641700544,0.314661566679464,0.09142842605472415,0.5345903944837254,0.158992866118925,0.14623190292387936,0.08774966201749268,0.004660165226753806,0.11065777524533782
U_4315,0.02546310269118496,0.055739255785551944,0.059979721360934504,0.10750003381348369,0.14394251465425423,0.08455584927825194,0.11611106772473304,0.09882422235366332,0.09791324338308656,0.8305838962080568,0.19451356576517775,0.2833265828877686,0.12580510892272903,0.11984671865671467,0.0645916683836471,0.4945323871747689,0.16334509144811465
U_4316,0.2269399376651561,0.4150670859961564,0.8585429037468197,0.0433457360179007,0.07103994305338862,0.24126008452172032,0.1567181296192403,0.13335041486466345,0.05700895274830806,0.057917711816563626,0.07387822899152457,0.0486501577320093,0.15741598220568792,0.14296101080971235,0.07512829215483523,0.2558382751737295,0.11559006346892357
U_4317,0.4701875765298946,0.20853359060641835,0.5143558128582902,0.03882875030577297,0.03873312185229347,0.11049067711361664,0.3555880464799185,0.3298111838691587,0.03021109186520416,0.06015501593804033,0.040347644224559824,0.30519584178250303,0.11087507091133258,0.5937441822742207,0.6099399846401012,0.01453027693247945,0.10448414055778871
U_4318,0.32792132391913653,0.3126626702464907,0.3383032350526508,0.04351871912304839,0.039970280997350636,0.2760591535983252,0.10059576659483298,0.13904115735800457,0.7131216485601677,0.06887510635803874,0.06524706581191375,0.07480436806621224,0.14337969238072865,0.1886042529209365,0.30192552609271556,0.07307883112048182,0.19662443423341294
U_4319,0.31582140592964253,0.2510824426384,0.29104536013021537,0.04168033145384807,0.037350696140700926,0.22253818825792407,0.06632941757362186,0.10507792233434181,0.6797881872528158,0.07350963480947315,0.05765895939294776,0.04638740932171823,0.13499448855046847,0.17339547440340233,0.2661894114196196,0.38955964958620926,0.15009429139217148
U_4320,0.2073017293246559,0.48088785452786686,0.520261171226704,0.09265234023214282,0.12655346608668108,0.39505534231767414,0.15406935986993484,0.1876220908518819,0.3131091122491912,0.12460416244314812,0.12358956091067469,0.24404649526355193,0.20511768918525058,0.3071152002483536,0.18317480559643162,0.05132900172364177,0.22415160328947503
U_4321,0.30585482444713386,0.2656364536291966,0.25662104569367694,0.042216084803228124,0.03424605723903645,0.2228957361858845,0.05474903082191546,0.0984766691487966,0.08053153757730641,0.05025150907791737,0.052638224201109314,0.0563016677408292,0.13646323330187074,0.8194142237646118,0.5839180668083552,0.034505173670575276,0.17919247109985786
U_4322,0.07705115876491828,0.09316512404677588,0.10692578117265351,0.11674599560433031,0.19467681862002045,0.11589589994020552,0.6405356369513665,0.14487315643690585,0.07127970030328498,0.07786420149401765,0.08368132507853128,0.0710487952831519,0.10012065902194937,0.14086159230713094,0.10666487014569288,0.3696645905149534,0.8535949702820622
U_4323,0.2555239318973893,0.19054563515516137,0.9088000577597889,0.0428669942155025,0.04094464105761139,0.12399044344369874,0.07319470342282913,0.33570284838570186,0.439182094980478,0.056483619030702974,0.05534231051994638,0.292651184711039,0.12799226232371264,0.14566825557790197,0.25381914587663235,0.012646579610564408,0.07379986190117459
U_4324,0.06535558954527129,0.10427885016202446,0.1643118817202431,0.11415509052404894,0.20292131039120556,0.17127785170546853,0.1495799689732409,0.1869171233614764,0.12240997174799978,0.20622001469122536,0.16709652960315885,0.30349430946948114,0.17743148644320883,0.2487510728714414,0.12479237505291818,0.6630220741719791,0.24315758068708504
U_4325,0.050152060344432,0.048289205101422344,0.7973506513485955,0.08557351626601076,0.13831215041139086,0.15337016382673796,0.38919102702698327,0.4246662307665716,0.10834610842697028,0.14868861357903415,0.15307614899350083,0.17300408963305183,0.10056439841981135,0.12251003903307114,0.051464113461623086,0.25658140366030235,0.13220873534991195
U_4326,0.014887295496329918,0.46031902536601976,0.09618206714663066,0.0969208025946128,0.36779627775825785,0.09256103745837863,0.23065783000959175,0.14370896858858817,0.08887349006632951,0.5994339375662979,0.18206158041742798,0.6314834250633986,0.1123506879654474,0.107967761185507,0.04219994622532567,0.21773281876649947,0.12088062957585467
U_4327,0.07315544468433823,0.11378127832847959,0.12006608292400706,0.11114321349006914,0.1770103160193811,0.11145918936461244,0.11536778352014418,0.15770482154759974,0.7395730851522737,0.09065217978936108,0.0893518722307556,0.071254172483822,0.09936692987548605,0.13351397472228146,0.1283809920174432,0.3556665075908184,0.4662372511593104
U_4328,0.033191826543129244,0.04205102466252542,0.10119988969002315,0.10057826422147725,0.43427618928617767,0.07981927099839123,0.10918052496925719,0.14735078975230492,0.06123383185878904,0.48030304348305897,0.16692098285505952,0.4968189149222567,0.10464398744066011,0.1265989300468566,0.057160219653299,0.9146148380719088,0.1778036797615375
U_4329,0.24461001803648297,0.22481143688391714,0.1740796661842203,0.03310368357413537,0.02763208059380562,0.6072698407675385,0.3735314305930394,0.10881171500828055,0.24334573377491434,0.07338810701715125,0.0483388902764826,0.03837518714890427,0.11324619495341179,0.12915551585288867,0.21307501587301306,0.02429911261436158,0.7011966817470607
U_4330,0.19739363779425464,0.1367385883005222,0.3775207938291446,0.03251409692488973,0.04452979171458357,0.305487246954174,0.19265726625344448,0.11298655271907651,0.6032035702671434,0.0395473568575676,0.03264614697255437,0.07743892326783582,0.0910234841618622,0.12148615441030354,0.18945160293616445,0.05093317911385262,0.758284128149121
U_4331,0.18305080000139362,0.2950703875786551,0.34814151735267257,0.02018573955710696,0.012594372566422804,0.10251646848594129,0.07820118589759201,0.06024890818396015,0.3838285040422254,0.09295347091214504,0.03504198236091478,0.20955048763843062,0.08892805410435353,0.7760312015963777,0.7067820302260426,0.0229439078836886,0.0766946409704123
U_4332,0.21346475128658832,0.7262610700134216,0.23663921922155823,0.05135078988207101,0.045936511506884575,0.17526673931723094,0.0776656314011206,0.10606905528869941,0.6870047471466124,0.0646255210673643,0.06449803304168529,0.07234060906241407,0.1268287538256213,0.14674611339005386,0.12971297738546617,0.02325926549021439,0.5019236372661073
U_4333,0.3817462639940091,0.3123691286271209,0.28945274200045096,0.05996965966295201,0.04476612772848275,0.7421526124840403,0.06823855208105022,0.1209724191292485,0.0486440090194317,0.06352105840961667,0.06696890745289101,0.059069496313046865,0.1499811688981271,0.2698531889038359,0.285350807487073,0.04231742185984119,0.15190316162797377
U_4334,0.10382755103247465,0.4107778889532521,0.5802493213237725,0.04786736701857993,0.17272654552901762,0.7264262800068572,0.2824731358930185,0.1988163525055649,0.6799977560824721,0.08663733252349275,0.08063858839589369,0.4601120717921482,0.15020658401674963,0.15135647018675608,0.08467546916357954,0.0012062048286229452,0.08147574216993445
U_4335,0.2623491524870606,0.24313012562279737,0.24920767604702324,0.03731441837330337,0.03766402627458847,0.14643185131326575,0.18954774522531845,0.3324603866984655,0.20625121309845204,0.3219155567936383,0.049227834649205035,0.6926534129873555,0.10879728115760873,0.14787971127426766,0.22410565520425046,0.022035567452808175,0.09730523433182922
U_4336,0.2953433124562824,0.15969287142359642,0.23938970801168902,0.07054614244585843,0.06390292336461155,0.2198886338886069,0.5665280216581661,0.1256405350091301,0.056733907145301216,0.06127768622161272,0.05840688689750014,0.4488395194594033,0.13181299280652303,0.15815142701478707,0.11183542497233878,0.026596276406659507,0.7550248216949925
U_4337,0.33839530481198,0.25872204208259686,0.279388225158053,0.038511945886370136,0.04879490504810847,0.14688401892009045,0.0607712222681273,0.11885719700229708,0.4222038014461754,0.5512445810322346,0.05947105012215907,0.057590589735210154,0.13635703373677277,0.17993117820606902,0.6827254297759534,0.041176490527815045,0.12014789558985171
U_4338,0.027993042824813647,0.07118088376263854,0.18373303873902525,0.07835445698074087,0.16940082660300249,0.18597360064420923,0.8503201118717587,0.14679724296464525,0.12987308986843096,0.16176731006861977,0.15706416931610398,0.19382120525937746,0.13596060603675403,0.17197122718942265,0.0792138669611947,0.7227406133465102,0.14928755066646593
U_4339,0.3752706770938429,0.32539355376129037,0.31627461000471757,0.056555850438728426,0.05618415037651167,0.19059844690810343,0.09605569892014071,0.791593425921068,0.04882816532803497,0.06231520371642739,0.05495204151388154,0.05696800169681853,0.14253086732361048,0.17458594554655774,0.33126808742778596,0.036213952453686346,0.17689552338401443
U_4340,0.1330943947452796,0.23147233908675346,0.15237478590786452,0.10226256323357998,0.1270035377895725,0.21949996689887358,0.21354021860770392,0.2611563021786881,0.20414451981042642,0.07512218945379229,0.07418556291085951,0.7065586941022304,0.20496496429665,0.2350959505569536,0.1090454743012091,0.037710718255071426,0.15878514790101744
U_4341,0.14080061771785218,0.17438958231713833,0.838139502964345,0.0739486115860368,0.08101709212504132,0.2428963242492733,0.11558167969377323,0.14418063872311648,0.1273179131161666,0.07300389507238084,0.07326163507282851,0.063997910577482,0.16626242601971733,0.16242458594047404,0.0735609242710307,0.6525290635068004,0.15546429074175783
U_4342,0.06538061379279328,0.0872937715536268,0.7298539697080899,0.07450334331571548,0.0851062208332962,0.5902115606550393,0.1815850934634738,0.325589233741932,0.4028415665929568,0.09421475468894791,0.07761810677589144,0.3667828293008453,0.1558373977813538,0.15053888827396053,0.07924985415845479,0.0373250548355893,0.12252632524739976
U_4343,0.3044218093361879,0.2673201752689248,0.2784574613528599,0.053846659787924855,0.04874983831306787,0.15388809441954499,0.07263296646269464,0.4748464626777861,0.04484480874559285,0.6581896621607868,0.06099564006925725,0.04608046094712168,0.13442090225786155,0.2043710467670503,0.6264552435390542,0.024177761371210766,0.12140426162092002
U_4344,0.36693541995344175,0.24445848116063743,0.2558168846537188,0.038189055996720865,0.02900561115565999,0.17011320482196907,0.064627201543791,0.10236562400505314,0.6488716507366432,0.07510621516888166,0.06226758604577084,0.4765008338291203,0.16158743367670753,0.16958365091711408,0.2965864791647733,0.047498156210226336,0.11454744174114673
U_4345,0.4197290177302125,0.3966024841884037,0.4282290313036341,0.050752871182571484,0.04594239477212402,0.37052735187261043,0.09665570481245361,0.13708983037641123,0.12066467964896892,0.08739453072368586,0.0734847308381541,0.0984698770002572,0.22691589758519018,0.24058428112462832,0.3829173562588418,0.06385555916123503,0.2192208309225921
U_4346,0.23892361338326243,0.20724410255393544,0.22702946738439708,0.03766600122060579,0.030095797056944894,0.838613310208564,0.45115617038110817,0.11130533245684605,0.0371788522991403,0.05951713223622472,0.04147226390837923,0.05415089320173237,0.12921731420323096,0.14554635699193008,0.24657067578884756,0.03548475734530718,0.5613086936393973
U_4347,0.3953322162745213,0.11968295891775237,0.8441562968659921,0.07796450549185395,0.11649264037673515,0.056742745366311576,0.15229574509135493,0.121593343391868,0.08531783998620826,0.13094263571071257,0.1211810858935056,0.5149104618907104,0.08306654453420519,0.09784376776385936,0.05266130277666635,0.1343465472150546,0.09809382326616721
U_4348,0.20116434676966607,0.1469609187753937,0.255598064175222,0.06628945874057546,0.08339431103377756,0.2547415521991877,0.1610538184125732,0.12443904794228922,0.3245597339738416,0.4379397945996764,0.103045729339264,0.7325316509779716,0.17467912890414833,0.18096079057871176,0.09828545149633931,0.047870003465801475,0.1399218546975893
U_4349,0.031135065904513246,0.368214819065,0.10436886507396106,0.0995372256636296,0.45468114943588367,0.12779029382425938,0.14839666587899816,0.5028276967192487,0.1102201049906606,0.1634688176845078,0.1496454175623819,0.6284493964920933,0.08205347644290978,0.12709988654592852,0.036869914861297225,0.22105789178717403,0.15835422697772555
U_4350,0.22871574878286882,0.20507623689162174,0.8395490421045262,0.0347961807564154,0.2713412331474168,0.22862403325656175,0.16185669086194004,0.07619708494141322,0.03190229772359414,0.05288785909506942,0.043853890835994724,0.053057788335208536,0.11259893183208913,0.7288787736556162,0.3341662165537009,0.02588231066164779,0.09833805002768363
U_4351,0.19332491478218883,0.9178615242293203,0.20990012599056457,0.04211086200774835,0.04464332688662562,0.21404942025760756,0.08477898399627568,0.10096859226114713,0.5490343482165558,0.0637749275852999,0.06411111420830391,0.07856806979811089,0.15482078051646414,0.14254888691273734,0.07607730956127629,0.03152856070827886,0.5324871497880844
U_4352,0.11516199918303346,0.19899412414689813,0.25531688531011,0.07038300320448007,0.09692146882461575,0.210336962837374,0.16332717016587003,0.14954058004509152,0.2216249565322838,0.06179226892808086,0.06631105143274853,0.7198467769758111,0.15945333054601996,0.19637982919326147,0.10177073435185946,0.5178553469969225,0.1457589768176261
U_4353,0.5447324717816141,0.46183893957921107,0.5640578338091413,0.034609516059831896,0.058514860884072574,0.2608046483678219,0.07147066232299462,0.1434330299468138,0.05313832650917527,0.07541291138364105,0.05954137757874915,0.06660301407697297,0.19973493945095536,0.27569022237103413,0.4981404675193286,0.06229551456867689,0.21881309664718934
U_4354,0.20885981513739255,0.19167997307170975,0.25140449245997065,0.02423687367361519,0.28566186312696,0.1996716505018222,0.08234623673239992,0.29642182164339315,0.511637500337418,0.2993112635287133,0.05878429655284708,0.08672997127437349,0.14430036865106105,0.1641932206633093,0.19702785941930195,0.3898122376772346,0.12672652728518538
U_4355,0.09512352143334692,0.16790093303673512,0.2246752517152979,0.07176339025918359,0.10203112365741228,0.24081676923645962,0.842127806425705,0.1634276454405177,0.14986599815591456,0.10135523178915763,0.09813870771667689,0.09068439152767152,0.16735755037706967,0.14870656562390802,0.08371298223049957,0.046222543381306214,0.13367776737191006
U_4356,0.054761983274622325,0.14655369949135846,0.12359117685225234,0.06904200754193315,0.07459475998137707,0.1701599332506394,0.1533187620028101,0.4366685300820453,0.7871413691930823,0.07089528186072516,0.06993521786636539,0.6256851382844287,0.14360642709115787,0.1458245633687119,0.058284349861670345,0.03937759843086097,0.13712614622136354
U_4357,0.35600386346568663,0.26884992016097814,0.2994079741967448,0.05484563069822295,0.06156621195638627,0.2815185013351527,0.06805993228607947,0.10624097604182267,0.054477131874899234,0.05155099892513222,0.08201914174279232,0.7468353924982409,0.2526395125622212,0.21649495008417285,0.3446789325853108,0.03291285745118789,0.1449370785151482
U_4358,0.2004654510894613,0.32775983802016595,0.13854759720470017,0.08407014960451088,0.07011127201371792,0.34288941658272026,0.09525416089819308,0.14745556547303687,0.16280465125806082,0.08111118274826666,0.07902165683063556,0.06784087590373854,0.1463100317451488,0.17100628260522566,0.12190476262659913,0.038353845716891356,0.5946116665729353
U_4359,0.24090929507657863,0.591635759492522,0.24346928728251843,0.044185641122340115,0.03599307296855539,0.1778234475693896,0.04015693523748398,0.0799310454285517,0.024736261664838666,0.04790838547365392,0.04016215533418634,0.34720233299277314,0.10602052578134825,0.862867688145007,0.5107663587056294,0.024800136298005072,0.14271775846789814
U_4360,0.23883588563088592,0.21109220248529054,0.28375306082638097,0.04631514148262464,0.06694885834617464,0.24226810918275424,0.2151500493641047,0.14642714566716467,0.3687024050179001,0.32890678179360827,0.05179826335657283,0.05912891384900831,0.1706148576983989,0.16288047525448804,0.19504094465237454,0.3251317167557334,0.41774862954395525
U_4361,0.3901310636437402,0.34567641480209027,0.305795206649631,0.05156803948299495,0.06124912242662772,0.18529336299231564,0.10402298250383478,0.8473609937521849,0.07616354726902252,0.07615351450701405,0.07222194421219467,0.08196531272714327,0.17866940284772223,0.18376911727878842,0.3175943806865087,0.047164285423507396,0.16243052485024437
U_4362,0.01720513790382365,0.08976764551912977,0.09090810012864992,0.1038562656614472,0.1699649647405201,0.14891889436097822,0.10079825698409717,0.1231417835993605,0.10154300243066426,0.15671543448335606,0.17364827698045865,0.20585560739755315,0.11301180685750334,0.17168385859054897,0.07048458816542685,1.0,0.18649001324000364
U_4363,0.5254164879971877,0.4466248308600532,0.5867138475041769,0.03338389703884591,0.047860644031911814,0.40092486652736925,0.08544693508431375,0.1551242302506593,0.05860624803027484,0.09003891741605044,0.0565801840468333,0.06606791447770703,0.19101683659156515,0.2725967944048443,0.4867015213846401,0.06320795639942837,0.21829645335523418
U_4364,0.2365716005856152,0.19984819258577116,0.49365246341081115,0.03270181315494812,0.24719481157017675,0.0709377656560719,0.04223935802550474,0.07275036228166917,0.02142694926481731,0.1341849482382959,0.03555750097143601,0.481026501536998,0.08780051682263931,0.7885818843379158,0.5276892543846061,0.021832388191538123,0.13667774320373383
U_4365,0.0853150785367272,0.09977035805712886,0.2368359463861182,0.09956816546597798,0.2032365665811923,0.19191406221068388,0.13052376679817707,0.2016926057747516,0.09902705283546649,0.19206703866756342,0.19876341686034227,0.2356677874727632,0.17453859909684466,0.28659818936198167,0.10311446592940941,0.48263389620817754,0.22438863784144206
U_4366,0.379558891559108,0.28968886625393375,0.3520428482441755,0.04164221283230116,0.03715944192457571,0.199987871577207,0.3241488427693544,0.48838874026809426,0.0628127465512606,0.46620394885449723,0.05576511544070312,0.09991078814473808,0.1698747388483136,0.16359786718784453,0.34181571943129424,0.044796439113823715,0.12999099785904727
U_4367,0.3438668292930953,0.28135941387276486,0.2728360181060683,0.04998046429698304,0.40579560901551553,0.16760066162054546,0.08145856739636578,0.7158325543404016,0.06961791967446228,0.4078072141811682,0.06205746870040267,0.08879773698142066,0.1597843720848291,0.18208755211209376,0.2897979987991204,0.03627405354230205,0.16942580771918242
U_4368,0.3917148208003366,0.31105430272442514,0.2618374612996865,0.04188726868905206,0.045245228282684805,0.25903198176235975,0.08562589804789816,0.09839371592861954,0.0534436355134682,0.05666359535027522,0.08893584909094315,0.7466821816629845,0.1629678368034143,0.183345810573167,0.3099580148642142,0.037695983117857074,0.1618461617538396
U_4369,0.33642589453028543,0.25822924400438224,0.32194389626739395,0.0344264002660305,0.028380920615153054,0.33766507831307924,0.41023188121397813,0.12100725769844102,0.054461187771642855,0.32899459573004786,0.05076095913088592,0.08383158540852696,0.16647726679657412,0.18261972587331968,0.29166400528432257,0.5645538637870144,0.15366453841686836
U_4370,0.2885729651654771,0.7543225131168448,0.2559092080310754,0.04341724139647718,0.03670067165763176,0.18368639325866,0.06610821838336858,0.09736684744941342,0.0659502415357996,0.07101929008478905,0.05012235071125846,0.06594379001515119,0.15231559396293792,0.16522499704856075,0.25084074811568136,0.5715933483356431,0.6160437365343631
U_4371,0.09633672634339456,0.1796241254584073,0.19414361881933873,0.09348841408276244,0.10617910174075021,0.2054675237517266,0.6435762365681004,0.15883125119067176,0.26396116936363145,0.08848946065501245,0.09804369395670814,0.6472251209730399,0.1859638292424558,0.16708014486326525,0.07485579256927553,0.04818326243975214,0.1460040929583597
U_4372,0.23555131396447795,0.19354783867884445,0.18483120188083135,0.040732401146227226,0.11730926080173848,0.5632069337444667,0.1387693487367297,0.06415590622888484,0.0989238434721101,0.12660800261091115,0.03459806084310768,0.14857851196923913,0.09623219822726992,0.7330848640416991,0.8581636408512996,0.011468048804154356,0.10613816164459931
U_4373,0.04510865916148603,0.06760260906588596,0.05746328224742421,0.09431805059647873,0.13016377827849065,0.770770327484342,0.12666879739136006,0.5672086887631389,0.11169470024627662,0.15164048659706525,0.12196706164845131,0.545556732891796,0.12948141092253496,0.14153365469272966,0.07334654850558076,0.22911236858413864,0.15934750532893946
U_4374,0.051798233490558315,0.11179006412131495,0.10603826018856666,0.10147546623016097,0.12072538170081001,0.16610043501954327,0.1463456987776781,0.13237929083365474,0.10917889480180899,0.2341260284039525,0.22497507559337654,0.20851009686099325,0.12676148753446126,0.18352883602685494,0.07768124764201151,0.8797337605176151,0.16789224320138718
U_4375,0.23760260105136835,0.21656206160712854,0.5574694842404875,0.02979749302598895,0.24685703952179666,0.7126075049275153,0.06934224679226875,0.3023949723397249,0.5048989025922128,0.05252718717557681,0.07007948677797285,0.05702837849254295,0.12650614322028295,0.1490061526996782,0.10389707447648563,0.1544027139890277,0.30856980205312073
U_4376,0.3494354425708708,0.302612323069194,0.27725878901125534,0.04798582905603185,0.05035879284468461,0.17568640612749553,0.06947413710090218,0.11111043477882585,0.7936538620794833,0.06893766223478955,0.05850809564522051,0.0796019292494132,0.15853130719636696,0.17967613791679346,0.2648552060254534,0.04660865454583185,0.09181914118843804
U_4377,0.26338251799092477,0.583225957175157,0.24356859929386704,0.03421578199711807,0.3156965337395409,0.16662133255302225,0.06036075465649045,0.09846409170838705,0.7950860001287111,0.06731002305582028,0.051091497016318405,0.06880632188294766,0.1459356884750012,0.1609452032640119,0.24152158681653701,0.03334730437383686,0.0965242277603772
U_4378,0.17484186279590586,0.21744488671063755,0.7890010849151223,0.09488884566494449,0.11268974981005143,0.27767019575263086,0.25520380236520196,0.1535789638585828,0.17978097385721903,0.07463625248138461,0.08207096723047322,0.0794454420745251,0.2553111237439775,0.19678248022477413,0.10928446690405544,0.04556388186336436,0.1767924690737652
U_4379,0.06090474588054128,0.2445885554907089,0.19873678651212623,0.12288354557631931,0.14039133075372134,0.8883806078577356,0.1830385814263279,0.15467894540279614,0.2525091972237098,0.08149586086382396,0.09216204730525639,0.09361969076850686,0.23864863511818107,0.20619197363957847,0.09600259001200614,0.046255520430880596,0.16771486867841995
U_4380,0.06219066330524818,0.21198230715920874,0.3486407617301829,0.15100756485409486,0.290757575565345,0.32732328769177177,0.18898273157286943,0.20098709046687885,0.261676703099738,0.28181002639253927,0.2825841873814703,0.3072607902881907,0.2087926742358198,0.2910503085415015,0.12287173001298851,0.37549674425086044,0.2944309834776419
U_4381,0.030387708389852316,0.08233566655463294,0.15131921664112968,0.11203550101420418,0.14025260503313172,0.12595723866384714,0.12167418084536648,0.1635178121966233,0.09001946612946311,0.6415926427329702,0.2304075439516622,0.20817412401488064,0.12955162282436825,0.12581451265576862,0.061543687206359554,0.8925604404022488,0.15822297412567013
U_4382,0.2782344676574978,0.32397476332005737,0.28453654992375726,0.04418012224165097,0.06549633576203537,0.25554576448408106,0.7414429130008224,0.12327881246708199,0.1533259501131941,0.08895791172090559,0.08396123496950653,0.09425246923825509,0.18418427630073697,0.17107941950362546,0.1921799806420913,0.06657952485503867,0.17786985777573955
U_4383,0.4902868218800023,0.39653567619068464,0.469121328214715,0.036108154346504315,0.052969443127239675,0.24883932684140125,0.07421939078077414,0.1553831397268979,0.051943850150312845,0.08505064985258017,0.06710030709622447,0.11503686698536209,0.17613944817971092,0.2561472798118317,0.4617396624453537,0.04663422851073707,0.22320992477015078
U_4384,0.27769895702985536,0.23402540259105098,0.23430049582946366,0.041253446788522344,0.03461680124944026,0.10656432344565483,0.0514352888908101,0.09232409070411944,0.03749856860451829,0.06292664028434253,0.044709108812734974,0.03337026778226259,0.11582672696291978,0.88466020368048,0.5148180322403565,0.34915002336677353,0.17066852071536467
U_4385,0.14828750445609934,0.17127676367366707,0.17078643906515306,0.05905182447383206,0.061644635979976686,0.24556615060325035,0.1649689323188901,0.4123336202646058,0.14048546273784274,0.07405972450283127,0.08291045310205124,0.0556684226317799,0.14552761265707725,0.16381639925797484,0.07856250524492375,0.5245156249821507,0.45312716554021715
U_4386,0.5406565517173558,0.37863680669539385,0.4824169699798304,0.09475289662694576,0.08389805557198017,0.2604378034806494,0.10066785396226688,0.13424967168943722,0.06191959026982312,0.10130422116083843,0.1278840448762037,0.09003359233190858,0.3028403548881584,0.2224149187452431,0.47428438349718544,0.045237334825966855,0.13734509342557902
U_4387,0.25802777741856175,0.23908361874808326,0.2539067191875136,0.0383900448306882,0.029021980853284446,0.17607399234223822,0.4099189422071712,0.09841790964124356,0.03393024689838886,0.04160210697482753,0.054429726136720584,0.06159599341155168,0.11080007361372327,0.7536276239716648,0.5429879087008915,0.09720410297435852,0.1540055961331574
U_4388,0.06921974610055949,0.11052401211391014,0.09759515308536038,0.13093653054070908,0.15176962782798076,0.0914750339837383,0.1355473743212725,0.15818738974373675,0.4000071201700949,0.07704253984115139,0.0728808701096934,0.40940603231372075,0.05977567009281759,0.13472299202373014,0.09447983512540085,0.7867331030015462,0.1509474831158027
U_4389,0.5917356251607331,0.4976477874656474,0.5063332782356402,0.03311015739297246,0.04321091064368166,0.2666004429478949,0.07412429813766248,0.14593949166262796,0.055666757160965,0.0847111005303049,0.05380226129609542,0.06002237479233859,0.1929594836221458,0.27175904886131347,0.48714066304165565,0.08346427376138836,0.21546694847758577
U_4390,0.3054007534541128,0.25273652510816547,0.2894195121728288,0.034828515557654316,0.034176035288070686,0.2297910128984757,0.05002946852675837,0.09817502405913608,0.039469623968163406,0.04935152947609462,0.05464937096342165,0.04962906471352675,0.15069137155932805,0.7554536534452708,0.5630051485530994,0.0331101174692157,0.18160741315383233
U_4391,0.28063192948717663,0.5896931546607553,0.257300586762493,0.04214179063246075,0.2277446033005153,0.2102332391045064,0.27252246606862907,0.3711650241803679,0.6004667777457074,0.08257294101392536,0.07202952874367903,0.05859158950884272,0.14200278841874067,0.15596225161570548,0.17742506697130386,0.011967627938063104,0.13482372676710716
U_4392,0.36673160255058934,0.33888906086878773,0.3341254034263814,0.046292843794013605,0.04087629656781175,0.17434604839490697,0.07957147051895788,0.10973159813517629,0.05698189250946914,0.0619659738387948,0.06983231118608393,0.07020205244347513,0.17049187652621942,0.20394660733047154,0.3130610918623665,0.6992352869610126,0.1811264340786672
U_4393,0.2717102049584881,0.6911163480737581,0.23864964987207882,0.031608002961787944,0.04024891698140914,0.15090890682204586,0.06924875610861084,0.3075073892660477,0.37481681204543565,0.06766090781134099,0.04150500607302835,0.07062947256959566,0.10832920222905926,0.16181404006172334,0.2250475280154922,0.4034350731723627,0.11231369702883157
U_4394,0.07837227501450436,0.0950512793300674,0.8081992717958245,0.12655120912601428,0.16019243816208578,0.1033676643056082,0.6875867018275703,0.16732927211732723,0.05710540502067736,0.08400541601707875,0.07658820816433973,0.04750675788609852,0.12227621425737933,0.13770543555025466,0.11568144870523368,0.3572968806197747,0.21563588161213232
U_4395,0.27166127916438576,0.2447800344012653,0.29574178690767144,0.04845550827628337,0.041940619222178635,0.19827376779272035,0.1084034955465904,0.134855610992249,0.06951115965455185,0.07127962862207955,0.06186080813929261,0.7733415907347354,0.11657110154005111,0.1576583262322901,0.30791641239152334,0.3828458982045534,0.1739986482707504
U_4396,0.04189730770437945,0.07818366656311346,0.18404695432791096,0.10766108741210775,0.17221947469596222,0.15457259422278574,0.1357789510977359,0.15635076244705648,0.7579271890003929,0.10906202530047113,0.11787798018709991,0.28870358364086096,0.13824603364908644,0.164379764540351,0.08584676904959655,0.38679861833284185,0.18490159367626383
U_4397,0.18994189925817967,0.17205412223712846,0.41276243852860073,0.13586520291946155,0.193308395795263,0.48739539190898007,0.1873567081602902,0.232544621481858,0.2589537893208834,0.1266078511674684,0.13970467774087342,0.13057415469527045,0.2456312057929788,0.270878774777239,0.19892052040008,0.06958171736768451,0.24851540593264856
U_4398,0.5511540502992553,0.47308118960997814,0.5660402036003349,0.03418293990742033,0.05835071456993664,0.263100898209468,0.07212112879497434,0.14250295890296805,0.058910215141683146,0.08523438756212401,0.07207722947159383,0.06709416983413051,0.19759979169776964,0.27501891666916944,0.4850485582026697,0.05953551672973765,0.21550545615948652
U_4399,0.11324979220516446,0.2920606412485164,0.9224885821168007,0.08848007737651048,0.11308200915729781,0.2395906012429737,0.13359339177078564,0.12367560982494517,0.1861121272366724,0.07728402972638848,0.08839330621126322,0.08306662568243,0.2040200014718072,0.20597218258648528,0.11834256410593039,0.05027773353231466,0.17613571573494213
U_4400,0.21005615735750338,0.17196131082309424,0.5898519394311836,0.016043348858524042,0.2907062142928869,0.2772183241535908,0.16497676107653828,0.11258904313039846,0.0399262466058887,0.04090135328139938,0.04447602450085124,0.25261942401645276,0.11601495657978415,0.15335930575711262,0.23388618255410443,0.28221318742400103,0.529916682896904
U_4401,0.32712520587948857,0.25562693510165124,0.28481239469100683,0.035990180306291794,0.028438514745960604,0.2505084328311906,0.07841424737061051,0.09805055292626111,0.7524467458513311,0.05735648289714189,0.055560246983937286,0.07057442197140285,0.14288514226870713,0.19694689280092192,0.2709342210695611,0.050442297595978396,0.6300563468483898
U_4402,0.19122190638408962,0.16444825226763643,0.23666716189891526,0.08166679317852804,0.08512457603129267,0.9095869279935367,0.1363116172675632,0.16220671457711144,0.13227864217354018,0.09768115070238581,0.08933448524510579,0.08088340639222588,0.19507922634259828,0.17835405838365623,0.10812495109886618,0.05068058937614921,0.15821797237582008
U_4403,0.24212029488501197,0.5667389714020242,0.2666920975898145,0.04543899752854349,0.05209788058811429,0.7085997785062483,0.10345802520183814,0.4162794243644244,0.5370439904009199,0.06408327393948418,0.0552624834423201,0.08484929825142301,0.1547173542157443,0.1837952456225749,0.2229536450746725,0.01802597633004918,0.12905745810194624
U_4404,0.05153706756584714,0.09188686368011574,0.1749438787201982,0.08884006936011746,0.11087965206555087,0.20871032551831764,0.6714984985143121,0.13248610066966315,0.185863501906848,0.13176881906748117,0.10886286153666946,0.06378480781204575,0.1684390961090868,0.1802622023479583,0.05654890531511651,0.6276083295989827,0.13732971460818993
U_4405,0.3158785670102927,0.6943803100945127,0.2834252529300657,0.038625824898254495,0.35328853322308185,0.14735281159116942,0.06689819093656582,0.10363994180993195,0.6739090488822015,0.06825631826726175,0.053768362767234734,0.07354425178362203,0.14634846427430756,0.17009660683385908,0.25502840377779534,0.033739655616071465,0.12121862473431416
U_4406,0.30738230585025456,0.4138267049752098,0.351594609931154,0.04028825008291151,0.22186049937985514,0.25242585043824056,0.14920153614509435,0.09988565191296163,0.6020666583026411,0.4602346776986529,0.053505517212911274,0.10525338564366368,0.15585118829582037,0.1911460167426292,0.2900947297830899,0.030309152614419785,0.10567076880971103
U_4407,0.1475965129491198,0.1995224748947256,0.5240191775018734,0.13306245222534585,0.22217521769724724,0.3831656594084895,0.19191337045846016,0.22112713907863377,0.39465471661558565,0.10705770244511072,0.10569122644311821,0.1300813546619383,0.30220792079599385,0.29672687397442343,0.15637122460243297,0.07390391951685829,0.2162721223597455
U_4408,0.28388923451939396,0.04093307918793706,0.319030422465501,0.057229943255412426,0.13759166938529518,0.7567540232861274,0.09295349409253834,0.12196237761773433,0.11777191156811131,0.17465535855563052,0.1723280338478216,0.5124478536329681,0.09107639199107481,0.105751739015322,0.02737169477048667,0.2532834630423225,0.15442601617373014
U_4409,0.1783270388085368,0.1346925831207625,0.2751224582417226,0.09254343976357673,0.1126274646671352,0.29190862328033557,0.22485722532685298,0.16229602691180123,0.06653382086475096,0.07863845293415747,0.06341977226858289,0.04982413660593381,0.16904237189308363,0.16527420895763542,0.13898335381197421,0.7528449323838764,0.14894973770805614
U_4410,0.4597009839625231,0.35466272940750443,0.37096628597909226,0.06847769456997335,0.08464537964029742,0.4097678053387672,0.10000582441984929,0.12001256087741143,0.0703357550733838,0.08247209219019118,0.1310711362684471,0.08940868322395525,0.3008276402981619,0.2348789673431599,0.5657649716760409,0.043919633029438535,0.1476111511429885
U_4411,0.35281758184931156,0.23505931472001357,0.28732355315654085,0.05013562850047415,0.04384321989756563,0.37917988176195083,0.4573808231022272,0.11912493835466727,0.04377817165244197,0.07397570029871174,0.06225081167330379,0.04344305680612805,0.11849051967653779,0.5424770646859718,0.7799925397606604,0.019263999693706096,0.10676185979752473
U_4412,0.21210687237063383,0.6484928184230604,0.7629736570516804,0.05880604673545965,0.384271916691988,0.2314639975663398,0.12555053638861235,0.1226920765497504,0.11863493338755521,0.06003984256355439,0.057091996544538934,0.06412239173688566,0.14116949656948427,0.16497831666918297,0.12210863851096868,0.03207279448690818,0.36154083401200166
U_4413,0.24082752135794425,0.3712868089226,0.5504925561276645,0.020127166914976298,0.20438533241587342,0.3687006681115691,0.052265584405723424,0.09675597682543925,0.5975745247341225,0.17367963541938614,0.06547720777072825,0.30635786247415325,0.11269718669650716,0.1520603675805274,0.24280288705882935,0.02304303539520976,0.12322218159256768
U_4414,0.14142344064213364,0.5635206163436051,0.5338920403908136,0.05996276549273698,0.34504449702204176,0.20336964290505127,0.130018885178478,0.1281396141344231,0.16636957913641065,0.0867149980778725,0.10456670655848144,0.5857635921879503,0.15076171993500934,0.16240633913244337,0.06700980353054431,0.030013385787683745,0.15307258397796927
U_4415,0.15720268502747772,0.33833732740454814,0.2604418636792086,0.13675067317008,0.19087523605192835,0.2972075615491574,0.18711045372339963,0.20411591847947042,0.4965167218825133,0.12253685014523708,0.09717797353736986,0.14731905531768907,0.2989553047496011,0.31440263536313834,0.1324369470727585,0.09173932620778968,0.22354898390784514
U_4416,0.11971376769526489,0.10161697668783226,0.6783452342404941,0.06836998560586705,0.3963773677829687,0.22125220290470649,0.18782068159185872,0.11755217953322238,0.3359347509930819,0.4603047791203688,0.07510273460612445,0.6670286105160564,0.1618573806463099,0.1530737323150983,0.0987297618209455,0.02791221741402407,0.12588845324705483
U_4417,0.19224085164452193,0.2888861335253452,0.5560515175782622,0.030724255707470102,0.03011024921724638,0.4960570548905814,0.17674685677711358,0.11396520380408251,0.20227369966345649,0.29211032811166293,0.03872271507674696,0.4231338806080959,0.11836693408174814,0.13574347061564468,0.22254815218145652,0.012988007945916296,0.497620309847805
U_4418,0.2716958582793988,0.7310175094259899,0.6119231373154866,0.039808261574952736,0.03459073041093517,0.5662892226097348,0.06938198798503373,0.0919355058816517,0.22074501767149163,0.05124889909372572,0.03641081557822272,0.04599565911074888,0.10607659790390968,0.14925607398277474,0.2023088267507489,0.04230177701952025,0.13450458055039552
U_4419,0.2334578595011361,0.22062063388774839,0.3226412458841859,0.026254488370073548,0.05109159381339878,0.32901660727284926,0.22105193957953298,0.0638897001741528,0.15829989770540387,0.10783404986091236,0.03816102804871929,0.021951580672389472,0.09053008163969341,0.4272219631031623,0.9188734996017743,0.0638193260804151,0.07078854880677582
U_4420,0.27069198650553566,0.583901400580288,0.7479556412021998,0.05130704194779134,0.04613171233610415,0.24521075064205833,0.2878458531155875,0.09150483152198426,0.052565712859302394,0.05439049373247797,0.05554224021433326,0.5336886124945783,0.13896599961443845,0.1595273372036641,0.2449990499268635,0.016867665261350848,0.11458229130770314
U_4421,0.17565240648766162,0.14856322810478093,0.20577111853038588,0.09613088384016281,0.12667318910966635,0.17621147628299932,0.1880323026441769,0.16139611487473496,0.9116536909447763,0.07892406342451092,0.08803143347859216,0.5598306404547133,0.19117036959210632,0.2049606064063625,0.12089223064067245,0.031225041538071967,0.18154897422187566
U_4422,0.07461038867479482,0.28650629646526693,0.20350935817063978,0.06125128219771575,0.09255006673406335,0.1603195165088363,0.14244066048285173,0.15441415634243483,0.2567211006077911,0.0625270304210887,0.06228156480039847,0.7296517758128811,0.17174141807908344,0.23120057868580726,0.08954043351354715,0.5469298539900185,0.14866976213659636
U_4423,0.3840612546811986,0.8509228232872778,0.2683152427765422,0.05358863969684616,0.056182566983172394,0.25538116691841634,0.10385097687736504,0.5321094877401606,0.045974567781946536,0.08684680425406183,0.06065796855914089,0.08100020252024422,0.13172430185805545,0.18032755927822047,0.27776871370782713,0.03257100191879282,0.1702309126506815
U_4424,0.39196961800673447,0.37223642804664714,0.30822293712331733,0.04150681102416012,0.051040571477403096,0.1772227649709261,0.0753238593231517,0.09787195903555472,0.7213475448977957,0.05490932941455289,0.056000359500771354,0.08629928936936744,0.17343178675698318,0.19273662081633303,0.33035113919943104,0.04734516515529895,0.15084984003007196
U_4425,0.11176040777872501,0.25541883066435367,0.16906483065780778,0.07249884043818529,0.07774667044602225,0.19798930413953442,0.13468517221094917,0.14665831486060565,0.7035925003132125,0.06350897130188474,0.06622871387883891,0.8560854866953442,0.17580910545291403,0.18014173472331602,0.07799939453800432,0.046276034223154836,0.14786449789856926
U_4426,0.35351284603950794,0.29004234593826006,0.36300697211662963,0.0472408716880338,0.04357415578789005,0.18459856210917397,0.07602368912712545,0.1422718697618322,0.05551969369578334,0.6454049147748006,0.05829680858824163,0.06856745342858211,0.14192213405791862,0.1901692895611583,0.3148136278762026,0.042429408929424914,0.16516486826033383
U_4427,0.17629027900552446,0.20379108508189098,0.18014880343504097,0.061137201156525045,0.07358730714815201,0.3476749104936407,0.1362336133317521,0.14967632951009657,0.737424780253137,0.09433312612685435,0.07532469992700215,0.06110351857258593,0.1728093490865563,0.16415115515886664,0.06175654684843264,0.4728099467261647,0.14311521238386693
U_4428,0.15950582668421234,0.15270347348253294,0.27578305065985526,0.07101427666880851,0.06769263421905666,0.1942919793993856,0.7137298853690092,0.44960527763151015,0.3722190838335763,0.07818441437132347,0.0571623484810289,0.25237827513164734,0.15436804370865886,0.1763995319843581,0.14173811727268248,0.03129265873323631,0.13650981270843565
U_4429,0.28762268094053367,0.5751100059824407,0.26078502118405095,0.056102044743415055,0.0607002818918818,0.24890676176997698,0.09736032372611533,0.0987909983045005,0.7168431800959042,0.07521943767429434,0.06389976675871588,0.06934278993130737,0.16889728076068766,0.1619497686318193,0.24459690534171474,0.022887729669852253,0.13995056231091615
U_4430,0.029735500391925983,0.05786556724121695,0.10701671405776833,0.107057805679177,0.15800209409258872,0.14058993152528826,0.12052077714318918,0.7072807878994679,0.07246203511757737,0.15233128757710884,0.14979673783743408,0.19699422517481224,0.10620701856558072,0.15419346998202685,0.07188988802474183,0.9757975535884242,0.16297655825580798
U_4431,0.2691305376775628,0.183613204444128,0.22103681068247644,0.02679408316756124,0.022322284140256096,0.08439662139235068,0.09801043827705096,0.0832906152823138,0.027037160916112687,0.05103687851438508,0.03418122637741083,0.030793585848371417,0.0955624443755921,0.6726541431195132,0.8839535377523378,0.17827665394150338,0.09809871884175231
U_4432,0.1829300228332848,0.26473479001395733,0.2659873895447739,0.046760139298588396,0.06624589484639853,0.23471771811622794,0.09394191027586017,0.12597237285320842,0.8991257199658448,0.07713583896685952,0.08052773078067876,0.05411136730172206,0.14945641328881915,0.1477097639312503,0.08832431420194088,0.37787902804322504,0.12773948976816674
U_4433,0.3108855599216732,0.2439359056707572,0.8484485453327084,0.03848471457825163,0.02980384372105363,0.2557121729281655,0.06495531344534192,0.09359062307799608,0.09895316669143617,0.06500085342663978,0.050387965249993165,0.07002367800577591,0.10476667536475585,0.1482549312224054,0.2306822878806227,0.08124376528757632,0.14479548310065263
U_4434,0.4797409319953657,0.35742167518040074,0.39561581254201866,0.041706853960701264,0.05817179185624766,0.34054780356370873,0.10618350365604531,0.13061378635410953,0.07378341497903215,0.07097488351555233,0.06583658627707595,0.09003644444340043,0.212203823877417,0.23821832358891884,0.5007272244881074,0.04538559117186079,0.20010215724974295
U_4435,0.036290552825344796,0.8708169608587102,0.07422961730916217,0.10516230899355453,0.14943007931497712,0.10631259348373231,0.13040385797116988,0.11741099067563102,0.08959255037793513,0.21134263559069238,0.21247328356284823,0.20513204001313545,0.11960768216576517,0.13520456167654302,0.07638691274983088,0.7002855707560437,0.15629925990728993
U_4436,0.3613671275706516,0.29354158519138207,0.282213080003461,0.035785835334873,0.03843821977710659,0.19464937426379453,0.08816119626049254,0.3747051050993725,0.07199244437581498,0.42830477023155994,0.05065944535156713,0.08362539058157085,0.17032276665309393,0.17133727706361676,0.29284089852061673,0.5283096037318364,0.12739392733222243
U_4437,0.2763505644073211,0.02835886905488305,0.37307091436099205,0.07735483224301914,0.4261869650283443,0.049222179459285635,0.10115298227709596,0.10417978614403749,0.04324212139803252,0.4320680076267279,0.12301974171830204,0.9248182998582839,0.08224436275134715,0.08578549319241911,0.05437900429700813,0.26719383647062533,0.10177687448974057
U_4438,0.03994906204813168,0.08496730224839635,0.0918530544583533,0.08649581300446954,0.19419500117355493,0.1636301889424093,0.1412261671672287,0.15119280284859193,0.11854225632149482,0.1949989852314882,0.1730143535529572,0.1641463670899017,0.10880899731187166,0.15601830404744355,0.07380640669274585,0.9878704259216962,0.1857306663939751
U_4439,0.3643202875767073,0.31883676129723404,0.3324325794459753,0.04170132725054332,0.03645089540152221,0.2848319863105679,0.10249339349813001,0.1318349820129422,0.7672242535580479,0.0569471193330198,0.060691450955795076,0.08697894777386365,0.16527843896331465,0.20834353100084355,0.2109102388960117,0.05276301523854307,0.191828642045726
U_4440,0.33508425462535274,0.3004341485488131,0.33536999943219953,0.039795851514930154,0.0476019957283765,0.2665267282997645,0.4631916576556042,0.11888153626395064,0.7064096977732838,0.0713427526448169,0.06310146445339503,0.0842238339682935,0.17853057819807072,0.16877826578248145,0.30701779547762115,0.0404111798530888,0.1340363160730868
U_4441,0.3544987354645508,0.8519523631295226,0.28831819234124156,0.03230049642911474,0.044549705680938086,0.14402216791763167,0.07462540725121122,0.09890764604312036,0.06673893659042761,0.3871893087345265,0.04691588349836316,0.06810826516358118,0.13050902882120352,0.17139117459008496,0.2688983960895015,0.05259483535143103,0.12830893877528693
U_4442,0.03988281760247783,0.10658344771991712,0.13503094784531888,0.10409368316189094,0.1502928934252985,0.15651980699916906,0.17177336477157484,0.1427985525875618,0.09694793770752498,0.5166954897137074,0.16024891910581132,0.25110493414445406,0.11012154830832378,0.14186250615862178,0.0673729107977491,0.42393772010815806,0.2000415144749355
U_4443,0.0362253868695941,0.018930536103770004,0.5992001734765625,0.06976360439094514,0.1347374593179494,0.13834052561251944,0.10861151009216444,0.11592332863668019,0.07043885482803455,0.12249631633142154,0.1422417555541343,0.7229106396269612,0.08368939437013259,0.11284302755059823,0.03931083271084759,0.35607284426910335,0.12397219413843555
U_4444,0.3989719088504108,0.3403801965975737,0.30541260675733445,0.04391374533789354,0.04412409964112139,0.17049491028549774,0.07107444447036951,0.09081614332515141,0.7009824174793156,0.05342961943252905,0.06012995595150153,0.08969605292801341,0.17527976331353196,0.19633351842206598,0.3158294095596871,0.051423585195109076,0.2285207287350473
U_4445,0.19330887271342828,0.17232864808797962,0.4695650772830254,0.02292932658044039,0.20772830627890249,0.9041923445960413,0.060830978875187264,0.2765386327301945,0.2278121393611678,0.08564776442957249,0.06360075367348642,0.06942481504556208,0.14856698005623745,0.16214133601528918,0.189045859778361,0.03609718280095349,0.7153833601285979
U_4446,0.542526489940242,0.4936132792911193,0.4605432042642845,0.04180658209039982,0.08259872457142844,0.22765192278675958,0.07237971369586048,0.12718735979755957,0.09573751738470546,0.0892401351286326,0.07033464407382312,0.0644096741069346,0.20964590689984344,0.26785661920090853,0.5371952388411949,0.06283438424857636,0.21646942955768633
U_4447,0.008767580257885224,0.03286146645009761,0.08077181096524706,0.09578144255724741,0.38557294563436534,0.11337046245078795,0.29022121384818356,0.07648627599583016,0.41592554043329566,0.18937935742435957,0.154908548776487,0.855305881538384,0.08921101879491956,0.1039523888147791,0.04272744617011852,0.40878614923895085,0.07472246394028931
U_4448,0.036392360852147525,0.07256347963487984,0.16541863160857484,0.09749888550690881,0.5389303544395951,0.16758287721778828,0.11898432514462197,0.14254266438909868,0.10463304788981101,0.5638475096521979,0.18578639135365,0.17846322080514773,0.09670925559686885,0.14783208109908408,0.051288293654659416,0.8593766203603048,0.15376559099288423
U_4449,0.2530234971317621,0.4148912705790946,0.5459766931411012,0.04456798978661465,0.13746055108427443,0.4035079086285792,0.059731007669550036,0.1150950943429636,0.7394511218898473,0.08220676418099641,0.07169118942787452,0.4436722159459069,0.14523837276117607,0.1657476368628426,0.24867524960409504,0.01692717777859482,0.086830615535183
U_4450,0.36529506364728215,0.3045582398599748,0.2802769085788938,0.04355273716345551,0.03543729595342594,0.2797217809924259,0.07543667432488166,0.098911975974703,0.5648427475740709,0.06288676509865485,0.048919877136717894,0.088564511445345,0.1658218351178713,0.17326024990685782,0.3009151649114522,0.058378100381282445,0.16484935438128123
U_4451,0.17080896124664163,0.3892109030387906,0.8724914562381612,0.025694093714430974,0.1946659293783764,0.2102260422417885,0.08722142426121472,0.08621579818024296,0.09073270346204623,0.04516564884158599,0.04380669052832452,0.5417088248668538,0.12311158083156945,0.1541702068197227,0.26541944304751985,0.19712974794817548,0.09424904013873436
U_4452,0.07567914871143466,0.1880896606907768,0.12096107956502337,0.10554511809435924,0.12122839937711669,0.15142616446505547,0.18065017491377294,0.14424592103114406,0.9038738275237961,0.07211733465399747,0.07892565064577238,0.48405779649536806,0.17573634569303687,0.17641145423046467,0.06627387637324139,0.028214217058776886,0.149853498002757
U_4453,0.19830208671081134,0.1465908189287233,0.8131719196430114,0.05566813569031584,0.06463913715898065,0.23575436615702466,0.12006197739681225,0.11812611413128171,0.0538512389289715,0.29885551893476914,0.037315978339259925,0.046536168704039524,0.12997427780960236,0.14897558193609597,0.11148916475247242,0.03947557764632639,0.8520682506614643
U_4454,0.3420093626716002,0.3599606007622499,0.3124488836676306,0.045900813884247424,0.05038949353097797,0.21287833002609619,0.07491888031006624,0.11724109053883193,0.0648576662238181,0.47893798892121603,0.06688761113322857,0.08637592534574899,0.18503806815586102,0.17829175048336565,0.3156572616041068,0.051735376354261384,0.1190811910826424
U_4455,0.23535297646075254,0.22310072421524513,0.8451287171578513,0.04980554188138641,0.02718185033862068,0.4104643836251932,0.05368201064945355,0.097326514885297,0.2657135518924011,0.06456033117834484,0.054885035554708445,0.058834088072643884,0.141669490443464,0.14637701326283808,0.2316837581286334,0.03104935802432532,0.39421267803422033
U_4456,0.29720756037201346,0.41541567920651845,0.2115581302038188,0.05564725542509938,0.05442039213687517,0.2901450538148938,0.07474659221489677,0.15878920537525998,0.08152653258348026,0.10931796084212733,0.07098859351851429,0.07892197328822874,0.18398062460803327,0.20677026778036114,0.208299732671965,0.6574504147552882,0.2199645188507123
U_4457,0.03802524662957746,0.051647392965455674,0.8987534686240763,0.09265099107522037,0.17484559560399654,0.10579006963415155,0.14420493779787272,0.15868318400916503,0.10809832403516569,0.1787940476191103,0.18452730936866804,0.18896081999952624,0.1284904959864413,0.12732437663228607,0.05541869360703767,0.34432642943348307,0.1927809145927582
U_4458,0.06815279293410041,0.1890037685247866,0.223463222585275,0.11259990064481828,0.11924107781043361,0.21096425831502322,0.16013888044446797,0.17708366139088083,0.18265124712070233,0.7117927025107968,0.13012002075525597,0.0851494616959533,0.1800263570397055,0.19612091638048282,0.08420725650034674,0.0327666487188016,0.746793521423853
U_4459,0.03016051206046317,0.7285333457381733,0.06226658189201953,0.10049803801576626,0.17022770492195097,0.17734963249350555,0.13990069703502533,0.15440755673598106,0.1272215349709118,0.1876607069971736,0.18793084132651677,0.6663974338019335,0.12906005481684887,0.16738698470379948,0.05276044072244401,0.2874354279583497,0.1598910161456069
U_4460,0.060552386550337685,0.09957249189800077,0.5871704099304357,0.07093417382356705,0.07449155264306583,0.2664824843418877,0.6766353124942224,0.14013639119457674,0.6549759095936104,0.06952244587085449,0.08405678618825915,0.40566473874635595,0.16505241005954394,0.1585921089211923,0.08082123555789275,0.041578133406059904,0.11315922615109461
U_4461,0.32749665916909837,0.3195995696506251,0.32760486848859793,0.05942939522505235,0.039449684183232636,0.2313041443578509,0.07351605330441364,0.11752242287086345,0.7685476707558565,0.07773577243213312,0.07406440860766786,0.05996593851226441,0.13993771530983182,0.21960772502894094,0.2901704945263748,0.04222652384711347,0.14948761617698877
U_4462,0.5636803596919784,0.2089086541605125,0.5755677682225955,0.03406324459589998,0.046692714145201736,0.20237999609283708,0.09006550949391043,0.09953593750789083,0.05267473419614056,0.5297539435798111,0.056974650705345055,0.531750956559573,0.14639461358168526,0.14413566767172042,0.2288769586755775,0.02286395678894886,0.13238791195284
U_4463,0.21042426648373347,0.14531766763089318,0.20770023131314747,0.041181888888770946,0.056183819162229434,0.6002254956301014,0.12191979268391631,0.12424430596488671,0.090772167990675,0.061223029626937014,0.05852078279785531,0.7984081165521176,0.14555451294531704,0.1455364123175168,0.09393126148713253,0.2395933391654384,0.15007772950269635
U_4464,0.24371744652397748,0.24984184484867572,0.34905357895160943,0.05903082301956428,0.04869113676498946,0.2797115455215631,0.06319048177466126,0.12491729284738777,0.04018368109745514,0.0457596292672161,0.07768790279910796,0.6219289066685436,0.1668117079154589,0.18430695148113452,0.18906176618263756,0.020559222222437556,0.6498848023453224
U_4465,0.37236347212221865,0.3260311829335546,0.27155454801124834,0.04750411631751659,0.04254520210772149,0.2785119757761627,0.0852720998996045,0.112477103688117,0.04775250660270101,0.5810769023228163,0.046913637227583224,0.05820144510367923,0.1323145917328695,0.17454435475386867,0.2903368266914158,0.38398856247479346,0.1656403171146628
U_4466,0.03472718616335267,0.0974474239314421,0.11583552919807008,0.09915659436588972,0.15996985018376328,0.14036877771878006,0.12495585372201723,0.512796414657128,0.4130621015566672,0.1672093161381438,0.19812864372788216,0.2800530975875769,0.1357408122477415,0.15468803255432206,0.08276730136845568,0.25766229348222913,0.1681749729168691
U_4467,0.2626225577011876,0.24119143630278203,0.25788130817697386,0.05297276187453852,0.03843731534324674,0.14507658868992385,0.04672268844515241,0.10134381500768036,0.036470615990032956,0.04370688267391107,0.04921266412828255,0.5745579198050624,0.14667228201001517,0.7722134769006633,0.5025330414594108,0.03171112310914444,0.14720209204313633
U_4468,0.5629172759996822,0.5816911211029969,0.42847065500657117,0.03201954659218001,0.04968338818064794,0.2576857453416904,0.07928885322176521,0.14093952639213506,0.08110106149671012,0.08443376740236874,0.07137827452048237,0.06299563741424852,0.20409040058913208,0.27131361475206234,0.45660363714864444,0.09351353244527495,0.20770531406857817
U_4469,0.2282092552986464,0.23085376116260933,0.27524421363223495,0.06935965982375633,0.0723044115301081,0.318618807854071,0.145389718570816,0.14887041560300937,0.08681024506674692,0.06324383661054389,0.07652448453889532,0.07680243487674146,0.1748617745030184,0.16056788939388084,0.11697679504414452,0.029535205909317727,0.6193830654983555
U_4470,0.03471778579651745,0.08131712892324729,0.08003514013206262,0.10395440363866484,0.13877968085538006,0.6871264394766443,0.12853417119601276,0.114807092224938,0.4606931416965017,0.15497171375352492,0.14057264851959933,0.21497204908337997,0.12253974891696907,0.1374306233330665,0.0771935335675315,0.6243540726146748,0.12495924200182745
U_4471,0.059124257691466696,0.13771187815972807,0.1978028075072104,0.1354604577591686,0.3787277930697722,0.3239401493233329,0.162410711522922,0.20091400748802798,0.2458073393294645,0.289971804042655,0.3041514739348954,0.23025163420927305,0.1693865700014583,0.25343497660597525,0.09956667033081926,0.4046298149103131,0.26737400374927367
U_4472,0.10649918921746895,0.21569573170265285,0.2796560913386704,0.10951146097697859,0.15539510784894023,0.23003005105914423,0.16117426577244062,0.1726875810115426,0.22710408943197952,0.0804265261275566,0.10137230843839191,0.7647032652544856,0.20571247160507,0.21537982490163404,0.11077500372777732,0.0494919269328917,0.18772719319562708
U_4473,0.040220065210753414,0.05498707913467771,0.1769741546596452,0.09925553445691189,0.20415805700726783,0.20551838602955413,0.1715124266778004,0.8114255735437936,0.10200068851748925,0.23154004492739347,0.2320644357674417,0.21298943783386853,0.12340122337959318,0.17449800016390887,0.05540858358681875,0.28429709706019346,0.2179976534189323
U_4474,0.02674884113199999,0.2617650903893679,0.05901005242301255,0.07884653791835326,0.24461109902982753,0.8814245391335639,0.0931855996779036,0.10513346185557583,0.04456826588637644,0.11601173624972681,0.13924932908250598,0.4170639761336107,0.08271641441870602,0.09525062103486617,0.03093074566132563,0.216758150082506,0.11810885137398283
U_4475,0.1874757913376921,0.14507600450902722,0.5287456224348126,0.07239713785899678,0.06260179510683375,0.7305454184586117,0.1774620414246554,0.12155832598524192,0.12931096029093272,0.4847442509878602,0.057670684811976354,0.2869558947872675,0.16199079302737873,0.15867245548794734,0.10118730921865936,0.04338383580344256,0.13189667785998319
U_4476,0.27098527745374473,0.2743764752569765,0.2653565225167383,0.042970972415515174,0.03738361215494338,0.1723332961443279,0.05450807863688852,0.10360218719702899,0.042952604735074444,0.06582798176672795,0.04806994694556671,0.841542465797716,0.14018235647931354,0.18641325684911902,0.25780370544801745,0.4063059464501123,0.12025869445026277
U_4477,0.3529412964235659,0.9299732882445467,0.2667643050431466,0.05431762181468584,0.041357438265560785,0.1988046839504784,0.07876269409006223,0.10131798493965427,0.05166062431286167,0.07642906728203466,0.0659045275182312,0.07063365436800026,0.15512229360947233,0.18268327794166117,0.28393290068667926,0.06974771379938739,0.17865269604252274
U_4478,0.297024287189231,0.2435659754138177,0.7630627301101208,0.05721948469590946,0.04877445679750829,0.16342068816209143,0.32172039647504824,0.11295958610672546,0.053139224309023375,0.07985740846450629,0.0646115836594432,0.05173226184015202,0.12565858796600404,0.17255591750412042,0.6513201742552879,0.030848422384572853,0.12313974054022488
U_4479,0.2908515914150763,0.19118692671126605,0.26048368797444255,0.07475831806864186,0.06777830311967743,0.2659354090968652,0.16863120415279934,0.1314115695126321,0.0569251149458374,0.06523893363722667,0.05485294115977498,0.06880943554855519,0.14869371761843198,0.25295502494672495,0.16428043770492415,0.041672325267765487,0.7649484014080394
U_4480,0.04345885936312323,0.09803088115622915,0.11106958882938295,0.10833642876211118,0.17833891719162193,0.16122577408858255,0.16102690660388366,0.14136730484256013,0.8637274518312678,0.19515477134855871,0.20416665641649018,0.16019258987971463,0.10856887847260076,0.1831326772097585,0.04141551935313403,0.23975979619306956,0.19090611463824392
U_4481,0.23418589939573708,0.16174785229752217,0.2467826974416301,0.07219785942865123,0.3964834590183059,0.7029853798658551,0.15266426349086795,0.13598236277411585,0.06985602043068953,0.05926379223398957,0.048400334917718016,0.5716849050294861,0.1429931187802463,0.15399346283994547,0.12686848870923859,0.0178706806276901,0.5959163116126281
U_4482,0.0872728733855849,0.24207355897532765,0.7804011850996406,0.10205477794424675,0.13101082373355546,0.1313416716912185,0.1449232720043826,0.16870628580464542,0.21764233723578205,0.07887987123477397,0.07767674205747756,0.6407850369756076,0.19908797195174766,0.23331699180331839,0.09891362656129224,0.042234347725787505,0.15649248710109365
U_4483,0.205801092885295,0.20928061524909602,0.2005250214656188,0.09077813205969815,0.11159318784220844,0.265495510533992,0.18509962796542423,0.1726057716063764,0.18210239542857942,0.7262176986685395,0.06520198037752062,0.6021243742057444,0.193290973567066,0.21347294510085218,0.12292597358260861,0.035570016583588146,0.16788062334363346
U_4484,0.30482752199637847,0.7156915866051828,0.6361070980522403,0.04952843732231706,0.044972701447060094,0.16221064929166987,0.07340421051678475,0.11167043306258298,0.5712987407479142,0.08923591059019188,0.05714381074743108,0.059285221485610384,0.1541931861002812,0.16720093616147996,0.2646126484071366,0.036230898641227645,0.0993128946466897
U_4485,0.011600895406391193,0.033257569103880974,0.1092367217847216,0.06951856680400409,0.13375609582920195,0.928688520599374,0.0996392792901163,0.27632254832087944,0.2890888300205261,0.12249020022154583,0.13487137541719535,0.1493361238944668,0.0914439996962409,0.118088333681732,0.030918384730774365,0.519693685267782,0.1143658202547124
U_4486,0.27628010817007764,0.27703515660020717,0.29649570169873746,0.038465396828025196,0.059367968281682844,0.2611071879536979,0.10602757530053004,0.11090182746877907,0.050186408675297965,0.06227669686559449,0.053070945218372745,0.12041880050678899,0.12157766496806822,0.20619234807848838,0.15518516654062747,0.520150427345795,0.7158227852538868
U_4487,0.2601060285508723,0.5924343848650288,0.29171956276541455,0.038037660020049054,0.03389051454253008,0.1575323546075818,0.07037057225462096,0.11893264198740747,0.08032387103209739,0.06600787992921246,0.055967462330555016,0.7802860902696573,0.16112363192974444,0.17294573610970732,0.24303709625247383,0.033425309507241305,0.11367624546605397
U_4488,0.02736103086193368,0.059405514806676885,0.09735756124465463,0.09727003508448556,0.11401202534666194,0.9069723613183787,0.11663825604289545,0.13113721787335075,0.43261596755531007,0.12182867733080957,0.1287220584637674,0.08341682899450834,0.07377195418847082,0.12839871148639498,0.03971935457159734,0.7137284837261553,0.17842763342924056
U_4489,0.22763099465354333,0.17554009725582903,0.2008601655495022,0.023154556345267828,0.034172684808930875,0.39313263248975283,0.1732747269834762,0.09024773643566364,0.03933596444683647,0.04688545831323154,0.041366299637836716,0.06697890024118992,0.10432568943022331,0.392671634659347,0.9212442331315019,0.023708086706502398,0.10839515039218704
U_4490,0.15420484660113754,0.4153600558440949,0.47003246418956135,0.023932371087359485,0.1157138009814586,0.60759207588284,0.3039474698249333,0.10912118646356617,0.4938397522278698,0.03490951218500759,0.04210527545180375,0.485614966188164,0.14119170619815286,0.13969374681833902,0.055967619750294864,0.09534157184876314,0.09086976476754824
U_4491,0.37360212119198427,0.3439667610616398,0.3226172400637777,0.05750937417055454,0.05476816356679639,0.16300167999418866,0.6970902396720928,0.12771440720427146,0.060565765761227186,0.06675154215908496,0.08106234042524896,0.06873792803616952,0.15306249498696545,0.21223220454520994,0.32823955072814026,0.052304424304275496,0.13209407644155421
U_4492,0.34250132088584784,0.29065097823662817,0.29156228002351764,0.05802024945833707,0.06012042211169029,0.16671175724271184,0.07906699624635807,0.7255004969773313,0.6077282518508569,0.08050032844864716,0.05749149437865112,0.05793060103899858,0.16144387787744854,0.172795336176437,0.2942064930962197,0.035384080629335395,0.13994177918230996
U_4493,0.06673437007955617,0.7164928724143004,0.11679721950671966,0.08024766557906521,0.1044436911294695,0.1965622006041448,0.18296680283991956,0.13559362807908792,0.6310364506764727,0.12763341450955668,0.12300303441125893,0.7072164633361058,0.17171015935780548,0.16906205357909787,0.07415880504482152,0.053298750503015524,0.151143200071782
U_4494,0.3228478026163873,0.3060297362871297,0.2730644923513579,0.057329701205482475,0.05089321197502684,0.23009195294502466,0.08853924989924342,0.5183225510072765,0.047273199686905944,0.07772888388894314,0.057756180781616186,0.6288452248534004,0.12650144161629473,0.20264144613743265,0.599852131253209,0.02378254230562166,0.1400811522694673
U_4495,0.266626552890988,0.750832245101366,0.2658458872723256,0.03811292350859376,0.21107913918264276,0.1412931446685244,0.22448117814803795,0.08037452371855523,0.3838118790491001,0.20435869979454355,0.04299582116009372,0.06380316935952755,0.1309940629778298,0.1487177639650192,0.22143756080648447,0.031834200241237814,0.11702477834542849
U_4496,0.3324162780833359,0.29058160811878786,0.3068109817903859,0.05494297701959028,0.06266087885058759,0.8687104339160554,0.06939699775027221,0.1161719025291896,0.05192596242737002,0.06750201303622816,0.08582383320767978,0.0798957064423392,0.2217325337241137,0.2177553041638212,0.32784881223854534,0.05448012075842748,0.1452741293250202
U_4497,0.10619988217363693,0.13291876428971505,0.10401253555580373,0.1251672911344964,0.16527989153708494,0.15345215692253883,0.909911876580944,0.19244825459419995,0.07696772694927413,0.08970690435372031,0.09553155045819929,0.07392980370776386,0.1357179711301953,0.15577350417559,0.08617359636844163,0.33279395872900075,0.19537884405058073
U_4498,0.18743903450645694,0.16042625154349985,0.9322180032381724,0.024572010446891297,0.03378109195309246,0.33615261983268324,0.06141713958421832,0.08540403500038855,0.37809226407324126,0.05237875034768976,0.0433091168935691,0.04986322334909534,0.12012902670163703,0.13200575112097096,0.20708787566286915,0.04056678689669618,0.6267276970491323
U_4499,0.42312358750685475,0.41584564752165193,0.2908759200052404,0.06310174608608825,0.08318032786488047,0.5142341880015406,0.09841070618318341,0.19868623166168603,0.11987996721844199,0.10752896285651485,0.09800467887168257,0.0985832756968666,0.35081948442111244,0.2625305859778292,0.17391796833217693,0.04616719145455722,0.2871480192876379
U_4500,0.30567610099627435,0.24483093171122633,0.8041861442551012,0.04073656702244453,0.0375064624906849,0.1056414632537207,0.04570252002818108,0.08656738175521382,0.03500989510152707,0.04527031046754543,0.05914183649988904,0.03392256983422752,0.13028912334682188,0.6628024270866678,0.5465114987972428,0.033128807899962955,0.14362010805881276
U_4501,0.1102230245850957,0.23591269545393453,0.6392265070517738,0.054011629006202856,0.07486821413594602,0.23962051104142484,0.09298932187375104,0.11737314879754074,0.09109940382108694,0.08905134526971654,0.10834303035741688,0.8221132489227994,0.15277386626439796,0.15237649731914807,0.054851034846348644,0.022685826576736262,0.1342797424972823
U_4502,0.066271484530523,0.1909981651412999,0.8687817638568509,0.10595759915738541,0.12017296997197284,0.16733170681819065,0.2330082710027137,0.5485594477259523,0.19056313533016994,0.06757240732293533,0.07435204017277902,0.45346155296354906,0.17256021715375336,0.16709196146999483,0.07432785155007235,0.03460311480017655,0.15070751402080693
U_4503,0.23536597784915056,0.24377443823387338,0.26144920626074974,0.04215591562364407,0.04709790626906823,0.2925456836841124,0.5568243098989819,0.12563035475841414,0.08892056931963432,0.3696418185645425,0.06981965692064371,0.07345676691608911,0.15840551047654236,0.16408550448551557,0.14045760721938536,0.03141080669817496,0.5296913379486217
U_4504,0.39262968109292523,0.17177337820919303,0.8177685984987026,0.03516688153335301,0.01999371031758549,0.19595155282953328,0.04267216598899493,0.07659014890050941,0.041055576928121444,0.21228531240394616,0.054664866706765076,0.5423272719627508,0.12970101093724268,0.6339130312370262,0.3233501997709271,0.01711249593831688,0.09659806790409176
U_4505,0.18288298701714928,0.18470427937177963,0.26490144977641483,0.05937077836637118,0.0580010555473226,0.24400962044912947,0.12653673694201448,0.1320975936742619,0.8236548202929803,0.044399288079482874,0.06371505163537047,0.06863140799209436,0.1307847526903906,0.1359771083696295,0.08722524023448378,0.03754533102136329,0.510878644494118
U_4506,0.21121935615782006,0.5881044817753122,0.19025789553385264,0.05432980768382435,0.05254507293439064,0.2694281638641829,0.11562939712711794,0.13100774489440753,0.0496321657677689,0.0643403221209296,0.04867436445095593,0.0526919956379937,0.13969851654098997,0.15548899477445294,0.1190580424963869,0.4611511530864432,0.7958297283873246
U_4507,0.2671892698834687,0.2813544764853817,0.8646915510823314,0.049505517233115234,0.27484685718388857,0.23095863212027107,0.06384944413422647,0.20538888983213666,0.26724423351118626,0.12530134048152247,0.08517151448052226,0.2769015926516041,0.15655717845505435,0.14591494755781473,0.1636357458777234,0.013622973866929816,0.13007604342899118
U_4508,0.24630545939182064,0.23475262004837782,0.2166190833102129,0.04741362379189319,0.042413645685842966,0.273396091015194,0.08008978135694225,0.1348260849928375,0.0769303709317727,0.36975497563090653,0.05426843045803181,0.6748176017438133,0.1566356254131699,0.17065839735269336,0.13938721526328118,0.03673491677115811,0.5817118806003689
U_4509,0.08863433671052809,0.17282415903507725,0.2500350538723494,0.08375324263131803,0.11567780376760993,0.2073465847778821,0.14488200515362704,0.7484032488356787,0.20181533687507663,0.49225076165883397,0.08178445390829375,0.09048020118556627,0.1745457916139834,0.17715252439632673,0.06535049246947518,0.04593035203524975,0.1813459214553511
U_4510,0.24907077376486342,0.17926474555078128,0.22368119495793254,0.032293854336541694,0.04044869079975621,0.7254017681471588,0.09741233922614967,0.09934320342147171,0.0445251026724655,0.05187463716475848,0.0510980261865585,0.6199196738097084,0.1188171116467307,0.13781540113830093,0.22421290573887143,0.1346998112753186,0.5693167597543336
U_4511,0.048851718750275136,0.052195259048347764,0.11135016293572059,0.11693418886471058,0.1823886109037158,0.6988586757574318,0.1814708484983504,0.16904442946985218,0.10137082955369262,0.18071556184398735,0.18166177337312048,0.20543275864859017,0.13108911156427447,0.16402766072443561,0.08404530546966518,0.367955180062128,0.20452363613370986
U_4512,0.0390406598389637,0.05546002953585034,0.16555939535270242,0.09219964565908713,0.1397076796784512,0.1940601158237801,0.1167480728923561,0.1620942207231728,0.10420113691818758,0.6043650420637995,0.20215583556627365,0.13996440071555882,0.08340775186783297,0.1458757241482227,0.03307145818467879,0.6770077115238313,0.1577262116356446
U_4513,0.28269701189691254,0.2833149683974431,0.2904182343308738,0.03404902346268946,0.045084281985191245,0.2839013166363481,0.08969625082878091,0.12164680668438105,0.3876806810777304,0.5709158103554697,0.05193084599941693,0.07490308978263424,0.15823120910755367,0.1781665455521687,0.2790960527086245,0.05388361749402515,0.14166043271443496
U_4514,0.5572626428838983,0.2322863977303709,0.5293016360113457,0.03277175026610492,0.038401753406503286,0.7616103034825321,0.07941982275451115,0.08361743100039681,0.04390280615028419,0.05170904700013447,0.036638629528750306,0.39894494604955116,0.10715441162759162,0.1363736454891451,0.24313177591992316,0.03718019934668228,0.14247820138446177
U_4515,0.29318379919431986,0.2648846384031073,0.9675430142597715,0.05705694498480202,0.03284538785255378,0.24189811995904795,0.057068749954821155,0.121403444427051,0.04822954460785159,0.05946611587120675,0.06489206094800046,0.07383439840388123,0.12136578465814889,0.2021903106470317,0.3023665679608305,0.04732386398617253,0.14584213020350095
U_4516,0.03452854969899684,0.08992308722358222,0.11636415889285819,0.10479086545032623,0.158004888656887,0.12165534426554456,0.10664378571825281,0.7072282156082148,0.06603367890600036,0.13014132777458917,0.12421180814925906,0.11293787734892956,0.0755463770506814,0.13175562323453724,0.07423373458158007,0.9690351983240963,0.16122899798289067
U_4517,0.1372119982931638,0.4632589548836716,0.28032961159824604,0.06664813647109924,0.1089786259186564,0.42549687611775,0.13613219677352306,0.1695882281293265,0.2301861420998521,0.204130968625441,0.20089852265929006,0.2985513424145887,0.19220418557353341,0.27709293420543674,0.14067320916847792,0.1726686124495297,0.19095863952690004
U_4518,0.35208771683162987,0.33453907309202874,0.32267837993642356,0.050709235660083354,0.046379316223276464,0.17525328671097992,0.07178386202777387,0.12896142709137126,0.7265964145593394,0.05469585786891842,0.06772975023998667,0.0708374201127645,0.15395941915998576,0.21156624924438155,0.36003349220807057,0.03904904020126489,0.1471587544193833
U_4519,0.27997584969376893,0.24412212641174902,0.9841105044862881,0.04825069848647245,0.03956745096990549,0.24971440778738077,0.06921589708733583,0.12066526014825947,0.05263078454209602,0.0818197692396137,0.06723229311341358,0.0774784951720383,0.16203982858968782,0.17431227279938794,0.266347020810069,0.051706464531896396,0.1516273035342257
U_4520,0.29567222821535055,0.22097707370178596,0.9627795767643901,0.03768144337769562,0.02669291015582549,0.15639176589428572,0.06648875752946143,0.09216223539430436,0.048624488320802316,0.23804971094620536,0.056868621246237726,0.08324987427132213,0.13489314057224855,0.15121439337814355,0.22716893231902974,0.035635630040841075,0.10100443061792351
U_4521,0.32577915489459297,0.27372478356668334,0.2908358606028895,0.03843955571874158,0.06856316258581466,0.24685844542674512,0.7320379304637901,0.6027551004643343,0.07314724815772551,0.08737441919957302,0.0682240195985786,0.08098568937102135,0.16629125169166895,0.18144978194781766,0.2801893758332759,0.035084561537223447,0.13447598284441747
U_4522,0.07657437540015243,0.10746862009542246,0.19284134627019112,0.06478992603439207,0.08899079572671277,0.1040772578176627,0.16696891303683895,0.6219634097026543,0.4823477744362674,0.09650062699119544,0.10200470550012242,0.6894501677640609,0.16583169100683587,0.14882988116811346,0.08174895790969608,0.038244945027622254,0.1569276466012704
U_4523,0.30828400494346,0.2912413790295829,0.8812666249665493,0.042491860265587156,0.04227023273910975,0.13756552019453905,0.07174518528627974,0.09583142227461482,0.06687285433531912,0.06404781916821656,0.05168001295349567,0.049502817161648116,0.12981987731577566,0.15601842386931197,0.254932293148117,0.38341658953622443,0.11153975300335046
U_4524,0.4996404242878678,0.5010245875768745,0.48304216221361207,0.04431538680012992,0.07471598850545247,0.3345674377942494,0.09634309304604471,0.14095856620701414,0.19595091916772972,0.09220694403749176,0.08970853366146275,0.08405873940000734,0.28688010211265574,0.28144529063280843,0.324497270143592,0.04547985302858103,0.2065780152259642
U_4525,0.04768494229769562,0.06830951181977535,0.12501749910488194,0.08463923870106158,0.2035214987386077,0.18114252177866222,0.130543562045149,0.8451070076171707,0.08221355051880577,0.15487762873195704,0.14530622869847185,0.3434495477080429,0.1986392829330829,0.1760142668855512,0.07041614094266688,0.34706630763061913,0.18873789462390764
U_4526,0.35839929834332473,0.3286897707706111,0.31359535077549167,0.05478504206390228,0.05070301491231903,0.21694177016199176,0.714974632376647,0.13059604090277752,0.060921535077295655,0.06523958542975128,0.0776866075653257,0.06813474533271859,0.15023041027180087,0.20843677849892087,0.3325034128134546,0.04940816736502681,0.1481868195846412
U_4527,0.255700182178392,0.2305599022650807,0.3183941452053448,0.07824520107087865,0.08857990919384219,0.2695446941716329,0.18964017807188627,0.45645469398966654,0.05497937008890186,0.4812180582243274,0.06285036594447761,0.055641973020137264,0.1484839229092743,0.19122229020108836,0.26033898605035816,0.03085927918818028,0.5801022020948524
U_4528,0.20377715780838077,0.5291660194048267,0.2913894049439155,0.025903327288667802,0.020498690155513134,0.721265045499108,0.2749107854797545,0.07121933099942479,0.08473099707077306,0.15545559549842958,0.028763371018443493,0.052561878671986445,0.10171004783248103,0.12177704454763821,0.10825750420926927,0.13708539486301302,0.6209871139510807
U_4529,0.08608124203348566,0.1325846025610233,0.9109172722211019,0.08222247931740442,0.5004023361013132,0.17427944516571903,0.1484994987851836,0.11328949241825755,0.17134783018805283,0.06366447373537032,0.060864946437886605,0.06161390056508095,0.14942433419605508,0.1556073577608269,0.06216894975852163,0.04209315740040176,0.1357631337454822
U_4530,0.2407587815235065,0.7150823516093785,0.38568777740301535,0.03457749171435117,0.3105091560019982,0.12182951870003861,0.03756308743087357,0.07061355063453288,0.022474910600562087,0.061352423993902526,0.03786288156523324,0.1795349129730284,0.125505305964912,0.7871402032621357,0.3443979558283726,0.2038994382574963,0.0819926796364356
U_4531,0.41781226951516354,0.28272724719024334,0.42771326945659055,0.09835509703990339,0.09497638837084076,0.3865366092259642,0.17665596108390683,0.1928179184917969,0.06427721403589823,0.09260303947469307,0.09636716624681245,0.08392560169200966,0.21526256467169144,0.22649161163643305,0.44017132886783966,0.04607398478571781,0.25751088349341866
U_4532,0.31130796328959964,0.23983761284613872,0.2536664698663475,0.03223103919823283,0.03288091803010787,0.1544707937585586,0.2513517033694982,0.09069805553865062,0.049316606665977224,0.05944807716910784,0.05756565958100639,0.775613729397857,0.13365801129462845,0.14251506767889663,0.2819028256957301,0.2875720446221871,0.1167801631609833
U_4533,0.03996812157284534,0.06316530168980346,0.16166313931616935,0.1028037808512888,0.1767433449928611,0.10770403193358388,0.11993932811706001,0.14164572983248547,0.698521726510978,0.15092100351886037,0.17494604985769452,0.14519375249812053,0.09639683353391121,0.15951801412881442,0.06471123014479338,0.8530926263803705,0.18206299324542935
U_4534,0.18550126582218537,0.6349337649529734,0.25479244273894186,0.03743810406313791,0.3927160460351458,0.40349197993894687,0.20482960221125746,0.1482227474068034,0.2242680273104556,0.05166614118645099,0.058067788852131985,0.641902496718183,0.143457507164988,0.14052233551568058,0.19173178578074512,0.0006268286060567107,0.08935594292107157
U_4535,0.0316168214480134,0.15954306901499613,0.10102401081450532,0.11316199279261804,0.19185198356289798,0.29830048641104717,0.15470339840622116,0.12296935410832156,0.7636152915712249,0.17252547443399546,0.18867428613600562,0.2895153957052198,0.15816239284715122,0.17900667496233869,0.07938795093434226,0.3844423562711683,0.1716092868206917
U_4536,0.010649744930699662,0.8812600950847216,0.30791346782658213,0.06473307757706093,0.1857598698223978,0.10893154520191303,0.4468658538778155,0.1769475650844845,0.09493619228179694,0.15058086823252392,0.1445402665051093,0.2110972268247488,0.0882329656138422,0.09140612026589358,0.03508412077975983,0.27172681927141124,0.06636717288111044
U_4537,0.24336961751726122,0.2597775776861958,0.26810732671951343,0.05560167817552334,0.044961766701112724,0.24190026263201664,0.07611025138074234,0.14106798830738082,0.056715445565956465,0.044749258915865994,0.06304403873660633,0.6065428681734298,0.15928735081759093,0.18524112970216067,0.21001237690661004,0.025068073535316097,0.774498615289461
U_4538,0.03691275210753058,0.06675423399724802,0.6103179460195205,0.06875690148444381,0.12561810800948447,0.15697324123767203,0.3539979157965083,0.13229768852748505,0.6189494905787932,0.14317946849397883,0.13134266075168,0.14703212835186708,0.11417913188248235,0.13581340057527377,0.06474561158242365,0.16196306808062166,0.12887195347801722
U_4539,0.030210858624602877,0.1567490147723657,0.11638951333911884,0.10570196017296611,0.1705966114276808,0.13793420214613009,0.1319699354442198,0.1270039520373727,0.09820274546605606,0.1582020106015312,0.19142980134723717,0.957333104070367,0.1401129326922103,0.16302547020184008,0.05886278423902995,0.27068866212190257,0.18909366364869684
U_4540,0.026969406990377313,0.07816391013079349,0.09558826763976055,0.09240281746097781,0.16539651087126567,0.1439428435901485,0.10693090817537154,0.12424518599155746,0.08128475768797415,0.12928049188938898,0.15118370141915466,0.7916305815047475,0.1315649147363011,0.15544602865446103,0.09589937225798909,0.9053229666956467,0.1677899754103857
U_4541,0.023824256880646752,0.2605646438053657,0.1335696552092989,0.0686923804286391,0.11607564439755733,0.4561012523024718,0.09131365611226105,0.12467556146055342,0.7728670192731127,0.09580192268941626,0.09851499617065043,0.22147663027489076,0.10138181651786826,0.09122713386586928,0.0511981027392278,0.4168848711304596,0.0958860590221559
U_4542,0.047390368620195016,0.4923575642119666,0.16177470898016055,0.110530983657155,0.1405531317193377,0.07596278957192076,0.7889995829906683,0.16375209309820832,0.07443973215291343,0.15474846510466314,0.15735602238292828,0.1306970945531118,0.09330800991603544,0.14408302453475166,0.055542493771609885,0.5799760920565248,0.16135319864348446
U_4543,0.2933818640639955,0.3022253601495747,0.9390241626363076,0.05805135194715507,0.05027367861617117,0.22278802539272807,0.07304461960992756,0.11737198122711362,0.045175591508247265,0.0629242828971198,0.07981050255927397,0.06272675063650845,0.14169787605716605,0.18550589070684873,0.3224820875111008,0.040073030414729656,0.1431617123562725
U_4544,0.3380703067365361,0.928520728748301,0.2560354394882887,0.03807400103849439,0.0403064854655059,0.15306138333644576,0.06737772512800165,0.09555070271020852,0.5574378611867307,0.05210309602479757,0.04798459922934249,0.07878616082955821,0.14365077985846078,0.14470097605518625,0.2357285365151088,0.037120586360220933,0.10893174188739856
U_4545,0.13566013418660153,0.1325441479046407,0.22677457735055484,0.09184116392651658,0.0957527694021259,0.20926206604087016,0.6637439693694478,0.16112090268060958,0.2089658643867879,0.09121437012739891,0.07866306416237737,0.44534889921451054,0.18434532287443178,0.175715072348766,0.09255571225497682,0.05598773979227718,0.16575632648553026
U_4546,0.24202807450848313,0.26159429670462764,0.24988722087926138,0.03414630711344737,0.044993690657443346,0.29178251721372317,0.07382338076840625,0.11241247279699765,0.0603405889144075,0.65112524329301,0.041859042756881626,0.043693369615504477,0.12125791846912204,0.16262732582122577,0.1496637103414531,0.29949261628685736,0.5656926779557264
U_4547,0.29196152442045537,0.29625061543882336,0.7814405565163295,0.03950762270155872,0.04916181217443674,0.1970248389466763,0.06161983331222787,0.10451641720185328,0.041154437461554574,0.5681628732038504,0.05476223378585253,0.07209571725977515,0.15174357849999054,0.16839802349064087,0.28779810731382793,0.0383694579629898,0.13433577596901886
U_4548,0.061160592175627325,0.08039862041641095,0.0945782800434035,0.07715694001948205,0.1563692580820949,0.20804466754778583,0.8579172696497067,0.15786995297115927,0.11643181980471554,0.2324865847133499,0.22910739296439991,0.13372954653083252,0.10959691616124345,0.16728547240426386,0.07401994967714476,0.35578439337147266,0.1922698311810283
U_4549,0.23152549544487944,0.12407533344913763,0.5435832427400304,0.05361283000165246,0.45883078009881884,0.4531748415816139,0.11758320694014181,0.06081354317367979,0.08746324904323391,0.12954384639882363,0.12227159039771253,0.6520003427586029,0.11441426469105541,0.11411716898771099,0.03212310045093795,0.404320187565178,0.11745408264406931
U_4550,0.022707193224692276,0.36384024842372487,0.28917267220386017,0.04727991774966278,0.11542852123610861,0.2951231909932003,0.2961020260222972,0.10133537919329925,0.07535754097531777,0.09415281082006371,0.13930346551304698,0.9172831958566849,0.0728368641338333,0.10084083818526154,0.02683655308261509,0.1963479578988137,0.10219831029774043
U_4551,0.2334458713114912,0.1736701011140276,0.18372021499183408,0.03373441292670552,0.1490860780076468,0.2641497272874496,0.17548915006101018,0.07014818859395935,0.22311831865906728,0.03999586712072496,0.03400788200781124,0.4601934973805222,0.11679691988432532,0.7691105419334726,0.7705487538947547,0.02007549004827155,0.09713292871957702
U_4552,0.16904026191711677,0.22801033436654794,0.21048506736841488,0.10213933057433011,0.10778419528962885,0.27432071510162115,0.20124927365876438,0.152437920139725,0.1838032057040172,0.07888994902911589,0.09551122298319853,0.7748653760916067,0.2036331043539372,0.20046425504046522,0.11987714560501195,0.04062050244888714,0.1917181320129253
U_4553,0.2581503142096704,0.22275071631763776,0.2473328867796888,0.041916477161539845,0.03948776918957999,0.15150446694057962,0.244721983432168,0.10704363913551199,0.2893740473450627,0.04849778972143107,0.04845075153829009,0.07217455157695257,0.11832142499917976,0.7425483541437019,0.3861089891170554,0.04869318278772575,0.10611286134295485
U_4554,0.5515582890402655,0.5091778695038158,0.47587225094738356,0.03198296906319382,0.044483658890310585,0.4888833469269387,0.08344344761647397,0.14889651748423766,0.05627434132548573,0.08578322381534154,0.054822233213094027,0.06957597997701767,0.18972740754718304,0.2721843464263442,0.4766641823301897,0.07740854633030077,0.21995263463160175
U_4555,0.3869973834305532,0.353098538932523,0.3302206589969495,0.05639668520710635,0.047084146449433664,0.1800319089935989,0.07461736007218125,0.8334711739035975,0.04648659719317659,0.06976707117793571,0.07441246024560992,0.08926197595005644,0.18900387656928724,0.18878535651207481,0.31873596360783163,0.055412325056369546,0.19643748224644722
U_4556,0.056939461044653694,0.15248735243945308,0.18835350989635605,0.11507029413535477,0.14544382725050126,0.9403144874909173,0.18663839190833587,0.16327489582083124,0.2051521177996175,0.09388033341352718,0.11012256041339644,0.15004252734501788,0.19931220240611197,0.19200524829151364,0.08778812018125844,0.04903999086844567,0.15375387414473113
U_4557,0.10587941269476836,0.11655249387793065,0.13483759682230712,0.17098074513436096,0.17699748527260728,0.116682491802274,0.7866249665395555,0.17966460470034695,0.0634307845562162,0.0823254199504177,0.10103704556280181,0.06973493698836632,0.16470472706585082,0.18559107267567732,0.15615725170019693,0.4043245906706718,0.1994198697940135
U_4558,0.02873467528986007,0.05499055618422544,0.10685855881484443,0.09762123161313352,0.169121524085402,0.14168720555838513,0.7461709417460388,0.1556107685916589,0.13312557931674954,0.21343773426115137,0.1730509184410997,0.1561449059871198,0.108545165717024,0.1688189729706588,0.04631120904882756,0.7651474200588546,0.16678901470718022
U_4559,0.23303167384770124,0.7341895047036193,0.25182228095562664,0.048204649953938375,0.040537286571586284,0.17612248013324955,0.08233337585002198,0.12422773421427225,0.0975977368896305,0.06187569563914549,0.07423120482975915,0.734794202645136,0.1441584511702388,0.15757490538614355,0.1558398413471742,0.02371497951010195,0.486809631430529
U_4560,0.24790186365620986,0.3929821268163154,0.19405273107462018,0.014418305045444004,0.02075357661995074,0.4021693707989202,0.04307572019333498,0.09718738924148349,0.014266524956439194,0.1453908971891625,0.04134822825643579,0.13308774969775594,0.09756157402909099,0.4668078030062889,0.9166509242861225,0.07325835418886727,0.09340051261327353
U_4561,0.2522358963011199,0.2843860720686645,0.2611506762014601,0.06217626472390629,0.051354946881376144,0.2877843210587902,0.08536365910268563,0.12611986499274164,0.07926375590650275,0.055709154679908286,0.07132242862082253,0.061619368035354886,0.13898884238966477,0.1719631057371412,0.15307796411232813,0.039060912522772606,0.7868933794182216
U_4562,0.16159661815887988,0.19018212279893149,0.8580680664834195,0.029388398772457167,0.037875456433062546,0.20972947151810556,0.06555625823837273,0.22530914631837465,0.2139277238840864,0.2332057458763403,0.048314791730606724,0.07127213053004319,0.09392082186615025,0.1342678012377988,0.10887905906264286,0.03445418780005627,0.5545554293010792
U_4563,0.248096811747433,0.1973639925540006,0.22243108502811484,0.029637315665179274,0.025678679112926824,0.2920593727792806,0.045950650694668194,0.31310596106972477,0.1778804938114597,0.0550808389711398,0.04366425948186929,0.05873507856864604,0.13098309581998002,0.8340756301679578,0.7240697901170349,0.027493749384986665,0.10549156180678368
U_4564,0.48212344621082426,0.23387093244467416,0.589563107997659,0.044384455036284604,0.042618156651951906,0.711970625822875,0.2685970779640575,0.09275029406663801,0.37151686046566784,0.04648366543761417,0.05548898215929724,0.2857122439170854,0.14053320971272104,0.1352444455371855,0.20382587037914288,0.014494470484611081,0.1078515462472609
U_4565,0.2668477001477924,0.24217527328584493,0.2497137121383586,0.03517199235344848,0.04478654584521307,0.11023092631184517,0.055551994704180464,0.09503689929032955,0.3197885191663301,0.050798220781095194,0.04895982308301085,0.049755104370781345,0.1327677002308861,0.7185551123989574,0.5437533019713879,0.030214073367581945,0.16068988876144374
U_4566,0.18169789764843414,0.1529248272201265,0.5983026247789983,0.02626526831716532,0.022393227165687476,0.7003153343947904,0.1675922869571084,0.10656551990130435,0.1620133234496455,0.0441806183693035,0.029560815968533195,0.4810534996262973,0.11345921786391383,0.12349009326104836,0.18937101663310626,0.05467279896491138,0.5439409892380728
U_4567,0.042175194347398304,0.04647883325436217,0.07753335107661777,0.09831490415504188,0.1628003090740267,0.777424380780297,0.13814148946120683,0.13316415570537352,0.09726689540167462,0.19632350238826177,0.16950384638900295,0.19145253112481514,0.13733068590654107,0.21295013614558753,0.06336409123090658,0.3193187237186734,0.16518273068614445
U_4568,0.415661935707743,0.08054273735835095,0.4662785408841648,0.09159411435802185,0.10690642596558511,0.11572964245719664,0.16863907248222534,0.13737986402714814,0.18641916644108972,0.07749245410732603,0.087496393794488,0.8320744215914162,0.16770238155962094,0.15017100503081796,0.07087552537023117,0.05297021113811155,0.14672654203208005
U_4569,0.3286649459261842,0.30391171512873,0.2565448214148125,0.049925756062266576,0.06296548398276923,0.2142003255096501,0.06302194018713136,0.13262127683749786,0.8140526102092478,0.09422545319612184,0.06870584660006182,0.06953212723132246,0.20594449354865024,0.21417387005879057,0.20886626164331693,0.03389983519488807,0.27412755390024174
U_4570,0.04854665062238141,0.10176023160227332,0.11474456848402849,0.13961490855310646,0.1519376013471513,0.11009160947701549,0.14097956402569406,0.1433909535647765,0.6561906138936765,0.5938626831147582,0.0955568081420543,0.5826167432163258,0.08050864775846073,0.13712322502589858,0.10329653277435102,0.36865154784504417,0.15335091196015474
U_4571,0.06515284456632528,0.18706248440970405,0.26253872611002793,0.09915879403385774,0.10176170091615834,0.19847397060646121,0.13920721695205146,0.15318280298455594,0.1998497072184895,0.0858153553499884,0.10133159717459687,0.5745982005831809,0.16821636998331074,0.1560318955595219,0.051252257792107576,0.030317201242983018,0.5703365061752146
U_4572,0.048816435257333576,0.04477852738818051,0.7478644327437496,0.023485609729355816,0.20719271552473137,0.14737575921062884,0.3344838655798746,0.3099364508916266,0.17897701076242542,0.26467616813575917,0.05677420338148319,0.37363438776272206,0.1541370061855557,0.11877569992352331,0.040099840946107745,0.11432926311647237,0.1301402635397366
U_4573,0.06545830110302445,0.7159284727034166,0.23603816130444233,0.09148565991819797,0.5817913716066099,0.1373488978089063,0.13580098996353113,0.14864231370336498,0.1660831048036231,0.14244608825254532,0.1306043058092102,0.09012896506283945,0.16568835900828058,0.18192161335783924,0.0591647274437459,0.055142670351504657,0.14774336532424528
U_4574,0.5093429759158673,0.3223886715773567,0.31646523985749264,0.037791561061199054,0.05416658402967251,0.16293867326182832,0.08908081615257121,0.1128972705087022,0.06628685500460357,0.0779061680092621,0.058843969731467556,0.6787876379918669,0.16837507570966895,0.2055771392072134,0.2978909782979947,0.048524265065036466,0.14051425392090125
U_4575,0.388361094844062,0.30818935457112406,0.3100796647520599,0.04618185457849768,0.06306243741541151,0.16182844972094035,0.43912094486972175,0.7490892021573184,0.06804971819533477,0.06529851839323363,0.06018361506318706,0.04673458367052257,0.1415210666097748,0.17331676207193186,0.3106130416888859,0.03789429086179112,0.13974230816216987
U_4576,0.36227351119069445,0.31123340242777386,0.2676720733788697,0.048014927971184625,0.049235073847753864,0.20646343373100434,0.0718035680900373,0.09955630271405125,0.08807456536579149,0.07067133049964792,0.05437481162987899,0.06208949786557391,0.1265254262383026,0.17291045455283402,0.26775307683026606,0.050051566241832116,0.8073913596865713
U_4577,0.24838221891482926,0.27546556927575155,0.7296316174871951,0.046475359078972225,0.49831260889125223,0.1832730377176035,0.09441816405406966,0.6570611561634431,0.15498200811132073,0.08199721954858598,0.08322087673591906,0.08051076867999821,0.17447669881938216,0.18693312408224855,0.12435378827066432,0.030794829924496288,0.18988087609226115
U_4578,0.27569765847781796,0.2597925832998578,0.27830461100200243,0.04051264527034809,0.03678071572835447,0.13610511539595327,0.04306098781405677,0.0965059473208471,0.0363635019952491,0.34723337625491657,0.04414532746108887,0.03519608318037984,0.12699763567220396,0.7278095409874572,0.6441309141894124,0.03291305835784111,0.1625495958258762
U_4579,0.37470144044905296,0.33700531613257395,0.36741626504915686,0.048484857888070956,0.05393457016966819,0.32425358845870644,0.10188541135724855,0.13024845557899173,0.06970033464930586,0.6996451373746134,0.061422347493485296,0.06561405350519846,0.1666200343211215,0.19892852180773987,0.24880198360458866,0.04454793510566633,0.18444022534063578
U_4580,0.48976238585500204,0.5079475436440427,0.5048349772987496,0.03228838588271617,0.04737936979425236,0.3100816091397651,0.09363633412082956,0.14884281473939948,0.0766833571948394,0.07140106133668545,0.05703765357996315,0.07948476549899577,0.19793949010087708,0.2700412095904511,0.5194363942102912,0.07295754213476296,0.22987503845490953
U_4581,0.10193617856991861,0.28765171823618335,0.15393792691570932,0.0801470538005383,0.0994397917439189,0.15903056260303894,0.1246590877001521,0.1315530351651032,0.2208731286752475,0.6825648282191018,0.0949741805155702,0.10322022078316775,0.178245322096178,0.20347482564666985,0.09414024591832837,0.035993001128912835,0.7718991454291503
U_4582,0.4004760237472047,0.4165928036082561,0.37739917430219344,0.05704724812903716,0.058257976195672065,0.27102444523487046,0.09981502417855723,0.15059068991565253,0.07973101959937312,0.07469187349783428,0.07345850536213323,0.06693658922778445,0.18390121389572991,0.3255671046780477,0.4229664296960913,0.04400768559092799,0.1929835291426154
U_4583,0.3231070179766603,0.3004265958008786,0.29724820162686905,0.0613379777280963,0.05936942872183065,0.8787961027176967,0.08178253023878096,0.10267779755590875,0.03392759869809632,0.06050143392088277,0.076879639383434,0.06990664338666014,0.23248235900619518,0.22172126061847197,0.34664543154117056,0.04925760488663257,0.13751509320423289
U_4584,0.3497191552072311,0.33828861263465637,0.3053608058609713,0.046117925067562286,0.04503601531623543,0.15555798979573304,0.07952588988580747,0.10570180183231424,0.0539831114504842,0.06833994557489612,0.06457725860219778,0.08368162123097239,0.17209441393202754,0.21038636325756482,0.29200162910602423,0.7344987799033025,0.18322629789007927
U_4585,0.19182374439550098,0.29194800222959205,0.21545156031167895,0.06076002342583765,0.05519615903957381,0.22029918561725273,0.08978162741808798,0.13597042637142934,0.7300944301048948,0.0588206283381858,0.08170165164258474,0.061023144197830094,0.17477220772861934,0.2610267159282359,0.1149150254474703,0.029513915768212273,0.6633388906214668
U_4586,0.06808871431540975,0.12266606378617216,0.16400598928811316,0.10599976542702307,0.1954262596328802,0.2522011742973781,0.14481003757972438,0.17944426423713178,0.13282305801364488,0.21149550361306124,0.2249111756798654,0.2695763714230247,0.17538981525183184,0.2511813351695332,0.0923174149060002,0.6842474972602421,0.254728369523026
U_4587,0.03364615424125873,0.7762944727039703,0.1545183500810362,0.0930031810425071,0.1728170633699677,0.11623534248354894,0.12173847818991204,0.15520200042415933,0.47181414144800027,0.18215386355730925,0.1819776006943968,0.22080207797356,0.1262377611286953,0.15884896916925706,0.05244509636864836,0.44143502042655164,0.18132109366626065
U_4588,0.03939349464873455,0.05746526567102439,0.10538770821184604,0.10478276770384633,0.1811795453264487,0.1699967626177117,0.8743279123864298,0.14882538512774493,0.10815739882261544,0.18437903699855415,0.21550681491426305,0.38408354195711497,0.1563200971499965,0.17798498529256296,0.07859821093765501,0.359593367919832,0.17007425535172185
U_4589,0.05199227709621086,0.16925468651539427,0.16360454422648757,0.0877496600951029,0.11482043556461322,0.7084791375681019,0.17692646277499952,0.15663381201654586,0.1985856152429213,0.0766807177339882,0.08676931290423318,0.4787699773965075,0.14523006082594148,0.1799100418344567,0.060221266879128876,0.6011195956887605,0.14514676963955525
U_4590,0.5658759498960286,0.5853252662652123,0.4670222128557301,0.031631189441085096,0.041647813533615644,0.26472619224685345,0.07458536027019277,0.15726620046860618,0.05421016977764925,0.069858640641837,0.05670681366174421,0.07376122889713364,0.22461399583163497,0.2784028260704537,0.4900215352792975,0.06210199338831918,0.19660317101570787
U_4591,0.035275548789402374,0.029304616148487353,0.15903076423963405,0.07197837233092298,0.1418885915712394,0.2566530095013665,0.09593790284460607,0.13572898816775364,0.6860498446265846,0.12221551696768068,0.15400886387089777,0.4335558514580476,0.1013759183129747,0.13066292992772666,0.0647754746079969,0.7156727989613135,0.1618167319913819
U_4592,0.34558208220094283,0.3170394511699953,0.3058073357588551,0.04332106192712107,0.04250200366100735,0.259968482628159,0.0819766270812399,0.10261259229970097,0.06208354969262783,0.0716823121149579,0.0642240083953041,0.09037354371746484,0.1788261734291386,0.20829461073263206,0.28350095628031535,0.7698664256167831,0.17087289688542623
U_4593,0.1443796644440099,0.16822408849577036,0.23033511181027463,0.0627743699812261,0.10642535205717152,0.23739262553854576,0.13172616512086704,0.15501975234818227,0.5848780515744191,0.09252389194986217,0.07624098769218307,0.8690884055517282,0.1994960567471262,0.16743806204906123,0.08579141990636073,0.04480506031440928,0.17017139637468615
U_4594,0.19237571965261369,0.24662521050324715,0.20401503214373673,0.0303233053625791,0.3807491347527309,0.1704920453852907,0.07798581869675941,0.10459103342034687,0.5608310590782082,0.3145011925682164,0.054751528495310064,0.06530894320777435,0.1403021266954698,0.15155275345920433,0.0853509053306687,0.5602286418889754,0.31539311941514825
U_4595,0.13135632320224022,0.4014673725419473,0.6628909313672062,0.054770667807140475,0.07739728122485476,0.49267646558090966,0.5337682810053248,0.16962626448368773,0.10280335785059769,0.3749203210846831,0.10663149449697472,0.09497079471168991,0.14307691940977138,0.1475714161857013,0.09096039105540221,0.014059873475203441,0.11585096803572581
U_4596,0.02537603091511466,0.059775431687848254,0.5299170880241703,0.0949344389275101,0.14858368581114523,0.1379242488366316,0.11471882436064507,0.1256815731769455,0.0742214895774622,0.1320084663477583,0.15526639015833418,0.18749948702858893,0.10417685706405724,0.13233240673918978,0.06229603655085876,0.8694776252182403,0.17745758986710075
U_4597,0.07425116543188741,0.21305145059358999,0.18957675316470735,0.05986881599161844,0.24389451374676585,0.19899840760551446,0.524538247691143,0.12151994297460317,0.2043474677412154,0.0910924869024565,0.07606003250498333,0.5050301951622106,0.16385006168805863,0.1669250510648847,0.07570491038099145,0.02449377091829068,0.13129386575867363
U_4598,0.2237706723125627,0.2004958326823659,0.3902124197435133,0.033614869130412256,0.06780368755577314,0.09973469344207787,0.07622909343313938,0.1009798830541708,0.023533987563577632,0.2714711711884958,0.04194463505393423,0.24797888148221042,0.09688306567610058,0.8003026037794755,0.5975432332837374,0.03478143953234343,0.07700527273220348
U_4599,0.03238566368551282,0.03865105222167056,0.16034216390550757,0.061704106522295674,0.14595488749737745,0.12556242567026044,0.09823672229417535,0.1514534770789028,0.5404375523285249,0.16410515484147142,0.16602059984799933,0.4647527047642542,0.10476744711360667,0.14629247790319927,0.05579427768285955,0.798237722606041,0.15450408422264728
U_4600,0.06451130553043767,0.08978926681578954,0.529041121093216,0.060672474606980734,0.06981736235621688,0.15453450310876332,0.5146379922795898,0.12097716596724213,0.6234872925776558,0.06674844447924111,0.058855609013278874,0.3433527034993294,0.10703817496755365,0.12634237472675375,0.061034298105343984,0.2144036806283217,0.12142017698421076
U_4601,0.11836955508430666,0.16192933889922823,0.24689802375077577,0.049548143114627755,0.08104566048774493,0.16099357343200413,0.13971184696314126,0.11806966363154607,0.5791172314178211,0.06909930264398235,0.05667241856409745,0.05887021372618491,0.1385035838806644,0.13130979396023304,0.04923616368205201,0.34512682413851337,0.35294414443985966
U_4602,0.3399985930401551,0.9879926726668251,0.2533582525353673,0.045210390386193955,0.04942204638897532,0.19381620486572515,0.08278623768033291,0.08423831031034548,0.04274916902913393,0.059754994690921194,0.05660113632620285,0.0642787355924073,0.16502193627558656,0.1808296542171429,0.3137851729234132,0.04117872233359422,0.16205022009000064
U_4603,0.16240352117231566,0.6721636613541371,0.664921732440598,0.03509600884644197,0.3588388520641873,0.20570007875281673,0.2654963470017206,0.0993130946941862,0.26520053655983766,0.04928818891599896,0.047114076632167864,0.04741772746621413,0.11889642309715151,0.14042476454665792,0.07421385041554857,0.16795040044901527,0.2916948945783721
U_4604,0.45570538644265174,0.3552724850140562,0.4230330158619352,0.04598214767258887,0.04728903628900492,0.2295836563105756,0.07901398939453824,0.16807326133502412,0.0635784319875024,0.09205047841063208,0.06950972176065465,0.08039339665443272,0.21228806193518698,0.2189074034289858,0.36313082770880184,0.054617297529404474,0.1921856722117281
U_4605,0.06814909452984665,0.16097742260764564,0.24236544926687742,0.0974123672116988,0.13984819282029531,0.1916565719069091,0.8353127628499043,0.15821943249284035,0.21205744841860816,0.07355048702712254,0.09076335528393105,0.4683230145365139,0.16528708005197987,0.17493718992780358,0.07178726509558468,0.0476054465415094,0.1456239639399349
U_4606,0.29523494081660745,0.2676292767016597,0.28283551864813794,0.030332276338587497,0.032389615042991426,0.31759532001457424,0.08434440235876124,0.12904733314768466,0.058665112672640636,0.07710096696003885,0.06091897087030818,0.539212481266446,0.1671855533421729,0.17634022812797623,0.28557813307438323,0.5723560947825499,0.1524651109411638
U_4607,0.24600366353992464,0.2897577782501155,0.26922524563737726,0.06573212296477561,0.05090541301746,0.255578363964148,0.09224994822484267,0.13072368844429882,0.13469333402042966,0.049066985567253474,0.06616190324494631,0.06260299186096038,0.14061084177423672,0.17554191814342301,0.13452906880372356,0.024513333080938757,0.8015277841412906
U_4608,0.2654307200641372,0.26747828979283034,0.9797137959302357,0.0645528284764607,0.0555012361709705,0.25027010087355156,0.07776839777022991,0.1307420610533016,0.13269684151252048,0.0804184422409666,0.08091373891684593,0.0695507220614243,0.19454206149796446,0.1958877901537483,0.1319592589240787,0.044701546369705955,0.1773987440330623
U_4609,0.5807257445344317,0.4824816407319672,0.5437224062808226,0.04055914903385756,0.04678403383012435,0.26771396635183753,0.06817358987747181,0.14410732039260685,0.05197633932027364,0.08014297852476013,0.061163404766090425,0.06949693630316817,0.2232473130971108,0.25212944424817835,0.4780067866365726,0.06046054178277874,0.20699598934281987
U_4610,0.20134608866296239,0.20713025489418663,0.16079995204150022,0.04788955116322685,0.03713591278784293,0.888834177794324,0.08938820673209677,0.11477426590350844,0.1062413969076157,0.05352646669926993,0.05233770430549781,0.34635732327397994,0.14062278275444504,0.14203236800908653,0.10208713638586121,0.016173489382831495,0.6602734945117641
U_4611,0.0263511962635058,0.34840611431880236,0.18265922589570532,0.09722647898110569,0.15399328110151064,0.11719949452701393,0.12211269697132682,0.15753652699744033,0.10549965632720115,0.5947025503208118,0.14987484218568015,0.7166312634602867,0.08716000618839982,0.1234294670800471,0.037254873698583726,0.2719946741540866,0.16956816188108612
U_4612,0.3121070475021941,0.25887386480998914,0.2710626714942628,0.03761837156307401,0.03488197861456667,0.1254661872353742,0.04778437359568101,0.09293014814406383,0.041805522620233355,0.04848953735663113,0.05527617478554203,0.040819550825126796,0.13112824348047408,0.8317923515228918,0.5554252837666851,0.03418642093001145,0.16870937104212583
U_4613,0.12417699710043467,0.12455928726426838,0.2803008408215652,0.08981246660663389,0.12000644961627072,0.25774960388945023,0.7176398578816018,0.1685778042389467,0.16099580319014506,0.07435355374863128,0.0933713851071882,0.08702413062489475,0.18633549856848514,0.1800821990229288,0.09117907110104187,0.03307371707679651,0.7044348615503387
U_4614,0.32371462691917485,0.8884241775963366,0.255351667653242,0.04049208987193981,0.040281479791731065,0.5367994416993936,0.07501215343251136,0.09735751255026866,0.053727978816551426,0.07291391004904713,0.051266511213572924,0.38590068363462626,0.14408726745112105,0.16949354130035066,0.22108026669392417,0.03529849631436731,0.10719749778612571
U_4615,0.39619124287998375,0.32892123843296417,0.3165400987775212,0.04446412567789701,0.047402214710065255,0.18488728873165608,0.06977334900892881,0.09449500859364288,0.6641335159544128,0.04077172938794805,0.04928933273992338,0.06917765218595595,0.15044160472958495,0.1880827585045199,0.40519660770709776,0.05101102229708368,0.18223664562341743
U_4616,0.20074080082929432,0.3235247597878067,0.28785876416656375,0.06929872332025597,0.06865477636503599,0.24081024023453423,0.10125948459337791,0.12611587575094216,0.18202891093337334,0.06295806680087106,0.08290687101293605,0.06694060246413924,0.17804895215888067,0.18969747340341725,0.13196918293470838,0.04779684024795311,0.7686820500391776
U_4617,0.2372751363749323,0.24423480436425604,0.30515830004483613,0.05250958470191709,0.06953767304230776,0.19891500326988767,0.5785403487654593,0.12524106832025078,0.16880320580271782,0.0669976712365682,0.06876382460450578,0.46991075617803435,0.13765128534517923,0.1759781639325657,0.16116648633709568,0.022924941615579123,0.613037003489189
U_4618,0.03758561266728166,0.5606765922634888,0.6472248958666746,0.04148289010057131,0.4320324817540024,0.6944568612131907,0.13369307785480047,0.08346406842578422,0.5662938825247387,0.03348289779573391,0.05361982270047942,0.6283505915993016,0.11756628513890428,0.13258563763725173,0.038145813042838324,0.051448628425567675,0.11411434116425186
U_4619,0.33454756124705376,0.2744966564721487,0.3433116632343385,0.0334721192427923,0.05058004508052604,0.28904675560448545,0.07665977546501114,0.10357386877827121,0.5950497277026079,0.045650404793554276,0.04158960687967972,0.0670325285276975,0.14434047516012832,0.19427770130815256,0.3239762973805837,0.05204656085382563,0.5812491086788749
U_4620,0.24646965320210573,0.33714458616092335,0.3044342626145156,0.07279563154855176,0.05276404102720804,0.2718061871130439,0.06787178266446785,0.6746665316892786,0.12085648185018016,0.05533671084621594,0.07629463922266805,0.04993414656211665,0.13251053572968352,0.17988885251727713,0.15991397721288894,0.023022469132138002,0.7148662278049647
U_4621,0.05164968744701381,0.16221923614827985,0.21341129528218758,0.0966099804811764,0.1204535363186049,0.24684921286291095,0.15723824162644415,0.16357513305257326,0.7129328657825269,0.07851479809864187,0.1010081524889698,0.09644633678807316,0.1548921722358743,0.16127741336977655,0.07471347746884817,0.6360897650373007,0.15724875086824674
U_4622,0.20490509336946128,0.1552632415731341,0.4907885064308291,0.05917298986087642,0.04482496638124713,0.2263540831462557,0.16578801872762652,0.30141098410768336,0.07546532456072882,0.41136853244203203,0.05281788831568071,0.7882994923013475,0.15946304139045986,0.16824195182931614,0.18884758772689705,0.02684654376401535,0.11852126132779889
U_4623,0.14874655334280465,0.18216339517467656,0.8538430652918004,0.07575245439528569,0.07809043185036241,0.6497877776060004,0.15320884613880165,0.13695319079284252,0.07281524894011723,0.07477693575081748,0.07143222597493314,0.06235611278092415,0.1374725452792804,0.1549022725399352,0.07814513941464828,0.021448790007798688,0.48061621247465486
U_4624,0.2578165950920112,0.2612451648988128,0.269175077691163,0.04517086299512555,0.05819724403612409,0.23113865073086864,0.10373476361487055,0.12485027205558151,0.15949326945942705,0.06106327415187443,0.052621959336710065,0.6512102806066379,0.12325150059547889,0.19519291922188425,0.11064525474166106,0.03743079398125898,0.7679443077234167
U_4625,0.08373014314013363,0.21530799778538304,0.7290036595834352,0.10259912252584122,0.12310582277108789,0.20708333017288827,0.16717209801199756,0.16518344527897755,0.23193293037149132,0.0795912268709067,0.07472653796545084,0.5012805245134603,0.16059860699051123,0.17871947934021803,0.09562298789944111,0.04314462538112387,0.1660185324920035
U_4626,0.2870071919202143,0.25107976475330157,0.2668532219945849,0.04360619242034007,0.06235150528324877,0.15970023711038955,0.05544356022311941,0.10062983795000638,0.5816142771996371,0.0720159293916761,0.0435274357323483,0.07673812056017962,0.11211193279665639,0.7537705432452451,0.3374326315769256,0.3217030503192439,0.1203037307582254
U_4627,0.25655678402544957,0.49521095194364007,0.22738626819923985,0.02461209945578299,0.03695326830344052,0.09447342950258927,0.046224339212813916,0.08440124706437266,0.35315751617905355,0.04693999771719342,0.043632209162626334,0.07041470607538847,0.09655254599288673,0.8985651303241666,0.5017909984833344,0.031107192829766307,0.14007567717944233
U_4628,0.5658180850480978,0.4901596081949049,0.4475643027132126,0.03157274066266388,0.04262244092697946,0.26538897363113223,0.07560989252826775,0.14197148185828332,0.0567662722685602,0.07343976830590349,0.05734711859679989,0.07881804888161527,0.23316167785205588,0.2887702104741205,0.5762743457609778,0.07100055004673438,0.22011454246405357
U_4629,0.13544968829767753,0.2250845343449866,0.2636356097126431,0.0940010563452392,0.11954940938323119,0.2224246432554729,0.17165405035783604,0.16221072641337456,0.2272458162050302,0.07974763505112507,0.09101477479017897,0.8604733423898675,0.17697505269665126,0.18955585481156756,0.11294993033847661,0.028566283226216148,0.15872086008078465
U_4630,0.32605554503389467,0.23842867858396607,0.24956056055917789,0.046948764764842055,0.049409978262066306,0.12790673038592287,0.19894349937609412,0.10138751885437802,0.039574667982192224,0.047528113959029006,0.04141922163217235,0.5254303826455361,0.14505082830439875,0.7331755821762235,0.24050491647351635,0.264801986621239,0.10516416311138799
U_4631,0.07185748528560229,0.17775726720176502,0.7792104647315952,0.06622403791712256,0.07838663143918907,0.15351434833627164,0.14742718697940566,0.11951972236963226,0.49411436892805904,0.35407018459741646,0.06560662808491548,0.5200632750764456,0.15578212899989471,0.13910925284015013,0.06547549550046605,0.03858781604630758,0.13097109759033662
U_4632,0.25652764556198226,0.8654883743464714,0.4011537323582722,0.02090126340771601,0.031249788585953717,0.19501373502874925,0.05598472340851103,0.08109508974613613,0.19634013876913245,0.0497404677967974,0.034037828630077496,0.05114639738150184,0.11241992236122177,0.12784125655736503,0.2116111107725689,0.03714365359724861,0.5445853924659476
U_4633,0.20135544569227826,0.16920799001007136,0.20377850017532212,0.06284517488682856,0.08257558288679764,0.255172257828257,0.2964199952903891,0.12636783091727083,0.7581160623199444,0.07203924909677023,0.07707049831351648,0.4259885533763137,0.1388216481461489,0.17955630109640658,0.10127058488789333,0.045677286913494805,0.16591026792794578
U_4634,0.23574215528524947,0.46081367250834415,0.7720214634286023,0.03919155783870808,0.05630554470447696,0.21817496924046909,0.1020335766107357,0.11645989049076251,0.3725797289216376,0.07916054591132098,0.07456199972645738,0.056360845383164625,0.14467682467751847,0.16977949408195242,0.21584611279650462,0.24453860999661545,0.14321471348855708
U_4635,0.20403281788110847,0.19436735972140506,0.21568695019057438,0.041310265540752344,0.035581097042902174,0.7875638746138847,0.0665059594979118,0.09667127880190733,0.18459037561149289,0.04830609045488597,0.04496715732454221,0.266104595365321,0.12943735397436892,0.1437296787767527,0.197942830719977,0.022678318582845608,0.6453160344836995
U_4636,0.11021905945131022,0.1841510741902841,0.6782993350506269,0.02426770709414887,0.2461066713428124,0.3973820937827626,0.4197189672431645,0.09300949111466374,0.6626843641219942,0.0573198357459955,0.06838278946008945,0.5289484397129185,0.10868413473143385,0.11900877990935343,0.0550152256097951,0.0021982716464306246,0.10108418323218366
U_4637,0.03786088318442241,0.07426362653297008,0.1920143526784232,0.0986402526749354,0.15873251619085546,0.18221649173004478,0.14402091531946545,0.14380544591019068,0.0971167166047951,0.5256727680644461,0.20239512908361157,0.5422922158741691,0.1169088523726605,0.12475664047845905,0.05493600958035092,0.3466567735513223,0.16169808072586336
U_4638,0.5317545307956292,0.39550430438645906,0.4083450028503026,0.08128927431662629,0.07998365083568945,0.2416640798627204,0.10036172252381184,0.123875300600122,0.05539167866744338,0.09502120791601396,0.12616161357481007,0.05704212510125246,0.25763093873638887,0.22073312581396992,0.5206768372945889,0.053357338370755486,0.1412126019232586
U_4639,0.043963299644774856,0.10099614848348101,0.09800675699899075,0.11969879483932669,0.18408000100812089,0.11146407771960525,0.15446125425102503,0.14456732685006993,0.11850820335246876,0.855894541680206,0.2447418479546871,0.15669493198173806,0.10240784377194535,0.1471020567698638,0.04107164851233679,0.2865746852877226,0.26440304290038374
U_4640,0.2285874081647904,0.6215847145227446,0.2593281589984502,0.0745185421825749,0.09802245429042829,0.21912045071995606,0.5205396884517491,0.14074302965318566,0.18476424071534078,0.06440312293477464,0.058226830708073066,0.09554777589236049,0.16315575028496773,0.18364738006398132,0.10955154188140942,0.03859758692928993,0.6202259500773666
U_4641,0.15012198291313694,0.15182352980101824,0.8597757346342428,0.09054946869361127,0.11813305426982099,0.26743005266134406,0.18791453911504122,0.1494125154942199,0.17383783995876087,0.08020446086202485,0.0905253188504099,0.07771948009484422,0.2135522900895732,0.1901238840001125,0.10639418484450497,0.043359898521239955,0.16650298637841948
U_4642,0.2701804560285065,0.27074105716513713,0.7222867637839697,0.03000122863889832,0.05340976502594784,0.20316306254223238,0.3802415744629885,0.09710991751664598,0.48633591949860966,0.06522671222368505,0.07679391160774422,0.342799163644264,0.12056379688413146,0.13577632370872283,0.12014589439032841,0.09254482217266978,0.12067623456835574
U_4643,0.21521789904862418,0.20905406016298886,0.22769537151373134,0.037697518769456234,0.034786775460820964,0.17575442118379825,0.24150382039046012,0.08425918989838033,0.025760345608307818,0.040282722449218766,0.030537232770566983,0.05220968831121782,0.11465684194363464,0.9164526461238299,0.5046602555303313,0.2735192798549909,0.16397870889090882
U_4644,0.2631618342507275,0.25487794965307287,0.30828138420855733,0.038888836954339596,0.049513645431836485,0.3165117834692679,0.0772428039866259,0.42115738838898564,0.5986752120425205,0.043918617675365056,0.052997298274091324,0.0940778389864291,0.11023427800117805,0.1782486172239524,0.2671090419311972,0.046483336167175426,0.4605506381363597
U_4645,0.2804727149228802,0.24132742549418165,0.24595988518558415,0.047985485250913534,0.048952628761970096,0.9464018128513833,0.06711686534810178,0.11709936334212664,0.07229873419626134,0.05896113485668164,0.056814173856130856,0.09033138886440287,0.11395715377977989,0.17621692658287913,0.1571241833254415,0.028514908560762567,0.6317074746406761
U_4646,0.2520321865899613,0.2118410599842198,0.6370132920788532,0.02499684218099707,0.10504312923220555,0.6917598447573657,0.17436793823804134,0.075461693340456,0.04732500402980363,0.20976622411129212,0.028033939543636734,0.12524632017557633,0.08828233756046919,0.14729784314636518,0.2299363128506264,0.1379869826430426,0.07807063233632347
U_4647,0.0932410468786683,0.12424602080559652,0.28784713368580495,0.09830281343049974,0.20542244586378244,0.26397439899592023,0.15398280237363393,0.19468528418672465,0.16274229430448398,0.22493058308498373,0.24397565139045216,0.27870410135023876,0.19624254021862161,0.23628075709114027,0.1291504367835071,0.44320777668496136,0.2585645928682564
U_4648,0.21659003314880482,0.20987692430893456,0.7142140801057757,0.060376630567283034,0.38474367325632225,0.1718140723007321,0.143136145575529,0.10424545482154315,0.868381189447047,0.05308364725932753,0.07879931307774002,0.06055152862051985,0.1315055490172259,0.1451315433741739,0.07315547094442525,0.0207145107266117,0.13094601824833324
U_4649,0.2556244648053284,0.23815867583404576,0.24352660325173375,0.022611346636972743,0.039383662408921896,0.13546307907924005,0.045532367727608374,0.3480424334598515,0.047775159279502676,0.05815766068021695,0.04762412271467974,0.04374468695690294,0.12138437640448443,0.6893788405538404,0.7854723848875749,0.027906220907548906,0.15500008638824855
U_4650,0.19014141195188922,0.35704392595935913,0.4268134805302562,0.02631908350523011,0.025616131862591474,0.5262391518685269,0.128404204784344,0.09695692827061213,0.359409635652139,0.05369618182826843,0.03884197190487661,0.3372320293078368,0.13135626131886247,0.13023562997459645,0.21372816131890793,0.020556209744695856,0.7088798522235701
U_4651,0.21098679154722347,0.4886864552732369,0.16977400088866612,0.027020651893252784,0.02796246005774677,0.8927227145157772,0.08666288015690746,0.09416560029072277,0.33556990871367404,0.06368991732576351,0.04638279180105639,0.05802458057190245,0.12174378956219804,0.14107997343041434,0.11952384365823096,0.06270267996807666,0.16515247571102215
U_4652,0.3724950504564372,0.3096090727291627,0.2785504404337618,0.04333419870645644,0.050138308409167553,0.16416565705106895,0.07428669266625534,0.10128380254077789,0.07372142568906279,0.07188949745776023,0.06509368563016751,0.8851380760773754,0.17689446191389385,0.20449752248821507,0.32932717570587755,0.04267439407332581,0.1448038313522479
U_4653,0.2687704850029497,0.26045014007891765,0.31776452308680486,0.03214612251152513,0.055189419645269924,0.1938083006098326,0.6387389554488695,0.14297282429825442,0.09168941154283551,0.1938572421680202,0.06681338108714005,0.08274177188819587,0.14966329399768952,0.1685355467729887,0.14092892334171392,0.01767531989368578,0.37123948626707753
U_4654,0.049850281873644625,0.06011909980113307,0.1183402618979517,0.08703084127417486,0.49682239419695934,0.22458537269505666,0.43895625835106206,0.18375304696278105,0.07881415439056809,0.15868006428531722,0.14167575622975748,0.19242540458083962,0.1150179343065165,0.17053375138230054,0.07718618575339568,0.4994767452446157,0.22313127704722982
U_4655,0.21507279644539107,0.7076077857787821,0.2606537767842438,0.05358642973863272,0.05980111377108671,0.2574287510603135,0.12399842797871373,0.14353564597600643,0.12938276182012554,0.07390398917842368,0.06423029087080202,0.05671595795970413,0.16051849259743836,0.18308957298567433,0.07815028661549467,0.5764592003794451,0.17865019166427532
U_4656,0.4595797123135165,0.187957620588594,0.5790313286469243,0.022872595609078034,0.036315924645856625,0.13182813319776765,0.4201138584580421,0.088331573907656,0.07294594203627125,0.058504364842353385,0.06139313387871381,0.32211595729256604,0.11512074014367664,0.56032374526236,0.377486747141492,0.022129314099808124,0.10713570525698385
U_4657,0.3047901558400042,0.23702859680312655,0.27899476404591106,0.03131084140727081,0.17632864836335893,0.743192966431961,0.154986518273314,0.18069834311979222,0.12528536607338414,0.05540589844237643,0.04476056631622457,0.09451082518527971,0.15071778062174684,0.18833347474254783,0.2748709226929704,0.21376037498698186,0.1096460093456213
U_4658,0.2260581647309478,0.22964191879277118,0.2960893356094149,0.058005742236999266,0.059728494199546255,0.2666529713711531,0.10246410214660465,0.13811343797116976,0.7167750969720803,0.0940724673636372,0.08624779958493173,0.5242465796970754,0.17115922360348484,0.17069471760526403,0.14163797051920535,0.038265676536873315,0.16119035964959694
U_4659,0.3309249070040373,0.2550204106639037,0.2856771897019318,0.04161910167157269,0.03756416585697972,0.24555681844726013,0.09028450097816046,0.11027435537369136,0.6623403626263337,0.06405791054286973,0.058835625959313465,0.05419384223918032,0.14935030823088902,0.18284446074596894,0.27013002578802864,0.04385879753176279,0.6773778987347241
U_4660,0.27628584650194243,0.31056168339009216,0.27370959308629117,0.04851881380556531,0.07288847335278262,0.28639204612266295,0.1067669873015868,0.13019033682261824,0.08001678171459577,0.07410489013043281,0.07014965678400623,0.11495914501995153,0.1343757270151938,0.19290596948070035,0.1520386519866489,0.0454714228237697,0.7283360678604601
U_4661,0.39605147490516346,0.29975237937554955,0.26702725260757226,0.049390745873622036,0.046834420595619444,0.14035009134325016,0.064093562384994,0.09043068371750461,0.07530824627206521,0.06077259081442906,0.06323992699140414,0.7228132115399166,0.17387288001981274,0.1788668161416844,0.29943204077708097,0.03401007081035757,0.14014053444211347
U_4662,0.03881324057269443,0.05406256929507226,0.10064210285576618,0.10151010269217961,0.18263061471818154,0.09211209136229073,0.7782659002584458,0.16829962495248324,0.08487920846060297,0.268630709044959,0.2531187984922022,0.24980125095860867,0.13728562023605578,0.17047155185531013,0.06437090045833332,0.37068013952789713,0.18228927073748813
U_4663,0.02204228231432495,0.09125274931819981,0.12148273151498863,0.10696480678402578,0.15865253447706784,0.13780968980584055,0.13184956901696637,0.13709895095692465,0.6400744316129419,0.5386419053341683,0.16457945620089284,0.21088615353560636,0.10796583259159592,0.12992713349532892,0.07392171171651521,0.7159368859901527,0.14701114682159142
U_4664,0.3620236756440719,0.33107862747306793,0.33295983674486457,0.057706806401296974,0.056042234917330694,0.2086028530714029,0.086566938956327,0.10827524477789051,0.04959522815361764,0.5545265192060898,0.07910220690147005,0.0854609092061782,0.22951544098475535,0.22566390142395476,0.3437355943304794,0.053396426977635775,0.16896406834438588
U_4665,0.3524499564254764,0.26719524831261654,0.2672288323107963,0.032726673055109914,0.04019451626577085,0.1387254900819433,0.08891479331792483,0.5248190969886223,0.4100998535002237,0.2844204059810882,0.050753025720391996,0.0592763963064172,0.12474260616814091,0.16293561968054293,0.25159561157835175,0.39067183002987216,0.09767555800632155
U_4666,0.2240070496266963,0.21367880929377742,0.2633923703048813,0.041238253207892706,0.28631354222195726,0.617659726997277,0.0943909622522427,0.1247191076701758,0.5087005664908524,0.05542308925853216,0.06752880284172971,0.703459499206714,0.1517277681851411,0.1427956220975817,0.12328825976056793,0.015178246158260049,0.24789094056455385
U_4667,0.2398851378276351,0.18966784561728123,0.23113922311845636,0.03785771828232146,0.04389321172663059,0.1881361734851082,0.2469933104684362,0.5874177186807221,0.37200547320553756,0.06258760165851743,0.05417196885663711,0.05247603211767991,0.1132694317224328,0.16500161234362398,0.778691685618488,0.014529126389393928,0.11946041670923604
U_4668,0.057998741337522586,0.06707548222656884,0.0843869616000894,0.14149853773061633,0.15871191960128087,0.078871993628214,0.11563632485525033,0.15947022433676922,0.06657787881397892,0.34890452545498873,0.09345895753830331,0.9125965459149044,0.08801478713050763,0.12076328922750193,0.07790123681883371,0.31887943659861506,0.15517319256364703
U_4669,0.43377672667185985,0.30901544819377147,0.30301423988194104,0.05304768591283817,0.041906221047854776,0.7620277587419919,0.08147993497827047,0.10405689830828767,0.05401366761552644,0.06028764996487371,0.05885818305004566,0.07473483437900638,0.19522436030610232,0.19662540382067287,0.2887264727491965,0.06273912075561666,0.16465398777132823
U_4670,0.4288191745658466,0.37698846558048515,0.3016430971364502,0.03835084522565375,0.04772847231285652,0.19279295943246622,0.08221653260571733,0.10894635753449415,0.06533981471042691,0.07368510119841358,0.040514661904412,0.0728645898821132,0.13886465964794778,0.18873405211245753,0.3011566824644694,0.5256853287508924,0.1417323909612745
U_4671,0.3313786940700425,0.2634331299799698,0.29681113049655516,0.039320627038906875,0.03568294449482629,0.26110412498673724,0.08469738346085787,0.10674417456520274,0.06976000153552162,0.06423126345437502,0.05550812496499034,0.07198022101559126,0.14298849632959398,0.19332401712469954,0.2894354131601291,0.051250695777344396,0.7895413910484441
U_4672,0.2206790152232198,0.7655221677770809,0.27558706104004105,0.04079878191525305,0.051139371259376,0.209212857983477,0.0841713075795501,0.11087718406015638,0.52873122082092,0.3052431094353226,0.08862072394309559,0.06621522231518043,0.11742530537911558,0.1462313611337902,0.14279401214957488,0.02178810075937027,0.37704017628930186
U_4673,0.21897975953747548,0.16608888865510815,0.22055224027527803,0.06991208362338966,0.05089826975755129,0.9058363926159041,0.14165963054110695,0.12043042387244922,0.47476357719364265,0.062451992263271125,0.04929280437945063,0.05282581555208824,0.13456518972682133,0.15020646326673498,0.12400816306897096,0.03648318899485425,0.6775541461022981
U_4674,0.3412982495552383,0.3584899112109045,0.34573468989094736,0.04591090358340284,0.03755930576571308,0.21890266898961497,0.09659629806096219,0.14270983516057917,0.14116646391950938,0.07465523697198563,0.06767154198515907,0.07736166958677637,0.15604525998219243,0.2083668343707212,0.29678620701593084,0.7886792705733802,0.20147549854692612
U_4675,0.207812141667315,0.9255200960242347,0.41162895816773304,0.019683506841359194,0.1399797511419547,0.3918222255809825,0.04007719118371696,0.08179426955915516,0.10269223011176554,0.03940442900644057,0.022949513148468662,0.048986757582406136,0.12776902621400554,0.14075961526244002,0.26287183899190136,0.233122563403435,0.10765456505364637
U_4676,0.26452356472644895,0.1795421271436015,0.31159015007832846,0.02418599624804369,0.0236018382581342,0.09581660308306371,0.14649048359230168,0.08267158051913717,0.2146730808109002,0.04231304163180531,0.04509065697260533,0.19104132837031984,0.10282526900640584,0.5021267434864725,0.9243350422325998,0.017236693855145774,0.104264337587438
U_4677,0.03586556604995637,0.059793943606521786,0.9424584295241188,0.0691003802169071,0.12618988169261425,0.11515234559058685,0.11122456377472585,0.1463888978147473,0.07940808162147991,0.14429458269225992,0.16352637244245027,0.2900005464479557,0.12255446020837818,0.13792796328321444,0.07789866049893954,0.25802571822455106,0.14111505840998134
U_4678,0.3504603965409152,0.27017322769290525,0.28797779408934776,0.055358097724476446,0.5030281041140621,0.22812646054905672,0.48126080836272717,0.11133488387040581,0.05491562376638646,0.5924808207157561,0.05386153359612504,0.08200520543412503,0.16918867751751315,0.18380785452619758,0.2724900836964493,0.03992868903948679,0.14457813931434366
U_4679,0.30116893393873295,0.267019362079715,0.7071092454845507,0.049078350482860814,0.4745342936138688,0.15407666286546676,0.626674286980489,0.09737149940950005,0.055940059040365656,0.05640821220526774,0.05631369741400319,0.049925319570305146,0.13320603305790235,0.1490514381794307,0.26660194875772375,0.04220986808946754,0.1417588927441109
U_4680,0.37452433587208334,0.29088702212925005,0.33538320913574365,0.05311230507952183,0.04743348331839358,0.28277169617643316,0.6497109335089314,0.110015949378681,0.06550678113950942,0.07540920805644657,0.07283433738754494,0.08655285081726313,0.17066483690522244,0.19386023114164738,0.32461152740107985,0.06458621779029677,0.18010671462780997
U_4681,0.09002452806612138,0.0869321782881808,0.5287667903174674,0.06951169883525032,0.08274755177519476,0.19652521388838168,0.23137407696481,0.5867058276880309,0.36424372431805585,0.31940019368725325,0.08325510882358629,0.28948488915174575,0.1728172850717361,0.1849071219110368,0.0848224960009524,0.034060696515162706,0.13187305188188125
U_4682,0.2548729156086691,0.19752622886941307,0.31337303418454854,0.059092002049170284,0.4424703194207673,0.21870443381693078,0.1805076695946472,0.12436406642178313,0.18373699481968786,0.04853370646892065,0.044744096327798286,0.0823930159907589,0.14731435713606406,0.18288354174531496,0.13875868735130617,0.35297925811209063,0.5410911863305115
U_4683,0.2931592992474968,0.6208809592520235,0.29195282818715407,0.032335564583303264,0.032941028431794916,0.15220357671928192,0.06878569625846478,0.10261059317098498,0.6643985522429313,0.06782782477055008,0.06014190032927055,0.5548608588143751,0.1604913938586675,0.17205422219575714,0.2923646155127571,0.041480092416895376,0.09890148290887232
U_4684,0.226077584487155,0.19625659712414817,0.2545091322912139,0.08050926047728987,0.10225081593763578,0.2876964111316152,0.14972536565239883,0.7857755410290312,0.0933211765415704,0.07835009724461471,0.06739084004688525,0.08198588641923012,0.1657565003918005,0.18110817345957497,0.1022122986683488,0.038376427785177664,0.18364757206787863
U_4685,0.276212181421845,0.21250400241022682,0.23070645050424562,0.038624115630167606,0.2568888785825455,0.5576935797969765,0.060783630333097825,0.11113992827721357,0.03825917758381987,0.2216638406482772,0.059434524702307936,0.04703745693283794,0.1149820817465595,0.5950666937614957,0.8053598325363356,0.015765817862513867,0.1131122504987802
U_4686,0.2214378778878914,0.4036753904258119,0.40883470946220357,0.03781365639527447,0.03660381151335328,0.15612637616524905,0.39324245398016877,0.1006117249393084,0.16570827419104697,0.07254821466346867,0.06453185599465838,0.5931051454137639,0.15971066066781386,0.19048463774788837,0.3074390027036671,0.25270434451460616,0.12564566512377126
U_4687,0.34938553380614823,0.26977642519865497,0.27980005553224874,0.05174247365393853,0.03651043376703532,0.6750684955335378,0.23852577808340514,0.1108806448695211,0.043369498736971365,0.0660548558098643,0.05948262895842839,0.0822701466267002,0.16931218557803218,0.17229992621448909,0.2957376395875173,0.0386517303010336,0.12945338449929283
U_4688,0.3065279378405753,0.2401911755957606,0.8467338167974703,0.048518517466120833,0.1875248760691881,0.1685326498681712,0.21270518109207348,0.08677088355113453,0.06002444861651481,0.3061168980332398,0.04242711474476474,0.057699655833511124,0.11417059810526183,0.16029082935970967,0.22188493075503601,0.03215779918139802,0.11112308037182009
U_4689,0.01860683848950038,0.2813764623504844,0.17017994875415912,0.08079182578556661,0.40627365741603205,0.8713361884355995,0.10228464433881354,0.12078838618514885,0.40303483764712966,0.1000880126525151,0.10609015501563204,0.37119193760913155,0.10481303575068004,0.10523357204805081,0.05788411342676047,0.4044954584335534,0.10041075135537923
U_4690,0.08458395319918949,0.3577621379549645,0.21719759083523527,0.15282897793999833,0.1869099140497941,0.3745132866621998,0.2801678429335997,0.2118905506818049,0.36566726999918764,0.10153780220249486,0.11232658758380727,0.12285811380755066,0.3390108201136641,0.2849085511134928,0.159772774243344,0.05332763591979274,0.3107803040458152
U_4691,0.10316121525515436,0.1919113984558855,0.2211682644719921,0.0988338223228384,0.08563643243190455,0.28421512398952997,0.22925854652759228,0.12957225175774167,0.23305888718570733,0.4619983184799071,0.0718217070301595,0.0697846881463721,0.18535937414312315,0.20307173946154772,0.06881884954416054,0.5721293843780765,0.15823701406368273
U_4692,0.22681902750723887,0.061883171531486356,0.32391735291974555,0.06961332412028082,0.12439221159549672,0.10042447339824905,0.3666945695742629,0.09505091657389556,0.10100768426282764,0.1302153418484498,0.13061577433315644,0.8338403040156083,0.0886898385050211,0.09525507754678655,0.028216323900010103,0.19237432037838653,0.11110744994326038
U_4693,0.5799845605618356,0.5302523663588394,0.473784664123916,0.033720696640616964,0.055036264494612616,0.27648526945072205,0.07591757309198831,0.14798134240062297,0.05731221102952878,0.07319248292523484,0.05848898703831393,0.0775528468387073,0.22820204758066076,0.27148076954360456,0.5047263830787115,0.06128849347964112,0.19913769502510925
U_4694,0.2877486674125397,0.2304793053498545,0.2849450824528922,0.03631446625333401,0.03793068894680687,0.2201079996074076,0.08436967326870595,0.10908565026477092,0.4524406342208865,0.06914468356315656,0.046145483694802585,0.047068884807562855,0.1357820691818918,0.1509275443572077,0.2734290008637744,0.0267334755538272,0.6909295180358529
U_4695,0.035403028229743096,0.0807903525770459,0.7620823448454221,0.10736633376701646,0.13746613213386139,0.11523919925954221,0.12916458202748987,0.12914879907060248,0.06826826095702346,0.12514640333423985,0.1417387795099483,0.191171980353815,0.11016862594720288,0.13744778303254024,0.07306428004437533,0.9104768051756575,0.1453564424338089
U_4696,0.14453946240396096,0.28209445241541853,0.19347123204454628,0.07985498194811648,0.09280439074922506,0.9706665631421907,0.13013160508420346,0.13317180159011854,0.216894263829031,0.07051776554943315,0.08323107128333315,0.07258667286419766,0.22157825980544923,0.19371959936547545,0.11629090246294399,0.038652647689219805,0.17337344593504725
U_4697,0.03006006961899768,0.03743119114654257,0.2705423463074984,0.08587383467093887,0.1435013081332231,0.6997847137138231,0.1472834501254059,0.11274577734715227,0.272918355261688,0.1857564675748432,0.2132296773739964,0.7762846803318528,0.06261017012217211,0.10228185688906083,0.031621184120247066,0.29242947216397935,0.10930467031775773
U_4698,0.05790761422136234,0.062172257669174884,0.3942857072533803,0.1257746594532332,0.14160998068052158,0.06618738018954573,0.1340870970309691,0.14441849359908576,0.29400200516266456,0.5006836783152939,0.09292856906549221,0.5441866788345988,0.07192730812189709,0.11264049274314843,0.0943895769796648,0.4683691294211064,0.1450220258638243
U_4699,0.20069444797214098,0.23021170159305285,0.7744400349799911,0.037687496937613724,0.29300559336836013,0.2939356152001963,0.08199672772598474,0.1163712025118078,0.04213413522271425,0.05045259779180962,0.04555123074592411,0.04920344024168017,0.12664811842967078,0.15582322018308392,0.2154163725027892,0.25567247000806526,0.6878235459347352
U_4700,0.3182170727340746,0.2972133975749783,0.2713475041014457,0.06068156031706028,0.042656840963307976,0.20758146682156983,0.07953511484344127,0.1312851133988002,0.05922843784782563,0.07072174832688727,0.07470212419569336,0.8706664953381492,0.13197280023456917,0.17946603558212001,0.39683824613065927,0.03299067303170321,0.14827483418120424
U_4701,0.0548145859362983,0.2828569938316506,0.20611482779207166,0.0818676531896892,0.13403145762953006,0.23216204816027436,0.1756547114823946,0.160787773913179,0.35849090750351786,0.07546274210249919,0.08116737063707541,0.10702659312657985,0.18085277520933843,0.20146409498995924,0.07234997196255157,0.4069353464394531,0.1646812931403889
U_4702,0.18753326264236517,0.7658228467083541,0.6675616883176558,0.0389037120120634,0.05403929410870825,0.21473941725185974,0.11293824186401176,0.10097542957460126,0.23943806771906445,0.049812939872562606,0.050640521600673484,0.060631681115781405,0.13550487506958284,0.13999733935263847,0.21154175689636867,0.0369260958611357,0.6241879128361421
U_4703,0.06614709598372004,0.13193613589214492,0.11692847490649556,0.14484349286273968,0.16887283881433224,0.14781202650413533,0.6199980782803713,0.16417756749191548,0.08335577985465276,0.09561303808440164,0.10602985577586589,0.07378996813679375,0.09738514676351222,0.1328205908703684,0.09935079215640172,0.3620310808577397,0.7214375159245654
U_4704,0.2842305651858223,0.7239647891168062,0.24896477173734216,0.04385757481677611,0.030358628009345245,0.22840476259667183,0.0728622558448355,0.10717851076548611,0.5179059121691718,0.07532330859735957,0.053517593501094606,0.0816505041832627,0.12490238542293686,0.15001132348748217,0.21001993587281306,0.032053137531352804,0.5825949226782803
U_4705,0.48962770209705636,0.43890967420049865,0.4938800071879995,0.034072540631977864,0.07238734457743698,0.44365715704035413,0.07982899573533742,0.1944978001643531,0.08683411424733505,0.11933116214375808,0.08389526231583676,0.08128273293649199,0.2224007479860649,0.30508805798371114,0.35643363338162454,0.04380589959153091,0.22517465140637963
U_4706,0.3102837122914557,0.26121606950889126,0.27746492875041306,0.04492460046295287,0.036292726399667234,0.1217524525844727,0.05259562189991571,0.10146635348175383,0.07716076543888682,0.04610707964471438,0.0563054075469511,0.07111004679359896,0.15550441087397923,0.7596726338781854,0.5502792420710746,0.0352119027188366,0.17973671022561435
U_4707,0.43221224760897103,0.3807919700861977,0.5071082812628346,0.06167267650918369,0.07764550104893957,0.3624032748517947,0.135845102572562,0.17459520965200626,0.09317760533509903,0.09194201836199548,0.09776383503062622,0.08624609111923409,0.2091269546724994,0.23030914648491352,0.27350222058925844,0.045698419952150855,0.26792702016859227
U_4708,0.031101983430938607,0.0255424797455325,0.4952030632294008,0.06675797291071342,0.12183359437120193,0.8515505477203038,0.09562991992480369,0.5472883232377374,0.05782716411979842,0.1084801442493668,0.10859458911701012,0.1630203577287095,0.0911017932111325,0.11056057612619119,0.03975483215712482,0.2980179804416324,0.13929777879984856
U_4709,0.10696801584509803,0.6270345097149517,0.2000508086434611,0.08072931903625144,0.10059586078193486,0.6522696443426232,0.16484131120079581,0.15393297450627716,0.21237183847304472,0.07757919411636811,0.08775677952855418,0.46594653520492807,0.1741956365060245,0.16834598415216992,0.07874054632848934,0.039867231921550464,0.15993792938304996
U_4710,0.2956275013955776,0.2670769760912151,0.27206320892071273,0.04378523103463068,0.03335573437141732,0.9605328359129852,0.06472841398690804,0.11127723801420733,0.040974099681217506,0.07894080390677743,0.049813685727954034,0.07465312305329691,0.15258251365615724,0.17346733352346025,0.27961145885346955,0.03995203277994974,0.16855962852169204
U_4711,0.3611393535361494,0.3049562958144387,0.291274613701709,0.05347610100505601,0.059232138558583065,0.848169020145725,0.08603287307889199,0.1040145767152218,0.055414453384832835,0.07378145773764894,0.08602290479655092,0.05116108789805969,0.19222344728632354,0.19611546903653246,0.33792238810314573,0.053349999540020704,0.11349929518640965
U_4712,0.3434155928442265,0.9021869968684849,0.264944556948206,0.051592406918092526,0.056349807303875385,0.1490809037001939,0.05807083889294518,0.10338567835930629,0.06371428857008639,0.08657981383568367,0.08917504536110488,0.08054789662043269,0.1915138675645972,0.17992720641866838,0.30563558100498067,0.060730047712604825,0.14048407529753126
U_4713,0.15433786620644105,0.20220049383809147,0.5762808671477228,0.05531305097004054,0.3945484496292828,0.4724113834340971,0.43952916011814513,0.2575082495335351,0.47664381863702937,0.3132499071127418,0.08320681681208754,0.08309014821650117,0.12937420253801335,0.13906131063022037,0.07807535005784944,0.008956654191329808,0.16502232859497476
U_4714,0.3562633221100402,0.3192073954477853,0.31875126850898633,0.05907419195162965,0.04370529326869111,0.15299493511709594,0.0788092341422356,0.12178500878562672,0.6954728038816071,0.07445161765974707,0.07165776057708037,0.06358811550666575,0.14688761475010786,0.30828814990162995,0.2924790585482513,0.04378443958273867,0.1512272342774616
U_4715,0.25573256128592026,0.39029931793456274,0.28470749460327616,0.034905100344376064,0.3335654432542644,0.15380401829328355,0.4993820460186643,0.2773074739976604,0.3381777552288038,0.2294791096654959,0.07004804671599964,0.4809048555566424,0.16005945152903436,0.16306207699236572,0.10150754968515936,0.03151531419575069,0.17611618990538752
U_4716,0.35557315035425346,0.32080822965136213,0.3170425779100741,0.06704992027629578,0.07003594158652211,0.1763339505321107,0.08566209263458802,0.10359546716150658,0.7744971210016718,0.09499567535679239,0.08511743643148678,0.06847401395044425,0.20158658654313483,0.21977623545436697,0.3529802442435245,0.04058722523472968,0.13927672927910972
U_4717,0.06050845165090417,0.23581810537633113,0.13476157148958934,0.05904449485181388,0.3782314858627874,0.11898151063403076,0.30206391554537315,0.10669789792011378,0.7805737404948506,0.41247047100685935,0.07342889036423883,0.08458256806107592,0.13796555082962308,0.16015565632707884,0.07669358556603748,0.034342358440369765,0.1404319395791554
U_4718,0.011969162516377953,0.32366200773537707,0.15788348743811326,0.04330956015090588,0.06800029175191477,0.3433518479663335,0.4196905968834693,0.09297560141556017,0.7241046594232425,0.19120783192269694,0.06207525023867866,0.4533221599897179,0.14331342102365624,0.11340001894229232,0.015471375973243454,0.13852297825698723,0.09041628675627715
U_4719,0.03170112817352226,0.04697914366220343,0.09509051600689336,0.10908008217403185,0.1600724098371244,0.16364120357881862,0.14327177719931544,0.16249609301397003,0.4906753713913517,0.15925581700762093,0.16878308358909072,0.9232818227143184,0.10348859731559171,0.14682121493,0.06402689662367655,0.3538170568702548,0.15733779579987378
U_4720,0.08099698071567248,0.10744307257877143,0.7192427821332462,0.12777596345379663,0.13777305748376154,0.1078111928760378,0.6412697151331768,0.18468863324612872,0.06708104230940036,0.0611424876218189,0.07584224544579063,0.06065874423077491,0.10751690732304489,0.14819156600360694,0.1392737534933669,0.39974937725225107,0.21243233356158642
U_4721,0.5197312635128348,0.5442623985130578,0.500886097191052,0.033448125863364354,0.05555950988582996,0.4486961459105438,0.08166481476872908,0.14771580752796934,0.05989046372082181,0.08836012945377489,0.05554829026520349,0.08717869273094817,0.2276787847122033,0.2689047969296188,0.4762606129438083,0.05787923579690686,0.19801650385647773
U_4722,0.028039097338830272,0.05965928510452956,0.7599036505318829,0.0945873823791709,0.14642607650547013,0.16419885374565085,0.13993414378935343,0.12853291104974934,0.09399138689433315,0.1952273490428298,0.19670707471222465,0.16636309508922995,0.1103969383157977,0.13867221976285682,0.06211037416070861,0.9051845591201955,0.13101233461474698
U_4723,0.266230455070692,0.24827407665100865,0.2476169609545249,0.04761756046115827,0.0356417193770486,0.1562825792415608,0.04091591136981402,0.1003447818018465,0.0333983172887997,0.05007450102902961,0.06012077292147753,0.06185481836012191,0.13000896355430297,0.8189376912429943,0.5649524474248329,0.35666598397728316,0.157092468946689
U_4724,0.19679356912095528,0.2554443513974666,0.20065989096731493,0.05078997879154283,0.4170352182448595,0.4571311124491088,0.10669416915395874,0.5769795477791231,0.1680740580904688,0.07706598026534475,0.0717479108981618,0.46738930683132973,0.1402307264280828,0.15713162301322364,0.11121892027264774,0.018813203562024726,0.56032085445306
U_4725,0.08004673320048078,0.12722692272607097,0.24712601109659876,0.0992517528899852,0.14584268304242393,0.16105907048617418,0.1500296682530321,0.16151259173812402,0.23586159293385422,0.08567206140597947,0.0996251679364091,0.9121039788272758,0.18205231219590373,0.20838422989865713,0.09285901928809152,0.03512819377691061,0.15060616586623193
U_4726,0.21264818444455783,0.4078194532436086,0.29273106723081777,0.09328100555047206,0.13381312419560815,0.3833615530543177,0.16168290652671996,0.18732138148195024,0.1767498215242118,0.09763968038774198,0.11540901561036826,0.08643859751429912,0.33697012070249244,0.35582849960795154,0.1737755355691308,0.04407109881833973,0.22065696049929873
U_4727,0.26507733877992334,0.902565694876344,0.24684471533710706,0.06840509022878691,0.06347950336894506,0.24054874648891444,0.1296903090593048,0.11883205994207131,0.05045839392375118,0.06807560818732358,0.06781863444484947,0.06758214321664428,0.17279234791962236,0.181820747004706,0.22530561615224956,0.038684241200641185,0.7070957693157673
U_4728,0.042322197404208346,0.06647820147987948,0.12426209785481826,0.08291835338608258,0.2080113175198199,0.1711311221822957,0.12600288210061739,0.15465665613390944,0.8046437843285906,0.23118493932758039,0.24465515848377517,0.2343449938662744,0.15603771828807764,0.18979815816484344,0.06253178657234837,0.346865381277182,0.20843831258689285
U_4729,0.23377464820231125,0.7844777572833814,0.2570832850194362,0.048961664335867586,0.19114122844587134,0.4596802465203148,0.18231271105788044,0.285976088348363,0.31855059532402263,0.1690625138527165,0.06963842402731221,0.050497915376998784,0.14785878864264027,0.13455857811139668,0.10493087240882465,0.010141872937937137,0.1342616849259601
U_4730,0.21201714280822578,0.18422956548012354,0.503015844537895,0.033310909466045785,0.03722655201520648,0.1902063493575864,0.05638888678616318,0.10283025586419961,0.4370591997178387,0.18003788300054543,0.058062906076265505,0.057479801763557034,0.114432711324093,0.566763994303117,0.7733043078537384,0.007088831318413395,0.08586658129601077
U_4731,0.028061863211774923,0.09005853206198883,0.6814825183122826,0.09883176374494475,0.1657321098189897,0.16192046066518642,0.13499244374461927,0.121715998270618,0.135229334015858,0.15058172712991974,0.16164965185355476,0.14155444179983695,0.10005711887691968,0.17192119757975582,0.07420608461233738,0.8855939798035204,0.18981420490286807
U_4732,0.3003002343972941,0.2511845835388999,0.2615120182016495,0.04745924448105261,0.03074806616887204,0.11895053701235664,0.0410551839113839,0.08904146908979846,0.13764366488472973,0.03862685370546213,0.06255610253556908,0.5136564762552075,0.1680134782522188,0.6486044627410684,0.4885356047196186,0.029437490500424112,0.16146865657539294
U_4733,0.022007016857390337,0.0755652121463348,0.1367248918138741,0.04752418942201094,0.06200567516479724,0.7527213746059221,0.19222494045910193,0.10127989410304875,0.5396615247657478,0.04878883106619575,0.0727675685478712,0.5545390516721707,0.16022814478149716,0.1257372144289104,0.0352554941006382,0.1504995323132387,0.10867499618934831
U_4734,0.03934283435416591,0.4257977682152838,0.8500057375524821,0.08340590943651989,0.15249276951586999,0.12370162333512968,0.12884901675902224,0.15061175601127133,0.08062252159452846,0.18569052831492214,0.18063812359302395,0.19906148076059574,0.133614807011567,0.15510606242339697,0.06723000112252665,0.3601859609030848,0.1636143080532723
U_4735,0.10771795648725192,0.6894196173900722,0.1679662959611434,0.051687362904304125,0.05787667933245982,0.20837688634018042,0.1472190418079899,0.34418929055714853,0.3154375045285751,0.07853516013305445,0.06754710311038442,0.05499059468998399,0.14455515232564992,0.1664715982678392,0.06853426902979734,0.414335362410302,0.11996401768792431
U_4736,0.36413086156238583,0.3160310210478657,0.3270152435631244,0.05264783497981061,0.03853007642134157,0.15767631014860128,0.08272051072489137,0.11351383661013009,0.0562346710215068,0.07272471345773182,0.0698282026947562,0.7540138667809899,0.16506493799669703,0.20291148280010657,0.31048490775922394,0.06608509772470517,0.16824752132261225
U_4737,0.03534020691833753,0.14746939037999096,0.5589826162962434,0.07631410430140201,0.10720964945028892,0.7567380296911088,0.47673161015145316,0.2569487657310361,0.5185243439880668,0.06973450765490195,0.06658342137055336,0.5403982528001482,0.14318407638910763,0.14099581006646583,0.06425357766191028,0.000803449562068415,0.11513506151964178
U_4738,0.22380762892751915,0.24408441903304168,0.2519120376441947,0.0424792765098629,0.04604637547132838,0.6802431139704147,0.07855725352397182,0.10287944725100417,0.7039751388770787,0.05485849050311474,0.06260503997158968,0.0649149704361829,0.12671547977410413,0.148187363883043,0.12948423201728768,0.030083684698023114,0.4843623783263873
U_4739,0.05429922939686245,0.34238981888390374,0.07574330272594668,0.11580724209099104,0.32068546603559034,0.5478525047384082,0.09477990681758379,0.1428218822820823,0.03129389407240901,0.06678988793120162,0.07842549623218609,0.05912252488921481,0.07551768451313326,0.12344931410773453,0.08706654863299318,0.6767755429416726,0.3863608579855524
U_4740,0.33434006446507325,0.6028857730030285,0.2653684715454595,0.037920146028901675,0.10862787479624317,0.10913649692060584,0.04451340838427875,0.08724948657463838,0.03567598388654809,0.04728974567371788,0.05028961657005132,0.03404827430069277,0.13144054273796865,0.709702674984267,0.5645267126895768,0.04035965505939514,0.15654854951627123
U_4741,0.2317978915398312,0.20483482004511366,0.6722805653448459,0.03651725351714452,0.1355794652119815,0.823796349247299,0.5444233876931818,0.10316292806158665,0.2600673317029931,0.1902276544308744,0.06306136463337557,0.07376590520618832,0.14442108907398005,0.1474909965718828,0.1399095212801772,0.009580519313707039,0.1321089838667584
U_4742,0.22141235673828374,0.2081926904727744,0.4032809857411426,0.02710093450375085,0.026313113653902428,0.7191612616743466,0.06952225166540632,0.36916821836379216,0.5892126173389783,0.17614638155323764,0.02869950776889056,0.05773512635825567,0.126840274278107,0.13668421685041596,0.21326400982444857,0.0816563089855444,0.1016175754418879
U_4743,0.3643154595664669,0.3111705229032209,0.2978821550441064,0.05096356965306746,0.05956921002501747,0.9032347297826925,0.08214315757941289,0.10180980919237119,0.04959401678928888,0.05847943049287541,0.053630617820937324,0.07255935519825647,0.17318192314780706,0.1963219848103347,0.3113930697438293,0.03776913370076791,0.17116256301117902
U_4744,0.23576821753273175,0.47285776665225104,0.24953975307779547,0.049801374993799094,0.05460602427615646,0.2725556580621361,0.1273222833400706,0.1286458929753616,0.3616423352976603,0.05784110616817945,0.03700680840624872,0.048909723910335795,0.15041132492306916,0.15610407195524545,0.1802335037060607,0.5840702724296659,0.16899726682362426
U_4745,0.29552819732230995,0.2760964709680894,0.2720333964987111,0.052214179950794935,0.05304364506034262,0.2341152845250797,0.07648759114052925,0.1209021426129355,0.04882334276971864,0.45461842867807534,0.05196773634331655,0.5752096228176649,0.13580025401740725,0.7434133540063953,0.3207582121365299,0.02642945515181984,0.1264284769330532
U_4746,0.033718703833605375,0.44644656780361497,0.10673833662771676,0.07975243303673815,0.13605074503135603,0.0852395220325935,0.10655896770916681,0.12138755678432245,0.6322736600903747,0.4600636192679075,0.20166914224605503,0.17281645452212985,0.0996479760949196,0.12963565609152708,0.047398678437132934,0.6223673478375076,0.1433568568168026
U_4747,0.2398067538736385,0.5929441759792934,0.21212320371005658,0.035610289826675245,0.3671973688943242,0.10319673194883983,0.0855207897886208,0.07521957886783648,0.02142079248270174,0.0873555864528675,0.03554052171278863,0.04770843790351845,0.1083210194646745,0.8172305525695871,0.602843898831269,0.02845824797535705,0.1341065564822062
U_4748,0.34890231319510157,0.2974596043167352,0.2916213675098365,0.05218010447365158,0.042227513430712064,0.15157335421272566,0.07890838504383216,0.10982303022481701,0.060321441366808275,0.07888840413955095,0.07553263647917255,0.9088952418493936,0.19410295168148922,0.18829434257890149,0.30569779832288524,0.06528986223075503,0.14323855007565017
U_4749,0.2938863396179185,0.3280891846327247,0.33054449788116647,0.055119504018632824,0.08287006815665449,0.26449268894768074,0.31854030845220116,0.5124575528610442,0.15563453215684275,0.1242614976157898,0.11225603649272804,0.08120405567454414,0.19505856808428065,0.19581470087401487,0.16444335804354887,0.033724095460677894,0.20138495151416197
U_4750,0.21679916727099013,0.5390606098871507,0.737624501279553,0.02417934533732105,0.020039936543879408,0.19012246399709548,0.05057369548613712,0.0762249719983144,0.015338866416395612,0.0420646097484232,0.047234261917367716,0.21518156101655472,0.09134449417083727,0.7917766560232571,0.5671211802550186,0.11236753206969256,0.08012408641561068
U_4751,0.20769338654601924,0.22954110770401248,0.23154366271538163,0.04668358748164679,0.04284129532344626,0.8272188602824132,0.5313052711256014,0.1136776854352701,0.05453147699981717,0.055840560594270554,0.058336534680254244,0.06891301905548022,0.14834549065081812,0.15139683497355033,0.11443910072753184,0.022604982778561745,0.5274420909820469
U_4752,0.23196385911268047,0.21913812138272065,0.17794286451126282,0.043247015141569194,0.046332168003191176,0.7250234901604173,0.08116145332781555,0.1390182095001893,0.6629759283600665,0.06592393315563143,0.05659454021209466,0.07118111235773836,0.14608719561930644,0.15780423299912116,0.13413901304833378,0.04007094965724038,0.7128208465513647
U_4753,0.18688372380792975,0.8040947950173162,0.21230731706215414,0.035191237977896396,0.284435667553644,0.6177724222046972,0.08617925715355804,0.2622001080464311,0.08697165530958052,0.06180404816694539,0.05803696778079693,0.2998750591808751,0.13432062132324193,0.1591954318966594,0.10716443263254745,0.01920598826735747,0.1331481105973683
U_4754,0.25449761318667385,0.21499263684799036,0.7981569221137859,0.05317171546142555,0.3610474369786847,0.6843384498110405,0.07112277528049787,0.08863004311027842,0.03668945317138516,0.23746120115389338,0.054011338637323936,0.07083731113336242,0.14302656683877207,0.16182156796753594,0.21151345196465673,0.031159810040090653,0.1130104505638875
U_4755,0.2628190066516174,0.260791448751435,0.28161940495273685,0.059088112205343685,0.06188110526130172,0.2836343091625493,0.07535386901946053,0.1537964514182082,0.14534917032283592,0.09653864574613515,0.07246954434633522,0.9078074535194518,0.2189602788829417,0.21719926169940426,0.1909593601514488,0.033355214453695825,0.1880232700028745
U_4756,0.032016140213226005,0.8357223963862807,0.18317638243099646,0.10751300280118578,0.16697881009386673,0.13797695623915776,0.0978315606780101,0.14898802535109906,0.12210239226678024,0.17988176498193667,0.18345303270571417,0.15526002186988874,0.10324772331745269,0.1507809550408056,0.07118729953311789,0.7147324548960965,0.1680976484110168
U_4757,0.13368097204135007,0.1254545345457848,0.20895097432980128,0.03807562494500112,0.06927196009695419,0.21204794090077475,0.779195027020146,0.12057402064668828,0.3233183577793096,0.055281038943440136,0.06353532429661443,0.3573893093657069,0.13624177192339,0.1353075238632754,0.03896588627612412,0.1945057390202135,0.3050029976283523
U_4758,0.33836716675796713,0.29177230529229115,0.2892897821965658,0.03980585976276417,0.04993138025208704,0.27754292088135357,0.09487362449160429,0.5641302714143673,0.05401736705560658,0.6287671490641075,0.061146174913094584,0.07097125639794431,0.15173612613849796,0.17982205550086083,0.307066485900566,0.03802515381079768,0.12393017267449151
U_4759,0.2601978085403249,0.27752642567003877,0.2440179795050991,0.042391983851812635,0.04313548476793466,0.16687254826992137,0.08928001377703489,0.12071843684709954,0.1514251952823517,0.4050430826393953,0.048541338514963187,0.3625813394230781,0.13706394937784586,0.152232403284885,0.1349596024393899,0.524892902580923,0.6092122179693983
U_4760,0.32734334730887515,0.29339807950146746,0.263010452940669,0.045018257242800126,0.04244621642609696,0.26212508017748065,0.07121584925473626,0.11658454863195084,0.6825179170841387,0.06535283369714746,0.05488992112175487,0.07856763577205768,0.15564632238631368,0.17932187245162176,0.28122144179554864,0.052485906865727655,0.15324753808309233
U_4761,0.35291835200694016,0.30392167881546195,0.2822585237398364,0.04874200866252124,0.05319111705486865,0.14847281980092983,0.08809565692286483,0.10447860750385782,0.06149838673550449,0.06311839786117113,0.06806325487404136,0.8537264555935651,0.16614108442478814,0.20681191525478954,0.31896531142491386,0.04207304543419986,0.1530725103058631
U_4762,0.09208691860471784,0.8356011623856348,0.17465485030617545,0.06304317477333682,0.08371616434181552,0.5616067902462507,0.11319048277362805,0.1197199945897142,0.6162240038259366,0.08296594116436434,0.09669127301250269,0.09330293266387873,0.12037895382595397,0.15238633967912762,0.06014485821779479,0.021963710708477233,0.2994091895507553
U_4763,0.2528807907255335,0.23611964951696607,0.17924722934998588,0.037930054446171334,0.02907705192916777,0.8414698056227727,0.06849842082202032,0.11704299526578915,0.6196037533108785,0.06171385882891226,0.0504902853959191,0.0786139808057199,0.12565057519865597,0.15043357929454113,0.21730092728364425,0.05108575235594218,0.5813204784640661
U_4764,0.04410960834754679,0.050943574072505285,0.11295408275788649,0.10402417340877305,0.16773597594688838,0.7224083058445555,0.14793633547046164,0.14689828538811406,0.10069017047899753,0.2055149486480464,0.18590026327161513,0.19732641135294846,0.13691498040843167,0.1837138273713828,0.058354817389107465,0.38894549767712,0.15529579018226883
U_4765,0.29848842446232937,0.6634476307850323,0.25177692509133054,0.043071667991215215,0.06034071113815903,0.5360410719528916,0.07487642720685475,0.28598133107587675,0.20521214406129573,0.09634730232777543,0.05314839232200032,0.07195611098357109,0.11765669899808905,0.18120353517445154,0.22750599028027538,0.034428955265096706,0.12903384974758814
U_4766,0.591491485181568,0.38527009536423046,0.4330679877093855,0.08314490001535815,0.0784118642200369,0.22969527501218878,0.10848000282252948,0.1312457329571753,0.08301748249112553,0.09595525087584181,0.1275321257874957,0.08995517642565766,0.2862257790390983,0.20569603769462688,0.4394212702243388,0.04901890737050402,0.11513740191523252
U_4767,0.3242827230937598,0.8558004209901772,0.26894599276936826,0.05116207381092992,0.0654686065976903,0.23989263538628397,0.10261929431546898,0.12541327526021723,0.12767190138960777,0.09011845353621856,0.07027924557588591,0.069170265888952,0.19499582837280185,0.18501918397437359,0.19459309179939174,0.04334949653329473,0.18039753413112716
U_4768,0.06627647880089559,0.13270078710548017,0.7855456426557264,0.14822574078729608,0.17311376616483734,0.18225768824390026,0.13397998025296645,0.14978318149863581,0.09549313444939532,0.09132418185592828,0.09272103947526597,0.06824407090894369,0.1298485915828531,0.1765439261012123,0.10251544039143444,0.5068269915844961,0.21618627439421198
U_4769,0.04285540258995121,0.3577864796956884,0.09093534982651358,0.10802140795914114,0.16506894725175292,0.09055862170778377,0.11933395801791596,0.1624935657113003,0.6569646351147147,0.16269605486764685,0.1919181441652661,0.21644634461424694,0.10723153467528915,0.15329011153011202,0.05113624195781407,0.3622896562183361,0.18864528276084552
U_4770,0.17342751230006342,0.17784014018769734,0.8061979407016778,0.027988583160752853,0.3513629666089846,0.7394218231577452,0.05998887730558537,0.10304371390993677,0.20931579373051631,0.057953605291488006,0.041058101913351165,0.19647414124648901,0.1202826516965918,0.12657964300036262,0.12715391640693907,0.02993009481178779,0.6022311109424936
U_4771,0.33031898842346297,0.9327873944809926,0.27246556106318437,0.0557511509615767,0.048253097653487204,0.13938860249813345,0.06996718320712071,0.10537151795154391,0.05373120596660779,0.06870624758603855,0.08421498737206025,0.07156571356152258,0.14419447379579858,0.20829058878604204,0.28988630320559855,0.0423615307749031,0.14383954611185154
U_4772,0.24896261385586882,0.2129933795026408,0.8530888048888694,0.04305127492809014,0.053860399069606324,0.14624158931985384,0.08845899649455828,0.7432723033403255,0.3094595761964306,0.07935240586843098,0.0696149460855516,0.08632682020519654,0.14641903962821265,0.1757887774488163,0.2002338077836182,0.027664721426479515,0.11629777274046493
U_4773,0.29090753742427494,0.30044080266490875,0.3109216418821346,0.0542853801995032,0.061433469499735674,0.3114847591221023,0.08299258239705008,0.12084800321800912,0.052659817456742496,0.699772160006327,0.09042007870511445,0.08729083669343385,0.23249765602112898,0.20739122409074495,0.3590539913031706,0.03661051783201871,0.15592014082917938
U_4774,0.3301578119270765,0.26944885666436147,0.2502615091521537,0.03388327144191032,0.46340583699091986,0.18124870645733135,0.07907747752265205,0.11348328669250413,0.04568438825537675,0.05963050015861328,0.05058606509874178,0.07153451694553586,0.149730921862532,0.18030639598819465,0.2801968087736534,0.5927333734647928,0.09906275718089053
U_4775,0.30212629562112625,0.2630151572364154,0.27087569359214875,0.04206179853514262,0.035847712686082375,0.18002295402588975,0.06679293171897598,0.5443859706150785,0.049630460943523615,0.07812209203705973,0.05423361579288181,0.048635847767058794,0.1590398994667946,0.1872763187318023,0.6867705820629282,0.5307595718432819,0.1261952226144773
U_4776,0.05520083255091562,0.06040984376500537,0.4421496561473599,0.09743723699771739,0.1485738054154985,0.36284209443057736,0.1373595956121174,0.7276348028684729,0.06437057048296299,0.1791493391269559,0.1699906257603745,0.1477643843519377,0.08899399829976004,0.13342266294335842,0.0425142731206516,0.40133472528244635,0.16509047764904747
U_4777,0.25372872698117244,0.22533418483352796,0.5322126741381542,0.03225281677830781,0.02862793632620817,0.242929968717258,0.06980426894234967,0.08935223391583257,0.5470719078433914,0.2525750614627137,0.04204850059961083,0.048519335235712224,0.11583470413330593,0.14167924392888487,0.256750646390343,0.0300831984418779,0.6460249184405098
U_4778,0.3083052813906045,0.2662368010626581,0.32888243781489684,0.040269126642522815,0.02731476651050454,0.19941857124170786,0.5381068450903921,0.3564952756749294,0.06061442386288498,0.07069810604709974,0.057552118052888034,0.09116193745074191,0.15406696228981934,0.18396505389296552,0.2655806461255696,0.33044741929890575,0.08545690892507976
U_4779,0.39271893468212304,0.2581510034473034,0.5495240275978276,0.05941705803429745,0.11546937311496394,0.4448299913250626,0.23615358798369332,0.21173435432364773,0.10401134970623116,0.12184204360850046,0.08565924294762722,0.098964379419135,0.23290481863571028,0.3104237367556464,0.23924195211767446,0.04740430087835228,0.2617501550750294
U_4780,0.08257703834883831,0.1753535514609254,0.2466749864393844,0.09507290318106848,0.14069934917323412,0.2074046992496329,0.15307538689203126,0.7227283218686106,0.1678160483875825,0.17659985281490248,0.18545571388958765,0.7835270390090989,0.15353496577855674,0.17984557886408642,0.06564995567882138,0.10131660260947303,0.16904504740303566
U_4781,0.27495063676974557,0.24867423111188808,0.2586547872396947,0.04531454487557931,0.038272081643276654,0.14525783699590356,0.04173445910451363,0.0922671321987367,0.40490592408264214,0.0462588095167885,0.0531769536432166,0.03628527619235032,0.12375045949527275,0.8054809096532392,0.5847789257844216,0.02929893111372625,0.1405566485066666
U_4782,0.322451408055238,0.24003404057623923,0.6678115290061963,0.04234993853837441,0.036149064565645365,0.11622636138990769,0.23714772046278915,0.1030764761526354,0.03597397215525598,0.07255687302542778,0.05633865228153187,0.5165788827106584,0.14803515785174193,0.624543222623531,0.45383284127006807,0.034444416680310966,0.10880910558796292
U_4783,0.09311043530605967,0.16260906557193988,0.23202831412765015,0.07692290558794823,0.09175508351663937,0.6565902307015563,0.17825840705879958,0.13051365797493558,0.19062951545343154,0.5049252533746933,0.06962508624569944,0.5139335007019983,0.16583933003543921,0.1519433724047935,0.09017411595668147,0.02429192323624868,0.13988046116576805
U_4784,0.3748479274318922,0.32009637907178745,0.3097230493732519,0.04599314960069914,0.04976655765493583,0.16879693879726018,0.07584256923109302,0.10295041708832725,0.6785454495908388,0.062018530307098016,0.05628478934991893,0.05877816208540684,0.14758357358910315,0.18148687484926174,0.32432444782692316,0.05086311604731623,0.14690627516779098
U_4785,0.5597199888249429,0.5846389131619185,0.4469042597534316,0.030769817537436083,0.034172597027922545,0.2768440891548101,0.08711151791826417,0.14920273937865502,0.0703242431133207,0.09567577919322347,0.07647141062754129,0.0788629816713372,0.21537225161428097,0.28150476941026725,0.44315945090738174,0.11796378271586955,0.2022948277932654
U_4786,0.21298313105687108,0.22324099493463284,0.8997824603453646,0.039278978942337464,0.26971318764287805,0.21062272946258576,0.07527123723137741,0.33161081150576815,0.3367674432488495,0.07557601423295399,0.07625812965637963,0.4026712037790471,0.15663779631801955,0.16623673482258855,0.11011397684713076,0.023380419368741186,0.15211234763274328
U_4787,0.07583458664225315,0.16915051178271298,0.6987505395751052,0.1045911889734294,0.5290343941829092,0.19523687548604543,0.15723214343718034,0.680158921608278,0.18187162136931567,0.08040706065083339,0.0802668783066337,0.8253777544903517,0.14634948259251754,0.16165616910630384,0.07906138190106561,0.036825699813908486,0.15045826218971886
U_4788,0.26056356212600607,0.19914971078481228,0.2856610688658327,0.07117098729724372,0.06754492772026273,0.2229934656065075,0.17552844251335362,0.6440969267963409,0.06815524339378562,0.05661970969335765,0.05943230321941516,0.06942769006615312,0.15949004803533742,0.18241251116108692,0.16691013597874718,0.030416183262516987,0.8024691841499533
U_4789,0.09965862276439286,0.20177740533043528,0.24370421219120258,0.09798176218439733,0.1211214059955561,0.9210322663281525,0.15913266658386901,0.14825158196469157,0.21437020706533502,0.08016029804933358,0.09040414773784311,0.5041053313059152,0.20126680547269307,0.21243158868264767,0.09637051345914485,0.03618467249448844,0.15284079435834208
U_4790,0.2256429295523799,0.8002975918711575,0.21734524804618638,0.041543354961583276,0.04046640760317182,0.25278118588274723,0.07233674158728909,0.10608106975290667,0.5199429173732663,0.055370695859533484,0.0632854012219466,0.06903754775461833,0.13848130101931883,0.15002951842056078,0.151809702446157,0.02778784507419074,0.521799004323391
U_4791,0.36443502473248945,0.29428974912358846,0.9824982503213842,0.046597859574901486,0.04628658094141971,0.1577076344121406,0.06514917167445067,0.0922463322769088,0.055408284205647564,0.05594403214211555,0.0567244598881781,0.05670634022425267,0.16337212680452798,0.17975814715297883,0.29366759662767944,0.04156373418749927,0.1534240156897815
U_4792,0.33151503879251676,0.295601644603927,0.3380345514347908,0.04243146384378294,0.046483990411095036,0.8775647348695979,0.08989227852295245,0.13129075581739832,0.04412950877489842,0.07585139515671196,0.062415704350752,0.061790985606064,0.14364448206282743,0.19694622447985552,0.33754934593097374,0.04629859047265307,0.17959760031492425
U_4793,0.540915586691207,0.1489547217220555,0.5693736115508659,0.04847526022391015,0.051930395670017025,0.17368897533623756,0.1423248936895551,0.1117778775896204,0.1451549714699076,0.056906516324443907,0.049002262947707424,0.5089103969241668,0.14158041680668312,0.13029589193319985,0.08367868126877503,0.4869573526694366,0.1555569443800899
U_4794,0.5198295250656135,0.4293310057971169,0.5574282856539164,0.036222527646237596,0.07694126977363613,0.4047995683818211,0.08496280074253551,0.15292501183047397,0.05427422715308299,0.08264152512156417,0.05910694183848958,0.08106337922841836,0.22712731277376857,0.2758657514920948,0.4885131640925138,0.05395485572766746,0.21095066531907108
U_4795,0.06365820804064122,0.11573251672984929,0.10222124666468084,0.16283321492679673,0.15838105012193315,0.10560709282635576,0.11428487760587056,0.16912945608970553,0.6389396801465611,0.08941605147210555,0.09895612515668772,0.06245582092537632,0.10274441025144512,0.1298214866549885,0.09805729729476396,0.38319134703852203,0.6415424899579504
U_4796,0.36829268147709415,0.2842127457893481,0.24836393175671345,0.03390539103412986,0.034421813888584125,0.23308479805215807,0.074459579571202,0.10406832350616986,0.7033694922899076,0.04959926187446534,0.05516446365985388,0.06807009993825552,0.14283354102372808,0.188495233719561,0.2814513854661319,0.056625461396940746,0.6344862653244641
U_4797,0.26131779916814735,0.24263657492733015,0.2485328325087694,0.031651879431951815,0.0457583916102861,0.11430350900318201,0.2140653517838888,0.10627586262673722,0.04581628615559535,0.046055612917619025,0.054519032512738014,0.056290606237875004,0.12441839753235825,0.7083548725899077,0.5838533020381294,0.044972110162313,0.17488645540488748
U_4798,0.1780822010945571,0.25076155835417147,0.9142792340034984,0.04892986228377926,0.05890146954495843,0.23872321146874234,0.08622574113396156,0.1274760283437419,0.14800842193068678,0.055868671463831975,0.060900740669836376,0.062309533226486156,0.14907697144139587,0.13888510323200845,0.0771450793330201,0.03517992163992131,0.5640086596128124
U_4799,0.15562507445488608,0.4769201826765189,0.4106212755086551,0.139011199407574,0.1812635133772248,0.2868780395287937,0.2527423570799932,0.25879475843628424,0.3693372418646715,0.13479435313981025,0.11276739360584738,0.1309325199444479,0.30664533403126903,0.31782127981301933,0.1491743892628985,0.06042034160934086,0.22329111835479065
U_4800,0.2965299523280923,0.2856866314971714,0.26831633578709124,0.061078434100275504,0.06022413310913449,0.3065202904142833,0.06849724161405528,0.13876119590551383,0.8071621131543528,0.10203155224564638,0.0772305737087364,0.06949121048235203,0.18060921823720688,0.21499281457672553,0.17712443704752498,0.03598236591000962,0.29306337020907625
U_4801,0.1128837741652875,0.18437591383121027,0.17288676159298308,0.09934310165100774,0.10047080183295919,0.19316012675268537,0.17767496352175666,0.15584788475083644,0.696022886624907,0.0706630879737505,0.0758866795224333,0.830411337158149,0.18668333165827622,0.1817237162640053,0.07951653361407118,0.03637762579776439,0.15202985720633339
U_4802,0.30017123378720345,0.7574314019834123,0.2542881446147668,0.03717571319588603,0.03540825281844662,0.0932668054091469,0.04491601480465479,0.08755752665355712,0.03255311196658055,0.040255598851404534,0.053957211911086614,0.04038827242363265,0.1412916863338628,0.7483088658464824,0.5109484456333,0.03290394638232663,0.14420207684227543
U_4803,0.14900021896525062,0.27382112399434955,0.9146807957384958,0.06709425265616899,0.08600373534564953,0.22443197378063906,0.39277317297712544,0.14552234025312158,0.17196861423779064,0.09068845035635173,0.09651691619541176,0.07679819560153042,0.15988531732685013,0.17769480251968084,0.08281040798213192,0.05910404886444662,0.17326200877756523
U_4804,0.06263200887466218,0.10929084889630697,0.11219507887554764,0.11512833383144476,0.14113786367806763,0.0990230441026034,0.31643665088484196,0.1602125229366087,0.5619883025449944,0.07150686970631762,0.07031995175223146,0.47131064041403514,0.10538556069262427,0.15677469998955926,0.12450182782432048,0.32630591179029245,0.16687447285390983
U_4805,0.06389276872107941,0.06917120652490504,0.10591919240521001,0.12888088466858927,0.1690157619815025,0.4954989714299406,0.4499079658419365,0.16551261594739175,0.08490142413412392,0.08068020525067879,0.08206190583684853,0.08250845164353068,0.09348263331898479,0.13593908957538425,0.10103844167986492,0.5609438780252978,0.16246614305466425
U_4806,0.5013040917106963,0.4675966557122979,0.5776739613741669,0.03679056688397907,0.04521718699129293,0.39511547397538177,0.098751381734908,0.15686382394158346,0.05547815057695273,0.08468343226704465,0.04981284761547826,0.06946513851629618,0.20157115262730718,0.27564848437910344,0.4609057562860208,0.05357520483504997,0.22368854711249747
U_4807,0.06204618455402054,0.1465269625866998,0.2459728463075005,0.06361726312981877,0.08101119769102419,0.6488633621697155,0.15563883393761646,0.1298103491864549,0.5384505250624382,0.07156481943255392,0.07309584884360813,0.06755117239731845,0.14487700169056122,0.14162785100349426,0.05456149170679596,0.479703545337695,0.13674973136171062
U_4808,0.5426364779445557,0.4628492866109206,0.5385812925123412,0.03271359767788437,0.04842692458915624,0.4238694443276534,0.0872979913862261,0.15688747258119295,0.06066751467288059,0.09120311389983901,0.058603092329365794,0.08513594896755959,0.2260352536096481,0.2889277550726984,0.4903166504923491,0.053266300604270164,0.21377219785069554
U_4809,0.25663815855526734,0.19783191170175296,0.8302784158148113,0.03835277446955618,0.03145695067286772,0.17865523993687796,0.03211472488425864,0.08916675257972988,0.021348686645300357,0.06021087839372596,0.050055893187363434,0.030903563583193884,0.10019455380514598,0.1355456740782781,0.8381842132885791,0.18624868617122203,0.08797933421554095
U_4810,0.04062171758684508,0.2198725991108135,0.23411857561173144,0.15541807680004097,0.243873713070199,0.15260157692852486,0.15351402771625605,0.2069626968046191,0.1648280255738796,0.22654855228029253,0.24264698813445854,0.3801379297864859,0.21683090358498516,0.21394509477260476,0.09459424804062505,0.4902940625903599,0.23374837676061366
U_4811,0.25015208302194925,0.2432235229280248,0.18591878764355255,0.050616914897345246,0.05018808180682315,0.8877285494792856,0.09818195391942808,0.12957321271688688,0.07905513705180163,0.06118780407098637,0.057210625113666105,0.06292568525593553,0.14066975774598334,0.18347078226678531,0.12778573594035508,0.04075308145160856,0.6921550874009854
U_4812,0.365313643935096,0.3093938514443575,0.28005802212002656,0.043865603588141386,0.04886193631083854,0.1648633786024949,0.0902069978283088,0.0993115769489386,0.05733792780446893,0.07177412649604029,0.06809515237759114,0.8652684859369867,0.157737522903067,0.21317960227146937,0.318104105402319,0.0460492188807037,0.1398278135688096
U_4813,0.1654267786049797,0.18896541062884298,0.25865374917209843,0.08919642306026102,0.09679182850743749,0.89204636889743,0.11458853630781847,0.1550446749119937,0.13197293853165684,0.06242132660285258,0.07513652230238121,0.07055051021692177,0.171064123145007,0.1761583961687258,0.09575779126181386,0.025389075993789485,0.6939095891085904
U_4814,0.02614338968058651,0.02404192400376843,0.3836766711336933,0.07704782887128556,0.5895221488779703,0.7640472613861801,0.1050426576393041,0.13440212190964806,0.25089946548301045,0.12300577739866142,0.14634056603146461,0.48055503932827565,0.10328704644320034,0.12781637770900064,0.039694292095630405,0.3129322043442433,0.15355096542260654
U_4815,0.2293062685212854,0.4341857241159776,0.46241549174492225,0.024643452502879394,0.02920966804923046,0.3935990646371133,0.17532178302934392,0.07992874470605599,0.13835329881695885,0.05498331281525291,0.03923327821396938,0.06518904226233038,0.1170649292913789,0.13866728639060238,0.22481662296597363,0.11308054086188926,0.6775288774664953
U_4816,0.24492931236908094,0.21112955003277853,0.23379793718971578,0.04118471109610856,0.180688548088599,0.14313281762939675,0.39164983010877374,0.08453200782507807,0.026328365347642477,0.05800198954170695,0.035462544835381624,0.05766604277733614,0.11432624963002552,0.7841572493469285,0.4839032726538866,0.2287575648558957,0.08509655888452837
U_4817,0.29955667201981423,0.6334312578427358,0.2736818405913753,0.037217911390091465,0.04222588077059679,0.23063066713109565,0.05230393648998124,0.10714624151667804,0.04111397185455466,0.07351574251486465,0.054975365811212776,0.035664828424561854,0.12956754579717847,0.736834454038587,0.3506032683306792,0.46523889778689753,0.1288901293270994
U_4818,0.18837921767334304,0.24334805638200885,0.22758628327149916,0.05515923692032986,0.07021614373682479,0.7491993259353975,0.08496998301604189,0.11102703164903374,0.36769045686965246,0.5414187546297528,0.0679724349342877,0.07496497597406919,0.13209949444957325,0.1462763399436598,0.11847081322197761,0.039740167549385294,0.13875516346490296
U_4819,0.2946771721096531,0.820166255210402,0.260464309596102,0.0414167825299701,0.042105564833718336,0.16505870207079207,0.05925263813485122,0.09423024030744762,0.057184732649786255,0.08125320936623173,0.06338572648179686,0.6057934243975189,0.16399626743384443,0.16167655870166103,0.300370953108339,0.03927466868885674,0.12102318746729623
U_4820,0.35224633475386324,0.2998165400386949,0.8924044851558756,0.051345718167140786,0.05453117981268717,0.20237865648309242,0.09508993814209038,0.09912418706162407,0.05116164022703831,0.054838311686429324,0.051066656212731425,0.07021371969324211,0.1668830632040749,0.17807605253845765,0.3004262557839178,0.040687419069979476,0.15251194529479067
U_4821,0.23834989280640817,0.7908625430493659,0.2204716429757742,0.04009508437197428,0.26049968901474047,0.2355759005228555,0.08752019835483907,0.2700064716683615,0.06259276827786991,0.0735402882840977,0.06433249804221593,0.7538691494725397,0.13602715888870467,0.17347132434171336,0.13046358695318563,0.0166719449355585,0.13064328942089476
U_4822,0.02831873659034842,0.07189098930166754,0.1018065030652467,0.11179850726619962,0.26110842424713815,0.17375734896448922,0.6316738473995317,0.14480275681337426,0.1338818142682123,0.3004188272009126,0.29775340237715203,0.26368039809144433,0.15438537791049056,0.2043499943549926,0.07312424872729706,0.41887610274615744,0.19756604583080095
U_4823,0.12079573282960979,0.19123448563747336,0.17689703846562732,0.08824994922684175,0.10432088946530926,0.9467862923223447,0.13618367954969038,0.14820938905839665,0.16325694811059294,0.09328967134339211,0.0875246810533349,0.08397446575002838,0.17573688584316316,0.1773530202586186,0.09040266378546552,0.047658096306073504,0.17188300568401954
U_4824,0.4199935964616623,0.47004047230251444,0.5045761836988325,0.03726408130152484,0.06091960266540924,0.3514196133343117,0.11938752939498906,0.17416557198781238,0.35940656419567096,0.11047963256012609,0.07156639265873097,0.09583513504016103,0.22768993817515842,0.31280188953257326,0.2513765071362965,0.045975056792685653,0.2612840468859977
U_4825,0.2909885632105619,0.24990775814544325,0.2565556252745616,0.06228374481752911,0.030299519387065977,0.5007418922652193,0.03720825929286931,0.08410005881479012,0.02817923642182267,0.045437831343161594,0.04326617866848419,0.02876732927647029,0.12485951999724207,0.797585450365008,0.5433569093735965,0.03997005224505927,0.20386804735622435
U_4826,0.09665052867791206,0.15588493539828996,0.25385815239259785,0.10177423209152786,0.12892526980714472,0.2213537648173483,0.20848812787136006,0.201721820250153,0.3587942289026509,0.0948274915093486,0.09537875034778442,0.7384652687659616,0.20789623686148573,0.20913795294067206,0.11065079753297244,0.05228583834662273,0.15903572261356094
U_4827,0.3541258108562084,0.2788797142358831,0.27283304847771706,0.03688116487321505,0.05389434360814962,0.1508032452674343,0.06505899126874218,0.11600700903384058,0.05483599686187109,0.502391076800518,0.053424873015709355,0.06321074451142777,0.13121033700148915,0.19706310971214883,0.6265953322548558,0.42145653186777,0.12875549852119744
U_4828,0.4635042104746961,0.20379729514597705,0.48090497580907454,0.0543394168036159,0.06073236747002333,0.2130944031253392,0.11637271473792696,0.10519982226719983,0.7602500315256924,0.08232469207641224,0.06692816757045023,0.7182489435379396,0.13682743964488772,0.14397532214591524,0.09928883535933442,0.021611557734605803,0.12359430207124614
U_4829,0.37394227869727575,0.31150174475610304,0.2878252677256561,0.04187166129015333,0.04981062419745718,0.16164641101483562,0.08884090890575963,0.09892970008200525,0.06112143914557947,0.07030616262537381,0.0717957368934454,0.8792461787363648,0.15360351676869693,0.2183047819530008,0.31177084589827364,0.04829227136357177,0.14081966746854974
U_4830,0.3725199785303266,0.32857045087251024,0.3727141276548457,0.04353853741580144,0.04901454748393265,0.2762490847669049,0.07129928699303187,0.09982077981250252,0.04274245057444598,0.06458114566398315,0.057535283504834916,0.06890202098798001,0.17269441890896572,0.197968680489945,0.34219588937145523,0.6368889441328383,0.18144033638800938
U_4831,0.07899967824205105,0.16847937935145887,0.20904370254954527,0.11297504915016382,0.10505018555975554,0.30738862158690744,0.14443701419660443,0.17443179493521446,0.14376097100920898,0.673619569885402,0.12800709458246382,0.0801706571485539,0.15570635074551403,0.19633690450004615,0.08812428792789036,0.03916696203115172,0.6966318320440525
U_4832,0.2600042419098369,0.23495578961202962,0.6407959314082591,0.033308406849264394,0.034854921834693416,0.19531739501611442,0.04794908355390469,0.09072526533022657,0.3091854111582733,0.035536565813098886,0.03902448599472837,0.053956554157401776,0.09658392677219826,0.6400411358537117,0.697312081014998,0.018770142256292116,0.16867664758960368
U_4833,0.359190731976271,0.316229280490699,0.3496901390822209,0.05159954363619563,0.04470611596818003,0.19187002548645313,0.7006645631257558,0.10597074528162195,0.05023315886070981,0.06100881399132746,0.06684793347038617,0.10165818183671227,0.1903620624902375,0.19552452900537376,0.3087393012700936,0.07283409497516595,0.1790639330324576
U_4834,0.20612633514003445,0.5126773154722922,0.7545941994458978,0.02575872342630924,0.08731117350330991,0.22818758814519957,0.2732143561873399,0.08543548136669132,0.30498756434330754,0.06526820462811478,0.041627189583887086,0.2019006451549819,0.12358129183181055,0.11533709851156661,0.20131675421427525,0.014795128660941478,0.649945414460419
U_4835,0.20850006873571222,0.8114425267515727,0.553014315639629,0.0412369314799109,0.03990292769152529,0.7980959394476743,0.0691018420954956,0.09556636471644506,0.08377320507372145,0.06224450645122268,0.0714448739847406,0.0494564664125267,0.11021673737223452,0.14113648486431635,0.10043466746709934,0.02630943179177994,0.1384301894944149
U_4836,0.35837616592318405,0.3044659565478747,0.3007920228212365,0.0524305291437635,0.055060127223413594,0.859306095858864,0.08843952127261809,0.10472836248182112,0.05661114113639546,0.067861866825485,0.08545994417020274,0.0522712309133729,0.19321170396996562,0.2121360710826063,0.3270421300973648,0.05095775076023533,0.12382588422511254
U_4837,0.26570847032289036,0.23183625694667923,0.7520371736019753,0.050125468956093204,0.04301368352985382,0.18142192260222983,0.06104163527829676,0.09319177322748293,0.030448623428074674,0.06446139382674024,0.04489175085965388,0.03941922346762437,0.12164607485483836,0.5427832649619431,0.5470645346611178,0.46759322919511376,0.1221075593376115
U_4838,0.5686101381858045,0.1652770361663742,0.6032521968336602,0.04825420553101152,0.05657293315691592,0.23235308908032937,0.14568390072640164,0.11763122631380976,0.05221142999320697,0.04764583430289625,0.03920372422001585,0.49186443263291485,0.14817627103456166,0.14051581086044168,0.236760252118378,0.04988710348112121,0.42876022114105616
U_4839,0.2660294294102227,0.5459583324224161,0.22209279150733668,0.0419679236354474,0.043798251500538614,0.1697266651283227,0.04405420766101205,0.45567969785058116,0.023946159138073977,0.043465434026989005,0.036531361060707916,0.029223480608164938,0.11343948539504162,0.8800233894186733,0.5448376311536867,0.02983000105511586,0.15647411228179892
U_4840,0.20414534866608364,0.4399947305358466,0.6026140535508058,0.03544735416710863,0.19958833214652322,0.12966509511368732,0.13525828928367056,0.085546560215091,0.015231823515791446,0.04755293894706348,0.04423863874038232,0.03879314975673506,0.119580170266912,0.36297051072050945,0.6329622809888927,0.13070182021023682,0.08495920774321028
U_4841,0.34913155081313163,0.2961051041966252,0.29531994866636274,0.06036410000458728,0.05399818571937257,0.8830919924088936,0.07771352647058424,0.10704623200473276,0.05825184393797812,0.05219490729055301,0.08280343262301869,0.07236180572958358,0.2443206772832301,0.192689973277644,0.34076599582087974,0.041629545459383535,0.13544972809879768
U_4842,0.03926361181655685,0.02609412508965261,0.531062185617142,0.0546558657218182,0.43286547265581604,0.1160316956152081,0.5501075781627826,0.14751543190851488,0.3831296037007629,0.14800605979761616,0.12872503091898532,0.19627268734943534,0.10990431319426228,0.12957534910071553,0.052693425533786635,0.3484906857869655,0.1704352987698713
U_4843,0.34062812600286174,0.3314201483371208,0.348902636497051,0.0448364031545713,0.04023405228093937,0.2515689240683831,0.07165320533954311,0.6230903461799653,0.05231578593680421,0.06323257913206654,0.0664596839264952,0.08856368725532432,0.12156507980325182,0.19711870729020958,0.2879748570152116,0.037792926598099866,0.6197821476984169
U_4844,0.3047976849465702,0.19276108311928145,0.284765477280838,0.06935401064491488,0.0738754147667359,0.24604306561074385,0.15358224933788248,0.12304634949768117,0.7251152378042984,0.0432958793512273,0.054404142907044234,0.052603103850191846,0.13989107827617403,0.17653294420853538,0.2084312042037302,0.03499025178244984,0.6592407104068052
U_4845,0.24709194164364917,0.21693130906663438,0.3087357345339692,0.09535205633449143,0.09525667257677123,0.27002040072729183,0.15189754933004432,0.15532856866889327,0.1366555125515432,0.13895789524988095,0.1318261561297879,0.7942576052221587,0.20453059741169893,0.21007118230714417,0.1372181572808278,0.028972107138090984,0.19368973329322475
U_4846,0.26247993336961906,0.9008249759823916,0.19429198000213435,0.03387931653977872,0.038447168747856544,0.23347991350661684,0.0918232017309776,0.11249054635451733,0.040586104898184164,0.06823014026865687,0.04227814585549426,0.05686319199904518,0.1188897509004763,0.1495803304934127,0.12657680402593552,0.21828041746740484,0.45807939964951777
U_4847,0.09822963858196734,0.13229430091995956,0.15899457693904945,0.1422855548468397,0.17497830594590802,0.14614043679910182,0.11659473098975148,0.1941295900915609,0.06473033491702514,0.1071949500548582,0.0754345186234545,0.08022740601325751,0.1115217654928448,0.20966449412140598,0.20253549799402895,0.731885011142367,0.3436092453477979
U_4848,0.2568689134547786,0.7039856706293971,0.26107380933232294,0.02924934275046953,0.055380141160884175,0.1519305463255288,0.0743173033718453,0.34534277635188215,0.23632807328545377,0.09019354169622426,0.08000642101811377,0.08589804958141246,0.12611321814686688,0.17865286524585441,0.23638367553141196,0.03661621855629266,0.11326834262013116
U_4849,0.3852043930833456,0.0857315662059282,0.8107917830886177,0.08783603969826886,0.12668500359748233,0.11664229864507056,0.15078500030840636,0.11548901799973485,0.11735326142835556,0.125345021943839,0.11610644766216972,0.49419844026617216,0.06791777330563858,0.0851843339477669,0.03250533916501475,0.16173314436836767,0.11435924386454713
U_4850,0.24848333980178086,0.34338293577218676,0.46780280637255073,0.1331198153853396,0.18415876208302945,0.3998065720707294,0.22730816995581324,0.2345781280392644,0.32707991414977794,0.11418860750743612,0.10608974023681761,0.12490290578909904,0.2823459876456843,0.29058485578437115,0.19991681427947805,0.04673372486098742,0.24380445431633213
U_4851,0.32852203719839357,0.2633449411051614,0.6069061941096427,0.04070951633698321,0.040151958625579645,0.17154290796256938,0.06931645520275148,0.10329970940177459,0.7282005558053806,0.056435129008493595,0.05500462688331828,0.09259120674412528,0.15985266460712746,0.17579366782470052,0.2833918394548851,0.04174559641185632,0.143940016062905
U_4852,0.28183934406352357,0.2897989168835393,0.2203248274051925,0.05335610419764008,0.06479237972099343,0.30456470666098834,0.499305457429241,0.7068210551627375,0.059426106237832385,0.05560639092935092,0.06461927954991686,0.09669175662337497,0.12449949812365252,0.17111861050154045,0.2506354822510303,0.04536027958598979,0.20293701233673614
U_4853,0.1917365308446033,0.2318270002897717,0.1958203206520574,0.07036054568719377,0.06968516094258372,0.9503662443022022,0.28728427345231494,0.4525289375695632,0.12040412156700586,0.09297375235597238,0.09172701544924979,0.0827080931975816,0.15272976829656715,0.17935771876999565,0.07731100637616223,0.030005006007060048,0.15734029453460951
U_4854,0.2581201016684671,0.21471275305979887,0.20558785554653008,0.033233814210566065,0.025100087596007792,0.5466677389665676,0.04643749576945589,0.36408077452022397,0.024330680614030212,0.045446018257108284,0.042600669050597714,0.040237802389072534,0.11210906880508723,0.84810211343716,0.6785485662054473,0.025772683375257344,0.13149766327689613
U_4855,0.24518215704611274,0.24379211372569617,0.24367411471293698,0.04592175276614409,0.047782739999305046,0.9242085954550241,0.08148249581834438,0.42676420383990993,0.029234417889743923,0.06324804901649073,0.04568886888129346,0.06691350555136473,0.09942067450981333,0.151161483362985,0.22753295774684557,0.021954732328140394,0.34800301366928166
U_4856,0.021727532175952878,0.13396693679378627,0.10734527962037729,0.06296086348494806,0.06883029569737023,0.10566579679840271,0.1633970242042097,0.11118486620251054,0.8597545099092286,0.18508520607287104,0.06820018277761815,0.5573592201544351,0.14927107844054854,0.13275620594101895,0.04240789822840181,0.28353761629110913,0.12515133237050335
U_4857,0.2646039618459694,0.07674029589769878,0.3889145606791203,0.056541426757244585,0.10260910739315417,0.19297931921896022,0.12918247889500306,0.10403373377998078,0.5535552226488387,0.10524050449216867,0.10062629652987967,0.7740435912158092,0.10135627561230443,0.09249245865590848,0.08972016253070503,0.03730266519694227,0.11665047505261576
U_4858,0.23927411258077386,0.21212860596666477,0.2337836280638716,0.049269914337964765,0.052109834554059986,0.19931125832850466,0.09505523436846788,0.13026603829048417,0.13999779969036583,0.3804677737546136,0.05346938540433222,0.8036019723794734,0.111304319043348,0.142440821525198,0.10254615000129268,0.03155502672739327,0.6642603059178998
U_4859,0.32442729721721036,0.31936990831909884,0.28892140616394224,0.04239212803658671,0.051232968250730995,0.17639238464781917,0.08103205586884243,0.13073484937907276,0.7483902547189323,0.08332197713755028,0.0605363228877301,0.06819709851725086,0.16509427582755523,0.19302162013455354,0.2787319193510377,0.06655935458689269,0.1708595694961474
U_4860,0.09492890357731962,0.47535072316101673,0.17174202514891443,0.03652825602068538,0.043872699830299344,0.756232437704191,0.2524155573574757,0.09955277844155469,0.24309167770223206,0.09294030735242154,0.058215566839425734,0.13789854190356016,0.12474893024454585,0.128230815306653,0.08310043935984371,0.08850141645981359,0.11415457091364693
U_4861,0.0933602223461229,0.181373913052954,0.19617752730397403,0.09555718635365498,0.11260582145140408,0.1894019055261885,0.18872757050594346,0.16447071239262892,0.22541516644219264,0.7946839684518652,0.08486384829399979,0.44930145303254215,0.17238067600122964,0.16476549298014326,0.07727681260353608,0.03431534851002622,0.14398458387354773
U_4862,0.08578380887514864,0.15786101599759955,0.8229331600660289,0.095263060402905,0.13885127662591837,0.2189734931585992,0.19303706369727455,0.17622714878836265,0.1986682426621196,0.09248667409449421,0.09374152567629153,0.6182979612230631,0.20596957118917364,0.21220231224717,0.1100933714187439,0.03786437001106669,0.15620900114063285
U_4863,0.25852708897335364,0.5394495452480781,0.2123972864892122,0.03865499141123528,0.12229115536004662,0.10092750454525366,0.31825998417568424,0.08716402960220056,0.029312377165798688,0.06440117216404366,0.049861811844136884,0.028627936007152993,0.10447425346116038,0.5018664082206163,0.8423599118999546,0.010013971789819963,0.09074338175052693
U_4864,0.41369658732664166,0.30859373568481063,0.29840803556533024,0.06280727007801012,0.06692666615503387,0.7514348562549178,0.06973599829516641,0.09992874191719733,0.05925932174175342,0.07597213701249214,0.06668944074330942,0.06380607121943138,0.18524209619412368,0.19577890496882072,0.3064726080947525,0.031721882295539267,0.1504539906826608
U_4865,0.3233842946185822,0.43110193057438334,0.29017559697265094,0.03660418257789472,0.32456639351397737,0.46583482615032723,0.05152731581953151,0.08959402214378279,0.3970038544310472,0.17815471808124492,0.050454956993658165,0.043444087959768646,0.12861875517013155,0.8881420276820396,0.4461657072447528,0.02495289359372628,0.12479465248831663
U_4866,0.47357111120907613,0.8629983845926497,0.25256006899317596,0.04797985064021018,0.05815159877763124,0.21679664550701153,0.08250040701310728,0.09928305608312264,0.04545816014580326,0.06183032267772841,0.05532824317193491,0.07777706023586359,0.16475525987030176,0.18599815197720385,0.30435557737804364,0.04545170678908594,0.154853028697121
U_4867,0.2695374986607746,0.2634351548183873,0.7800884364033616,0.031974019409679644,0.41026844459096445,0.20220058861101378,0.3049963362690779,0.31879217856621506,0.09776510661303955,0.0743188776837235,0.07396196342699829,0.062398801758425895,0.14597600983896458,0.1692552876605524,0.18753614563181056,0.022612458320254658,0.13530574598947212
U_4868,0.5418237222018178,0.4533590777160519,0.5398066203416039,0.04515168020402719,0.05107533632412691,0.4663645975472899,0.0922955872840856,0.15609844816128585,0.05089361549775882,0.07836189036817923,0.05975945975455434,0.06688517919294776,0.20149421918997446,0.250156148336948,0.5169193398874641,0.04471088371418866,0.24468587625171967
U_4869,0.08438426689651596,0.3022052536918058,0.22170803509862633,0.1274550624264435,0.22206442983976296,0.20716726235621485,0.13309483556204016,0.1872272795136019,0.18228383851677815,0.3169860626262906,0.31286609856793923,0.3698229861637995,0.23262805250453156,0.2912784436151629,0.10677547153572449,0.30055506205138316,0.25466930253331566
U_4870,0.25503203240001165,0.22637002436851555,0.2776533068191306,0.03644654372885103,0.03964208118252416,0.19245922483817582,0.3090370006090977,0.10966575686566479,0.03179119092577437,0.0408475269123635,0.05118778570605738,0.03593708102475503,0.13112022804025275,0.7808954299084219,0.6043037364418192,0.03976631044117464,0.14658192945089643
U_4871,0.11813664313831856,0.12119620731913439,0.4596695118781287,0.03500984435358796,0.16746742740764786,0.11322067784207211,0.3282956896594099,0.10764819526886012,0.734661168776446,0.19773315325677537,0.053126121431673765,0.4568925832789017,0.15211033893998055,0.1288610248473153,0.05935972964667781,0.15555993314929828,0.10000423509736381
U_4872,0.5040922984885333,0.43303975477244544,0.4589739466889058,0.034319470986651404,0.0437588463575999,0.5891801522448095,0.08573556457645286,0.16776564815429942,0.056021940742832115,0.08728655906846984,0.05737885817093258,0.06922915419992823,0.18637538395617123,0.2654674254904595,0.4571846584973735,0.07061521016172526,0.21634548018720115
U_4873,0.20782199638913523,0.2737679557981204,0.2990193870603376,0.05121112960408337,0.054384289382150994,0.2531870301048623,0.0842431427629789,0.12594830790680603,0.12327213529160697,0.04783873193590522,0.06080411784446063,0.06920703486744276,0.1538060586285075,0.1740127562588968,0.11804278813021254,0.5045323974822532,0.7905381550148205
U_4874,0.2519634100903151,0.6292168860216139,0.17064542214285444,0.04444296769755262,0.04511216037096362,0.7447434457007384,0.06191373725215728,0.1151255777964329,0.05833524827606777,0.06934618489506814,0.048394982136160974,0.05261509749084958,0.13370708221898014,0.1576462852492191,0.21868776923007327,0.031096321468804228,0.7210978753109412
U_4875,0.2773405839389774,0.8656533032204802,0.27954761109868315,0.031267643185750676,0.030776195739571105,0.15112349662960647,0.08140463305323578,0.10051415930005489,0.342468517021981,0.08349482133331218,0.048190901420431385,0.07779589252062633,0.14648380912075923,0.17119746486041643,0.2306155706344078,0.332971458994721,0.11670265611065087
U_4876,0.05579317262753851,0.0709938056631827,0.1256509525737846,0.09899936500850917,0.38150215082326044,0.06963673055637778,0.49066535706730685,0.13864540132046016,0.24992960650127546,0.07336103318174485,0.0862698357476442,0.1457432712386426,0.08610675883013572,0.12978959750951133,0.06222291356079952,0.9645587381806716,0.12720137465923012
U_4877,0.04649128740014587,0.08148420631290453,0.12572558262962868,0.14047037723138367,0.22339827190887054,0.12513842427313135,0.16121373762083963,0.17899754886060248,0.119544611958274,0.21166551043903437,0.2081734695355528,0.19300537866040962,0.125239583307232,0.1760630811520139,0.07047188067668239,0.6743155036239673,0.25379322460684006
U_4878,0.06007968160200158,0.08448805235610155,0.08669381930735146,0.09839101381033538,0.13213911681519802,0.45961545284156674,0.09316090362536741,0.1293555253405575,0.04179155023200669,0.06708378505206775,0.06188176289217271,0.41258578752224284,0.08241413001465961,0.10560781943632772,0.09124927989787436,0.5017027249437551,0.7308224269748007
U_4879,0.3709833547188218,0.2973314955215588,0.7411009946239666,0.06310543969925235,0.04758220478896021,0.15994314206714103,0.06535455844362346,0.12119189532014277,0.06102765059193883,0.07719696557490546,0.07582637688406947,0.05984498741020326,0.13884934835285623,0.29997981989493117,0.306938862446312,0.05113762878694332,0.14556636722720342
U_4880,0.03397895597014725,0.04647126315242461,0.08669471495606669,0.08109972017180879,0.14426415450309865,0.15622746388276337,0.6260129674248208,0.40675934043760786,0.38497868703780325,0.20057872830376441,0.18564141713202925,0.19243939608127886,0.12577401757305987,0.13112292070716078,0.054375445905961384,0.36010899796810697,0.11670848181293206
U_4881,0.06463856580848679,0.1728540402245339,0.20482618188701515,0.11321902906533558,0.1462429168105302,0.23554976206827005,0.2001839747282145,0.16166081763451146,0.23670899919379634,0.8297459894853298,0.10387999633491712,0.0899104389890608,0.26725773088536403,0.19216758198363634,0.1013161720378369,0.04917091231752675,0.1615116435660054
U_4882,0.3484198576443076,0.3374485951684939,0.31591063408967057,0.05628725268216739,0.0681098431200747,0.17568658148374447,0.7829067517726163,0.11528110202687514,0.07239235606966393,0.06515568198693558,0.0703197399706995,0.08604913716496859,0.19113040497292832,0.18382452863209586,0.29902366858618185,0.055638273337768836,0.1580646846662193
U_4883,0.16629869476848486,0.16723801809980882,0.42117223405394294,0.031077841100118003,0.02318146079180927,0.27705169084917347,0.1262124240563825,0.0897799454207178,0.05303322408827581,0.1111334983674788,0.03863816026692108,0.4504803616528329,0.08732459345012365,0.10492750288666217,0.09960125994432506,0.4235452387861039,0.8867073546424962
U_4884,0.28909035963717544,0.39678388370878326,0.3453273072824836,0.020310521569712865,0.34389262822231653,0.2777583719302491,0.07750396918523653,0.09995932160790309,0.16375943637983376,0.45304505980992754,0.08071610237257043,0.2654126839943637,0.1509471316190208,0.19346769907674666,0.19742826855291856,0.14493381975268932,0.19806621693916981
U_4885,0.22447546775725333,0.1821130591305515,0.5613028007422569,0.07345254487508415,0.06352473247328169,0.9981464252262224,0.16788435028318485,0.14701340149847503,0.07151787671628754,0.07253759057875316,0.06494193441313564,0.059175467129556666,0.16299540293540082,0.16650536533447796,0.12621739573078378,0.039958181516968574,0.16765323636449517
U_4886,0.5274778798148273,0.4475350181184432,0.4956242469330273,0.038632274577969444,0.07117284103379064,0.24487967640867725,0.05070158373110225,0.14742391867486954,0.055578824024956716,0.0998986460619802,0.06585548944276924,0.07457801980271911,0.22616271079155456,0.29450914412954676,0.5292816175545141,0.05531634675410576,0.2132088464591633
U_4887,0.27625397341999547,0.27956359732500846,0.3036232243940957,0.0370809228871465,0.0677029321409712,0.18660236970179814,0.11944195406119526,0.10898027572193786,0.14196643605173773,0.06526277557337021,0.05249283010262438,0.08091360606351336,0.14240944599554023,0.20581847654482022,0.16483960217742125,0.5594201293075791,0.6954328649287447
U_4888,0.05142087461095183,0.06246604967114783,0.11640266878711308,0.08949999539086573,0.18013583888230558,0.10653919270747901,0.12893148656897502,0.5539548694375155,0.33901273629389855,0.19390635096288028,0.20547418593515748,0.24578658411114812,0.14609198887931707,0.20855723159504047,0.08900052628953858,0.3249383018944293,0.23054202294092663
U_4889,0.32421024732713927,0.3380203743539376,0.32632713533886726,0.0376293963550329,0.050206979957586544,0.2501954809967434,0.7947338330817031,0.14281136257193902,0.05230053079343738,0.08548744402956016,0.06724800453752637,0.06580523510328398,0.14546791084370858,0.19471687009187935,0.3409132664880754,0.06912722111556223,0.19206739445480847
U_4890,0.24044266685941304,0.22097781892245746,0.32121626527947533,0.08723081819096004,0.08742933653284353,0.28484496116988134,0.12578754669560954,0.7998457169070732,0.05111354983711844,0.06310273563676476,0.09139204028783507,0.04919143659864116,0.13979357566381606,0.17324404085172512,0.16425697440179632,0.02478900738532565,0.6393251469643764
U_4891,0.03749499438126223,0.11984298257218404,0.20558755636533735,0.044475768532121075,0.18308271325943584,0.7410933739709823,0.12335106676710932,0.24138282587895674,0.5556486919394605,0.3158151973418776,0.040822938055508906,0.4040569292028522,0.14207613694408844,0.12923953191113122,0.028278627112188197,0.10043780376015977,0.104335178390635
U_4892,0.054279262365088676,0.03809370319540202,0.1402039057200793,0.09627848615408016,0.14064259758171554,0.06868959309425422,0.11937995977701997,0.5603623800077728,0.3795374988052336,0.13679377399229134,0.14077105905446835,0.8505853052453167,0.07587468461068508,0.1097938755009966,0.049287107120403024,0.30563357863323337,0.14867176616914612
U_4893,0.36242119374854304,0.25179299262521393,0.2977991584203777,0.04227714350759984,0.02694594480535706,0.6386113109312634,0.35935589585432326,0.1194957383928756,0.038429302600977724,0.2797918530388459,0.0543919111135138,0.07400919747622638,0.1577235547814026,0.15964917936259726,0.2583488087188411,0.22480833007039364,0.11864448293229811
U_4894,0.2234101646614151,0.18336211545018039,0.312689775719975,0.06357669087134896,0.07863111565396105,0.5938388513858132,0.1526007368932271,0.12023505254403358,0.7217364839626198,0.056218404975619404,0.052293864647555525,0.09336654545866965,0.1210393037338433,0.17374970540974138,0.11826762158476531,0.029296353422125155,0.41875761615374274
U_4895,0.18692073719313018,0.1948435083067537,0.2048607117682307,0.03242897222164809,0.032696394529573375,0.8827541707205795,0.08214660368409568,0.10059980242516223,0.12430974824628398,0.06352039006205727,0.04065166785522084,0.06326507484571904,0.12490290397529344,0.12343924851064182,0.11664474041965436,0.039040845101291605,0.6822167063152469
U_4896,0.10007838969466931,0.10996126635033118,0.17968423478716367,0.11380879572012662,0.12495647344575296,0.20554278086088917,0.18778464799865852,0.14153709039243279,0.8380694378342362,0.10196000542289546,0.08694405152321735,0.09207234059795368,0.15854322924566577,0.17297949881292174,0.10675737535394465,0.04782649281501297,0.1587968000358548
U_4897,0.22096516929073381,0.21693630468970176,0.18769491568256413,0.03219662873221428,0.3037904960840808,0.8558307817688844,0.06560558237866983,0.09820722016306821,0.04868798297904428,0.053767517387785575,0.039373118576350084,0.08288912359262185,0.10837796811242878,0.16712451579060844,0.23575953880745343,0.30276603310480155,0.4356340910708831
U_4898,0.03462588701961711,0.07134210682255313,0.4022588176019749,0.10566097464240824,0.1477410782027916,0.13083889713258348,0.08393393636381101,0.1138337638504425,0.6376164600434032,0.13802473863692818,0.12843355488722805,0.5939693601583843,0.1033887668552007,0.12918147150053338,0.06112475072382206,0.45998892865838226,0.15142756434646978
U_4899,0.14532835839652444,0.16696833060765912,0.2421281654327332,0.07867988146930122,0.08132614088688425,0.881247080969513,0.12243820703030056,0.11922347089726576,0.4855891912274132,0.0686647574164593,0.06938896660428497,0.051019328737116926,0.14265521581916937,0.1333753125475583,0.09696184065703503,0.038436872418405724,0.4797384975665905
U_4900,0.17128725791887667,0.22605710339877988,0.2290987305919669,0.07296922857176315,0.0669321822111479,0.2597881032844103,0.14369378376696895,0.5671529077516193,0.13500705795340845,0.0802028639305891,0.08044975472625938,0.794706174517456,0.15245459595829638,0.20470962307393992,0.22100325254515424,0.03201370149160724,0.14417088783919105
U_4901,0.20918726905839274,0.534639374173516,0.24290632985626054,0.037781878091804603,0.04900405845092115,0.22067750188535873,0.212525258707374,0.10523169119293953,0.4816620642701608,0.04959111698478342,0.041968152806849256,0.3036847957124471,0.11617115984283655,0.12931336433432877,0.22447379927148486,0.03275999622174593,0.6483716581782425
U_4902,0.23130636376209127,0.5838627976877863,0.26035114497773676,0.024479055123719614,0.2663207946226351,0.7366406710771167,0.04955595046887544,0.09113878005434757,0.26239061466270863,0.06158210708178012,0.04412422870125901,0.3637111410481392,0.1345458763106128,0.15393941033471653,0.25477164434067356,0.04262979860680542,0.10051661306914611
U_4903,0.20083297771372985,0.16463739445489892,0.2333451956022759,0.06938073962003623,0.09300547346756176,0.20439219000391312,0.18287401771087816,0.13346413318500921,0.6115568474169095,0.5241634551351554,0.056193643432700405,0.1269406589298151,0.12640446459349905,0.16770806867237736,0.0952722292977503,0.04876962302995601,0.5241594056738758
U_4904,0.18234241702979978,0.20818799482998152,0.1998426979968083,0.02832476592299247,0.3950385558404612,0.7352643170932438,0.3619278917174841,0.10117188721913077,0.3636681721351874,0.05502918899196766,0.04533060919282315,0.07989200002935969,0.11303005173031035,0.15051123584431952,0.09806589173272495,0.03733583831288729,0.5347579895477106
U_4905,0.36927909788618035,0.3465486635524546,0.3246730874648743,0.04109697322202049,0.04425579057469774,0.2013005360894675,0.0789602089981013,0.10975761157073434,0.06255102937897444,0.06588181281933526,0.06658164276181215,0.07893300678780812,0.1771123957878453,0.1996696113852302,0.3412937804735293,0.684730906215123,0.16899911785133565
U_4906,0.06435257468115181,0.09313328068391384,0.14604843783698723,0.12260659619106437,0.20548200875903025,0.2533954763013426,0.13253866937018277,0.18546899709868317,0.13345875121169143,0.20090715586002023,0.21660605641048308,0.2660502609451848,0.1946090807120525,0.24394014190909252,0.09607225764170792,0.42327322687536967,0.25707556894555855
U_4907,0.02828480692423692,0.10012875993830629,0.10782564172660254,0.0906540313768151,0.18531498475801028,0.1494158212240005,0.12097878618947569,0.13533067762801987,0.06647579873298262,0.21495574960333091,0.22536026082689561,0.2224044867464096,0.1307330770161328,0.13489818080241,0.07005614052188193,0.9179984389482226,0.19399744861743948
U_4908,0.05283176257964701,0.06523801946044866,0.08273339404885861,0.11208595990321026,0.1856956170025184,0.20961714080392316,0.13447773847003072,0.1600575871214544,0.576838730536661,0.27240225372071547,0.23926033066427455,0.23250123526077088,0.141998141618137,0.18067433093259344,0.07951775837140276,0.5281293928328464,0.20354145940186022
U_4909,0.21471510707557856,0.35054498621162355,0.22259651045964599,0.0259541489969084,0.02909500272206031,0.7515189141967751,0.06220583548101136,0.25282075313587704,0.033898465087276945,0.042566548022168804,0.04059824184190127,0.6034171373991848,0.1294864034311009,0.14460285896775577,0.23844849406589924,0.024979760495629576,0.6335270203313843
U_4910,0.03422119159366355,0.09499874806534286,0.07895320933278537,0.13819570484434313,0.19930681717664306,0.11981027306973094,0.12336580588023358,0.14550296265685086,0.09640987065308029,0.20455570783379273,0.2843774272679861,0.9077557944677677,0.11353113430026322,0.17969281306752571,0.07320058337139569,0.3593284041987386,0.17847195852909942
U_4911,0.2897610029510319,0.24478847045532198,0.25131828214162066,0.052907497852487925,0.041375458749745825,0.4739411245915296,0.06341401554857459,0.10529301375032561,0.5496741839261827,0.3406281201306677,0.06449183943928749,0.041802302423417925,0.13422051711867997,0.13718452789791194,0.2250185343897082,0.011334487798169474,0.5869369995115674
U_4912,0.21525596583049483,0.9149071503341174,0.23775093149983645,0.03077603239200852,0.027800049735783303,0.15300811856303043,0.05664514071477328,0.391017068061799,0.04594852580841864,0.05756752466236621,0.03814200253838909,0.4239964768618942,0.12547089277181656,0.16396009792689614,0.23377294371399882,0.16956795253537732,0.09432129906691128
U_4913,0.4821265898438286,0.3329503252879463,0.35165645560811326,0.048520646952575436,0.03502217411863452,0.2443896467147158,0.08548250405031729,0.13903195003944988,0.16864821941032343,0.08839954104014129,0.06905447278346358,0.10985819319786362,0.20514393417797333,0.2220089115841015,0.36416791149995553,0.0930493731585488,0.16900613842579648
U_4914,0.3178394633552267,0.2784523172931932,0.3080834485472001,0.026594892801745987,0.0570744780619211,0.23935718889092406,0.09059985879863476,0.09895833236236767,0.036649082016859305,0.06557876540367097,0.05049901246031261,0.08430199111858935,0.15697478245161095,0.20960385545724788,0.30317421020883184,0.5774584481030396,0.6395118693156946
U_4915,0.0864210477319396,0.40573507111731777,0.21221563887482248,0.10415032878912393,0.14731647841790213,0.4077224484648484,0.19534227559097972,0.18399635779234572,0.2937020017774601,0.10985402945023126,0.11931778608383325,0.0911604640203421,0.3149409335159614,0.2658929074155709,0.13445752521461257,0.05517290538878335,0.3369370344618938
U_4916,0.06794956443859637,0.09967901810989073,0.13042002635015043,0.11549748047431493,0.15434881232018757,0.6478271648756111,0.10265245101690136,0.21641968600094064,0.049989775141773926,0.08242837083396848,0.07455096038793935,0.06407542435979449,0.10906172339602917,0.1730036271617414,0.37107331433538615,0.40223018893524226,0.20779018746531644
U_4917,0.02864157670784572,0.05048907348737512,0.6373274562879075,0.08396991912759988,0.15864244400732358,0.13836266811030618,0.09141665079086636,0.13699475142687179,0.07889621238162021,0.14703192959296443,0.15776142661077863,0.46597963145266563,0.07812259161428689,0.1113022096513873,0.0491689217901401,0.8175299592818293,0.14538959496719903
U_4918,0.20300830004804948,0.16704907127976376,0.23612727520730742,0.05313612585757224,0.06651115081382344,0.24511899901563233,0.14456640984969718,0.13244936533167054,0.43458094477340914,0.5081302158180617,0.059508874767223954,0.07440955729876478,0.13542921740257954,0.14499228931149258,0.11457930892137609,0.057800839180418,0.7815323934886059
U_4919,0.29923975130256575,0.2524710214473756,0.2788808746405936,0.04486112498375567,0.03227077720059198,0.11953864273719678,0.04381862405107895,0.09057991258216055,0.03594642538743007,0.2644643806944063,0.04824996017496658,0.03418894989306902,0.1290941467424323,0.8226889127266617,0.586700932631571,0.04959567861639326,0.19144464126079297
U_4920,0.06368393881723175,0.26622934658316566,0.2748447690580992,0.10414358588223294,0.14292357633310537,0.19385425512636653,0.28236429304893207,0.1576139146895586,0.31663339414887437,0.0860808614042145,0.0984164944577714,0.07903185766360887,0.23289013941934392,0.22744033714738215,0.0903760303007966,0.5625601748837539,0.16516092826110634
U_4921,0.24535399742008052,0.454149899596723,0.5533690097467696,0.031326633522951695,0.031081855702507964,0.1971408271844916,0.06707289990409471,0.11687079893499736,0.5728208760682972,0.06686781161431206,0.050746419562632594,0.062254123603463975,0.13194016304048742,0.1385995596206358,0.22475672533145263,0.03913486713585548,0.7819002799260375
U_4922,0.3296575340583031,0.35889363415970643,0.30668587552564136,0.04976440294964109,0.042786036305382066,0.25056183704452606,0.0714423669397193,0.1107961433066986,0.7159662084280036,0.07269897125647722,0.07182247180226171,0.09173017082608993,0.1878751098274704,0.19726798782752145,0.3099226058506951,0.06428866230158321,0.17324275224078134
U_4923,0.3553514769378265,0.31227106015704253,0.3181699673331229,0.04289109455120352,0.042053440794751526,0.1392156611977714,0.08258022142851484,0.10438157697047978,0.05994105156346047,0.07252616504519716,0.07679762353832278,0.8494949268811492,0.19698690966412466,0.19207212657154588,0.2795774681455469,0.06527068692724869,0.16049562160612552
U_4924,0.030860384105024542,0.05641845940735772,0.8523256474355765,0.08851169348949474,0.15411282451934588,0.17248088518775834,0.1275717477143515,0.15352418676792307,0.11961674788988116,0.1850943006751783,0.16914020169051075,0.2930378384410702,0.13359043386274505,0.1532287788344337,0.061978979778454145,0.7134846827463817,0.15592152747978835
U_4925,0.32542425128716196,0.275239515311852,0.8375971762732807,0.046100677073478744,0.05350163771491137,0.25123242909556165,0.06401453897370514,0.10287236381543394,0.057088245988497655,0.07151864639082794,0.08659054802150315,0.05144075910552193,0.1518831302876826,0.1878982397841048,0.3482431700579543,0.054752193949332895,0.15744650961777562
U_4926,0.24026855995867674,0.2778038615091335,0.18364865824983537,0.04223524105970323,0.0680389652799546,0.22935335018006137,0.10227666365221245,0.12591504074968848,0.0489937429050379,0.06598989021658562,0.05589471929672777,0.0927201533796422,0.15918957736890654,0.21087243116030271,0.1622669596810206,0.5510239067022433,0.6994732196152007
U_4927,0.19647241287892075,0.19877876091064126,0.17111540134347608,0.02788951269572275,0.023635340520385552,0.5991045737528453,0.06637764657706502,0.12690941989671164,0.7134843496926788,0.06343787811860037,0.04688488976214984,0.065019521240608,0.12088175079071549,0.1395363308422183,0.13774973918916994,0.24315377765396534,0.6768913465531878
U_4928,0.0442700624120876,0.046097922549472356,0.1658924530203841,0.09013882436721771,0.19213797716771636,0.7074608870060395,0.1333797281310388,0.19316980429526664,0.08734172839637022,0.2017858414882227,0.17863411944604496,0.17146810474034996,0.11472963479206519,0.13486265791793553,0.057733997892556795,0.45258672511801834,0.17119749477364585
U_4929,0.392063832980736,0.32019412288055865,0.30353384427284424,0.048577987429869185,0.04931672889409001,0.15636731045050228,0.06255996044036802,0.11618370169489944,0.7746745011640264,0.05645810833549336,0.06793134734646271,0.07387230100876119,0.16621210192496338,0.2084724224021639,0.3523754605487607,0.053319089413863534,0.14161769623415468
U_4930,0.22804534346691369,0.20915262572494428,0.539673216058665,0.021247976818052242,0.018633103310765,0.11481138096965987,0.03874988020791788,0.17062107450840036,0.15145744424147167,0.04490225898115213,0.041177266157099206,0.2670488577850119,0.10626278597551679,0.3119711365238632,0.8144053668270301,0.023034625307079386,0.12813067287733734
U_4931,0.0303608772986904,0.04560821640616681,0.16558587425437657,0.08714033010254374,0.18499992851282582,0.8447647393251828,0.12922621053644956,0.15631906471495755,0.11963349720310916,0.2489595622743376,0.24207898464952934,0.23959616179752574,0.1515824949650525,0.1894090666288731,0.05641702600142058,0.3863846937322901,0.18052962035383624
U_4932,0.23795788048949612,0.2192117631062078,0.2169115658389495,0.04240627855563773,0.033629725045830554,0.17041902042003124,0.041111095968871594,0.07736337216120363,0.029373779391642797,0.03483244995325343,0.033349655462397675,0.5776177750500154,0.1252870241279659,0.8597080806805648,0.49459591634788513,0.02493711040541018,0.14940758606120408
U_4933,0.15063849971780996,0.21718859134784782,0.37566010981743725,0.1500654708098967,0.19760987325056534,0.4118649441942688,0.24298256742321844,0.2699513138222013,0.35839752538710756,0.24351233856647667,0.24728918564325458,0.1559775046871809,0.31267073957855757,0.34797675901737385,0.15670819697914967,0.07014652176756135,0.23777003334091226
U_4934,0.06174626412529074,0.13126441201003894,0.1287383770537962,0.14842369144485748,0.1639854404046297,0.13804223462648518,0.15625771681938788,0.15752753409585693,0.11993543095724525,0.6588825265558329,0.09974830782976084,0.08082556845342634,0.13427536583686706,0.1781866163889652,0.110704718494167,0.49101777114013223,0.17403902842803548
U_4935,0.06491676618412102,0.2220845480733623,0.2170247587908822,0.12110081551762758,0.13386927803853926,0.18530126389357982,0.2762415327804796,0.15957828528367005,0.23567068388487125,0.7013122294435015,0.09550374954731877,0.09874239628252919,0.2503494433327331,0.20768278771466211,0.10374618227233255,0.047376866879309365,0.1804467911428924
U_4936,0.31457145634332273,0.2647072595235077,0.293776864519709,0.024865788367531727,0.027417129421320408,0.39569232863058357,0.23194624156875313,0.09874773017888011,0.4599266606493435,0.06003371815258385,0.04341849921871245,0.27040312391066407,0.13099642340607248,0.16655210475260435,0.24445689886341654,0.4294770246239332,0.14964268371030373
U_4937,0.3528673747843076,0.3197669305630703,0.929335589299825,0.06289138329049557,0.05031867235766212,0.14613807178224436,0.07115226977748741,0.1167955673947493,0.051686948975573535,0.07221463405336659,0.08739878705638462,0.08775805157994596,0.12562654109658392,0.1871394011445058,0.24182294532242404,0.04819040566819037,0.13019440808597896
U_4938,0.32236059184950583,0.22715734289217754,0.3093660441178445,0.06113526938469606,0.06279009292961839,0.2472453990963233,0.20265830864548504,0.15350991522554036,0.09152824797352696,0.07260449625278363,0.04049346234547268,0.1227680759571967,0.14208655430021597,0.17653069927095572,0.16509065110235682,0.6463941357307181,0.181535831670574
U_4939,0.25701788617960564,0.2319631138720211,0.2693978738069359,0.04787742704379451,0.04882505298971463,0.18796213370986153,0.11316873749146761,0.10571624416774089,0.07029047122436202,0.059965449339781214,0.05187226214940013,0.510728816373214,0.13179420920902404,0.15358065971713108,0.22491362149330515,0.018152733051231558,0.829879544611286
U_4940,0.29591369829856884,0.26187806779408995,0.8624611133159195,0.03703375876649469,0.039573672164376725,0.21984156574696773,0.06816412051536345,0.11753228857392475,0.05589759517512034,0.062365903060574546,0.05653677947543258,0.05573677723069427,0.1472870053279618,0.1751489770988188,0.2257201895914439,0.03731141481814597,0.7550242578526497
U_4941,0.08498112260420881,0.9133874819562504,0.14785358510053,0.11209230809149798,0.14328199292536575,0.27807433831296335,0.20015499579797813,0.1392102960970319,0.18138418364604325,0.13910598426751605,0.1420722173029957,0.08470997619973271,0.2641620831768412,0.20313431567846998,0.09157475910273838,0.0445830285010235,0.1711494628903285
U_4942,0.18953338795227442,0.6064892777868327,0.22606926712396772,0.0320705262549095,0.05545075677542103,0.25899157227119857,0.09517172885527625,0.10629396910357229,0.6944616696775797,0.1042139138367487,0.09234043680048434,0.4404960107400956,0.11935433692438352,0.14594984862822385,0.1025693644556826,0.2526984008431228,0.13954618744103356
U_4943,0.23022540934456484,0.6117674054796873,0.7379344422340698,0.06521032483058077,0.07100423255351898,0.24634814095141358,0.15372163181989967,0.13147308487557913,0.05009136813257854,0.051646591539582294,0.0578244764648702,0.3172180571837539,0.128508855432949,0.15771078891464968,0.13700892095396694,0.016117974443395765,0.3764942838793964
U_4944,0.30716342834081056,0.26104137234217095,0.26727514848339207,0.042571770666068605,0.039840927243216695,0.1269218661576147,0.049776675818563196,0.09620051792524052,0.4234853750132838,0.04976756299455189,0.058073428906218846,0.07667914944135155,0.15103383563301026,0.7932874097875233,0.5289544270709204,0.027143137714440053,0.16171462628200198
U_4945,0.30056785431898625,0.2566283685211844,0.8730356669143718,0.03292060680065315,0.3589870064222988,0.5953659969436289,0.06555577463516563,0.10145165640305706,0.05860626034332521,0.06309987564392762,0.04861381926988528,0.36333808471382606,0.1482979748517267,0.16703273848984754,0.22617944596567852,0.03928797753646869,0.10283574091413626
U_4946,0.09069041299178973,0.20842761228822537,0.8239585688387027,0.10740136435006434,0.12317535119566102,0.22192568518857608,0.16958015712050634,0.15369844553741324,0.22099248904081836,0.085024506287018,0.09164926953172137,0.4692034390248071,0.1868663668044125,0.17958900030963237,0.08778985146571004,0.04306208295892885,0.17492366343579463
U_4947,0.09585308705611915,0.08123370457305262,0.6677035447862163,0.10824459532578255,0.13227036421428243,0.44748343550527514,0.11356505653644976,0.11309739446977557,0.1776178234468035,0.20674947459195864,0.25337544379331106,0.2875089363158734,0.07103320454854092,0.12350481713879663,0.0721317625226839,0.4747884977501806,0.11003900944367039
U_4948,0.1929678216757948,0.19230104604259796,0.24358973158962952,0.0509642725207224,0.4564894951537081,0.2503402220751646,0.13391378472881302,0.12601893251518814,0.7603856979607198,0.07601302645006705,0.0724780683164644,0.4752625341841077,0.1485280517604835,0.15384882754659518,0.0887885239950782,0.25114928827389027,0.1473081516221244
U_4949,0.3463684843257957,0.2699289118204793,0.7010182673345324,0.05235629806471201,0.04685180352723382,0.13089165201531322,0.06231640758427448,0.09517137267638293,0.5463857009088741,0.06038752716395132,0.06812650262084383,0.04517639986315781,0.12995552165320315,0.18134011893156377,0.6097823267326763,0.029639881732671847,0.1155336855158603
U_4950,0.25084450336700964,0.8760481032308602,0.29791082597144797,0.06190625337091667,0.037641002346190916,0.22116561302475984,0.06619313188519038,0.1202518794729391,0.05528054545584138,0.052355994170177604,0.06354447463297157,0.05507428108632715,0.16444250717298214,0.17518670730964175,0.2485995648886985,0.023728555924944793,0.6481806981278506
U_4951,0.2239874013052159,0.1945016258095185,0.22052993424188042,0.015485539586853656,0.03363741955544263,0.5201808187147567,0.07441864419206046,0.08366543390646936,0.32347021171920964,0.060157161262608665,0.05358236791809083,0.5247694891539083,0.11725996761100965,0.15104570763056455,0.2546260047744714,0.022302134134152655,0.6560355650640142
U_4952,0.13704696268636896,0.645601113279484,0.6683007475070224,0.059856106057869965,0.25703303669189426,0.15269450419585012,0.15592886789338561,0.12994119437060273,0.0705146918928164,0.078016527378833,0.058645627974118306,0.5549517345598186,0.16733553519720185,0.16361360600621294,0.06653337006397822,0.21586373967343336,0.13078779910367072
U_4953,0.046777752081058416,0.40236572880745863,0.20769101338806017,0.03950985329622608,0.287621787368734,0.38770656148611243,0.4089293688652109,0.10230578836412768,0.1794369413430692,0.5395388551191718,0.05887041448819492,0.42961010146610046,0.14711387373002932,0.1466985178757556,0.06096243714648093,0.32015664953486883,0.08955936122724079
U_4954,0.23303817845303187,0.20818555136658867,0.183627601145587,0.031894370105867015,0.17856269091354598,0.45805961850585974,0.0725097225857288,0.11452924413623262,0.745270667385871,0.30988157547124406,0.0697216817739061,0.2840745478519686,0.14663355815040696,0.17130099329695944,0.1003991036429297,0.022033322927944996,0.11821266090672737
U_4955,0.029090429684062558,0.03396928158306038,0.15723933001661777,0.08590956780222998,0.13146873869470563,0.11056735915351604,0.11099690314530886,0.35742221224904525,0.28794800550751637,0.152456106756026,0.16305845079473827,0.8103802734073745,0.07895180349772002,0.12720934502375303,0.036599947075999624,0.24479312269267076,0.15399602281199926
U_4956,0.1150955210036757,0.22906498814701912,0.12354898664074267,0.04852741135766493,0.25714483204391214,0.19400249854023038,0.1357159876952403,0.13476123073839524,0.4769557748404274,0.07655981792338414,0.0838699580750452,0.43823704795872215,0.15860314153933114,0.17274094128954245,0.07924759065215652,0.4070972905789413,0.15755454710287525
U_4957,0.0907758856711433,0.44010171766560796,0.30846865346332386,0.1024052616108522,0.1322554823578445,0.36363808858649727,0.2009712320612694,0.1942878012630073,0.35752199659968964,0.09932870453464285,0.109613196864846,0.10219130859338138,0.30779204727745674,0.2609377678628719,0.13590653349890994,0.05140244624501866,0.2860097868964967
U_4958,0.3417112947521265,0.42686248914591784,0.29135169386964904,0.057572131352307584,0.05198301990724456,0.20822031961094722,0.07270462148124521,0.13838560428057772,0.056270736777357847,0.6859798873269719,0.07585653363880933,0.06765560454603997,0.14960722893123934,0.20364441471685132,0.35849310257251055,0.04753407513331655,0.1426028493796698
U_4959,0.17587775717297105,0.12141827218641696,0.6811019020680723,0.05743742842839545,0.0838690993534423,0.24288787606898438,0.15471888055175698,0.3433238111192472,0.13401777239330648,0.5318052748247812,0.09066728910066688,0.08788563213362054,0.151349294505861,0.1622585379472405,0.0873244951436979,0.032242652683393026,0.17015580080074882
U_4960,0.17797994202644019,0.20318934291530535,0.23057776058175336,0.03090153882828215,0.05910993911720752,0.1982640814003119,0.07991548148711927,0.33098855734554455,0.8039702791622363,0.10390208197115805,0.10440463595970101,0.08185393404547406,0.1592931960441147,0.15796746140148218,0.15213680347377825,0.03667533028409292,0.13131332643602783
U_4961,0.31605095218592255,0.2594881186095866,0.2803677310714782,0.0466075254777398,0.03153264919395636,0.11448497829838213,0.04084749105539191,0.09402863944587347,0.03949495627671494,0.03705677896435554,0.04584945521174079,0.3762568456553017,0.12872321723535132,0.6978044837579535,0.6771528939120085,0.03790737409387855,0.18713149022429437
U_4962,0.2939100956763026,0.9813089649968225,0.30179772052484305,0.04401588224890434,0.03861746780166517,0.2796788381160403,0.0852654015195616,0.1294644572976944,0.057018499715530156,0.0722803547498075,0.06514204652648035,0.07136913801415941,0.16016027940072297,0.19776834798822673,0.2734319215954013,0.037130685895634,0.17347959876565192
U_4963,0.03727780740422104,0.04466534609603739,0.10279063640675373,0.07347262556936529,0.16904579634177147,0.15069360676697693,0.13573837173738923,0.15821608435432316,0.7612228940327826,0.18747561382821362,0.1869898371556888,0.19053069335923228,0.11811554812908244,0.1536323951702233,0.0637756663372403,0.29052586904712563,0.20925190239374541
U_4964,0.3156935820228388,0.24808549217264195,0.31560579440054953,0.03336887731342583,0.4368334647318129,0.6939766158914612,0.07389288861891263,0.11813369846324005,0.07271905753010027,0.5361869687129626,0.06232545500735762,0.07089573507180975,0.13988837010178215,0.17816623183664024,0.28456155580262393,0.03613651816671351,0.13423122320997694
U_4965,0.3973767674124403,0.3939232664452825,0.443184185675635,0.10476116199090722,0.10813020767506071,0.4926378805906395,0.2587561957740776,0.21707187140374645,0.081428169129564,0.1019332566545787,0.07798869422674559,0.10213636511825512,0.2680977687118412,0.30255882009054347,0.23998146038530038,0.05572836145927225,0.283003130239927
U_4966,0.25849739581402303,0.20219084346298855,0.5263225017994877,0.029623854382932163,0.16276017956718422,0.11319327138473215,0.2087184823393376,0.08183904288894814,0.025463116650891154,0.16590927356460605,0.040351662472739344,0.04227071497388801,0.09807185881737508,0.14439176143241533,0.8221286814213804,0.25226191473628445,0.09567672494961693
U_4967,0.41858015294527984,0.301654563523195,0.32593495584501975,0.0660796584985569,0.054876490163498166,0.29799159320866797,0.7915032867681241,0.10976340974952502,0.06145108798808821,0.07643649944849133,0.0607304150332085,0.07881405509633227,0.1818196767868144,0.17169106343363155,0.32535873462217346,0.03567299774723703,0.17278678137219555
U_4968,0.3671170106828319,0.32176183399667935,0.35610643748969983,0.06325474403319216,0.07021446804425695,0.17721768950362604,0.6550898185942562,0.1252738991409309,0.06531138907654081,0.07848557176838611,0.09047101301673224,0.05827422016744586,0.14736058623205422,0.19484755744902016,0.3579436356422938,0.06486876411165002,0.14369399925898968
U_4969,0.05007628121162627,0.07685717133067237,0.20485128207014808,0.05152472488793832,0.04451855593145361,0.38305356454694395,0.30827953245545037,0.11025059788493391,0.49210665038689116,0.24023975675609147,0.07167061323987944,0.3644699801443555,0.17793488875265923,0.15265297322555355,0.07866588653277035,0.19341868736240378,0.12782654018301487
U_4970,0.21678587040676395,0.2031000677354578,0.2324219110850656,0.06822088474250375,0.41077614893790887,0.9905708329828686,0.0982053873689601,0.11986040465645514,0.053854818844055574,0.05850743055187177,0.03743855307783313,0.337780084789479,0.14272776639978701,0.14744005394944404,0.1559073600711901,0.026269903180728325,0.12776754557978015
U_4971,0.18749724911245147,0.27600743840714204,0.24576187646746775,0.04702155996648787,0.1121462193953386,0.6706283959710075,0.08541187201467257,0.13137390116030553,0.8066513978816555,0.12531107172129902,0.11485079367266175,0.07479913655646118,0.19309934982516458,0.15977821438929884,0.11564195347180392,0.03960637179275076,0.1506906274978409
U_4972,0.03382610785336468,0.04632632406682383,0.09116803060339562,0.07979309219562211,0.13695805786026966,0.8364696923950655,0.6512783883179991,0.14428251212547843,0.10569558499370081,0.15742572361499754,0.16454061959065452,0.25026518038137446,0.15599611943348815,0.17148145164414544,0.05023137115952052,0.24789723057943697,0.13712948607385356
U_4973,0.023186546866918227,0.07800251395048814,0.08903704338566847,0.0994232757582227,0.18185912141451113,0.14780450794414932,0.5538042284374777,0.12764990931810727,0.094466853608837,0.16607090981917383,0.17469697823809185,0.21904648826468898,0.12850135902049983,0.14664845983439256,0.07713586977087619,0.9427390876801085,0.18058447896107252
U_4974,0.30020205465635297,0.28923529632222644,0.2944024204061072,0.04984970493311706,0.06231709325223947,0.27524608763489455,0.08167063233006505,0.13664516482628164,0.8449075172862268,0.08937972244458275,0.06646788950367435,0.1140120035555815,0.169838821938127,0.1827483579877705,0.15053378069609635,0.06437209510858764,0.1921471044727679
U_4975,0.33410633008920515,0.7357715564030857,0.2617313416044731,0.04078798549942212,0.05009208018425126,0.1291837916696718,0.06338294060680916,0.09751437429603199,0.040695731068651084,0.06354346549747047,0.049914273027170344,0.049399904715269005,0.14490371747462116,0.1863667832219807,0.5253101352544428,0.49963661626862077,0.1202283540707102
U_4976,0.3676989501236874,0.323884434042817,0.31436137156554406,0.055370824114597206,0.05791974218710236,0.16616477523630285,0.08304516913000137,0.10520838664055834,0.7603742481381341,0.052083956454427566,0.08760757876131618,0.09362835537388783,0.2193036964590077,0.20191560650486726,0.3364298409298973,0.04863578348415305,0.10702148202374463
U_4977,0.2237044488142751,0.21696476457378855,0.23299874117768826,0.03989385061388001,0.03766581802048246,0.15329982378047996,0.4119305078786375,0.08784938883176795,0.02365665840148279,0.19006701794838826,0.04910989513229661,0.06149831471585222,0.10783633812983251,0.881006701139893,0.4887530790517781,0.030429493086377532,0.14031081571457882
U_4978,0.3040670444919624,0.2961303509901817,0.29592378389536816,0.05130139300112045,0.05570957819279437,0.2562719273045459,0.0834133195462579,0.09210052075569872,0.7777840601438655,0.061568139455985445,0.08033401645623656,0.07562356876274498,0.22030691929273213,0.2179302027419837,0.32920440701439857,0.06007086910829738,0.13194599957723818
U_4979,0.032953999749275806,0.12247522476803294,0.6407005833175237,0.05471611535873719,0.35998571500669657,0.10876818447635708,0.12025646779794329,0.09701954995689141,0.7808267490347999,0.13576722343959605,0.06668961790632606,0.5564761564186883,0.14154171746965688,0.1402706836344304,0.04860027028032018,0.00658902491222373,0.09844150036999584
U_4980,0.18196392620405685,0.9428403935507454,0.20874673217434042,0.035748552036862585,0.05120243316977924,0.16878043629628353,0.10460587717298553,0.12042861477659124,0.15101067511777017,0.09353070321696545,0.08447363757657483,0.06403294854387984,0.1435817053610184,0.16804152370764225,0.05367444904248485,0.2274373243236609,0.13330471753296072
U_4981,0.31847259812594486,0.9870859582125976,0.24744302988803815,0.047457685121736135,0.04798429092916646,0.24395802457218604,0.08107339350442469,0.08346076918976311,0.06447747436279405,0.05815801492765679,0.05809456039319165,0.07026717998226056,0.16113483913426208,0.17557184329545494,0.31598711965225235,0.042325693438422574,0.15582069972457918
U_4982,0.03147321501204803,0.04846056720488691,0.15733699525028716,0.10431283544378481,0.16969411055486613,0.6999854214401612,0.12750588137965027,0.16380082243004646,0.6245890122121506,0.18949387089214925,0.20180759237416301,0.27765334961604593,0.14368170550267256,0.16069181698207827,0.07067893673719013,0.3267185570719603,0.16564821169524238
U_4983,0.06929116497270481,0.09261642929348451,0.17432848940774331,0.06910326785949135,0.10184414337702578,0.7204453205912522,0.5004365139948428,0.12204325687754616,0.3339682495754984,0.05071832721043888,0.08388870644890993,0.6266942415828279,0.15400089313340953,0.12942740816908685,0.05912979118816597,0.010541412148184636,0.10198787562186458
U_4984,0.27563286455815256,0.22872547804630045,0.24790875426183878,0.034338061266896314,0.03997962043084938,0.13440457910697381,0.2658440672076779,0.10044077810755928,0.04795775375298637,0.0761487468711487,0.059320493208475045,0.8708231086957439,0.12739193667648235,0.1556298184893472,0.24054946789347678,0.032826847446770654,0.11638355221781986
U_4985,0.11902960676622025,0.21806431157611364,0.23512891010191767,0.0540888535258151,0.5295530000423858,0.768546760881736,0.11224014773547539,0.12122337333241355,0.7738665513572187,0.052424056498087034,0.06842670480514013,0.06937295108525932,0.1478217424179768,0.16018361558029975,0.0849508963373238,0.037613005702404875,0.13810956997216667
U_4986,0.24198772125846923,0.40012076998076307,0.8385113591064369,0.04767798295713803,0.03606316604757686,0.18416169596863105,0.047932199953317975,0.07872384245058779,0.2741505941427251,0.17587804482148606,0.042047906545333316,0.051235895663734585,0.12350468116650082,0.6986855556544027,0.5971698420674416,0.013541734781091955,0.09450277337794934
U_4987,0.2753946338218638,0.6175454844948851,0.23676524847772534,0.01576771755358409,0.03732459532316612,0.23382770585636986,0.1241286452760201,0.06776743673047941,0.5820634201354179,0.07000048628463171,0.06739118659281802,0.6739888158981606,0.11470107410916643,0.15108743038762373,0.3294797410583073,0.3248201061844457,0.1253849232762151
U_4988,0.22295447529411427,0.8603058549274496,0.2597442723168113,0.08678323655854317,0.06749956891337366,0.26977260157399496,0.10808440758087834,0.1272998216623031,0.052711724268739525,0.053659290174338375,0.06461641052564046,0.054886782409435356,0.17116950172658854,0.17250395072867275,0.1552808954941172,0.024905196430181943,0.6726388464954841
U_4989,0.28260754349055933,0.25015017357110836,0.2657665240285876,0.040097541227425426,0.03796258782309546,0.11177676681290169,0.03931573379485651,0.09209201148991829,0.03550680613493643,0.32108078357732067,0.04936066001356095,0.0666886541384177,0.10696489002181517,0.7236903974899078,0.6576956036317747,0.03490379709015405,0.14981899153665845
U_4990,0.03708723534104222,0.06669707731507356,0.10270508582653273,0.10374249570604221,0.16684466752351984,0.14892763143920917,0.15729846625484425,0.15243869992918455,0.12812651993373236,0.18064279249215945,0.19393644983095185,0.20777788530666647,0.11001876297468709,0.14633028661391828,0.06307727944195729,0.9724895916334855,0.17179282877000995
U_4991,0.25528261893923043,0.15838998868901133,0.24517241387400135,0.06483070615900821,0.0627385341169717,0.17622878913442738,0.3932817883549086,0.12790654138551044,0.07383666373349919,0.43840510944096506,0.048649474857089994,0.39525349497997814,0.12891937945417592,0.1479880179768435,0.13707064187938556,0.027783553862575455,0.817773836518087
U_4992,0.2718210441920425,0.23482697796397095,0.3001760578454778,0.05166919602236752,0.06137284688877598,0.8400091339296993,0.11596190893126332,0.12183831524501994,0.127818091018094,0.05691332323171484,0.05092591863867532,0.11869771113061475,0.12093293075389794,0.1729873371719615,0.12837524320635135,0.023598141532008083,0.48501786512471556
U_4993,0.2958287595011472,0.3286274909015932,0.3273413046615087,0.044727390784573606,0.0651832588889611,0.21114884669027273,0.09116495194155903,0.6927841134428344,0.03366253550107745,0.05522169370837747,0.0498171742336994,0.0458900928948336,0.13182765269071198,0.17272216926829614,0.305543737194071,0.039428042337132846,0.6119485312463206
U_4994,0.22756364535952125,0.258797496958797,0.2676699322753643,0.04890089577574824,0.061155159814923164,0.274100567092806,0.4396655693508068,0.13506817693169013,0.07583578603752614,0.07155946573329366,0.07461505875604367,0.06722172532831446,0.1833576891967751,0.17159586315250192,0.1343733965899722,0.6981378115776037,0.17427481246700385
U_4995,0.1290208142220153,0.264407978534939,0.2482701554173021,0.08251821551338703,0.06611951805353689,0.22472611117999747,0.12639513950763226,0.14455156392648336,0.11351596169243258,0.06399291691982835,0.049017943032059176,0.48528087951397764,0.14929224788267992,0.16977199270140964,0.1005704814005486,0.5379562896343302,0.15507135898596575
U_4996,0.016012350378343653,0.04473817775719133,0.08961147713013282,0.08304957881203244,0.1378400051662599,0.6476064042445812,0.31825610892056466,0.22587329972802883,0.5766034721092101,0.1851254824881009,0.18744410504038078,0.4762003022950022,0.0975826083322966,0.10818223481962497,0.03427163117585468,0.5207049143364104,0.13399040293504139
U_4997,0.360070012890939,0.259138748197436,0.2961395966649447,0.04291364149957077,0.04321962721713056,0.6280298346905209,0.07069751827210029,0.10627299860047898,0.08627051106132758,0.084269349979563,0.05811409636834792,0.06280136030723339,0.14673339079733844,0.17736486818011382,0.3261833781128117,0.052476360271882794,0.15384976511212772
U_4998,0.0023878184591411807,0.021895277677049546,0.37727297004206056,0.0798001846602065,0.25081713334937406,0.44608445550110976,0.08726841938207847,0.5195447968022555,0.08846723780761118,0.22448509615780093,0.12814820321944173,0.733943754761253,0.09534931029902782,0.11098452098616492,0.04258703420723036,0.226086243861528,0.1172923455279696
U_4999,0.06614071192913247,0.11467882599412844,0.3460382235299031,0.10661181661218608,0.23212849360029678,0.19677951035999053,0.14619099817192674,0.2281129863689222,0.1648336595031277,0.3057261463648428,0.2907106933540303,0.2392130796404468,0.15509188843439387,0.31979364510067365,0.09344042884570461,0.5440269585797914,0.29531185284668715
U_5000,0.05757684884294195,0.11086240942020789,0.10846611181343478,0.13709774717191286,0.16461191416170826,0.5679839678482947,0.12771701327094181,0.17669374812932587,0.08527461182572542,0.09247369506907782,0.110363966032653,0.5336535469880646,0.13744074311479323,0.30429130165343965,0.10902691055801561,0.3905952168624778,0.175627226866786
