user_id,M_001,M_002,M_003,M_004,M_005,M_006,M_007,M_008,M_009,M_010,M_011,M_012,M_013,M_014,M_015,M_016,M_017
U_4001,0.06914022355764735,0.0873881770922111,0.08652529291639763,0.1276102565297798,0.15486117424041826,0.09236149741250546,0.11080525462178162,0.1549062416892157,0.06203319620387465,0.08263519739123473,0.07975393924230109,0.06300138055694976,0.08697051390234321,0.13764651704236006,0.4010760101220121,0.9363310583604355,0.18172041245098908
U_4002,0.07243718213938746,0.1670684276810982,0.16319996802260847,0.09047791637826279,0.10572082691409404,0.17557861804921224,0.18210489514487865,0.1521913178578683,0.17096671974218922,0.11851301172877596,0.1210516943768631,0.8940666082799346,0.17501272589409375,0.17480068491799253,0.06387890923305987,0.023444524261414437,0.13725537071333888
U_4003,0.02961839337665822,0.072051537323954,0.11477743604329588,0.10291613104879258,0.20094654086982153,0.16608478759382633,0.15008374553965753,0.14938398969590208,0.12576684692934437,0.22986948925751644,0.22799137755213147,0.8495967331910833,0.1529377504089439,0.189682373111527,0.07016550655049511,0.3509287965571837,0.1842145972703143
U_4004,0.1292099784612947,0.226749410345062,0.25147553768164344,0.08180454996159352,0.11277745954351569,0.8843201447298761,0.15160757487149545,0.14549018778175773,0.15297411554142712,0.4459952358625978,0.09794065595261263,0.08823090992532824,0.18836524233353305,0.16828646748838424,0.09476684658950951,0.060424576723531506,0.2124104378992315
U_4005,0.07326481289655712,0.13004648840658012,0.19620748000742919,0.10534580360676087,0.14620602946517489,0.21118977081991994,0.16223320288771712,0.18449676233717419,0.24829680696706521,0.7910439760238971,0.09744903901298883,0.6219601499657581,0.18932998016099803,0.2000388065472807,0.11291776249892224,0.04133499114921954,0.15849039957287872
U_4006,0.24083330591690233,0.1803787899451788,0.2373316584035638,0.018995142395292392,0.02423806098233036,0.6308899688132646,0.19859154612986324,0.21038391072641463,0.6309625665332382,0.04999974959156371,0.040626594964303854,0.7273037341978156,0.1405638388742865,0.13560302583470468,0.36049519106400574,0.0252186931591901,0.11870219527313772
U_4007,0.27107577343305633,0.2485982018419919,0.2581454135646457,0.05371370483545225,0.04815054576192771,0.22317617627588104,0.30792808116721193,0.09943184983888685,0.2626547284610543,0.08984640561426674,0.051902916547164224,0.05578328014272783,0.12861088915070193,0.818946032434631,0.31713280482249107,0.030996552565866024,0.12402968446211288
U_4008,0.2727101508434441,0.19271103312527368,0.19909796919103068,0.02977894835385759,0.019012908911023845,0.48068259800427193,0.028153936179058106,0.08289679789611244,0.019299071050814926,0.04794179010291615,0.04122051094366712,0.20271685926372005,0.0888024988022207,0.7123029870138178,0.9013898292882346,0.023638757322590936,0.1059800795075549
U_4009,0.2160166845683461,0.23540184995280894,0.22732613655829015,0.031231677836017588,0.27225854541093697,0.427688526263746,0.07552634690119142,0.10920807496661562,0.06108484630602885,0.05518383362120448,0.05444855487630412,0.692467381538293,0.1310793578250588,0.1550539643514013,0.26669666420752824,0.04015971504477835,0.4194891280801829
U_4010,0.028052638143129353,0.05940152694700333,0.06926025880313731,0.10390364829108648,0.17684309542125992,0.5775098666080422,0.1250628096698279,0.1481047627993412,0.11998876493695276,0.18546568993456689,0.1765223335568205,0.1697436321922051,0.11457441216340862,0.1743400960111737,0.04425102348980181,0.853659105852879,0.1710331191893469
U_4011,0.19201260748055343,0.275190429060997,0.5589200118151153,0.01543211307220813,0.020744258649788044,0.2484153102141234,0.020363598561514366,0.24683925750794178,0.45503454513463004,0.06022823617615758,0.034332406877935186,0.11751811800329681,0.10257866805030429,0.13117590596916096,0.2791074975731578,0.12930948747651586,0.10283043408146583
U_4012,0.24721098812513378,0.21455602553473158,0.733419137246793,0.04764284671598134,0.16226345570603637,0.5781455727197596,0.05659590047521962,0.09816787694163202,0.02794596544031709,0.07090763494998065,0.054378595316386245,0.30165112674716343,0.11055967522592823,0.6921317025446275,0.47030441422594227,0.021828474097884486,0.10665417805857264
U_4013,0.36319160002853923,0.358830620116241,0.31770806835620724,0.035655045191483534,0.05769616890147491,0.18776346188670093,0.0757159747696409,0.10475215372966949,0.06623250874664585,0.0600451288249602,0.05746253148172365,0.0689668561495532,0.1699226472654796,0.20332725226155854,0.33476265920240067,0.04797510057139701,0.6742485509812192
U_4014,0.20423568806085926,0.17855754966045317,0.9854552916944997,0.04802148596627393,0.17944181756180588,0.2244151859135477,0.48537690866373306,0.1187890228691289,0.06777862469326991,0.05221767308191393,0.07353140479948216,0.06257022940482332,0.1558027931439886,0.12977765676550423,0.10027189491286212,0.013308125337604448,0.1285475274932842
U_4015,0.03607559401409877,0.05075322719869442,0.1862972231804128,0.09335620067367457,0.1661565685072349,0.1895255142741274,0.1344363307363382,0.16356190039790894,0.5258118190444121,0.1915310326307666,0.19875412636568432,0.20709966915966707,0.13470921624829094,0.14044158321959246,0.07442307662158752,0.41997989753516296,0.1885691809800031
U_4016,0.24316548006767869,0.24451742969335077,0.26825484370284103,0.035932137743257514,0.0488862216539695,0.2791563478749717,0.06339885199797887,0.11952587506314097,0.0466067546011253,0.5692818936238292,0.05870840671865667,0.5611307319012865,0.1291492172015048,0.15312988826693824,0.24017076539979185,0.02880101676183419,0.5204785631523418
U_4017,0.35815895526404906,0.2857623565215749,0.2835127285345205,0.045998749039334104,0.04433614772045508,0.9279517284380036,0.07726982769512723,0.09354441232828331,0.04175173956502612,0.04742077022997876,0.04861606940553743,0.0614383974558613,0.17903989927728833,0.18390508406835504,0.318188434688076,0.04412143959429848,0.16431994553845417
U_4018,0.2621000144364535,0.23468428838028513,0.8402116060555116,0.044848837284190424,0.03882246739377815,0.2269990736655163,0.04844676524244512,0.09915243031786991,0.04593816745140492,0.05500593704686445,0.04379055598736334,0.07071881457427252,0.10617219859907519,0.6493618984761359,0.27479912572572773,0.03959736413340165,0.1236629126381441
U_4019,0.21481846586759037,0.7166452708381714,0.1432791897763235,0.034406527543218435,0.2849223045600763,0.2304192691156868,0.07197476785772175,0.1150277013123576,0.46887744321168423,0.0691940844103662,0.04464679282146712,0.07804732811991096,0.10489439091228979,0.15849001910809715,0.09704786124227112,0.034334750669920554,0.7971565458856199
U_4020,0.09251544572083535,0.35327306352778554,0.22215534659781472,0.023459986275918585,0.18477995473508746,0.15402225762057753,0.24965059404047898,0.11785256263601815,0.6600359771690824,0.038234936191876664,0.05016050616519416,0.22807404271042578,0.12907329736598494,0.13286042980142912,0.05018112077036074,0.12072562027649758,0.09233008816138603
U_4021,0.1708852429527004,0.6389291007067183,0.19657626454850613,0.07836654637602013,0.07733441337797149,0.25865322354669984,0.18508195530688276,0.1394645632020132,0.6958425111545814,0.07375791277290142,0.06612553917501991,0.3107456651127236,0.16815918614908576,0.16737967995425887,0.09228668265061674,0.04076275959596029,0.1431000755982872
U_4022,0.22428016637300308,0.20013202855779302,0.20672555416377308,0.028130175982455766,0.25205971920689296,0.6520849426516182,0.03607799461918426,0.08551415222812775,0.0228412148768045,0.04975302745975185,0.0399909271992655,0.03697524147048273,0.10262578644312102,0.7324121254340646,0.6605131705148046,0.02330541539766873,0.13160384481441548
U_4023,0.32596184813479123,0.2780870481702422,0.2687056787424863,0.043707702059325754,0.048527665665041235,0.33007297324233054,0.07696287559092227,0.10977505601036802,0.08146507619306234,0.05932804247488245,0.05860665554030209,0.0973225615545744,0.13802021737560954,0.21987745517984023,0.25260258838635463,0.042692603282728156,0.6754659808412696
U_4024,0.21590443280976554,0.19248582728473174,0.8313283171885705,0.021366611910506143,0.24664270871347488,0.3087328252858683,0.10897556332987694,0.07592406433040834,0.21146475337386617,0.07768584096149501,0.0502029614445486,0.547219996726066,0.11984345873883552,0.14788239206327164,0.24343860862638925,0.15185913479154353,0.1082885864690275
U_4025,0.038444218482805256,0.06250666833019893,0.0814095329510366,0.10062346826735291,0.15354215541334773,0.720244146104341,0.13136523422741064,0.14802150609764037,0.10431474000025287,0.11922521342005976,0.10068064426702407,0.3261054873900734,0.19153983854635095,0.1545665704138971,0.09055320478302219,0.6781925513643973,0.15547067803372636
U_4026,0.037852756661115185,0.06217696820593957,0.17065285112947778,0.09751044453362157,0.19259509733472444,0.11040170629424134,0.12096572973057541,0.1539635626283968,0.7376760929160566,0.19132022615573369,0.20120226340621308,0.211448922540386,0.13048999647083193,0.16850093504017186,0.06946670443256603,0.7593413747595467,0.17438277804334115
U_4027,0.32319750885007936,0.24345989965262418,0.6213294528877263,0.03637986730785279,0.02863127880568018,0.14694985055240292,0.08156114479854983,0.11167537398197332,0.33027404582917286,0.06568438252721501,0.051063203452108546,0.5963627308573946,0.1554420306972033,0.1722306536928487,0.2599398215037557,0.06456979884122001,0.12458021902254324
U_4028,0.035859163835750836,0.07469401679368605,0.14090593702735535,0.12416985313753023,0.22828182076193904,0.19386588960673012,0.15464950498434446,0.17105378735866242,0.09889348478570165,0.2971417830202444,0.3074842818145267,0.2716655176495122,0.1420628699560639,0.17141916691279632,0.0478755750969929,0.48240245975441276,0.3071209455058387
U_4029,0.359269145659147,0.30298920539981644,0.2677976526613872,0.043822888118470224,0.0308702529565272,0.2655686563607428,0.08310523879304123,0.09598183737040811,0.6560187295500749,0.06335596355834881,0.0570360571642789,0.08056391496574095,0.1643620676162834,0.19210778085595623,0.30496622954019437,0.06079343357849665,0.17195133326539355
U_4030,0.30817606740972503,0.710431301706227,0.293204684494357,0.033792963254112435,0.03878242084425894,0.15450360127512672,0.3198113029262383,0.10240318767305287,0.5771435836386836,0.07158783148627193,0.05362746042662452,0.07990365248661595,0.15228744866542762,0.17026070899924042,0.2812645481537548,0.03794866922592267,0.13251813345790142
U_4031,0.20398034004365176,0.16952780193717207,0.23352732247710048,0.0643440127901737,0.07083661411991626,0.8908289691391762,0.1284129419110523,0.5204069950152401,0.057871293588525344,0.062926859198809,0.06243421640009611,0.06136586496193221,0.14505452809631433,0.14785755919806134,0.09013689009068435,0.032612590908931566,0.5367480805684144
U_4032,0.36065661615311306,0.31236087798044243,0.3751423981519313,0.05429968759957543,0.04457745430210257,0.31047909174974486,0.08278958329420287,0.11199711070785207,0.050888554434307065,0.5648064984562708,0.07188986642853899,0.0956407360692838,0.1937904503540742,0.20939661045561822,0.3022527279345286,0.05688169164827285,0.22783705884427916
U_4033,0.03850421253450349,0.05645316637508306,0.06942702567647113,0.08353762843337938,0.3552722599239516,0.08533736863580632,0.10079198357566851,0.12329724345299886,0.5984214516597631,0.17998378775492208,0.1904783691301444,0.7037681808091991,0.15502830881065738,0.13348252167739227,0.04758913082793861,0.24546759085843567,0.1516352377385594
U_4034,0.06389689160716559,0.6719270488680503,0.17562298942039395,0.0682252449332794,0.11843672613607265,0.21126441088336834,0.15133360566649748,0.13958087925226884,0.24051935687038714,0.12117053175792983,0.12329852480973538,0.09454336921816675,0.15852469739405334,0.16518112695822487,0.07520802146357136,0.059020064687624454,0.1642340278953308
U_4035,0.397741619548855,0.956289563229184,0.2748674596081131,0.05416203728817099,0.06336770781121737,0.16364828638481374,0.08340426300707614,0.09301341424963208,0.052559431803880625,0.054713346455520936,0.05221838210339248,0.07678381198255017,0.1586169189006222,0.18326401844096588,0.30325982703676313,0.03777196801728664,0.14952288096115415
U_4036,0.027342998196900503,0.07074414978844414,0.1540101384660663,0.10331019289085308,0.5595895180880149,0.5184716383470866,0.10493193113453099,0.1474303971362321,0.06714285886435485,0.10923529020679676,0.11151971159461299,0.9171146581928187,0.1084113996035608,0.11011638663784878,0.0637201851909925,0.5383904845388469,0.11889791169431028
U_4037,0.17962190417314947,0.26390641340654486,0.2593232094562876,0.05200415804218294,0.07547840575776796,0.2749007883810479,0.7415662044186221,0.13118776638938462,0.14067445252212174,0.07787179861834956,0.09057378043212233,0.06663762234915466,0.16735963621463865,0.1653198489558861,0.08062347547200074,0.3499839056208105,0.14766054354679828
U_4038,0.2665607726242667,0.24320369766240957,0.28415976087302586,0.08130556146018177,0.08564968419979876,0.2373653148328844,0.1822149406485627,0.1451980237123854,0.7878212286107913,0.060048699098236985,0.11923524304386875,0.07339819839893412,0.16804022929684367,0.19653314210638484,0.17210463369910425,0.03155642404105972,0.1962217605658181
U_4039,0.24360140359020196,0.2335055548946753,0.2507648355506702,0.03813989333397378,0.04636272205163484,0.5783250403222201,0.25476394121056567,0.09401643861919773,0.026265560952005704,0.046341884195441586,0.04375265765847468,0.04021284589189014,0.11657626160981764,0.605671535806897,0.6452304112103163,0.02814910711915216,0.16181219501789867
U_4040,0.27210969854628475,0.23746218974600178,0.2471630285848618,0.03992641708680809,0.047680501433319145,0.1287554365354006,0.04918748676003191,0.10122640926192183,0.4624788476680983,0.06675873371343638,0.04930355118896316,0.07374375275155495,0.10058804554977126,0.6965061760651168,0.7342459746618734,0.028204330768361017,0.13952506449074567
U_4041,0.24178679443158754,0.3644968812656645,0.5495926097253397,0.016190140466881175,0.025873231434967545,0.08769149948943168,0.03849807903007722,0.07658898131845858,0.20839914250802025,0.11408298139427979,0.04409206890025588,0.19029322584419878,0.100133510162287,0.5324042693390171,0.9160546871109542,0.012246060823930378,0.10187848976196698
U_4042,0.05206576794175615,0.6486848815841457,0.08742996637687944,0.0973909112089821,0.1265875742032439,0.14647304047521512,0.19293037379633074,0.11696009610816774,0.2378333836205788,0.08179291482442683,0.0961986635250504,0.7733930177280673,0.1765405377615546,0.1698184508228203,0.06707136876372713,0.035431217994282636,0.1646802079949969
U_4043,0.41844736673621985,0.3779107815817444,0.438858566082149,0.06771300374164083,0.07003188284037762,0.2422445497802018,0.0991829174807857,0.12952847530791098,0.07911918340670138,0.07359595893947536,0.09473618418506775,0.10294341973396037,0.2554124604847181,0.23904641662673468,0.4612000373658286,0.06316617127636041,0.15824509789660354
U_4044,0.31210450212858576,0.25649543212910164,0.26587392342839,0.04814885935220321,0.04730675905712851,0.2137828140997127,0.6068543881107894,0.09739538007144556,0.08736521583199307,0.06367045247130201,0.05789264407068955,0.07416643872235856,0.13336714096441013,0.18077972300961417,0.22503575842845908,0.03631008138470469,0.7527407038067183
U_4045,0.29505138284978505,0.9824835447693578,0.2517023311422103,0.055390902437856125,0.03887072618871448,0.12773004198077187,0.07630724738030462,0.09342265845658893,0.05507986173816948,0.06843202925495223,0.05074203354528666,0.0669348932243902,0.14507225092654713,0.16649987603356436,0.26043820437884724,0.029091678092117303,0.12325614332735585
U_4046,0.1539255409268732,0.12420449780358048,0.21425404207994872,0.038553768413187445,0.06280833065148674,0.7517110683158177,0.41909974819675677,0.27190638489855634,0.13205504471586,0.0552860868441874,0.04796242277584994,0.4380488143151947,0.1489986085363808,0.14861273187576698,0.0504230445400208,0.20648000367994446,0.12993654871260768
U_4047,0.10431790235960012,0.07841399717793594,0.2766899317050334,0.0679065019896765,0.07234358739196137,0.4785438810435927,0.5974494428577253,0.12999360217198655,0.7553626191432136,0.08884735522015832,0.08213297833668018,0.2990830765719168,0.14715233184616505,0.15544444553394973,0.19248617619379896,0.03150431911715608,0.1217223605445143
U_4048,0.20506298609811044,0.16510955336352046,0.6153703396460671,0.022493550824991222,0.018694658986513357,0.4533934298524308,0.12697885922126576,0.10810135708133303,0.17463379935785306,0.04421957838123503,0.03591650475653747,0.37707167240851125,0.09085830953294904,0.6586173401462354,0.7378102026051752,0.10075887498955342,0.07321391175821523
U_4049,0.15297857824862252,1.0,0.2145663678237397,0.07427246804376678,0.08465282341455675,0.20420614444197147,0.10897869744149578,0.13841168765719658,0.23745168035912284,0.10331730021591595,0.09113238268065169,0.08946961247896337,0.19975928253639194,0.19532772220808375,0.09129846238467329,0.05083937791726741,0.19650360989569646
U_4050,0.04713695676893359,0.039352930201852834,0.09163221051692931,0.09283222006460456,0.1697852524834201,0.7964184562737407,0.12420952882391825,0.719924854236883,0.10637203524030937,0.23776161207237825,0.21873540989235815,0.26879950133806296,0.13530364629135214,0.16128220156354717,0.06126934219671873,0.2362131804675855,0.1710460660582551
U_4051,0.23808303903562766,0.8788366246551341,0.24632810621299245,0.0399149355323396,0.05621623755365348,0.20978262353970167,0.08808651436404852,0.11005255435581057,0.10583449770473499,0.06605939971579214,0.05927436872318171,0.4885803727500616,0.10041152725239139,0.22567564904056361,0.19521544026628265,0.0247975288373885,0.4959372928416804
U_4052,0.28735753935995845,0.24874128496475326,0.26593738654546906,0.04679255367536902,0.03354818659504795,0.115476153443557,0.042074872313846316,0.08794731147196226,0.4451907699608313,0.04149762257658663,0.04832039557064169,0.03481850562807954,0.12916205104220133,0.6950232061056293,0.6307671979299359,0.03200109646861732,0.14160541046680308
U_4053,0.1811706019340249,0.13241326832540282,0.9884456626832238,0.06856214827653677,0.07834915338727529,0.22027458122536894,0.1345113147136189,0.14200890767329336,0.11028888092832814,0.0623851285035803,0.07482244531685595,0.06794938169711072,0.1239257340549457,0.14433414493430863,0.08441233400839965,0.034492393607965216,0.46874064570281604
U_4054,0.10086834685533044,0.13272773868235346,0.16308539039336897,0.14550183664913371,0.18055482477127152,0.14840654816294666,0.12062905991314607,0.18863625169110157,0.062380467931566236,0.10678701367735872,0.07409221492891016,0.08199701603293588,0.11503001383801356,0.2030293664372953,0.20552951513481757,0.6971513777914441,0.3463749031633261
U_4055,0.36248071926243974,0.9513093039989156,0.27824522891406245,0.060151811289328866,0.054946309313021344,0.15694698381708647,0.06983039599883024,0.09264893600993235,0.057285069503221056,0.05432076853389518,0.05708315699830168,0.06749888514035667,0.1628729389073639,0.18709934974339765,0.2982210896544032,0.04664009419088933,0.1468279496498422
U_4056,0.6075651243962977,0.47467238587584926,0.4749641255895767,0.03525129537801673,0.08496837838993247,0.25027400000249944,0.07196025036656543,0.13964124580005702,0.05318049736027288,0.08095339087005297,0.05120508499244995,0.0707846373903493,0.1978383580773808,0.2747171098779553,0.4707956928853977,0.0662551772053837,0.23898846561619222
U_4057,0.31816227366243377,0.247847357610716,0.26868465861192004,0.035497608294960015,0.03133302609294911,0.2408007222374884,0.07283816861864278,0.09427885825604013,0.774181792083349,0.04932037876966341,0.04916729635355437,0.06956912454455354,0.13836307869583675,0.19783342736469042,0.25420049561554814,0.03910018391580698,0.6043630168732216
U_4058,0.25621948477117573,0.21003255127643197,0.30750144798000856,0.0708570340539536,0.10820996011566303,0.2137623559991317,0.7131273619514128,0.13654069793186424,0.07859036620724126,0.04736183408864743,0.06403219553473402,0.0731500191164482,0.172268443319498,0.20049787485759257,0.16103923953740654,0.037751634913573105,0.6807876715761242
U_4059,0.09864107574533595,0.16128565821704396,0.7216494691220215,0.09288674844728251,0.12176045043713735,0.798782719473161,0.16822961135039077,0.15152556191587196,0.17540540299550908,0.07756282807797449,0.07937058938068385,0.4282633007704093,0.15240002334593286,0.1913674009337248,0.0739464745923515,0.03499110664115419,0.15883023325678233
U_4060,0.17864908978012697,0.19951056179592955,0.7791592844467563,0.04711437453923921,0.04451408058520429,0.7591828082191467,0.05486574818016203,0.08608437144370738,0.40198156298101384,0.06261208642139221,0.08000298086612956,0.044973135673961995,0.1125103660814034,0.13405107167769573,0.10769129774478345,0.17280570490334596,0.09799263107379613
U_4061,0.07392171642462006,0.17255805890839293,0.16339358656838315,0.1243927562352119,0.16064949805333373,0.23245156936766367,0.17078077099302721,0.1752641245138731,0.9684644204693116,0.0910626769704026,0.09596550110405351,0.08569369006544739,0.22684524165955594,0.19702354538411412,0.09105739741454995,0.042838711065196794,0.1635261207837927
U_4062,0.027581116156610987,0.053144079285236755,0.0837028583269247,0.08841018576015264,0.16586085738907477,0.19029848087032075,0.11948061345429387,0.736664620957969,0.11243853684142328,0.15237318595223773,0.16228768542781638,0.6531098162502647,0.10064585387090283,0.12962561165435893,0.051912419896544736,0.5707657933841547,0.187547918799399
U_4063,0.44378370989067584,0.18138986303025495,0.464640161577874,0.025166360204725832,0.035109832182640674,0.7982090142463552,0.08135305461751892,0.08125324970859159,0.04193116522656813,0.04791079226131925,0.05152888628325242,0.3350018850222648,0.11300928419080487,0.13127536479987,0.21139285512250935,0.035168426806025964,0.13354701461050847
U_4064,0.23483299070485242,0.981158880260501,0.22550042748199892,0.04308084644513287,0.061384413945554356,0.24194419365390255,0.10253922418487789,0.1234719381232885,0.1295134972936007,0.05869659256096394,0.05569322938181172,0.06624742050223892,0.1501368254146059,0.17520816972851297,0.1455181849295805,0.04257162003206882,0.5792825395622054
U_4065,0.02755022177573273,0.044634541302094766,0.0976097633754225,0.08142834986040279,0.1556397464266833,0.14598782034066263,0.12175417276379373,0.5905921054073919,0.10045936148920015,0.8051374972586787,0.17026028596440812,0.2847370950024918,0.13284919534192252,0.16115174831205725,0.08060280483563377,0.6172716661615028,0.17695984974129203
U_4066,0.3458774732824703,0.3300161841795475,0.314998491526861,0.05258499306949219,0.04651875224201635,0.1649882483906172,0.06580534285510846,0.10378879436381556,0.8095835183949883,0.07283154459119992,0.07146826014022471,0.07282596163099689,0.18948904329046237,0.1970689525708662,0.2870228569936367,0.051922139067664505,0.1685036936904708
U_4067,0.4051037001254305,0.38506106414650365,0.3130834556832447,0.048218506867862915,0.0623353503675787,0.16311787140635625,0.07854365462188907,0.11417127919813709,0.07157697522238776,0.06635352782918356,0.08625273519917265,0.08398356644547725,0.18011963035005565,0.20145236908960354,0.3274519011814636,0.6610883616758149,0.11746450664048991
U_4068,0.3930287837642109,0.2729954088304438,0.28718819824922015,0.03685502136513882,0.3822124924220577,0.23719705379042597,0.3575305119084885,0.11801966433379817,0.037662752953104894,0.06605092481802592,0.050659673629995794,0.5033653778495258,0.1557397037037793,0.18479236188262632,0.2944689559994056,0.5183739980621137,0.1524260922186119
U_4069,0.5510157189314541,0.46746248079133335,0.5433856225070072,0.03541975064924968,0.060273434930420755,0.2598098964357931,0.07491894206081197,0.142600493769623,0.05459248950939486,0.08650923994444115,0.052590644378061616,0.14082218408979402,0.18938132343244612,0.27858773278721993,0.5150637048435801,0.0681868316538071,0.2313029173865834
U_4070,0.3268929831561316,0.2612311879494782,0.26174935854512504,0.04168469595513209,0.054762018222924695,0.6374202965703768,0.6530336104056513,0.10226620079038061,0.06759528678292633,0.07867179842991258,0.05738843136619591,0.10117385461051388,0.17104178075417437,0.17377105366849532,0.2785208348881639,0.045683161076066875,0.16166816363432437
U_4071,0.17713979111958317,0.1729354345326701,0.275094275991997,0.10001706964332818,0.08952580250970024,0.25652127875796793,0.249579069156426,0.15082244747973858,0.6017906899875076,0.12540584763951965,0.12430387033618773,0.5967025129546857,0.1757192728000789,0.18297282179330948,0.10933363362780922,0.033785461515115384,0.14553649412964967
U_4072,0.2848721541351147,0.6036832022205902,0.2537118299913731,0.05518651325988167,0.04811579288497212,0.22075393849406158,0.4724338231459171,0.10225812428254877,0.04829810359800244,0.08130016883146893,0.062970061697363,0.05735312754831545,0.15062716865000764,0.7113859748224126,0.29262840366799203,0.034503707236947255,0.12529573442591166
U_4073,0.13107373745217094,0.23512050809617308,0.9111777506669351,0.056981295586079436,0.09056225560066614,0.19065330240313152,0.11527548594021592,0.1216803617279047,0.18072850645707209,0.0628938306482588,0.07884063227570005,0.4417951680745993,0.136782112570362,0.15529800408961184,0.09331608279919568,0.040540486810288004,0.14136488173321687
U_4074,0.07367483110468594,0.21260902067352688,0.15825683538198712,0.12466391246426214,0.15804585554863726,0.23672156481636464,0.18976347844187447,0.17039117414809823,0.9354054947192735,0.143090257800489,0.14499211559263903,0.08852887442804723,0.2055188697670516,0.19932197668581833,0.1054452863745675,0.03945915246120842,0.17347629008584597
U_4075,0.004618246801424779,0.6049219897174479,0.08926967489036905,0.06583037410551341,0.12784301477772797,0.12608584023000974,0.09516599569235339,0.10447340672239976,0.142426609223671,0.3759286505684577,0.1555903464259459,0.6103776702281516,0.10049675190268466,0.09204600241440648,0.028889299046861175,0.4328717256866119,0.09109948859655728
U_4076,0.20987369543657844,0.04681016272459078,0.6546821823901867,0.07414099103035449,0.11758413548514747,0.09388047979991765,0.10792711479206979,0.09179178923219593,0.09410179824023343,0.1351880636296934,0.11807483764830537,0.4106591635872774,0.08035283519407524,0.09130838274662753,0.021473196430466406,0.827010704350885,0.09984511259999443
U_4077,0.29521798306452485,0.2613387037127025,0.32380526092660866,0.07093825954572208,0.05993636076280494,0.28699213639996346,0.11098718444740975,0.3081196576728038,0.07766625271449085,0.08330890766602252,0.07877521757791094,0.08219591956047245,0.16607032809440128,0.18835075053603756,0.2407839376959601,0.03388139163329655,0.5175327471979527
U_4078,0.24695895959834505,0.25657881473642585,0.21295003271573842,0.058827185414036504,0.04590435628595755,0.21325196112335126,0.5132519398807198,0.2716082646602105,0.26183306325201106,0.092678920584678,0.07340502141623423,0.09415907891218615,0.18128119593370057,0.17286037436573892,0.22763806005399448,0.42124541558679385,0.11882928466580506
U_4079,0.2661380585682127,0.1849880316001198,0.5237950482354778,0.02518454786926429,0.6354359871993691,0.5785842934192741,0.04670326024362211,0.09691096601429308,0.04560165434175447,0.05904003739347161,0.043998595429482416,0.4933458178825004,0.1492832810393823,0.1714598644178064,0.214168290027082,0.37750859899449674,0.12688296640034677
U_4080,0.09493418329840354,0.5618015035633996,0.2361867617278495,0.10240401120464354,0.12607081214540475,0.2383230455957631,0.1602491667845809,0.15720613277878248,0.09366625503152845,0.08927686569788577,0.0831209308824635,0.9242682821066027,0.1567658595092916,0.18206051961804096,0.08816301275609488,0.04844537404462276,0.15372745227157034
U_4081,0.05816931429006891,0.23237769676854048,0.16944836622152634,0.05749642715864292,0.07789732551613436,0.17736062619544676,0.1240350229309112,0.1294260155267528,0.21138382152735818,0.5178638858331697,0.06555261763839566,0.8853124339177598,0.15617138703257516,0.16046604603244496,0.07029243501419594,0.3323511551745113,0.13775019237024458
U_4082,0.06893222949769817,0.13034037785861358,0.6797561369812882,0.10797519903207857,0.14215330432937695,0.24805253398786872,0.7347482765012884,0.15905131168410147,0.16635141612316218,0.08591340299923728,0.09648493921276008,0.4937997546025439,0.18356222340983172,0.18071343914164748,0.07704594636547955,0.04432122276830051,0.1547132496594905
U_4083,0.18262438569353495,0.13980770266956896,0.18371481881108537,0.05561029451305716,0.06330024725462087,0.2292291842529206,0.3154961242454528,0.12367745281167744,0.24509543923570745,0.055957760546452164,0.05642945260905512,0.8137969503579958,0.1622394655172817,0.1585722029024661,0.169593514551159,0.038722910902059926,0.35944980941400606
U_4084,0.18833497000370045,0.761292304590595,0.2562222617747534,0.06595938943443785,0.07764718550290006,0.19768699631378073,0.10543986225401265,0.16590364161973634,0.20119071332888597,0.10520856352568354,0.09194108359913788,0.0965422609562715,0.1860451596796184,0.1851993198811504,0.10295780771022514,0.04792282304343422,0.16394867046727274
U_4085,0.27696448089784576,0.2549716371094565,0.7705702033618776,0.038328632954809594,0.3784774248911399,0.18909593809683906,0.0701277177937726,0.11364013978605458,0.6164410168525843,0.07417144926621684,0.05499191832138924,0.048312639437529996,0.13276579966531296,0.16545140253643845,0.2694385152105845,0.0302564806742453,0.15352659087780807
U_4086,0.011998468301823956,0.03762532818812861,0.350468491625361,0.08252339921037981,0.4245150294848743,0.06443356148754036,0.10663993813738633,0.22398237797641143,0.6262190703519066,0.41743320600812706,0.17749805634809193,0.6822222224712383,0.0882044626561853,0.10858678889734863,0.032610076088000685,0.19445808169069956,0.12196531150721918
U_4087,0.029689258757939235,0.06699599054808414,0.11046183852173755,0.09907961667684978,0.18521094250006345,0.9396582091321012,0.11770328309234047,0.14975200824430157,0.11727651226283052,0.1858465442130485,0.18841857203384219,0.23232358293952657,0.14598125133551285,0.18588706740754743,0.06485326936215291,0.3419910707819599,0.170719151223477
U_4088,0.237051543301733,0.2750147296420208,0.19977635209892666,0.05932864959062273,0.0729188265651586,0.3284257864972938,0.077834009223129,0.14187126429842162,0.8505485464030037,0.09005929084844873,0.07735173787439642,0.083822283893269,0.2189509449063765,0.19556279908473065,0.10240344040216696,0.061309275404213326,0.19131836338869904
U_4089,0.10324569262292654,0.13300445140851627,0.5446093394611127,0.04636760544396863,0.24430039421515135,0.14848339462818394,0.5820236989006955,0.11616267978110073,0.1521896294327444,0.3870065134270475,0.05886144051003315,0.07217222850187514,0.1525149942627304,0.14878023625384723,0.06591027047935549,0.2274235108702059,0.1556021211362627
U_4090,0.40552646098891243,0.3849869257918793,0.38248297265541076,0.052457554667038,0.06286883864660321,0.20436535819310345,0.10703611107447503,0.14310135744304636,0.07968565687878026,0.09064672585817976,0.07799519520143394,0.09096070116873138,0.18630497359515819,0.22536968391629691,0.38499069291498556,0.061689641634448816,0.17021702091810012
U_4091,0.5280757867698336,0.2154039206444135,0.5813720098743703,0.027353776320320756,0.2852290965006059,0.1371539320067687,0.06653889874895344,0.08477838220967841,0.6438351886175351,0.06919529262382368,0.04249255763427292,0.39075379470227445,0.1383818211261118,0.13357341528987224,0.21030060330863956,0.28753613881003326,0.10119134268280862
U_4092,0.211539487615401,0.18524122058712053,0.7817947430698323,0.021727774442046478,0.21593953296800905,0.07704241981244245,0.03936990293256881,0.06516477814342567,0.12078689270309917,0.0367607208182021,0.031208616672299183,0.3389764832758032,0.10039706670802911,0.8018117185520942,0.5397171470407583,0.024081903660123347,0.11146376767435218
U_4093,0.02428803226539995,0.06902560730978682,0.07162400355610626,0.10520690238455711,0.15284378458810832,0.4120824686355333,0.09930520689063682,0.10209538870529386,0.46677219810681114,0.49069925390621805,0.16185270265720467,0.6509341915820013,0.07836776632906223,0.09888960056828573,0.02997499084066719,0.28853642663489043,0.1493844735021865
U_4094,0.24750910040670523,0.22409066361530997,0.2854195508296483,0.03294509485376514,0.060246305130696454,0.22916161500147533,0.0723326129797208,0.42694372358632193,0.27497439011519487,0.10056248875871841,0.07391703175473674,0.7097701042561778,0.15151229619451964,0.1856109150581925,0.23665052726690572,0.04818788962194778,0.6315627756073011
U_4095,0.05797479015002916,0.17619504626164503,0.10160921916613588,0.09160692445653812,0.0970001757782096,1.0,0.1521942433925878,0.13147468217806227,0.20057552762998646,0.06196864825287668,0.06715731427748482,0.690631333679942,0.171984640976627,0.17191395810482168,0.07104967718519281,0.03718835022031254,0.1461622572310258
U_4096,0.18625104196725198,0.29468587409562863,0.4283652926547947,0.017679551557190084,0.03133425073790664,0.8024002946621197,0.07374322567428913,0.0893695587341305,0.06165455806368911,0.05044009550779536,0.041536612746672544,0.16091096402604457,0.11086495221686184,0.12440786500837145,0.20966213985386276,0.0162009190794864,0.7034044252861684
U_4097,0.2168598604563543,0.7130823054714973,0.8322291076248023,0.03829725448165592,0.046628915730898356,0.23894775833813844,0.0737051541949046,0.0976003168252356,0.05427954440697967,0.064692311014817,0.05871619183362446,0.06632796568892321,0.1451260159893833,0.1431238365569477,0.08860700829959212,0.03293971071173823,0.5140218592578194
U_4098,0.28498549084096403,0.2596310244547333,0.9541988174923857,0.04435525609216363,0.47240202703923473,0.17029982861188653,0.07866103414066795,0.49454117219035854,0.15638209953535573,0.07938346053518175,0.05974054008409961,0.059342052682147775,0.154084620715693,0.17995026174764686,0.12426537199629903,0.025226824679098113,0.17313874496422657
U_4099,0.1298831466980146,0.5427843429827864,0.6837599810882007,0.03125524367847492,0.2963746130920284,0.1802705303164173,0.10307777545258888,0.11326971596517249,0.1405142846108276,0.35677170184889373,0.0899555563997025,0.07637477121181838,0.12198973337710384,0.14092425160722624,0.06216689237365665,0.2115344750051629,0.3834978121273598
U_4100,0.24036079402709018,0.21099934489097033,0.6243477021006748,0.03694782692725375,0.03324901199352914,0.11218896134320855,0.03689728516252439,0.0807280184650921,0.4049594498466179,0.041386463101117134,0.040466219844624486,0.05428668020100005,0.1140829885092783,0.8822050305940515,0.49721867471973347,0.023944814335579278,0.1462306511154774
U_4101,0.1735183940721266,0.188658753147728,0.2935574279208304,0.10397354467340049,0.09942245279492802,0.16783877408865192,0.7085959703884813,0.1466407336973956,0.15994628764546692,0.059775596409122646,0.08621241084716466,0.07148016566757533,0.18921861089318315,0.18348185198561778,0.0981282650164331,0.032066013052825595,0.7213123297760752
U_4102,0.5911610831511073,0.39370113823034125,0.41368505344806583,0.039014109404172374,0.04014220130090423,0.2316024282593724,0.07468700248414598,0.15312162120848327,0.06386016940448128,0.09216037092094959,0.07135314519866137,0.08123559941218456,0.21052589365685334,0.2558219487434701,0.3822158979348338,0.06898100053913853,0.20747603951001561
U_4103,0.6396182856511194,0.4785298393717994,0.4702203357375879,0.03603511701001255,0.0591828718373403,0.25587360213178423,0.07430727821604907,0.13915274284270387,0.060291686014028484,0.08020549574131719,0.05924415568790929,0.06805673674242851,0.19796797338540675,0.2723268554726054,0.47042284579299776,0.06860640393531806,0.21971133445945973
U_4104,0.2534682391483909,0.1710250513499936,0.33049229263582647,0.02972588697350935,0.01777997270965617,0.08998954921866048,0.03904293200512536,0.20281479802756466,0.08526755469497374,0.10318937504959769,0.04023315326743264,0.033570224779367115,0.10173817974103287,0.7547251451977666,0.820642371809161,0.01291490324976159,0.09005793886988372
U_4105,0.2337695779978007,0.20769149310333487,0.21652341977437292,0.0297212091121158,0.03012219530136464,0.1801475880452874,0.04309452480167882,0.08714946324792033,0.455298411467121,0.2580210575918488,0.040969566893227255,0.05879031979707304,0.11712168561858902,0.8603405824479072,0.48381861144328775,0.030214053854072526,0.144315823040508
U_4106,0.2533436243554096,0.37695452163709064,0.7918284708571427,0.04668339278423757,0.15300422877382874,0.10427920372450449,0.05532310542890871,0.0880378885885098,0.040585453098638924,0.06302926859563772,0.05665365666795122,0.2435685460116941,0.11590830239472834,0.4909332348593354,0.56029638925241,0.022952871867742624,0.09295475136072512
U_4107,0.4360853349702787,0.34667099632357457,0.3317415158655149,0.05126766792719996,0.059027818370468464,0.20580617757133454,0.7925404149240738,0.10020404373150829,0.05979171581600962,0.0625996205170295,0.06927972052610358,0.07797176863327651,0.17057873645706198,0.18970250973523986,0.3213814185939682,0.04347105965683553,0.16472312050694693
U_4108,0.32875776272756096,0.6564983369924281,0.7297894078784625,0.03692619083713188,0.048675150062870154,0.251573656603029,0.32395768157635196,0.11169858536740616,0.04861285448873895,0.07057910119931204,0.06575732129716287,0.08123912127030877,0.15398602893063953,0.18099972884097895,0.2570482654167553,0.024484984633711154,0.13375293231818178
U_4109,0.032630620881524935,0.04196244359799628,0.10610423716075118,0.07363067656658454,0.3956214637948723,0.42664465183020917,0.4296842675325705,0.1801956424122243,0.08927186207640116,0.18484953428827008,0.19581464226940481,0.2503747845561184,0.12335641417876578,0.1758947245407779,0.06442937050725754,0.41169196721458134,0.19476433165450804
U_4110,0.3765490248693686,0.3566991394373251,0.33031337332018496,0.05606803584119997,0.04172932506909055,0.1825629823665849,0.07076076178099676,0.10580329421544281,0.6636332806966182,0.06933419421534834,0.06892901786828713,0.07230803795468851,0.15796430290511815,0.19970432064292928,0.32251243469647595,0.06901103867899085,0.17795657278981022
U_4111,0.06270859026581393,0.8468662985965971,0.12920112233721978,0.10664372863175953,0.1467251486617642,0.12639383567284604,0.11921969403500746,0.15307261904380204,0.08764450298329828,0.13074679043754098,0.12084913999324372,0.21388871730528808,0.11705648640046214,0.15346094779245867,0.08079623873932124,0.3325417221281797,0.17086643663240145
U_4112,0.3004623039599773,0.9630046986196714,0.25750071274757347,0.050989195279422965,0.05713313805312873,0.22517081175885975,0.06591569334083239,0.10293560958666421,0.05415698828614501,0.07096326063548328,0.07784474016651025,0.07202213930711741,0.14038615546386923,0.1963809256390639,0.3713730843393098,0.037041128329739915,0.13850263877279756
U_4113,0.31901478139840034,0.2851486921090757,0.906386071130915,0.0441060989988776,0.043773852846336364,0.15347875564530358,0.07056401049053468,0.10360626975672885,0.05483204694785772,0.07191430015752874,0.05955759621318249,0.07156611519792955,0.16159634796257144,0.17196674756220504,0.29067988159460445,0.036514863399788454,0.12799563219307433
U_4114,0.2504496816378977,0.18958020487740435,0.28360836521221955,0.06711516868924636,0.08278628820720117,0.9212630815789841,0.16423891909906121,0.12858343422719234,0.05672176780001604,0.05445085159870838,0.05249982425498817,0.10494229041512905,0.12952064169299465,0.17564270219528172,0.13658574884398433,0.03799987480007793,0.5350714553975997
U_4115,0.06798443043393845,0.16117688752852455,0.22945912309237373,0.1149421542197443,0.11412641783305456,0.20517967104359933,0.2237510648164476,0.5592648353005835,0.1480942438381073,0.07070521088555061,0.06575745183385187,0.837193176572378,0.15691009619427476,0.2176261421099607,0.19886554549429736,0.03607713846722267,0.14219815929139146
U_4116,0.1640644970544277,0.22958634675553236,0.27193731338408345,0.15075493231165119,0.1946372223604883,0.298660729169689,0.2168192369628121,0.2151259960870712,0.4717175304597896,0.13004386469940613,0.11858997329498108,0.15240922753540992,0.31096590888527176,0.3217929038212154,0.1425491979661612,0.08055345807108592,0.226086642880338
U_4117,0.4546011954116701,0.3499321832106441,0.3776042349416159,0.07449430630161373,0.059477824868798726,0.3077237473356145,0.09292315569573105,0.15861214562583145,0.06063741689853311,0.09432201383292821,0.08438857003185592,0.09823448786315865,0.22429121037651575,0.2147185550185965,0.362477158390357,0.04901001947948184,0.18966632495892202
U_4118,0.4033990330713636,0.206885416003623,0.4902000249764854,0.03381724922750609,0.05165776765895635,0.13579011560888785,0.5800688881365094,0.09297549851415958,0.15686381759411375,0.04821928874181364,0.057265758103282,0.33240942048967825,0.125735679207159,0.13491799269135393,0.05853530190248783,0.3295357741801036,0.10253962433532761
U_4119,0.4112251805353371,0.2892159873153717,0.28162276939854525,0.03480489176446301,0.03840075858590975,0.21102165774798678,0.06874369109565573,0.0980905110164723,0.7064407609037762,0.05545441116343289,0.05603104607710197,0.07134658492945742,0.1470939783574677,0.20540091146507974,0.2899911215134968,0.04528874056708246,0.6020242128042398
U_4120,0.35979325146004115,0.2662924382330525,0.3019749569012069,0.047793794325131075,0.05722964270232679,0.15714550306435576,0.2859209425121578,0.10416327263008694,0.6686714130522143,0.08534869166481174,0.06047245205556777,0.061435437218503,0.14867351992757094,0.1699857808021626,0.25199899907411627,0.031891973354594365,0.11464727176768609
U_4121,0.2864929480837528,0.28130393991577785,0.5101175148543563,0.042864588417347776,0.07111767690903907,0.2086913124616495,0.2621991847811074,0.13172768540401805,0.5270402132041585,0.5009402106021387,0.07478313146899708,0.07907809963789461,0.1697785545496188,0.16844827115172217,0.2029248177473039,0.03255655737285197,0.15232512439159515
U_4122,0.0635700337488453,0.06517005594554162,0.13232311944992117,0.10251836545330546,0.17850463721502471,0.15174364022965695,0.754517236171608,0.1853665511960523,0.08396349613869247,0.1544252378682722,0.13263505737763587,0.14367595256268037,0.1048931792601657,0.14527849943395485,0.056059971737376244,0.34517758537291554,0.1582478687168057
U_4123,0.30581828831325075,0.29232753162931024,0.2974686893937074,0.05243879267134294,0.03991323614239837,0.1632932911309075,0.06483238848899407,0.1088720791181573,0.6848102723161422,0.06283875532110081,0.050360062846406664,0.05671110362185819,0.13275711173979474,0.16769861804889016,0.29206832883334344,0.3386627175614765,0.1556564811146285
U_4124,0.277649055857772,0.5505979308443091,0.24161859075787903,0.03305872871611737,0.03715493278492301,0.21055449431639067,0.04333120856131173,0.09176080554573857,0.027694749958961595,0.0485120097802444,0.04069526254603781,0.06359103044412442,0.14635124846823053,0.7141190082293997,0.5087437770333527,0.034123844942843984,0.15395764090979946
U_4125,0.2515601127399081,0.17653560028843504,0.19560117656351045,0.07756363811301209,0.07719767934541927,0.26436277558053956,0.15776567280047174,0.14547842148292273,0.19109388245522727,0.06330179721328402,0.060261157822345465,0.09024104403901351,0.17276076145778868,0.20648597800052906,0.13007213302874868,0.04514366912811724,0.8663696044812043
U_4126,0.22086229494366452,0.41385529999624326,0.2257742389538153,0.019635255937965015,0.02876331895079931,0.24501367903224477,0.12161159301522637,0.17107796311317186,0.026284637999882184,0.16965621851214888,0.03731837271816893,0.6278621917039607,0.13639918900325576,0.13043673159304822,0.2000764271424191,0.013175401675218096,0.6864693167670224
U_4127,0.32602470909783954,0.3101585932752693,0.2674810297033535,0.035988282702517596,0.06244330074556567,0.24887695661468615,0.08018513054831139,0.11799207682659679,0.049350163679722295,0.61493628214005,0.06283657853734133,0.09427746560410193,0.17209854361915636,0.17887068366983358,0.28352118139494165,0.46550256175651594,0.1345395641790624
U_4128,0.04137379528332688,0.07715104196227497,0.1955227775990361,0.10388655092986979,0.16666470631419514,0.20080544860139743,0.14739254460633278,0.170467014313316,0.6155956804467269,0.23880787267197343,0.2184265115848379,0.22398292608931436,0.13085662345788662,0.15339702880245362,0.06114479683283988,0.4351994896208168,0.2107378743214434
U_4129,0.22413174281551262,0.20196890128966374,0.8368931469771841,0.030283699918560766,0.1593436013441377,0.20264242294514037,0.04889786360039512,0.1064806728765487,0.047123166647947794,0.06688073197868392,0.05721568875791333,0.04048404491195424,0.11586783413075978,0.14565406700762226,0.7492207505769899,0.050805471276736874,0.10554595838772649
U_4130,0.2542361008033712,0.9015831405687932,0.22833619511652134,0.035708630159586606,0.3581959870037469,0.15272635015504524,0.06724751555847425,0.10229071721403737,0.0723932049141758,0.05704269089332818,0.04906238512791673,0.48956127160613394,0.11067800390064757,0.14417588614518745,0.21897929714485562,0.02583940060414712,0.4997596547258547
U_4131,0.3537483609273825,0.31948133230672504,0.3134168831176053,0.05116271776124839,0.04408557149366414,0.29342415364822094,0.085506896799069,0.8282630757331864,0.04041556963485698,0.05668849111015928,0.06491170009093601,0.08359558737429933,0.17674844561315214,0.20097788401638594,0.302947562071203,0.04659999744616998,0.2268602374199616
U_4132,0.4117658024084042,0.3431940900040422,0.36924409925342927,0.04163929834573893,0.04966694774451249,0.17514402254994324,0.07689229810934915,0.10552775442086357,0.04884229053444662,0.05835801930650443,0.05957055552551918,0.07337312806385159,0.16993423827549126,0.19717445146238363,0.3419549231946941,0.6525701956980742,0.16471302375665978
U_4133,0.11076421572214712,0.8033381507821348,0.13741520224344017,0.07109567186930335,0.09865933805482838,0.2582668128600587,0.1308678852219358,0.1390397652921663,0.15470073725623928,0.0703246030960674,0.06920158936046726,0.746053060990274,0.15962409859341162,0.21037959184728755,0.10805455069760801,0.028069638822978027,0.15625475452188337
U_4134,0.05110228932819851,0.1476778013536602,0.10250447756655805,0.07718812342712437,0.08697647137672727,0.15239025738554715,0.1451690794564156,0.12331129921142983,0.9624752772167693,0.058881629926084984,0.06768271059167758,0.5643723889036337,0.17262458926419408,0.1540414798539667,0.05799818931908531,0.026142214126346375,0.13094819269054764
U_4135,0.2029503956027415,0.853766747519812,0.17679506029956207,0.0280845549184243,0.19684615411417397,0.21606726409369095,0.06493351241897287,0.12621008052095384,0.6364067381934667,0.06047813648728523,0.06657899404923147,0.05293549320492294,0.12774187885202284,0.15783814141030295,0.060505854538736914,0.25941565025172586,0.30301219136960456
U_4136,0.5628020299334408,0.4900238074176241,0.4652485742542881,0.03227918437689342,0.045401599949569146,0.26552130830962806,0.07743140517141998,0.14505225379399875,0.060764486506808116,0.07536251155361186,0.05950049002332949,0.07499450490909601,0.22563535632628806,0.2848900139508367,0.5587725243220694,0.0903272408084422,0.20503382899181957
U_4137,0.05678783779270989,0.04991403543145645,0.10114490387382113,0.08719733382175926,0.14130289846794186,0.061724512579495516,0.12726274468480042,0.12362358887637104,0.08251266321013459,0.5576349925709001,0.14893524267947958,0.17597370238692198,0.08412591688307752,0.11985071370547831,0.03733004600721164,0.8263592203301298,0.1377764229231571
U_4138,0.019565618779692484,0.11426793007747069,0.7626799329456765,0.03686671552249615,0.25926948570089714,0.49654233225280686,0.38823725386764574,0.17435492392227453,0.17349279558997713,0.3441000415041592,0.056854333127085974,0.4707599403515713,0.11239287688010706,0.12216617989193952,0.04200640848440845,0.028976132680090486,0.09037810346837417
U_4139,0.3086807900091205,0.3248877726102868,0.9280837844266646,0.05612907740743504,0.04881147045462285,0.15204441350284909,0.06303385519527156,0.11533214889730303,0.04640215683555013,0.07139872926314408,0.07991872845115279,0.06539519019910743,0.15881816223620573,0.18558152708486858,0.27362746007897554,0.04142845749820217,0.12818512244760039
U_4140,0.25362440919144635,0.17739474830855492,0.2870141445158877,0.08151789333836115,0.07439281645605454,0.2812240855829595,0.1283233889766216,0.1458240206305242,0.045005000379064214,0.06197311346858646,0.06873033233942945,0.701472838813159,0.16390062828814686,0.17316100525237246,0.18367194364569459,0.02584064648005011,0.7090642800979035
U_4141,0.24198757065068294,0.2191113872744694,0.6608909502767657,0.03359389113384823,0.033720351486223155,0.10945143493579658,0.0398644548754587,0.08824594195168044,0.028746961187576428,0.043373455525570856,0.04350260855811893,0.06811294336391832,0.11097413298247827,0.6515425475651259,0.49528447279003507,0.03848431222406426,0.15364194588646282
U_4142,0.2847950667800714,0.2295423227133017,0.24073479669826706,0.039397979691708426,0.03403685531537733,0.09269933713385603,0.045960267766019684,0.32511817195842363,0.3607290122950124,0.04478551459429759,0.03704519573271015,0.04359643336194557,0.11111146827951036,0.9125848919669325,0.571219657539559,0.034403091967422736,0.15190221842994986
U_4143,0.031156538574443227,0.07729211138776637,0.0798202831135418,0.09362625029051808,0.16798328979341112,0.13272964175833138,0.10847677516037404,0.3502242655654799,0.33313954033864535,0.15761083894119784,0.18194683516711696,0.2479834475308543,0.12038850611402638,0.12362932626335646,0.06066957673235353,0.8597474729171082,0.13764223400788417
U_4144,0.31484008476429926,0.695518022036732,0.2784100950251247,0.05330234795544415,0.05333188448793905,0.6119876516918655,0.05337743148681501,0.10953456912673831,0.04810007940424391,0.07948714628579007,0.056846009782828534,0.04985971948652194,0.12718994623189941,0.7170009884588681,0.35687906194573327,0.031565083804796876,0.12478603973465127
U_4145,0.03607612752115678,0.06230721393694756,0.10700128347625758,0.09577811088701398,0.15252607240335905,0.10687360227831008,0.1492010236309532,0.5462156058119645,0.06470622396099271,0.16879874692158445,0.156743457847868,0.21715011360292696,0.11429985408143088,0.14858664272431138,0.06802418954359919,0.6985988122726147,0.22046524435995066
U_4146,0.29089904249986387,0.25796189950867865,0.2869971374735477,0.03781678298009693,0.03741813989569376,0.15047651784893087,0.07314133891050648,0.1082774038001045,0.07067137821643896,0.07286129163337951,0.07015451846406226,0.8220620688629112,0.16544100243959078,0.16896241200225168,0.2595347579340562,0.03744232866592223,0.12802748028829808
U_4147,0.3494296879112688,0.28461087045490074,0.31344689833016326,0.04182993845188466,0.04703120843707881,0.4687765752186356,0.07666495999376367,0.11684261424273959,0.07573196416463082,0.5296650559934927,0.06520912353735228,0.08392788177958863,0.16623880733714502,0.17080031300087503,0.27653231157015334,0.03933256513103964,0.1383109707609231
U_4148,0.5459075451971697,0.21329072104222604,0.5349198122291472,0.03461947565657023,0.03964272829936087,0.19079460197768508,0.5654261025362732,0.09736750385678954,0.07983866066056068,0.06816731712345113,0.056021746075766155,0.5192321635639933,0.11245382378694939,0.1377020058522197,0.1303847316784993,0.03473918333775554,0.15899898391797018
U_4149,0.2872864277838457,0.7341150356037905,0.2581966567190732,0.04599720225882491,0.04343710577372574,0.2679275949662755,0.0732895843242063,0.09643054476135748,0.599186453382524,0.05529250767882986,0.04386187900081681,0.04773623158390251,0.13735245993188727,0.16116151504053244,0.2724048677170744,0.03275456867390113,0.15682815972318762
U_4150,0.06621873768622548,0.11884640532926842,0.10917315664551915,0.14411817544662506,0.1770503167375246,0.11302084912906002,0.13984400858509446,0.19818408780378213,0.18905565116348053,0.09928488502344097,0.1003927596301976,0.7353207879177205,0.12097750844267027,0.1869129425872816,0.12020767312351863,0.4325365627100629,0.19511225288691045
U_4151,0.26677328851831794,0.25825754489037533,0.3101440690648577,0.04574152798820425,0.05075367831716783,0.2562125766416682,0.07937396720222507,0.1052842410496074,0.608996369278642,0.05332471473345355,0.04759769788341663,0.09357373642715765,0.12011627100718444,0.1878943077254558,0.27201300290739816,0.057331506767812526,0.5104894999581447
U_4152,0.054907622614529264,0.05769730940478865,0.09277523757549566,0.11817774211275214,0.27603318212073114,0.42809345455843917,0.38212890440426406,0.13119180117614967,0.36423655430009694,0.2304954078874815,0.07218083188032032,0.05843495451824632,0.07299610378409961,0.09687588885294754,0.08018159202399536,0.7621541745682912,0.1400942177479679
U_4153,0.2755261145955339,0.6121968077336212,0.2461533257253357,0.02978387449217374,0.31694113261100776,0.5728834227069587,0.07822622778895462,0.10093205268313252,0.39204296558553786,0.06877561862110104,0.053957974245162854,0.07243442532108468,0.15149072598273927,0.1698354084017721,0.23161138493346625,0.45262300764184604,0.10685647211770327
U_4154,0.26662519381254846,0.19882560032645097,0.22281876158347041,0.03052363350015337,0.16854466689995704,0.37017486926718657,0.13202683375069563,0.07459297647197895,0.037053997794885656,0.058882719148173404,0.04197348659716398,0.041634913146255344,0.10351238389903766,0.152056483547203,0.8818551152354738,0.19306661911769016,0.09166573806055564
U_4155,0.3662866503461708,0.2815218564093014,0.3299914916801743,0.0378332733461596,0.03820719153162795,0.3029063112632553,0.0721118812655546,0.6446256146050438,0.052925112936222554,0.07225366830597718,0.062204999289581606,0.09259312357307248,0.12231405110028189,0.20630139041450662,0.28443556159252836,0.033024267711121234,0.6951761134654361
U_4156,0.3061042110716524,0.2737141366734269,0.2820431001360687,0.04396174849836236,0.04451642124396949,0.14552963869997185,0.06064907126104248,0.10775937468237388,0.06050136854499831,0.818201392915778,0.05709642436054507,0.0705278391929579,0.15092562548756033,0.18119537468685754,0.2669449290881435,0.04026781506799214,0.11949603175092187
U_4157,0.03704498988627557,0.04211420676067263,0.45405149898593256,0.08524222830251642,0.4808735727644968,0.3145787024235387,0.30219353836622487,0.1057005460782647,0.7061595901216018,0.14956286439978278,0.15036952828778544,0.10783473662949028,0.08291146497883521,0.09785046329440827,0.02330843049854639,0.5783872319144909,0.14290388700317036
U_4158,0.03633286256358299,0.14872151015044682,0.0872046743149974,0.09978418334137272,0.14482896430436654,0.15634098674123323,0.5863532661560318,0.46313508324565633,0.10169426306555812,0.13028412092029917,0.10562489270537063,0.20390020420885538,0.11663868492817214,0.13163340143928742,0.0715843752326849,0.5014940619570961,0.16297444390073992
U_4159,0.26726460315914,0.2282577971920378,0.23711174216202133,0.02740531775016756,0.03193788278238491,0.47381554686599436,0.043877042129448596,0.08621160105288889,0.027134176369187833,0.046892023638644385,0.03913664291497994,0.054877040914501976,0.10193662369839657,0.6573590941294316,0.6017819998226548,0.16441462246505367,0.16735006141560715
U_4160,0.21814734333331967,0.27265117304131214,0.25481860768905806,0.05733218163398279,0.05513737338693091,0.21088589233452038,0.11389585413467071,0.5586020030715567,0.1815945972826592,0.07453612615333924,0.06895688391766219,0.07700602793226707,0.15363648938151156,0.16229055211215668,0.10577926912273677,0.023560374520730468,0.6806044747119563
U_4161,0.24917969136261667,0.8015236848323651,0.26664492320413125,0.03334413194083266,0.03502301670517089,0.20291737551662292,0.04506672489702928,0.09036254082892045,0.03210129208045629,0.04581809530496419,0.05188035417150398,0.036043021065240904,0.12518730484141008,0.7108041505772532,0.5597751725231417,0.03208276367429737,0.14921690956111186
U_4162,0.2704007045942187,0.32482015385128915,0.33592634551600553,0.06342886458080982,0.07092408682161777,0.22440152971045066,0.08961095330062217,0.13260848340512318,0.15104470092570263,0.06285427008186387,0.08030729187968265,0.056931671932315055,0.14153101861569417,0.18404921779940175,0.15998764842002863,0.044829501048921895,0.7637027494854051
U_4163,0.28768546123970773,0.2360712830632718,0.25451244281749485,0.030765316604468157,0.028789748959690463,0.13229697425887202,0.05844891667953021,0.08445568033057257,0.13763450562102836,0.06400004346970095,0.05015487766016286,0.05565732025342314,0.08577361608969465,0.6073894748258355,0.6141935154619154,0.2693024729724578,0.11116354906705006
U_4164,0.3319422702197269,0.28484276581731316,0.2734146723885339,0.04337175425405906,0.04582942957332254,0.13717373341914924,0.41828858567976146,0.11083336346850761,0.054242539153842986,0.05424847929041902,0.06274209767729443,0.7119420678374512,0.16981026327796792,0.16960543230393668,0.3046779936800389,0.04825698527737791,0.09710411132372959
U_4165,0.4578620250359494,0.3057325045785343,0.2927021654941492,0.054307066831991026,0.04048586518727729,0.15720313985690682,0.0706146102752618,0.1171250958423018,0.06206967419386521,0.07401875143882927,0.08396153870594425,0.7005172235061229,0.14759221033105552,0.21450243618230339,0.24986331640910978,0.0433380132104848,0.15012975270095055
U_4166,0.24440301747577606,0.2566611327054005,0.7160389081272539,0.05475522817401894,0.0578377120330277,0.2590754777510139,0.09969045820286597,0.11389590242827632,0.08118041401481083,0.07136158865343019,0.057603032428830477,0.061682218219191814,0.1334138548885989,0.17821459697059217,0.26395868088416796,0.04275224027785783,0.47098444821192054
U_4167,0.22783157983820654,0.22681848361233767,0.29100477424746585,0.08550680805647934,0.07687507351698926,0.2639751590839141,0.15098898796937446,0.13322682860046306,0.6570235772519545,0.048216159084753324,0.0759635788309348,0.05755667060555813,0.17932265610875642,0.2154009451791006,0.14693920028178273,0.028642602740504897,0.6886455251472949
U_4168,0.11055415489129648,0.1647764014678285,0.15850833923082047,0.08802254787739751,0.10321558666050666,0.1821901758567194,0.15789771800976096,0.1586322690671593,0.5485300252146075,0.06972776145550671,0.06975245545159744,0.9535039747590915,0.16833415020443931,0.1659900632438463,0.07239199093055085,0.04046048585437665,0.1470985463889963
U_4169,0.36931127142219045,0.30043001089931587,0.3030903855713071,0.05303761417439435,0.06517731091797566,0.26385418547169714,0.10088406006178915,0.7625691496528526,0.08170123732995736,0.0993730373933813,0.07316100656776371,0.08576090682160155,0.19193842942322034,0.2131839629502534,0.23028560032559392,0.03079922695162323,0.2914684967796679
U_4170,0.22298149090949104,0.5246549406494909,0.26362006543158645,0.05595547671497966,0.05772498509466486,0.16734987811060756,0.14651462251031425,0.1153229225446206,0.5691109988167664,0.22988662949829142,0.0523967256235986,0.0648247249576241,0.14958886455559556,0.14224398498288757,0.11509598433041426,0.023368767866343232,0.6453730019223273
U_4171,0.34351505750037215,0.6415351412082828,0.9366344575382833,0.05260830985192434,0.0445102746548902,0.12487710417367992,0.053208681404456275,0.08421364730871139,0.050806420278565786,0.06949630545192867,0.05442803619959676,0.06182776852488331,0.14882947355949827,0.16531660893878694,0.24565551455213933,0.03949360299890976,0.10413024794159773
U_4172,0.5953644475846654,0.22122797100266536,0.5436791736616343,0.02818726570943207,0.28531398324629964,0.1601887771189313,0.33782306458151423,0.08618868799540597,0.05187954639769268,0.07709942464220322,0.05013218452490608,0.6893107040401799,0.12675564065853134,0.14192644955026293,0.24595207126035667,0.023143320146495547,0.1088739434578069
U_4173,0.10998482084305125,0.10627943399755119,0.7518787089855054,0.06361918876867304,0.37858166993688325,0.16410183567418268,0.17455237401600285,0.12764190888796165,0.4033703180394802,0.0764133168895219,0.07420365243484398,0.40357193944854586,0.1619863161063714,0.1592534769491821,0.06720739591877091,0.023992069697611612,0.11685633381722048
U_4174,0.23831128336672205,0.21774746042661186,0.6900700104839552,0.03587009496661502,0.039796894254508476,0.8519682339847235,0.07477818145654228,0.10864523695003751,0.03292062000991586,0.053320363009200414,0.04093603590152707,0.04695809105838296,0.12771037328747398,0.15528374434043812,0.25765555399361084,0.029948612463583824,0.3747309350513207
U_4175,0.30964683534636583,0.31703695861816106,0.3007273335618583,0.052740154778618195,0.08113086009607992,0.1802364286677467,0.11168266064479535,0.5923864498750043,0.21185352587479653,0.09116462751706683,0.08130497543800672,0.08684195384592538,0.2189572151714662,0.1883391450595975,0.22399488691052127,0.04473120489034251,0.22630184113213306
U_4176,0.23682861908742028,0.20576860386454818,0.6694733132130857,0.022719664329552598,0.09738403484503025,0.23097896988449856,0.20051597600469942,0.19245404380033665,0.5509649963823988,0.04675588698897433,0.029331472232346854,0.05322931380612084,0.08186471107415585,0.11943761819764677,0.20448551793933054,0.019196733397322585,0.5657668954099699
U_4177,0.06904412629698654,0.25344991113662496,0.2396667585819897,0.06315633711493554,0.10373530436930584,0.18570908592444657,0.6905804709186566,0.12385966795115758,0.1752019153727856,0.4872564323506222,0.10360455904665203,0.0810829821706274,0.15928498479963413,0.1457398741776369,0.08032820208067742,0.03652975481475843,0.5569426248469648
U_4178,0.26583928218787733,0.25304303475659273,0.2583454585650571,0.046710106033172064,0.04999898897396954,0.3094064377407195,0.07870079350473491,0.11582108008135025,0.05194283555474112,0.057576353580429784,0.052986242680925416,0.05453041373410891,0.1299637510259186,0.15322256382009486,0.2381594853455293,0.04562798289105499,0.8550029820957566
U_4179,0.22825806038059596,0.19973811390061424,0.8585178559073159,0.03769887948217742,0.03623398836601048,0.24987991844743243,0.07230206874158521,0.38164514447878617,0.28812592235149126,0.07127815862325998,0.054561104430270735,0.058364875489816816,0.12249525158975397,0.1451690336220486,0.19733122161173441,0.031293412580489496,0.6238759356967607
U_4180,0.44655086820415457,0.22569899348170985,0.5391081725892154,0.03852408783786198,0.058165780917062315,0.23478389859218843,0.08652359775767196,0.09602613845917365,0.12859552578271452,0.06767784792564768,0.07632375911517231,0.31396675378967376,0.16064944084323318,0.13822080647783397,0.1430490833768302,0.02431236643465285,0.15163384691445478
U_4181,0.2137177437032587,0.31304404499685723,0.24137442378560353,0.16070503498317737,0.06689874925939507,0.18615999419666818,0.07892037258855278,0.1281000127966582,0.7174066611575723,0.04738456613888474,0.0790715145581179,0.06179393050113986,0.16584449200644594,0.17443461556214987,0.10765715551020763,0.02946590116816286,0.6369021832105268
U_4182,0.3870827500824866,0.3346181163836407,0.29680731781554026,0.04452364248698193,0.04444305909363063,0.2514085749075561,0.0764676566056731,0.11478896045948923,0.07208207349257167,0.07488730896990534,0.04495579276705812,0.0672178242643919,0.1773827956869888,0.20283727587485603,0.33269144829655983,0.44566221123084626,0.19543730568028309
U_4183,0.25002903714979297,0.23339752264065083,0.2949603726015986,0.07615387599850576,0.07847323946596102,0.26264965284459185,0.14699286529595962,0.14154400068412554,0.782794316124933,0.059087942873022936,0.06731472488347798,0.08415879954400843,0.177646511511574,0.19989052162798707,0.17813907612859467,0.050919892132047194,0.20177707811108897
U_4184,0.26141808338175954,0.2391498726071211,0.24953605990482605,0.03735167876302302,0.04726108230409615,0.21422923688073592,0.39777049755289384,0.11859880153946883,0.1267553933777757,0.6648330123362151,0.04736711729942077,0.06809861194407066,0.1222855626383204,0.15673398865215538,0.14546520931909526,0.03257167738589529,0.7757090749172947
U_4185,0.2510679798042643,0.19611139247815776,0.22324363434616437,0.031607720372222925,0.1322388339702861,0.09883693129141226,0.05649974743032068,0.21187735065628557,0.030477031394259696,0.2267341502821576,0.04303761361615332,0.3400715097385836,0.11203588783903692,0.5783209060278178,0.6653455139195584,0.08960223889711288,0.09470181168771002
U_4186,0.2665611631176087,0.28885785281989174,0.29790018740900626,0.036417845557172694,0.055486078476402995,0.2662374445549651,0.08490650354582736,0.11097451063098317,0.03899941986858865,0.06108455522127092,0.0545613847541042,0.10106565955701372,0.12047614336151884,0.1913103494275282,0.2622089417467446,0.43576391656794955,0.8147497613992424
U_4187,0.04938248302372637,0.6234893155979394,0.7468028358155395,0.0755548767898562,0.27823341937739654,0.4228593043327322,0.15247766982481567,0.11574659272064648,0.15266710789659713,0.2772845996209077,0.09296765329469905,0.5492128735552831,0.13893105674909131,0.16171186032393284,0.06171292492331594,0.0284865573958543,0.11640490964876851
U_4188,0.021202646603468676,0.054311195393686965,0.07999121384617944,0.0764812248898874,0.4465136225803451,0.41646105636345543,0.11386443556331943,0.12082842987364632,0.08378820614317574,0.13919304807288124,0.13594105045723287,0.7838392703851853,0.07311483200579359,0.10922389964913604,0.03251442377491915,0.708413466065821,0.12406757169504584
U_4189,0.32802066179827616,0.29959674484974474,0.841435136610673,0.05046693297697156,0.05256587204091574,0.15453063387484542,0.07632074907052558,0.1084023405446076,0.06768961988725239,0.07470310075672404,0.09158393434007173,0.06933469254632794,0.16593582315808034,0.18720349597536198,0.32132401993028925,0.05844966023449705,0.11684345782654998
U_4190,0.2964942259384894,0.2611360497745242,0.3313118026746592,0.04026375794370935,0.06129609553817644,0.18584827594655617,0.06980909754927189,0.16387868191864643,0.058159097113479157,0.07686005114975251,0.06027919155957363,0.0602654121323679,0.15197151016702365,0.18606879794852146,0.46963294269326916,0.07045227545314225,0.140892544631984
U_4191,0.2749363916146703,0.21759431551696154,0.32260310241381973,0.06412611141646629,0.09632871409081781,0.2699079293387491,0.17118624870623086,0.12983489681709665,0.5738754483578719,0.04983721635620274,0.046797593835817775,0.09268685576881733,0.15849747214761592,0.19236891386121618,0.1483648832568266,0.04789920570738406,0.5905306078350164
U_4192,0.3671204156997515,0.28680818286802034,0.9445507548272732,0.05530550368110096,0.05829015067391177,0.14704279448417715,0.07537333093444909,0.09458742879078852,0.059448825569245856,0.06746227815108885,0.08394600374959368,0.06925300341637022,0.20169443147315042,0.19154696422483056,0.3011826562449297,0.05350420575760721,0.16385385802076044
U_4193,0.22468281586940045,0.19848683779054732,0.2481287413385204,0.07803913160298902,0.09959819269529561,0.9124160980177953,0.16705627776830678,0.1450715902649864,0.0713097602380914,0.060134755583438754,0.05956448173253201,0.5702065817203895,0.18207555091771177,0.20852653195094678,0.12441589484217666,0.030188922250273628,0.14976242088707858
U_4194,0.2769170789370369,0.25513603202127055,0.25992975102603055,0.042802510113724115,0.03235511577182023,0.2012834375846651,0.0427790339748246,0.09024617163475185,0.03758593418480279,0.04475905392485762,0.04335004419434786,0.4213356435886636,0.13969178025012488,0.7094211980630082,0.6277797617044777,0.035366369051893616,0.17209273928472113
U_4195,0.4021169275427543,0.4289110898508143,0.3104698923365936,0.052833872436359584,0.03663377955019277,0.16523022103111978,0.0711067206279349,0.1314931176080453,0.06074873338210658,0.6807285775995462,0.07574732591465337,0.06726337653737961,0.15007723929592373,0.2093655745610301,0.27304808722206375,0.052610630811627916,0.1459653617348438
U_4196,0.03536065901797866,0.07139924832261546,0.11919378098582187,0.11963764292928858,0.20500450907381712,0.26139271118666096,0.15842486410639814,0.18308503096843035,0.10379681104738381,0.2756040890410163,0.27324383049775725,0.24928117544284148,0.14969480292986484,0.1896597239597649,0.07256257271654803,0.5123301438532192,0.2514103629084249
U_4197,0.20759591294136506,0.352324100404653,0.5561105379565714,0.031097869113962624,0.08204100656958827,0.18185429471768583,0.05055964719484504,0.08439238486044441,0.65470586292406,0.11853298191140238,0.035907087910754906,0.042135766746862965,0.105907019516126,0.11312705983205859,0.20919744599481785,0.13134784529392898,0.7423366333223362
U_4198,0.13528517555438901,0.13100368909595753,0.25070368743471794,0.08937294593344493,0.12432021982607433,0.25640396838604196,0.1491433501633617,0.16126616382733844,0.9029344725350666,0.07557341203641456,0.09270952126963722,0.62307335869281,0.18635792878890114,0.20928033573744856,0.10090384039813705,0.042563708607968126,0.16571330980368093
U_4199,0.2032216910334409,0.21447486310149114,0.4895080314744471,0.029726303943624764,0.0149684292588304,0.40595067689368913,0.040679511741231515,0.19237620171281078,0.3264669087632832,0.08125174327959908,0.03838300720175393,0.02148128116406317,0.08660407137067777,0.6989535104465726,0.8063255128701907,0.006927736263647337,0.08100450768877879
U_4200,0.18432137063779985,0.20031173552336431,0.19021467134273476,0.035434830466016254,0.04388617405293582,0.8124491129312045,0.39559886478950923,0.09858438795357263,0.6953591714893215,0.058172537378595825,0.05462500151050695,0.5115028357619406,0.15417829138009725,0.15440381530109562,0.0885132225191642,0.03650909579337912,0.1197945694183183
U_4201,0.6408441364154417,0.4145922597909839,0.3599917002416041,0.07828129983960008,0.06598690960679617,0.29498345459395836,0.07315928076636664,0.10913022140873728,0.04200620643414367,0.061913932255475965,0.06728042047266179,0.0778399489344639,0.20318112253830609,0.2151825852525975,0.4258015102737298,0.053058917576105674,0.2095095565581678
U_4202,0.28647711879196924,0.24146335723571372,0.2922244627629603,0.03129400811864442,0.05024902240281501,0.5102004849547709,0.20420970999563576,0.11551319166409324,0.056555869448177434,0.05702823741676024,0.049855912066400734,0.6816851335629927,0.1314496590306685,0.15533860526947998,0.27187583467636356,0.04271288241221473,0.11934497969810956
U_4203,0.06280400150563814,0.22663895024283512,0.14720524040507024,0.13346826718287688,0.1514722961408247,0.937563369899254,0.20109410301527017,0.1522612345069911,0.23381497308308669,0.09440798458273329,0.10636736054456757,0.08685254725465007,0.24130373781446152,0.2078144694434277,0.08487090162903166,0.045466748748992515,0.15774575641475988
U_4204,0.031070871757571637,0.05789089247247783,0.11380003943225026,0.10632249437281405,0.19359692288467584,0.755519761714555,0.12293493061788038,0.1594638856525816,0.09772085581474041,0.20488214387106404,0.2068532395877727,0.18881920797008592,0.13647787877020176,0.17697254750110633,0.05099726461381621,0.51422917607073,0.1992159056902632
U_4205,0.36508414411152923,0.29463490427883343,0.3277498467840727,0.03579867462720361,0.07272360579524753,0.31811636830376533,0.6737788574247258,0.10646888266472672,0.0659158944522645,0.07452894372010513,0.06705248407631394,0.08902616271061854,0.17425602387141034,0.19341360685226744,0.322568731837904,0.0481292522415927,0.170854287705607
U_4206,0.23003862488272875,0.19891595984693086,0.1735509577263384,0.02966230165795928,0.027613200820519622,0.2687390779557205,0.06808469898859897,0.10812279960742531,0.5482343659583225,0.2215255559968417,0.04588679853420659,0.3368706135699726,0.11742267839122275,0.13346440865453854,0.19696725534281692,0.30401864958098723,0.8384816076492391
U_4207,0.2044800685375305,0.240353787277206,0.611224230868387,0.04374606530972755,0.04697007226113159,0.30705846077769117,0.07670923433330676,0.13129370846111577,0.0680327824562598,0.05537764695969878,0.058820677058155635,0.07203129383301675,0.15478704882122954,0.16080158129594144,0.1639155552304856,0.4772413235869556,0.4518238645176025
U_4208,0.30721789299500535,0.25593376922033617,0.5715310071422508,0.04906714229028888,0.04813945164963372,0.6004451363403186,0.06609309564142249,0.5872170256319832,0.04812810194933016,0.27956321321219746,0.0564798642580435,0.08223610648783533,0.1511918812575814,0.18411411916499626,0.22293700416107423,0.02832171986549599,0.10201048779107522
U_4209,0.09329855949382676,0.2585596413305148,0.8316983876939888,0.0749635768465658,0.10095022547304117,0.16248563480779965,0.14504781926307772,0.13772995256983525,0.2417542376368152,0.07586131530752283,0.08796624709666623,0.47252850031054705,0.16159419795518334,0.17690689717232136,0.0785006727152899,0.043292952646236865,0.14341238723008984
U_4210,0.26181960022396644,0.25797735436454217,0.28744627420361113,0.05140342464006521,0.05572723652106485,0.2858881241578377,0.5783217072050739,0.5214411550450787,0.0620752642998019,0.062003074488662754,0.05141094509685635,0.07199112354214013,0.14983925234719553,0.1818117915754449,0.15180396897301437,0.023726428535362866,0.5633379290607192
U_4211,0.5331096972240111,0.549791814899852,0.4928384393394093,0.035403805462161646,0.07512977333928149,0.4275061913376599,0.10581613610238477,0.14756537971463146,0.06941394999643466,0.08194563910697096,0.0694680252060672,0.07038347299440234,0.2061649781792813,0.2778912312936921,0.3680234392062053,0.0799698121655179,0.2314829903747098
U_4212,0.05228092193935614,0.11370793072586916,0.1099917147321984,0.09882854995278388,0.1414629293207967,0.9922521841038862,0.16688574284574187,0.14549571141460374,0.18727497589646827,0.12841164674705,0.13267306091440195,0.09549579814110709,0.1583764089233363,0.1697303175215788,0.07655952260917362,0.047744328882855555,0.14707064241245224
U_4213,0.46789660281779577,0.4369140234250555,0.5000158064423323,0.07563537690918745,0.0799145961140425,0.34407250576305604,0.10919994861142535,0.16622775352800906,0.06502458050262039,0.09721676884710123,0.09574808330752169,0.0800569101571816,0.20812353313487444,0.26386632719493786,0.3898506644005003,0.038604746695633754,0.21248065705535785
U_4214,0.22426446170101277,0.20035598359759016,0.8757822621802347,0.029668139205780215,0.024925526913786442,0.23786366869324144,0.21221261344673203,0.21290577799244972,0.3212669887865449,0.04540677505355166,0.054412033078849224,0.2112032666512219,0.11103891019472756,0.13571376585878345,0.15238457547435438,0.05609214159769743,0.23339686381954666
U_4215,0.2586073988623616,0.2516972722254559,0.2871112173858643,0.03561526015788008,0.03593589616825229,0.2142415756907262,0.058320308019014305,0.09704616359308225,0.03878438746479392,0.04825266661030585,0.051316682125342385,0.04338954300838635,0.13161215823175454,0.8129785576653752,0.5728117080628021,0.032407181151720574,0.18449920661086572
U_4216,0.22331646798257831,0.3304944766579766,0.18769084518758453,0.07091839615723843,0.05848049271841889,0.23335415161946638,0.09466894902140174,0.14672824333953755,0.13945949017566572,0.06046303279922223,0.07787074711844535,0.0645899927222149,0.14746345643059472,0.1815970754090155,0.11912890168803976,0.04552175416465151,0.7928193310973247
U_4217,0.16774956588555845,0.20839131201612623,0.9517470463074718,0.09981253594963471,0.10903668528169955,0.22351046041599795,0.1434899605869206,0.13004023383707342,0.19814898554814894,0.08154267043543122,0.08939029902477334,0.07347187702181164,0.19271744808178584,0.19131476388040472,0.10938723206721244,0.04418584941009523,0.16138660810310093
U_4218,0.27567686308145434,0.2276832164821336,0.24148578824046632,0.037855242681247035,0.38152813016720744,0.2792313068522674,0.07689959628891763,0.10865310223612534,0.06757935157592947,0.4722193228521816,0.04910611048947156,0.06065169248588023,0.12768706538185953,0.15722929706440253,0.23945330198599998,0.03127749764452359,0.8186735208135021
U_4219,0.23909370966793417,0.6636432578775276,0.8464699406326477,0.02529634241958445,0.1482101846847045,0.3436173571853973,0.06424542833016471,0.09332217165658957,0.03859742601274379,0.050300389291033865,0.06128493705356283,0.12214229517066139,0.10877388940100356,0.15488288519123858,0.1920433226173253,0.18731578519386596,0.08767407648721205
U_4220,0.32801962478776847,0.260810919723927,0.3148157808731651,0.04739937140227409,0.051888127375774445,0.8553150671207709,0.07431588282857834,0.11777651268832401,0.0589772651469637,0.06761037553868801,0.07985282324257743,0.07557224611090824,0.20804294439834167,0.18708168839752323,0.3260462990625421,0.05217902479357059,0.14864120138575718
U_4221,0.17655302917614327,0.4569466055881949,0.22744152644124135,0.019027082375446897,0.020228872686372232,0.7767768388441448,0.06829284630282495,0.07096508005109839,0.3707697433688274,0.04874318012034268,0.03330578761790977,0.05525486974829065,0.11795689417486,0.14000510841533134,0.22198322195806783,0.10457663621868574,0.12453613870192007
U_4222,0.2426279613839051,0.22337204654362464,0.260925029666501,0.03515063681492644,0.027908118589953672,0.6427459470197278,0.04067217764065463,0.08881074218313141,0.028877110145683893,0.04665959389787315,0.04746668060601698,0.03266686101797983,0.13240682360388603,0.7984871511288335,0.5629815866682555,0.03573607249758832,0.1520602098942164
U_4223,0.030445584046102966,0.3362164154955174,0.41626547362734,0.0899809190037512,0.4682567689919225,0.12680730495460696,0.5670526684569905,0.12459409718455433,0.04645348027753617,0.12217302749077488,0.13947931570614694,0.11473430551100075,0.07318030520553144,0.11103888328692052,0.03538577036680254,0.6761907161676931,0.128272188266036
U_4224,0.2851437557022676,0.23385791635560657,0.2703306308844732,0.03449750638958195,0.038493146468088844,0.1742574316318261,0.08525581474248041,0.5446679641171697,0.47695147894654977,0.2691612125700892,0.05742658858476018,0.45186571597607306,0.14421433810189638,0.16075254791562443,0.25317357476656155,0.02306884345288365,0.47963646216026934
U_4225,0.1447173193523758,0.1614156190768219,0.2315778149109047,0.06899761030058592,0.11143274159456104,0.18567432820097782,0.13687327710635894,0.4102959770375908,0.8518329061709794,0.08639783647172045,0.08387945062048474,0.09651840942924154,0.15794974858448044,0.17809207700024793,0.10932772954711066,0.0505369075081291,0.17320222896414852
U_4226,0.29249116197903646,0.3151747195002478,0.4156802745343863,0.026708877217660753,0.2322022951402829,0.1171536670938807,0.06136671964942576,0.09847899142011907,0.31763512038157604,0.18722291521823844,0.03860690260824093,0.36748181337178054,0.09521065087252642,0.5779997856275517,0.5153882525555621,0.029977709502237188,0.09823030206855754
U_4227,0.3191138662584396,0.2664900313893479,0.25641204488668845,0.03613450079701429,0.03598332808280263,0.11764864982609982,0.5746268746187567,0.10855986132956477,0.04593580101469481,0.05836138997050821,0.050490166837090074,0.04818216240609046,0.14689396755456247,0.7582885129935154,0.26275976988031535,0.3420452007190299,0.11744391972739458
U_4228,0.24240219489279755,0.7871817273691685,0.2664000939028923,0.05191977631637525,0.05128953310115062,0.23532208364098053,0.10389689444807612,0.10928878138264514,0.3958215331688244,0.4991736841280082,0.09360669438661932,0.08793070939121625,0.16474037359160706,0.14955663489057894,0.1292629877435066,0.034646582808587685,0.15297966920935713
U_4229,0.0317305266083279,0.04315400232532249,0.10163504367076483,0.07696252077839126,0.17037389598382116,0.9037223421413693,0.14593050870539842,0.14551978163395582,0.11869708735266829,0.22803545683261509,0.22215038924236136,0.17640344921417744,0.12333327309593609,0.15451677067903455,0.0443182828756839,0.38148127848400126,0.18421908193349484
U_4230,0.0668526258706757,0.07967074382117872,0.08123958422758279,0.12262007335614028,0.3679967352460005,0.3429164696142153,0.13494085271164327,0.14578227273103664,0.051287680189405396,0.508732653007517,0.07869730085715433,0.36340938387742105,0.06979958643091072,0.11662112673715745,0.09829181211353805,0.36686642841168826,0.1507332197653085
U_4231,0.03109011020732458,0.07391424474742667,0.08950541327578021,0.11052592251027339,0.20421279480767765,0.1772285980864878,0.15577799804127154,0.15259656837251478,0.12974035368677367,0.8440969018474281,0.20561431083390735,0.1734091565018263,0.12412421598806406,0.17388831835740048,0.06218387839332351,0.3740500194362414,0.19110965028262789
U_4232,0.035753012402830554,0.2450949001477368,0.21747819464898818,0.07754592013929419,0.11768898796512303,0.24252775413597555,0.32770839038880406,0.1145955751401225,0.03960076102475989,0.10463089431211137,0.09927145136786564,0.9000419629008706,0.06871726841861167,0.06909199950643952,0.01825350389804834,0.36793681184446325,0.08320245425162046
U_4233,0.15413131649305906,0.4594000215354773,0.3809845703686562,0.09339943561788147,0.13443865110171951,0.38803088613355063,0.1716380690657589,0.19993730135135626,0.30644308963700273,0.21819215804095346,0.19946992141473324,0.1569811462140003,0.284387911180758,0.3112678136461823,0.15031277920433053,0.06649765598121687,0.22578540121295723
U_4234,0.15778020550522556,0.1590980233206826,0.20847893559082728,0.05755720758420711,0.062011683273781454,0.21504146730043586,0.13231606514477484,0.12456700499865331,0.8665768200521996,0.0653861835619184,0.07280315869789838,0.05973009914753838,0.14858747398236855,0.15041786986551703,0.07442743079252236,0.03181788681168704,0.34863003106003665
U_4235,0.23849507626060418,0.2866283455035449,0.2814474710235043,0.03838168577377081,0.05273761942315827,0.18214739735264068,0.10092787046468257,0.4443339519888624,0.15687507556281577,0.5741142684761203,0.07676653901450603,0.07338703379048132,0.13283344661031693,0.1589187891547548,0.09399671876609808,0.46411627236829844,0.15736409995717252
U_4236,0.3028845572569434,0.8188426120173897,0.24786389267709177,0.04771174505205115,0.03835021896056771,0.24879082424907287,0.08651363834287816,0.09624818459737261,0.05769458177055615,0.07030836796090346,0.05142466299305883,0.6269227191398931,0.15701935421462912,0.1832845055189192,0.28336752175367796,0.041107758122438914,0.1381061679089824
U_4237,0.36456247169629774,0.2798637366585246,0.273626345368443,0.06331962871692554,0.051888466239744094,0.16119763851084817,0.07659392780401976,0.7306846337864019,0.5210960783088748,0.06396010631995615,0.05029187990384944,0.06354698502492473,0.16917325874377945,0.17423289451423676,0.27944315784209606,0.035323615223302976,0.15293871970037376
U_4238,0.3025116644454692,0.28436032342469464,0.2984014844271866,0.03294418563455819,0.5152969640365149,0.28903375881894566,0.07899875758962434,0.1073287331811841,0.05206197871427196,0.4601252457921724,0.044520136168501125,0.07778623217911464,0.15302361774715184,0.18377133093153844,0.28421973700583014,0.5376122925599599,0.13894853066387072
U_4239,0.3041295046370912,0.24418674489561912,0.6360790284141691,0.043041080455708564,0.4246344797888095,0.15839932616583854,0.0829058947923794,0.6083573389332577,0.05917362750263471,0.08230867044045966,0.06210223204345289,0.3365042858420114,0.16352266673392293,0.19364638119680927,0.262467250995289,0.03896388968953232,0.12553287397107507
U_4240,0.277938007132992,0.29468582052969405,0.2648878246463999,0.04725051002412581,0.04309010513018572,0.20901202412539246,0.06922670157471644,0.1340368089205763,0.05536944508157732,0.05932135745859336,0.06585287788334836,0.7846145259647811,0.1184670925664949,0.150213826488432,0.2350915840976987,0.03225484960302743,0.5114563349968286
U_4241,0.03379492998831703,0.059620486880476935,0.17655084062145984,0.10584756524073342,0.19366172919608274,0.16487578460132268,0.15989754798188446,0.15212964440894838,0.8289400482601822,0.20330124306096417,0.2281166360794816,0.21985265986594069,0.14139771563197992,0.15561320587972668,0.058035938992038245,0.38177112176080974,0.20593769298598905
U_4242,0.2027616412025985,0.5993399603730843,0.276460619808508,0.049972447490896195,0.4343526247831764,0.2636993607170812,0.29098261479925824,0.07839939790993447,0.43484835529894095,0.07464619405215646,0.09925572337622054,0.67545368506855,0.1249892865742489,0.14184371188519762,0.08268371009914836,0.015458506988515038,0.14959826938204082
U_4243,0.23846214809596128,0.2134854448379356,0.23229786783226206,0.07214685496465043,0.09498592469020153,0.2551898514749682,0.17433048801949858,0.1439104731279179,0.7343541236402757,0.07915420722013787,0.06250698856124262,0.06330091187293957,0.1608011930481997,0.19429424302314074,0.15955619197256105,0.03793437045531776,0.6285921789533125
U_4244,0.39024695609124926,0.32147562186173995,0.31286296819951875,0.03608192610080196,0.03755265786610542,0.1721090197706648,0.0875935023625379,0.1161899205463599,0.05095609615164813,0.06717846904431939,0.054690232871846364,0.06532444020254737,0.1447163054588919,0.18370548581666235,0.3116367948962703,0.7061840750014651,0.1586589020931681
U_4245,0.0802593867388585,0.1922478621508433,0.12100830816426564,0.09805028356874947,0.1310104502088678,0.9308424263119998,0.1783828715591173,0.15466349249525432,0.17543704142659675,0.08338916442969875,0.08512270532823675,0.5754340522114387,0.1974505761038242,0.22213294765307107,0.09217325188490556,0.03282483368669595,0.15509265960057814
U_4246,0.09143510830995732,0.09316574641022445,0.13145493914444548,0.09849454945385977,0.16214575146798846,0.18128968447444838,0.16688663477000962,0.7810542388821039,0.22572304914571398,0.10204309954778308,0.11062356953852985,0.7804357105798243,0.19635961919427886,0.2073575103738082,0.09143857388322277,0.05471447124472156,0.19300577506619632
U_4247,0.033521741865945226,0.08533551772135212,0.8196626561647345,0.11503898977487576,0.1660141164850313,0.14999674725654683,0.14782037570240453,0.14383256311868758,0.5360961546686632,0.1678174829063215,0.17873988758645284,0.1971146328504786,0.1282309164720801,0.14185936796855167,0.0549426262153874,0.3105870724248224,0.19452852226544404
U_4248,0.1328410496083869,0.14781932170703468,0.3545867133936679,0.03304121878253105,0.05218958098934436,0.7825385214916541,0.2889029190458575,0.07917165819155787,0.4886532167273522,0.03724146521224141,0.03252752317405407,0.06278411860232025,0.11905995840481574,0.11875783021807161,0.06388790269519673,0.1363623170543383,0.4715260197865264
U_4249,0.22082287760375097,0.2812087420733317,0.3673858667945302,0.10947925921395238,0.12459548244879923,0.4150900615311631,0.20359120806099262,0.231011910143731,0.23162093881765392,0.1260656661364414,0.13165978067803177,0.10950039922159324,0.22737575412472202,0.2556191935118769,0.15776931071557004,0.058360158104976446,0.2292731399626835
U_4250,0.2868564276425811,0.2520394095589079,0.27007027024158303,0.04512775924903876,0.03240557866727529,0.12218457559766602,0.04406533996221339,0.0868737081541907,0.5219618592976748,0.05220230588993542,0.05072380358061737,0.03823999525213196,0.14397375148907518,0.727798244790086,0.5975351362641711,0.03340606788536297,0.15530436370797004
U_4251,0.04363039107476537,0.3910364152322068,0.11883601528403123,0.0793964329427692,0.41745251639259595,0.8382024030863937,0.16742695783219083,0.1161697248325842,0.17397644040149066,0.3546618603182127,0.07370950199665718,0.32152283849582575,0.15965504600263455,0.16251810500817152,0.04508354645462738,0.04221252887239727,0.1273775615590322
U_4252,0.21297041662934804,0.19361205040180415,0.2634588892198918,0.023860312824272794,0.04891948515172758,0.15998044346690113,0.08277919265086867,0.3122113619092931,0.6969005860811494,0.07707886172953393,0.05991208371663055,0.10709918210423663,0.10639976424833747,0.15081982820041648,0.19287657270532763,0.30820214719756034,0.6266643723012058
U_4253,0.31464241005162275,0.2683108550036938,0.3255202775927104,0.02460440686365998,0.05276475391749662,0.2939764317757374,0.0804275222200257,0.1175305795608613,0.5317382996891838,0.07451043836770943,0.06411588453118246,0.09421724466360992,0.16636624918658863,0.19178184004138002,0.3280293323317629,0.05216018647228923,0.16778365346673926
U_4254,0.17778305726362603,0.14528726193263278,0.20734528527582757,0.0632867373157984,0.06818496725369383,0.8902222810295914,0.4002584592831009,0.13101880704431149,0.3495489095882599,0.06211207317842521,0.062023280318596136,0.07227986247465559,0.14529916282443953,0.1385131746551652,0.07798803334864876,0.02570726765727924,0.38465103234115816
U_4255,0.2638080450950755,0.19820511463034762,0.26463233607527237,0.08945885887898257,0.09185331195691165,0.3154538543481581,0.13962215612899131,0.15629447452408587,0.8784197795477776,0.10685980426119643,0.0890360440371882,0.0902637210530014,0.1776219631099271,0.1937082322498049,0.12160121924137907,0.050125425893951525,0.2208365308471871
U_4256,0.05233020339724496,0.06146778378686786,0.08196275311241709,0.09958472380876172,0.13592173085293666,0.7960905215088709,0.12993714678119608,0.2923301572198468,0.3144375255946087,0.21998063770473708,0.20802747710330324,0.4055389465140332,0.0894365410105863,0.11261943337743677,0.031139005338022795,0.30710227656230227,0.15835431337900113
U_4257,0.18258935699900955,0.22174670924606152,0.20615564124667252,0.09260526289021036,0.11634604620919466,0.22718067637631803,0.2075665751702243,0.17974763634324797,0.22094355490955847,0.06939295594952578,0.07291375104997602,0.7365810249710137,0.19944601155166572,0.22589167120364081,0.10783153645505503,0.0409695160349583,0.17915149420649074
U_4258,0.050861396236322444,0.12318417563045628,0.6012176172749847,0.026900037947338556,0.05103995126235274,0.48398535226777306,0.11989490388981933,0.08001399023155718,0.2594584042859991,0.18245665331748234,0.04567355696753564,0.7284205710841335,0.1177189464506489,0.11157021447201139,0.05731005043221401,0.32795002704873577,0.10809177832524142
U_4259,0.06728832554219588,0.1735879696343734,0.9021315117227449,0.10920960533244176,0.09925221578432905,0.1933513516845314,0.1735813278737898,0.5052325795571603,0.19266477943744006,0.0837908814518426,0.06569894413008637,0.3903650260003747,0.15678909901904084,0.1723708074303413,0.0610415180242517,0.04286831427714711,0.14102750615284337
U_4260,0.397816030553543,0.6838152408865035,0.3319327488272641,0.03550576763610797,0.046582004510133286,0.15656791955815022,0.5930635899579151,0.15293349439607012,0.07917682205530302,0.0742191416018779,0.0634966417312307,0.10162443519379999,0.1616699069869515,0.18004544060951938,0.2924007110948137,0.04048860689956937,0.12887944250607514
U_4261,0.24434705473767532,0.19948507549795852,0.25006474327410844,0.0195274266062259,0.04080733874820068,0.2042190616631273,0.04917750371814032,0.09296615588901272,0.3122702211371807,0.05250082886032455,0.04097805100538388,0.5951363168800615,0.11617568941985464,0.5872455758904008,0.7653222936873867,0.02897185281917452,0.1278194033755195
U_4262,0.028849287514243066,0.22216992861030982,0.3664905416891425,0.08190733273783657,0.1309382053738893,0.37143737076666417,0.12339668634064335,0.12156524148833048,0.08787050069166673,0.1480261742494941,0.1481103643315566,0.749837851702296,0.09869374464182945,0.11537192373878942,0.030500227513193263,0.2702135282161291,0.12086285922824341
U_4263,0.5253868407310205,0.20047325038886787,0.6748293024091389,0.027222539642441864,0.042429065778544016,0.26964246057854324,0.39070841791699473,0.1031258673245964,0.42911862065510675,0.1165539102588492,0.05406078979973041,0.3527853685846022,0.1168279302677141,0.15080637936920985,0.2701296300896737,0.028705321103268733,0.1332880140666425
U_4264,0.20452259657630584,0.025883931761857354,0.34911820127032334,0.052510156319405255,0.4568541176512064,0.8544007128437995,0.6040287584217768,0.08574391192964259,0.06569794441540268,0.09521967340765762,0.10297090733060878,0.408698875847172,0.07750108429870572,0.09025886946431469,0.01987004192878103,0.2957426775890034,0.09596529646528852
U_4265,0.34096274752217615,0.265474131020639,0.8447965189778923,0.044770717468433634,0.04647546591265754,0.1406424324996606,0.0668966516462326,0.09006358850996296,0.061680752887873225,0.05956110984641026,0.0687691370908276,0.4327903581199839,0.13520214254694848,0.15236415400140416,0.29202769758584246,0.035714304740903105,0.10223116816716925
U_4266,0.2811478763438914,0.26616377586641304,0.2737130114849856,0.026692972937718946,0.04938874017050902,0.47243774636950453,0.09630203733717008,0.11649637058768725,0.06793754278217609,0.2828136507176129,0.05238395680440391,0.07558394176382005,0.14256700959353927,0.18320698149949458,0.2701256295367085,0.3893319206584487,0.6385436511416046
U_4267,0.11823570089400424,0.3156931968660245,0.21932522535063406,0.07901159285630772,0.10019618805527228,0.1987367736630373,0.14453645881019148,0.13857237438135395,0.9396534448244703,0.08119519542977631,0.08851733699060733,0.09494377017969832,0.24098878085219058,0.19551061311491594,0.10245178494753131,0.0508457766278335,0.1689440635714456
U_4268,0.43067824172839275,0.3461590343178097,0.3201526854953646,0.05046504431883196,0.054680540383312375,0.20257543046344867,0.7789935481859529,0.09742450532063039,0.06886596320853267,0.0677502089302641,0.06951703196098742,0.07764888789830489,0.16883603304388697,0.18722842478880966,0.3216274207095804,0.04965473327875537,0.15850768576605198
U_4269,0.11804556061990315,0.21249003773805444,0.6079859091921326,0.03460484997552917,0.04467737007969094,0.18422928963162216,0.11103197574435181,0.4199522308996446,0.38399554444163564,0.05524564359055317,0.05044194368601733,0.3264341643631673,0.1455091531503041,0.15235091723144104,0.08303009724181505,0.32701575725287124,0.10994439994697973
U_4270,0.05601588687125432,0.09190309614565456,0.1760975624757847,0.10004383748798669,0.16492858961233534,0.12076515137368954,0.13654356087101369,0.15258167289909536,0.06697076131799816,0.17297884623346513,0.1690544146265657,0.20378170550215471,0.13205447722951488,0.1469987363473723,0.07810199465253786,0.8784803585631216,0.16263900128107225
U_4271,0.2367270436055672,0.2880345185819777,0.6807339181783146,0.020668364373916455,0.14073327616686473,0.4127463998709284,0.06766523525022412,0.19081620917621603,0.05360811320545833,0.04390997133973626,0.030056715437482402,0.039486132582954615,0.09614906665032662,0.810007945028329,0.48933842848148323,0.07569865543356659,0.07609409724075406
U_4272,0.277783683530744,0.5810552285706744,0.26306903935185644,0.034756559591163194,0.044318115975433885,0.2225029391029798,0.0529512737984652,0.09178965190322395,0.031053355185912027,0.04917629692525262,0.04828520223524491,0.03882210792310841,0.1308813615106671,0.7216893789981565,0.6376634292419062,0.035088040362278264,0.1643601816061499
U_4273,0.034802899982549935,0.0656183403934184,0.10010566835246298,0.07265101968065737,0.15410894886586288,0.7001343253370981,0.12118868184235312,0.15410493632492447,0.12441800046312124,0.1860812852036628,0.17898196347265566,0.2494817314887994,0.14116742964550613,0.15804065405457432,0.07755134186736101,0.5990180821214536,0.1773301509899763
U_4274,0.22636122137421733,0.8389401662139108,0.2752341303383412,0.05894944068424207,0.06283731134238146,0.25115954229935,0.07707190187846188,0.1180431070474813,0.11088510176695177,0.06441958958260675,0.069154093613408,0.06622300650490097,0.15922542237806303,0.17155207501107902,0.11715646273072212,0.023437607629296645,0.6386822793492111
U_4275,0.20468158615008206,0.1330747991079622,0.832108579563121,0.0420189323161907,0.12815295312952674,0.7447333333069384,0.19484793530945593,0.10466650919673837,0.15682997919986247,0.07082215952408945,0.07381243515509904,0.07857778436741236,0.13285932855844879,0.12643975297885127,0.09925589545233936,0.016802319524110067,0.1233056169920064
U_4276,0.08885170434645034,0.09695279463419898,0.6277048843242921,0.09547851203151564,0.10704955402814191,0.9598229095941264,0.14140625005982208,0.1431661720468547,0.14232912548350404,0.07911040948695179,0.06061614770359826,0.36682770744991366,0.1716217286583193,0.16136108671008242,0.07240188057334827,0.044264762602806304,0.1197483509889304
U_4277,0.27359322858922186,0.2529791057713483,0.265524449908522,0.04529876793003462,0.03347455857949867,0.9626700279670913,0.07415020650145832,0.11668548588573113,0.03618028210871677,0.06277939593850815,0.059886623995410976,0.05664224493670972,0.14856695253995222,0.18592446499362134,0.3146565901168148,0.04927480625045089,0.17607905895309292
U_4278,0.46379779969102286,0.0752557254151652,0.4508925396162603,0.1197643100858803,0.11147768384635462,0.07575764997537618,0.18191344211938906,0.1152381850826625,0.5726223849374187,0.04217626652508126,0.061177098508814615,0.431231279698159,0.07082377910576157,0.08326432929163116,0.1099609708342976,0.43543434492418376,0.15232448774993124
U_4279,0.20881917576619555,0.21648696445687463,0.23423528934294285,0.029037212769626633,0.1262786683717777,0.38538624794557463,0.07221540987709826,0.10951773467248015,0.4125220518688275,0.06039743708289248,0.05057354101768979,0.6453072685571841,0.13335228667859686,0.14123965734225621,0.2760526988224763,0.04084178671663026,0.3297225284063612
U_4280,0.2854154877126708,0.24026661568075233,0.2228573300160456,0.03719241223220718,0.03934058346924615,0.13295788283747295,0.0590271215351349,0.09817848803709486,0.5869399294036636,0.054485903105261135,0.04594463005887962,0.05684084262906898,0.13387140397060662,0.739926437107432,0.41322649439784787,0.029985988556431843,0.10637233234332383
U_4281,0.041466513493777335,0.13040618069321908,0.09594707982350403,0.0916058232112493,0.16278414211355263,0.15938481281470307,0.5690559116412018,0.14965446851084133,0.08798090139831047,0.1306014480258739,0.1299308072408394,0.18993914083361974,0.11462617227645712,0.1221833063360488,0.06423889901460027,0.8276408197317371,0.1650947512875189
U_4282,0.033889750203365515,0.09662166360085894,0.1034406700632623,0.1262197889779594,0.20469564937235088,0.1306465990682594,0.7789137253846258,0.14213081692308763,0.09113137856980301,0.2089518180282319,0.22111722449321425,0.39177807723084557,0.16438713061170834,0.20288835095317517,0.08377715640711746,0.32689984760354407,0.1994061649723079
U_4283,0.24299997645742735,0.26355068509812873,0.9569202695770852,0.04968331010792632,0.062025544793942386,0.1840283202586329,0.10241104377435957,0.10436451697654456,0.17294416416151873,0.0604523407689382,0.06146498290861274,0.06697935499466998,0.13869017512829898,0.16896657674498994,0.16428354204740658,0.033538943458836,0.4972762552312736
U_4284,0.25252081364113854,0.21160234027300262,0.5056651733937085,0.02997848586270445,0.035415854166850724,0.09997816978625969,0.04550016307317265,0.08303937328829451,0.17384717168822236,0.05869834607477961,0.04512260891575913,0.03423734585528296,0.11387006792903764,0.4327917644771876,0.80540409979669,0.027001762190350546,0.11785325326346267
U_4285,0.3098952128701363,0.28539566337747035,0.2936709853374049,0.039750385584063415,0.05333630032530192,0.18149335104806982,0.6987905806279023,0.14606782504044655,0.18738835511415788,0.09220819782637553,0.07609854671509017,0.09623684580667947,0.16884123324930253,0.17705650937686732,0.24948496624497277,0.048355876447555034,0.17034048589469175
U_4286,0.4607373367190668,0.1919287180488643,0.8095539399474286,0.029997053857339105,0.03212433529361097,0.11768166302890834,0.05517922159258713,0.07709884508064878,0.04014487780326598,0.05548168944676169,0.03827713139064193,0.5099232655677978,0.10889225046654079,0.1374785118116767,0.3391169301588376,0.02559439787926887,0.09567654089950947
U_4287,0.20825123471557777,0.3176449991313961,0.29902547435361637,0.06698009645144619,0.06740571692039107,0.32024761443826655,0.08500397774598648,0.12288860330736945,0.12658108926964481,0.0689957548172201,0.07750186753403551,0.06282890424103835,0.14396046074807958,0.18727854949863193,0.15351474391186828,0.03339642007701221,0.7733916539128188
U_4288,0.18032047283446093,0.29659452112545215,0.1912617099918862,0.06861273240035562,0.10432302409400707,0.1933424210066698,0.7100013182638188,0.1520389735578504,0.2053797426602584,0.07367721378333184,0.06889191475454491,0.7337259513793136,0.17709200063756084,0.20113350817920841,0.11884868538871043,0.037218004391167764,0.15140938312288235
U_4289,0.5485265383118647,0.3697527597088607,0.371251241648343,0.04615527602013121,0.0640775353204856,0.20666601217433492,0.08159232360804454,0.1403939564156211,0.09503274894969505,0.07965821047561297,0.07229519347683251,0.10477325084596503,0.15553119951277358,0.23908423651457394,0.39168116758141314,0.05520739528777849,0.18218955039230741
U_4290,0.21924276353841582,0.23085866095507793,0.9003382406399242,0.04714501473165007,0.04743788727755541,0.20187185365945648,0.09319337557466786,0.10599666969353037,0.1183701623248397,0.06038464249601659,0.05719615700569039,0.06519200130725628,0.12148549339795604,0.16416401276257814,0.2073823153851822,0.036927545429453215,0.553161713961589
U_4291,0.1341505269044805,0.24073609819154987,0.250935088763217,0.06424584869909056,0.09102777921920246,0.650580071251528,0.7500068523275139,0.1339192105236487,0.1746576328582681,0.08707450751789883,0.0950668156983379,0.08470016360382494,0.1549737305576923,0.16573189421603704,0.0946454388664262,0.04451172044434614,0.1440495349675072
U_4292,0.21856324614736775,0.46683670703299973,0.5321403872236501,0.03254446790642948,0.08403402257175971,0.264493637841811,0.12588893200156503,0.1346225982554766,0.12895060624818214,0.04889085296351666,0.038309473429353695,0.19597617410355547,0.08043073469813335,0.7988931212471028,0.7265344829722592,0.005780202610143857,0.14787512439905112
U_4293,0.41722885129197673,0.355198959623661,0.321145376834048,0.04464084325490353,0.05538115042112941,0.19974322928035115,0.07342439734118464,0.1108816291760356,0.07952788411371611,0.07195423115817133,0.050648999784878454,0.06014428761901383,0.14648451215945588,0.1941986522839559,0.3375274836298937,0.42595471083886194,0.16130671849234401
U_4294,0.3183291271181994,0.23292624405945436,0.8504055843355861,0.03610340431577728,0.035366070873762284,0.284661986256707,0.06381514602406291,0.09672782933090261,0.04661790802584267,0.06078251260083847,0.04998266015772136,0.07869121047789993,0.10756965472801763,0.18362100945772122,0.23330281851602505,0.027550551203451054,0.6819185784540986
U_4295,0.272877290864011,0.29351732453451884,0.24465014838439944,0.049610300184515004,0.05397806644399924,0.2737089230584643,0.4587169520936675,0.10869048439941567,0.043325340159039855,0.06421994812441702,0.054228266705924365,0.03758160471169745,0.13454961937662366,0.1704070652704962,0.24658337099285343,0.47368714921406097,0.5582233795635869
U_4296,0.17111699545221554,0.17009291240721305,0.23371614242783437,0.06198325380358699,0.11667652557518263,0.3169593508012828,0.13249089717401719,0.4383374417462318,0.6935568496546749,0.08944818541526249,0.07950881597212352,0.09651745609075524,0.12964262251469708,0.17579058277059093,0.11406231387109664,0.05862847045698646,0.14701145608614427
U_4297,0.24299798302309109,0.2374526879530147,0.26301887951197833,0.05545106685965063,0.07813539821823069,0.2314915128097573,0.29356141732379926,0.40744450858526016,0.7474967586328672,0.08126481575251164,0.08113046233442758,0.07295742289263091,0.1786910281987691,0.1617553589944388,0.16125994024731374,0.028864369991902672,0.15955372299687073
U_4298,0.30032136050800173,0.28776314263695846,1.0,0.04557785887103105,0.04129073236829388,0.16111290950625506,0.06303445356453737,0.09614173624442973,0.048414441440741314,0.06275877960843908,0.06798716183384682,0.07106392639931912,0.17293701965028335,0.18011163937039712,0.27014828991292117,0.05163286325509929,0.15889295873804754
U_4299,0.2191636835883534,0.18570196335014338,0.8828012198057684,0.017395718190325912,0.03444299111696452,0.2051189107570047,0.0555872316171535,0.09797667310579217,0.057725470939245606,0.26382768274094814,0.05152183368638202,0.5292409086503379,0.1476089508432345,0.14044587332215677,0.2716752226425373,0.1873277502207862,0.09154187564531945
U_4300,0.2410315809236836,0.18598752374544697,0.24975669231305356,0.053641917765348046,0.022672067055927628,0.3823052880796758,0.4358516965625846,0.10025403702154419,0.5866413033512751,0.044685401629150794,0.03274479393536643,0.5241141507464345,0.1314654913417885,0.16111857975391017,0.2311612671553459,0.09322978261120875,0.0934007731764073
U_4301,0.011763459437957573,0.034695281050090794,0.18202139918711424,0.08381331144593411,0.286429604321522,0.1472403480323153,0.4295570260085748,0.5921498308065697,0.2681796882228136,0.12848019432976104,0.15811451833072115,0.3516656601907324,0.09678516612545884,0.1092086835152453,0.0448447997519934,0.2648883122994089,0.1157045842364674
U_4302,0.17320784221919514,0.12964923414007598,0.20745471124347262,0.04059034219049519,0.03919103269688526,0.15647302130784743,0.13553380623783184,0.10199289408877339,0.4401129084251336,0.22198851075387102,0.046107697339997894,0.6864712063176526,0.1323067956093467,0.13608042681521845,0.12166935650956648,0.18492301615058115,0.7810604262364499
U_4303,0.03179251149861534,0.05004141827124612,0.07290749323041504,0.09255056716097232,0.13565495140825137,0.17099289264737286,0.11397767242777238,0.12789799055500625,0.4654413232618483,0.20442210234886043,0.20476964360465702,0.9034531939252982,0.08544013322606629,0.13471856928436526,0.06280182037099277,0.6681716922224284,0.16632957736470463
U_4304,0.49694590147199746,0.4032158144311013,0.3806745175398537,0.047111045198595006,0.05827491990436935,0.2574603033415137,0.09304574228594513,0.12084397613768473,0.0486043057772583,0.07242607962886835,0.07018354358558135,0.09496585275242471,0.20760454255646466,0.23184064833655543,0.4848951251260488,0.056592663189502304,0.20278490492111748
U_4305,0.030390923280400196,0.06015020824450071,0.1272374560254237,0.07203364639091983,0.11222452605124844,0.12686696909656514,0.5883801215872558,0.3307740664955432,0.5951323255558573,0.10423874952502352,0.12895966208716567,0.6776793575044192,0.12293327821010416,0.1267725109983398,0.06621670203464766,0.23741622570125712,0.11519291856516983
U_4306,0.2588615463529622,0.18157304843165484,0.22210068712041842,0.03330460652725712,0.02597812119978379,0.08705135048241752,0.19830543771728418,0.0824747607777123,0.028907750711585717,0.05230745233427019,0.034321802383079164,0.06438097413515408,0.11591229490107662,0.8111982458434309,0.7712639837065416,0.35634723087231424,0.10933138726867388
U_4307,0.03258200923363763,0.040635945880411445,0.14738606650926633,0.08583393075538404,0.14663459907745738,0.8361577236157639,0.12938429210296012,0.47317111463885186,0.30945928220663477,0.11140614524768921,0.10562014349010806,0.23731935257375944,0.12452110088972523,0.15432775476625207,0.08338311773659617,0.31213402162279313,0.14258051013021925
U_4308,0.2750167318001083,0.2409535363280589,0.26358194378541255,0.05012281479558731,0.05551244818470321,0.17422786792229175,0.07079423980308595,0.3536147382447431,0.20759798110594005,0.07226822049076237,0.05873351562246416,0.07084292708318868,0.12699131632301605,0.7054301923706885,0.26389200817666236,0.032138374656891816,0.1298058525427503
U_4309,0.378799268675413,0.2939085965226851,0.314478048983453,0.036126357729882756,0.03680341608853973,0.1920865997658429,0.07332854959727737,0.10674497259393534,0.05540540652225266,0.43473005090156425,0.057524720554356056,0.08405464625851007,0.1746073865200101,0.1657852957623884,0.2945547924109222,0.5687812798368826,0.14535125001853233
U_4310,0.31804372897889976,0.2602824207530626,0.3037793025766041,0.08382703935885458,0.08667955180760789,0.34709178492946313,0.14444812085640477,0.14975669298923766,0.05244682858694946,0.7518929024524411,0.07099789765130489,0.0819100152392313,0.16579490956909312,0.19002766079699887,0.2977412154052884,0.04437030307557324,0.18523798528587823
U_4311,0.2962297311668919,0.2690976396079383,0.28453091665828034,0.04651592658900401,0.04241942404094217,0.13248243181295336,0.05139466939610157,0.10826592166636015,0.04138396798047832,0.06206312562802255,0.05953447648260686,0.06760941856219856,0.13230425140106353,0.7924169371298126,0.6208003783020712,0.0643631602497072,0.1814660168001687
U_4312,0.07873451325006109,0.12592466732520374,0.12763307434929788,0.10090525561908764,0.13877066433821064,0.8070020666300314,0.1885631194332589,0.15848070383690102,0.19505140365332246,0.10031894637882084,0.10766995393040377,0.4933326788935568,0.16328501867967757,0.16957402580410383,0.08458851820432209,0.04760971814219746,0.16051106956663772
U_4313,0.28761916010225097,0.2485553208994011,0.7884881307185935,0.0349685597180879,0.04084059391130242,0.21011777385877572,0.09447007472623585,0.09813731682127955,0.0700022961125299,0.06248497974576395,0.051757121931288286,0.06151072028578203,0.12986714346146228,0.18525529051173203,0.2332419561873149,0.03759601319402792,0.6806844908652393
U_4314,0.08498955105302193,0.4642249501382272,0.5633118444080071,0.0722183256357043,0.06525589080380051,0.1530577312192407,0.2831400348249363,0.2820840322093138,0.4169829934353072,0.3121558956064847,0.09290572376208454,0.5224139247313099,0.16339282865728488,0.14422676359791728,0.07793974096993356,0.004334142448022913,0.10800232896816739
U_4315,0.026570507703511537,0.04802003585315419,0.05743216464058718,0.10324254854963855,0.14287535350777422,0.08204080375406858,0.11034769002046346,0.09317315998430839,0.08687831851638259,0.8703356205216456,0.19543823721817236,0.2745842545019922,0.12106910041335331,0.11932477287576436,0.060638904546575764,0.46286821845194326,0.16413359985011444
U_4316,0.21893358835440976,0.4176981475067004,0.8605897441023579,0.05337172595356736,0.0701919928628014,0.23254414881427726,0.1557551471313476,0.1336451258141152,0.05491503307662604,0.05605376670195359,0.07139231447083207,0.050251168688085046,0.15004278011778585,0.1408489025245858,0.0740656868673687,0.257649496012612,0.11478666843468657
U_4317,0.4515966880926172,0.20654279636807998,0.5173044721589354,0.04066622770015455,0.03852527054567613,0.11561669627831558,0.380156945444837,0.33691901215045106,0.03394079102359112,0.06258459442884921,0.044621448043858425,0.3164691769055126,0.11260135775515366,0.5889988771746235,0.6102135434825386,0.01713005085038982,0.10895425632180691
U_4318,0.324375010518121,0.3080169742330031,0.3383728150905315,0.04503022543775743,0.04328724749767912,0.283689758444549,0.0988169252283364,0.1314904200184731,0.6924369750678107,0.06914636387071185,0.06588597502771756,0.07048146596965792,0.14614692320734546,0.19067203790613385,0.3058581730021601,0.07340386367921467,0.2024283217011872
U_4319,0.3301620097535447,0.25487452031530566,0.2852779347414538,0.043422891192654245,0.03677078999866805,0.22284092888988302,0.06431214324643128,0.1056931328300026,0.6616183501171842,0.07121132299038709,0.0560062381473727,0.04909595429801728,0.13643359175002312,0.17375702557951567,0.26728576815769844,0.39117367752677445,0.1503621414388312
U_4320,0.19953662784387677,0.48511464297546936,0.5189299078351511,0.08793033671648146,0.12431107871400929,0.3949713173189039,0.15872784295584405,0.1768591730220054,0.3209619667464185,0.1267025762838419,0.12078036288551543,0.2411211206845267,0.20360287367904373,0.30003920943318085,0.17553766679021618,0.051498560393786155,0.22709258859905584
U_4321,0.3055314688831987,0.26281058477137376,0.25502195588956633,0.03880914591767911,0.033490311386724356,0.2256012070990669,0.053965866641050624,0.09666454013095153,0.08044716881530839,0.04786032751854599,0.04846748284737207,0.05357401345269486,0.13654779209332737,0.8177701946610202,0.588996292166648,0.03496341693795436,0.17377206551074087
U_4322,0.07836922346297417,0.09254325525507029,0.10697595740310559,0.12529589426793342,0.19173211346748217,0.1160656653326464,0.6640972898044398,0.14209215579605547,0.07381608043244986,0.08305475865727578,0.08533817003125257,0.07375521268617055,0.10484334667476733,0.14700087355760294,0.1089279635697936,0.37893546946958256,0.8403872112020722
U_4323,0.2709701326778985,0.19079150296285677,0.9047224378938045,0.04685360323848531,0.0439929009889576,0.1350657929724919,0.07834330045035387,0.34808553810599874,0.44929404410548224,0.056005334610448314,0.05270416505951573,0.30699425864897345,0.1250725960499188,0.1441241565522924,0.25266347386022525,0.012781044361274944,0.08304215244106045
U_4324,0.07312977985002266,0.10384211895483073,0.17393755151062887,0.11356104484122839,0.20322552592267548,0.1810113031116012,0.1531497120772847,0.18796936426798408,0.12791289379486181,0.20913995679632788,0.16591980262703143,0.29613180137906725,0.17730083594486773,0.2469250304085039,0.12356748211859889,0.6394278266227233,0.25049422788526476
U_4325,0.05085305799646013,0.043345023409034476,0.7986212433097851,0.08493410927912502,0.14276879723745384,0.15582079846296068,0.37958211244992734,0.42885673516899814,0.11662823168550542,0.1573492361225003,0.15216060428362427,0.17418804773304541,0.10282328277194767,0.12427316730284879,0.0481757820874315,0.2507035108043746,0.13389672975544176
U_4326,0.01745982004994639,0.437060814570958,0.08791863349329651,0.0843413780603329,0.3414811527950373,0.0788639891531911,0.218152151884025,0.13943313786547465,0.08337578433627979,0.602538755465816,0.17352005403567122,0.6404601472605892,0.10962794163002923,0.09945536866527752,0.039960480695003665,0.21360456837219047,0.10983284099072235
U_4327,0.06615939383501915,0.1123089914804129,0.11796257364605447,0.1140913879055059,0.17913933695700227,0.10769709215099682,0.1164716564113045,0.15561965846108383,0.7293043275668261,0.08860502237157372,0.089359317924759,0.07292408165723388,0.10058724548951475,0.13559874998716523,0.12841366078071573,0.36946335883943693,0.4898324521325108
U_4328,0.03267376561183695,0.04629291037016801,0.09939493935636484,0.09768810077042048,0.4250994585219464,0.07861794664379788,0.1090684973775872,0.1496112757229234,0.06580374167934834,0.49368749242222476,0.16488011877685277,0.5028266924589214,0.1033233642796574,0.12973076208428264,0.05612239001581083,0.8863948308646994,0.17329317831791147
U_4329,0.25296824502628956,0.22526549151937414,0.17271458792095054,0.03810419961612328,0.03210030093950633,0.6151900180613582,0.3778712298086684,0.10683874285655803,0.2298259709422449,0.07430321674460932,0.052580071169902716,0.044610302160514675,0.11862056159116846,0.13674685453584717,0.21690098649995557,0.025162734831448007,0.6864698373652145
U_4330,0.20122185964776698,0.13108073223143793,0.3707226885360012,0.03900073770183462,0.04906941495962437,0.2994333010419017,0.1916091436301375,0.11219654649104012,0.6107770951149903,0.04410659631076676,0.03370583074707936,0.07693041116827434,0.08912254990814204,0.12452089623013549,0.19262779473538255,0.05205657856534838,0.7749362142051124
U_4331,0.186534893955287,0.29007521257755065,0.34275317184086607,0.01992867276538568,0.013626609702213167,0.1090239204133354,0.08491902989482708,0.059123559976142735,0.37393098364105026,0.08121701590453512,0.03482548030437134,0.20147975911833846,0.09051960313752884,0.7518234570162968,0.7286300557456434,0.022156823945501527,0.08152123579878315
U_4332,0.2138665888949895,0.7516925648569024,0.23325933683416314,0.05185053954901355,0.04780087812946384,0.17378506718067172,0.07518653916183789,0.10494661769880775,0.6591495685150657,0.06558784505276603,0.06229558229628476,0.06909253168262844,0.12567190852837987,0.1497471749604439,0.12497621945594331,0.022756146931277782,0.5032518752141634
U_4333,0.374212161265589,0.31377416576630024,0.2871427268295911,0.055941668773720546,0.040712124173467354,0.7751641689215681,0.06584428586097585,0.11651941636423255,0.05118636936013379,0.06156207907283451,0.06609670423656339,0.05984753267080187,0.1457942258784914,0.2608006130945808,0.2921851332555473,0.04329910713892382,0.1484775795667289
U_4334,0.1021991821508386,0.4089340143493807,0.5643217264618109,0.04615608556774935,0.16694490573827755,0.7357542914384205,0.2761208378221094,0.19738711233860382,0.6739790160310671,0.08205817478082601,0.07559292059126062,0.4598167356681946,0.14701773671862792,0.14700001354428427,0.07741430513558871,0.0,0.08443055961914223
U_4335,0.26620697015777695,0.24430660525923045,0.24735914265434775,0.04005350079766917,0.03987975465692412,0.14547333661499795,0.18678369633831893,0.32236807684172186,0.20055510567147852,0.3152121577926055,0.04973691589997295,0.7010799169946901,0.11032434378943803,0.14475327665994903,0.22724081107784205,0.021705172134692814,0.09809345601770131
U_4336,0.28767581641012907,0.15747903771681163,0.23899685003466567,0.07325928755904279,0.07022921260532758,0.22775524812903092,0.5593301113073621,0.12926710145007994,0.06087139102714206,0.06451141930087961,0.060157436211536616,0.46234818086210516,0.13215031032997937,0.16074999183687913,0.11254730036803652,0.026916652687652996,0.7656210824337434
U_4337,0.33101619803769833,0.25889995608639516,0.27647017141617236,0.037583869388836344,0.05176875119226065,0.14708242314760436,0.0640897460571703,0.1192176555203078,0.41523814941234705,0.5648270564194241,0.057385541181780665,0.05819127025034727,0.13753030666960958,0.1790429921254058,0.6793510104550046,0.03980067763507208,0.12428268738049159
U_4338,0.03005587788088345,0.07583093244958411,0.17910141991408857,0.07724163724510007,0.17121772183291797,0.1867266023825133,0.8425075205604772,0.14487167807934978,0.13062244670465314,0.1652984982376321,0.15823338002289009,0.19050193748385863,0.1341096117162728,0.17131024923221838,0.07989610394237572,0.7385875794309306,0.14883490953495188
U_4339,0.37718061006102443,0.31572372183068365,0.31008449668049665,0.05370390332911007,0.056957767098330114,0.1917581750817962,0.09716414135693488,0.8046086348058658,0.04935710838902235,0.0661724639389401,0.05868522185360728,0.05916500009498947,0.1407146377969852,0.1782642856165333,0.3259887581648463,0.03941012657917538,0.17480402827519712
U_4340,0.13011756500471183,0.22390629798849448,0.14689431554300414,0.10309482594104323,0.13016703819554917,0.21672552275406104,0.20638580732006773,0.2576605960176409,0.19921613863935714,0.07441197847709255,0.07327205272501923,0.7249754928043749,0.20250548411004776,0.2281225398694803,0.10499313369217875,0.035417427084152533,0.1592760563680867
U_4341,0.137684952008039,0.17490492352874942,0.829322532580513,0.07108181979612266,0.08267774308984621,0.23699530696631793,0.11677589359474864,0.14119678239381236,0.13013686246971315,0.07228253024846187,0.06975575658582056,0.0620992338889618,0.16641683588443298,0.16284776957473954,0.07634667960329272,0.6653377992431945,0.15078642191111488
U_4342,0.05641663796853369,0.08651728326258268,0.7477017888185584,0.07826815849755951,0.08905781475205601,0.6011667536430008,0.17007370231384136,0.3187509619586141,0.39874975372625476,0.09097343728812218,0.07861480700927329,0.3691900195800548,0.16211875263865397,0.1554333043376752,0.0820131437635086,0.041271611386519295,0.12417078847797841
U_4343,0.2950972836987693,0.25976956708758125,0.27345984329210804,0.05083012197368997,0.050234938141915285,0.15262209863431925,0.07055583356028128,0.48086578497416765,0.0445798401983996,0.6659029383222776,0.060949236780204336,0.05057543330588159,0.1354985544710767,0.19901764080670556,0.6239225540887565,0.026098829925169,0.1253523368213105
U_4344,0.4080446282957023,0.24719103903992148,0.25494776120982654,0.036845193080096705,0.030406301222287845,0.1664700087239632,0.06672226137986276,0.10379934004506491,0.6129288900210593,0.07438392314947084,0.05962319336357416,0.4654348984271194,0.15812806685722314,0.16787880894471616,0.29370543297773277,0.044260866386072094,0.11869736998993269
U_4345,0.4391024669172995,0.39900242502175953,0.4210785084393711,0.05338450935578286,0.044273543241553644,0.37250800829329933,0.0909047464713564,0.1338233858112215,0.12028398189479811,0.08321814100756324,0.06977148421738483,0.09610730456805702,0.2224225989117594,0.24279651760625262,0.3776049947277027,0.062209352764369785,0.22333864226335134
U_4346,0.23756596121569523,0.20718077345652242,0.22295816709231117,0.039553402849457214,0.0327600867126516,0.864620208574696,0.4461385873058522,0.11022297170807555,0.03813475836315184,0.05973807365484152,0.044809950330600694,0.058078007329784326,0.12838615419991484,0.14667936590981034,0.2456634911205105,0.03358880647031155,0.5630905097699223
U_4347,0.3989973246672196,0.12154926419549425,0.8343319137537385,0.07532523552438462,0.11625790307851916,0.059650681554403714,0.15690392402720907,0.11572244395607528,0.07888561927632892,0.1357942493706291,0.12375964496034897,0.5200879571153346,0.08465682317367348,0.09628009671890071,0.051814770719046443,0.1298837187419166,0.10219854277745669
U_4348,0.21521898951660637,0.14423792460386528,0.2636630754299941,0.07259389211162584,0.0887583458386103,0.2606472142600108,0.15828347556714814,0.12438774595916274,0.33081173319428614,0.4289843642066389,0.10799683154916354,0.7262323518304042,0.17183211495488152,0.17801194839910245,0.103022581962381,0.047218030694847354,0.14516793078721515
U_4349,0.028213281158679604,0.37511088301416995,0.10381571144479387,0.09787504648793102,0.4553888772040976,0.12639804746868175,0.14725729220515535,0.5157880398202955,0.10833161802576186,0.16204362474581377,0.14675755480061903,0.6369129102420569,0.08822568634295665,0.12334066746828073,0.035483176915330344,0.21349069830419196,0.1608643597281174
U_4350,0.22754547252338303,0.1967885576515109,0.8425319898792069,0.035070456218756804,0.26364060721104154,0.22736969889857717,0.16759337131030913,0.07507528680736089,0.03447410363556004,0.057609366915666024,0.045051123575310166,0.05400235833150688,0.11042043807625275,0.7314168928487024,0.3325459630933393,0.02614024778710113,0.10052752610572693
U_4351,0.18541894581134336,0.9567424047088324,0.2095601377660911,0.04186826238285262,0.04316249624084578,0.21526602642701145,0.08117691653118558,0.1019801947906382,0.5166921297370527,0.06512557932166647,0.06463296827481867,0.07464053521411876,0.15185428368278733,0.146176649141164,0.08008780837025387,0.030094781012028712,0.5237339691163254
U_4352,0.11500073525145381,0.2017086710086806,0.24890192889339927,0.06978935760273414,0.10186362349673085,0.20884074512849501,0.16032074048282166,0.15223070356726326,0.219084719446782,0.06160532204915917,0.06558652428204816,0.7468985989909077,0.1602594605607061,0.19964003627673005,0.10023373868598677,0.5113836716421584,0.1472281800674378
U_4353,0.54529629268565,0.46412953188911865,0.555141410071921,0.035267109864984256,0.061020012953281674,0.2585159223110981,0.07475053990467002,0.1432357814751933,0.05457528914125873,0.08165246127480182,0.05999739795914,0.06989180321993484,0.20216784542984023,0.27669383220303667,0.4978028417795354,0.06791868670893259,0.22086318571514033
U_4354,0.20642619582941993,0.18986168832197742,0.25822484021746606,0.02206682904011785,0.30065672233106566,0.20067900546858491,0.07533164906231621,0.2949877170371348,0.5193907313545983,0.29161043198444647,0.056688855894046354,0.0804022064873495,0.14537225407872686,0.1608641017943914,0.20579559110176537,0.38571991131591066,0.1252078809048597
U_4355,0.09117287315072792,0.17132423382882303,0.2319653547393897,0.06839925279405351,0.09999316604860538,0.23969098115133233,0.7987499534622287,0.1564200021284948,0.14955787737551876,0.09959712842197271,0.0901858021138401,0.09758461086159628,0.16918434083302378,0.14817756549790048,0.07957757381054613,0.050883678587539075,0.1330611778900439
U_4356,0.056582374428078674,0.14263903370859948,0.12118809903380304,0.07149484132545218,0.08062569681113377,0.16627263702620693,0.1524207380649923,0.4458030053142591,0.7755547491948201,0.0728623440914044,0.06977687110298901,0.641693251611409,0.1442453538777111,0.1477294713903809,0.05670610027402638,0.03698553079789056,0.132855434707115
U_4357,0.36223511153969823,0.2699851351965238,0.30916160077189603,0.05448216727900036,0.058495569780624534,0.2984854829790583,0.06808776592539084,0.0994931607478447,0.06016772310996413,0.0616523485403999,0.08109269251610254,0.7143545871722391,0.2527201382194163,0.20673647163932687,0.349309316356203,0.033057035678043474,0.14893224098434596
U_4358,0.19685282090608705,0.31365648458151185,0.14363263414754698,0.08000448537462618,0.07581574978960769,0.3355660937937649,0.10342385598297338,0.15443347551574393,0.17158738941782758,0.09016744325325454,0.08213623355432434,0.0721006949203079,0.15106482481496827,0.1745021519207985,0.12112929377542511,0.03617262112021343,0.5817211480385518
U_4359,0.235610866170144,0.6106763942895143,0.2431572976852886,0.042471834906254155,0.03501138502452944,0.1860118614526768,0.041735210843796396,0.082068320657019,0.026758448633495868,0.04496288488554898,0.038454405462898064,0.3678521802172252,0.10858911333293009,0.8726613745594344,0.5045719860464349,0.02740269563785147,0.14542813037741192
U_4360,0.23953559968771374,0.1962522665946263,0.29166431737525356,0.04634102260751721,0.0675389398386095,0.23910984246885872,0.20599375701847678,0.15322358880949194,0.34882986633170543,0.33463185604307155,0.05205976113945458,0.06462553301429827,0.1668852156384646,0.1641200089969814,0.20723431029924066,0.32044079386690205,0.4194192016053575
U_4361,0.38097095299442074,0.33224629852181686,0.3026469198601318,0.05153216288241454,0.05749027952911209,0.1853166498485146,0.09934184596279419,0.8564644431540988,0.07272060839795699,0.07575637896987866,0.07335107835194703,0.07996719065124103,0.174331175903098,0.183607227453012,0.31484000253552336,0.04689115601238825,0.1583259659990905
U_4362,0.02098448070662273,0.08756345642071842,0.09093627761976862,0.10272909133385556,0.16186019625399256,0.14853487950007052,0.10575374728448042,0.1238474885216014,0.10520146978327075,0.15629916479080855,0.1723316349268651,0.20821954173144253,0.11290984864981636,0.1686383982987599,0.0727568288056065,1.0,0.18450509272619248
U_4363,0.526552529383883,0.44370327003650667,0.5770605159136766,0.03343986328613775,0.04664701345004123,0.4062225252982373,0.08601642948130109,0.1520989544508448,0.05615967079715359,0.08872430264842522,0.05144594376415517,0.06460608274717974,0.19032175171239046,0.2708969850365506,0.4819267253122894,0.06492018480863837,0.22251352660254628
U_4364,0.23753884707053774,0.19629469340937467,0.4966946517490821,0.02991346400612656,0.24075714656835173,0.07423414709504614,0.042852751546697106,0.0764870128633928,0.022645962109418973,0.132402202481071,0.0360628939139228,0.47722681035319614,0.08858272595419424,0.7906581880620324,0.5182481985032825,0.02387907583340387,0.13310783926912192
U_4365,0.09338516725144341,0.08423888980581197,0.24731060347843717,0.09884957949405093,0.20532076683152226,0.1973913126133829,0.13231190064526424,0.20350187466520922,0.10218736351189972,0.20230584595205245,0.20076441274395265,0.24312134768104093,0.17206629878281365,0.2707034152528758,0.09532539054899233,0.4621207006352275,0.22983000951172933
U_4366,0.37959386538400997,0.2956714103588681,0.3471448128150405,0.041533145948276534,0.043864624287753035,0.19712696383025127,0.3330053786787275,0.4792362764185192,0.06586395812527082,0.4543766635823667,0.053583070193129356,0.10392267436403388,0.1698877775727105,0.16369327012250862,0.32539348719275485,0.04312760125959249,0.13687287714195587
U_4367,0.347631364624472,0.282418632297736,0.2721389101093524,0.04757308503892879,0.4186545174784341,0.16036366073611633,0.08469049740270118,0.7076077916547923,0.06858862176531284,0.4075978882144655,0.06101232936622718,0.08803714770417292,0.16482282139254584,0.18650360757879067,0.2937189982400329,0.04007528262223834,0.17263561714688172
U_4368,0.39635325966159085,0.3086985446798195,0.2694733981429155,0.04238780053893779,0.04856457454959712,0.26809521865582153,0.08500212898019763,0.09791763894109079,0.052325859455853795,0.05947810875527006,0.0941883769432418,0.720076586793621,0.16119819110897265,0.18178254913882855,0.3134955653156052,0.03857529115192683,0.15867971786464616
U_4369,0.3301041375251009,0.25704366210729157,0.3262929538430711,0.03428836888700261,0.03204067682161958,0.3297598966233767,0.40245674593764613,0.1203385554877369,0.05440619738493736,0.3188308815539249,0.05198337496115358,0.0789407578277482,0.1657510473595851,0.1816532816707959,0.2895483311570226,0.5796715997348587,0.15911439311194944
U_4370,0.2961276938128462,0.7209231406390908,0.2614275862644012,0.04534142626747745,0.0400387078698468,0.1821603974717856,0.06527252862956705,0.09385808272260618,0.06309547878723772,0.0724672384473297,0.05320523081352896,0.06845847314131853,0.1531617070077746,0.16845956696299974,0.2546227705571762,0.5617732645670843,0.6228885344771743
U_4371,0.09943858568960671,0.19120734361197048,0.1934186213552578,0.09287414534123441,0.11290170290744603,0.21319895055500723,0.6275618652115563,0.16065817008250416,0.2778957649846595,0.09089002689999713,0.09715944179955585,0.6379543533778332,0.18380682585235755,0.17083888168836728,0.07634905816951731,0.05029611226279976,0.15040981762034725
U_4372,0.2282446119485126,0.18714053605758735,0.18392816286454847,0.03484554759789174,0.11346138335792583,0.5582125639686953,0.1368745481564957,0.06538834094196018,0.10234971255610764,0.11977634611651253,0.03470081341401025,0.1536857462714984,0.09282710510192618,0.7221928855308547,0.8690549205672143,0.01527167297710021,0.10537362201400499
U_4373,0.04717438813491034,0.06685620584648867,0.05725318824730486,0.09724287672966016,0.12884153545662805,0.7434662145813665,0.12700716693521338,0.5692387439411571,0.11532458277352114,0.15919809544175348,0.12971477535346151,0.5537357519952055,0.13814112246044805,0.1437866703825951,0.07651485863013548,0.23684623086695614,0.1606463099567784
U_4374,0.052409655395008026,0.1132342616051037,0.10269830551207337,0.10372547176222217,0.1294543568806427,0.1675735434211811,0.1546081816879145,0.1345534671165527,0.11918574171330185,0.23327603801116922,0.2363669344952311,0.21953828282742216,0.1352305335189072,0.1793224507670392,0.08036254011703385,0.8436161357794587,0.16752286233671798
U_4375,0.23757788645649247,0.22192024418552,0.5579444616492977,0.02852463233390788,0.25899703018558384,0.6792663135661581,0.07801637750905085,0.3084539843029066,0.5190085527932304,0.0521655602148722,0.0694271139759137,0.05592501930319022,0.13123542601928884,0.15174224716484805,0.10169815474319592,0.14875286275497748,0.3131925523601252
U_4376,0.3460051312914997,0.29671448787760835,0.2759335002284813,0.04774075997603423,0.050398760261504104,0.17299004241936927,0.06317734271369546,0.10610648469487868,0.8055737073521614,0.06942564390604652,0.061314024866603534,0.08116363546880231,0.15938782639135454,0.17835295336946969,0.26375418276533846,0.04516399744576463,0.0917694025268865
U_4377,0.25870338852160113,0.5626768087863294,0.2411530043509232,0.03421948927132819,0.3154970110748202,0.16013624420741576,0.060277489501482526,0.09744269542671079,0.8056262950111773,0.06663214252951302,0.051026487797495204,0.06836080926647742,0.14426429853629089,0.15969403012110817,0.24168892195422972,0.03257424543025546,0.09347163656646916
U_4378,0.18443981054462077,0.21859187443856895,0.7839600288038066,0.09455549472099303,0.11233890460066259,0.2861334814457923,0.2515280518375944,0.15642281541608508,0.18493443961164502,0.07808906004126125,0.08116522229925367,0.07628094637546473,0.252337070550092,0.19900559350694585,0.11073490224904949,0.04653940153182476,0.17724731150340106
U_4379,0.06126516673957211,0.23576915579438387,0.19961751418056242,0.1219272259180039,0.1423585166281254,0.9106742828044734,0.18834473126260612,0.15934170184827243,0.2517023308002613,0.08162162750731186,0.09167771701197873,0.09744911956860301,0.23356456161752706,0.2020900020199701,0.09668447130583269,0.04618773017112909,0.16821187079568778
U_4380,0.0581184506934103,0.21991643893075033,0.3300478675630062,0.15114038599765992,0.3023818138496698,0.3295118362353935,0.1957420824524866,0.1963259135881309,0.27177915492815474,0.2926796201683358,0.28826015191565535,0.30914707354086435,0.2092840266711231,0.28835348972691854,0.1367899233815796,0.40017023288959475,0.2978478181078429
U_4381,0.028736614705454723,0.0807315798680347,0.15556952472629512,0.11457895359280312,0.14359654047139164,0.1264610399887474,0.12306946928999607,0.16203334647947953,0.08851015534585191,0.6219936744909993,0.22658911038787966,0.20637821161617673,0.1315851362109493,0.12341330913333745,0.05832451931194829,0.9205079173392997,0.15800659835120076
U_4382,0.28229176246703824,0.3166107107475451,0.2813063713095476,0.04424830938721386,0.064843195673721,0.2514487608199991,0.7519030054112719,0.12283305589482615,0.14987338374762316,0.08672433275783475,0.08004842814493907,0.09290063715423338,0.177476900496752,0.17172066174358366,0.186774899144694,0.06258266183663266,0.1864775409388537
U_4383,0.5059258738178986,0.38963076443568434,0.48428011243224145,0.03585161037187453,0.054089514678217654,0.25049403824100636,0.07702865130078534,0.15524046446624915,0.04999924721406124,0.08708033441432148,0.06633563608955295,0.11985104322520496,0.17169235441973865,0.25585353173473613,0.44063668144897505,0.04732049488608307,0.2214023545948419
U_4384,0.2833287525714441,0.23281626126723345,0.2339422555059345,0.040916473665620484,0.03268715814005234,0.1026286355864433,0.051238626461897654,0.09009427043019592,0.03688929427425159,0.05659643436453875,0.04254733794411168,0.03248972314724234,0.115282246429909,0.9021842162980335,0.5104362443290705,0.3471593093676685,0.16411503233646405
U_4385,0.13776145663552605,0.161997035397079,0.15902771533765875,0.05219892895166861,0.06110653534688047,0.23931345553041827,0.16028624898989816,0.41122236310441573,0.14084304664735506,0.074667803355141,0.0747785645720686,0.05407882060583956,0.1416125950452837,0.16398117959781716,0.07885816019591674,0.5288569982738452,0.444559386554059
U_4386,0.5402108714269095,0.3834941403876223,0.4819573641369742,0.0927142271251135,0.07726301519321005,0.2621136431191813,0.09393476890047284,0.1246257059987172,0.061246675773949905,0.10052509658596945,0.12090301099002174,0.08862749203375872,0.2978741178401759,0.21630613904493556,0.4815265574430234,0.04578023238771272,0.1345595405327223
U_4387,0.25758206696311525,0.23775625411116366,0.253698527229572,0.03765229844200073,0.028047377471122088,0.18000088409985984,0.4054642570487993,0.1003018619808226,0.031827570049149274,0.0452175998505078,0.04925624685964697,0.0644615600684019,0.10514682777402776,0.7754171737727809,0.5353488388604684,0.0904428815635414,0.14989420103816745
U_4388,0.06667373073936186,0.1115235124685146,0.0986968699416674,0.13209003623245003,0.15395257202546292,0.08758114985535971,0.13749999920515568,0.1528569452284538,0.413585000903435,0.07999691695738427,0.07692171160939514,0.4192438312201223,0.06588722445823755,0.12941964119287386,0.0991203442957301,0.766787763189298,0.15312055912852388
U_4389,0.5887662283907363,0.4981630497536149,0.5078643343971125,0.03372768117983772,0.04509081587225373,0.2651194294809722,0.07745398809817866,0.14494038221670189,0.0568294407691832,0.08551922583163621,0.05171899217192388,0.060394608458683524,0.195866898814951,0.27503687088190776,0.4876089998882501,0.08412170409111447,0.21914064033703554
U_4390,0.30547704006874454,0.2502926955989919,0.2855766044526338,0.03396003631641334,0.0336735853140528,0.23246479028784098,0.04884210555243649,0.09607216583508167,0.0378577004510173,0.04942479475657782,0.051185655454742116,0.048904353075090584,0.14820803655765308,0.7601948577298927,0.5547889763855419,0.031974596084652605,0.17406679005844886
U_4391,0.2741246321554903,0.5695492930601987,0.25475204779101857,0.03642839157531402,0.22872466681648998,0.2112369212547607,0.26297163299856574,0.3849736102527539,0.6253153088738181,0.08267977818047853,0.06922485794697412,0.06620119621362391,0.14490700411846874,0.1558199220281357,0.18076451327392642,0.011713643321181421,0.13142509610264666
U_4392,0.3771382972102464,0.35242918843014914,0.3378650546024281,0.046714078555535984,0.04097335277179702,0.1704366120849752,0.07906647019242188,0.10561861947216798,0.05578839141141366,0.06231235933925239,0.06713919129578728,0.0710120624865016,0.16894199053406958,0.20531892366319746,0.31714563730143175,0.6778576365734966,0.18230666364741413
U_4393,0.2799521013232138,0.6821277907545563,0.24082991128621367,0.031905962548565196,0.04470355217995292,0.1511238615569064,0.06926293285112312,0.3048383873296959,0.3942552609819433,0.06799048122422832,0.045481070164694395,0.08528147150172902,0.11073141266209761,0.159307189463172,0.22849742385938712,0.3978567856049583,0.11150520991104396
U_4394,0.07047707469165365,0.09201508532409955,0.8275133010784047,0.1281343661538422,0.1684192708983779,0.1050809114517591,0.6905986249418161,0.17293271911472943,0.054654477179741534,0.08798494773310966,0.08057026055067122,0.05392729972868486,0.12309348855547184,0.13618069927997145,0.10448685214035389,0.37780560590801826,0.2170227390852541
U_4395,0.2743941262633749,0.24675091143305736,0.29474594069653304,0.05093477430930051,0.04385391224961518,0.19698189810964645,0.11011343022258226,0.12670120209169067,0.06726107147259652,0.06782561559111788,0.058493446663197696,0.7720835004941877,0.1206250456385269,0.15911701299412215,0.3009920244384149,0.38936613640218365,0.17411010235759844
U_4396,0.043604485963878975,0.07041562018642113,0.18014932470589665,0.10740547865846256,0.16876742466110622,0.15117594081795196,0.13017135446827657,0.15075756741292348,0.7847303065054628,0.11132844032875798,0.11898864642337464,0.28050045753250474,0.14419285886921965,0.1610123364794275,0.08351454820008732,0.3757268806860574,0.17642060271379356
U_4397,0.18209971807095277,0.16128751653706103,0.41464508946261347,0.13200513658026153,0.19267812334781084,0.46907676114983654,0.18624829260181508,0.2213549821154882,0.26479597525810894,0.1255350488981045,0.13552561990754355,0.1269611803077355,0.2466656599533821,0.27061941855247784,0.1919531906717815,0.07166969309164915,0.252880185348377
U_4398,0.5578512549135105,0.4779011145341201,0.5585155826699338,0.035463059408571265,0.061907159509097726,0.2609981877541929,0.07539360469446336,0.14279860597779928,0.06021766186993252,0.09152757748623333,0.0732988704166336,0.07018351938269028,0.1994852795086649,0.2743516055985886,0.4875123129349771,0.06538163878960052,0.21923231782599292
U_4399,0.11446711307031746,0.2980631686979025,0.9274615851023502,0.08651279062113136,0.11379189338662665,0.2389714424647147,0.13160883696537776,0.1202842435218509,0.18591877912795646,0.07733081808440723,0.08436452660137274,0.08462066157950472,0.1959910389456647,0.2000688780516844,0.1172306730652634,0.04719149406365812,0.17908166119915972
U_4400,0.2105432451579559,0.1801370984868358,0.591682814359062,0.018029669196270613,0.2914895041657002,0.2903957130823356,0.17339074178103178,0.11040000265975206,0.03846423773493275,0.043049395883795284,0.04676924783331635,0.257368433790118,0.11537845743006948,0.1503016015541381,0.23480149378318438,0.28041129895581285,0.5242080875854631
U_4401,0.3332296578767884,0.2541659268919402,0.28441377607371177,0.033954222929805135,0.030718881794937827,0.24561742305023712,0.07464809598706716,0.09859998765599101,0.7486152359605365,0.059810371021943635,0.05456774150811023,0.06984853200406815,0.14281147382130935,0.20125451707322495,0.2748325596784714,0.04711879420147506,0.6321820109860459
U_4402,0.19208822902235878,0.15987140560328397,0.2369916366418706,0.08268675505409243,0.0889650591033823,0.9139333169145963,0.1424585243633701,0.1624212511314664,0.1331195536426984,0.09741939239443916,0.09132399565503257,0.08367197573138804,0.19129775354554296,0.1775647919962737,0.10947891250259188,0.04977150119434408,0.16019097344928904
U_4403,0.2558543844050496,0.5683546897305728,0.2788729647860283,0.04397003144548742,0.059375459133068804,0.7105190678392582,0.10409866944137068,0.4132887129767224,0.539980988027938,0.06286258634782155,0.05572827543417793,0.08457443169731242,0.15675417141662948,0.18113666765186623,0.22896567222074493,0.01811059121343049,0.13576349467277554
U_4404,0.04986645287205137,0.09191555734900843,0.17254182651137667,0.09097779006467685,0.11978010503030855,0.21809427179799545,0.6574150770022668,0.13590638858038004,0.18863646294797085,0.13306381573215195,0.11074168376933655,0.0632679011575096,0.16813740067434754,0.1808583015714764,0.05861374293400689,0.62995652062945,0.13752837823040762
U_4405,0.31310967549661883,0.7142899178934262,0.27947255123529524,0.03836846326916245,0.36101491051053924,0.14675065552447877,0.06778506181398695,0.10361616865525095,0.6735385503210768,0.06466449147505367,0.05490757041340825,0.07438601675775511,0.14911640883232083,0.1705766907342674,0.2503137711891539,0.03456203583232263,0.12119548046099478
U_4406,0.2954327931030373,0.40863700112532253,0.342723036641022,0.04151532153659179,0.21919578252468333,0.26502425849917743,0.16173374111696762,0.1181080614832791,0.6118130923090366,0.46099038376170476,0.061168640307033784,0.11113497494705243,0.15977229566954199,0.19019139758211318,0.29508659455230923,0.03519484336147272,0.11027797347603077
U_4407,0.14638764489706627,0.19911929462871011,0.5077618657320192,0.13643070567563695,0.2326260920814884,0.3795121174845888,0.2021666153500191,0.2118258341912548,0.39447438435513904,0.11106231971628523,0.10366834888482115,0.12730365318436912,0.30028005546772274,0.2963051991671334,0.15229164547521606,0.07976067533670325,0.2225462592566563
U_4408,0.2900446802428295,0.04707008033881041,0.31146894468737096,0.05506910765619056,0.13909235262617697,0.7480370527885776,0.09553669319554645,0.1165175649410944,0.1169083880516498,0.17464667733479441,0.16964640552777774,0.5166170662506482,0.09325346145222306,0.10538619353523637,0.029445073713766118,0.26377222751211116,0.14938887652965985
U_4409,0.16453342841284785,0.11906358024550312,0.2724916556524578,0.09556820230742602,0.11343347989056966,0.2891921583745305,0.2262184687484293,0.15208978514434196,0.06298526622237004,0.07824591867940389,0.06159501858999092,0.04947326164812514,0.17459860422652582,0.17371186489764098,0.12834908743972936,0.7669835426162982,0.13762017737368856
U_4410,0.4658256184206899,0.3617524585732297,0.37743355844717996,0.07064803336555121,0.0796303439670077,0.41198240965560173,0.10374539548650144,0.11113262911496821,0.06780999589761388,0.08444429991064246,0.12072969300091936,0.08991788629379996,0.29476644133730123,0.22868955734024396,0.5595859797847337,0.04494710499662507,0.14068486906727068
U_4411,0.3398899789150105,0.23209141625416688,0.28758869851097557,0.04948717272750559,0.0456635223282519,0.3713601116224421,0.4572079174945024,0.11594677512590855,0.04540128136344479,0.07369928084714683,0.06128357588499689,0.045416982649779655,0.11690033887432004,0.5394268039138805,0.7946141381141639,0.020316892365325148,0.10733694328108816
U_4412,0.21227871198664736,0.6751628111267828,0.7281356217131428,0.06293413960921257,0.3687621892726759,0.23185886099424333,0.1260073097571623,0.12459873477233946,0.12302343652951142,0.05875326006333731,0.058639642432694955,0.062086836302407716,0.14326155961989392,0.16820858420147677,0.12208376897190087,0.03443882710675003,0.35787883521067776
U_4413,0.23975693436455492,0.37953682632545316,0.5529971676385818,0.020360626934800934,0.1990299862510419,0.37475279637286807,0.05148514895363609,0.09661615281453252,0.5784390027348588,0.17522250080256174,0.07128123963941614,0.31578607997059094,0.11188576611232018,0.14884608274295708,0.24544143939770766,0.02106709578665586,0.12157386775958423
U_4414,0.1421669497869775,0.5476829120142328,0.5496819293193322,0.06803607149697763,0.3529984464162519,0.2024522538704882,0.1296555339187251,0.1344794263752149,0.1816823559975536,0.09069541720675475,0.1080526516759775,0.5933711119042814,0.15100722756904603,0.16414189631516243,0.07412615625622387,0.029171572534219363,0.15586067571524873
U_4415,0.15574830698429518,0.3330562290267707,0.25593986949289005,0.13380174499488834,0.19375710023312706,0.29393719826383424,0.18885875498104465,0.19164826616685798,0.47926488280060664,0.1249108342334288,0.09073069352841592,0.14301123491090267,0.29660059719726306,0.310496798148412,0.12546496338977625,0.08939429268872554,0.22726994541584242
U_4416,0.1248346703863962,0.10076551579326362,0.6877207084475648,0.0695419798291501,0.3981141036585779,0.21881519168125765,0.1802060267977625,0.12147730119154652,0.3402068436199084,0.4598762104955052,0.07503062737568832,0.6677861319221957,0.16135156684225113,0.15959312257278624,0.10009896296848703,0.030514498507290114,0.12182269913496387
U_4417,0.19996134152782064,0.2889204240133869,0.5444989103845376,0.031090578688882133,0.028596395144640192,0.4976413019362721,0.18480205901349436,0.10455096155538207,0.19831139367440193,0.2998219769277528,0.041449816612800464,0.435957511127409,0.12613733242823696,0.1352393516361923,0.22866260135410174,0.010823508890753085,0.5193319869957685
U_4418,0.2694789410329892,0.7263378317136566,0.6435574007526531,0.03441807883278202,0.03588531909851304,0.5603922979255259,0.06583874808753892,0.08820678511700195,0.2249448304813561,0.05435207487331371,0.03831074098823794,0.04720093995316244,0.10757735885254105,0.14435496366176723,0.2064055809917611,0.04051287932973297,0.13636797071679993
U_4419,0.23131080208828494,0.21755079500625707,0.32415198762699304,0.025325096314423753,0.05229516826000022,0.3186100964580858,0.2109965080916563,0.06368609446014219,0.1549841914555544,0.10004175443208987,0.039863888808623404,0.026012578172531255,0.08980992398536708,0.390170584654976,0.9494401967576612,0.060495650425447425,0.07646430348066194
U_4420,0.27190372583956113,0.5898164935720157,0.7733785194137462,0.049532218274137625,0.0483095109019522,0.25088854257405113,0.2955941498442597,0.09192133598940042,0.052286721489971794,0.06178500969833864,0.058050764917382355,0.5159440268925685,0.14165197847398087,0.15543823746126154,0.24442087900236317,0.018319991516171315,0.12055694806296705
U_4421,0.17674762815914608,0.1443257420721192,0.20225456969081546,0.10140386305582935,0.12914474305094883,0.17145649915990152,0.1845812539298692,0.16438939441119008,0.9057013501964299,0.07443654249242665,0.08527792153491198,0.5511033444360385,0.19263957396448042,0.20779733797376165,0.11469350530572475,0.03231676233959935,0.17896042590606848
U_4422,0.07239590508396872,0.28469603898805973,0.20271212531241478,0.05961458330450438,0.09610267964213441,0.15847921835734913,0.14065849569567837,0.15545834124304142,0.24266828641675983,0.06275139250998285,0.05927623072057332,0.7560183283130146,0.1729081847656976,0.2302544170086067,0.08581548148915766,0.5362855903606979,0.14749908600368847
U_4423,0.3765284459904561,0.8565189286269018,0.2713961692681288,0.051997350514898746,0.05500365816002013,0.25667964408377975,0.10361627064591003,0.5238138190818834,0.04839985880266207,0.08544932747980195,0.06053503891052034,0.08345784357510695,0.13334192574995332,0.1752949834337908,0.27993609857560264,0.034101894951317824,0.16779230769992146
U_4424,0.3923464093954293,0.36436600145055986,0.3167820172666761,0.042368203031610735,0.051993105977176955,0.1804058762866365,0.0731055016288045,0.09532668642954713,0.7296703713710496,0.05964005465031802,0.06129879425874139,0.08439027964319727,0.1705451998847388,0.1948419787611972,0.3266928951105559,0.048927279711219976,0.15285766629695308
U_4425,0.11028656595382395,0.24888999298523437,0.1698683760207921,0.0691800437296291,0.08018306982241441,0.19346581308067942,0.12994601995669042,0.14384833326409274,0.668609100323373,0.06344733872708597,0.06401287926306158,0.8953404024656852,0.16929839270546998,0.17554089649236146,0.0772481602174484,0.04261796763542204,0.14732124370064825
U_4426,0.3446410332505544,0.2828463130430242,0.35964758875123426,0.04247129620872993,0.04206225526109669,0.1770522990941472,0.07555309346014583,0.1409088456007815,0.05217154679023034,0.6595140411932573,0.0569357421190856,0.06514050438004307,0.13937146512438392,0.18125145530263778,0.3068540102665217,0.03824500638879297,0.1629548573269287
U_4427,0.16467077539479819,0.18706868407568308,0.18063932887610948,0.06322903865821573,0.0785722267746387,0.3375766409111308,0.1432232261850141,0.15235772463970448,0.7779183338291071,0.08920883710336729,0.07439068834711604,0.06037945655059919,0.17086958295401455,0.16293139664381542,0.06257381347871477,0.46107507733789765,0.14115820531344767
U_4428,0.1598087913764038,0.15069136830556923,0.28348230774544203,0.06582734607213503,0.07028387755990229,0.1999013598589847,0.7099790901901679,0.4542547110045533,0.37655833712821163,0.07827534789630926,0.057614129197464836,0.2546026324573145,0.1493532084807628,0.17136362597377905,0.13152018371717292,0.03342706630386661,0.13132919960504133
U_4429,0.29823210758264185,0.584950872240387,0.259743537091482,0.05883049621125946,0.061163466666144584,0.2471848942519436,0.0975194163737141,0.10452942170348313,0.7163962299208148,0.0802626207057312,0.06358869815082278,0.06955427693402311,0.1677501629280271,0.1604177083919705,0.24187135480232944,0.025817707771150313,0.14079296877943956
U_4430,0.028807062309464913,0.06000261626658197,0.1008329831246964,0.11071800827440334,0.15993086750935562,0.13662142031727542,0.12104512306733188,0.7304026614942818,0.07500862358411622,0.1528863775694713,0.1484976287920253,0.19602692185614992,0.10837623693536859,0.14958615817900514,0.07139359843710538,0.9461297431187046,0.1568381173410682
U_4431,0.27042324585048927,0.18161583401841722,0.2143963210000626,0.028649181646146667,0.023841925369883714,0.08466356331467166,0.10143426771492102,0.08490614426567475,0.02359565676755795,0.05052538539599817,0.034494531748421,0.02825327595756741,0.0982859594493859,0.7054666584811876,0.8468345092741055,0.17984072182898211,0.09580782411997324
U_4432,0.18205436702471423,0.25708769371005724,0.2518020304722569,0.04420522051549882,0.06403566814014414,0.22777322777190398,0.09062568721244148,0.12422504078880695,0.9237770918856387,0.08215998303721529,0.08093083263660297,0.052468989466937,0.14509394452055427,0.14318822234031117,0.08620865487977838,0.36078463536045735,0.13050227628658412
U_4433,0.31295405117534736,0.23755581482227242,0.8513265374466248,0.03648168216033518,0.030083756844916418,0.25187347231259993,0.06794092901447074,0.09213867389009711,0.1054266976141665,0.06558554231775097,0.04944925722566135,0.07496292182718697,0.10976921614973034,0.1481530616376007,0.22589686534646397,0.08107824954785518,0.14533442649522307
U_4434,0.4940108406159064,0.36066633608832244,0.38948546928054417,0.038735649370287326,0.05736111760853595,0.34005696785682593,0.10046057491274729,0.12603948000197254,0.06921066696141759,0.07057861462063174,0.06608293920066384,0.08650613714638272,0.20827431774282573,0.23275867753443896,0.4897402088565681,0.04399747612759966,0.19773175872044504
U_4435,0.03444269195509719,0.8382586314512768,0.06467205654977254,0.0988029370871443,0.1497262243577944,0.10215317145096607,0.1316789690525917,0.11696838086403365,0.08447819877176464,0.21031057253646054,0.21071941188958185,0.20198600785012186,0.11628477347304687,0.1336788907739465,0.07220425456266119,0.7421063039480652,0.16267916184527012
U_4436,0.3669531093734012,0.28599239114738917,0.28883648400884687,0.03870991524324916,0.03826860073705266,0.19241807662485724,0.09037743492240599,0.3829934951484717,0.07062204408722508,0.426332114189393,0.051909652005538105,0.08574500972743654,0.17067670387145148,0.16983258538120322,0.28919867127931176,0.5421274100145258,0.13230910680902666
U_4437,0.26357139892182724,0.028873285291693633,0.36376617509074927,0.07585142552250189,0.397231354951029,0.047843483711032316,0.09462210886935053,0.1001763688666798,0.042484291126798135,0.4376981245007163,0.12261968848987434,0.9434183968393435,0.08379360904642327,0.09307727232077848,0.06074093321184405,0.26700891142654526,0.10250690447472058
U_4438,0.03679089383971176,0.0802295350922521,0.08702855427292736,0.08589960734617925,0.19262804934840114,0.16904177012958108,0.14009560452887135,0.14880891380378136,0.12232492152648232,0.200873693186793,0.1763439788480831,0.16307305004175024,0.11217187335604109,0.15718064384888886,0.07003874678816774,1.0,0.18464030763510783
U_4439,0.35532223403250507,0.31613720745338203,0.3257057610225734,0.04354151731483087,0.04385465178534283,0.2906091899628256,0.10527374260983575,0.12639469164360623,0.7523155807960086,0.0579657719450645,0.061156531273164394,0.08843955308812668,0.16893667455373038,0.20545640396444784,0.2130993642213814,0.05600037651291408,0.19255232975763353
U_4440,0.3365426904520161,0.3014588252219934,0.33151109338133933,0.04075099603608044,0.051316034583724385,0.2749102936685459,0.45720297526476417,0.11293007348280859,0.7108370117163334,0.06907713869650259,0.060271883534106105,0.08307658360135237,0.1760944573222009,0.16827215539430318,0.29842927892463955,0.03635636941540069,0.13963560147838272
U_4441,0.35851289471775993,0.8735780077819697,0.2845904095200439,0.0341811943315255,0.044753328642975626,0.1420161203234177,0.07243167807478372,0.0994312285878356,0.07029722715417672,0.3714296571015927,0.051815629284981436,0.06872751196699127,0.1274796700673112,0.1715700571601134,0.2674385271915022,0.05033859908480473,0.1306046837259109
U_4442,0.04349431350675904,0.11219412014795352,0.13822577038417813,0.109484673583409,0.1582616941736263,0.16056606480475483,0.1827563333703411,0.14535060868703717,0.10465040513710433,0.5074630161908864,0.16365715179137197,0.2523535617870477,0.1147750262139138,0.14536805321358787,0.07492171197229289,0.42603285122946744,0.1989865049661201
U_4443,0.02908436255309553,0.017755001114690028,0.6111619220893458,0.06406957805037276,0.12885054764643314,0.13715480315206693,0.10844694225314412,0.1163867641459611,0.07867908609740494,0.12337272999379223,0.14397957985913548,0.7105657544663414,0.08513334486733219,0.11087085331527699,0.03771087940568078,0.34946459992503753,0.12202370289673109
U_4444,0.4096656507526806,0.34469944257665674,0.3131132746722033,0.04388028441890052,0.044418727963875845,0.17076217775888602,0.0713210473229189,0.09021183344443866,0.7005463917679448,0.057334266961862675,0.06333428998234672,0.08837523007363961,0.1720693190737608,0.19517862624064855,0.31823834551289576,0.053271901796133156,0.21761279013443688
U_4445,0.20179656659243964,0.17493728635395928,0.4714473105529017,0.026209363284935262,0.21275237080851,0.9050592670966402,0.06335405893276475,0.27495103161471623,0.2225175277462461,0.08211814519493067,0.06565260833133083,0.07268195235776827,0.14726599224773496,0.16134941030193964,0.1957676114323978,0.03527874824132326,0.7159440259254323
U_4446,0.5405789670005939,0.49825715729288866,0.4679372933037781,0.03962777018761947,0.08329489286707557,0.2258984752889334,0.07039356604073246,0.1283064468414254,0.09259500427432288,0.09219124275503085,0.06712483498631062,0.06370433612978593,0.20540010525168087,0.26251196580973,0.5454941678937333,0.06807873268057155,0.21029879393413112
U_4447,0.0053981120534808726,0.03146996151196708,0.07948009128659266,0.09057044576928439,0.3797033327482099,0.1112236852112895,0.29102547189211025,0.0718603210745884,0.4148288260734221,0.18606926963516687,0.1510393883539152,0.866596281464578,0.09112139081569864,0.09927203452073313,0.04678227714702958,0.39775799654202637,0.07883128151337011
U_4448,0.03686347955228931,0.0739632273366439,0.16092140501254212,0.0975864539552778,0.5385208738728243,0.16730221341511226,0.1207549843818149,0.1427752589983851,0.10430548354755384,0.5676746947947913,0.18639634392549354,0.1787710204631676,0.10139914362117826,0.1467767891595346,0.054035635808089684,0.8720191411996531,0.14861458900568816
U_4449,0.2615399901785739,0.4066818319067488,0.5462214949863989,0.04252906488536698,0.14049453807768367,0.40449957686982774,0.06655988846942758,0.1154132174596365,0.7464823487022963,0.08828386905980012,0.06780945443621213,0.43722230009045393,0.14988838783188532,0.16698634523215952,0.24830625446559287,0.01987564881072671,0.08802516059512461
U_4450,0.3641922930216086,0.29623180491058254,0.2864233794600619,0.043720086674961585,0.03905538667070511,0.27913720201351677,0.07808754933470607,0.0967949709689022,0.5452963755600805,0.06419729310396925,0.05087749546452223,0.09435505482063714,0.16412615539954953,0.1746779613655773,0.2974695593146611,0.05936608541663335,0.16630614375655028
U_4451,0.17336255123309133,0.3978029189381329,0.8660838198596809,0.025415269371782463,0.20401890333314585,0.21998539164795916,0.08593985566410105,0.08644042268892947,0.08762222505469186,0.04551324038971795,0.04020267855271217,0.5398537134111568,0.12298571056352792,0.1536748955240606,0.27527528977273374,0.20306458511659511,0.09566200929846783
U_4452,0.06904930146547628,0.18179365098415132,0.11815520169519923,0.10322508402201618,0.12046823775896506,0.1462697398145961,0.1755099923384349,0.14241720789703555,0.9111867305852023,0.07404280571115357,0.0776091411515024,0.47520595039848235,0.17098882492907932,0.17368328662375268,0.06501873274303162,0.02812657275338369,0.1472912963277135
U_4453,0.1967736517678223,0.14594845851004515,0.7981402190618586,0.058438309904026764,0.06544184601248378,0.23124463904756845,0.12099661847072997,0.11582267179093357,0.05482767160652094,0.29172798299575287,0.04090460425209245,0.048917181818818045,0.12794043185817805,0.14784825268679155,0.10910433131472361,0.04106859789227627,0.8576344691126858
U_4454,0.3329763408031535,0.3503085363650783,0.3162499915809853,0.04588629270325295,0.050821768905924075,0.21277365486809605,0.0764438722777926,0.11471340695583687,0.059188383942040096,0.4632374653135163,0.06669428220521953,0.08751656226617592,0.18183818907492036,0.17539340570416548,0.30854018538149186,0.055662714974630656,0.11248994930296384
U_4455,0.23877199126014262,0.21609516283274596,0.864276715649671,0.05163709873450417,0.02717824041174575,0.4174092678667928,0.05224931086943095,0.09330871971741217,0.24747276464195742,0.06474473471418239,0.05315895444923421,0.05825988536308785,0.14123506241840209,0.14450863532806787,0.2362498503095985,0.0301506492324356,0.38718120930102806
U_4456,0.30598738704688255,0.40679326744161715,0.21379195195503728,0.05619069649861809,0.06024094607314753,0.2997566165975879,0.07942513332913374,0.15411447392045205,0.07975896889108558,0.10363671736500905,0.07321171581107083,0.08487352421871591,0.18756966925274285,0.20924517888611693,0.21643298109741263,0.6681807100884666,0.22190797969819456
U_4457,0.036828374517636625,0.05676986421288482,0.8950849487952518,0.09172420686457522,0.16850372649900588,0.10893352701994816,0.14894369464533483,0.15602176923268768,0.10680994893710759,0.17691613667973696,0.18339890560192812,0.18811833089132857,0.12846579763188798,0.1313493456852002,0.05937112639883268,0.34570521943020827,0.19263109124225725
U_4458,0.060003737029452456,0.18592225392271922,0.22691092974770624,0.11098264906692692,0.12456437365689563,0.20894152834883617,0.15841035214700305,0.18154876364543934,0.18261966891840528,0.7101666633712997,0.13086271278775208,0.08556967328197135,0.1794958673488102,0.19261012237008238,0.07756555574407095,0.03262318468204474,0.7387983128787489
U_4459,0.030308364983777918,0.7415329889564952,0.06678957873038996,0.1033376933767278,0.16829145011996505,0.1797598680450353,0.1417929187829637,0.1555971623774847,0.1281176594031027,0.19018736655731033,0.19165568563844465,0.6502708292358164,0.13176510002159605,0.1642349680117719,0.052391101007344364,0.28951284002458866,0.16013057096320518
U_4460,0.060850019705872976,0.10207931046474059,0.5682298645035145,0.07083464236783343,0.0828640773827039,0.27044363698128326,0.6788593310527282,0.14037286621772846,0.6657592851434897,0.0742248258771649,0.07992757126102892,0.4142119475567766,0.1637466549299173,0.15862051402490698,0.08065290669929712,0.03604260512484048,0.10956967003912407
U_4461,0.3233803239006682,0.32182775904797956,0.32219181869906766,0.058157889379024684,0.040267598508495366,0.2356905379406943,0.07168181594198353,0.11529918964407032,0.7808269065924263,0.0765227467352277,0.07218274471942729,0.06105885775936849,0.1393771892121983,0.2189303290039497,0.2868988219515075,0.04234016042645152,0.14674138084998917
U_4462,0.5627031821693507,0.2108655674955221,0.563981746578946,0.034165201131297264,0.044851828652147555,0.20199353438346215,0.0847069817097068,0.09054989819034565,0.05209437619743403,0.5263137987545808,0.05612571098343678,0.5356139292004456,0.1471017051640861,0.14648081861778908,0.22883950307627507,0.023579404803620765,0.13477364016658566
U_4463,0.2182979832597853,0.147456734086766,0.21350739395695606,0.042457069099496224,0.05726548873485299,0.5824146889549945,0.12331268522792402,0.12956457195430085,0.09356310622993659,0.06097391394588232,0.05706514937902933,0.8000242185729918,0.1474017501084429,0.14311641848738746,0.09710952027477393,0.2443449200621258,0.14997800458702698
U_4464,0.24146729204780418,0.24962912391434702,0.3398384977162665,0.056642235568575845,0.053376768179519876,0.28213526062481276,0.061424415751489436,0.120026871408906,0.03565766965843677,0.04814061693823739,0.07468340314693753,0.6129827949723726,0.16833127922801538,0.18054168498046538,0.18717725209945466,0.02530829236747501,0.6567883992033152
U_4465,0.3685434865103867,0.32207565230260016,0.26620932227033933,0.048846581375573545,0.04480162984102961,0.2799898420785155,0.08970526764097783,0.11009457291570944,0.04727184626145493,0.6004898555986281,0.04822854436718163,0.06133954365671014,0.13286685769822568,0.17093870185277257,0.28348951328978333,0.37601289503191737,0.16387366718504998
U_4466,0.034444116806443666,0.09436819773492947,0.12193237923668165,0.1013666439720038,0.1591520963534594,0.13649590302641418,0.12954635530200467,0.5060462209727091,0.4139998355543144,0.1711497020435566,0.22013225936786898,0.28729007796639594,0.14243057023103797,0.16015900825835427,0.08276292176907135,0.2607457436294732,0.16184491954427405
U_4467,0.2654454916160006,0.23777094068930935,0.2532889463290485,0.05263331730368365,0.04030665501160082,0.14019525990665063,0.044027973060589615,0.1033129558140469,0.03516633839466263,0.04482387410744404,0.04620750489103989,0.5759609272319085,0.14768952857727932,0.7679322469650773,0.5072790071254646,0.0318032039234601,0.15000813502266247
U_4468,0.5613104636086499,0.5885697510862213,0.4290060549148089,0.03228957972240617,0.04987396030290604,0.2542378404898282,0.08173142988332546,0.13878289051038523,0.08083278361478738,0.08303245849470137,0.07492539652906643,0.06243500144528771,0.20107989421854192,0.2657397020749004,0.4558635118594101,0.09490899199681785,0.21243047406269197
U_4469,0.22839307887577126,0.2407975842046793,0.27623349847307765,0.07460102423989547,0.07732030567045367,0.31289083356689007,0.15345862195766793,0.15237468510156257,0.09115597142361224,0.06919549966016511,0.0758940041386531,0.08312050818494862,0.17149743230094475,0.1641894377480693,0.11864014880231215,0.0289693260078702,0.5948530012969061
U_4470,0.033780199766955704,0.08021327274081809,0.07533684499327112,0.09880728456940505,0.14014769558894355,0.6608240556488663,0.1284151999520406,0.11831562483408281,0.5006266913268592,0.15462885529066342,0.1408050074976702,0.22272443513011872,0.12262426818758551,0.1349400980991961,0.0769143523068131,0.6092909984975853,0.1288303466325737
U_4471,0.05838462686592039,0.14109776883506225,0.19033732188572228,0.12304025658014375,0.36080918873046164,0.30739238302051397,0.15632588527432187,0.19141628200941405,0.24252221238827062,0.2868469248654365,0.28879424948836985,0.22053017831188235,0.16396478695738656,0.23403060183541788,0.10394696627987923,0.42335082273575775,0.2564634876702261
U_4472,0.1007838409183358,0.21426371504681374,0.27314409707063725,0.11000550346264534,0.15564690301272766,0.22303757857885195,0.16562667741274217,0.17457060655132978,0.22493762560740713,0.08194136427424398,0.09812082270113909,0.781330482330786,0.20366094432803186,0.21818935691359295,0.10851091743772101,0.04961668807295823,0.1850399771196328
U_4473,0.043128449407444286,0.0500058159068462,0.1739685886674318,0.09594949506965146,0.20273997256712076,0.19453127984837684,0.17016146709197988,0.826869584729071,0.10819052413198829,0.2261122884094366,0.22462989819324503,0.2118163704079791,0.12902265633307378,0.17397069730280112,0.05474273887916774,0.28734959653673053,0.21894951891330686
U_4474,0.031121512171686072,0.2611003145559816,0.06180722033185786,0.07731130526592675,0.24412204262288126,0.8741922627670314,0.09496299825889383,0.1045384016892902,0.04392350453796383,0.11738953691008364,0.14184727717279147,0.4139174505106794,0.08089129694646899,0.09521229529654669,0.03470160770153244,0.22869856570295558,0.12045788648234494
U_4475,0.19405663966483447,0.14655717178865085,0.5300037006879407,0.0713469148723477,0.06173813280437895,0.7262302947221894,0.18428764264935424,0.12595748646098898,0.13110952207464635,0.4824727942994017,0.05866199392233197,0.29672823712272456,0.156561477230939,0.15631955392399438,0.10125994811856433,0.04305619617464196,0.13211891003316303
U_4476,0.2780321834054612,0.2757633460448665,0.2688645026330486,0.04253470056994327,0.03892481017779197,0.16753981051209496,0.05527967967207018,0.09869756333426757,0.04266600779850225,0.07000516585783507,0.051935786716120036,0.8290290668195913,0.13754078751696128,0.18443440565114852,0.2553392776836463,0.4070966689876936,0.11769834028232143
U_4477,0.3524672911434844,0.9303358480494649,0.2660080370052177,0.051474844428704425,0.040467626325003406,0.19583151605006288,0.07495608663656958,0.09776505367712526,0.048628890709398194,0.06983320426256605,0.06267936807083757,0.06802868447353219,0.15028280790509552,0.18303011846458941,0.28480251798749956,0.06121378800622132,0.17770130186808006
U_4478,0.29242889636488356,0.24154382366819407,0.7546877764748373,0.05154136543937244,0.05056855314162338,0.15942366083231788,0.3298583647931186,0.1109463476507095,0.05085056887466895,0.07439396356468087,0.06089155171202747,0.05274953712325966,0.12388749525834505,0.1721318546699769,0.6521385227993434,0.03239684402603338,0.12419243920734865
U_4479,0.29012258371172883,0.1867374371445494,0.2583236867848938,0.07593157918103322,0.07235872771386534,0.2604929502534935,0.16771447052588,0.1326307264552579,0.0628796196236314,0.06578703088674161,0.057099969885201905,0.07196828810102174,0.15119618729595635,0.2504076800220617,0.1591567698573582,0.041106633666569456,0.7747655796098719
U_4480,0.04839579755225882,0.1048145014671405,0.11264466106058606,0.11238807777252731,0.17924282170094,0.16256607007941273,0.16222295481625493,0.14311554920690786,0.8383070296594902,0.19486104878413685,0.20246113790235204,0.1665770527487176,0.11650050262065911,0.18326676427994434,0.04074651992393214,0.26700331611144623,0.18957896221314874
U_4481,0.23432104892548652,0.16306700809089703,0.24963839341147556,0.07400206217583069,0.4144778878674735,0.6964907022188852,0.15326581704534695,0.13582343950691977,0.06649833553825531,0.0629196513591177,0.054079185311264884,0.5767726659667601,0.1462805187503081,0.15792507350176177,0.12869707450688475,0.021079254454130687,0.598597873869991
U_4482,0.08341216549688117,0.23563633155325106,0.7744687943578153,0.10234955013915199,0.1340519818666769,0.13031124187969473,0.15028577175138041,0.17418281296291077,0.20817932985698018,0.08000944172980484,0.07785149327332191,0.6483154437332749,0.20109751401080242,0.22796702132410016,0.09623374271077428,0.03986929150051348,0.15516870945244773
U_4483,0.21069728599086218,0.20948626939994647,0.2003230448159997,0.09083918124083834,0.11511144203610915,0.26079468574760967,0.183696819848249,0.17519909091915656,0.17758838277657032,0.7137988990745967,0.06705174226510804,0.6194267115724428,0.19398968458803822,0.21429177810201464,0.12261120627182556,0.034466931051501185,0.16618909040905586
U_4484,0.3068700701376941,0.7004782170776228,0.6292862869833594,0.0511734468911129,0.04908244716868354,0.16271166858312686,0.08044724768430911,0.11506723439822031,0.5817721606335241,0.09627116190710666,0.05980456763406162,0.06490360540080962,0.15689832079623806,0.16996527421534827,0.2617705018507358,0.03811051532191939,0.09977237110603634
U_4485,0.009624447268717447,0.03081282601841359,0.11450864427740776,0.06577939862482796,0.13296778661094108,0.9319883540494315,0.09574563025909016,0.26653895111639325,0.29973034755938655,0.12022559169186277,0.13187469062532747,0.14815448823765393,0.09059278954687176,0.11045937874853103,0.032132075767150645,0.5269461657522265,0.11087688898944704
U_4486,0.2748037508639132,0.28550957881313865,0.291173715243887,0.0372622364554026,0.05758197693029612,0.25750962355352713,0.10249326114145045,0.11040519331280305,0.04984969832298148,0.05872494883747015,0.05385233762335594,0.1199562990742113,0.12423218184909371,0.20616843527251189,0.15228839416907772,0.5216539132230505,0.714207045931191
U_4487,0.2568809925718677,0.609274450511911,0.30076083965801825,0.036364863390407336,0.037009409535660814,0.15517139556547463,0.07043841579391959,0.11171055708651653,0.08297052307817464,0.06607822966613913,0.05580161717724415,0.7460852015012294,0.1556600980595385,0.170065540772073,0.24550039338665355,0.03175151902389572,0.11564341734603499
U_4488,0.030598156530496995,0.06296224090072236,0.10145966055401895,0.09683575770231546,0.11747053776597499,0.9468127406587846,0.11289154057560515,0.13144934184772133,0.4352074851467068,0.12596667178291718,0.1303726707044939,0.08172349924529328,0.07295799932349147,0.12600769929819766,0.04191127304806047,0.6887530666197933,0.18042038711187225
U_4489,0.2263920182134854,0.17400697918260336,0.19855796924547628,0.022292381650727534,0.036039311459266185,0.38675331170149263,0.16812646247437993,0.08880423928924674,0.038476246934101746,0.046115315146273386,0.03950976825198727,0.062193294786493616,0.10073767182121779,0.3864126209250801,0.9349783706538864,0.024076908492334688,0.11096284598161726
U_4490,0.14526375598816876,0.4193059718421692,0.4599722580989113,0.012858249486922779,0.11920015829384113,0.5890342819989606,0.3034794693611428,0.09857166935329453,0.5071277436785767,0.03326123460340182,0.032723224049897345,0.4714324290135735,0.13029752608399373,0.13401544319423606,0.055718530533385185,0.09236871471499984,0.09038760335787384
U_4491,0.36547400735953395,0.3435421049988159,0.3253002099347596,0.0536579631278054,0.05257923842366885,0.15981319076148795,0.690839420204311,0.12753058171851395,0.06377524727286013,0.06559718393696565,0.07776486840916304,0.06896134728358141,0.15048632411951815,0.20754288261229226,0.33359228121164053,0.05210241882155081,0.12871149687394673
U_4492,0.3480446048999343,0.28627582216961245,0.2830043333124418,0.056795610704283635,0.05588360992685753,0.1631437236034182,0.07930930671738541,0.7171379353982051,0.613812602462205,0.0833265250615151,0.05626305252877605,0.06031084959952866,0.160955180243733,0.17349459114529756,0.2903594082880263,0.03425954653222836,0.13837192301552204
U_4493,0.06302661948289001,0.742476555798565,0.11495568657557867,0.083844019590822,0.10948502506629637,0.18919055376334318,0.18340138265787806,0.140614140462225,0.6463052399903071,0.13059239340249623,0.12513791142352887,0.6752365540019711,0.17380255528927405,0.16873198452023874,0.07045365607677603,0.05140625978018648,0.15056633861115268
U_4494,0.31207274010158126,0.29479887164449714,0.2707263786594659,0.05701382281013063,0.05291009459597154,0.23099395439138762,0.092054750533226,0.49860722731947116,0.050145168139800675,0.08072068926230731,0.05948580749299964,0.6099333128777307,0.12846015712531672,0.19944232913941046,0.6179752147213805,0.02489572269242253,0.14110256263801876
U_4495,0.276246202356212,0.7393004478096584,0.2700431609987979,0.04070291952273117,0.22815794839769596,0.14219638021088724,0.22954715556012814,0.08551655014894641,0.37510050769345904,0.19632872469712673,0.048960659308670426,0.06843373353343077,0.13165790407368194,0.15057243916389215,0.22127866820692754,0.03130672679516717,0.121391010989719
U_4496,0.3318027672706777,0.29423432777458247,0.3111674532936449,0.05456327865219703,0.05992958420659583,0.8483635060084124,0.0696048724642556,0.11593880150646706,0.052232555194025046,0.07050780836239486,0.08305180326524352,0.07872267263407798,0.21602928080084016,0.2109883299550165,0.32866187992869067,0.05773549360303472,0.14486834874938537
U_4497,0.09958220538977897,0.12072451160377423,0.0933100806498677,0.1257902568080768,0.17604756056544385,0.15060847529205115,0.9173187218492351,0.19134189324116208,0.06994828316613488,0.09371687430358538,0.09349008163214091,0.07683726186503353,0.13354444867987325,0.1587883748961319,0.08205909233840904,0.3497461118520302,0.2038422582653948
U_4498,0.18863971998516296,0.16721685709715786,0.9362503181717925,0.02690816656846226,0.03402349053554566,0.34585190383130204,0.06407046585833809,0.08623598963551318,0.3814953948532278,0.05347868765585675,0.042391830235995874,0.05177476225162939,0.12192561717667211,0.13237918396013634,0.2184007056495159,0.03729724729227147,0.6176301973893206
U_4499,0.43115118479650527,0.405541875921393,0.2986598746227064,0.06693396244848142,0.09029844389789829,0.5060738048951056,0.09474388272020198,0.1905921685599809,0.11557741942969252,0.1096983988117105,0.09726436395944131,0.09523271079867988,0.3528200577510675,0.26705520372931735,0.17160028797458288,0.04691645285341018,0.28203079546700405
U_4500,0.30369223234018283,0.2426608741394923,0.7938575110587972,0.03819611867450311,0.03616608855818261,0.10333195865739728,0.04258604709124629,0.08471914585637833,0.03284745902312551,0.04563032147861246,0.053668658254927115,0.03525911949632027,0.12772243192792013,0.6589457053176615,0.5501138054605514,0.03270559378136124,0.13964460102414478
U_4501,0.10492202262180891,0.24124927359725512,0.6313887764535976,0.055888646202647004,0.0785852391714834,0.23572309788236318,0.09865021986785424,0.11857648542683728,0.08768874234275495,0.09335830883541728,0.11246784170128098,0.793507111066433,0.14743735892435955,0.15293681779308027,0.055668072010265725,0.02269208726038857,0.1388389629230318
U_4502,0.06855269523224243,0.18897397686658235,0.8862978135072599,0.10518227719916651,0.12192871987350702,0.16762112233344417,0.23303235854771795,0.549544381622457,0.18912444644284157,0.06814948653999842,0.07490980808262912,0.45118450071432536,0.1696030104774888,0.1691149816227117,0.0742098053939805,0.03523573127551981,0.1498328585757596
U_4503,0.23635706181300056,0.24418315068679994,0.259517050676793,0.04334820594103033,0.05457092239798339,0.29365307352678116,0.569399626039861,0.12481236483886277,0.09018008377465608,0.3685692824047986,0.07002320576033078,0.07251160369450105,0.1585914912138865,0.16501627804707258,0.14385612669728107,0.029298624587984053,0.5123670344887585
U_4504,0.39857037044984023,0.1756834911825403,0.8104096050184951,0.03546858924936015,0.023745908828534806,0.20824519385220797,0.04045231641640522,0.07748984564331778,0.04230047778553068,0.21180814698239114,0.05373677004174102,0.5573674079613464,0.13208105395800743,0.621310900063443,0.30439752792934305,0.019076132495922153,0.10220856168820958
U_4505,0.18520929150188822,0.18208713771175974,0.26357084641982087,0.06396450293222773,0.0638372040509918,0.24835321218814752,0.13100092378183908,0.13582322198782884,0.8044812244347601,0.05080908740855883,0.0623832802621081,0.06919296101124167,0.1332975572572257,0.1412367217808653,0.08710588583862221,0.035375597014230126,0.5218373587939539
U_4506,0.21260271460145005,0.5968354919311604,0.18393565820162253,0.05717498299279335,0.05787531567511226,0.26598774311018236,0.11339432821752439,0.12990663569384378,0.05043188510417927,0.06395505351098439,0.0516870095897655,0.05590532299246806,0.1384036724307348,0.153288905851683,0.11165104359112092,0.4629461593822364,0.7878074578769068
U_4507,0.26506184357601625,0.28187725346901327,0.841109001987778,0.04624950574747691,0.26724885925028297,0.21976021041738608,0.060196900391662464,0.1939592652319739,0.2625162439727706,0.12319907531591179,0.086038717114368,0.28878896284781164,0.1434074382136155,0.13825338187119107,0.16851668052443058,0.016032252069535284,0.1298381083340585
U_4508,0.24273236288835018,0.23143633131595504,0.22197846110972205,0.05104980442311943,0.052698080439590775,0.2737474826257734,0.08166502663137434,0.13309843129941798,0.07528900842350135,0.37895895861696893,0.05882831850209903,0.6674497313398039,0.16035367562958847,0.17400016865766096,0.14189164264007856,0.0338993987133732,0.6036024548111115
U_4509,0.08135121127249274,0.16703760017820402,0.2479444252443366,0.08564816857164545,0.11763270912153075,0.1977439438380397,0.1408713388981825,0.7677234529206319,0.20247899196770447,0.48197921591768933,0.07971759439862602,0.08987956949723178,0.1715636685761522,0.17274492629550567,0.06075130221509514,0.043271808725151295,0.17347041907139518
U_4510,0.25099525813180157,0.18083851784142504,0.2274646837386502,0.031366610663314726,0.03790367356400815,0.7151777416883397,0.09034788246608395,0.09682308686501781,0.041723509846662135,0.054053741224160096,0.050946189301507586,0.6188180068818432,0.11619007196045812,0.1389339173717748,0.23142993931566133,0.14228948961554397,0.583744875064142
U_4511,0.04629488674874231,0.050536461623467845,0.11078160134657433,0.11362533307925403,0.1809747682659767,0.6997488488544518,0.17636110140843955,0.16499078392945743,0.10333484605467126,0.17370747952272517,0.17918787526648336,0.20111962484982981,0.12927200205123163,0.16125117908123307,0.08514433633287208,0.3803379834874713,0.1973636039774999
U_4512,0.039985043187392454,0.057186355761694695,0.1734014466291976,0.0940029784795435,0.14353038985103392,0.1938524511687848,0.11931449223310811,0.1619748489459771,0.11067529121975328,0.6295435269277682,0.20513571987554435,0.14578907378664266,0.0923247042738069,0.1513547592754723,0.03266269932915669,0.6452146761797747,0.15919101767470412
U_4513,0.2738726097896972,0.2771365620546091,0.28794530145721453,0.032732788865249336,0.04399879461591764,0.2865013691326638,0.08739448157615935,0.11228830669481865,0.3890936121067231,0.5601727245074822,0.04978264834599889,0.07674111753820834,0.1547903540397869,0.17109809668446913,0.27231133093425886,0.04552555653337575,0.14258493120458404
U_4514,0.5645962969578407,0.2390577458001104,0.5170267583915024,0.03263511885102433,0.03964130494896587,0.7497883191800945,0.08356148597444563,0.0837448763532199,0.045872282323874636,0.051812354461675855,0.03776287477806781,0.4052167176541148,0.1101979133358979,0.13376564684487094,0.23671684714701516,0.0400989772554529,0.1362833835923213
U_4515,0.2877391313301705,0.2658496082087549,0.9855961576757531,0.05269492546257547,0.03259344152432085,0.24247293649104976,0.05461839166357941,0.11568392652636605,0.045617024808532664,0.057805747767789635,0.06130053384364431,0.0761666067006724,0.11752707873361748,0.19474096552667228,0.29217696982761576,0.04564633859041888,0.14432305444065588
U_4516,0.03984238827973081,0.10111987370221427,0.12024800461935348,0.11175324325446154,0.16214758909492447,0.12337020030891602,0.11143169504557364,0.7182511031018625,0.06832294019717029,0.13299881695392454,0.12067420137069679,0.11627725779344081,0.08001955997669372,0.13511840283635898,0.07864056347671644,0.9234942298287322,0.16182124445049667
U_4517,0.14462575505568345,0.4656607095751695,0.28547567385712924,0.06819213313446355,0.1131482178535498,0.4278551925632559,0.1427826381731472,0.16128562082483236,0.23793794385617376,0.2083412253807577,0.20399666723144358,0.29881571329576206,0.1962519885397594,0.2720619387949025,0.14095595861664403,0.17016047003667628,0.20435679670746001
U_4518,0.3485721858427564,0.32816882286848803,0.32005763946625776,0.04775883591241992,0.04502918831340417,0.17018804501849927,0.06875629912116835,0.1221841737750971,0.753371162454976,0.05679854887482379,0.0656223261849387,0.06888747427174202,0.14982071144942224,0.20957187496756155,0.35404789618276733,0.038751570695342866,0.147155788570236
U_4519,0.2802862716493949,0.2359255410143435,1.0,0.043018012328133556,0.03910969244961161,0.25173885236968896,0.06664043023695146,0.11711471209652088,0.05160460941803499,0.07473567783726387,0.06253121814573918,0.07350118972349143,0.1560158474980927,0.16992028419861258,0.26015764311216405,0.04572599396137917,0.15310989153166374
U_4520,0.2868170976023404,0.21564266590825112,0.9649280605038967,0.03605191753157789,0.02764856293383064,0.1503282945031954,0.06303219101866243,0.09362129604668538,0.050699408225903374,0.23291256551981881,0.05636534823558801,0.08212873100956962,0.13213200450860116,0.1507662702075038,0.22764449795999395,0.03381875368843914,0.10058525035146246
U_4521,0.3427316801599668,0.2699359816607405,0.2935746956445594,0.037836858515355225,0.07005165053274498,0.24706007331384153,0.7353750830745457,0.5964520402676483,0.07129199125564867,0.09011216993617617,0.07010867791972157,0.08423639698932378,0.16448318214554855,0.17980169321344106,0.2739103570836784,0.03471526963547114,0.13412305698950827
U_4522,0.07710838504070341,0.10179255838756282,0.19564729536869838,0.06553823591872945,0.09063069459636579,0.10555401849410741,0.1655132859915682,0.6266532221262061,0.4963546018930348,0.09269494738310559,0.10163312417149775,0.6714893449261692,0.16712321613369788,0.15166173301693883,0.08547898134383497,0.03457311816228375,0.15938814336668325
U_4523,0.3083809029633775,0.2909679444334691,0.8711897189801016,0.04149793508239427,0.040848557278858624,0.1349868792474907,0.07184926372184643,0.09153996448353821,0.061713039154110375,0.06349741395115437,0.05353215191089167,0.05426855624046931,0.12781190464960307,0.15632634634070366,0.2501557701954179,0.39137662620548386,0.10803344681758406
U_4524,0.5122886864467335,0.5090147331282278,0.4820221394894285,0.04062301560513553,0.07084652399819019,0.32255167761980785,0.09516526412231625,0.1421944873168017,0.1914698681145273,0.09407066530940582,0.08676254436052619,0.08039272174741333,0.26984727939022446,0.27834605889222874,0.32151624764423337,0.04865572836131339,0.2109728226596157
U_4525,0.04855500015834215,0.07371720593764254,0.12864702669693645,0.08298811020829575,0.2064103194681546,0.18219638850535505,0.1326221077258435,0.8348400771992541,0.0858208525408927,0.15566330560419142,0.1444188691454759,0.34630293014611724,0.2049771282065498,0.17807244374782885,0.07732298924380128,0.3492397246579634,0.18809664281599503
U_4526,0.35172524291936536,0.3276013766356153,0.31666558029509606,0.05200593398899736,0.047068560877398725,0.2209438290717076,0.6988516501605376,0.12655716000974215,0.06172870664176418,0.06476992405622885,0.07384900609827334,0.06789899447659592,0.14850791310437197,0.20614842950317294,0.33543028280670384,0.049787632168656004,0.14406841775940388
U_4527,0.2536110285299108,0.22198278949877062,0.3217190075049219,0.07719063589635279,0.09203703977155547,0.2622631599022973,0.18231645694482257,0.455166736475051,0.04872719566494349,0.4730717160694936,0.06287701418419034,0.060131520297583535,0.15081678706934137,0.19176060235155462,0.2617477258612726,0.03110089643550945,0.5918894777151545
U_4528,0.2018393291036171,0.5425577575526469,0.27114408293103265,0.025855002180215754,0.021190781493752666,0.7265695664819256,0.2697567107252643,0.06604099352142452,0.08263264716157384,0.1465532258453201,0.02703596944876315,0.0514068710733938,0.09985972700370507,0.12345730037349859,0.10701391399603576,0.14221557863952672,0.6260835517417516
U_4529,0.08148659492536413,0.13411171138719177,0.9011419990540477,0.07929379799214016,0.5196342326495719,0.17596473551623165,0.14594288190342478,0.11397742841099706,0.16908632200559096,0.06983123455787789,0.06547328318003533,0.06407157200003064,0.14770048633340827,0.15246905815126283,0.06284133622157953,0.040962262837284935,0.13374642385269225
U_4530,0.2347082084245917,0.6995157320221054,0.37912643842882965,0.0318522508766587,0.30426826754962644,0.12280974454877952,0.039870492743621706,0.07403491483457057,0.02514737854989823,0.06166227932105553,0.04108029453427166,0.18092586712040679,0.12431241237460444,0.8089517790102819,0.3307194133354614,0.21064616483258242,0.0860268843211988
U_4531,0.42436089674647404,0.27749235252600224,0.42174963117164055,0.1005038781368352,0.09926909365737929,0.39053593714140866,0.17888912555851627,0.18908303962812054,0.06058797265680846,0.09220041332051945,0.09546192323719972,0.08585406744190575,0.22582035296566405,0.2278655637808005,0.43748900938702295,0.04471397281399392,0.269215960678549
U_4532,0.3147380036504984,0.24189698676616625,0.2509273860914961,0.03274270273553138,0.031801896168387245,0.14961085365144408,0.26768966131306327,0.08807662963177873,0.046484286835553404,0.06262337117124779,0.05539248586917811,0.754123483617826,0.1354473642780383,0.14062775396446783,0.2747481266770474,0.28288463212294623,0.11433204096348497
U_4533,0.0397252509637442,0.05904414229573319,0.1620968544501638,0.09984750721125187,0.1727970789051664,0.10535691448224345,0.11909261222950114,0.13934709578957347,0.693762632369732,0.15215383540258517,0.17354336774235762,0.14208318350866123,0.1008440464741372,0.1590989919353729,0.06133300763584669,0.8700930299781207,0.18076302108003772
U_4534,0.18989352320415914,0.6349406937729876,0.269519739390914,0.038727096819342464,0.40204635458261184,0.42837834561735266,0.21245727069889506,0.1344585827642251,0.24560243070439355,0.05313862086973793,0.05601618043775341,0.6167589218426262,0.1399331942712506,0.147406675135652,0.1906643705252529,0.0,0.09209325634390075
U_4535,0.03421136322260233,0.1586011300853098,0.10213365709508061,0.11493085124095548,0.19395350086368154,0.2894068496301243,0.15507629643304444,0.12284051173015009,0.7540755825031579,0.17232602634959104,0.18849738562815957,0.2881788979916903,0.15802329431907042,0.17620775208801373,0.07911086279144562,0.4004708073097464,0.17110721340077203
U_4536,0.00708746948960247,0.8903409148926378,0.28963300940116776,0.06817769697372729,0.18932168457428947,0.11207534852755871,0.4397026457193187,0.16919678821757642,0.10035427093883109,0.15033663624307006,0.14657256434815216,0.21849240153050306,0.09272864075301131,0.08982272374840865,0.03571812084530123,0.27590819851798143,0.06661994615319349
U_4537,0.24495164644790726,0.2634916823125669,0.2714514831446281,0.052256058042800646,0.04781374881538582,0.24413037825876258,0.07354703562012185,0.14010571431990068,0.05326610595931895,0.0502038854859754,0.0628319299380375,0.5950126961819008,0.1608053535016912,0.18581889871961352,0.21051368481521893,0.026231584717968867,0.7852128070478618
U_4538,0.03657040270719301,0.057753530375033724,0.6272650067868368,0.06653422723024334,0.12507599207205758,0.14688530276847225,0.36100283947133815,0.13141967976144445,0.6091484143442444,0.15190876066600129,0.1328897366874497,0.1503073613747496,0.10891410448624174,0.13348468991547827,0.05744299227125571,0.16912443773955824,0.13352146334859538
U_4539,0.03075125863694949,0.15709824447023074,0.11987386316295766,0.10392488460119628,0.16852374662945216,0.14197412177534333,0.1354621490008172,0.1273813325883769,0.10120345215124427,0.16209728800827666,0.19130119364845816,0.9695808984014963,0.14323298962771333,0.16231742288903062,0.05836403481528164,0.2710846935908663,0.1918398376456754
U_4540,0.03104474913885237,0.0771968921124174,0.09538097582747425,0.09599211389241365,0.16465565820204514,0.14442860787996858,0.10863266998012376,0.1265674361988468,0.08094861034513952,0.13098208392196442,0.15033754947604716,0.7529705805326978,0.13525532650620253,0.1554084291628183,0.09149199837443078,0.9457436550879368,0.16670133485691196
U_4541,0.021548969085160734,0.2498163953055734,0.11920359356429323,0.06618356054670796,0.10816454810147955,0.46811428067829697,0.08896240796163742,0.11740519897178313,0.767068632937905,0.08884710161882574,0.09518537123544663,0.2073542361799341,0.0969559572027636,0.08309172062549336,0.04983959576611597,0.40835596461475676,0.09030456991429373
U_4542,0.0476911334288563,0.5130880328553328,0.16132679496947191,0.1069043297913958,0.14450085601771598,0.0837917098569229,0.7673086427648268,0.16717669074476407,0.08137504563319092,0.15964671896264906,0.16203670895172997,0.13606662289314556,0.09742323286185464,0.1456504532236163,0.0579908164761487,0.5918098798862025,0.16304699785204127
U_4543,0.28915509627731206,0.308363871600854,0.9420454708363596,0.055347238759305147,0.04857687681198283,0.22697090289155433,0.06976640516991194,0.1141360283234402,0.04668226479231343,0.06082618772433916,0.07177131416719726,0.062410024602073164,0.13888597896712696,0.18648676999323863,0.31715981051864406,0.03855280060598383,0.1437776679891309
U_4544,0.3425804261020484,0.9070582138064935,0.2523664677429983,0.0399552873731593,0.04073631092767303,0.15587735269809497,0.06788279386136072,0.09435504390030001,0.5802198735558477,0.05429873860110288,0.04945707165174707,0.0775769531547968,0.14558458131771027,0.14652045865018676,0.23627431000409485,0.032210983158061195,0.11016403631313684
U_4545,0.13812314981236284,0.1305000745683497,0.23519293664101856,0.0949643564777116,0.09988435545788688,0.21246527227230466,0.6428402731074583,0.15798378568959132,0.22341352340784507,0.09250241708919801,0.07917821823918991,0.45279200538270536,0.18105767858299873,0.17571224035988228,0.09375631857593243,0.05875035050926056,0.15673098527369642
U_4546,0.23517913112038055,0.2573701181951694,0.24663577376915144,0.034905023901261045,0.04542642027399295,0.29032631623954974,0.0734837246200328,0.11287440174621347,0.060900662686550366,0.6646158508804388,0.04179865475691708,0.046309970167793854,0.12262004584776406,0.1654844332982899,0.1466918782435357,0.2985570986499886,0.5649603268899139
U_4547,0.2909455999301158,0.30309907419968773,0.7732492932026321,0.04247135877204409,0.05241117316901871,0.2079375955156011,0.06589111689034591,0.10361690937002647,0.04297714129898145,0.5753206963762114,0.055413946979559786,0.07937318252653909,0.15186588797832593,0.16787169849845113,0.2911331968112162,0.03902138295314426,0.14019385342265991
U_4548,0.05709220496097794,0.0760629164258723,0.09536914326106073,0.08232277277650678,0.15693995812764966,0.2051663497075619,0.8605526075956061,0.15757666926703115,0.12356785344813412,0.2393721604207026,0.22896259478161027,0.14122362278096964,0.11230405396016996,0.17277898615131534,0.06970086685291599,0.354195321258448,0.19196649382525113
U_4549,0.228437489092815,0.12878676829205005,0.5468125026040624,0.04998955322112614,0.4582310694579669,0.4423841225747156,0.11506807650808863,0.06257098908353681,0.09250214961958528,0.13339935526315302,0.12687161114682297,0.6646545839850483,0.11550840068117256,0.11312747228129032,0.03961674443783308,0.4275782194509081,0.11831026444227953
U_4550,0.02158082581456558,0.3458135089688127,0.29664863329415636,0.05071588755517371,0.11491161987843204,0.30058921244611303,0.3063342848507119,0.10600418771666367,0.07853884317557389,0.09637565821364671,0.14644072168955907,0.9024606339995075,0.07592698472994375,0.10033462496618253,0.02911914822953012,0.1937789478230122,0.10564112939260109
U_4551,0.2292511619105311,0.1720730157924632,0.1818544847670721,0.03191651268736671,0.14710712182428445,0.259199200651144,0.18708457712488505,0.0703691719226178,0.22804480472872166,0.04173723280098235,0.033512766008257956,0.46879460430765885,0.11286147876185786,0.7771736463862057,0.7738378333810131,0.019103957991050795,0.10048734809916969
U_4552,0.16931598492016306,0.22533931354611295,0.21045915229567982,0.10091080717231571,0.10734564244310832,0.28054184098227963,0.2097605891710561,0.1564288163537367,0.19114739445834011,0.07951710308031916,0.09304083674706203,0.7636275123649465,0.20060727763191982,0.19922010302708293,0.11766515801524727,0.03976169293752896,0.19319688709495458
U_4553,0.25622864198712136,0.22244746734923848,0.25307692521520464,0.040915096673815834,0.035294739666429584,0.1583666855875657,0.24709997391986682,0.10591043988066717,0.28993021463142976,0.0528843990925667,0.0486739661515202,0.07083876541655647,0.11713801513333064,0.7438321961250517,0.3831194285467271,0.04693359383718612,0.11100698593519602
U_4554,0.5570506012994146,0.5055202577560172,0.4691420433357195,0.03193819351701747,0.04621558905097223,0.47403841319079776,0.08270405844014762,0.1430003806034056,0.051253041008140876,0.08533868225462395,0.049320783773073334,0.06504004213226691,0.1867741248824616,0.2683812510289869,0.4805392837695196,0.07661325739674676,0.23008477554449458
U_4555,0.38734353016386425,0.3553749969238059,0.3376847505832832,0.0554543755982912,0.04629118216728247,0.17547558000512434,0.07756902261956738,0.8157003149257299,0.04474581698495525,0.06920866279743475,0.07334563977990848,0.08949737195542426,0.1870639800700413,0.19318333225850232,0.3158327454795189,0.051876303099822704,0.19859853595226337
U_4556,0.057143419587162764,0.1508526016887288,0.18694654035220237,0.1163443677827405,0.14629184436804432,0.9578903237444988,0.1896231992195358,0.16697871832296204,0.2056845855187169,0.09572743401328179,0.10935303053041083,0.15486514790950262,0.20256973866320377,0.18883303161403872,0.08752434211022715,0.04891024816515411,0.15681350483297285
U_4557,0.09605676167191646,0.1232728259346762,0.1405196559805523,0.17597905699664218,0.1798045981721563,0.12551527453623454,0.786904919585555,0.18667744508558576,0.06659782048606025,0.08783733226446366,0.09621162815304128,0.07125344053763956,0.1718540006981215,0.18059789751996233,0.15202399157407578,0.3991328031882668,0.21236690775605963
U_4558,0.029448003541537954,0.06001941569150933,0.11181001115096825,0.09915721122242206,0.16192462278713038,0.14827742363046031,0.7318000440181466,0.15367455701577737,0.13670645178757138,0.20811950510731506,0.17531901234057715,0.15428753849912544,0.10952759838490209,0.17011972038726483,0.047254277310445625,0.7708027177625059,0.17568785150997654
U_4559,0.23456582700093406,0.7429057615649651,0.24660148369675736,0.050229077483899966,0.041475612975851964,0.17424730081282083,0.08265881143925441,0.12480323414207939,0.09552086117123934,0.06583187159910683,0.07134608157544499,0.7314383294363511,0.14505799880378828,0.1545568601571291,0.15647582143671548,0.02406108821662676,0.47930010094970754
U_4560,0.2397798828779541,0.3797669993805334,0.1962878290443596,0.015462713405492733,0.02456412741566049,0.40045238476615763,0.047611158008631825,0.09590945148550865,0.015458623526766462,0.13963158794201933,0.04025397100175671,0.13300450190224536,0.0952638746222201,0.45061866882663715,0.9245245141947938,0.06628382107018922,0.08979052991167294
U_4561,0.245889672208969,0.28429947636478237,0.2653893171310594,0.06300191075281138,0.05283615988774016,0.28951646921254615,0.0871203390675829,0.1301563564769991,0.0770090114310986,0.059926162290176735,0.07288185737978825,0.06280780859661592,0.14097640947656415,0.17384084298022018,0.1521188846481665,0.03832266819851121,0.7940569084765429
U_4562,0.16129957365250144,0.1844289717749291,0.8932144696062537,0.030119273892151646,0.03869286688479155,0.20568184742190287,0.0643389689363451,0.21428993117183973,0.21421822814799354,0.2428961824312274,0.04516249759899438,0.06596028355463875,0.0868461846682035,0.12725185208279738,0.09302440781324085,0.03205384607803306,0.5292527010100833
U_4563,0.2547759806029608,0.19463583726166278,0.22151276895260538,0.029518538764607055,0.022640988149950334,0.2978198662154743,0.043572586512301704,0.3381872568582096,0.16999786102380346,0.05578179535176666,0.04020565303830505,0.055094752350094506,0.12557750751661995,0.8190507165153909,0.712421529315893,0.02637008870353117,0.10608020642318172
U_4564,0.5184736353677908,0.23485281797063903,0.5860173240426739,0.04202611145024027,0.040919318355465,0.6937683097241505,0.2650632541213268,0.08793032277034889,0.38029612179435135,0.05162850381794443,0.05852005094552266,0.29643423778958755,0.1393395912554732,0.13710328165993205,0.2028805283661073,0.017413895668700885,0.10819457735834065
U_4565,0.26766859283730593,0.2404906895939977,0.25357291020390293,0.03198249340826001,0.043572928166283845,0.10855286886393134,0.05586850011806414,0.09950663968046647,0.3318007146511984,0.05047968145465578,0.04720456195317086,0.05822083585092608,0.12946675909154193,0.7001183461803006,0.5412062244843397,0.028342033353160278,0.15996096739796165
U_4566,0.18736531112410143,0.15368645462106992,0.5734308981532067,0.027016472389353778,0.02598838500399097,0.7205631988604789,0.16587392288886413,0.09861778137183715,0.15757862710550724,0.04475137592301223,0.032535285388222916,0.4738588400178828,0.11852752557020471,0.12349955040839689,0.1987528610271007,0.05828191914454695,0.5461334027201235
U_4567,0.04298667318843489,0.0453257705814439,0.07285273989798886,0.09817478364938934,0.16100765388094673,0.7975010366579202,0.13504734887569297,0.13402415966281603,0.09726201749687284,0.1905998785305847,0.16777059931142904,0.19106218031356348,0.13402490881047185,0.20316119539353034,0.06363216377295414,0.3201242009693531,0.16060013362266445
U_4568,0.4222520426231644,0.07948588885227213,0.46536230640207676,0.0912659742554611,0.10651851339852579,0.11775290641687779,0.1687876401196995,0.13895737030943056,0.18540602918409033,0.0779458025758724,0.08424122137088329,0.8334990533295497,0.16883206644722276,0.1526449951618981,0.07038942940273601,0.053013852925736016,0.1449997115654736
U_4569,0.33331023967605145,0.3014431670218283,0.25767553022532685,0.04565367747541814,0.06259894478594444,0.2119490321150275,0.05966449520867194,0.12969913010191342,0.7966305290592425,0.09531215139033818,0.06699741338865128,0.06622745347743568,0.19776837907473876,0.2147685511941585,0.20783899939177716,0.034423808023840284,0.26556481906168583
U_4570,0.05016122858647822,0.10461672957780936,0.11104359176004934,0.1378937038823703,0.15569988602352355,0.10959737095863673,0.14045264840140997,0.1391971723192945,0.6553055426425433,0.5992262786570083,0.09625923815309187,0.5937330145778978,0.08654730069525876,0.1360979130603996,0.10098307116623383,0.3722335188857041,0.15661534626329868
U_4571,0.061643245469615957,0.1901021776661115,0.2735045747379208,0.10583679356802067,0.1059646753584819,0.19518557535626632,0.13951009829410824,0.15549615740212006,0.2008509234935905,0.08999514021704522,0.10244580873255009,0.5595032007852468,0.16697240867160978,0.15843591568056428,0.05511376036342493,0.032845833132536015,0.5750915022678594
U_4572,0.059333537636247345,0.04134717823410776,0.753255399828779,0.023002934464288038,0.1929821423632829,0.14069399116308864,0.32849233492027774,0.3135087106257075,0.18235069903490866,0.2520828926752977,0.05517462074694811,0.3700611186810492,0.15112709182657977,0.12033558099113244,0.03568534563621195,0.11890706138723353,0.12068945112038582
U_4573,0.06356261099897713,0.7276297848490789,0.24027518986355959,0.09429355955236914,0.5699832178935204,0.1392575692848247,0.13786269798525483,0.15580299359092672,0.16453408323605298,0.14498578934447068,0.12850132156746033,0.08850730169965754,0.17137938777188957,0.18368538906707355,0.06941450311863884,0.05321539422424,0.14315634066209373
U_4574,0.5078059593300811,0.3295481466101916,0.32258521863288736,0.0379726016763947,0.05382690048452006,0.17094424022197083,0.0887523603398881,0.1080829962372587,0.06526856849671761,0.08110425081419206,0.06324650206930799,0.641624734562304,0.16566936806585159,0.20580367679976783,0.303526399508408,0.05156593999679663,0.140096467620429
U_4575,0.39511434574024507,0.301855045097835,0.3098435081764084,0.052228856813217546,0.05904297214647014,0.16222469731249864,0.4350264546447512,0.7569210821196549,0.06569275058059029,0.06794202878545576,0.057800420108827875,0.05178742580574015,0.14160496566057929,0.17206499239671627,0.3043041656475406,0.039487900735973844,0.13719322894684607
U_4576,0.37632337210187905,0.30795110367214773,0.2647673897247499,0.043856747939896565,0.05097185059666391,0.19975336856681045,0.062467722299038686,0.09538534390637284,0.08193216760346424,0.06960092035413214,0.05408367580524295,0.06213086709888861,0.12527674236989048,0.17815235716051325,0.2649969823984687,0.05016875302268678,0.7838474544693995
U_4577,0.2541870865100029,0.2745578924515458,0.7151296555758038,0.04535043187871901,0.5114181399733458,0.18409768281287378,0.09995664109351987,0.6733276827554262,0.15901214575378972,0.08360906234015628,0.08072072509775079,0.08448576665253388,0.17252359701174827,0.1840994100536218,0.12359479792261496,0.030086849367156762,0.19697074768732734
U_4578,0.2754043794226124,0.25483281728558205,0.27819144834301046,0.040300313158981325,0.03775135070875002,0.13637147722541665,0.043865058050608426,0.1009334677648354,0.03398072779999177,0.3336529742581127,0.043447644525231144,0.038387198108182384,0.1271815839079293,0.7348116923757931,0.6430312564084127,0.03281890531619496,0.15877142992898965
U_4579,0.374518815668457,0.3380716170778051,0.36782101827830715,0.04748088944986462,0.055426840913997084,0.32091167122019926,0.10121334965226808,0.12693260096025794,0.06779206671548392,0.6908332582485187,0.06316196174578681,0.06720372509998158,0.1689785141517933,0.20074909250821385,0.24250130828671043,0.04029910857403378,0.19663632800656114
U_4580,0.49224150748781215,0.5072902513728327,0.501588428973194,0.03307302845948438,0.05146289901881439,0.3030127326695483,0.09416625291808828,0.1477886856197613,0.07458230428493204,0.0750253285000391,0.05547592323371674,0.07979915820028785,0.19287579564122248,0.2696623069785111,0.5287946127597515,0.07266988511804365,0.23864819302540694
U_4581,0.10203463847155227,0.27622377810985055,0.15264876058046575,0.08041187247456402,0.10268432240107005,0.16012015715625025,0.12342321146016902,0.12966030406985765,0.2130095973158429,0.6969243523776777,0.09078091377832682,0.09711708462986482,0.17769339528223627,0.19913119219957387,0.08952456218081109,0.033282421736947745,0.7794687806592938
U_4582,0.3968218491398766,0.4164290094379536,0.38548162665476315,0.052950036767707785,0.05425784843434837,0.2679691483309844,0.09409896882861296,0.14297588236665262,0.07937903779640818,0.07084826448566653,0.06763487140650853,0.06886424378553596,0.1793763934142335,0.320963861038141,0.4226157793536045,0.04499815318233929,0.18482910464162153
U_4583,0.32523016816101624,0.29921294742643256,0.2955331743791081,0.06320073322914187,0.05845478151423697,0.8572147458275782,0.08144411928277495,0.09715728918999242,0.038877252890197014,0.06451758228569256,0.0774923071733658,0.0718853036490367,0.22770964898516846,0.21535856260547412,0.3430849841231436,0.051822646257541516,0.1374155305239783
U_4584,0.35452621558424846,0.34491545539001045,0.30097970823449216,0.04473387540239524,0.0444347521266939,0.15059401240274395,0.08001907518931702,0.10585228700988969,0.052089777636674064,0.06811316341571716,0.06388369315188437,0.08275145730366237,0.1747474945144862,0.21606867008695746,0.2919841039598907,0.7239285143544334,0.1813399049353394
U_4585,0.19524958470989057,0.2966896106994189,0.2173177702854532,0.06144397307741224,0.05933571988121624,0.22229121578042843,0.09323809272797001,0.1388589881911509,0.6958273628434632,0.06324907387598445,0.08470588268456966,0.06145998685748484,0.17845082931021383,0.2657677805580718,0.11368435713153857,0.030346560359569473,0.6777891735582658
U_4586,0.06863554474358488,0.13354504774050222,0.1569744618458493,0.10549668447732428,0.199264076624681,0.25073884059421236,0.14802385760008105,0.1753557817712235,0.1355069594539683,0.21404333866830474,0.225810111893349,0.2713543655172497,0.1710478170432732,0.2427426355767293,0.09098535867055757,0.6741386168098551,0.2553206553445344
U_4587,0.032856620305477716,0.8169805158764991,0.1632949818150848,0.10006561964133402,0.17057625229023993,0.12382702113815539,0.12410672043129822,0.15956320004291832,0.46701193892740356,0.1804794014862445,0.18020380024660795,0.21834757619992756,0.12671438936048307,0.15662924258481237,0.05717946512770354,0.43374774592405163,0.18123978919713596
U_4588,0.03807244645608804,0.056564612506257564,0.1063675164913529,0.10081209204387104,0.17963483415352008,0.16639743894091724,0.8767552769264378,0.14689130372940343,0.11478095441834535,0.18197615154850094,0.21187252356767708,0.3941535374264651,0.15808541084606278,0.17711057996905824,0.07837426250002233,0.3570813884746372,0.17295443011406805
U_4589,0.049798043981712795,0.17226270534156438,0.16503483651004822,0.08964541144058624,0.11760239504734335,0.6915553622428555,0.18317915623250444,0.15728853059895836,0.20551916910306153,0.08298852836818196,0.08681881211347345,0.49869974916370263,0.1479048648378021,0.1738771636005645,0.060884698134608214,0.5892707244849001,0.15029823451407107
U_4590,0.5734027340085432,0.5760351587922672,0.47528007360115343,0.03217557696302102,0.04389093882425646,0.2600832094073776,0.07739855649101908,0.15686576984899928,0.05595588732243861,0.07321397467765788,0.058099898016514134,0.0730963121940219,0.22458191846296796,0.2747766259297276,0.4959026174336393,0.06667166077621889,0.1993640345919931
U_4591,0.0332456684551105,0.027508682587130417,0.15971527821546963,0.06725310229193396,0.1408752964801838,0.2529516274778568,0.0971832312295184,0.1368584017337894,0.6765715163195153,0.12554450651955373,0.15035756795212782,0.43120466643337685,0.10358720049850573,0.13252268818463564,0.06497949429212141,0.7168785712905928,0.1563773893566339
U_4592,0.34998291055083197,0.3241429534146405,0.3055660017750639,0.04561588373456883,0.039692551171260144,0.26458534323296357,0.07752014516600099,0.10335495158407663,0.057797755780105195,0.07125140505969284,0.0660530950622617,0.09116108529035508,0.17775873475268625,0.21034541237132443,0.2827299474153956,0.7462561934134411,0.17023155918842034
U_4593,0.14357354107969292,0.16602751914082106,0.2321212034212685,0.0656388503163721,0.10493637771689737,0.23513398729882917,0.1284687818728572,0.1518818780473383,0.5689076325993605,0.088627011269702,0.07469885058759596,0.8711080654272206,0.19568076500080178,0.16562563750798312,0.08253463490995595,0.04742909241400506,0.1634758020211858
U_4594,0.1969914567867703,0.24635869334424904,0.20358494223741033,0.02914888153945796,0.3844446530991351,0.16910961362661278,0.08041491137333462,0.10940129140990934,0.5572102643359473,0.311033540011025,0.05485299553193537,0.06609194376978503,0.14005504131201493,0.15477726037060235,0.08764838909009218,0.5345589991646255,0.31249402274679494
U_4595,0.13069237358266958,0.40923717078500355,0.6761888883750907,0.05774461886355915,0.07644337268574458,0.48372428606572193,0.5291133245554721,0.17555154738192819,0.10034708869167494,0.37796118857302785,0.10930737532871265,0.0996457591495993,0.14807154296938427,0.15185260613862842,0.09035860991681327,0.01174844913063165,0.11805461561117425
U_4596,0.025748528790879875,0.05633950125908167,0.5303233955156987,0.08708701503559185,0.14751167555202754,0.13287917837948934,0.1117262545335307,0.12458142951827453,0.07505592613622428,0.12822379115952262,0.15483811338190898,0.18914615503038648,0.1085878686418634,0.1342815070335237,0.06040823634959863,0.8676490721884557,0.17802697294474853
U_4597,0.06777384263300758,0.2100746689917559,0.19222491659569177,0.057826356305355514,0.2512165941634341,0.19473510386360263,0.5288613275145692,0.12235024588560962,0.210542739557924,0.08861279600039171,0.0782479004579491,0.5119178534853988,0.16300823108038603,0.16595231186012244,0.07189292991157227,0.02712506043128801,0.12670453762989906
U_4598,0.22933155394141763,0.19717474170370175,0.39844114298964517,0.0363713935516385,0.06347596332971667,0.10176268852723047,0.07647408872941801,0.09579552245618214,0.025842198658210226,0.27393177860616036,0.04213053162919235,0.2569217980997581,0.0965717519397513,0.7686122747079279,0.6174557511050389,0.0354602749852635,0.0766979060473889
U_4599,0.03049179086657712,0.03503140991735626,0.16140932833181335,0.055144508773633354,0.14730036563135937,0.12008884934583779,0.09633240503888375,0.14240041684033788,0.5356520309242816,0.16605001228649505,0.1681191519953162,0.4599450341745348,0.10400821701604535,0.1391558303276615,0.05524581474877076,0.8159478706120282,0.153758981117015
U_4600,0.06093529909804808,0.08294468577589995,0.5189237847875572,0.062011257948827905,0.07589186682879134,0.1494361394317994,0.521255811302315,0.11923103536514844,0.6343261935301086,0.062280587655381206,0.056445574054843364,0.34325480137645026,0.10286079586133524,0.1255511964694753,0.059986728312127896,0.20166550901621935,0.1130510556393158
U_4601,0.12184255156448891,0.17116730242840933,0.25145562064583393,0.04992260043112437,0.08396765199148223,0.15891740946638097,0.13504286040941774,0.12613725763477868,0.560299146410841,0.07599483541064893,0.05789502936542486,0.05536262669034417,0.1406651791716869,0.137093771635949,0.05247742809277106,0.3413268012311421,0.3462354910044153
U_4602,0.33524670265216094,1.0,0.2503147228124609,0.04691099202457842,0.04870041111919541,0.1944502753537816,0.07883549433585049,0.08282025421195374,0.04255827807991353,0.05831479465221218,0.057458713366359375,0.06496653477962169,0.1614682188651428,0.17941637873819632,0.3127648432901984,0.04228438397269932,0.16103507553187213
U_4603,0.16211578050875755,0.680067020439277,0.6507787715845236,0.03142284990247398,0.3555076238634721,0.20416821093839585,0.2636032780794213,0.09279718485714267,0.27712828837388137,0.05031240527394253,0.04544786549278348,0.04826680074538861,0.12198893192546575,0.14462737035510084,0.07777320911290694,0.16880036329553866,0.2934689430413846
U_4604,0.45171359585016857,0.35147952083119705,0.427347251058363,0.04193059965718186,0.04354676338921142,0.2311406975867076,0.07856495938618241,0.166986593678895,0.06077922939033813,0.09410234729467944,0.06873176612275839,0.07875676284837478,0.20799322401140594,0.21706486283333118,0.35548432802079466,0.054222311367856255,0.18594194230519828
U_4605,0.05928178937172206,0.16303670990057453,0.25256928809565626,0.09461555370579972,0.14109256983058827,0.1997346325457172,0.8250299577905761,0.15306238539194125,0.21245597960652793,0.06924921428134508,0.08629123306803077,0.4695312294799102,0.16300841216393713,0.17314976258900497,0.0699470855268908,0.049231737557536306,0.15009286157433072
U_4606,0.29578922962057086,0.27315933187512353,0.27896363841190674,0.03157693910437232,0.03670110429144346,0.3253022693229798,0.08606304741336904,0.12694407269273017,0.0563949515978937,0.07785400919482784,0.06478203998248458,0.5512900403679268,0.1686190664057674,0.17650173144686937,0.2876411595621532,0.5569704008873716,0.15780363257895313
U_4607,0.2429105759288975,0.28869219597271467,0.27181065668166615,0.06733864497434577,0.053663567010127596,0.2582582229025998,0.09504745207279416,0.13210140111985083,0.13700174849697058,0.05252833863419672,0.06847140050895383,0.06433356933415944,0.14223346858991945,0.17699085868134926,0.13612454165649826,0.026536687464120034,0.7992606823619808
U_4608,0.25972207639696043,0.26967231014564075,0.9944701981937055,0.06133175922025991,0.05796860226732215,0.2508510377841626,0.0813281884214419,0.13294630910916524,0.13451736826224023,0.07997372457265074,0.07957326881276579,0.07037854993673162,0.18765287450289744,0.19222890118914732,0.13449761182708106,0.045257729780222036,0.17682617028363942
U_4609,0.5830760939333554,0.48050306261162656,0.5462739654017691,0.03720117179776692,0.046296911970823126,0.2583325914210667,0.0695789326660595,0.1426075807184058,0.05437907154574932,0.08119517460017536,0.06177058822523371,0.0649472753161035,0.2200495750749641,0.25125168715028157,0.4731060614218061,0.0584206835775672,0.21399472437505643
U_4610,0.20745513288155445,0.20690453752385887,0.16668988987679667,0.046458243866854744,0.03673525048112966,0.8701470877438392,0.08997654668204645,0.11077080900775665,0.10832936650750452,0.05518710875977919,0.05220206179268206,0.34855646696698683,0.14126338023927407,0.1511562054436153,0.09615875826394703,0.01839771657391802,0.6754559114520103
U_4611,0.028658914138064373,0.3406792409654368,0.18337760076732787,0.09828891491178231,0.15670372334027907,0.12115810097878822,0.11723439153201023,0.15577024186455599,0.10357079607173596,0.6120232318067337,0.14884487087441817,0.7038734736767035,0.09246399338637411,0.12482948602809882,0.03554455781405526,0.26377762628291246,0.16654322960502607
U_4612,0.31332602331570436,0.2577438093978558,0.271656729949488,0.037376427267917595,0.034277791812914446,0.12241714943770399,0.047896074716717835,0.09127438712816299,0.03793967077578273,0.048433857794475475,0.05184489733380384,0.04339033453590567,0.13154265529996495,0.8280237137419707,0.5594428133392971,0.03511959294109599,0.16675108547800668
U_4613,0.12222164773507392,0.12275960563987012,0.2828810419265485,0.09012130791854421,0.11912646592807308,0.2636437054356032,0.700255455585314,0.17595017967766477,0.15882194621429077,0.07832477290588502,0.09140896898453678,0.08877077177586751,0.19021676531346313,0.18535473338991956,0.09230308460371324,0.03213463760714242,0.7062184812223778
U_4614,0.3178869355004006,0.9157652796951062,0.261296513166973,0.04016066428550656,0.03794875338236274,0.5265784371554344,0.06647717997211841,0.08967577943748428,0.05172658045711923,0.070527795077081,0.05177929263624724,0.3836626399496108,0.14268928689803484,0.16534959390629625,0.223299438059255,0.03433456176397462,0.10444317793385871
U_4615,0.39671912624282424,0.3226670180968242,0.316905684557633,0.044417787467485044,0.048126350333477924,0.18293973516940398,0.0657269090182404,0.09215040460994434,0.674598945768423,0.042450047822509225,0.04954162605452363,0.069224756763729,0.14643184957475916,0.18707279246832262,0.4030090309731267,0.04996009209757786,0.17827209750445408
U_4616,0.1929534631939811,0.3219253359146783,0.28874902730860397,0.06551430630189926,0.06928441946434143,0.23830392255108185,0.09931548813838953,0.12553590708949755,0.18053922896130623,0.06668570087165306,0.07988459456572386,0.06454012049997798,0.17775624495170259,0.1914850268039051,0.13137368301788155,0.04636499400705002,0.7641679704824705
U_4617,0.2334665618955216,0.24706672128736556,0.30185641611878755,0.05315607934464813,0.07085080068810953,0.19817797424244152,0.5946405225973849,0.12067102256296777,0.16831203811810258,0.06288606640936001,0.06876284363434719,0.4510788485670293,0.13699008815782562,0.17839272398616587,0.15354530285018456,0.024995082386560986,0.6001709704552037
U_4618,0.039299782904347144,0.5411450445297399,0.6530501692718098,0.04648230020787034,0.45365591594584764,0.6846138372017435,0.1276968209466679,0.08704789765253175,0.6101016888046865,0.035218876045000826,0.047038896655335526,0.6244778358997632,0.1207544670273984,0.12981735903863126,0.03846647430581901,0.055367289891454695,0.11023228674015952
U_4619,0.338156457846447,0.2808346884700017,0.33366609249723,0.03349066354945669,0.051795547924682876,0.287919159466421,0.07308505926374859,0.10454190152315843,0.5821747727223227,0.04612929707705475,0.043219100339222286,0.06804425217904855,0.14456573523655014,0.19842360096024791,0.329668852263989,0.049148200060201326,0.5875834106058934
U_4620,0.24611078282978888,0.33279705832682027,0.30165063604041353,0.0715909323744791,0.05072613423868507,0.2753331498364624,0.06467870086083866,0.6802797207293987,0.1176598035658794,0.05677784214893636,0.0730963283604285,0.04811239625464989,0.1353040758467216,0.1777182359669582,0.15066407522597974,0.024917526919696606,0.7086808073876295
U_4621,0.050080713919903486,0.162201713982446,0.20328000947033223,0.09358370111637915,0.12021063560033798,0.2500127282923992,0.1533585772976545,0.157577608169869,0.7185783061839567,0.07769962377785217,0.09401326375135152,0.09264954150906254,0.15261296130197494,0.15983358105438442,0.06854442723031942,0.6280853014766674,0.15055714690807045
U_4622,0.2142473091375379,0.1491921415259204,0.5114592938593716,0.05508793054842613,0.050801849737401636,0.2331112695763541,0.15298068559497882,0.30324729827972163,0.0767745335951555,0.41494252807320886,0.05209057754487189,0.7830225286986939,0.15369955152564807,0.1702896454649891,0.19536099644377647,0.024632973310272106,0.1101420178159937
U_4623,0.1432008551624908,0.18302555767616877,0.8670773222696764,0.07689010321880775,0.07937472929905026,0.6465901159362991,0.1492174221950239,0.1373040404090876,0.07121955537592911,0.0744205851779793,0.0707634921880824,0.06458740069922911,0.13661453912522822,0.15447232625187074,0.07811978051743487,0.023794449846773844,0.48031702487083916
U_4624,0.26307469651903725,0.26399899837558705,0.26936893668767814,0.045428085904407806,0.0602727932241473,0.2286110114602539,0.10463052435199682,0.11918161115857523,0.16110149215894493,0.05948694243054875,0.051077143587258615,0.648356401530771,0.12290223745449627,0.200269492443683,0.11060057332229886,0.03471796724099825,0.7799210572120768
U_4625,0.07943729477309312,0.21226305259024822,0.7079294243088439,0.10188917103948278,0.1249189236168817,0.2038719860156364,0.1700965058804844,0.16214620651105413,0.2327944869803915,0.0799100007318731,0.0765648610034498,0.5293766430865535,0.1590657612402324,0.1780990849491609,0.09260507863254139,0.043069273410990865,0.16193311699131824
U_4626,0.29089897905183604,0.2502958846530833,0.2683768287689603,0.04467230683380098,0.06317059445588716,0.16333207210771414,0.05349290700147548,0.09945300277127375,0.5885753027302159,0.0698668905289551,0.04558048212628861,0.07781272349490141,0.1084059852201916,0.7484396057638326,0.32940767951409733,0.31231236178779087,0.12155456494501983
U_4627,0.2510095124728011,0.4832806594713035,0.22412367413887815,0.02928516700917725,0.034004698006801365,0.08934797550275017,0.045277638467459996,0.0818141243313324,0.35624500485792066,0.04586826781194045,0.04075420215143059,0.06895084425059539,0.09589216030246898,0.9042797664294038,0.49493840493707575,0.03054658284667324,0.13547308033977476
U_4628,0.5698402004175188,0.48758057856298576,0.4493980159340901,0.031503560215712496,0.04362325742572867,0.25907576571573654,0.07730458834210174,0.14067293961599464,0.05782772044526116,0.07491109545931601,0.05955671342084615,0.07714161587539597,0.23546422976529188,0.2857007523335017,0.5681313021745747,0.07435299855116213,0.22432916839866482
U_4629,0.13024991025532992,0.21836333524593274,0.2609638997192697,0.09202507435510011,0.1188205752674171,0.2188974989720941,0.16538427839149078,0.15815558705715502,0.22156408907946576,0.07921143966880859,0.08678754161658081,0.8889774028412479,0.17554072671492488,0.18546671115117436,0.10781605843083465,0.028245024269695444,0.1571884849481868
U_4630,0.31999372886111443,0.23717297210650734,0.25862203785405813,0.048127453494688624,0.04133431914286548,0.12695277677735722,0.214583376265462,0.10128087377042558,0.04178652709227985,0.0499888985499544,0.04141211288647961,0.5312484161752891,0.14136354835613338,0.7398373532986375,0.24985413150060368,0.26520912864312773,0.10760764264305428
U_4631,0.06419480251253745,0.17238001403430145,0.7854453673820119,0.06515112848339147,0.07798160652160671,0.15064989625637534,0.148616425748412,0.12306058156016669,0.5071089063703657,0.3532349803728214,0.06397512050250126,0.5176278480494513,0.15401373948884536,0.13778019271976832,0.06671756916292924,0.039312330546491324,0.1243275327075424
U_4632,0.2590676450522259,0.8593738304155486,0.4167504225790529,0.02111839258325743,0.030186028774795898,0.1906794847804097,0.05481643972175791,0.08114084344934885,0.19272330605559598,0.050023399498167205,0.03470732457672767,0.046320627637246065,0.10959853135208265,0.1287115979511572,0.2162235957272188,0.038612077275425954,0.5385679132641651
U_4633,0.19809753257875082,0.1643879752935614,0.20080747905550292,0.068546531993406,0.08290541498550608,0.2498390967602974,0.2900951963615155,0.13080067101358198,0.8010067794267394,0.07391636261310951,0.07670649399271988,0.42098863123028674,0.13976576301069354,0.17377850502533282,0.09830848979485284,0.04093467472212299,0.17025593232903502
U_4634,0.22907247278036016,0.4697032974018037,0.74850831048181,0.03410053720252191,0.04977806101346894,0.21046617163451978,0.09221197388794464,0.11347445611964385,0.37796733784423464,0.08096795923829225,0.07065994139891009,0.05476883619574517,0.13691990822590402,0.16560002385517364,0.22614013729833066,0.24420753912725768,0.14577183803596222
U_4635,0.21457061581239648,0.19517194618554926,0.21976558756575346,0.04930957213912061,0.03473226169555807,0.7934212561334617,0.06697536803771892,0.09412406345468881,0.18144444636468066,0.049252499399666395,0.04214532773549544,0.26250973783652354,0.1264152709506988,0.13877045609326724,0.20774370393965985,0.023424870885491073,0.6275666439788617
U_4636,0.11603785865447476,0.18411963610628648,0.6453778207829504,0.024950157128644325,0.24531170459832038,0.40337858485373146,0.4122129315691099,0.0966710513086164,0.6976790221494196,0.06387922599634681,0.06706883539280847,0.519313344389612,0.10472312482411957,0.12496138776294544,0.06073510180805049,0.0029075894670602875,0.10472781130570964
U_4637,0.034275765134142044,0.06693640526447701,0.20952916501184846,0.09741812149361226,0.15858556799454607,0.18022810271296008,0.14845240855166858,0.14200432624360573,0.11668700739517086,0.5176242519311217,0.2040654414565998,0.5194479844854903,0.11555237215566512,0.1264066030926721,0.056016245994792935,0.33653184366069144,0.15543024768119415
U_4638,0.5195572017471178,0.3921983426957979,0.4123002791802459,0.07778386106020639,0.07115562042547739,0.2348871153243257,0.10073238348080688,0.10957923266184579,0.05003759653280297,0.09757845605855327,0.11620431153346045,0.057415553422174144,0.2492749299334325,0.21215739854614613,0.5281561516538874,0.05165861946318985,0.12749622057034163
U_4639,0.045244371023124896,0.0957856837763394,0.09260452910546149,0.11580153636246837,0.17712873012220742,0.1112140685817897,0.15490888078923307,0.1397936068782943,0.11774033615955998,0.8554262254805882,0.24067035549610086,0.15557033692832808,0.10367402726507408,0.14129734713324346,0.03831661253362595,0.29238279912118226,0.2669798938172705
U_4640,0.23365183635758788,0.6246268080503953,0.2616517825263007,0.07450884744775214,0.09783336274802333,0.2131516516908855,0.5115416439036118,0.13769732124511222,0.19494136376685448,0.05918350168012798,0.05832296475942413,0.09235432466712332,0.16360535898076425,0.18493285144806104,0.10893311158476698,0.03641028194492951,0.6302962387680212
U_4641,0.15404965308203064,0.15323385411196924,0.8311003953104311,0.09024295067522489,0.1195725571823113,0.2797916807624634,0.1921525571966623,0.15494024740534643,0.18159198541122315,0.08380557275558075,0.08918724587173854,0.07989757754090307,0.21653195157229646,0.1930243183409819,0.11037240084651276,0.04589328818558423,0.16974258720790084
U_4642,0.27759392216318,0.27220033657198817,0.7021487777186642,0.03479940500059221,0.05650828947166726,0.19629448745993405,0.37757794183423643,0.09171771257901916,0.49134358431369385,0.06687884371587301,0.078878136338326,0.36246666974776565,0.1229728448395837,0.1371939620946975,0.12904807526858753,0.10198509129324361,0.12596323939229404
U_4643,0.20716666988855992,0.20339792623839123,0.22179695420734558,0.03735270488055807,0.03396219953689478,0.1775615228970758,0.24056558164266326,0.08614305702721607,0.024692082712810412,0.04175172405030347,0.03216693325047876,0.05419687979922723,0.11115111721875189,0.9356520567485778,0.5001796976566882,0.26435870387921656,0.1605616315017349
U_4644,0.2567678282426995,0.2487452746175607,0.3006296505293605,0.03677646218782753,0.05015602608869934,0.3112985518078596,0.06918066824940433,0.4110266688092514,0.6049811088225969,0.04247685096583555,0.04550928774969862,0.09558993641506155,0.10949006326156784,0.1746110745828785,0.26332153504107314,0.044899589931458844,0.4662841922679577
U_4645,0.2814485506153166,0.24177320719296397,0.24572782426193085,0.04712947146942205,0.05000858257551361,0.9602995110156828,0.06712053348430191,0.11232823785046639,0.06982787875628056,0.06053929186341245,0.056243572567141555,0.09241289651924538,0.11522459816364901,0.1765608145100926,0.15845780587811242,0.027416203517374838,0.6269927258979817
U_4646,0.25162233742718076,0.2109541310489642,0.640718424214523,0.026292425741964144,0.10779821977098172,0.6785791823450767,0.19192658482986263,0.06922277260997084,0.04903295718240225,0.2068467723477673,0.028084105533868597,0.12603230684963793,0.09077664454212005,0.1444662748370912,0.2286790805020402,0.14140045641398705,0.08158168767033751
U_4647,0.08900316262876563,0.11161391448730618,0.28615562057924027,0.09238400296836041,0.20506075189863773,0.25926668767563343,0.15427429447558655,0.1900896173548976,0.17470305785281764,0.23151436429722963,0.24422212109100458,0.28218387777345766,0.19901383475680137,0.239017250314647,0.13104405978151076,0.44909475954054445,0.2666597878623367
U_4648,0.20930564773904348,0.19745718497253828,0.6933740225571721,0.061456281346841765,0.38251486545390156,0.16061858264707554,0.1401136164022833,0.104285160003369,0.9061835875083153,0.06320352382650757,0.0803612723876439,0.0656325050089885,0.12514945424163212,0.14049230526814122,0.07494675360724537,0.022863708600127847,0.13088422949081055
U_4649,0.25991485159468686,0.23468502081151935,0.2467340228666047,0.025776096158556767,0.040716897467880736,0.13074140336431175,0.04957245832108621,0.35419012327616106,0.045055540926081765,0.056298385511393975,0.04679948517490783,0.05246773497241065,0.12067201506276168,0.7039981667553649,0.7779399054513201,0.0289948576246931,0.1534400235123328
U_4650,0.18961123240043434,0.35949049496225316,0.41917429156185515,0.02743144684341992,0.027603804039575467,0.5193619853633563,0.12864130107283744,0.09385040452915722,0.3405922161170777,0.055153979934150124,0.038323736390541506,0.33771540597123084,0.12531735132628188,0.13003046514862646,0.2091228136240215,0.021449238999715157,0.7143867199917414
U_4651,0.20737737126872416,0.4715310601933307,0.16426789229407393,0.029070089603474694,0.03028971551085434,0.9126968687737183,0.08210627337578495,0.09399656381718421,0.3306737250694811,0.06353640142138806,0.05126163347276256,0.060062527309148545,0.12344096227278345,0.13629472092268843,0.11782642975412538,0.05520264192014994,0.16108443044960707
U_4652,0.37822888097538,0.314066062272336,0.28476674068417607,0.042261546190130374,0.048951129419906377,0.16890918757211504,0.07265962341156279,0.10007009199641184,0.07084922679907853,0.07576971607719062,0.06956792631363637,0.8458356317232875,0.17625508915780758,0.19586166031791113,0.33178928102270455,0.04648259141166727,0.14278415018066712
U_4653,0.2670736678313709,0.24958526932372546,0.30751100347482196,0.03727108091287713,0.057667449761706575,0.1910917864217609,0.6309672215919891,0.14516333958692332,0.09265313611947196,0.1981243340458685,0.0710154279940233,0.08036093215302034,0.14373806796095506,0.16577868519740746,0.13674093274149182,0.02147539208131881,0.37845675279238955
U_4654,0.048549697898819216,0.05849875939525728,0.11848867142781973,0.08957186929954396,0.49528418445252287,0.2213318058854046,0.44135378562309757,0.1800991262569252,0.0877059082066434,0.16063139421216127,0.13839526663914964,0.20155644418209484,0.11783338610954944,0.17213781355469152,0.07890941367794235,0.4979413821621921,0.23342505916463188
U_4655,0.21079181824985058,0.7405664288637034,0.25376187842858366,0.0544558018277841,0.06258148086588157,0.24855247708930248,0.12858487992922404,0.1417992637020653,0.12232248691865572,0.06922607498904727,0.059722829405104344,0.05613337654822755,0.1600986599599219,0.17738750067901085,0.08220742736608629,0.5754397131705661,0.17079231255864386
U_4656,0.4702773959095542,0.1883313626112297,0.572421128915492,0.023030012217145096,0.03495486405838304,0.13725131505467233,0.4406585789714401,0.09203210665571661,0.07708628303473698,0.057809611979212236,0.06055965334813165,0.32408924573808573,0.11974866475606624,0.5604861876342125,0.37183501349766135,0.02528830282515017,0.10882257428839673
U_4657,0.301567354347262,0.2344234815435045,0.2861085302055695,0.030070347327460042,0.17641805745019046,0.7158060323320186,0.1670486055549413,0.17976052713589308,0.11744589448146839,0.06297055542141766,0.042111209296588424,0.09195114796162286,0.15551786821020594,0.18948300012961147,0.27740690773174503,0.22391849985333004,0.11697397641212233
U_4658,0.2236104408014199,0.23383148630646278,0.2876903131200592,0.05854929727874129,0.06422412750499917,0.2636877414077461,0.10563394238584706,0.13961560948033302,0.6997630313894506,0.09629647532794357,0.08661439813553246,0.5694319987881027,0.17280552181159903,0.17048491728228482,0.1462660746637579,0.03716186135888509,0.1594295356773585
U_4659,0.32102832730511865,0.2606819059146005,0.28018499814249387,0.03980031107861415,0.03815209648266913,0.250483309346073,0.09031946802795009,0.1053420947296155,0.6691095978643407,0.06314864470018815,0.05845791862992891,0.058647932274171304,0.1477898840121764,0.18936535579041244,0.2709624737306703,0.04212949543719237,0.6760558360755121
U_4660,0.27137287504614394,0.30933010207294687,0.2586269655383223,0.04868213894504246,0.07259881936312501,0.27707005499140847,0.09953741684106361,0.12863191353396078,0.07696903176397013,0.07115239937196693,0.06588426802540209,0.11292619598140363,0.13181571422659077,0.19618624905818807,0.14721676257592395,0.042250391242715714,0.7456840260463058
U_4661,0.4026108254847781,0.2927724501947332,0.27196429193409466,0.04829789516474528,0.04384510749702131,0.13637341126275285,0.06365048050277196,0.09311245876569808,0.07322118047453595,0.06210040436053156,0.06402726609221825,0.6950861596542109,0.1703257065264287,0.17490986308359516,0.298120627655163,0.035139617998352156,0.13894671438558517
U_4662,0.03887351191049848,0.050210408903928874,0.10093185265677597,0.09972318330611621,0.1785927291707413,0.09264211500659175,0.7834275370068527,0.16255761269355165,0.0835544241381115,0.26156405481337874,0.24812999415440165,0.24014662158557096,0.13385594597191258,0.16890772128339288,0.05941706696045307,0.3604331256432822,0.1849646817615398
U_4663,0.02207733302963233,0.10036469021117679,0.11957514923491804,0.1095563777065752,0.16428066580804282,0.143618648625855,0.1387581300515513,0.13885267312241853,0.6454815171251519,0.5336877164144743,0.1641209474876423,0.21274237881441851,0.11228791104811618,0.1323942171647691,0.07292303618052223,0.7135285150301031,0.152354021412692
U_4664,0.3606292003276914,0.327019659678772,0.32941663524782705,0.05808383057763328,0.05585232898557628,0.20567733362343635,0.08667636066190827,0.10642254568257903,0.05472355333891417,0.5675508879870835,0.07632291870880217,0.08404840604446565,0.22030412929252963,0.21434671511349637,0.3362791804758771,0.05346770519760657,0.15966016270695532
U_4665,0.35508894570300875,0.26685149041192646,0.2740248450068892,0.03183752040380297,0.041718473085754104,0.13734077552235688,0.0891059040545614,0.5180563683878793,0.4287224165525315,0.27286558297984487,0.049851226043055794,0.062268605025832965,0.13031942383568848,0.1638279646361308,0.25641745790520076,0.36895630039473704,0.09741433089746573
U_4666,0.22566950157429908,0.21268182873662472,0.26576730778869795,0.04155657428989408,0.2866222951723486,0.6236108049606105,0.08739677992278166,0.12643797902602635,0.5174138757852836,0.05754351774628123,0.06793002231288457,0.6831242874097152,0.1483030839016716,0.1441094606338753,0.12344619655793396,0.016178755264571507,0.24549997331780202
U_4667,0.2335454646249417,0.18761959834389672,0.22658670477434964,0.03621414234826433,0.04615285908827473,0.18394181251012767,0.24233219136655368,0.5699062409520806,0.37144081381308136,0.06176351383503162,0.05236813969428278,0.05220655772872707,0.11338741764802159,0.15659876553224258,0.8127482720838798,0.01504046304034663,0.12506483138932292
U_4668,0.05896978056515051,0.06890338190401928,0.08943652177286213,0.13514442617315683,0.1551574274591836,0.07659998602432935,0.11341069569252928,0.15421875703178867,0.05953255291469558,0.3458115616254668,0.08759712731979932,0.9112461388303624,0.09006765703065259,0.1229289441566348,0.08097473806372599,0.313912722290949,0.1520007396106498
U_4669,0.4257537090600324,0.31172537366820186,0.3024340132015384,0.05432884603454038,0.04120596950348299,0.770114197894966,0.07798408825561512,0.10291628907232307,0.05309875013899076,0.060316477975002086,0.06064840807725817,0.07224741373800303,0.18888194564688712,0.1954397474170858,0.2855145919473211,0.06249532444122001,0.1675437477285263
U_4670,0.44806057909547137,0.36342482338807924,0.30185092222389687,0.04019873134487089,0.048380921784390796,0.185575109784088,0.08260947976737129,0.10593173974507315,0.06523693803505973,0.0737581764061395,0.044436420327471075,0.07902972187468751,0.1416234698101212,0.18972846763844012,0.30163788559171245,0.5259978372673174,0.143356632078215
U_4671,0.32658887293747085,0.2590814092157051,0.29139277779014305,0.03722089893216049,0.03567157472420046,0.25292017965055125,0.07827475916925189,0.1015240411059047,0.07398411027965646,0.06421081019257255,0.054077493630655005,0.07033820524001942,0.1422175178624488,0.19697019736174584,0.287501713700527,0.048342313073237816,0.803527577632272
U_4672,0.2282227017775745,0.7290882218198946,0.26186589406422645,0.03949097703750701,0.04928756724687884,0.20313007406523928,0.08496568063000734,0.11497374106293837,0.5493794001675809,0.31422298095818246,0.08478557996147078,0.06558785917006085,0.11900692983286562,0.1492431479995753,0.1476975489244133,0.02290039514549972,0.3843528781444634
U_4673,0.22518572987454583,0.16105897730248106,0.2206858136666689,0.06978140338629586,0.05685823580102237,0.913215756791614,0.14360861780386097,0.12030495161087179,0.4762484856624878,0.06295338416569472,0.05132811114061725,0.05707039275409951,0.13347147981782628,0.1494814647572516,0.12424547033782038,0.03534035611770847,0.6658763596285704
U_4674,0.3480880159536809,0.3579985530880295,0.3392713992643507,0.04659197487714359,0.04580524726300274,0.21999767145790697,0.09538751269918412,0.134851441889889,0.14183513487853386,0.07172607082898058,0.0653657588663027,0.0742569838710061,0.1577598357423518,0.20612084163188424,0.29915328431880106,0.7851343188672958,0.20242236649335513
U_4675,0.1962652051047937,0.9361980052460745,0.40515297750906387,0.020636358387632246,0.1396823087382103,0.39671364560775624,0.03627947570910612,0.07617997522355145,0.09770251808330357,0.039437770588076064,0.024191554660536352,0.0479304683245233,0.12658539621581058,0.1411654591039339,0.2570931269647,0.24780890436205769,0.10165262802567845
U_4676,0.2615431938009447,0.17840783663951595,0.30874091478682086,0.024027201616010924,0.02508616757279266,0.09395658871975615,0.1425024072761556,0.07883818477000924,0.2184225008666179,0.047406863311812326,0.043146896233194273,0.20101307399653776,0.10096837057018815,0.4967114980483698,0.915693074385565,0.01777148062423532,0.10548153559965456
U_4677,0.03483281533918503,0.053503951677168295,0.9414014167732754,0.06977884189685103,0.12670793742764422,0.1143408303460801,0.11026805900843625,0.14383716364401047,0.0849694067202551,0.14918404910415956,0.16113331835592107,0.28302816758089744,0.12303195059687469,0.13454537280039844,0.0715629936681382,0.2548972038867413,0.13869119379996678
U_4678,0.34951829745887164,0.27055266849610005,0.29170976175110375,0.05227275028629993,0.5163513292653567,0.22408639645437947,0.47246251416048757,0.10351074369967066,0.05185679282980771,0.5942363689156968,0.05273601119339549,0.08206612720211302,0.16639436031035468,0.1846589588922727,0.27256589112533613,0.03880919229483262,0.1458630077754104
U_4679,0.30652456954530094,0.26722320469442484,0.7194537797322744,0.04979547703519913,0.4766840612194603,0.15916430725743086,0.6264199195694359,0.09495010442178217,0.05580238794997127,0.060940657828492145,0.06048895509577522,0.05300015633142553,0.13759825538051787,0.15467195282376256,0.27132081697855304,0.04177345786395351,0.13839328133136988
U_4680,0.37453723802586125,0.29540582958326045,0.33334754538299627,0.04954025860856601,0.0449430514957402,0.28602821043112314,0.6698009820906997,0.10673738049764014,0.06318168315625358,0.06990582211676936,0.06976120275295072,0.0880427802072875,0.1667317651503046,0.1914912933169868,0.32168574468006705,0.06046701674797156,0.17886940793711842
U_4681,0.09494431603925013,0.08578239302347258,0.5203306194691458,0.06792890336850316,0.08454910478712176,0.18958965624606708,0.2349166890465849,0.6057998971834572,0.3618125333670469,0.31172478430104844,0.08101920183580148,0.29531082582729196,0.16932101029982827,0.17916686950688349,0.0791535101221745,0.03512921184306607,0.13195682617154478
U_4682,0.24581757482489802,0.19273000734074944,0.2927212934352573,0.06676658131408884,0.4691828115267007,0.20693489116627542,0.1756750157266967,0.1237198426901922,0.18954619010923804,0.0450076032806429,0.04468661384375439,0.08456065897938832,0.14626818580222392,0.1799428950482979,0.13765225723496705,0.34413970055997034,0.5082254070475625
U_4683,0.2926850464303342,0.6224482333687117,0.28978937900676827,0.032350750077250225,0.039409631027101245,0.15150589090114833,0.07088576449928093,0.10259066129786497,0.6627673684765416,0.0680748544763943,0.05875549001998144,0.5471710837195236,0.16090990900613594,0.1703643744061226,0.2967552601269762,0.0408561657340045,0.10770760676545077
U_4684,0.23475937057704124,0.19127831907229817,0.2554319931987409,0.08108348751924012,0.10492418323985764,0.29102220298107295,0.15428864193301806,0.7363800298679053,0.10190999441927986,0.07796870486020822,0.06648060819104253,0.08041778215961613,0.16463457012133567,0.1793791351111419,0.10703998514615237,0.03970968608649929,0.1820721078039827
U_4685,0.2826001151168914,0.21037074707354428,0.22260623321983286,0.04116122940039824,0.25796225409886275,0.551830480670323,0.0595707972918464,0.10831647917916326,0.040274338290361096,0.21450272524536257,0.056840093172822986,0.05093884436130489,0.110841034241968,0.5743567893083054,0.8308251921465319,0.01780997725919219,0.1165337286530533
U_4686,0.22248631966265422,0.3954972633793571,0.43045099081431826,0.03556613156298219,0.03485472108031076,0.14983728873959268,0.375768356151272,0.10021467979320423,0.1601556108689998,0.07290540484867923,0.06323551038120097,0.5873243545755138,0.15511255403842494,0.18600712870170008,0.2986380577728811,0.25944719518851445,0.12610793013214716
U_4687,0.3496534786727685,0.2670001647068907,0.2879386247998581,0.04891438665073598,0.037479148925964975,0.6499348443000973,0.2514676426814645,0.11153439954183102,0.043196046158028654,0.07165281328748452,0.060230095990686114,0.08190888670260454,0.17435028576100073,0.17195988861818176,0.3038306816413544,0.042861657473709174,0.13092725183710807
U_4688,0.3023362352180464,0.23297318361985983,0.8845532769695469,0.04769103758461619,0.1919214028741052,0.16144055101093888,0.20332312865106453,0.08459675937297823,0.05770151658414949,0.3010160151065082,0.045598676381220185,0.05744928198749688,0.11457176051204526,0.15787215895140053,0.21994368457679261,0.03097989269839159,0.1097277083340903
U_4689,0.020759814521505146,0.297632057798746,0.17105260313892756,0.07977554517261289,0.4043018515575023,0.8814131944510583,0.104490319179145,0.11394349305451495,0.41675541384151704,0.09956854305928328,0.11079597215943444,0.3710657004213007,0.1035011366908688,0.1067808158606207,0.05825051115790682,0.40285704731367866,0.10385875963014227
U_4690,0.08467868585104237,0.34212113893101714,0.22184478548157643,0.15978609230294272,0.19999709557028664,0.3782683600831874,0.2895434148357462,0.22648068403839738,0.36719716784115963,0.11312291015889925,0.11809693250003395,0.13778838245150965,0.3331636645101439,0.2880128633966077,0.16095399077098674,0.05150586081522057,0.3051166236768801
U_4691,0.1042868854109881,0.18628111945433537,0.21295791585932008,0.09261617367055311,0.08950363706307153,0.2819064102181885,0.21969997563923263,0.12583374585483928,0.2292932227626368,0.4676426528267241,0.06903548518276162,0.06558674009157461,0.1733566262069849,0.19824584683430263,0.07248068226056247,0.5862269945078659,0.1499439633514185
U_4692,0.22277298378410124,0.06022959612152484,0.32644350459757143,0.07321318228363231,0.1234366886610043,0.10042039282162471,0.36012501725560087,0.09056919711751037,0.09960771673657465,0.13062624221935254,0.12990405023366375,0.8467182819320477,0.08969040268462233,0.09749017337022903,0.029735262891522618,0.1919817838152965,0.10937083217269052
U_4693,0.5886660407664116,0.5281287082682057,0.481148644973863,0.03393177612040025,0.05507856845841161,0.27250572456074684,0.07811149225714951,0.1467246492880898,0.057727007043864714,0.0755634294692966,0.059141026797241376,0.07674509281571912,0.2280935723420041,0.27290567692739076,0.5034483727708862,0.06466762630376865,0.20150136558705914
U_4694,0.2888058066093996,0.22628379402500526,0.27855205345011125,0.032487218992807806,0.03650735767336549,0.21792390526246516,0.0748750712307831,0.1033762720063115,0.45844781620775843,0.06710164698052033,0.044396048655682405,0.04466379273575379,0.1306454615153426,0.15350627992032617,0.2657391937685879,0.029048472807557388,0.700086214095529
U_4695,0.03867160505024304,0.08505985538409724,0.7700973978556128,0.10850020914741093,0.13789088821611162,0.11879222157205364,0.13018393511521104,0.12814523803902494,0.0704506982175124,0.12191887725467387,0.14114205237795197,0.18914174140811493,0.1099682502658077,0.13731034291271974,0.07169337764971698,0.9069886633213768,0.14501388578339214
U_4696,0.14539452736171923,0.28535803811787575,0.19005383851013796,0.07856115340232345,0.08960911433211503,0.9899309817781344,0.12805328172461553,0.13055294066921108,0.2144955124596549,0.06826414620495028,0.07990920663450948,0.07267960690601412,0.21668980010213698,0.1907087523606353,0.11405281959430759,0.037899944197425,0.17095397890646277
U_4697,0.02427074533068452,0.033274335358281136,0.2688552175332616,0.08492782386082787,0.1473872416843725,0.6787814213033996,0.14016536311962133,0.1074795998162525,0.27646083516450737,0.1863872150776619,0.2214826325713026,0.8142001559167723,0.06787222255067268,0.09989890501085913,0.037817184443351325,0.29232556172314395,0.10397393208529795
U_4698,0.058339294388699406,0.05855543551109072,0.4036527145315273,0.12534609922985945,0.13268663757440533,0.06502261119283076,0.12641877619057937,0.1419952267071286,0.2806508204870105,0.521468951743653,0.08874908115237064,0.5514504812220697,0.06737081323059993,0.1073930884216329,0.09176114419322676,0.43392771830117327,0.14153285410227578
U_4699,0.20534423755571615,0.2292969608755221,0.7689378318608601,0.04175599067657641,0.2900280156804894,0.30226106349015935,0.08509335994509831,0.1194619557084974,0.043576247440116136,0.049057928701369206,0.04453725825195598,0.05220750612222806,0.1274194721876917,0.15924916937540004,0.22290461027628997,0.26041595299410514,0.7060124164544892
U_4700,0.31388074197893845,0.2980971315888431,0.2699487711594183,0.05651371479691438,0.04023128938815204,0.20572768261539076,0.07307716242596406,0.12376395359774264,0.054883144241726495,0.06917347693050199,0.07114613388049658,0.8792735456285024,0.135211502306288,0.1782014433423472,0.3904252328609116,0.03401932943363643,0.143404451167699
U_4701,0.05336213958551916,0.2771602270028859,0.20850070776488086,0.0820656885127919,0.14274055753029,0.2311359339972726,0.1768131697634348,0.15836267567929638,0.3379736883949829,0.0749358866950057,0.07928679420798253,0.10427355086361623,0.17984570261626984,0.1933473553668708,0.06949427682468184,0.40693652714234185,0.16872524248187035
U_4702,0.1870546866201404,0.7637462748111544,0.6654757926288969,0.03958804719539416,0.055720288412131204,0.21150978493603453,0.11072733480968079,0.10421767767280261,0.23328459838329552,0.05184805230699105,0.05045650600612107,0.055662109713669874,0.13586715346459272,0.13795783689979524,0.2212672836513104,0.039762644165921394,0.6148105605874709
U_4703,0.06236527981250317,0.12643071035011816,0.10750716918178711,0.1446548360792182,0.16988847012199446,0.1386256115284422,0.6274439288336638,0.16241136845448476,0.07726327618922539,0.09614477045366017,0.09814979614911722,0.07428868354622803,0.10298397698680717,0.134445460665353,0.10820531408998506,0.36014027888300815,0.7193290849212274
U_4704,0.2908528641008532,0.700830191221933,0.2550035350656029,0.043498761026439535,0.03494994631496475,0.22702579918310475,0.06903820682485394,0.10038780946692841,0.5248092280969971,0.07328189033777847,0.05560826318363668,0.08435431814645199,0.12454479137995081,0.15344085092841578,0.21175209963808475,0.03297054715544637,0.5901093825928424
U_4705,0.48197129196179034,0.4395791064575484,0.5078685630577927,0.027800382194693284,0.07107743110357848,0.4340012835312945,0.08263215236968818,0.20410203719658762,0.08584432573972312,0.11416407211989058,0.07999380535365379,0.08438554418309802,0.2214777261449236,0.305345551962941,0.3652630539112931,0.04171159462431184,0.2304613430560152
U_4706,0.3070441362073343,0.2569420335692377,0.2714180907816618,0.041025460903820275,0.03657564744465165,0.1166615446071427,0.050187587022681196,0.09837475969692724,0.07371998223796242,0.04381162530167805,0.050041995482926635,0.0631253884310829,0.1518369386993962,0.7621502181621026,0.5585805521454783,0.03307966811744613,0.18090769439797189
U_4707,0.43835302239598317,0.3805259774819916,0.4856184047560307,0.06607458311878298,0.08091380792648722,0.367333791382653,0.1402180876914708,0.16708224015198325,0.09098740292292677,0.0934895769149303,0.10196288435323807,0.0901203303174985,0.21244932020980592,0.23133519652012324,0.2898317715362674,0.0425491621717525,0.27415584707886764
U_4708,0.03013798560491248,0.02810286334800547,0.4917112555585825,0.06940367793260455,0.12458022681363798,0.8592605568803452,0.10171139763383491,0.5540082739052395,0.06097608426520207,0.10788184049915138,0.10669364429958762,0.16373129686309443,0.09096539831986883,0.10802744346250184,0.04271864789227087,0.3012512582680503,0.13567129910446285
U_4709,0.10275489760897405,0.6293565340596824,0.19493161651998744,0.08074239002925541,0.10513147223377088,0.6619145610054656,0.1648054429138434,0.15430911409302325,0.2200108091591403,0.07676985766515351,0.08248207895064216,0.4620781621679647,0.1706683566457599,0.16761998973795997,0.0790390952848127,0.03732071360571175,0.1620354345672136
U_4710,0.2960139430188371,0.2601074049011811,0.266479249779365,0.042155447044527915,0.03471084132832766,0.9526221357062888,0.06409840491888366,0.11006272587032213,0.043654922548740996,0.07692706318585513,0.050304778588900166,0.07211271177255511,0.15029462624205683,0.173652329203697,0.2766085730125515,0.04311908674443658,0.16545212061407388
U_4711,0.3628692495248913,0.3060784213160499,0.2952980287706771,0.05436790233899798,0.05599924236003014,0.8178750616551186,0.08508083122150958,0.09914719801726614,0.057538891451079224,0.07263865682649352,0.08623084708393625,0.052779664866804216,0.18085143394285746,0.18895220325313652,0.33630864867891375,0.05509709519934246,0.11314842057812134
U_4712,0.3557726066739304,0.8717625403158072,0.26789358513915973,0.05001272462582156,0.054200003490424795,0.14913327525083178,0.05913222133287084,0.10012750910898424,0.07026729627934421,0.0847845355633517,0.08823452660514634,0.0798588561701882,0.18897309340844334,0.17547125582626205,0.3149432073005396,0.06203154492679998,0.14117112882952262
U_4713,0.13800934249413546,0.1958826088327075,0.5922818877673082,0.05869069252444514,0.40097889721770297,0.44812450909415735,0.43339878566001655,0.24825202894646828,0.47612460574106896,0.31877599385789146,0.08082189818511394,0.08478830178051405,0.12738940836835075,0.13626455123734543,0.07358618605646894,0.013737170658809042,0.1558288259288341
U_4714,0.3523414341529535,0.31998381323066116,0.3182200584209697,0.056292053997733606,0.04182904479562886,0.15389025721487185,0.0763790649503755,0.11957582275062136,0.7282260099503919,0.07185661162979065,0.07038727994487576,0.06372725731836697,0.1449085242927962,0.2918406167952112,0.28981128657114674,0.04331785292272118,0.14963193783598358
U_4715,0.24711152840360653,0.3797490752200693,0.27712004764663056,0.037988477967308046,0.3164137362967021,0.14724509977665204,0.4857347496078954,0.26362650410687927,0.3508019631128394,0.23054134982365818,0.07604574806841535,0.5241145858668019,0.15488155851310123,0.164974719964115,0.10523007744897914,0.028480056250687485,0.1665081145597705
U_4716,0.35601963421230176,0.3279298217869191,0.31606566213447085,0.06546143870957156,0.06675806829528323,0.17248844104176692,0.08811814425115518,0.0993355418998782,0.7567168806017086,0.09907120601389988,0.08298132291549538,0.07201416198749325,0.19979206112812095,0.2141943784665235,0.3592095852629412,0.04171126186332677,0.14165575398146882
U_4717,0.06350480227616365,0.23290247448694912,0.13344983920318945,0.061897116613053915,0.3915333142922188,0.12714421756265026,0.3055181333764124,0.10948708225479388,0.7428386394623954,0.4334675332675557,0.07089041795935216,0.08579431395134224,0.1425313818944685,0.16098940266580825,0.07586413216671821,0.03362858396867223,0.138594801002365
U_4718,0.016693014378054174,0.32555656759454277,0.15054593185573298,0.04339278022724603,0.07332783089272363,0.3387961509575461,0.42791977456517283,0.09289549943366786,0.7325985771673843,0.21580803621249073,0.059449936418460456,0.45072741563723895,0.1409170707257645,0.12158171920819116,0.017150232665581265,0.14342181798743683,0.09031439438479325
U_4719,0.032023690311643205,0.04825040630596128,0.095675911693017,0.10755540904241088,0.15312401688231758,0.16186938157689396,0.1466208852629636,0.1582754683902814,0.4917631787157116,0.16207948093173777,0.16633642238999222,0.9275590910052481,0.10531401718146224,0.14560654394085962,0.06701861318970678,0.3450037543798171,0.1579950450686921
U_4720,0.08605153446797927,0.10530889375380864,0.7202483634335674,0.12971657270995085,0.1413306885131466,0.10598918886556906,0.6547424084655664,0.17969311350632744,0.06385203528654153,0.0629486730342862,0.07666409960913392,0.06315362694855815,0.11398550413144153,0.1462098854591409,0.14296952394362825,0.39587342033091244,0.2112477343290242
U_4721,0.5255361726284201,0.5394426496265394,0.496410155457536,0.03264898384273589,0.05394722968779213,0.43867881726482494,0.08651082591903478,0.1470246562396704,0.058947848820806184,0.08909776293354714,0.052313472796861785,0.08500647876578157,0.22757389063461458,0.26720319462328945,0.47272127548420273,0.061702628883081215,0.20466198888017073
U_4722,0.03193942827983908,0.061259763340831996,0.7640525538223116,0.0965233595282685,0.1471071189750093,0.16485810461441683,0.13863088114592587,0.1262983443431159,0.10010508367696282,0.19325832262583328,0.19285055740288445,0.16795134574507523,0.11064503233158067,0.1356507631429345,0.060274791884298254,0.8948564774954634,0.13695870950828415
U_4723,0.2662738583232642,0.24788112241246982,0.2493849536393609,0.04635399026601214,0.039879896545175236,0.15853514257364582,0.041971006979479385,0.10160359138140758,0.03300681016891413,0.05215416469075593,0.05936474800374683,0.06078779480070484,0.1279986300284221,0.8193002724696469,0.573044839366261,0.34707323059640416,0.15481107273355046
U_4724,0.19529688926134434,0.24957968401670486,0.20385833265519313,0.04944286172190169,0.4206072466167484,0.4704165333986946,0.10477187112908701,0.5565061214752663,0.1634149872276419,0.07638119332234376,0.06772031261315693,0.4857322208684266,0.13949888608237582,0.15595069247976384,0.10893296207329417,0.018438167590849756,0.5450830302285755
U_4725,0.07673838963638357,0.12476228492179398,0.2472818384325933,0.10243249308049665,0.15058582585540606,0.15833617552334656,0.14711498926475375,0.16171559581422493,0.23166896742362433,0.08878491299495561,0.09633229921812154,0.928546840797709,0.18887039728960237,0.20109086649566396,0.09599376658740287,0.03978277498113202,0.14791843621473003
U_4726,0.21801072760619483,0.4144974617292906,0.29888636545251,0.09251089757711704,0.13952115716993194,0.38504087114708785,0.16799451936563647,0.18429196203496825,0.18282843540981336,0.09916079074345353,0.11055834864449157,0.08799015615239716,0.32970863829112707,0.3376644711509257,0.1735787386206131,0.0455837228512765,0.22130485805657063
U_4727,0.2638700929648252,0.9284600835740306,0.24451948312103533,0.06960634575752009,0.06618528184998755,0.2341460191116242,0.1236130589666499,0.11906137391040089,0.04589706643199365,0.06769429580292678,0.06577096367121414,0.06691773497209456,0.1698177685971162,0.18351279061176098,0.23139996796849735,0.03784976119418425,0.6910070267421697
U_4728,0.04492096662751473,0.0674137855881397,0.12675799523670847,0.08263938969849427,0.21752028469130122,0.1754861297232442,0.12767366233391914,0.15398755957775925,0.764594763506979,0.23358869280938965,0.24658598421817998,0.23450189510907476,0.1597161464397321,0.18910816705551076,0.06279346445284739,0.358506977899519,0.20643955934243735
U_4729,0.23101393816708732,0.7677378659963275,0.24860596474345323,0.052731426962873085,0.1925854768447665,0.45548676961729606,0.1911625371464598,0.29062956607835255,0.321108445659944,0.1740101514431008,0.07275310309766185,0.0605118416334339,0.1437210129281116,0.13424985282229587,0.10198459715477343,0.009268815430758793,0.13460372061911474
U_4730,0.21744901370665795,0.18165885931134518,0.5034307918519926,0.02886643683566186,0.04008534367765469,0.20022115094268475,0.057165479382603294,0.10271565011185511,0.4427571839350475,0.1811332860132956,0.05413012736603852,0.05837159554334064,0.11398721450565252,0.5709082300163333,0.7466383438374985,0.010662800463761538,0.09018806173520309
U_4731,0.03069520611321728,0.09021399026451953,0.6665502122243372,0.1007512034937831,0.16333753990126867,0.161535978589442,0.13454406321528853,0.123755149083103,0.13153251314346825,0.1489803227548442,0.16126384775146174,0.14332205158575737,0.1019470522885607,0.17094699226760315,0.0729540144862785,0.936087248368495,0.1927649498082991
U_4732,0.3045494671314114,0.2502908207405622,0.26112259023217377,0.042164018556540284,0.029696040047554384,0.11708443442892455,0.04225632727957403,0.08933437472750914,0.12916980889939592,0.04670146175192353,0.05895900567675043,0.5264152074706051,0.15867484945798796,0.6557238705216776,0.48503431027743826,0.03234618995401715,0.15493176692754054
U_4733,0.01963807040892856,0.07691436653768888,0.13015046214781315,0.04379101888372871,0.06251819845854865,0.7184071000034422,0.18965935405310422,0.10147238526222807,0.5621999626136063,0.04654108033286256,0.06506129472592781,0.5675542826022703,0.14858513918393274,0.12017032926256754,0.037466505671472125,0.1553362263992486,0.10319366210794316
U_4734,0.03673951118602211,0.4473545476807784,0.8555988734608012,0.08197411219980635,0.1489066904658111,0.12657520927938867,0.12454953718381043,0.15108252995643784,0.08362178694514612,0.18085035994473778,0.1770537410698141,0.19996908154633505,0.1312506038278908,0.15122929916742114,0.06734100145396398,0.34997621718834615,0.17019660933187059
U_4735,0.10438490464086737,0.6765383577671955,0.17386691084009964,0.052302073539957195,0.06300661808753186,0.2127626170854305,0.15148304314280772,0.34668088405032305,0.32097099971191423,0.07791066415312493,0.07004247118161422,0.05873895430771515,0.14590532802542863,0.17342579173700956,0.07517815361790664,0.4114038250411146,0.11838776906844425
U_4736,0.36928415551203075,0.32277183898656137,0.3382937217763483,0.052984061545306084,0.04014037437354817,0.15645146088726136,0.08184135564598086,0.10786088185854899,0.055986583652332646,0.07121290260682185,0.06780749302155459,0.7308622962295735,0.1633533818743127,0.20390353761814214,0.3104744608743457,0.06136526088266747,0.1682420705774532
U_4737,0.03215981758153355,0.1333152361774901,0.5471756449380389,0.07105525614982675,0.10941470433787887,0.7575412218466228,0.4669642966697761,0.26412614666215906,0.5346143160732567,0.0695210493856894,0.06498161120733259,0.5154223359504339,0.1410838897810616,0.13777060719995918,0.06150407643095697,0.002384488422517453,0.1088127760958649
U_4738,0.22370470403570014,0.24253988106712746,0.2505841781687147,0.043853856232420864,0.04872309711901009,0.6842623328442508,0.0834059061805788,0.10520320736001962,0.699937694275315,0.05423300240063136,0.06208588549011161,0.06330872705338592,0.12699002383867336,0.14912091170060846,0.12581172321562287,0.028569098213399428,0.4918246745293904
U_4739,0.05411153858147675,0.34446303689201807,0.06291991617934327,0.12221875913513676,0.31444616713550855,0.568710520412598,0.09583635134426255,0.14535775870291898,0.03655706251816285,0.0703955213450087,0.07852652476761779,0.06686117755912839,0.0829662955558928,0.12617015538030688,0.09479051894340024,0.6603546989357335,0.37315166895676743
U_4740,0.32675981638662677,0.6034051075000337,0.25727067561455297,0.0375908778533394,0.09012167480609548,0.10623165518850629,0.04277338225532138,0.08633561133225495,0.032895445034116816,0.04766259226279804,0.04780114177966591,0.03725078217055364,0.13005630600118964,0.7241311124917448,0.5690376646852205,0.04023283915035469,0.15689633054516422
U_4741,0.21925272525186718,0.19660907805117328,0.6447984551171069,0.03170506239948857,0.13277464986567553,0.8510088619812783,0.5470833146009075,0.09467619890011722,0.2584778782405478,0.1840912546633788,0.06491458359241183,0.06961034456834281,0.1375762981508834,0.13908420539239083,0.13640855906418786,0.00884164629681964,0.1281743223766331
U_4742,0.2240200560302423,0.2076654937160307,0.39264174122820683,0.02741577803613476,0.02487965410660428,0.7001168126502016,0.06746792182334982,0.3744965276622826,0.6108792327322676,0.17679374473778442,0.026274001715681488,0.05615969453682887,0.12116838832573265,0.1353365344147417,0.20782189510078816,0.0915255746546963,0.10615940280973761
U_4743,0.3629891847858083,0.3087716942940678,0.2949971159825082,0.04858002196527761,0.056686430609676076,0.9278737589357892,0.0795697176158002,0.09782340845661193,0.04583595422024636,0.055691981530482895,0.05357321062887637,0.07049153580666569,0.16751342769050062,0.19048434379964263,0.30527061494272345,0.0355857892121902,0.1662088743606635
U_4744,0.247586015140252,0.48053285470177975,0.2448586382022705,0.05233093932918364,0.05314445025809461,0.2616455877592575,0.12037068823266395,0.12725085725365345,0.3534685332746934,0.05654243988632836,0.03779370828519278,0.04911457656327421,0.15201190644928106,0.15509484783391722,0.17664765141320427,0.5617183054569398,0.1638962980074584
U_4745,0.2939886321043571,0.2722505064518709,0.27395065128824525,0.05339205760697747,0.05876969147853551,0.24110534743235323,0.07635257752740242,0.11967426865105882,0.04909788724958634,0.46112834451646134,0.052760447710301736,0.5614307433472776,0.1315105939027134,0.7673479764051073,0.3123875287416411,0.028895485989332552,0.12796084432262836
U_4746,0.03396215893249946,0.4537882163247926,0.09555810522776846,0.07930850857097266,0.1318373886021948,0.08311034909711193,0.10597035312024153,0.11972862878065063,0.6674844726532269,0.4408083544757637,0.20167326683154355,0.1696121180178831,0.10197364653171652,0.12870891312818475,0.04562547707817418,0.5954279585964047,0.1394535353056843
U_4747,0.23698366129325033,0.5732900910833003,0.21242045923453018,0.0331789824539802,0.38162607250145986,0.10487722144395413,0.08475777566362461,0.07179312576425534,0.020653613281367007,0.08159133319369954,0.03563199396915144,0.05158818567556029,0.10631626041425993,0.8435432759787088,0.6036318012497374,0.028533840747978594,0.13113314889902142
U_4748,0.36450662172313053,0.3008345708130372,0.29339553440490584,0.04933781336593507,0.040584332618359836,0.1480164928570706,0.07362150957110249,0.1030567741807908,0.05863833638759908,0.07476075214806639,0.07248821688263211,0.9025328969573981,0.1866924957301182,0.18617759720383542,0.3081164435542634,0.06168756832760257,0.1412981748982314
U_4749,0.2858462461559911,0.3135086374531375,0.3237383849089879,0.05624163917599745,0.08737766923925316,0.2530384397015252,0.30604678341490266,0.503488008734383,0.15981530561084065,0.12613517630142293,0.11395867057700543,0.08384265130417326,0.19306361999997704,0.19362227042753247,0.16033629598362223,0.03301862834598471,0.1942114037960711
U_4750,0.21691219611369977,0.5438447661220691,0.7367961603292006,0.02658872899313722,0.02165729225991144,0.19106908605633682,0.05775878213714202,0.07870576935812226,0.0189084852829685,0.04508348824537535,0.04716490436019574,0.21690154788747937,0.0856829089740391,0.7934659939933458,0.5592135186415305,0.11826228745275723,0.07856302051412552
U_4751,0.20796719407239317,0.23237453175900932,0.23124422581571388,0.0471639746736744,0.04791351590577392,0.8095906541729757,0.5590412733609909,0.11561898476364021,0.06006064083946608,0.06108080373663734,0.05854657376912808,0.06975734508392605,0.14859170082528944,0.15498362337254154,0.1141945986570915,0.025320670829755476,0.532949218422274
U_4752,0.23298138546144823,0.22310318038777727,0.1792207990314077,0.044982376040256615,0.04978471403771669,0.713638411684752,0.08199015849104464,0.13431697325253633,0.6517929340656398,0.06630374618459797,0.05800048704668207,0.07254504201709762,0.14796530473594804,0.15837875660569842,0.13402559569449202,0.044056479826862796,0.7252563487058682
U_4753,0.1933359093696861,0.8430503124559546,0.21186330901141318,0.03544641117683979,0.2781455607725881,0.6116980278706202,0.08270933761953395,0.2694557138456699,0.09213287934794696,0.06323214656064471,0.058150665526977806,0.3068697724253099,0.1391266851269739,0.1625298106150608,0.10733269920745533,0.022653008928806957,0.12932364681816413
U_4754,0.2526058690520929,0.21469782225759357,0.8203180629732639,0.051835590111937536,0.3506211358197042,0.6666175904364408,0.07016210189654568,0.0918281072382953,0.03498168000654041,0.23857531358354475,0.054805784403733626,0.07012991729076971,0.1427291312933328,0.15890362034109348,0.21433877264967896,0.027737056807169216,0.11441149616726219
U_4755,0.26523591997875484,0.2620839684359253,0.28070189526095246,0.06054534225438274,0.06306890791250216,0.28580198648270017,0.0782462852910247,0.14831540621067713,0.14832414422156462,0.09250313912218598,0.07474008076597918,0.9313978474735461,0.22159661034603817,0.2172042018812447,0.19883808537060402,0.03403935479078928,0.18091970124548537
U_4756,0.031470467771692615,0.816223154390915,0.17805704927910657,0.10508695148485052,0.16691838792275024,0.1406693950493631,0.10384507689877823,0.1465124380995936,0.12119921286296582,0.18725094629960895,0.18756048207997936,0.1551656860792657,0.10624478304278348,0.1475003296884201,0.065014415426694,0.7343828058572627,0.16830003546350328
U_4757,0.1247608031073432,0.11854241239884433,0.1927219579572363,0.03998777209199156,0.07135865574208611,0.2078115384279033,0.7653143868867668,0.11939250537058796,0.3124773125921224,0.055563128560299435,0.06183115715206103,0.3579483223933785,0.14208869344250985,0.1451897176398637,0.0401658152824415,0.19395977926258265,0.31147877140500635
U_4758,0.33571463867998186,0.2955318707220267,0.2904652152326408,0.04533446441033409,0.05518272257958691,0.28467811526597986,0.09292454409571117,0.5720328164026343,0.05560352885781045,0.6179927615256261,0.05928535936944538,0.07615845342407536,0.15616375565525092,0.17870591717818685,0.312485722376746,0.037121921109611336,0.12569458876775133
U_4759,0.26093629265333074,0.2782774812990596,0.24790756462224975,0.04263583856781694,0.04933468627861485,0.17133027906960802,0.09241141051664367,0.1190812255001129,0.1509512787311103,0.39997362721254115,0.052806584216930415,0.358102384292877,0.13876029251425098,0.15674676994682052,0.13853951178911397,0.5194352972602748,0.6086628878901984
U_4760,0.323028943996859,0.30362877795371235,0.2705316899514929,0.04521716413704115,0.04625213389551902,0.2660515388599659,0.07898623576350271,0.1160101928664534,0.6455141462577093,0.06361329469849611,0.052580110800780615,0.0779122901925612,0.1594975094216383,0.18091277862848704,0.28287302577828255,0.0514114051835546,0.1569531146601035
U_4761,0.35418014295071143,0.3030370073404913,0.2837557041516491,0.04634360021704496,0.05252498105215473,0.1491568406408406,0.08701488415552529,0.10051011324058176,0.05558112875379039,0.06626060292304345,0.06687246305365674,0.8474343193657328,0.16462346689283383,0.21074951025898445,0.3211010365736735,0.04393433357691741,0.14883935535416984
U_4762,0.08244385529770379,0.8748714652407075,0.17605095560671594,0.06386925734240104,0.07867947241967825,0.5593962984758498,0.10909751181186658,0.1276370209305641,0.5881804165520667,0.0851429772133543,0.09437287483475884,0.08989032355043372,0.12209771735539282,0.14872489237339145,0.05265760688017368,0.02121581979803456,0.2930692446633054
U_4763,0.25485771238974864,0.23980120155154686,0.1780824850932329,0.04083317881289353,0.03223226882932236,0.8515371683186957,0.06657623943688146,0.11427426765098331,0.6051387516087932,0.06176646936311056,0.05126379939604506,0.08166801054880207,0.12182009339338284,0.1522747675212991,0.21874660113389624,0.048750973925639984,0.5794468754107898
U_4764,0.04451967686188717,0.053248232336248945,0.11282768055240835,0.10388455593825334,0.16460334675428143,0.7489227478608907,0.14757285850267524,0.14576405057176703,0.10801661806742464,0.19711195237486004,0.18257692216228857,0.20130857964863091,0.13480916357503162,0.18034231424741112,0.059562897545093335,0.38733731468089805,0.1593425923025298
U_4765,0.29517689703647787,0.6241140961377476,0.26190147086730065,0.043587914927036356,0.05510995962781573,0.5480258305951504,0.07437760958992097,0.28984189576549746,0.21192993816998887,0.09382730055839687,0.05499243943576406,0.07256514995000084,0.12246114338795108,0.18246685986960534,0.24074074581556065,0.03921089849575976,0.12999545053333153
U_4766,0.5923552720773739,0.38701331468145805,0.4365355038296279,0.08515870448382858,0.07361283813628254,0.22744047505367035,0.10634315908618623,0.12278989088989359,0.08023031612049099,0.0949397767178837,0.12216348651234632,0.08830746238087123,0.28120520503276325,0.20029598524714165,0.4546754856566806,0.05027263132813879,0.10879947566519925
U_4767,0.32724317801869274,0.8560204344840819,0.2726973941396339,0.05077124670010636,0.06207818642525338,0.23884980993434274,0.09403047977110587,0.12348313509873227,0.12333745263521903,0.0884537683280591,0.07310717188381521,0.0688548583555035,0.19223186696326913,0.18520973897250528,0.201458257207342,0.039696854417704285,0.17902699738020153
U_4768,0.06730402893279673,0.13495499355658214,0.7982383299720796,0.14745776734245977,0.17628456456640626,0.19347963395057285,0.14528219577008925,0.1486881544538135,0.0894801950733697,0.09450071001932775,0.09385113569925387,0.07353154074380498,0.13500036662768602,0.17509483757363944,0.10380465216813267,0.5028875663836718,0.21460691805431545
U_4769,0.04340876599809486,0.34874730801046583,0.09018691991892726,0.10707133137412325,0.16264273425068976,0.08716826226818766,0.11805552694876854,0.16292978207408898,0.6705170379996722,0.16494237326462333,0.18736424205164012,0.22081782285952026,0.11047684928610865,0.1525170955260703,0.04895529592328559,0.34695447315563577,0.18762336423369277
U_4770,0.1703985929336189,0.18400010738799932,0.7880506036790206,0.02879809653129565,0.3408018562417706,0.7705113907942278,0.0638972413294653,0.10222406157822737,0.21129668531142373,0.06316803177978907,0.042775115508674924,0.1979206500992544,0.1222646610122619,0.12627265468884813,0.12428748921188248,0.02673270113953992,0.6083399831632713
U_4771,0.3243779886937578,0.9562347047321814,0.2695275988986059,0.05195912902183244,0.04564817070029728,0.14085478202216226,0.06492260424521717,0.10349019747895374,0.05158228914923958,0.06456862743746199,0.07656061666234873,0.07314817816314845,0.14361977638630333,0.20384090374816363,0.28998892782367547,0.04052573086830169,0.1409833312506319
U_4772,0.24165660257514204,0.2081137218152408,0.8584253131790157,0.040284799206720845,0.05365257594110304,0.14255358310674673,0.08829603937555897,0.7253000191562265,0.32004033608788107,0.08081660520943576,0.07043260152230334,0.08336626332152736,0.14365099461451136,0.1783725899155899,0.19836575667835935,0.02901889343374675,0.1197714230911516
U_4773,0.2840883658790948,0.3012972339606984,0.3091462654750221,0.05351995917014492,0.06015994328547157,0.3101471706270671,0.08318527473511853,0.1206000820494055,0.053739914686759996,0.7032013848761155,0.08434927969297525,0.08544673334735664,0.22135482456428188,0.19975897647110583,0.34397330919125635,0.03898843617433484,0.15683111025420363
U_4774,0.3372767427299075,0.2733531788671072,0.2547714422193379,0.034733937353113434,0.4641303232667817,0.17579132357520622,0.07365774888666077,0.10997041600967697,0.04674987152880576,0.06255451982933251,0.050537991606196146,0.0678675051242912,0.14910397050466315,0.17596108833975468,0.2836831285162137,0.5758140073219624,0.09644977807557316
U_4775,0.2970343185395612,0.26295507383596894,0.27021163914128943,0.040386812991343946,0.037246500420428465,0.1709439223764345,0.06653227198429672,0.5408166648243293,0.056774278433173606,0.0764055989447359,0.05386439918214752,0.05177159736387477,0.16412936344244905,0.18712875922065816,0.6877517833702819,0.5416231853385641,0.1308554316622112
U_4776,0.05862467746439412,0.06132329601294967,0.45431792134220605,0.09757798927014054,0.15394217093912588,0.34967376191802635,0.1385291808306402,0.7141011046445074,0.07195899483437174,0.17276612761949242,0.1677283273181836,0.14522492639821247,0.08935839191329198,0.12653985906758325,0.041082678754956345,0.3957423615528759,0.1678230816622773
U_4777,0.2531750523615932,0.21874843357136808,0.5356183002434113,0.031097431528286826,0.03073072981022998,0.24064893042489652,0.0609593255304014,0.08792946611315341,0.5706765901028693,0.24575418973227703,0.042789231338406855,0.05035597776102908,0.11543867422659303,0.14356636992498428,0.25060673669541855,0.0310061770025254,0.6420976995184291
U_4778,0.31836541443692956,0.27008875337811955,0.3395139659736687,0.0364009906615898,0.030972646251880155,0.20698901156484276,0.5246138232754343,0.35693532790478555,0.06385837394359176,0.07436325795569956,0.05546858222193062,0.09452365229173848,0.14956427387801954,0.18064809027345105,0.2580617371346451,0.3335958127037113,0.08537777571271182
U_4779,0.3865397814245918,0.25089835721755704,0.5368017736889154,0.05720824720147369,0.1144284718918593,0.4399474363331407,0.2301865102843238,0.21182544777066226,0.10073586277940891,0.11863909055093942,0.08854209355205374,0.10571525996471727,0.2353579414897322,0.31117603247983017,0.2470895580755134,0.044889722177939045,0.26837862360086784
U_4780,0.07713946761226478,0.1709429902761494,0.24439072876081655,0.09261029769552301,0.13989776628617898,0.20424984428947104,0.14737503031219903,0.7625735158771547,0.16852538062910596,0.17792973043030835,0.18839521733762926,0.7724787155999601,0.1538876287684996,0.1762579654068862,0.06433147676383205,0.10460808256325424,0.16874865413303589
U_4781,0.2757697579649857,0.24523308236288782,0.25390562566090735,0.042937136290777486,0.03809317507196926,0.14472048982660785,0.040790574698100275,0.09464413928575884,0.40667322585889165,0.046368022835583285,0.05009093212845933,0.03647492643170361,0.12412490928948666,0.7975510216928251,0.5955192899682442,0.029678046900729046,0.14918379711982396
U_4782,0.322240509589411,0.23509121331283742,0.6755543691698401,0.040689779030351446,0.03254324026723896,0.11465349411225009,0.2347667855365896,0.09926538481955978,0.03751512969715391,0.06926274567051563,0.054043824896515213,0.5105406991811932,0.1458122182545145,0.6082901581178131,0.4691148645413623,0.03350830107752613,0.11114541675986239
U_4783,0.09931275652298466,0.16324554513605885,0.23440862444569624,0.07634248868403806,0.09147369139124878,0.6720917008101716,0.18010724451630375,0.13010590659400756,0.1919131636773206,0.5094634352751789,0.06515524751592626,0.5119180042949457,0.16077089811895762,0.15390182364734528,0.08655343770142823,0.02453666570403963,0.13778183232263408
U_4784,0.3679595771883476,0.30778315202152773,0.31353049304678904,0.04169951217870258,0.049749875756882986,0.16298964817181108,0.07280062790683764,0.10285372327138916,0.7068186531334063,0.061537375533521926,0.057292636170545655,0.05894085706009122,0.14362297860427417,0.18052160407281276,0.3124640018282523,0.04720403768413993,0.14443048552740878
U_4785,0.5648366819123725,0.5916995115203446,0.4463084060402821,0.03161212107809555,0.03777192138708039,0.2731596867786701,0.08663728349491039,0.14480336068110017,0.07094846482634909,0.09103702253958047,0.07867783256501706,0.0743100532188031,0.2119666535669101,0.2748203796821559,0.44095371384233506,0.11191843899761102,0.20698613572320188
U_4786,0.2122360589520633,0.22401876618476085,0.9166378556217426,0.04081771773861789,0.26615487285929396,0.20116564077506902,0.07606881176658124,0.32285794009392343,0.33673674754583083,0.08133064014604081,0.07737461889252369,0.40449570043949223,0.15198587489006782,0.15865636864044455,0.11097332636641052,0.02128942508305002,0.15007158799785736
U_4787,0.06897275097727928,0.16930420660646367,0.6958141618183674,0.104990697480163,0.5256543918622428,0.1935243860419981,0.15825917320733193,0.7108770086725736,0.18405710304774137,0.0840050013178746,0.08169171975354401,0.8174916639885015,0.1458924856971471,0.16539233005544743,0.07717109261043835,0.04030089698588966,0.14988441525267315
U_4788,0.25954419522879757,0.19334888707531792,0.28603239406121594,0.07372631811735844,0.07463098948001938,0.2222739627094817,0.17715563619908967,0.6362463166603363,0.07067670884971446,0.059925572344836406,0.05790806425243955,0.07347374103238168,0.1599722309829937,0.18933468683309693,0.16237779941503155,0.031673588680888404,0.8007596081875614
U_4789,0.09159887434239407,0.20148167422383045,0.24426750821027698,0.09569714531972931,0.12382928289378914,0.9250011630838414,0.155757223343901,0.14588224776595374,0.21197741333330025,0.07950417085308159,0.08800864713091253,0.49834667813167544,0.19845182337816464,0.20854352310687277,0.09888524131079697,0.034788102604165635,0.15336871285266354
U_4790,0.22588931584098124,0.7973636807665169,0.22034137667736134,0.042812453292067267,0.04453619396354862,0.2564239681306899,0.07051131987976382,0.11243044094335715,0.5116429283921133,0.059788027851268785,0.06191933254545809,0.06710489649191723,0.1403945639685751,0.1508368243521343,0.15612137894579767,0.027563309086430086,0.5253319644074719
U_4791,0.36799509191889956,0.29433745543138856,0.9758151766516617,0.047406513186666464,0.0478551102126,0.1600982074306739,0.06679732515428273,0.09219217188261392,0.054862564880228976,0.05814069484190637,0.05955091279111426,0.05864145588325456,0.16064957098491528,0.180869781113491,0.29527331138482704,0.042730713173068494,0.14822898088614758
U_4792,0.3269899381606851,0.2965424150131374,0.3336049658767194,0.042537065134827856,0.04548533759556979,0.9028319172328986,0.08662287626559691,0.12663600902505803,0.04230504734886212,0.07355926884378734,0.0623166518117597,0.06455767710432744,0.14411536961826957,0.1942728414447506,0.338099155132637,0.04361738552500992,0.18003248573431976
U_4793,0.5480763539845867,0.15008354460792395,0.5679094351894427,0.04815209648193616,0.05107591765243601,0.16846960981367373,0.1406243238330715,0.11191067177032257,0.14476688713763547,0.057736582509865,0.047325411184981805,0.5037683408027555,0.14194773998404997,0.1308015236780976,0.08458561523081189,0.4777618342365405,0.15446548459739126
U_4794,0.520304065364876,0.43172039809091634,0.5471200983987666,0.03509713759388664,0.07963417584522679,0.4081082570625679,0.08448455636708113,0.15116602574411195,0.052379579808241664,0.08404322636136648,0.05571847171387771,0.07771580560208258,0.2241318390085209,0.2731682805975718,0.48590845388406023,0.05483006405813965,0.21257200703281226
U_4795,0.06249721642041564,0.11127277805359945,0.09604417691890052,0.15713016711346403,0.15933014846207472,0.10120429653741023,0.11642119005299764,0.17399730580509673,0.6594360466571295,0.09389659587985985,0.10216561925218004,0.06890333778669717,0.10294160067718046,0.12916547395263234,0.09264683236084911,0.38529532659136256,0.6182932340185935
U_4796,0.35295139795290154,0.279628265490221,0.24955115793193958,0.03438314209805205,0.03802959906012174,0.2231839080348062,0.07115247440894512,0.10074090132457625,0.7309631450497152,0.05218973686244757,0.05395640457356975,0.06630920976403783,0.1414701157072871,0.1877882821423875,0.2801765005750746,0.054217349222139624,0.6258321394527441
U_4797,0.26061401588985633,0.23645398120100647,0.24808423359367074,0.03149738876879219,0.0454146952447293,0.11213397563208238,0.2234652581183411,0.1069615545826127,0.04318192552305989,0.051118538967753535,0.05440371458625344,0.05989740095848431,0.12169905341958567,0.6998691239105533,0.5844175365627658,0.046518439753437016,0.17410881376775245
U_4798,0.1770188493395054,0.24975630959517284,0.8993563044672904,0.048303875434988916,0.06047606281811374,0.24396181952687387,0.09121720473225953,0.12642701535856005,0.1429998115345644,0.05466768017596012,0.061654687976786166,0.06273337533517317,0.14919547993519874,0.1432301511154625,0.07858649726179594,0.03329252065428895,0.5686314096898881
U_4799,0.15809412304952455,0.46680738805682165,0.4077306982941671,0.14016278057662185,0.1803981920395885,0.28684436899598165,0.25264582861988505,0.2561626928249968,0.37279230702048183,0.13721233483675613,0.11142989342685501,0.13099593868724346,0.29986345923468494,0.31054906470236543,0.15133892489673986,0.06185182326868871,0.22952243367094732
U_4800,0.3035347842215268,0.28558584685827315,0.2703865784155701,0.060041324651910644,0.06363967637970058,0.29690625672955306,0.07032391681083056,0.1371331854950276,0.8112012338362093,0.10021498243409277,0.07695682678764239,0.07002637261785086,0.1776595116351908,0.21736857045995153,0.1699398669655282,0.03399595604995674,0.2804033508809236
U_4801,0.11141325352648568,0.1840083541667074,0.17399978787015186,0.09735956709960246,0.10629630464851648,0.1900892876891517,0.17353347219785298,0.15710874954582713,0.7322951919039635,0.07131743581142239,0.08183529738678445,0.7964801563210224,0.18254069739965775,0.18558707203210684,0.07979180975667059,0.035607531490357294,0.1538398321751108
U_4802,0.295809919096669,0.7735186771699675,0.25282454490505823,0.03511845448223283,0.03360659317941886,0.09106976540240097,0.0435142666567292,0.08560735130592029,0.03217622848588245,0.04021094048978902,0.050204335516698194,0.0386941378363369,0.1373145249870754,0.7466759589176147,0.5069214727625974,0.03349650658064987,0.1411930442259845
U_4803,0.1495194636480156,0.274960334456125,0.8978181439907832,0.06856881465184878,0.08565911967295148,0.22196381629307066,0.3967539772676616,0.14453780661733082,0.1721228853723441,0.09057821087334338,0.0957122506631142,0.08347204240931173,0.16057540704733428,0.17584785686908502,0.08076735196615659,0.0592274917825303,0.17242381450954875
U_4804,0.05582512693525861,0.10936268205006454,0.12072722644040655,0.11905489872526523,0.14213046443233834,0.10776604198828768,0.31424809885113547,0.15690133571881712,0.5537732301887871,0.07495010565781512,0.07484184049800784,0.48935446359093027,0.10455362169402198,0.1491938078295221,0.12374849436844187,0.32415627036643546,0.16722063520580038
U_4805,0.06303084874799122,0.0698984049257508,0.10287488754641053,0.12330019075701418,0.16376080136825652,0.5207075869592095,0.4531337044967565,0.15666426179569606,0.08415430674079663,0.08072748151546995,0.08129590260616949,0.07771502906821581,0.08982117665762367,0.129072926697166,0.09875456665618254,0.5309588740004091,0.16467460428404349
U_4806,0.506754859758227,0.4735056939010853,0.5746374903759014,0.03861772521737697,0.04825263145067896,0.39574644065981757,0.10045091418982821,0.1548629451533651,0.05216849553077112,0.08614527937850613,0.04923518607790778,0.07192047676890266,0.20308442855155406,0.27697045237706375,0.46593773808689487,0.05453142703619258,0.23690841646072375
U_4807,0.06018659410770452,0.14226705519139882,0.24765822869515566,0.06259723205212459,0.08247385755457348,0.656821289022885,0.15510893662662084,0.12810941872640264,0.529284998497927,0.06783276343468826,0.06574313368745456,0.06579959657969928,0.1442378386095296,0.14045633612143515,0.054202088182573285,0.4958817714542768,0.13087584072492486
U_4808,0.551481432841002,0.46960414999828337,0.5344409945746078,0.033547866949324365,0.04686957605940265,0.4243657453668773,0.08729777913504098,0.1527834336310955,0.057425250921966695,0.09083805015045457,0.0540781248000497,0.08109170017691815,0.2261322710104995,0.2860293653241255,0.4905861309016978,0.058115592199615124,0.21932322109573146
U_4809,0.253850515007799,0.1968926367984277,0.798738328475642,0.037121662052886625,0.03021675871700602,0.18082025502882326,0.03581978083671388,0.09035476900455948,0.023341582318017043,0.05793401310732296,0.045784181423027606,0.032463475923069765,0.09979914968296275,0.13132998080169903,0.8759134886218206,0.18005867211174317,0.09039855554716641
U_4810,0.04102844972616801,0.21586694370229348,0.23116179690310018,0.1513611858589126,0.24879075706411466,0.15140054967045363,0.15956080885239146,0.20104914812740599,0.16300047998965014,0.22198313930977812,0.23406512478490185,0.3626021750333912,0.21668782140423506,0.2114943189262611,0.0893832656458717,0.48104733220757223,0.2288818654581171
U_4811,0.24821887986981103,0.24662905080326203,0.1885712899276008,0.05150605770650979,0.053012723012800106,0.9064621880656333,0.10233680521616667,0.12977100446791265,0.0780602273099511,0.06072965813246524,0.055669997154375025,0.06514700615180777,0.1388617910303423,0.18627503536016976,0.12786237799482775,0.03634818161395073,0.6796218346435425
U_4812,0.37774022218272807,0.31200575206602366,0.2848037601923086,0.043910553296202075,0.048822313468320576,0.16810117786015025,0.08875109680001292,0.09587959545903758,0.057900922033492744,0.0751971790275946,0.07275758421243872,0.8346100503932914,0.15784641242791383,0.21529814365511288,0.3226396050759268,0.04866319490213114,0.1396529941183193
U_4813,0.1594117135977317,0.19061632037879037,0.26239631931567653,0.08575619242722717,0.09707352827131252,0.889378471601695,0.11785452660221195,0.15483088543635065,0.1318126558177463,0.06349844394318954,0.07415126071987602,0.06829485758347115,0.16929407009159758,0.17667681451233083,0.09483578544276096,0.027606427222308383,0.7001737202377425
U_4814,0.028218448754429942,0.02513203104102697,0.3870608707995008,0.079749700074474,0.5701663639389477,0.7510502259490037,0.10485741884129945,0.13195241854129167,0.24543022525742705,0.12463233326230327,0.14135915369993302,0.47767707925128633,0.10131139368539196,0.12470441184785983,0.03733452741154542,0.3130058262789148,0.15180090528013218
U_4815,0.2187267923639916,0.4413372078643082,0.44602694730879666,0.0228668206893936,0.03280318557807599,0.3819779263768548,0.17385571429913663,0.07346799882919641,0.13548607557276224,0.05364008046938122,0.04225348955794093,0.06307209462795642,0.11596236818156083,0.13903579222165477,0.22692760458969213,0.1160242622167591,0.7132079136499648
U_4816,0.23857729802548522,0.20463238108695267,0.23587827063006492,0.03858871537644901,0.1750592778938906,0.14095731001561013,0.38828572153580676,0.08366271400980682,0.029300961016861887,0.05839161950429285,0.0387104525117543,0.06223501098378052,0.11340958491974149,0.8051524889602534,0.4735888203913272,0.2265638189730316,0.08685965807936341
U_4817,0.3012612654848058,0.623755938637406,0.27282133935754227,0.033352909094235605,0.04616214517902675,0.23237868806900627,0.05572990616585046,0.10465996693459326,0.04290311740239623,0.07211637123509024,0.05205671570227422,0.038674922776020366,0.12579332958823705,0.7492159809839741,0.3452298142506601,0.45948034713714925,0.12805131221554694
U_4818,0.18514801725715704,0.24112016515565984,0.22909866998653342,0.0568054566844219,0.07581981527633776,0.763782979000423,0.09015782506421324,0.11732860025258357,0.36268244626284607,0.5423638158869067,0.0697650448895629,0.07698297831232653,0.13398856579318283,0.1479606582921206,0.1170834666801339,0.037677697026295046,0.14414451835210237
U_4819,0.29019832897705444,0.8395900233340086,0.25264878350962006,0.038806731251311746,0.040002755988305994,0.1602214471230234,0.05821897684285031,0.0944805182233717,0.05425229876408342,0.0778252068012454,0.06115303392443386,0.6100767626471258,0.1602611320343341,0.16022535729191487,0.3021681150937402,0.040700513753056215,0.12174644669963001
U_4820,0.35475083436189225,0.3015350993361685,0.8715760882086485,0.05067971593850366,0.053234086832802306,0.2096286095498853,0.0957105954149427,0.09711033736846388,0.05007440686376697,0.05641551203978756,0.05325069353789568,0.07003748178748478,0.1639485672972679,0.17711467321341065,0.3017015115455819,0.041172372525291795,0.15245196628359703
U_4821,0.23619821279562828,0.7950286372230292,0.2331320502090731,0.03851696499987956,0.2653756146176499,0.2370089825720495,0.08293197108719091,0.27252106963822975,0.0628573269120414,0.07212973689728659,0.06136092900568128,0.7526570321967421,0.13742071775436457,0.1692870704538425,0.13220982508366855,0.01649009344338162,0.1267648827631216
U_4822,0.030096737668350956,0.07122143375889699,0.09982180171768058,0.11348371889428105,0.2715849869326542,0.1766847765092776,0.6471461210172422,0.14431214173661297,0.13724619936173488,0.3037177591560386,0.29424260415332326,0.26033981224080127,0.15697743133863087,0.20539231091224194,0.07613515889074236,0.4187979773881535,0.1942157022539672
U_4823,0.12528647730278883,0.1895666413179963,0.17583962103756476,0.09055913380465853,0.10269115112565869,0.9407079698111653,0.13658503400458197,0.14422823353642766,0.16197828151656063,0.09168273030448054,0.0883088436943991,0.08289077284414001,0.17305354089235866,0.17495458390211385,0.09184421315516555,0.047297027767187264,0.16501434202551932
U_4824,0.40633863555910765,0.46839004054464983,0.5120674357398453,0.028131638714473464,0.06145580238386912,0.3501203043152382,0.1256188633924861,0.1676116244242117,0.35796359613017614,0.1099302273406548,0.07041563701409383,0.09749399350369174,0.22621555910652522,0.319347021955554,0.2629146918960906,0.04065427813812979,0.26525558048880615
U_4825,0.28928452370568136,0.24474385459185052,0.2500941845147844,0.06202579372145381,0.03099794533954664,0.5042670743238786,0.037921417860619776,0.08325673443717557,0.027776621375944395,0.04592032809176878,0.04272145566282328,0.030780494173048407,0.12369761432929019,0.7952843366343622,0.5457632530902755,0.0398210821321171,0.20162207545701757
U_4826,0.08780545860925437,0.15541809919892627,0.253459867191254,0.10135750402963586,0.13167949862222605,0.21791816519599005,0.2072427536180307,0.20355200559277317,0.36378764497927585,0.09226474048935147,0.09384744515696257,0.7240927750943126,0.21006913599676197,0.20892563952626067,0.10578453905785663,0.05230770252186406,0.15743571057741232
U_4827,0.34494062681735305,0.2790728068054178,0.2689827024302964,0.035979800025522465,0.05721923346730873,0.1467099200106002,0.0638887461944303,0.1111794388304697,0.049561088860240146,0.5066581173907758,0.053129435865824096,0.060382779905849795,0.1306615032455122,0.18902587386031075,0.6225949983132769,0.4133317945852969,0.12952420585663696
U_4828,0.46876448615182276,0.21004161378268363,0.4888619927969462,0.05304605805931112,0.061387331681361124,0.21254846437971314,0.11655933150213751,0.1070365085383082,0.7646092412435398,0.08877885150115096,0.06819590748759397,0.6871501405098839,0.14074715493854859,0.15201369859160105,0.0981150163201981,0.023249311178316374,0.12628578307215313
U_4829,0.379851195276375,0.3165407976216329,0.29285424355708434,0.04210852856350633,0.049011282100969826,0.16655827487428013,0.0865039060542797,0.09297878180951782,0.06013242407520736,0.07448953942618863,0.07608372151512151,0.8463648857190441,0.15717958285743608,0.21665227624292205,0.3170570119885876,0.05100220849814778,0.13963947187804307
U_4830,0.38245053452400435,0.32725837067388686,0.36199513872997713,0.04610787353813104,0.05180197906725609,0.2776449956271927,0.0682073656775403,0.10031447486504283,0.04328562061127837,0.0665962767591012,0.06077591005783367,0.07008807836822455,0.170620073033419,0.19678577957658822,0.343170919526953,0.6254745618643679,0.18069931039190323
U_4831,0.06919147351545346,0.16939948570749816,0.21309527921498303,0.1091316435693284,0.11067075771335902,0.30618527517606675,0.14571157628575787,0.1727116098097216,0.14237832352901486,0.6775600699101667,0.13096197217986327,0.07753402111912344,0.15579794529578622,0.1938881404794491,0.08541650967125876,0.03662137270865981,0.6923688595279356
U_4832,0.25329523347885274,0.22940150108806193,0.6289414999927851,0.03190498035305051,0.03455447267244973,0.1973584788462427,0.052265654957752386,0.08949231744579032,0.30669380871700314,0.038647073897860006,0.038004107989481034,0.05636752244561726,0.09512784835297913,0.6350021067535613,0.7056503054420692,0.018518950619248353,0.16615366247983174
U_4833,0.3607971119771508,0.3181282414829867,0.3527293836474056,0.05085079958105576,0.043255274563247265,0.1877539201246325,0.7046585607474056,0.10357070015271279,0.049579588972028285,0.058842175398738594,0.06300617158229181,0.09615978500377353,0.18442488074778096,0.19804555782442174,0.3062198052392606,0.06495852990083086,0.17933267053431137
U_4834,0.21084206518516502,0.5284326571704616,0.7638921970591347,0.028303836869858656,0.0858006243626954,0.2363364342673662,0.2661177037237258,0.08414724842763345,0.3127988603276871,0.06953331095348919,0.0442053488556996,0.1907469112339043,0.12943601636177274,0.1161868857575805,0.2033796367635724,0.01589370878403973,0.6210895669141201
U_4835,0.20991726111350248,0.8084560479071173,0.5506867447759125,0.04392915344321368,0.044625445230970284,0.8025829472069833,0.07197249734944823,0.10227355392730314,0.08712550667458735,0.06239330967707642,0.07010466845505466,0.05701398647784336,0.11260455846788416,0.14017081073858925,0.09635607353578308,0.025950704620713,0.13441710478880337
U_4836,0.3586221865536693,0.30504572097532057,0.30183756789543903,0.05329131366503678,0.052819397710697776,0.8323694282284905,0.08706867933154351,0.09885268197288719,0.05768043002014286,0.06721554390043571,0.08586666764011952,0.05262581388565278,0.18809470377263343,0.20324379956095415,0.3261759874040896,0.04977875762168896,0.12212932744378358
U_4837,0.2627261587951575,0.2311790570713594,0.698978981735346,0.051469815624578655,0.04025157374755102,0.1846300524871656,0.06327306199681358,0.09493712842232427,0.03376188700183633,0.06571405332240346,0.047475075305347884,0.04461194164092074,0.12675363044340304,0.556945176125679,0.5922357207069512,0.4676230843667356,0.12413518966894022
U_4838,0.5830656331792563,0.16080193739576248,0.5945200514192606,0.05096515338590254,0.060260502395818996,0.22516565772763172,0.14386203263659175,0.11882492587160266,0.05473427302670801,0.051423379959372184,0.04187520318181118,0.4738086900150418,0.14876650009142425,0.14288817766632586,0.24064803418169736,0.051515923103705896,0.42525440890651367
U_4839,0.2636110427852927,0.5352522109292798,0.22108443329488864,0.042959134195433096,0.041287066918060694,0.17145469615162498,0.04692200903950033,0.4620346784539472,0.024775545003439484,0.04527844162337973,0.037834615782946,0.035797239706964336,0.11310380772696015,0.9051015219536557,0.5452826162847432,0.02934414642002907,0.15172913642125657
U_4840,0.20916883186034166,0.4404177907760449,0.6151453845232847,0.030352464342545647,0.19755789603723456,0.13282986651698983,0.1367640580777061,0.09138153017589866,0.01774765787829059,0.0479854117869456,0.04149198554542394,0.040580839414824876,0.11903465671483973,0.3764296046281892,0.619764989348549,0.13817539837049844,0.08995010937072764
U_4841,0.3465334138552688,0.3022667900965842,0.29597776911572793,0.05947542899297516,0.05227179094577577,0.8470825708377407,0.07735602037112213,0.09969330205111152,0.06100818394704066,0.05358554031025543,0.08165182287165097,0.07077434553853268,0.2378269217258279,0.1834965008780156,0.3354739066107255,0.0425706299766019,0.1318787842700984
U_4842,0.038818195740974025,0.025314929971812013,0.5274877964335357,0.05821895673628003,0.4150793221272878,0.12011287767242158,0.5521082096178257,0.1461056944263565,0.3872100669703674,0.14923102192239432,0.1309496009571289,0.19908040412525385,0.11012468198293911,0.1294446284111086,0.05357182423353511,0.35290723817523906,0.1713160596845921
U_4843,0.3363801790651898,0.3320428023350569,0.35131745607225007,0.044807093960530814,0.04477590833399189,0.24140219028805066,0.06945731252931776,0.624985266286011,0.04946508179763268,0.06718612981055794,0.06481001273225571,0.0908290047667432,0.12063630357530208,0.1976857965706247,0.2759695974753652,0.03791846568975236,0.6453694153876258
U_4844,0.31031460839994585,0.1884984155521043,0.28320658413281286,0.07304463578935383,0.08100942735232951,0.2425279217544977,0.15875515061533263,0.12698529144758486,0.7503086679766166,0.049881504807106194,0.054581861425711115,0.057177312762507364,0.14395978786795946,0.18199649477406296,0.20967467776467608,0.03487069153740804,0.6338482291705273
U_4845,0.24974974956838522,0.21035345009412407,0.3047369503745738,0.09129347519837944,0.09532312070646613,0.26986065327036113,0.15565793148419127,0.15242998712952988,0.1426797875047846,0.1432806283286676,0.13599801420775914,0.8126599660171842,0.2024051778925502,0.20837172074234456,0.13686177273120817,0.03251491889558343,0.1867311561078516
U_4846,0.2574778025813267,0.9116431180319567,0.19728525130340235,0.034072595626298316,0.040358216763117336,0.23092072771892985,0.08739076408167863,0.1120672478548019,0.041794423229963545,0.06452879918569017,0.04285979712301946,0.05439045528918779,0.12034699529744028,0.14818997720629226,0.12279491772994772,0.22258394123762806,0.43722436606756654
U_4847,0.10086834685533044,0.13272773868235346,0.16308539039336897,0.14550183664913371,0.18055482477127152,0.14840654816294666,0.12062905991314607,0.18863625169110157,0.062380467931566236,0.10678701367735872,0.07409221492891016,0.08199701603293588,0.11503001383801356,0.2030293664372953,0.20552951513481757,0.6971513777914441,0.3463749031633261
U_4848,0.2583645710788788,0.6793777493216596,0.2709025054770424,0.037600001297867336,0.05861620962195357,0.15159315042976393,0.08425991698184916,0.3473402401067748,0.24785460259131645,0.08865278303987649,0.08409445088406944,0.0953343740291781,0.1239724711858568,0.185657329965938,0.2449848008459165,0.03644277021374931,0.1160533571550171
U_4849,0.3784923594749362,0.08237741880543561,0.8114186485621708,0.08739241592027183,0.11772958111548626,0.11244454452553837,0.1465695943392744,0.10903482918364685,0.10986702573792216,0.12719359724347973,0.11291586623658471,0.49524456454211374,0.0724814085001341,0.08898819094414295,0.03578711139077485,0.1640279797700603,0.11629173934760344
U_4850,0.24265990031538173,0.3349808448324123,0.4688191649755046,0.13187564121656767,0.18731097729683313,0.3981278032333708,0.2263140963683366,0.2307515948529236,0.3369650786349764,0.10984494547282006,0.09898194977454772,0.11865216204235328,0.27462344328028987,0.29078447471327196,0.19119901785345292,0.04567648328669284,0.2561176669890368
U_4851,0.3169612477373107,0.2599468481157864,0.5958787173461589,0.03778281676931348,0.04011088003016342,0.16842776783335484,0.06696973221360933,0.09720035755860587,0.7616077198355841,0.05878703000738664,0.05439125351588503,0.08461817562591599,0.15905310309031345,0.17157130130780443,0.2779880297121893,0.03933772204343812,0.1408336749280788
U_4852,0.28031819320918905,0.28807077827543437,0.21471121439615914,0.05438298664028027,0.06596542533830071,0.2986479696732368,0.5530484847445747,0.6826381003292293,0.057790780724818525,0.05882489533607647,0.06196603897163419,0.09967060313229224,0.12759800271344593,0.1695879603804159,0.2536478414945229,0.04376458887564279,0.20972392504190088
U_4853,0.1816144132003106,0.2265408851690914,0.1906136624561098,0.06784772538190083,0.06779381203709861,0.966362280752283,0.28321750583997973,0.43913308784391547,0.11834310158067221,0.09122453789051051,0.09368831351994826,0.08279167009731801,0.1543069337442572,0.17410490672889767,0.07941508066315185,0.033784212740205544,0.15497187749731378
U_4854,0.2596894741322011,0.20584300594847457,0.20419255445262025,0.034534667180053075,0.024370791582004895,0.5525791770325947,0.04868569945879091,0.36445624902438245,0.025867079132134194,0.04735843732826142,0.04090692127258078,0.0408014840811556,0.10897896059888271,0.8097686837472485,0.7139196736002348,0.028651706999050765,0.1262443339868021
U_4855,0.24645392559286283,0.24848497288473295,0.24323303063763266,0.046000613233337935,0.04710856117447171,0.9255383520789967,0.07458110243341143,0.4189419595893822,0.03113398290947001,0.0616648429766284,0.04841253408437812,0.06945943416800475,0.10047920775440738,0.15096674119112766,0.22956789355640497,0.02554994084477333,0.3504097151187914
U_4856,0.020564400325211375,0.1347803392211325,0.11104898310319984,0.06486101566807347,0.07651249166510124,0.10782569421959493,0.1627276360684701,0.11317153078991327,0.8770637293022251,0.1881250411557791,0.06738438608738359,0.5447444830989471,0.14994658950488388,0.13595048456955502,0.04779685639154618,0.29265053143297326,0.12410835584438132
U_4857,0.2652595974253431,0.08465252603095023,0.4124401002054001,0.061852031801586604,0.1004154165587315,0.19085255408801874,0.12489887195976376,0.10212333633126681,0.5587517482730706,0.10471938084574423,0.10271607154273873,0.7462989335878533,0.10693765484428129,0.09714332899886227,0.08667592702884408,0.03953337154197208,0.12097702775161862
U_4858,0.23286184138135022,0.21627245979237372,0.22871860513874395,0.05117004042649247,0.053150864158253666,0.2048202918713731,0.0920127787527214,0.12637148553677874,0.14115735948966004,0.37586559920830276,0.05352225334240904,0.7827039496802185,0.11085673678039706,0.1413000066528814,0.10015966683814335,0.031666428274352884,0.6599317431448047
U_4859,0.3217491799637586,0.3173706463946181,0.2880614544975141,0.04339563106013832,0.05359597310764665,0.17227309632015966,0.0773923803727151,0.12655683373596427,0.7501451548997128,0.08280156255191695,0.06185496165629205,0.06709032891932007,0.16449684068144407,0.19295865036454343,0.27702249644256327,0.07092904184073953,0.1724470533827526
U_4860,0.09682498172019562,0.47574972093900747,0.1747314830839207,0.04027794405887943,0.05190345069149947,0.7425982534680421,0.2455478442974113,0.09630354204943885,0.2524467982627485,0.09217652231960571,0.053756063508934755,0.1327407561172937,0.1212297780296436,0.12385129207804801,0.07484992115066492,0.08363656062693503,0.11209775390854822
U_4861,0.0944454092368656,0.17901276109186723,0.1917464745805196,0.09528107687840309,0.11594082434335239,0.18767889449929712,0.1886129699107852,0.16739551595080923,0.2221804655356136,0.8092153962588816,0.08485083239663162,0.4502991596026126,0.17319273517949813,0.16751582976575524,0.0743364951341691,0.03492701146589307,0.1445191668513374
U_4862,0.08240028666056587,0.1567756504737789,0.7917724127145983,0.09766977853307517,0.1403118191920736,0.217042694326902,0.1912311917714615,0.1802624749202503,0.19517236882395736,0.09349755987592956,0.09448556907688398,0.6351188309378472,0.20982514306597655,0.21319911950456563,0.10467048741860832,0.03908912002671794,0.15609502204655618
U_4863,0.2570633585205926,0.5463646393169126,0.2122302785638884,0.04033949885056692,0.1287166097583926,0.10258663471231899,0.31776523460479733,0.0917831119291951,0.03424764644485045,0.0659599476513329,0.0517951835592356,0.034176515792652726,0.10409463190079632,0.511716221703407,0.8728340558320667,0.01296524168507988,0.09464007628137838
U_4864,0.4196476357771526,0.31033927081979673,0.2988795714004968,0.06907037222922542,0.06683135960301587,0.7411089270250634,0.07099371419857796,0.10106465426601696,0.05810622442003432,0.07652453832261064,0.06604690764119525,0.06841984974896703,0.18184752852110858,0.18937767221709015,0.3024163813854195,0.034138955210668426,0.14863716096046542
U_4865,0.3140566528490454,0.43517331380439905,0.2966186085282083,0.041637237131496536,0.3289126702723105,0.47527863426140426,0.053929538618413306,0.09153132970094867,0.41650876525415903,0.18297171528887624,0.051007968689059505,0.04369574061526499,0.12890054577273088,0.9062968747106196,0.4606229972123089,0.03041829691209994,0.12282493705862635
U_4866,0.4562320141182068,0.872556439469213,0.24997515158933584,0.04823745322582711,0.057682469070441764,0.21505255743882432,0.08294975657144393,0.09192804395146327,0.04490804907398532,0.06167289650328481,0.05603689204367408,0.07422554529090605,0.16024806143225684,0.18332995391453252,0.30281650970376117,0.047225357593097046,0.15062850450119963
U_4867,0.26124253426463195,0.2520954181476516,0.769876303895395,0.03595281381830002,0.3907989130466002,0.19981837051284287,0.29445426283702003,0.30884800582896266,0.09240777751172712,0.07522210240347665,0.07521650006873254,0.06457919997300898,0.1433225793963166,0.16212769707956082,0.1943525979092127,0.02213932511386798,0.12838346351782212
U_4868,0.5450518713120646,0.44394808593247526,0.538077839301636,0.04295755802112299,0.0562982246959733,0.4595974297966594,0.0913336465615175,0.15137502435177727,0.04892471531815873,0.08288306767858163,0.057500558807014504,0.06602500284540891,0.20152231283725874,0.25243337583394143,0.5151400293820285,0.04323067646696762,0.2536556542087207
U_4869,0.08213257556556323,0.30395870144964143,0.2237494120479997,0.13630678167627297,0.23003538139748372,0.20526030820044483,0.13826610255126634,0.18242889475576382,0.1771128315557744,0.32368434955443837,0.317304083575777,0.3791180077883033,0.23478872472732076,0.29310746511367614,0.108307391359027,0.3099056894990959,0.26313087724948403
U_4870,0.2461657117359083,0.22477814943239968,0.27458035844514717,0.03466272551659389,0.04003259865980355,0.19767999465760472,0.3078609158120995,0.11198330424061055,0.031534334415269094,0.042924454965146394,0.04790318068786851,0.038424693841539743,0.12893923039442745,0.7752144699006644,0.6146669229913425,0.03917710796956406,0.15043735971776429
U_4871,0.11818377501782472,0.12444614561148973,0.43857038821619854,0.029666716339633498,0.16487603891023023,0.10291357487128527,0.32006215359823564,0.10315918448353739,0.7670533758426803,0.20251877848414604,0.04472577135226796,0.4717272240280529,0.14489326995080778,0.13159904538607117,0.05360383686612425,0.16210706205327266,0.10034607001006253
U_4872,0.512767359437254,0.4310940769834978,0.4559638801674747,0.03428662264350132,0.044365108348747656,0.5701301419624704,0.08571914292020899,0.16473250076649293,0.05448558269175356,0.08596685611697376,0.05288012426189654,0.06706181188214963,0.18555013343996757,0.2606001103377753,0.46152690776215555,0.07280280799146949,0.2257487626384694
U_4873,0.20972437667586658,0.27648053645220294,0.30086996027870405,0.04919877841115224,0.05603297503086805,0.25753001262955144,0.08828461038688493,0.12593601861680953,0.11979871279095443,0.05331101406113238,0.06011410495132208,0.06992633493383228,0.15514551777242197,0.1760732438010794,0.12024341689525486,0.5091347038376361,0.7825573636852966
U_4874,0.2500898710380527,0.6278884133791811,0.17034969085985507,0.04746287957612941,0.045176707950238704,0.7538602150458984,0.06210456683063521,0.11342224957831912,0.05437917472556325,0.07017372219018057,0.05301657868707836,0.05378901027068607,0.13232890785355672,0.15722814475673133,0.22392130015215098,0.03067143013068116,0.7127379481292406
U_4875,0.27442898150820705,0.90426707821228,0.27192068021618243,0.031649045605330384,0.03345685247283608,0.14604960979519827,0.0757667550388307,0.09699883308903406,0.34200128131185115,0.08303848339966859,0.0488816810445474,0.06988386614859157,0.14314734865196735,0.16733873077650122,0.23019056761655007,0.3227456373224512,0.11961064540715155
U_4876,0.055342068538095486,0.06642917714404223,0.12642869183928765,0.10263593893209155,0.38264499209537095,0.07035506121400711,0.5041673173960305,0.14573871148907114,0.24521808595746242,0.07483016793657926,0.08686410436039615,0.14702600730593143,0.0812043585210111,0.12652869415394113,0.06404357970755711,0.9450981048916128,0.1351084451577652
U_4877,0.04465254975896422,0.08020077701158175,0.1277286715600557,0.1360594619919601,0.22210249234887,0.1250116784406464,0.1649113297981001,0.17784509346731778,0.11797928299994187,0.20481487500869622,0.200569270209106,0.1832333446702641,0.12751317080221677,0.17617290280078893,0.06908351190043442,0.6676462394036891,0.25361362007314625
U_4878,0.05943238207224398,0.08309936674374853,0.08853441520872622,0.09630827857517721,0.13480889929368614,0.46880676814893163,0.09044870206148545,0.13300524423360935,0.037946929483708806,0.06365848106439231,0.05771842703340571,0.4162559135956585,0.0832148278531599,0.10211540026781796,0.10964952545064113,0.48362163040722894,0.7415943324562082
U_4879,0.37015380631065864,0.300125123135891,0.7368228960501674,0.058756710177527705,0.04704686911301979,0.1552092299098187,0.06435681441235047,0.11965893101391631,0.060956312608873575,0.07538896791293012,0.07362662317238058,0.062042342200732736,0.13899409928540146,0.28784593579689877,0.3108873224771408,0.05208716008517128,0.14438408174687278
U_4880,0.029702205838790546,0.046925854237760356,0.09017432086537498,0.08089682297775748,0.13922413751856774,0.15943746928740876,0.6113757145040905,0.3967442703076064,0.4002720798980396,0.2003138704937496,0.18960020951777537,0.20101267242319792,0.12048597318013166,0.12989841523956894,0.05210958351489448,0.35273985387979245,0.11730689080070782
U_4881,0.06304060729097358,0.172437051692487,0.20922398058579642,0.11202420483759173,0.14709667818711553,0.23979547085753158,0.20126874834954486,0.16950931953611442,0.24383681708257485,0.8254247400649971,0.10558160691157453,0.09207812414231874,0.2675140514269698,0.19408839181661822,0.1016967336488497,0.04849531487618357,0.16542760133472145
U_4882,0.35242656106676595,0.3359882563209732,0.31764269442076243,0.0543732923125725,0.060301976378886096,0.17721983126956334,0.7792080319766925,0.10694926687718997,0.06312577381977819,0.0650469143555438,0.0685202076729153,0.08055277924591092,0.18410491341904736,0.18707371769167663,0.29647096153070773,0.052318241573699686,0.15704053269832494
U_4883,0.16598719129722242,0.17064741479541787,0.42211522054639694,0.034302655138642224,0.024637189219077787,0.2797702881472365,0.1295630668336572,0.08642385988814058,0.05204236049447317,0.11039377702794653,0.03752093178299224,0.47643910404519574,0.08865903207460023,0.10142043519583668,0.09422012752537495,0.43735496003333174,0.8651306448655994
U_4884,0.2629996630197543,0.38974285758191063,0.3322884377667593,0.01521985510758899,0.3421948407638926,0.2774694546384826,0.07029248064381775,0.09391995698390337,0.17743436629083265,0.44523020306070427,0.0720599250144204,0.28989567915549963,0.15159711736356749,0.19461223628660557,0.195632879216669,0.1561487849646362,0.19054322664185827
U_4885,0.2201495838408598,0.18109482899506182,0.5611127195816114,0.07591478342041949,0.06883579385733223,1.0,0.16611780456152359,0.14692195110940715,0.07247455111479499,0.06960378926288677,0.06544520875397691,0.06062114716583486,0.1597196082419233,0.1658976808414822,0.1226351001763244,0.04031648820835041,0.16662561458674388
U_4886,0.529411003820263,0.45096169479778403,0.49849153374474353,0.046933253560206965,0.0739095693054277,0.24396849624190722,0.05612047678900456,0.14910878562514873,0.05517806967584753,0.09708128160719771,0.06340950355141965,0.07346632514905732,0.22564743423609449,0.2921960027549928,0.5424013016973939,0.05091155192038032,0.2193447029224806
U_4887,0.27283789597420327,0.2831028432692754,0.2952134727080804,0.03757753495760418,0.06637123511142672,0.1882667963449559,0.11469614382385665,0.11014751102137782,0.14365436408312035,0.062104651597295696,0.0531540000132208,0.08126985904959265,0.1422014737805136,0.20743332704333617,0.16126752957131266,0.5601414980357641,0.6962254603722765
U_4888,0.04812929176597794,0.04396912863856678,0.11458514081876116,0.07870088986402561,0.17458538952237967,0.08746704987703498,0.11827692714688383,0.5495674047826329,0.3488713249193016,0.19247603981504846,0.19749656633339038,0.2540366269118408,0.13135627113764722,0.19492045805094046,0.0858801952093055,0.3302155123540945,0.20793748370688095
U_4889,0.32979202217304215,0.3333487606873021,0.3286979553582142,0.036389753906801214,0.049157121523505376,0.2527669794643783,0.7849742122234145,0.14050338665578052,0.04748259799745782,0.08538109419544034,0.06691074790781558,0.06361732837152367,0.14726820064989235,0.19810265554538006,0.3515145333681222,0.06545459879970207,0.19501196847150362
U_4890,0.23872507149107322,0.22026068308796998,0.3194234964415017,0.08567292085307088,0.0879972212816377,0.28878114409860745,0.12887253343678381,0.7974172326391332,0.04926971561952284,0.06592137333817948,0.08854307297988226,0.047940764254034166,0.13974144655132806,0.17121296791165072,0.16303454504197137,0.028155303181350053,0.6482304454659201
U_4891,0.0363007861802342,0.11880886273306772,0.208995127426998,0.04274409814882856,0.18784738869524906,0.7429577145139367,0.12136319029630076,0.23183023782163326,0.5766872611042819,0.3219711216323088,0.04296625660769132,0.40908118881889244,0.13724735913940658,0.12412086875900824,0.027518550604856147,0.10445834866271145,0.10038432917096599
U_4892,0.05645937789703158,0.034854821307133264,0.14755744502586426,0.09216279246945752,0.1401213616824382,0.06362870026320408,0.11379236550341076,0.5614496608597657,0.3786519314594655,0.13789075914243015,0.13476168380992817,0.8644743654504888,0.07342782954504594,0.10875623160655465,0.05041273283489387,0.29777951984397355,0.14879049619723578
U_4893,0.36113283001136476,0.25953316869475596,0.309362876236975,0.043464401216477766,0.03326875252629836,0.6149045564074228,0.3680171762085246,0.12299990506399205,0.03726645695535258,0.28079753053425816,0.05467073545466933,0.07076003971085022,0.15196379337252416,0.1608264029371967,0.25186056147609837,0.22885011505299735,0.12526745982587226
U_4894,0.22319941824828965,0.18007009578596364,0.3040959849733831,0.06686974104254034,0.08291059184560813,0.597131028286126,0.1551348632498744,0.12344536341946452,0.7212282270163851,0.06120127512576792,0.054293805464108974,0.10376539896837918,0.12481740715768888,0.1773371179255837,0.12163478789486735,0.030604081605488796,0.41356534064024986
U_4895,0.19068597168544152,0.19655043931592828,0.20096273309958937,0.03128944200697044,0.03328009874541905,0.867616105985538,0.07993728816515573,0.09984990316734353,0.12377476871906717,0.06051648612745453,0.041851958543277674,0.06066802484842057,0.12095358409976227,0.1251953080722085,0.11530812086841531,0.04364367171382415,0.7042487141466811
U_4896,0.08650827580100483,0.10590686493573631,0.1735141228287116,0.11638410548146037,0.12623288899142499,0.2006357358302734,0.18854185966622303,0.1387439679336762,0.8193398646111881,0.09876712314854749,0.08642617578194403,0.08924624712369536,0.1508796764131582,0.1648365507758832,0.09966042476768419,0.05052021467925665,0.15456467880984492
U_4897,0.21597555736101678,0.21658838672899022,0.1830502272402695,0.031615304914949315,0.3226921139207394,0.8484020117439522,0.06188709609192136,0.0969188004449933,0.044730366695465304,0.052521517271039035,0.04118484918101381,0.08408691253164666,0.10860739130574219,0.16286647917996122,0.23865279610571793,0.29422979174931074,0.4241345905281201
U_4898,0.031316433903299974,0.0693834777072055,0.4089207982472106,0.10829008035191803,0.151172370319012,0.1301319872929956,0.08751528659581324,0.11767102601091886,0.6216279918459913,0.1360843611041745,0.13379361193771186,0.585446872310067,0.11228656770177683,0.13931723064389903,0.058656017978837655,0.4565097738667415,0.15303236436932852
U_4899,0.14908722510363134,0.16916769731188508,0.2466691609766745,0.0807347080448396,0.08796808968937807,0.8594598205928611,0.13080424645176558,0.12397878733413226,0.4867173652034299,0.07215445322639966,0.07123624391635984,0.05528907693604089,0.14742489199090703,0.1386028918203284,0.0987799392340638,0.037293995117348114,0.4826863813147886
U_4900,0.16826699499762474,0.2307572313378423,0.2306284352451343,0.0708831571446833,0.06615391617493965,0.26942751338937565,0.15163911050484744,0.5901040801318449,0.13279191688953276,0.08491039415314379,0.07617110358726373,0.7529632123908715,0.15629065990854846,0.20213563397121462,0.2361729210750172,0.03439781793118213,0.1423440277562295
U_4901,0.2178553305781736,0.5387345458122431,0.2411775687142219,0.04400190788258205,0.05456799595266056,0.21484551887501474,0.20241854489018035,0.10706974325485955,0.46465120218312317,0.052396540378863696,0.04437729425078485,0.3102741182790957,0.11921243244786559,0.13250554872803152,0.2295207051018193,0.034335431691270984,0.6575995189556965
U_4902,0.23937675533935124,0.5905967069677096,0.26504698541239335,0.02581753381991065,0.2763917338591494,0.7313691324947009,0.04914283426477131,0.0932293425188495,0.26595742383266163,0.06072587098591105,0.04385111032965334,0.370698525058763,0.1341168388633985,0.15086911761572788,0.255043514248944,0.039777428158323656,0.1023981120295784
U_4903,0.20006084747125247,0.16212658968446272,0.23797689401478836,0.06717506553540431,0.09446278432672922,0.20076800939453723,0.17503531585043497,0.1330283312800299,0.5953237433932834,0.5101768831297403,0.05383485672320498,0.13142218966999603,0.12564641542262414,0.17064504735071748,0.09384080497698484,0.053361991448856935,0.5480453522976112
U_4904,0.18081257160534572,0.20957236982458352,0.20170775191278043,0.031543251520272146,0.38358881119216537,0.7524819709823369,0.36806179345156165,0.10234098588180858,0.35492083886624537,0.05359347872769715,0.04608022881442796,0.08042411071936,0.11564862154670459,0.1541696545879442,0.10434307356260109,0.03733361675660475,0.53093476296137
U_4905,0.3742301638317628,0.35974158494355846,0.32176199079545864,0.04047664916279456,0.04354592499336432,0.19837532978657085,0.07735748066286241,0.10644736605824202,0.06177030887156179,0.07225955317033192,0.0691581020908121,0.07906970359659327,0.17206476053295608,0.19793695139771236,0.33381621092374125,0.6649298881335693,0.167093235359052
U_4906,0.060243376426428616,0.08605138499931869,0.14846788459676122,0.1255508851505309,0.20870595994698293,0.2564015956324043,0.1352164570829955,0.1851594267713965,0.13520137502532922,0.20942945266665078,0.2185745579237536,0.26753630810223283,0.18895000894410177,0.23894008122574895,0.09042240772297011,0.41805747183122066,0.2593592214866638
U_4907,0.02997137903388119,0.09365124167169621,0.10613471417641523,0.08771708640519987,0.1839481623457665,0.14353999306205142,0.12223847173049092,0.13340640137746237,0.06270199296148798,0.2087365259790548,0.22101434865311417,0.21624904733830597,0.13136725497253285,0.13563775492583088,0.07789756641591228,0.9491860660512161,0.1874365335398975
U_4908,0.04900938744784916,0.059701936792929844,0.08247162066192137,0.10975459632225298,0.18070289357043373,0.2051466222560485,0.1325801604555993,0.15823583159359447,0.6028398899990571,0.26998493717776495,0.23662552357005281,0.22920756194090283,0.1419809122503348,0.18201081818136122,0.07966656799141844,0.5166528897583132,0.21007108862542434
U_4909,0.2131806595296926,0.3556078519303021,0.22734229988485116,0.027215239068613048,0.029815817393348792,0.7332575459232334,0.06340266671204044,0.2639214800259021,0.03613530018596296,0.043900614545636936,0.040133150099848254,0.5947230572366293,0.1361876911583213,0.14197900166056066,0.24336901943003722,0.025141821060250917,0.6129169969216874
U_4910,0.03459570282974957,0.0982588944784449,0.07607264447783003,0.13867402665694847,0.19592863569785385,0.11771235927370093,0.12128587633900785,0.14199198580653508,0.09584955329406225,0.20246799540828334,0.26948734203302205,0.9207913590629898,0.11584581596203929,0.17347140315711196,0.07341488096093277,0.3610807892705179,0.17555155374202414
U_4911,0.29299626201632567,0.23992553149434714,0.24400579799245622,0.05341040823101878,0.04426047784493389,0.48258653142119823,0.06389773831960859,0.10518635441028479,0.5534593583389186,0.32501841061230197,0.06378371174994386,0.04860584585740408,0.13947996989563285,0.14228391747875682,0.2260053973756661,0.015928714666775156,0.5709466218110242
U_4912,0.21951102154800295,0.9276749083591833,0.2442907942871303,0.027255394705576204,0.031398896590082125,0.14672072155796154,0.05500176973706263,0.3872118327313837,0.04255988394212071,0.058982474810893824,0.041982035519376286,0.4240640973146247,0.1263800390697702,0.16366634647235026,0.2312360030681124,0.17983305303661376,0.09755353617161508
U_4913,0.4788862889598532,0.33491673017918033,0.3447355347285025,0.041168332402287365,0.0347300273038666,0.23824736944636896,0.08188088910999841,0.13930562072456906,0.17400206507886712,0.08461337587326809,0.06536340001037236,0.10232280494586397,0.20001075982593494,0.2223609781977642,0.3614394237775015,0.0896196004928399,0.17587290974082817
U_4914,0.31330194369292974,0.284930280828234,0.30454611292161926,0.026342770337913837,0.05448572947726604,0.23790894590528555,0.08327613244976535,0.10009483445879173,0.035227587108387276,0.06376869084658005,0.052611387353566894,0.0811780483744134,0.15871064803265503,0.21249917100545324,0.30197147258885393,0.5722216488131826,0.643013635699325
U_4915,0.08824679776660108,0.3978902439911881,0.21989789058257853,0.10386574771215837,0.153381668582574,0.4030661365756103,0.199234763828296,0.18824411075472142,0.29477314967501456,0.11727498592323714,0.12268033120138985,0.09918674598427923,0.31181139937537017,0.2601416720648534,0.13871961571439856,0.05309726279188933,0.32968156584764363
U_4916,0.06096530966988081,0.09665891425288381,0.13350342265753148,0.11359890913824142,0.1620003519856732,0.6354916607876839,0.11119208601985137,0.22393772666634754,0.050492079410321376,0.08313425115338731,0.0764628102488202,0.07058621907086746,0.11075070535615121,0.175274199193638,0.36347695058954765,0.4087754580640225,0.2033266613388604
U_4917,0.03118069735592078,0.052091787200847874,0.6620027176966438,0.08143801992340055,0.1575675784545226,0.14149717937232062,0.0989331532953728,0.13605456915467753,0.08751239423364301,0.14684210225425254,0.1571680486494256,0.46841382941529563,0.0799745846752113,0.11593189233674352,0.04979428649983929,0.7977724120565973,0.14241099506209864
U_4918,0.20960095403468085,0.16446079980712872,0.23371482383267858,0.05616571368343703,0.07043696351923935,0.24578704675282034,0.14877634808368653,0.13260600706714773,0.43744731746305643,0.5069946941187691,0.061588678611038145,0.0727208382351644,0.1353119027925193,0.1462460949180908,0.1141602811821892,0.05220569487211203,0.777129060596247
U_4919,0.2946550253975122,0.24794333753746653,0.2694261070161824,0.04271467974219869,0.032824325193246906,0.11248038371670088,0.04138640362063757,0.08828313680744027,0.033141272319286014,0.26256855257412204,0.04499913350221166,0.03443130697964562,0.12617629074486872,0.8290543182557253,0.5821887076250131,0.04514615379423952,0.18829851563286412
U_4920,0.06292528350736908,0.2657588985469984,0.27944823244825323,0.1029521490543012,0.14604431026531778,0.20499408973908292,0.2850154201280466,0.15589505718070565,0.3083685903649196,0.08575161366547202,0.0956270058497184,0.0794156105985225,0.22167603756469853,0.21998782315873622,0.08795329155876078,0.5702271851603412,0.16783320025856885
U_4921,0.25456086920735166,0.441415632534518,0.5421971129520051,0.03088198387217437,0.03361288193217487,0.19331510169509988,0.06562024359163399,0.1172722022630982,0.5637033061627438,0.06896602664911954,0.05227373835902731,0.06173677925187383,0.1302301354345271,0.14039571671940312,0.22995848534663244,0.03781615591669305,0.7744106080444825
U_4922,0.32898148193765675,0.3613832237674003,0.3053517309612298,0.047839922417579936,0.04080188648042627,0.25453282094065033,0.07106168222719111,0.10588021219674273,0.6911571779749655,0.07102405153140168,0.06983068635984266,0.08975654723932705,0.18218952537137792,0.1999143916415325,0.31653046211229363,0.061215371070962685,0.17325133117235333
U_4923,0.36120564846575676,0.31274046973560166,0.33067945266692944,0.04209017978474499,0.04069832474068513,0.13865069154849582,0.07741370156379195,0.1025712837272629,0.06039224736868071,0.07224103388476635,0.07418131414004503,0.8495803372375645,0.19064604567955182,0.1916599688597607,0.2815762640686572,0.064045662153719,0.15851554893089181
U_4924,0.031035458860991093,0.058437515897097184,0.819390761448053,0.09492194157122054,0.1539009008607907,0.1758858048152662,0.13271509713819032,0.15364454463282065,0.12162486650518858,0.184852713176663,0.17477157328458176,0.29953404585092247,0.1354115542673932,0.15056155928107726,0.06049216837428428,0.755196805118729,0.16272742955879338
U_4925,0.32229011726907997,0.2836662691625177,0.797486520206726,0.04712965639487639,0.05230072765367973,0.2500988756080771,0.06787996051949623,0.10297527072057094,0.059113315078775014,0.07658223984864826,0.08210007154245604,0.054138424173022434,0.15098917765319972,0.18443983882666107,0.358212115491507,0.05454882418696777,0.16105616108241777
U_4926,0.24144175753338487,0.28293313096134953,0.17674194776199967,0.04181754646732046,0.06680814914816954,0.22236410913212576,0.09923200798385709,0.13203981646075683,0.048295718025437556,0.0641405653939241,0.05466619522432847,0.08945710795478026,0.16309230484372797,0.21102073758549758,0.15686351992413933,0.5491171935175574,0.7045057011257071
U_4927,0.19969005967396763,0.20503572152471225,0.16919622891034725,0.03086160332259514,0.025564491448120046,0.6075497275977959,0.07093220648589761,0.12321199272690322,0.7150920454896156,0.06386664842062907,0.048973723074850734,0.06513699522927485,0.12327178455110296,0.14064741499696057,0.1314711241345202,0.23602521715508099,0.676019160346535
U_4928,0.039060005325573036,0.042887124786557596,0.16278240799144472,0.08759438692944896,0.18031333437115724,0.7284265011288182,0.12994137089869667,0.18881640540841998,0.08976586352011935,0.19170672708345485,0.17774784390616252,0.16504924778976798,0.11507282441211747,0.13220804486149654,0.052016955217437426,0.44102226206905315,0.17533600095696875
U_4929,0.39023491050098147,0.32017076928200416,0.30541184776279684,0.047270097604776684,0.04953692930446421,0.15751096837185766,0.06096690050412029,0.11283697374115276,0.7721482857710132,0.05785483093041995,0.06521205922042173,0.07121983962215256,0.16374977282954614,0.20961407498845866,0.34544040694349554,0.04975847621784132,0.14175917751954223
U_4930,0.2256553800745185,0.19833196803568345,0.5243258391157536,0.020614404438968434,0.021373064418305672,0.11139860504171128,0.0386950321053414,0.16746140990008468,0.1468464388046944,0.047449738069662475,0.04115990193503406,0.2639500442436724,0.106483250475344,0.3080993072978676,0.8358289816853399,0.021117848356110722,0.13290975853489453
U_4931,0.031006958076755187,0.053445981867488605,0.1691727983532122,0.08657391808409343,0.18236444421490028,0.8514784432426178,0.13097142105272766,0.16113101150294043,0.12714757851611777,0.24475155073609456,0.23717606158056562,0.23315922246042908,0.15242781429958127,0.18704384482043296,0.057865375306596356,0.3999756573442942,0.18450423685144476
U_4932,0.23625024420179003,0.21523572842202707,0.21827807978205319,0.03661253044415808,0.031064539881053684,0.17230994237257438,0.04257265160142483,0.07860006373648315,0.027751275275789085,0.03444944528152695,0.032469827719331844,0.5980121684674673,0.12401404050648618,0.8560045775327391,0.4954996681221493,0.02409451646919813,0.15087217174940568
U_4933,0.147916873936825,0.21646338006325141,0.38064737635283885,0.14765518430572236,0.19594414832136112,0.4085336290683407,0.24337466267225946,0.2713471725638382,0.3613189322292233,0.2494477326996066,0.2490128987152517,0.14663279972498933,0.31224917377083516,0.3398839141763448,0.15237918938449918,0.06877538979481151,0.24113455206950557
U_4934,0.060265081279090776,0.1293624824298758,0.13375851409401826,0.14633864429871998,0.1679239971134335,0.1387848464046103,0.16071762683354038,0.16061362762412237,0.12289077636469908,0.6706509387235766,0.09817921220131579,0.08287432788763728,0.13863313730547472,0.17185215989875605,0.10991219359136836,0.4743022970151658,0.17757471341342798
U_4935,0.0626832733414802,0.21922254478717945,0.21976250679086712,0.11859643268615873,0.13684653843708083,0.18862083061262389,0.2717374974970138,0.16229354689241332,0.23907527714709567,0.7069952241240437,0.09253562997061412,0.10201448965421996,0.2442780966666933,0.2015909481310729,0.10218222590022964,0.046617143100960254,0.18177922061832305
U_4936,0.31759054458203784,0.2598723676877034,0.3040769979750062,0.024411570690460425,0.03243524925768316,0.3906383735372918,0.23493030866901207,0.09640920341751788,0.4503599171987085,0.05956435375848339,0.042390754461205306,0.2788599779855523,0.1290226285519012,0.1611719908002736,0.2521433557574254,0.41967461002546835,0.15226664712027102
U_4937,0.3520720654402746,0.31986925278712885,0.9401858076253569,0.05809978477682498,0.04972722803446662,0.14649470172202375,0.0683223026476644,0.11430641910748537,0.05352378791718427,0.07203655322053296,0.08074670766787662,0.08678815092180554,0.12404260095517486,0.18668947540977404,0.2386867505792116,0.046955552990794035,0.13257075188167083
U_4938,0.31929897187860656,0.23555761490270627,0.30563467291735125,0.0664330240682642,0.0687622488579895,0.24653920091943562,0.20347732263234383,0.1508803282566234,0.09093449706677934,0.06942744838080295,0.045177371061513504,0.13160153450886855,0.13971107609302064,0.17582747403297191,0.17495219156492417,0.6309042387467967,0.18940801227295181
U_4939,0.25190786440907253,0.23026053328564164,0.266122406849141,0.04558949346333481,0.04787365214801547,0.18794019016266353,0.10601087330662158,0.10154940939128773,0.06809941671189029,0.06032192581602955,0.049072835191452044,0.5060334305859809,0.13112766455421376,0.15513131088437776,0.22221512802252896,0.019039970629256595,0.835020201437819
U_4940,0.30259829377478475,0.26241811104012813,0.841893469347398,0.037674486334345,0.042249658481299024,0.2184227299433796,0.06860180144115142,0.11503497392097292,0.05071802950576121,0.061963630264205066,0.055566529985880894,0.056359468321370496,0.14700330227092187,0.18307943086038195,0.2358241262118814,0.03630399996823168,0.7730310467977864
U_4941,0.085142451428661,0.9089948307580455,0.14799716507724095,0.11518839551932304,0.14700670973817587,0.2813042549265983,0.2029627718052484,0.14311936023408475,0.18816299331996697,0.1442481013717903,0.1468724157240103,0.0850162765562989,0.25416901386307167,0.20143111803190958,0.09165789377159479,0.04394163011452324,0.17532033065067804
U_4942,0.1771247098843297,0.587193782667352,0.22374369160674418,0.034278354411112336,0.055509787981672984,0.2514205565725237,0.0978747807215192,0.10814885946817598,0.7024524821002736,0.10517192206231055,0.09569315406353388,0.4472465638063243,0.11573840253390177,0.1434719369881904,0.10100264533728384,0.2521717583141082,0.13856435739786901
U_4943,0.218796232270512,0.6123332009490408,0.7247583710394466,0.06627356020819246,0.07241285665445295,0.24087149373167419,0.1474138138248932,0.12804112040941137,0.05037354284558551,0.05514145011406199,0.056831070888851976,0.3026260957239755,0.12922790580645013,0.15527679969411748,0.1325554909874446,0.022365077882414222,0.37483999570938364
U_4944,0.3114010675833484,0.25899956826904436,0.26721427126310515,0.03757427086067216,0.03794195113721435,0.12249486922758138,0.04700989560494066,0.09339990807038753,0.41771647142273494,0.04731528682064986,0.05193435962344087,0.06614594917954938,0.1486044899956264,0.7854471629570456,0.5344245562661019,0.029619231534959725,0.15609483259057705
U_4945,0.298886004401131,0.26522834073328194,0.8549694407613259,0.03420537789025759,0.36415237599261274,0.6129448897006616,0.06472640403306144,0.0996984999635942,0.05948059388217235,0.06844119867657891,0.05140641586515996,0.3678567676704574,0.1490133030995164,0.16788420405996252,0.2230851839446587,0.04031677708224506,0.09977808893206307
U_4946,0.08415387997275914,0.20221498186632306,0.8481139174127873,0.10300975674693914,0.12470675840909923,0.21374624790497584,0.1698803027915939,0.15545794419023637,0.21850772968838164,0.08465097319216673,0.08938169338891831,0.4743047154354585,0.18225045885787178,0.17660491138799184,0.08249904828885966,0.04206557505669552,0.1716742093393636
U_4947,0.08151401093909841,0.07898019377130396,0.6775202983608423,0.10922514297613957,0.13380126466277373,0.482383354142667,0.11551273401205658,0.10720317733864848,0.17975749299795227,0.21786998656151282,0.24920888095965946,0.27581705939435064,0.05757752336941199,0.11936751817433351,0.063205012650885,0.4639590776380603,0.11828551401172208
U_4948,0.20277421648311025,0.18914181858432347,0.24265743794808514,0.051230922892769745,0.4714969596358256,0.251667993729224,0.13460622391082003,0.12626222479688112,0.7467973327180909,0.07397755609510662,0.07162385266227722,0.49243831625452694,0.15231870944106493,0.15474755275314664,0.09416735814589296,0.2629111709262304,0.14866085961138337
U_4949,0.3414809943503032,0.26586218201379075,0.6890282108450305,0.04948848668497731,0.04669465403443654,0.1323343734634828,0.06370886845689352,0.09492270757455529,0.5568212686826022,0.06119945784759884,0.0637366503493385,0.047947835284752244,0.13018531120199822,0.17805578923594248,0.6173455371760199,0.0315592729175489,0.1188050933564387
U_4950,0.24646384320354103,0.8738359613534946,0.30034174559460536,0.05537067228350517,0.03428716614499786,0.22113458643827133,0.0611846332049065,0.12022991855677581,0.04808327908744052,0.05247668760587568,0.059568084851554876,0.05265718977085021,0.16194700549352786,0.17342063442046218,0.24820183672932336,0.02451433522164271,0.639179754602444
U_4951,0.2283573512502515,0.2006347768501918,0.2273870022326077,0.014694375647981171,0.03269874419304533,0.5187153965333863,0.0736014244421653,0.08422457215432419,0.3477539328387086,0.06533491929837931,0.05490700369483117,0.5157046614039406,0.11885013538888022,0.1497995311527343,0.25419345561778384,0.02072905368982605,0.6532623704730809
U_4952,0.13262774645624154,0.6647107215398224,0.6606235463156352,0.05475281257636813,0.26096718894732807,0.14703827897149174,0.15533497711742214,0.13441053088334523,0.06938929955463474,0.08274722502550655,0.06319351034959653,0.5587142949523847,0.15929223489001143,0.16320653205145538,0.06393184311598644,0.21180032589276315,0.12871884824469457
U_4953,0.04117558140136826,0.40398136118144357,0.19071762611792636,0.03887847989853402,0.2817444879697242,0.3830520757108913,0.4130835693629733,0.10282700286812524,0.17644807558039124,0.5473210827868511,0.05933724822688381,0.43270547775567925,0.14319453868970597,0.14183769751096675,0.06758135750686664,0.31377804704004697,0.09155515189828661
U_4954,0.23515596447308762,0.21354131186473907,0.19171135877792672,0.033897743933685005,0.18287386736067548,0.4495318359568218,0.0730826606069061,0.1148389359255772,0.7498237796172583,0.3138449773765808,0.06920727863299549,0.28378197979001296,0.1435082589923413,0.15971334465587028,0.09909430773761435,0.02131358429019719,0.1195245059758275
U_4955,0.027762309291903077,0.03333072770686381,0.15599590375457822,0.08227073165994526,0.1327094078539328,0.1074052077142397,0.11351546150244493,0.3568485510752065,0.29714033899533876,0.1488339828007525,0.1620224750852604,0.8197471989689687,0.08055203133692551,0.12778142741182316,0.036542665047472986,0.2447145487412741,0.14829451325316745
U_4956,0.11590865423373242,0.22860973062931983,0.12225761778426684,0.04308414014083922,0.26075526376665814,0.19541731963982908,0.13235359889167667,0.1332829000816845,0.4909964807432081,0.07329889949887022,0.07735802258515183,0.43859137058462216,0.16011468466938236,0.16630966081961748,0.0773078870111012,0.41631377302529915,0.15881562085165365
U_4957,0.09154531082400624,0.42853576591722975,0.3152347056936107,0.1009925306533883,0.13329624277389468,0.36410467530843016,0.20866135639819525,0.19341612554282248,0.34879618242152766,0.10313421500441848,0.10886874426231452,0.10558657107950699,0.3043101842612487,0.26190180863429136,0.13379952518447977,0.05023164465392499,0.2754082680685612
U_4958,0.3334460313330859,0.4163136902401656,0.2883756899780212,0.05481642883421032,0.0502781361993059,0.21370785293677608,0.07121530605075911,0.13219871822844007,0.0551241785790277,0.7008782550269682,0.07321398871679671,0.06844418122912019,0.14781690168673364,0.1994890210554265,0.36405460772597353,0.04530781795752496,0.14487856771406768
U_4959,0.18127796999362883,0.11442997346792907,0.721224709405518,0.07017719388343226,0.09065767428445327,0.24130556188644062,0.153159028447398,0.33534823413919224,0.13867666638778126,0.5294020675241249,0.10033216618108853,0.09482428577536953,0.154145339092674,0.16685982138032066,0.09471124982636918,0.030849043056078725,0.16547317648881885
U_4960,0.17626913610712844,0.19668675499194985,0.22212034621392043,0.03309847683670111,0.05978212288338686,0.19672621846478514,0.0801115517474791,0.3212776899826084,0.8169581409476497,0.1000739093860322,0.1013865440388803,0.0844322115226848,0.16108709411414995,0.15989079549728627,0.149732102038536,0.038388107088881074,0.12411698596708473
U_4961,0.3153623625280255,0.25683888111178477,0.27457764789408745,0.044910962043687844,0.03321228005203186,0.11219662538047336,0.03997069225459927,0.09247311172981149,0.037258894963631474,0.0394459677291021,0.044388354304196964,0.3798668744916581,0.12847465132458272,0.700598671196769,0.6779374187166051,0.037584503941663024,0.1832896052626604
U_4962,0.29268291969878546,1.0,0.29047582841495434,0.04547007683688084,0.04125025340513312,0.27983187939678444,0.08274430646045028,0.12562055633845862,0.057828305281598345,0.0711150347133809,0.06469523516881531,0.06990174095908296,0.16103607527110403,0.195808898557284,0.2649699240191048,0.03728389428118509,0.17223991174503628
U_4963,0.03789131756784843,0.04198223077252221,0.10345032412788507,0.07196704061755486,0.15917386232434674,0.14973944571152817,0.1304246619609517,0.15274031384117964,0.7436176967165097,0.1905406097386765,0.18479544064108475,0.19072893557693674,0.1164908323501236,0.15346555599548636,0.06117658985289118,0.2989005818643682,0.2056880591838977
U_4964,0.3141978266626444,0.25452207389878745,0.3104209164949916,0.032986098981450225,0.4564993681827022,0.6907755739417397,0.07552927958042804,0.11625085625973114,0.07272860049955839,0.520282033905193,0.06196282012560321,0.07283219386845534,0.13676989871380277,0.17978148119254267,0.28465442060136714,0.036496816008102145,0.1413827802913432
U_4965,0.4089670261216778,0.398706249757926,0.4499865264070473,0.10675271908750283,0.1124748465030955,0.4728314511427911,0.2597433845417009,0.21539678777755483,0.08021282253154269,0.10559326178668588,0.0763750907187391,0.10199748628048107,0.2664315121415026,0.3046871204024736,0.24436655117864367,0.05674913466177633,0.29137551153897234
U_4966,0.25092873025119034,0.1944698401581321,0.511353267736391,0.029309719323450736,0.1622834614758227,0.112148546105098,0.19594113397227284,0.07966820968879068,0.02899645201253126,0.15543299760555132,0.040841255821789615,0.04346059728428036,0.09912104713923652,0.13751551548248656,0.8463081227210433,0.24847016696363364,0.09351166726115545
U_4967,0.4231943357694835,0.30177617244726673,0.31863893623655926,0.06141343041620817,0.05524966407965948,0.30734066088155554,0.7961028064437025,0.10738249936687778,0.060798805776485346,0.07498582575361358,0.0635818986282166,0.07746595732915491,0.17428138478339014,0.1726450309032255,0.3160499272759859,0.0341373345809108,0.17033291707125114
U_4968,0.3628292553722624,0.3217684830636506,0.352199549792344,0.05762109708163133,0.07258447127151083,0.17285286019731994,0.6694528025674811,0.12419373714335141,0.06374738465349898,0.07586761517361518,0.0848794417086764,0.05801412376286194,0.14236853418730155,0.19765856660245212,0.362658349541638,0.061935121995591716,0.13968852100697293
U_4969,0.04978443020064334,0.07763072001270876,0.19707593770224444,0.04560491269921252,0.04362555624126466,0.36956096413836426,0.3222706665540831,0.1119743871449409,0.5072260033231981,0.22776783955779323,0.06524807082256738,0.3678898787194296,0.15904332162978452,0.15682830777115694,0.07022019900042101,0.20572616404474728,0.12414022545833339
U_4970,0.2267748265104582,0.20741623879910628,0.22488270322117224,0.06392309738245289,0.41512128760544975,1.0,0.09157425806336492,0.1185522049811855,0.04831164993226339,0.05958380230885629,0.04182661314837076,0.3465899386172019,0.14321543999468286,0.15320372632227208,0.16624965668960331,0.025521274451248393,0.1285988217398782
U_4971,0.19708138981362758,0.2795684733710786,0.24796111881011831,0.04699776677328171,0.11073611424338219,0.6787574323983319,0.0875445484301097,0.13265080947427121,0.8008621105124597,0.12345806733864031,0.11333936784307881,0.07429035713957469,0.18903530687158698,0.15903345514551206,0.11623152256070353,0.04030831692788669,0.1540872750607354
U_4972,0.038256366501245406,0.04697035261925567,0.0919702780826893,0.08129105379118585,0.13588467039679222,0.8401375191092407,0.645457954429813,0.1425518109781274,0.1095414051963896,0.15558066486950534,0.1619385718868061,0.25464939434018474,0.1569402483373671,0.16949288355347822,0.05164656740792544,0.25489791157282704,0.139207120471765
U_4973,0.021730026884056286,0.07814804075329151,0.08578821567169218,0.10189172722680216,0.1815047478027524,0.1463119340874496,0.5500404482574998,0.1269516697110374,0.09890016170585973,0.1659311377997763,0.1737658665575461,0.21526417977217488,0.12751215488325765,0.14550045919989166,0.07606077135677351,0.9677319829368222,0.17781216489328872
U_4974,0.2995999809515796,0.28889914676236317,0.29063316225414637,0.04738590331472824,0.06097905344394283,0.2716955317858276,0.08488581117474907,0.13383687302130173,0.8506531697795883,0.08511311725208368,0.06759543974649217,0.11716162954052822,0.1659065277829848,0.1825171556956783,0.15262439233053732,0.06259497259224515,0.1920693491459243
U_4975,0.32793664791027355,0.6983272405033523,0.255227187567037,0.03993913256717782,0.05251590753221678,0.13317140015855466,0.06348795778282076,0.0980716418077124,0.040016978812150786,0.0633525008166203,0.05017255652297023,0.04859333567617504,0.14382585893646446,0.18340345534698646,0.5609620167032244,0.5042136193297824,0.12238607006367619
U_4976,0.37146881227641315,0.3252258147655148,0.3147288069949019,0.05305524305493913,0.055124352121822026,0.16372558363690526,0.08245371625988251,0.09981061320081046,0.763239450089816,0.05405334201531844,0.08414198935335408,0.09012145976357014,0.21211115074999196,0.19403225451562292,0.3332257043778106,0.05160674376718612,0.10816533958148905
U_4977,0.23082844142895223,0.2160765670914963,0.22763043124488727,0.038348828664462924,0.03972429593813824,0.15250128720322523,0.41467580993811215,0.0907535002032741,0.02424912795265142,0.1912462779800856,0.04581556145215369,0.06183608717795194,0.108343860026639,0.8780201681503216,0.49044245727654945,0.030383544121127815,0.14156195482458625
U_4978,0.29421737198017683,0.3039674853604739,0.30087094793621183,0.04884427376937196,0.053257578441115824,0.2596104564976178,0.0874767342002595,0.08864386960065522,0.7510443447064684,0.06793297229772423,0.07786884622081397,0.07652802546203308,0.2141300863345498,0.2103688538096472,0.3303024997781594,0.06085204387405821,0.12527252750710252
U_4979,0.032454066734396256,0.12683524651427558,0.6257958945164073,0.055223583891293566,0.38005734498653665,0.10831479314588932,0.12182210544169582,0.0903501719849659,0.7773878475531939,0.12793754660735815,0.06346172281434054,0.5645461831801012,0.14248755229967333,0.1376400579348715,0.05586832156777306,0.0069826677202166985,0.10018446631696899
U_4980,0.17595689924485652,0.9633929784829828,0.20694026461505463,0.036245434902333604,0.05278599825390915,0.16183731875100554,0.10528810495023253,0.11053345627685462,0.14968368975612012,0.0940631906005177,0.08606297952972491,0.05933593953761886,0.1342158220288428,0.15971152014501303,0.05145430396631773,0.2313306058527849,0.1316822525749532
U_4981,0.3173725618622377,1.0,0.24838387677439702,0.0468000684268011,0.04600699340230939,0.24472824634651102,0.0770677590516943,0.08139404622228075,0.05982898093378134,0.058466309114538484,0.05915232555627537,0.0690726418755982,0.15782207660321715,0.1740727640720248,0.3064721764793372,0.043351608634565234,0.15525784259741998
U_4982,0.03172868735478615,0.048592227042436514,0.1626911645593224,0.10533367929727477,0.1677920408898176,0.7332598744874407,0.12626031216254163,0.15984840877100873,0.6198184237185201,0.1896307621085981,0.1979993145943083,0.2684798627686187,0.14700025095853073,0.1583545646710264,0.07144849269346455,0.3214753949707313,0.16015366641726395
U_4983,0.07297153139653212,0.08671452952006914,0.17660639460982022,0.0659962407567556,0.09984477104629849,0.7216575843514693,0.5003290064011525,0.12326350128487046,0.34793696010289776,0.053974735087862054,0.08291904229169084,0.6346501115090101,0.14728420449738946,0.13187361099333658,0.06332999182300113,0.013963084388463401,0.10381347757532546
U_4984,0.2721339253288235,0.2242602853565758,0.24343564455147845,0.03407959011625417,0.04011816208396669,0.1321606710759627,0.2683033764330228,0.09891881325923334,0.04773870385660141,0.07478916607134112,0.05871222323967369,0.8832180457043709,0.12910921140711495,0.1529861813168824,0.23498304080425358,0.03174894206504031,0.1148193083403853
U_4985,0.12284102809326192,0.22311282506233007,0.2354112813401997,0.055435016051135724,0.542941325823875,0.8098367120182154,0.11453115236388378,0.12056712625086087,0.7454178040769363,0.05678893042299796,0.06765480254306755,0.06954846484691048,0.14856726847111787,0.16047652680566524,0.08629010652094446,0.03934614745953109,0.14246514192095586
U_4986,0.23234680897005022,0.3993442757363116,0.8508102484925226,0.04536751437628321,0.03766278582401675,0.18502621847828027,0.04989726833596057,0.08127239007491276,0.28268927557814505,0.17777914844387768,0.043989983245688244,0.05456641890338878,0.11788599819397541,0.71731831103693,0.5934168703037958,0.014569443245993755,0.09617897063317826
U_4987,0.27223105457727037,0.6128391935337227,0.24531361088554324,0.014963687505711067,0.03057025623201371,0.23641248258676067,0.1286137928459826,0.06739228676988447,0.607213380320823,0.06644945870353813,0.06584717377681791,0.6774464843699727,0.11042865238407047,0.14704668276687985,0.3291188898493581,0.3262021830264411,0.12486372116720237
U_4988,0.22146655404019508,0.8586990385522085,0.25867821760159615,0.08659309570027521,0.06838186299127205,0.27198935214241504,0.10781596423678788,0.12888854078085632,0.04894334949569755,0.05573562756444317,0.06402674860098034,0.056257055312712176,0.1692003796474972,0.1735987737161933,0.14602233268936352,0.026006046594854886,0.6732723151889416
U_4989,0.28223150717887946,0.24354036293277367,0.26151229034419954,0.040134513310675836,0.03957579368988909,0.10932289662298411,0.0418097891117513,0.09519744512848952,0.03542577089725581,0.3065139499757591,0.04702767147928485,0.06640880714815287,0.10772108546621795,0.7269022508642112,0.6569173467351134,0.03472813953914264,0.15063444578553983
U_4990,0.03523961302189241,0.06329847564753086,0.10182764156596588,0.10314598435755176,0.1617219523145844,0.14904217405572354,0.16136732933975767,0.15058693911554455,0.1293773345886641,0.17865817108866663,0.18897913846834472,0.20510488198871804,0.11359934273357682,0.14199849372657677,0.06732286939766884,0.9643169159262673,0.16386683047427536
U_4991,0.2512253148742819,0.15609077396067494,0.24443343823904876,0.06668677344929218,0.06625763041604787,0.1704176912623123,0.3876989795559984,0.13066312318576825,0.0778060204878525,0.42046440139266916,0.05383000665807031,0.3963966652444544,0.12884889161544721,0.15067169769274538,0.12906996559847855,0.03038122372122208,0.8114663337360252
U_4992,0.26455734747619575,0.23681111114463455,0.29062188747280504,0.050780995413924036,0.06354238606076869,0.8565587786706931,0.11475084467916108,0.11888248687930944,0.13758856130754862,0.056080636279840515,0.05462829103726259,0.12455917482076154,0.12234021195063823,0.17659323875675684,0.1288426052188614,0.0273231207829076,0.49120415138387175
U_4993,0.30100446791219315,0.32780851321875804,0.31787902845809257,0.046537004343124994,0.06707477843157227,0.21202825344821513,0.08265647968041415,0.7109138700811821,0.034145554376152104,0.05438013347228166,0.04943034088593578,0.047893476876323685,0.13233579840437845,0.17836617613014052,0.2998214797711647,0.03995438047497847,0.6322725890106999
U_4994,0.23676277037197718,0.25918462705235623,0.2721291281079151,0.04814177841650963,0.06368215169577678,0.27397646761553407,0.4282472044760177,0.13178634727878955,0.07580930341322464,0.06890771428660568,0.07160761773952784,0.06533930960322963,0.18125686794031956,0.1675249384929136,0.13051916682439937,0.6936740028855443,0.16947064338449289
U_4995,0.13027626603231227,0.25855064085314916,0.228300282716372,0.08092202947708921,0.06921706409731072,0.21367584204290876,0.12751026641071012,0.15349183724781987,0.10736744522292617,0.06615942763721747,0.050599904220741294,0.48605805248230827,0.14672953645839965,0.17120447609202424,0.09768368529808678,0.5500547272960543,0.15087008427357942
U_4996,0.016596506895713736,0.04160894920446545,0.08771121960178108,0.07612296212148917,0.13766023170838068,0.6388497280859506,0.30480861003751014,0.2256633853235372,0.5783176358510831,0.18152444667985326,0.18955957582045765,0.47695668485072507,0.09696735179549507,0.10565810007569568,0.033094700447404556,0.5240590747692427,0.1285345959996885
U_4997,0.3672718945655692,0.25276642488605383,0.2928898664019799,0.03861952428642535,0.04257619911689834,0.6055058480163411,0.07443819226185745,0.10392958227030646,0.08643790935597274,0.08092244769772627,0.05802113604482906,0.06303280070805203,0.14838152453210313,0.17235665212197812,0.32681935658336037,0.06068138783306551,0.1551231081470663
U_4998,0.00907760423702526,0.0307494353752608,0.3876835341148419,0.08167073061369388,0.2481284342263911,0.45266599023001863,0.08564622875233319,0.5270758767655478,0.08701157709456078,0.2180290918903845,0.13323098897188002,0.7487551180397914,0.10059897260398917,0.11132604893166688,0.04480312607923079,0.23404695168153247,0.11634410665944539
U_4999,0.0696614562108459,0.11298499196872054,0.3501791178820186,0.1008543904727992,0.23066919757667037,0.20122837344994474,0.14564542134473557,0.2179177361150967,0.16408339681442394,0.30059522584867815,0.2836310760600851,0.23837626294609338,0.15369538880687367,0.3030004075550905,0.08608562562481059,0.531414674779324,0.29196448764871696
U_5000,0.05405165089285204,0.10841613801223064,0.1039619423829282,0.1374431245727929,0.16676506592738866,0.6174274456478949,0.12995699187060852,0.17792467131017328,0.08275879921344223,0.09497801212810604,0.1139057391657317,0.5229852540078128,0.13736675610760316,0.2938242879854751,0.10932324769354937,0.3961807209970828,0.1739881629551214
