user_id,M_001,M_002,M_003,M_004,M_005,M_006,M_007,M_008,M_009,M_010,M_011,M_012,M_013,M_014,M_015,M_016,M_017
U_4001,0.06732968936124424,0.08421255159445974,0.08598905586053966,0.1268716714825967,0.15431258851391555,0.09575526150718738,0.11148658345775289,0.15458999518950323,0.06324369471956218,0.08364108732509007,0.08162311298167643,0.06403210148817533,0.08767081820869266,0.1374398141588214,0.39501098563537873,0.9393905347095342,0.180829967158057
U_4002,0.07214297665325284,0.16503184631454826,0.16161813865608027,0.08889412969684249,0.10572805833467189,0.17407206433588654,0.18029467025409915,0.1508579286717586,0.16720114872816455,0.11957444993922212,0.11951650620436036,0.9227108876039787,0.17265231153093133,0.17244160703967087,0.06495632918115112,0.024908058727810888,0.1363747535434968
U_4003,0.03000514309866547,0.07132406657129192,0.11432843890114704,0.10292926941767276,0.1989621004812409,0.1647688735782895,0.1488481904321348,0.14887693490180268,0.12808801190334998,0.22814103539442843,0.22711204370652777,0.8534937733346835,0.15280779983871215,0.18899266366348527,0.07022092772805434,0.3487167403753579,0.18320117412080508
U_4004,0.12895323442641843,0.22487767404150028,0.2550293792441459,0.08129250146631484,0.11246663917699767,0.8812127286610811,0.1511907207470619,0.14438600270995908,0.1527717488628779,0.4482361435029216,0.09686816821200772,0.08918357557632328,0.18610037190136308,0.16973953047940613,0.09496932908487987,0.06039394583548569,0.2105617830405648
U_4005,0.07412046974847956,0.12950102291874951,0.1948554278693067,0.10479136948350289,0.14540170052757745,0.21030020710022493,0.16178890005305338,0.1830403263458153,0.24788318484402366,0.7967601046308073,0.0962841754087345,0.6199256551540853,0.1881336178043034,0.19918525595167177,0.11246203874112623,0.042199865214272304,0.1575489814253426
U_4006,0.23951870987909668,0.18177217588018924,0.23732951379856015,0.02017096481777241,0.0257108851375741,0.6299796867295977,0.1992966602041354,0.20983645145880553,0.6248833407119692,0.050066290236276074,0.04081366236156367,0.7262310743157168,0.1392666584913906,0.13633250334834315,0.36451602677830136,0.027016385459439508,0.11838418769700686
U_4007,0.2712556105933169,0.24752083680607417,0.2560286152163901,0.0545739394040483,0.050606083511969865,0.22414266514021725,0.3066756127394096,0.10014390890617275,0.26090521108911896,0.08977137910027856,0.052897736448898086,0.058805826989845766,0.12685061066427458,0.823687572084842,0.31735429422328487,0.03135969069197297,0.12517477273543212
U_4008,0.27240577143815564,0.1929030001610774,0.19885606394655045,0.030537115255063606,0.02065353180992989,0.4767277695246732,0.030574655247257956,0.08346936132466451,0.020957856217794085,0.048335647475189675,0.04115636827293867,0.2016527198964505,0.08847246572177508,0.7137324586197098,0.9045862155609641,0.02475770645803369,0.10656262462100598
U_4009,0.21430360337059168,0.2335803895195301,0.22623341092221855,0.0318441774616933,0.2690825450473533,0.43214459617031936,0.07713963819372598,0.11006091596272453,0.06221055140725923,0.05630822901221902,0.05441189930654638,0.6916727230570467,0.12990599313044499,0.15464956514040923,0.26712039351836037,0.041985611895329705,0.42102784255977366
U_4010,0.028982619885438987,0.05855462086189651,0.069646402118861,0.10348908062246248,0.17416088050935202,0.5782684621457868,0.12580303680484217,0.14608759494344092,0.12355173087511304,0.18281922077929316,0.17467141227450084,0.16772512891904845,0.11538217109101623,0.17239443835019205,0.04601996182665123,0.8595571613096984,0.17026609921726893
U_4011,0.19089695284001332,0.2742711673764388,0.5565935190178186,0.01682900494790886,0.021572331404722662,0.24678560452991544,0.02331783123222927,0.24344743240852298,0.45333282358007804,0.06234658828610894,0.0344791671163447,0.11782286450856608,0.10025427112892626,0.12961500728875155,0.27915475195074446,0.1340363779140252,0.10252241348873871
U_4012,0.24900295936492084,0.21373091666556268,0.7301733436342523,0.048511733055247315,0.16114874784951855,0.5733080953733058,0.058857936614353,0.09845432185106498,0.029253101344959058,0.07105735384781131,0.05502262197272318,0.30026945067729777,0.11025728883965864,0.6938065404676719,0.4718706458197993,0.022153952577371863,0.10795488029004911
U_4013,0.36254292803160076,0.35848058169089675,0.31445164635876927,0.03616770708670914,0.057537021695990426,0.19090900896734567,0.07711649786211593,0.1047951771051103,0.0654549170007353,0.060146864262574436,0.057057922798564004,0.07022928108598134,0.16782261403293358,0.20332773106027735,0.33335175021667063,0.04977318269443734,0.6743398265726357
U_4014,0.2025467084500908,0.18437707875388637,0.9891254602959956,0.0486562263900895,0.1776765220229939,0.2218745318805777,0.4808239228416501,0.12065820810262863,0.07000156578915262,0.053134015295469385,0.07329546314034907,0.06503006630937952,0.15583054663582552,0.1296543972170792,0.10078506358439686,0.013314270498983606,0.12929410824672116
U_4015,0.03636393756040631,0.052469274579480175,0.18440467222331527,0.09360391046224488,0.16553680100508011,0.19056191067110065,0.1337036796489381,0.16313935090330117,0.5314822336610294,0.19201817037983374,0.20109690315008147,0.20658959765338797,0.13485737756326052,0.1402683650766369,0.07470123278299305,0.4175699098235161,0.18760928958053963
U_4016,0.24555107945979693,0.24488772604627393,0.2670565782354157,0.03712292491092655,0.05071047181897165,0.2783665216034393,0.06431021701700122,0.1200944422145898,0.046554969787886855,0.5661863395597495,0.06229154260975968,0.5613284608875411,0.12933918533505756,0.15330646127578776,0.23881069281789638,0.029471271863691365,0.5184666852636262
U_4017,0.35444512303264647,0.28448886051877714,0.28214588418309544,0.045910131375887,0.04535097432838376,0.9337025623995927,0.07825895723358103,0.0938851926835085,0.042502257512269395,0.04740033792585262,0.0486954607711852,0.0627226980750829,0.17765319419709757,0.18455809362296577,0.3162217241002,0.04479330273330613,0.16650439280421742
U_4018,0.2645660236824626,0.23193773492849296,0.8438960047334223,0.04487742287431804,0.04051466816176502,0.2259018451947694,0.0501543665317419,0.09892172175011252,0.04770528480339211,0.055534193630372417,0.044652913554078646,0.07379618020369838,0.10599187774171918,0.6453572998919654,0.2752009143411751,0.040499633918274436,0.12283367838666863
U_4019,0.21431236708542656,0.7170874251287156,0.14379936245263808,0.03434041147459036,0.28005270606781224,0.23174564316370877,0.07365000519825028,0.11465820342108157,0.4656275659642505,0.06880256615031928,0.04448079490169482,0.079791255634599,0.10408071004180437,0.15840571799796835,0.09699379883003902,0.03454170799450157,0.7990968071961462
U_4020,0.09488324557041793,0.3519278401806059,0.2266522317072555,0.024201380604072353,0.18344387821876862,0.15511754595949,0.24853486843666533,0.11748859541749489,0.6622719676534579,0.03901328865967695,0.049692013632129314,0.22913130165349876,0.13036139817097403,0.13438203515729755,0.05224949232394988,0.12033746506270103,0.09252277259887554
U_4021,0.17033031915762872,0.6403224512035193,0.19943202670718482,0.07917541052653969,0.0779297484442738,0.25786948894085787,0.18402262747960157,0.13974235029087018,0.6983314819732795,0.0735040777043214,0.06713896535358875,0.3071149704754429,0.16676516736732466,0.1680810491759093,0.09410715265930737,0.03998174923100616,0.14328288074530163
U_4022,0.22303587006372813,0.1987298457241513,0.20669918149306826,0.02913978350393924,0.2483550942932711,0.6483653702122889,0.037398208389623204,0.08620934087396849,0.024460265908775192,0.05054233081383253,0.04005507712971477,0.036783377722557443,0.10239711625690118,0.7320082711786517,0.6614456479561719,0.024247847220011876,0.13240737829554414
U_4023,0.32395757307303147,0.2746459726248359,0.26899457130294496,0.04301189675043717,0.0486759843988337,0.32727319971437413,0.07748994926062201,0.10901252250748517,0.08106646175537653,0.058655821479334305,0.0568830115300426,0.10062944210389997,0.1363399829359737,0.22174063671366123,0.25077987410568847,0.04365289324082495,0.6851506343716172
U_4024,0.21459171963596518,0.19200602995109736,0.8331408333314638,0.02213425357842168,0.24456798110840777,0.3123779142782848,0.11257133137168673,0.07980658947032972,0.21169918620523814,0.07823315733669063,0.05077845052697237,0.5432194293609454,0.11976790949496084,0.1481742511142751,0.24265160066265906,0.15151727859445085,0.10902052572812274
U_4025,0.038150294606107554,0.06230434968039317,0.08059674421983799,0.09984250546928229,0.15259711612814467,0.726738153986831,0.1314283511313018,0.14738673118601867,0.10559559003808407,0.11849989006936046,0.1004829427368504,0.3256236577777569,0.19075297777206798,0.15409632939418302,0.08996424701530852,0.679701154497266,0.1532040413963487
U_4026,0.038453058737396156,0.06334456539667695,0.16966385793807162,0.09712956392579286,0.1915273930685047,0.1119722008477987,0.12105886830166095,0.15251205512154745,0.7423426733378145,0.1907130845135498,0.19863516143045426,0.21278809796073095,0.12950949841906284,0.16677798544088512,0.07040395179896321,0.7544160880772735,0.17366569007939547
U_4027,0.3228073981877325,0.24447294047567997,0.6183203372249535,0.036437127563209805,0.03039931982500025,0.14746945808929735,0.08164473197473494,0.1131318198297575,0.3299639242385031,0.06599176532759939,0.05064796539012482,0.5990125848315875,0.15485179341643393,0.171624314717969,0.2601738636046448,0.06464565260699628,0.1251232554199643
U_4028,0.03625365174459237,0.07454207150954154,0.13898617847844139,0.12294389199360806,0.22670070969259035,0.19404500627209262,0.15348374245034196,0.17058878009604006,0.1001657871629836,0.29713911820957056,0.3107253406738644,0.2739626637720494,0.1422110052401267,0.17072839326344746,0.05003069739655961,0.47964043241048254,0.30791982806950097
U_4029,0.36428979967902037,0.3070201972959604,0.26636265733562037,0.0430113307127515,0.03192222961475442,0.2628530950238429,0.08409871071782415,0.09680230934623021,0.6545047713186747,0.06336887757372597,0.056367663794417745,0.08193882230646846,0.163079623791657,0.1913103877092944,0.3021256320523283,0.06032635696300837,0.1699458594332822
U_4030,0.3090162678622664,0.7146256798836617,0.2932288419005011,0.034077363678593604,0.04025531399232979,0.1544530477501656,0.3188936930326653,0.10274896536305023,0.5724728034626416,0.07211570576300189,0.05402309630138609,0.08033463541114702,0.1524835847290946,0.1692011452875295,0.28102515910467757,0.038669545545619174,0.1319273084390395
U_4031,0.2032233606847205,0.16909754642205946,0.2337225397734491,0.06497822554241962,0.07211589242495332,0.8943596773215867,0.12767950430322267,0.5171486628778903,0.059229301650526,0.06284576556827547,0.06444464226703503,0.06149876838624632,0.14495540076762584,0.14686230741654616,0.0909840540704105,0.033236393777124895,0.5347659090296528
U_4032,0.3640038637831582,0.3106138298292994,0.37573403203219663,0.05546531890815594,0.04590890243685153,0.3099791512409376,0.084332600765325,0.11189138406722192,0.05187720098813259,0.5635124435657046,0.07148490132354188,0.09543070522094318,0.19270752310501232,0.20818750160678826,0.2989857218904725,0.05687086838107038,0.22830452499993648
U_4033,0.03859105831442121,0.056740563459977245,0.07104448717455598,0.08370282649224985,0.35070736345717074,0.08702971684478752,0.10232925438702732,0.12261135441549952,0.597392298062879,0.18001960263613143,0.1908796487014616,0.7032823947255069,0.15553853473130377,0.13373724195162395,0.05040870232674153,0.24425731265185735,0.15240997818311586
U_4034,0.06422657390580049,0.6735385246790546,0.17737799362860934,0.06764545863577454,0.1177688101213482,0.21126079570121079,0.15018528250455424,0.140896442581851,0.2414159034896873,0.11978322641537974,0.12427169215239281,0.09370796873049334,0.15956827492760967,0.16450940612813914,0.07558222992360272,0.05954216127627199,0.16186876597415004
U_4035,0.39621610076013497,0.9612859704398238,0.27323509471277124,0.05397283595846945,0.06411281559101717,0.16295755522972302,0.08425699264914487,0.0929911861976119,0.052676709650576574,0.054840440017923514,0.05249014450496483,0.07773759072076307,0.1574402720133502,0.18422170140693653,0.3003587639760553,0.0386805623928997,0.15129173624396727
U_4036,0.02769606726123319,0.07127026159798378,0.15408129127314246,0.10233162336730355,0.5614621238668962,0.5148369478131931,0.10505400259557422,0.1461187399278632,0.06877150901294486,0.10833341951369939,0.11036204072875219,0.9235995630660625,0.10763148960794583,0.10864953267006429,0.06396464692273889,0.5310948363224366,0.11890661546327817
U_4037,0.18085137495724699,0.26333653419690267,0.26273933181349074,0.05243583768240717,0.07504050079678348,0.27353034070426174,0.7427082170438672,0.13117184856427005,0.14190574296394476,0.07825080267711346,0.0893818832697056,0.06763905765891003,0.16621920782325073,0.16853422065719523,0.08143006603667731,0.3473155829803057,0.14728125390073443
U_4038,0.2645290015065205,0.24123712146550513,0.28345043210014864,0.08101136800809951,0.08626299209532638,0.23760962128473018,0.18157175367689937,0.14509908603481736,0.785738130369334,0.06167768872541918,0.12185950032756392,0.07535338690067993,0.168045201184257,0.1961811743423526,0.17115291370027957,0.03351307922818938,0.19777839716928625
U_4039,0.2413823839001946,0.23197244549778662,0.2515669626497465,0.039071718238916225,0.04694531181088001,0.5730721325264083,0.25270969676199057,0.09453234205253988,0.027483423394975108,0.04724355973657318,0.044323833265024384,0.04071601668560533,0.11636718845375793,0.6038801200683277,0.6498581659896698,0.02956189065479206,0.16211130556612746
U_4040,0.2722172318073599,0.23708863560623913,0.24527360224533945,0.0403348092173122,0.04788468973819985,0.1286606774716851,0.0502789635296133,0.1008878511156074,0.4600236472006951,0.06672440479011633,0.04913107148210982,0.07652011699853195,0.10031241770182428,0.6968435454430995,0.7331320420741811,0.029056807174244952,0.1415755425578349
U_4041,0.24199317635711082,0.3620840205499568,0.5441662152660904,0.01699329666071615,0.027867440989420556,0.08954309030072259,0.040100638953202955,0.07793966187091847,0.2074725459357465,0.11262968019735414,0.04415378327596253,0.1883198971883357,0.09996825899577652,0.5301373281208261,0.9254745929104051,0.01374983751379279,0.10147162631743206
U_4042,0.05391588383576488,0.6434767684621434,0.08716023757915344,0.09560742522768839,0.1263020785294842,0.14527059783352356,0.1907992309093496,0.11780643540197601,0.23242276562530864,0.0822629813086672,0.09474529817099511,0.7843715312901114,0.17752176413240633,0.16882092028056117,0.06741071566803336,0.03692493958081523,0.16205015795885763
U_4043,0.41799908500296346,0.3762390991211293,0.43850006571748973,0.0667289497391977,0.07128845844618557,0.23935802450442534,0.09894902931579341,0.13013395258097815,0.07991371141259934,0.07398676757173206,0.09534593817583085,0.10300869661636534,0.2540449407519168,0.24055310720699163,0.4653433642775787,0.06260599174470553,0.15816473878428566
U_4044,0.31284330385065395,0.25571235616628435,0.26572893681113297,0.04809734370556237,0.04807155005361095,0.21157815484900525,0.6088181623078965,0.09766126504620483,0.08789807342276772,0.0644079075131738,0.05758887912447657,0.07460166198329529,0.1332284660911468,0.1807374664427769,0.22407610203505743,0.03743899253458945,0.7544254874123999
U_4045,0.2925500900398809,1.0,0.24756626559017128,0.055268532048745427,0.040344699384674734,0.1263924116869689,0.07725097382766889,0.09311822542061157,0.05581163120000892,0.06827104811055353,0.05138892875787139,0.06733203202317047,0.14391118713068896,0.16366065433569774,0.2573434806433612,0.0304503701181352,0.12359002735464542
U_4046,0.1531145076434457,0.12395091718342732,0.21393990957571288,0.03856317785809842,0.06309330009810565,0.7654485412838612,0.41814753426265916,0.27146411181886104,0.13288695621562474,0.055203108381516396,0.04842578631290875,0.43390261441663713,0.14885189938233573,0.1477729495430846,0.05205557019573956,0.2053187392651953,0.12873129857500556
U_4047,0.10439113053878954,0.08127427253138206,0.27376802716733456,0.06855293556199599,0.07333190723043544,0.4753560250812547,0.600676483319514,0.1295021877017864,0.756390706248879,0.08911047267295785,0.08187906730261434,0.2969680480459146,0.1457189268830257,0.15477089778405645,0.19217023303263583,0.03197283267205785,0.12131172611592969
U_4048,0.20243168646042423,0.16604355294239387,0.6117079018895175,0.023219506427256117,0.020058444274394755,0.45108138450047686,0.12855295039325593,0.10753881480141243,0.17507174184979954,0.044772095587159125,0.03578526911668464,0.3745439097691524,0.09001448982412769,0.6562139698070055,0.7406708316984867,0.10107998948022189,0.07262178871436002
U_4049,0.1515431890562737,1.0,0.21387589258301734,0.0731953610346341,0.0842152670881711,0.2019980064419947,0.10839458283103715,0.1374629401606116,0.23941918830525627,0.10412639949377311,0.09012300592906626,0.08912849738977445,0.1978276086606292,0.19541888565542612,0.09231462947477523,0.05117750831764628,0.1953718211642838
U_4050,0.048105027693394906,0.04031203655135001,0.09317957128889791,0.09280873878659196,0.1674078594894047,0.7979994592540167,0.12450978759270331,0.7140301711941437,0.10687476714222398,0.23538037801988113,0.21679466701852015,0.26586269461331813,0.13508983652038337,0.15852327877829736,0.062043355005089826,0.23660740449521153,0.1769694692036609
U_4051,0.2368261039597566,0.8777707308595866,0.24497799068321088,0.040224707501101374,0.0566276906862885,0.20890360589063547,0.09662587332720299,0.10996507807331794,0.10700651240849302,0.06612806223673032,0.05817807461426262,0.48737066472512797,0.10022952598667513,0.22467852849374012,0.19519961425134352,0.02635827526322649,0.4872971483212951
U_4052,0.28656437572688814,0.24820651563487964,0.2656433428096455,0.046929342399044754,0.0342610248661136,0.11626761094292326,0.043564677718387124,0.08742487841605616,0.44021206846659455,0.042535696251595166,0.04770091309111216,0.03572518166172216,0.12776934297727555,0.6936179935971918,0.6361844532750545,0.03281637312502127,0.14255547194228527
U_4053,0.18045909371102115,0.1323170420826729,0.9959565241628245,0.06961748226846462,0.07954842096069195,0.21882553511821376,0.13313515882599544,0.14121664023511982,0.11031833537110423,0.061963977652735105,0.0763355671069762,0.06832436690287524,0.12347854352806037,0.14282649080710427,0.08452628786408568,0.03475441313669219,0.4689532985148703
U_4054,0.09980638204790032,0.1320014335307194,0.16097621654289385,0.14494693952696197,0.17871611517385244,0.14957299996194856,0.12139195637564626,0.18794816852226487,0.06281482058195073,0.10626117312399204,0.07381680381685739,0.08148175936117036,0.11547374418934452,0.20262335413792606,0.20664717233959934,0.702621952786517,0.34582935155119504
U_4055,0.36153191278965713,0.9575780032244701,0.2775146155715698,0.06000567117702125,0.0549745147370943,0.15582861395066297,0.07040904622894198,0.09173277085886455,0.058161057980208465,0.05389824583828246,0.05691938503492813,0.06811917488697765,0.16129555827784683,0.18540076732745053,0.2969732316919,0.047179497477123286,0.14647614048824
U_4056,0.6095770477851932,0.4747825460194859,0.47404237357197254,0.035776518202978155,0.08515812312344853,0.24985864215513065,0.07361009474017324,0.14007711500024844,0.05421227736063064,0.07986706961113912,0.05025677796730686,0.07065358274860382,0.19662326584435263,0.2747274533637544,0.46927767175583796,0.0654703607778089,0.23803269477777064
U_4057,0.31679988530135156,0.2469040550920307,0.2673754295573477,0.03557290669118456,0.03259388833733548,0.23846182332408775,0.07372274585941241,0.09513788638216496,0.7758029548133805,0.04961265912003701,0.04897423867850611,0.07131366807210472,0.13742447494852403,0.1984094350741112,0.2534503390266196,0.040257259859331096,0.6054931025559289
U_4058,0.2542778151779,0.2094277192325116,0.3051598235365289,0.07133608424317203,0.10830452004756794,0.21450096171491687,0.7173347512526604,0.13705487346914172,0.0783716350028791,0.047201522754991274,0.06328406346778602,0.0739596918326809,0.17054710212808313,0.20030773239652583,0.15979155639516934,0.03848798041924005,0.6805089866967327
U_4059,0.09838861423848368,0.16064281114146473,0.7219591299189851,0.09337134546004529,0.12125554007272255,0.7991808508155926,0.16718412095279653,0.15049706397796658,0.17643132581773563,0.07861489618496435,0.07903300114508992,0.42868681179333856,0.1527408985492091,0.19319999858268605,0.07485775148641607,0.0353061384558866,0.15708975843351553
U_4060,0.1780485535184699,0.2009195471242125,0.7771712334983554,0.04735179262615632,0.04603265808693314,0.7557667085074302,0.055174159525184896,0.08513971390244819,0.4024402263464372,0.06384113519089035,0.07922525500506852,0.046941260368857624,0.11377357091444418,0.13272186801047417,0.1075346909301911,0.17357803814207334,0.09848064132437387
U_4061,0.07395495929681582,0.17251065874098656,0.1622431673381785,0.12382478120331719,0.15959219282612772,0.23121458059485844,0.16959677322748415,0.17536396202897936,0.9726937784695819,0.09078780682729735,0.09482859855628516,0.08650403432692393,0.22639382786343115,0.19637208917078652,0.09075643477581047,0.04370895515656306,0.1622759014737245
U_4062,0.02886308684479905,0.05357024606084082,0.08232415037968524,0.08806502716431162,0.16430945294474436,0.1894405038470198,0.11892305527926578,0.7454429814894079,0.11320243648127842,0.15117053850165046,0.16067431262402565,0.6528479825844762,0.10045625547490465,0.12701150274162443,0.054294247860185996,0.565478214229121,0.18508562257944078
U_4063,0.44191513702389884,0.18022278498449243,0.4628762504678064,0.026093329775276713,0.03551170625714061,0.7985559802316244,0.08231259805936499,0.08214839517725081,0.042043347602738555,0.048567750464796146,0.05075618486746961,0.3383274161815754,0.11386817084018384,0.13165220910011588,0.21090951216969683,0.03565860020017415,0.13855302503200134
U_4064,0.2331613838393878,0.9864105366699747,0.2222777490330247,0.043214538047828946,0.06123831579832299,0.24091504330829716,0.10311485034688274,0.12249618707235432,0.13017735702517752,0.05802090688280336,0.05505110261669193,0.06722863853332063,0.14823133203160127,0.17522573333252528,0.14512902855074264,0.043633786600532395,0.5766559758959817
U_4065,0.0284536625169849,0.044903196429448664,0.09710622589363246,0.08115590742370206,0.15619073803292288,0.14555415409767353,0.12207336876682179,0.5920773834449615,0.10198193411972445,0.810568303919192,0.168866295877323,0.2814336766346171,0.13245462670958746,0.1603002331923084,0.08084928886224131,0.6116859444835172,0.17544017216292937
U_4066,0.3470679126523303,0.32912918245281486,0.3117616139778882,0.052818709492057844,0.04769782376946278,0.16608425363548804,0.06726619612732992,0.10412422874818528,0.8128130820676722,0.07392135657049288,0.07154801224293052,0.07322739279610097,0.18915193090222562,0.19672369731279105,0.2834153015436379,0.05170743898970363,0.16962946886122962
U_4067,0.40514521774697015,0.38509573253577056,0.309356288375286,0.04871999526278756,0.06512395745155958,0.1635271028398142,0.07902661556800684,0.11489451609074056,0.07191529719143605,0.06715670023605137,0.08711909912255095,0.08425947807932632,0.1782583929421251,0.20400180509266633,0.3264931964503963,0.6611116750564872,0.11792272900890255
U_4068,0.3926120222884927,0.27149818185225216,0.2859481031756924,0.037623594743338325,0.3795991488005662,0.23839886114015743,0.35783997959798647,0.11911184519695259,0.038201884574763346,0.06701558188925988,0.0509323036683378,0.5027969265695122,0.15565005309525287,0.18529380156839179,0.2952297255905814,0.5180844480933471,0.15326456137607947
U_4069,0.5496475309340192,0.4667066092244118,0.5461057403487048,0.03599116495215552,0.06081112178235254,0.25933176781428463,0.07693070061531665,0.14337830163939216,0.05586409408501832,0.08525717380955243,0.05185788036552165,0.14351066039315638,0.18861597908644778,0.2786233818852821,0.5124677041356427,0.06814988170952532,0.23207155175477961
U_4070,0.32631969480444456,0.2589408873311389,0.2598789321570068,0.042174065974880305,0.05541069806224292,0.6461689549344749,0.654775045334627,0.10228766939154417,0.06820294738886334,0.07819504813867882,0.05763196135984003,0.09940395168122339,0.1700663817893746,0.17276819291373705,0.27707707023443284,0.046339316087278114,0.16041716592822766
U_4071,0.17656789395688388,0.1720024623442418,0.2753531233239838,0.10027483205388006,0.08969280668463368,0.2555534048583042,0.2511195209270552,0.15195544703612987,0.6009489836845456,0.126206419884449,0.1234127552540443,0.5916575676698503,0.1742402282017105,0.18392247065152928,0.11009925374195804,0.03472799957534832,0.14486323950835434
U_4072,0.28363712273128455,0.6038695937677359,0.25264904978562,0.05559379642284274,0.04988023775117969,0.21979960308384897,0.4712937276168189,0.10233547095764263,0.04858372169564042,0.08017960466379992,0.06324673052765092,0.06271662471135718,0.14946749528672365,0.7105743564510969,0.2948650071632255,0.03547052144950932,0.12543807976667423
U_4073,0.13132554117452855,0.23317093476072817,0.9231766667673933,0.057528176366116804,0.09051634316983954,0.1887885056576608,0.11412302301258681,0.12179058867085858,0.1798514606193699,0.06354773818772613,0.07986051051388465,0.4371653118268001,0.13735103592692816,0.15410315981750716,0.09358102828944752,0.04117713903983554,0.1400645048456077
U_4074,0.07330531138303188,0.2123538253400892,0.15705168267241362,0.12380523592046036,0.1574479465531463,0.23526899221151432,0.1876274622172869,0.17050083943818556,0.9396419487604357,0.1425811293703013,0.1435875172489957,0.08882989654614806,0.2051972438943143,0.19834758990920937,0.10436279120756237,0.04050841892419846,0.17181569528334986
U_4075,0.005437891399279005,0.6050089615200174,0.09043766035127838,0.06498531062029786,0.12816153438887354,0.1259950214596331,0.09667797081121979,0.10519007328830697,0.14320825571781495,0.3762998760908484,0.15449048081264938,0.6098433630328923,0.09908694494278832,0.09064290701808847,0.02996230210884579,0.4293902240956909,0.09044569029811192
U_4076,0.20812207480429665,0.046289445817724185,0.6514670327457839,0.07499563652003569,0.11852116169048178,0.09427156325675569,0.10834163904165373,0.09165898260798601,0.09818331003933423,0.1363418240146269,0.11757255378318877,0.41006370313944146,0.08115644231324459,0.09103351487119521,0.026059914928329653,0.8265712480896714,0.10082047606558632
U_4077,0.2962339785815993,0.2602439433520395,0.3241186167044094,0.07010754302570471,0.06071636671588057,0.2862955169111743,0.11256640890946232,0.307503307856593,0.0775143567702015,0.08537942205782285,0.07783495885065585,0.08243018004689988,0.16628257789553266,0.18774439460410175,0.2423357257525433,0.034300451428210504,0.5198161299722561
U_4078,0.2481535288157783,0.2559875944299084,0.2140321879192597,0.058313902106310975,0.04704545048953533,0.21421343088784742,0.5099565789694351,0.2731053260457363,0.26089833894325987,0.0907478705135068,0.07248733071417972,0.09394557871412529,0.17925212820106867,0.17214311435409455,0.23147598882652257,0.4198292060949095,0.11744112351553235
U_4079,0.265535186087777,0.18580558168946573,0.5206160361987957,0.02615933397740751,0.6323337330681083,0.5814125733448741,0.04864709764241901,0.09963441751056963,0.04638108499866622,0.06030451459093523,0.04455176485037205,0.4898691343793812,0.14854578733360432,0.17101775682118034,0.21459148123307262,0.37477690369718697,0.1283101391016921
U_4080,0.09577186507774904,0.5596597426396785,0.23454935729026585,0.10297142035770501,0.12500941632793228,0.2375755562227327,0.1593553434255717,0.15679709207809472,0.09392860289755227,0.0887063511023397,0.08285834899481583,0.9273175041688491,0.1567047509941395,0.18563428960888312,0.08785184891135048,0.04764026922603633,0.15254853108952193
U_4081,0.06022626878530996,0.23190904571208829,0.16945040670404296,0.05734264765172383,0.07881160287628541,0.17732058954104093,0.1242098215528055,0.13061173759591,0.20952320276698955,0.5129832988229224,0.06576416290199052,0.8920203706595606,0.15575089334259734,0.16100502731419175,0.07153949328994082,0.3296435058482476,0.1368886807051172
U_4082,0.07037050463722924,0.13149325122549899,0.6797881292350831,0.10805771412329748,0.1397842723153691,0.24771710858450352,0.7348485945401733,0.15719157924420232,0.16599062020544417,0.08442817467372592,0.0952255724832705,0.4913563519929626,0.18171318468721684,0.17912049418372372,0.07686618954798091,0.04401389751609282,0.15252787371304175
U_4083,0.18150876086662276,0.13847025474504182,0.18281961002216543,0.056073952906954244,0.06450047612645936,0.2275557074149562,0.3168863113603801,0.12454099643959493,0.24329948794172487,0.05781397339050516,0.05613284262461142,0.8144303118401071,0.16060974420575327,0.15879765187575517,0.1699286944719762,0.03963487965088819,0.36418488036499247
U_4084,0.1875048944289704,0.7641617701051535,0.2540158853380314,0.06511897722121807,0.07770702493898078,0.19710877253693068,0.10628665213343705,0.16381059270102574,0.20167337485259587,0.10513727850603174,0.09190963527675353,0.09650257200337155,0.18871928521153805,0.18418721518994385,0.10504181037456911,0.04944638984427483,0.16406126856995304
U_4085,0.27599841630713673,0.25556336945348684,0.768929705188216,0.03921090444931504,0.3732719860206794,0.18890285385096744,0.07107602260369789,0.11608894212801768,0.6122420725356934,0.07572786927889368,0.0549570605297663,0.050529906534844835,0.1326126412637505,0.16659663349775622,0.2692293547581603,0.0317767801996118,0.15685329866652553
U_4086,0.013455288634853103,0.038461217656475186,0.3491656307614344,0.08163886323253546,0.4240803025457278,0.06581631426838548,0.10699356708465069,0.22354894834136324,0.6327709779502149,0.41117374465585294,0.17809082523186015,0.6759623450674768,0.08782392953607512,0.1082831902305334,0.03361743336829443,0.19270066190077936,0.1213142198502773
U_4087,0.030792603800462608,0.06856667465734624,0.10993036481826303,0.09911107056199608,0.18317585277465015,0.9441587338636193,0.11728444517696364,0.15014825021597242,0.1174518052005294,0.18454849393035075,0.18732550239171086,0.22950846436848918,0.14608633840630458,0.18819960988803153,0.06560250054412925,0.34038291229231704,0.16999256609198654
U_4088,0.23504820683829147,0.2742488361194175,0.1992600553041136,0.05914833530993119,0.07378467226032831,0.3258317736470684,0.07853632356643514,0.14019452221684925,0.8604203781225073,0.08999607286301081,0.07687672387092742,0.0843208927152147,0.21747362236220572,0.19438695761035987,0.10360337477661227,0.06128127586816602,0.19079734415981978
U_4089,0.10619055157198432,0.13641951025963184,0.5466209463077185,0.04671922011964099,0.2408149206101225,0.14845160716516545,0.5777801731208554,0.11712807756918867,0.15338103410609918,0.3845369948922434,0.058758974347252524,0.07296045530138087,0.1516300272394558,0.14731389560619035,0.06874692438669794,0.22690424482770558,0.15609769895986003
U_4090,0.41087216028404056,0.3856024896822339,0.3825664305436375,0.052748143353583944,0.06389212879983465,0.20226181598572443,0.10751183066958664,0.14138644312519846,0.08249996060418804,0.09106959616193601,0.07770946265503471,0.09251347856851978,0.18537094987115252,0.2256362498495977,0.3832337488410252,0.062168574387846856,0.1693501755242093
U_4091,0.5299643645202796,0.2136448857578766,0.5843045665191149,0.027973268920162535,0.2823746263158896,0.13814043980722665,0.06840473668081344,0.08655525411850341,0.6418768852839165,0.06872423250733119,0.04279830604826248,0.38728359949047764,0.13924919548229053,0.13374093265586595,0.21043940047585735,0.2856533341333078,0.10192325298165697
U_4092,0.21017053524496726,0.18392945452580506,0.7845531286525755,0.023072039556845832,0.21705444672207788,0.07806313681371557,0.041304773634043904,0.06650803253292495,0.11988539954399018,0.03715668303325688,0.03170149329768616,0.3368249281324856,0.10035660010449324,0.7955329990722881,0.540973496361258,0.02547015737732155,0.11245925922780513
U_4093,0.025438430649861496,0.06872951253963892,0.0739366117923998,0.10442592580127946,0.15293586246263832,0.41006845096383093,0.09935051339738372,0.10302054170024348,0.4714666364393119,0.49137907470812775,0.15867725243970066,0.6509252159434775,0.0778308432489513,0.09688434162363647,0.029720214653213145,0.28636952152813333,0.14743771432878966
U_4094,0.2476214991238833,0.22338906826293145,0.2855276750566699,0.03397558339875989,0.060953416372219946,0.22765206329759488,0.07371532162145439,0.4305685675540859,0.2737583759201176,0.102423313019061,0.07342402338551063,0.7084332664711692,0.15082943362581658,0.18571951950773252,0.23590909130002105,0.048790689660884796,0.6256806464305504
U_4095,0.05972969326780736,0.18048322624725188,0.1008718054734666,0.09079186040081048,0.09742186044199005,1.0,0.15064678095560985,0.131860132445096,0.19736388822057208,0.06260329900080586,0.06665716728768517,0.6829776989562566,0.17136507310040028,0.1737304744520457,0.07189508905878404,0.037822590903449214,0.146133759963703
U_4096,0.18683602379367623,0.29175462688829995,0.4257572311470524,0.018816791615980242,0.032001044522682785,0.8030677699956279,0.07318529379436668,0.08927646712739867,0.06282517861234052,0.05249697069404546,0.04066015511873734,0.159252231420384,0.11078070922283924,0.12314722376082007,0.21122574410807876,0.017521863371682322,0.7069121932129236
U_4097,0.21649005323364034,0.7152747159916175,0.8356108069427131,0.039419153865930825,0.04807859283924063,0.23628603752204735,0.07513324371168657,0.09695036667256697,0.05559793530760002,0.06514372851967003,0.05996861082744586,0.06656248251094812,0.14462141513631593,0.1437938250344715,0.09046195605898108,0.03281424334853456,0.5093033204491741
U_4098,0.2842191187848801,0.2580120021693415,0.9592164739894211,0.044879727574100435,0.4683100306579333,0.16948773939267608,0.08012075904714855,0.4931356646270504,0.1567071394481852,0.07960275884467971,0.06149201832453037,0.06053399537653995,0.1532505787123479,0.1790724746980703,0.1259840008917776,0.026442414403579674,0.17224286991432117
U_4099,0.13022250480614378,0.5409055671197929,0.6874223473896135,0.03235027756987082,0.29326591172333494,0.17762487258429793,0.10313623876246465,0.11308464896069029,0.14135874703929982,0.3545855468517477,0.08984612194295029,0.0787755274959374,0.12077626184204829,0.1421680040374552,0.06303301325944467,0.21057355985807938,0.3807089652567237
U_4100,0.23839590008097586,0.20971467643918124,0.6210251676806449,0.0372959852212535,0.03409601840336518,0.11168400321500113,0.037923043984061496,0.08096024178281853,0.39918634507723155,0.04192673016278542,0.04046896688986273,0.055616156847670725,0.11370945850543848,0.8835116188032888,0.5011806278491067,0.02516774830628032,0.14809185417943532
U_4101,0.1720535141616014,0.18877284840870354,0.29610820700296436,0.10335215506585758,0.10069082566277492,0.1691838054584265,0.7024899056841614,0.1462093083311831,0.16150934911456727,0.06022383851089038,0.08790277824201824,0.07212881527978587,0.18722845151786305,0.1830588692894182,0.09918451376538344,0.03357359780815881,0.7247806019502498
U_4102,0.5932036267497471,0.39119802652833713,0.410206265426137,0.03937989211324366,0.042496406040288266,0.2339903917460265,0.07603086399974558,0.15190591308155976,0.06540488425724271,0.09274600165103974,0.07323940442794469,0.08150654242488767,0.2104489403306914,0.2578389979721324,0.38237870935767054,0.06893534408875122,0.20781282342492044
U_4103,0.6436836896191207,0.47765617910082364,0.468218418799397,0.03662718271700218,0.06000749026879974,0.25519126664806785,0.0763176462433307,0.14000789809311698,0.05994029745183673,0.07894324378229467,0.05772745821996707,0.06832184813066672,0.19709598094146344,0.27237530730171056,0.46897042105849257,0.06813296623889825,0.2192205804099511
U_4104,0.2523129432793047,0.17189335651154788,0.3273434866683923,0.029801837090562125,0.0196173892095097,0.09035282296405532,0.04071798473389827,0.20060778423595252,0.08640486129037919,0.10168146641543543,0.04036482040153824,0.03383297930219797,0.1013724178794938,0.7610123863583709,0.8197801262328435,0.014490839294520226,0.0902136292875047
U_4105,0.2318545123544385,0.2074025260031434,0.21556114824509542,0.030535178624592624,0.03183099924718002,0.17902168532309662,0.04511709499644068,0.0868304839058126,0.44948397215632485,0.25455059007105707,0.03988523036394487,0.0596324262914064,0.1166792172200099,0.8629820174632918,0.4913046067613867,0.03138743878322276,0.14488599836707447
U_4106,0.2520118168230858,0.37257947767214883,0.7965885392271068,0.046569679039339444,0.1515089258237996,0.1059921149996397,0.05761153563275957,0.09058399278475253,0.04245767424817481,0.06342726181908515,0.056623565880636696,0.24185782921208382,0.11593842974718052,0.4897582620178731,0.5601872319828862,0.02452471567988601,0.09348869678085267
U_4107,0.43527793285714134,0.34352977177650823,0.32974414653478973,0.05132583353251442,0.05992486931743131,0.20589643878428804,0.799425089760164,0.09997096330696104,0.06030448315140914,0.06311220302590888,0.06908143270510707,0.0785055998840352,0.16865003057783215,0.18896476965564907,0.3202080038385707,0.04383267418419074,0.16433538457712818
U_4108,0.3302450431351815,0.662088833447491,0.7287651438068572,0.03726238919305832,0.0496998341106442,0.25085090518767283,0.320633947780774,0.11343746815165355,0.04987962522819621,0.07081793446574916,0.06516705339099142,0.08226405093234208,0.1541346395921874,0.18078299024472397,0.25412186565815453,0.025525406368968533,0.13351593840155784
U_4109,0.034437487555133,0.04402430933122988,0.10728069326471638,0.07441717673089694,0.393622349171952,0.42348946376845664,0.42806950018452306,0.17941588963383276,0.09132911752456092,0.18462484790549763,0.19489026336234624,0.25070505870478743,0.12479892063928719,0.1790787582797688,0.06573268920908566,0.4114051621599867,0.19404390183087966
U_4110,0.37758048147171674,0.3563282891174632,0.32902519874287617,0.055477592136133465,0.04210442312236262,0.18257145948713469,0.07160319247973171,0.10577552878049283,0.6649655902713927,0.06937887295814629,0.0684975548183012,0.0719129604954285,0.15763142915217165,0.19895779151487894,0.31959742869806157,0.06814320885922354,0.17903516651406443
U_4111,0.06166626259588305,0.8551479073147688,0.1304763620618131,0.10635546748026432,0.1462098752584787,0.12707445602716078,0.11882169270346485,0.15078030230952105,0.08882151116071635,0.1305790417502512,0.1198898931990664,0.21256659842083642,0.11666577531248032,0.15157733323747033,0.08066848668400693,0.33129896429174055,0.1696220685786293
U_4112,0.29964896455247114,0.9674216477904816,0.25536592070977354,0.05113382713202719,0.057858188719825406,0.22425830059626758,0.06674298426621447,0.10264107541646968,0.05460490025310731,0.07059968913719772,0.07696528245455543,0.07661615199078742,0.14022033733451703,0.19581565667310702,0.37233046652807006,0.03746426596210848,0.13713271372054478
U_4113,0.3166868929440876,0.28404016118261693,0.9133858644183965,0.04442795813553715,0.04465804566275727,0.15283776315212635,0.07059266136976736,0.10345099186055981,0.054412816563991856,0.07152420292982117,0.05996135737783633,0.07414392275014031,0.1605382784441772,0.17283510967253865,0.28964625123575033,0.036480522427057564,0.12842246467743715
U_4114,0.24820164399481534,0.18874025874107417,0.2803378155839071,0.06718865369772553,0.08271264924892832,0.9352447266316175,0.16249280348587297,0.12792696608152557,0.05785597632114333,0.05437695801639906,0.05184482463924296,0.1062824241934306,0.12868954367839924,0.17539830704836423,0.13560633339621606,0.038551061289131876,0.5305057557200077
U_4115,0.06953710090525542,0.160756131335681,0.22841478547825925,0.11433684552314621,0.11398215711162236,0.204004538574752,0.2253983644265986,0.5578223967620433,0.14780152715615927,0.071629954425489,0.06598643267570628,0.8392091811473996,0.15551300719520586,0.21612246763103052,0.19876858450052057,0.03706011338051505,0.14200340828555502
U_4116,0.16325438143835147,0.22984478066026548,0.2716762528728643,0.150874293748627,0.19534184440816255,0.30146116384403654,0.21707971260442016,0.21577631342057157,0.4765103988500925,0.1283399806336818,0.11684796399318534,0.15047883912748844,0.3111451655588404,0.32271630494055337,0.14345324598036335,0.08038169022172907,0.2248925826715877
U_4117,0.4515630357076909,0.34826359535693974,0.37421227771483767,0.07539404603283051,0.06041651351606602,0.31080859420249424,0.09355551962650993,0.15741339530723034,0.061101378487194866,0.09530123938969547,0.08487776118087448,0.09790853573264299,0.2305506058843054,0.21431998275544825,0.3636296732585782,0.048560557777825454,0.18950449530869026
U_4118,0.40223357472840215,0.20637002689518297,0.48783326181766234,0.03457312833585737,0.052493272413490846,0.1361929496691167,0.5767332914426959,0.09280212206987404,0.15897060937920776,0.04826113677573189,0.05699028429670414,0.3316730372799735,0.12828270737309472,0.13554439660636403,0.06093585465683207,0.33106428729733806,0.10209726458137706
U_4119,0.41291163762956684,0.28815498576560555,0.28105249484680483,0.035056791927161914,0.039825937660629154,0.20895627099489808,0.07018994367135953,0.09908701067337229,0.7055691508255344,0.05591370962913318,0.05594239786542737,0.07337217264942376,0.146241201063513,0.20641539203468617,0.2890862118627116,0.04706675073346841,0.6020539050741722
U_4120,0.35615791005758246,0.2693472776430746,0.3004695033565611,0.048702400800306536,0.056917226589246396,0.15995994311034736,0.2840133077204127,0.10608530483349204,0.6709090502705943,0.08587674071506834,0.06081638759960892,0.06159177223732394,0.14669683773236072,0.1688900979310241,0.2510809543579502,0.03323665548096212,0.11457256739940586
U_4121,0.2844909716315231,0.28071765772002405,0.510959298974516,0.043830092834399245,0.07059443325999631,0.20948698765683932,0.2597443188657649,0.1313807275887214,0.5276874168943382,0.4981424933773013,0.07467769998783141,0.07980383175312553,0.16846510478209636,0.1688557619519584,0.2043711595698083,0.0334725414311344,0.15241642442481473
U_4122,0.06277108025875133,0.06743674548555491,0.13236932889548103,0.1019519687265133,0.1781333294323824,0.1514626805174732,0.756603219593212,0.1847662410189735,0.09005514342214184,0.15296331652687772,0.13244253112935467,0.14241822733766138,0.10636355425034219,0.14538650405509906,0.05626977850754181,0.343919278229809,0.1596153004721683
U_4123,0.3048692708204833,0.29229483865821576,0.29788271294258467,0.05204123002065946,0.040103333846353464,0.1626198948518611,0.0653340327705587,0.10879415530025897,0.6885627685145144,0.06190853085812917,0.0506932445444284,0.05661378654090067,0.13298916268140595,0.1671432021906222,0.2914095066189737,0.33577912408791105,0.15387450954746162
U_4124,0.27660915874147946,0.5497022535066103,0.23733826425415527,0.03442656690048206,0.03812050149177242,0.20781953365036288,0.045119132869826176,0.09039787122406735,0.02884695544994354,0.049111381111201155,0.04154323930641558,0.06264428564014961,0.145076682812975,0.7207606018397801,0.5092430346475054,0.03517269220092904,0.15280051175928527
U_4125,0.25104708127906444,0.1760386487974439,0.19572487925201945,0.0773387308262067,0.07723339323561638,0.2627613390072074,0.15712457050479736,0.1446885398244082,0.19120955521083724,0.06294914592121513,0.06007999160942921,0.09148723221005228,0.17225348632099677,0.20748300990685645,0.13010871094982826,0.04726092637807844,0.8717167591853328
U_4126,0.22073154973899137,0.4093239799726201,0.22429914661998795,0.020550479927786015,0.03052523081449935,0.24387764435081163,0.12398235249166883,0.16943073176951476,0.02724759082396559,0.16953729663011757,0.036965752613066054,0.6260644668494073,0.13666454627045158,0.13138453530599864,0.2007897418228811,0.01480245981036448,0.693561008917227
U_4127,0.32412076803704387,0.3106160898269525,0.2662898339852221,0.03678229013256227,0.06329608044025764,0.24697724990748302,0.08154086404594564,0.11737944107367214,0.05132704339379183,0.6151505739967429,0.06358079475519111,0.09507238379296139,0.17122922673139926,0.17980000742585073,0.28670618575637086,0.4653298523295226,0.13416961795422952
U_4128,0.04124261654307824,0.07710327504004569,0.19364705400459709,0.10322660567055902,0.1661167234046521,0.2035139259852151,0.14671450611933956,0.1685090258492893,0.6142425154838034,0.23537805082932828,0.22061918553940346,0.2237101662335364,0.13138025928399666,0.15292898849156525,0.06207508238252739,0.4344309332465857,0.20971763472158086
U_4129,0.2246927438667206,0.20243158637541628,0.8443697587620067,0.030891739229086397,0.15764980042740318,0.2012135211040789,0.04926487960388078,0.10503094204944967,0.04964996538567619,0.06758924063663284,0.05742496546510408,0.0442828015937263,0.11568864189179351,0.14674572878103362,0.7437158120658736,0.05034920900743743,0.10596540270942903
U_4130,0.25404892273873636,0.900119764844673,0.22704204790290908,0.03567208435195004,0.35219593540041577,0.15245565054872498,0.07181666813890439,0.10478441343903556,0.07171503207378657,0.057199593835671116,0.04907047467265188,0.49131077335035794,0.1107049200874426,0.14451875105656703,0.2180607336031884,0.02756108017458782,0.49663052825975257
U_4131,0.3541840295157559,0.31711811809297075,0.3105633920998387,0.05216125202799656,0.045665451875433014,0.2926482775433947,0.08800654224175833,0.834242430781186,0.04230753907465554,0.05709348145140136,0.06459708264401375,0.08342863021120446,0.17550635988488478,0.19995237674579475,0.2994899674003033,0.04680021183116789,0.2288795956284245
U_4132,0.4104090803342424,0.34194511012627693,0.3727435683022471,0.04169565409153222,0.05076149123949556,0.17474819771170347,0.07794731306450177,0.10650973508152141,0.05130418791306551,0.0587824123720679,0.06070356753075689,0.07483679185989661,0.1694956879977221,0.1977734691932163,0.34267134361959534,0.6496369815932592,0.16680831972825583
U_4133,0.11273731732431357,0.8056196643719464,0.13753208519206503,0.07055769782926442,0.09834749884112351,0.2567737405672021,0.13046857353868924,0.13816409093705545,0.15333492917027194,0.07006636303699308,0.06857331536439669,0.7490010848977091,0.15975109851107921,0.2082880292299916,0.10815048418080925,0.029372010328801428,0.15498317956861413
U_4134,0.05149724625894164,0.14794879476687722,0.10339965696313314,0.07687073570429495,0.08683951260184665,0.15296593292944485,0.1440094222574624,0.12188498451231577,0.9712101025325617,0.05946779155421229,0.06719739710888568,0.5594872485047906,0.17190878284511393,0.1537806409922929,0.05862284056003551,0.0272677442882699,0.12967980261631948
U_4135,0.20253598279999663,0.8536238328491887,0.1750493010571403,0.028527377767676772,0.19430031445481344,0.21435845664653438,0.06579941537196031,0.12544757640665294,0.6439179561106554,0.060261499842433085,0.0664623460656431,0.053274211327624645,0.12676783395466976,0.15815635129583622,0.06160986590460679,0.25774956457979165,0.3000650723523039
U_4136,0.5609920955998726,0.4889533914372235,0.4622866675182384,0.0327511603673745,0.04689419064365896,0.26527563006067556,0.07947272457699427,0.14582626742003346,0.06265705997032663,0.07511591363413533,0.05863784599101325,0.07553988956258618,0.22454316537579502,0.28542798991132023,0.5615148378048198,0.0908735042614873,0.20466121905910928
U_4137,0.05637240386049372,0.049948257394384694,0.10172496533191921,0.0866589735513961,0.14018904012922148,0.06207718570223543,0.12827752373590612,0.12339109422187802,0.08356562117935955,0.5562366997123613,0.1480167337894185,0.174273936859656,0.0839218464950142,0.12022260345806605,0.039053920690820636,0.8370378929479918,0.13804231329205743
U_4138,0.021804611460139976,0.1149691511470952,0.7647755577423905,0.03723352660412621,0.2566512072422308,0.49517220111732946,0.39068603138912433,0.17661862508109125,0.17306547336979863,0.339627484567826,0.057051694993834126,0.46814156172988075,0.11307111542691968,0.12143784179461699,0.0417063815816131,0.028436590908163507,0.09181366855962443
U_4139,0.31079275088344904,0.3239899755527453,0.9273802040396233,0.05660066923970611,0.04979984076663076,0.15282604341145237,0.06370249590614381,0.11538093952589265,0.047656869150701546,0.07122208207982547,0.08095596039712286,0.06688932712278575,0.15875169423412377,0.18526692266361242,0.27569172855191504,0.04145947748889621,0.12860392474814755
U_4140,0.25271704523983946,0.1779390689318424,0.2871466028888769,0.08108013438319202,0.07584108158297807,0.28122017117867953,0.12851820655678897,0.14531177132138998,0.046122166202074155,0.062202333674118856,0.07021698469006396,0.699781091824798,0.16247262599579382,0.1729253911248782,0.18262320689833167,0.027440201297030446,0.7107240298114836
U_4141,0.2420224997353382,0.21904730864692717,0.6579163755504474,0.03492401343543777,0.03522838932854929,0.1081480301306545,0.04163169416522796,0.08748170069388478,0.030336305780878918,0.04434478732973386,0.044915459446981464,0.07010896368743338,0.11035181487234699,0.6535105707609641,0.4977825507089258,0.04030577635927079,0.15302284565300286
U_4142,0.28526429172169926,0.22805052357058267,0.24017490255517965,0.04055778477979508,0.0350011363982232,0.09317180957325046,0.04819312514135426,0.32157482357009365,0.3594052154096358,0.04533751147425706,0.03762163130848233,0.043973010845775595,0.11080230974776478,0.9142184078031199,0.567927848489995,0.035371421131065756,0.15214449226772278
U_4143,0.03147713814353714,0.07586418609609774,0.07922277318670741,0.09374581107889055,0.16547573340176838,0.13428106006294444,0.10770561881323475,0.34773066025277793,0.33353634912491076,0.15648799231938237,0.18223996717942761,0.24840969190286555,0.11998262918716697,0.12286041385538414,0.06143430524006836,0.8617603399621461,0.13573444149920263
U_4144,0.31334115747638835,0.6919516263232577,0.28168767119525384,0.052834536011011624,0.055076220111567466,0.6092792437811025,0.05461711215979721,0.10836203411330465,0.049853583104951055,0.07784005520535663,0.05731396374362411,0.05277414487161526,0.1266395972841696,0.7151779343519769,0.35791290634833034,0.03249886046646639,0.12538613128682344
U_4145,0.03756438762874673,0.061580468611778155,0.10670327997102742,0.09519494904519497,0.15227600044613016,0.10933060699887147,0.14823547062730746,0.5459514319796741,0.06650134695150588,0.16918347246153062,0.15997183495857306,0.21504962414320164,0.11416344987646374,0.1471811001019237,0.0693539673764284,0.7011840060199503,0.22046113197976328
U_4146,0.2902161852502694,0.2561797460634865,0.2836167701930073,0.03781963623501241,0.03821077598018654,0.14969860510886226,0.07462214109407284,0.10877507032812046,0.07170833292604076,0.07418050751154665,0.0703927633906331,0.8328107488873746,0.166443398984327,0.16753577167355055,0.25769610409027693,0.03865606281200822,0.1276296010484818
U_4147,0.3495571789584151,0.28390591485485017,0.31319858089869446,0.0429272898567608,0.047894403422830197,0.4691107132345579,0.07790117202868195,0.11695411467632282,0.07724988615780932,0.5295173941857791,0.06443491553362755,0.08417020741354969,0.16632356513037916,0.17034354162343252,0.2770001052837136,0.04042305004497444,0.13922463839039395
U_4148,0.5456956016981713,0.2114615266735019,0.5337422132728935,0.03593064992362081,0.0410384708415547,0.19189809754303175,0.561595020864532,0.09794193504019223,0.07956077922756084,0.06924896726455597,0.05656160774363161,0.5214170329810568,0.11213539822832128,0.13812764293573543,0.13264897859078975,0.03603792713456008,0.15964737656220296
U_4149,0.2865842806651617,0.7364241162357223,0.2580368796693844,0.047632229669461866,0.04425926683153846,0.26734204994052985,0.07459754882881821,0.09634937217899603,0.5957722932851008,0.05461405658940115,0.04387323183722338,0.049378831675727465,0.13826244263684012,0.1606068857037997,0.27775443403619676,0.033560126937620526,0.15622804479959262
U_4150,0.06762570563628206,0.11702851513662937,0.10822012879050594,0.1428938405209078,0.17563215460042442,0.11255338166242458,0.1387588234852969,0.19631081627022406,0.18703256285258157,0.09880089874826149,0.0994653439419147,0.7427228114221169,0.12077267870217025,0.18734920619402748,0.11966192671778404,0.4311502700614516,0.1927207199954937
U_4151,0.2663215142325008,0.25860138354269585,0.30880253666515317,0.04545608584730222,0.05144779847160321,0.25761183867073656,0.08029752719016182,0.10637502638184716,0.6099082367855768,0.05196712444548544,0.04733246076073526,0.09753992106666776,0.12069666173778297,0.18825553137572965,0.27026725790096084,0.05986885233075186,0.5093285810432089
U_4152,0.05648134363105374,0.05911212646841959,0.09313451352106468,0.11937927754421256,0.2722633771605357,0.4238036546653753,0.38017880519065517,0.1327366799790967,0.36488903097983477,0.22627162090529587,0.07280614865195849,0.0584188742541459,0.07447530922558276,0.09653420471720037,0.08048070136809844,0.767716768947964,0.14000588002414036
U_4153,0.275396662610107,0.6147933156068139,0.24529270577222304,0.030522156891867006,0.3142182257435363,0.5727031147727131,0.08101593013658369,0.10172116513666539,0.390683122431753,0.06849882790192054,0.0545880554917831,0.07286500948957304,0.1504337190092397,0.17150660877314597,0.2301966176284635,0.4496392921424416,0.10762782802147558
U_4154,0.2651565840010155,0.1982316449368163,0.22269693710486055,0.030332173288071654,0.16614731315522327,0.3762950329371819,0.13297387309014103,0.07711162762132934,0.039923960089394174,0.05886399203683138,0.04274110016614712,0.0434156160907777,0.10449751705611963,0.15361061537865808,0.8801586811483431,0.19241185531444446,0.09235234993677802
U_4155,0.36312381281553574,0.2805074761049689,0.3321175655613108,0.03774847423609541,0.03915493567797726,0.29992482602100695,0.07356247183402341,0.6410659410556032,0.053666036042500406,0.07215634403729339,0.062488784989460366,0.09494406084570635,0.12160314875116819,0.20501125074835597,0.28217039407172084,0.03437678766416543,0.6992702287964419
U_4156,0.30617399616600627,0.2719097964056038,0.27868368201686333,0.04483035941214233,0.04470371587799112,0.14498978908013935,0.06245903710677268,0.1074187935664065,0.06101634897926256,0.8252940512324176,0.0576007071136943,0.07079837838852847,0.1505880824844462,0.18064240611456722,0.2644587969426131,0.041437551247372265,0.11923463983708438
U_4157,0.03808399829091896,0.04267142582953063,0.4555533041555567,0.08622051676663851,0.47841625740709287,0.3152083488542067,0.29746654501651787,0.10734925588927587,0.7087882505006948,0.14958820742138998,0.14942303186560799,0.10940966999564064,0.08345926922628712,0.09695718442936126,0.025245165185543424,0.5749666030865734,0.14481178019155447
U_4158,0.037408923579041506,0.146583255151542,0.08520484632900553,0.09888599421066899,0.14317531478614057,0.15331604615722239,0.5838798732182777,0.4682367180724248,0.1021679745741621,0.12787890832018217,0.10500190397478056,0.2070368168535172,0.11605633545717906,0.129720018121204,0.07146463927575827,0.5036592195500809,0.1609945248569163
U_4159,0.26530043290618477,0.22699601895379476,0.23881537872414246,0.028058190457517913,0.033063544545378604,0.47180139033241264,0.046535452523667704,0.0880767140626453,0.029979756098528237,0.04794561769092613,0.04061375109669885,0.05842871579624613,0.1029323750813868,0.6597448017617371,0.6031051317809732,0.16427358766062067,0.16701737633184138
U_4160,0.21715013900550187,0.27017775344839534,0.253426552622307,0.0584318744525655,0.05716629185171768,0.21037170437003752,0.1127882044332425,0.5570448293420542,0.18240549734173206,0.07400849999720134,0.07494954363471673,0.0771697960081779,0.15303937292564718,0.16177641703151632,0.10638389535783768,0.02449603492174487,0.6859368887373105
U_4161,0.2487647567583205,0.8061526296927632,0.2662007315704026,0.034026624058015834,0.03614788550476802,0.20195637874589709,0.04581354180907211,0.0899691534158124,0.03342743772418918,0.04664276228644896,0.05157722731532358,0.03637914094409838,0.12423784645462474,0.7069580593569473,0.5580373918637382,0.03308912922165062,0.14897639053686665
U_4162,0.2682127477730417,0.32633550085714214,0.3349893158525954,0.06333713777910453,0.07129728544091199,0.2234442081294379,0.08970179251347972,0.1315496707273975,0.1507097625270296,0.06300642097410855,0.08181733512153268,0.05734615011953726,0.13982623843664874,0.18460829652494098,0.16055586030950872,0.04677377286555557,0.7682228517472018
U_4163,0.2881559084208708,0.23524837662029424,0.2565981009886124,0.03135667965343431,0.030641699414514396,0.13378171837809424,0.06013501389302978,0.08520649379086459,0.1373200459398666,0.06351421290089572,0.04979055348897725,0.059979036898394726,0.08551663122713701,0.6044200682157694,0.6158448711331264,0.265995405361126,0.1115397234018008
U_4164,0.33198837339474985,0.28591551894903455,0.2706722313174741,0.04364861268097526,0.04643845320744799,0.13669236562488582,0.41908221047847893,0.10997969598347011,0.055360937969784786,0.05427197574236581,0.0632726124021984,0.7118933617468512,0.16877097961471246,0.16908825835364963,0.3045029518665641,0.04949873177554848,0.0971152460260441
U_4165,0.4647089281548633,0.3030345985454394,0.2910416665789476,0.05398566422822115,0.041622659581537234,0.15783533952464063,0.07161393911567537,0.11701578844130447,0.06302382503195487,0.07415877096434666,0.08289745836627781,0.7024898355544804,0.14678294709166823,0.21245543638394207,0.25050567886648695,0.04420138855945214,0.1479658230088157
U_4166,0.24383722526472762,0.2549805696457399,0.7210128155477618,0.05363605677693459,0.05711651213296691,0.2600367039590988,0.10017783681636679,0.11343054831697331,0.07935451471681931,0.06909121081144438,0.057093721755161475,0.06241945509661524,0.1337742291678729,0.17793422053139818,0.26163426176806376,0.04428774211134123,0.4673400632560649
U_4167,0.22596408953599054,0.23035601591180693,0.2910945651970514,0.08563076446471153,0.07791801508185303,0.2638188681686006,0.15036099221338445,0.13249017040602956,0.6527436203450865,0.04872794273594557,0.07700453785577581,0.058368796261354536,0.17744219267526462,0.21677298038120052,0.14669285247859212,0.029884643163134092,0.6890045614891702
U_4168,0.11164061075399011,0.16584869219148832,0.1588792944090323,0.08818399445723736,0.1030846673324444,0.18376066213677528,0.15681815777523644,0.1576582330836928,0.5439797352938283,0.0705929536410873,0.06916755254689755,0.9569978941961628,0.17032375441474265,0.16692042974088567,0.07347943434112995,0.041133302018186976,0.1450924623234922
U_4169,0.36942085865127006,0.29726011815051756,0.3012025657679478,0.05224918107332947,0.06510014038657728,0.2603776121416982,0.10108290836289574,0.7767532331694427,0.08178171285538456,0.09845183129221535,0.07323643283751971,0.0852137903243538,0.18907167402244193,0.21117513339015323,0.22922049426314675,0.031871725308001427,0.2930177834766406
U_4170,0.22250197474066163,0.5205424830079901,0.26192218664000755,0.056205428236449174,0.05885170883041025,0.16590479810770473,0.1454077591483852,0.11581694914483655,0.5708108633233151,0.2271997127276974,0.053369357164283114,0.06676540695109141,0.14918674707742965,0.14237633765557536,0.11543483309472531,0.024846818367597095,0.6531259054995002
U_4171,0.34218260092301356,0.6387142663422798,0.9364568097059986,0.05293420315453403,0.04527759923189264,0.1271117712733327,0.05463661083089346,0.08454614285552099,0.051831828108241454,0.07028517841763278,0.05472491332810423,0.0628095095929095,0.1485705250093835,0.164820325513442,0.24622857665256023,0.039753343046436254,0.10518480478458335
U_4172,0.6025024138805832,0.22000956278167258,0.5404324545215426,0.028976391448639314,0.282025972637683,0.16220433210758434,0.3366515896114159,0.0866889440052979,0.05235162863945481,0.07569996302486766,0.050457115700294417,0.6868003780872749,0.126865986516357,0.14077372745480773,0.24528253860632077,0.024382131525306987,0.10966057202967734
U_4173,0.10987032449198122,0.10644305803062283,0.7592076145651665,0.06410561211158285,0.3739308494174479,0.16343807513374817,0.17395428692964104,0.12653646690446507,0.4013506392179274,0.07652335483051231,0.07453846578006498,0.40032329464921307,0.16009651243744583,0.15992059054424343,0.06816140331294397,0.02504856231142069,0.11693603219314913
U_4174,0.23626002386945544,0.21669808085893708,0.6882312728235682,0.03733380098772544,0.040736164146060225,0.8513878640275758,0.07654880925134552,0.10809377736896905,0.034692878568559564,0.05456040012405152,0.04127291034963079,0.04814723170160737,0.12746310571570207,0.15479086850956336,0.25757290909582525,0.030989559287079492,0.36992503168495816
U_4175,0.3088954489941823,0.32082896830409696,0.29973382917264546,0.05285898058423603,0.08088123823992595,0.1774325279284528,0.11137547582288913,0.5940229814458928,0.21346519051305596,0.091288585752332,0.0811218355062683,0.08643732719420358,0.21773501148817498,0.18915200572229288,0.22267694205496263,0.044925644887148904,0.22504117746277336
U_4176,0.235674219625955,0.21027349147351745,0.6666679835000653,0.02362472348405228,0.0971809878543819,0.23321936478578095,0.2010071710967355,0.18933336488880115,0.5488818553957089,0.04843004644956742,0.029760959770952715,0.0564294835054758,0.08243951679158554,0.1200663608521066,0.2056246015688672,0.020717569372379986,0.5626788738406261
U_4177,0.06927973743767372,0.24994634126269188,0.24441244518220573,0.06290426535139446,0.10337858593289624,0.1875749147732137,0.6894391213676936,0.12154982093338394,0.1727496211676906,0.4832936875842176,0.10272470156720703,0.07999465026494634,0.1572718096882395,0.14627990805047267,0.0816800418303567,0.03751808344725938,0.5558644673889885
U_4178,0.26484708936824,0.2527658217519192,0.2549204211107411,0.04638932483772311,0.0499487998062228,0.3074838828027245,0.07992741984264509,0.11526290046087523,0.052566315090207365,0.05758992445779063,0.051966403880934986,0.05434312686795833,0.12832716591740162,0.15313449975452717,0.23565340351650604,0.04465660919786406,0.8625705020907819
U_4179,0.23062485116986473,0.19908995127057585,0.8553976559961136,0.03835193333478829,0.03733007576923871,0.2482921955537852,0.07345678723446433,0.3784459477215041,0.2868625104767,0.07246483321640522,0.05453628231983834,0.059705316056205174,0.12377423160399961,0.14479918834128253,0.1979623857124757,0.032593677767671574,0.6266980371889197
U_4180,0.44941746491562284,0.22363517858962506,0.540958359097969,0.03908440458125714,0.0598403706535291,0.2369277064811058,0.08640869232003759,0.0974186872930414,0.13067227606686405,0.06812991832593779,0.07542135810219373,0.31371104560921403,0.16051866815279764,0.1407001452360906,0.14467260021014816,0.025429157572604225,0.1491263926296588
U_4181,0.212421721182429,0.3132928202458593,0.24047944728402793,0.16665938002440392,0.06803207517994163,0.185153210798786,0.07943833609575077,0.12718063642395908,0.715899473854696,0.047938093521632565,0.08088020103698243,0.06273659959530117,0.16377639807205457,0.1745199985083811,0.10901596159284023,0.03057242205734649,0.6362440180099753
U_4182,0.39194422122045774,0.3350681417256481,0.2954876644761069,0.04457902040573701,0.04532211373175473,0.24908671175606067,0.07743282820560113,0.11478268151014832,0.07309033065510795,0.07462969267777408,0.04598298875194225,0.06895539843634939,0.1777838861444624,0.20214239627379643,0.3296459455668313,0.44555287905364566,0.19542528071315615
U_4183,0.24865983202747843,0.2333179280656493,0.296443746714509,0.07561536963358458,0.07891514618735634,0.2632699797231753,0.14606093639008721,0.14023918352806844,0.7793109901279274,0.06056884365450903,0.06646154396597688,0.08473518094670687,0.17721224452980322,0.2001804497757522,0.17942241323026664,0.05245156086699651,0.2017397691731667
U_4184,0.26197822786177066,0.2389461785978045,0.24999661770784776,0.03819290165924304,0.04806393820254554,0.21357335078684178,0.39362042262535246,0.1192293221708969,0.1277867018251741,0.6669639047488618,0.04817241439987425,0.06763845070299472,0.12147743312332686,0.15726825061081778,0.14491294265811813,0.032910164757533465,0.7761336618874268
U_4185,0.2508508077203928,0.19502254191357196,0.22408084215700588,0.03182501353590324,0.1314854206439139,0.09938996765785622,0.057581541288436885,0.20838716182925165,0.03200905441151193,0.22414541052547005,0.041954271546985875,0.340390530960711,0.11179593775663205,0.5807514013601154,0.6670944053897696,0.0873486602902297,0.09484766513936319
U_4186,0.26546164898041275,0.2877136487375449,0.2953697293332914,0.03717979747891697,0.05595801959920217,0.2688788622754584,0.085715166314704,0.11048818985228409,0.03968860616822888,0.06114200679446276,0.054095662659856214,0.10349182681640344,0.11991295416199665,0.19168800538046038,0.260416264570081,0.43760049077739444,0.818871325589706
U_4187,0.05291145946729527,0.6247403821562383,0.7491461243767958,0.07575188502836094,0.275647841533773,0.41947222299680886,0.15220556162985283,0.11559977825544153,0.15450733584804416,0.27484495856225744,0.09368094001509487,0.5470250827057734,0.13942788023356886,0.16242881824278496,0.06324907794304753,0.029232144378453798,0.1157483868049302
U_4188,0.022013971466832163,0.05447408678626114,0.08112321732711568,0.07739866571209306,0.4448757123814336,0.4119634215948673,0.11492074236778452,0.1211782960385485,0.08418027877852632,0.13785003778151445,0.13501784282383963,0.788223255258651,0.07393349958426211,0.10782544249874344,0.03417467204785031,0.7099762927708477,0.12400203133732549
U_4189,0.332064321272661,0.298169449935548,0.8416974479146111,0.05002400952957454,0.0544701136384684,0.15528469457436428,0.07622434415859723,0.10853861285711436,0.06816405014813862,0.07499407985108648,0.09332514496213022,0.07017147332651522,0.16559195407142868,0.18724306753415634,0.32093914509723664,0.05915718180140699,0.11665466323034299
U_4190,0.29344162311618277,0.2596294553280263,0.329302921997521,0.04037926303940023,0.06230308382811624,0.18727926901488362,0.07002405803575468,0.161999659987202,0.05861131826027923,0.07693497393194412,0.062180157007653766,0.06213567602339312,0.15290805716250258,0.18551945014854693,0.4739626335020189,0.07068062717313942,0.1409394848218996
U_4191,0.2744089053398968,0.21852846771928752,0.32060733108896483,0.06525769758379121,0.09678042601877515,0.2699803382885714,0.16971641088542133,0.1300790376485608,0.5673547086310105,0.049878979434440744,0.04702234253683226,0.09362128515867624,0.15727774298953795,0.19288213327722625,0.14966441288040674,0.04928130206680573,0.5941199670133874
U_4192,0.37087522272621326,0.28587017791575864,0.9430283566224895,0.05445645043817204,0.060648419362491136,0.14587953189532413,0.07515618077355077,0.09424075678746349,0.05953822118340484,0.06820397275859746,0.08555418714236164,0.06999198711680345,0.2001978271049941,0.19093715063764743,0.3021120241519894,0.05335292741314791,0.16297190479588816
U_4193,0.22388072730869754,0.19727796379006216,0.24668377978506723,0.07813194931291267,0.09964364776583362,0.9188486801519702,0.16537130749882872,0.14409653197467995,0.0716432591030238,0.06107139512291898,0.05972552456209322,0.5703310371472583,0.18141082955499466,0.20825823783450376,0.12437128582762916,0.03056806914565191,0.14895227929256713
U_4194,0.27600114229791195,0.2542943612427651,0.25923244590240035,0.04367333192960415,0.03305993814609138,0.1999200984368695,0.04367356844157998,0.08913129926844164,0.0393423690531217,0.045311060817523646,0.0432964273024185,0.41682108249599403,0.13839639811332716,0.7086005939388764,0.6320897650177772,0.0357170468838192,0.17248797165892715
U_4195,0.40978375005850076,0.4327335095889897,0.3076545882000702,0.05300300576942781,0.03808560956338788,0.16481520812588593,0.07134802935175961,0.13073910369227287,0.06145229457962684,0.6763445880318777,0.07505032291085618,0.06814404678857566,0.14962073148613597,0.2073813535471365,0.27398020153876923,0.052804751784389106,0.14548312098688188
U_4196,0.035264571263225804,0.0719000174987798,0.11736167183820786,0.11893403493790927,0.2032447328370199,0.26270375686506503,0.15710702138687094,0.1825056011547105,0.10555208646456044,0.274423540125086,0.2737236071373043,0.25296876861704426,0.14968523375730003,0.18868421414065142,0.0732474316191803,0.5118561055214894,0.250888309869227
U_4197,0.20727034829913749,0.3528248830124682,0.554579702511248,0.032060882796835624,0.08157735813676113,0.18145881313502354,0.05247239572743029,0.08473300514829957,0.6520059238807123,0.119865296931721,0.036543920937775795,0.042746935647932124,0.10611386664803805,0.11359634019900613,0.20953622126959712,0.13131984500654373,0.7434661355589929
U_4198,0.13530255032023683,0.13238007579218708,0.24849547784794646,0.08943404533709814,0.12392802907428915,0.25432437177457234,0.1490745773490417,0.1592273116812705,0.9079709717759057,0.07640493462979879,0.09111647303784486,0.6228559241050566,0.18489100228740302,0.20813030693323512,0.10117603785039934,0.043470196368202964,0.1644703845698688
U_4199,0.20169863499168164,0.21290564449536786,0.4858567934395522,0.030472558216204745,0.01659775176217532,0.4037878009606086,0.04246074163585016,0.19071287043172103,0.3236951713900451,0.0798289640793238,0.03819635343808893,0.024070713747190206,0.08702565873160496,0.7068172421768337,0.8071353976657323,0.008768386228341373,0.08110233042185232
U_4200,0.18310315061511087,0.20022871232422945,0.1898677543945139,0.036222039597220146,0.04538914722907547,0.8124796663548937,0.39346841464187465,0.10042980517554258,0.6943073200345942,0.059705259493831375,0.05500903767390653,0.5103573182932737,0.1536352159951658,0.15674866403822882,0.08991163351276348,0.03650179049214083,0.1193587530184695
U_4201,0.6445776460985144,0.4138412465664204,0.3593776730118249,0.07879924156156912,0.06649929830295927,0.2935846489991349,0.07358067133745821,0.10945858131215966,0.04267813748986092,0.06208144687568244,0.06778655023011654,0.0784013293457973,0.20270551445802587,0.21521622852997274,0.426271771133704,0.05284965198914154,0.20993751665909274
U_4202,0.286690202694546,0.2407113517119471,0.2905501257293011,0.03217752914920864,0.05010870869121477,0.5095915096710302,0.2051328428268304,0.11426604982198163,0.05732723989758421,0.056582529082375405,0.049914332056755224,0.6883029411744448,0.13189984598157514,0.15509716765721207,0.2707571894575939,0.04423410297429471,0.11967746335639466
U_4203,0.06325425407607722,0.22476251709741626,0.1458483927938088,0.1335996986862497,0.15162816757805742,0.9413564851464717,0.20003620011375461,0.15174585178976546,0.2314664552723902,0.09343533381361882,0.10548023076761362,0.08771318655018591,0.24067378794751512,0.21027916645125136,0.08458252826701193,0.045978739432272445,0.15599802146491168
U_4204,0.031994191024614725,0.05799976199289023,0.11293697255842708,0.10513063845790195,0.1923523702765304,0.757765487515976,0.12205165280030318,0.15876617986595268,0.09847126857297432,0.20402664350819139,0.2054988977181508,0.18613845229411674,0.13637114068185574,0.1777532266259643,0.05239352059320245,0.5155850766764605,0.19813899178780306
U_4205,0.36486933976951985,0.2920808047177237,0.3262885417323978,0.03636784933712004,0.07292818103626433,0.3166037332411654,0.6807371429347093,0.10645068922752524,0.06698317599769323,0.07406407044128935,0.06753795172866198,0.09022935350288087,0.17186986392151243,0.19245977458411664,0.31967430485995746,0.04788875260363004,0.1703510233668334
U_4206,0.22961285375981036,0.1999543699630785,0.17668997937977246,0.03058328041877619,0.029157169652216944,0.26953631698537145,0.07095429341800262,0.10740061202101263,0.5418382707392801,0.22003364765410607,0.04591196611392784,0.33225988760155006,0.116767078361042,0.13469823249250065,0.19605221065322195,0.3020899137156323,0.8391868806886988
U_4207,0.20442359973703977,0.245466871503463,0.6100530937144786,0.04480760181284045,0.047968434178832446,0.30769077037475656,0.07694264980023825,0.13048644054205086,0.06957786987919941,0.053968659564070126,0.05899797807281735,0.0722739740967276,0.15567919480442993,0.15998871050403704,0.16393487931484635,0.47225442126003925,0.45252769603423443
U_4208,0.30612263792841393,0.25540073163058274,0.5681686759419073,0.050376882334780035,0.048821189862576046,0.597325676441457,0.06840677451805392,0.5955735873366872,0.049685239087052836,0.27789059681819317,0.05656954012327785,0.08183631589421564,0.15121296048008342,0.18237227244014403,0.2220944776893078,0.029674505219607593,0.1025591690692984
U_4209,0.09344628297341158,0.25878885721593853,0.8349521588695752,0.07494095325648954,0.10109066398859223,0.16166655820098963,0.1444948882019212,0.1385837389517079,0.24281937592583144,0.07507092791105736,0.09041322337219962,0.468587872117313,0.16231101559927774,0.17555976745939622,0.0792136709836994,0.043708008795212444,0.1415338166581446
U_4210,0.26024847628952813,0.25484975126163567,0.2844324780850563,0.05058664607976593,0.0555709535583595,0.28267346503856045,0.5916979161571738,0.5152186745417766,0.06230225656210135,0.061523756864438756,0.05110304757921328,0.07112017239035374,0.1479088427627172,0.1801151498571014,0.15100323475526692,0.02514080051780042,0.5605521896449002
U_4211,0.5360599861733655,0.5488045282809988,0.4906554494705798,0.03558867111433659,0.0764982670133775,0.4248306761658059,0.10599465824096238,0.14601184876810627,0.06926668609191217,0.0826581414942795,0.06900739605980286,0.07098828112424736,0.20402788619282036,0.27876947483451603,0.3673109515015512,0.08339542441619523,0.2305754784932996
U_4212,0.05246712279995247,0.11231782371751703,0.10873001219887081,0.09961626041442413,0.14004829949425554,1.0,0.1649458766766,0.14508052178160263,0.18492909780915884,0.1287516858989883,0.13244492543692615,0.09729566472851266,0.1575846696180128,0.17053305997162804,0.07590082088848223,0.04699583695155695,0.145019439670855
U_4213,0.4745435754915537,0.4360064020820625,0.5031288195823891,0.07565154858260413,0.0802316940374929,0.3411755377788102,0.10904235954400605,0.16527928098646236,0.06465179920988226,0.09649824822349368,0.0956496711261031,0.08117668155274883,0.2075176779872407,0.26327459560081196,0.38868013170837507,0.03828751387873607,0.21056962401174475
U_4214,0.22285815025909644,0.20004371521397835,0.876311392567745,0.02934518108105072,0.02696589458168267,0.24698426213673635,0.20984872605377816,0.2097710490572145,0.3195719684756675,0.046481549908507336,0.05434074472203893,0.21208802943788996,0.11247581055609011,0.13570194830899027,0.15184612529214617,0.05654258880323111,0.23137714681295227
U_4215,0.2582278528035891,0.25057394109021197,0.2858728977167801,0.036868053024449385,0.03713691959867786,0.21354662366511795,0.05930660876033599,0.09684672931797848,0.040134342963217474,0.048680848676446904,0.05139180168804876,0.04435685728396747,0.13076815659363486,0.8163833689021653,0.5732184236065638,0.03342127448185974,0.1851811085912661
U_4216,0.22223906111822186,0.3309171766360823,0.1873137247802408,0.0703362849709102,0.05969158292062319,0.23208446609418157,0.09440599340638525,0.14553548526480029,0.1412722404830293,0.0599796147616328,0.07953659721962666,0.0648587809241295,0.14548405986477633,0.1817967907247537,0.11875358885617228,0.046388013857447355,0.7984894094848964
U_4217,0.166375398139706,0.20804855814400364,0.9555282074933935,0.10056889581149599,0.1105759811454324,0.2220178629107605,0.14337499596728331,0.13062598537910644,0.19683349692730626,0.08157486908736233,0.08999099281976215,0.07448317367844479,0.1929810120585591,0.1906764550095945,0.108844145625802,0.04490725125596909,0.16098160473608372
U_4218,0.27517155464826293,0.22837724012397026,0.23905464601264484,0.03820348999342231,0.37545413597249966,0.2770312332753383,0.07888890130879793,0.11008277951212589,0.06936938838344733,0.4692235289388228,0.05000246169749624,0.06191903507464462,0.12794760605524522,0.15844323416389441,0.23909963788191882,0.03200908950580148,0.8236363488597338
U_4219,0.23930901011873884,0.6619055282599644,0.8466631682998778,0.025906089384195464,0.14706089967386876,0.3415913387457245,0.06630387396202833,0.094293516427897,0.04066479066573752,0.050847647524331685,0.06245550821316101,0.12866428269553262,0.10917905672370112,0.1539571024655227,0.19108802732453495,0.18743589301643035,0.08897910525842599
U_4220,0.32876323374524474,0.2587792490585616,0.3116377112746943,0.04760055821743877,0.0539957633664446,0.859044476588307,0.07410821156359912,0.11824321876795783,0.05958911770465927,0.06798326969918846,0.08066194911586291,0.07603474752593102,0.20827402098525438,0.18795582345930661,0.3249517495041765,0.052936277296302944,0.14840055893920873
U_4221,0.17860676986343715,0.456257363178139,0.2277470169571841,0.01924045721819655,0.02161732476979313,0.7778736094643006,0.06932218051799621,0.07212842933648106,0.3697284903653368,0.049505198564823015,0.0335571912970135,0.05805517278553723,0.1162489268806397,0.1417550507150508,0.2225477104341018,0.10643988723007516,0.12521011551358255
U_4222,0.24136873295466577,0.22363163263895453,0.2603186537418552,0.03622812890040652,0.029094918490933087,0.6403922504438222,0.04120292672046076,0.08833442734527425,0.030172057101761636,0.04739134168250441,0.04724050133029534,0.033033177114700676,0.13098064201667592,0.8017868809394226,0.5620148894136081,0.03624862747897459,0.1531903100078659
U_4223,0.031144310351622975,0.3390570958675276,0.41438717885964105,0.09031483365090041,0.469637596859626,0.12759815388461684,0.5636809150783266,0.12686400570832862,0.049328678417439,0.12314070583732403,0.1385147700212798,0.11579678680835412,0.07474042497375825,0.11114167241066301,0.036681275788540746,0.6761508856618808,0.1292973482658154
U_4224,0.28627924221849477,0.23343179160984265,0.27167706913644135,0.034787710120953406,0.039205867042936264,0.17325363930456597,0.08684111272444528,0.5410491894437099,0.47397472932037316,0.26687960130024835,0.057621658505165485,0.45365432354788987,0.14372094886193443,0.16081787730799732,0.25253638324676564,0.02484388438227415,0.479351223344758
U_4225,0.14344167365183322,0.16034342482776143,0.22920650990544417,0.06893409390346891,0.11030898193164397,0.18338239130349157,0.1354783564463256,0.4074927212032448,0.8629494702452258,0.08596231227912479,0.08271397544143223,0.09708782776131024,0.15676194468694682,0.17737825436753565,0.11107341153145377,0.051341864008174774,0.17176704334304466
U_4226,0.288721547394724,0.312805233011708,0.41226055466906314,0.02752423107784384,0.22999749299656275,0.11716739285505269,0.06363332682770773,0.09856297392416889,0.3146636526177883,0.18556958736823198,0.038240516950151016,0.366932510621106,0.09551393177138236,0.5832381005404759,0.5173358495432705,0.030031559935273226,0.09884929480964105
U_4227,0.320255619249575,0.2657254052289263,0.25828218046417806,0.036767007878254966,0.0372283133126852,0.1204350811757165,0.5755778438731596,0.10920220936026749,0.04746916437174908,0.05861495094793145,0.05139954671725247,0.05033997025715689,0.14654572294599824,0.7579766129190346,0.26016949103877385,0.3374741926263978,0.1177114186760618
U_4228,0.24132944176544133,0.7956151647570768,0.26610671584483725,0.05179615816430736,0.052609298932863965,0.2355474701291914,0.10460726663353488,0.10953939272189478,0.39410511255826325,0.4953472346900652,0.09311455762094181,0.08771874144576362,0.16272812387057192,0.1496335878428042,0.12908458063883158,0.03481986586596163,0.15240968221115267
U_4229,0.03269609568481626,0.043686409943796904,0.10141298398423863,0.07628512465430277,0.16993832067618372,0.9104003211612228,0.14472985945508446,0.14595576596940274,0.12010582162545198,0.2283596450831341,0.2214228369053415,0.17482878661028653,0.12357527701320398,0.15552829737627819,0.04557410568743622,0.3781963541216161,0.18306973699627724
U_4230,0.06757325746369067,0.0809959057307869,0.080878700022864,0.12321331859571094,0.36328508129331494,0.3480190668554227,0.13360235959119351,0.14671325081341255,0.053800853779507885,0.5027532748040233,0.0797664390335331,0.36745933109482926,0.07202478702615277,0.1159989412699249,0.09915194538813335,0.36505561518237695,0.14961900419117877
U_4231,0.03185824703674231,0.07447682323865594,0.08875317751251292,0.11069089852744139,0.20156893772119852,0.17609209358715736,0.15487315759160208,0.1515269926493786,0.1309132449044999,0.8524061077197553,0.2051951281527777,0.17196950054761523,0.1244161267261377,0.1721838797744267,0.06327034685738003,0.3708518688043769,0.19007981305489077
U_4232,0.03644687336797263,0.2440438708378387,0.21484719133181543,0.07779034980487011,0.11733253067381572,0.2414174343530106,0.327496508458496,0.11477008149375077,0.04222959806812052,0.10303564964251723,0.09844858111740572,0.9177991368498386,0.06934641550007573,0.06853908011785302,0.01955250770547656,0.3650152509931954,0.08448422787437151
U_4233,0.15382486437256668,0.4601135773740604,0.37946242350220954,0.09238526026905831,0.13399325311912363,0.3891877008357508,0.17126543456581628,0.19992282552258603,0.3086571023787127,0.21541668371685935,0.19751871378470787,0.15518879071449482,0.2825036055826553,0.3108030673419484,0.1509936076326548,0.06605573716347558,0.2232890094752834
U_4234,0.15581621181830063,0.15917037286663321,0.2071736512863486,0.05838886806898316,0.0634888135719983,0.21552647824630758,0.13223100432175738,0.12437624776576173,0.8714277309589016,0.06680588380540985,0.0730729156408695,0.06070717814739763,0.15000904687594982,0.1500392113275565,0.07656873314372419,0.0328438202321467,0.34783236801971956
U_4235,0.2378773875536396,0.28772876984497925,0.2800313316929409,0.03895886404180859,0.054569491017652495,0.1846878057186046,0.10244240350387392,0.4425939622659132,0.15525811920166482,0.5743074408923781,0.07728935822105212,0.07343508155426746,0.13367453919729838,0.15777001292166964,0.09635503085172216,0.4611970337071219,0.157751581682529
U_4236,0.30002796187391073,0.8221854549570891,0.2443978218102302,0.048623280413129154,0.039545319931945724,0.2468732953857003,0.08767922514996591,0.09574118173274955,0.05833401610984092,0.069733894406889,0.05177660833513993,0.631761677583166,0.15698704584891132,0.18180838074325195,0.28078066088747433,0.04182388732658579,0.1383988987154385
U_4237,0.36394020457445186,0.2814588174245186,0.27235764302556914,0.06440974664054865,0.05223740210940382,0.16100213262831037,0.07878290597019463,0.7298817302514504,0.5216798255294057,0.06420376457990604,0.05086187608464967,0.06542353027844222,0.16902732149713515,0.17282940090703033,0.2790899127780383,0.03662217263882297,0.1538370712563028
U_4238,0.3013045552930711,0.2859644931863802,0.29803971883971825,0.03431357119977002,0.5118404555732317,0.28986376559592214,0.0801795327325388,0.10760595318399596,0.05259123738363993,0.4603189137649834,0.04456497157573352,0.07863194822012705,0.15193327901834652,0.18271120669693477,0.28199662665283726,0.535044095467917,0.13983101772620263
U_4239,0.30609528753198206,0.24595652067967183,0.6345458647460431,0.04352020032887397,0.4206014770731768,0.15772257783471677,0.08661463787867654,0.6115154086546677,0.0612583506121626,0.08199980771082942,0.06193843578682465,0.3355578502333685,0.1633690071461754,0.19263486984653738,0.2607584859737281,0.03937061156633717,0.12598620120690954
U_4240,0.2784560082845364,0.29362842750868556,0.2666936043998274,0.047421968079180137,0.04434576297742957,0.2089094883796068,0.07021911143881895,0.1341565014863397,0.05558332096912133,0.05869018645657329,0.06783628321223265,0.7873669750100343,0.11796883302774461,0.1487825348984513,0.23258050307553654,0.03290935537273673,0.5104986440156047
U_4241,0.03444469817275888,0.06089554554567343,0.1751361894131052,0.10488846400142884,0.1934951231051798,0.16523098968731253,0.15858422104604453,0.15140365416550586,0.8331275570017778,0.20381266814018972,0.22851896309343012,0.21758237953191553,0.14058964940776938,0.15552790082881185,0.059287031006669266,0.3785085243044632,0.20576832906691625
U_4242,0.2021061714280743,0.604550953647033,0.2772042844485925,0.050793356019269015,0.4316069514082206,0.2620333301414694,0.2900534678681872,0.08177397867188309,0.4335792508637044,0.07423625578618709,0.0972516605101122,0.6753089648927986,0.1241128993447152,0.14221624853827197,0.08290757797398517,0.016589702491458497,0.14956216407127698
U_4243,0.2378370853126413,0.21418869356090464,0.2299635571673835,0.07241872052206026,0.09525538607090327,0.2580629082378726,0.173359615989491,0.14378838319908743,0.7292625581122236,0.0792267340003761,0.06247257191447328,0.0645247318898394,0.15964668582245553,0.19470310904983554,0.15846026668393118,0.03923216690471141,0.6292826878652209
U_4244,0.3872751190571673,0.31967166345595277,0.3107194554167493,0.0364276933845488,0.038667119756616915,0.17147169626385825,0.08852788681438864,0.11553738939460868,0.05104353179528875,0.06810658588656947,0.0551013132111871,0.06531032473665058,0.1448569252973603,0.18305246640434436,0.31070412815139703,0.715477706903958,0.15853322783885984
U_4245,0.08093426113984982,0.1904760284011092,0.12028486209740855,0.09760957681852518,0.1302015381726597,0.9369129706315473,0.17678331296514602,0.15290476950897483,0.17476560543815123,0.08336495270778509,0.08448349452053718,0.5757089717674684,0.19598888553826815,0.2211711575602411,0.09226673545264738,0.033395831343125695,0.15424213218401028
U_4246,0.09271977499087872,0.09311484990738443,0.1308754410773494,0.09828552845411863,0.16024640364793002,0.1805526084980852,0.16661874643435662,0.7831273986577749,0.22368911374840358,0.10207870107110129,0.10971440553478518,0.7790918464763201,0.19397701018526325,0.2045741490055621,0.09185177943242265,0.05663044481413648,0.1916971544888843
U_4247,0.03429452522090485,0.08673321080768087,0.8177929808396123,0.11518849234752629,0.16496450987936123,0.14869887377765675,0.14689853193968472,0.14250808690503217,0.5343717275035833,0.1677094364277206,0.182164483869838,0.1984896357040442,0.1283010771246482,0.1397170487105619,0.05712928272187052,0.30950774621695615,0.19322780617262433
U_4248,0.13249913594674248,0.14982521684809894,0.3515673870809547,0.0334897645020032,0.0528901879173168,0.7855348748920967,0.29020866595911043,0.08080133040322643,0.4855889553412114,0.03940168876930155,0.03289907467273152,0.0641226371817153,0.11845157559161962,0.11888777097711772,0.06540182006207815,0.13686409716999856,0.4696654553366128
U_4249,0.22577934223481683,0.2809452067699096,0.3709376525672339,0.10961907893714545,0.1255710181737052,0.41268720240415635,0.20219254778913473,0.22762192243542265,0.2319119913984937,0.12540164589945318,0.12941542741162865,0.10954914316746718,0.22720475149369693,0.25637123792453737,0.15769636666914105,0.05871571941421184,0.2275507546587718
U_4250,0.2864833567183848,0.2513850082395871,0.26971109784591446,0.04519977216365643,0.03286608965548272,0.12282366576868153,0.045240326924167726,0.08622371212535533,0.5160845526043969,0.05313981919181749,0.05019234769879899,0.038876981334453664,0.14221831092298481,0.7261319839104119,0.603133148526821,0.03407476148979101,0.15588854384244086
U_4251,0.04574195093662224,0.39361925011303434,0.11777207992119151,0.07914854694031562,0.41575365657656654,0.8420278405271402,0.16860064197780317,0.11527522483589461,0.17347336461854837,0.3526795603681884,0.07369318529321076,0.3177285538911883,0.15877601333097113,0.1641946212109952,0.04668169597273466,0.0429004130365716,0.1265308355245271
U_4252,0.21168017300881659,0.19451767521039456,0.2639409272922198,0.024677565896081416,0.04994573424243527,0.15948490130669452,0.0835518985483498,0.3092434033673536,0.6968532433078805,0.077455601824613,0.05943305053518798,0.10963601116390786,0.10719349123965867,0.15070180413584486,0.19310795881182363,0.30485474626787995,0.6214641804028247
U_4253,0.31404837744143765,0.2683990790353859,0.3227384792770068,0.025989648323254066,0.053874382882192116,0.29272085894746924,0.08073393684924961,0.11646625937773587,0.5321907998877704,0.07497473369775347,0.06440378700720323,0.09383144281292234,0.16392201495115044,0.19109465595623124,0.32916225948808364,0.05442406519797381,0.16624324431098766
U_4254,0.17739577199941436,0.15531465706560288,0.20778727457354118,0.06389463322435564,0.07018094617023467,0.8906157210060304,0.39767975749186485,0.13045438232700746,0.34721867559247094,0.06150391517622811,0.06290307907617888,0.07251727248262571,0.14532871227520347,0.13860129195687934,0.0791434510412245,0.02647499229367228,0.3828198327718815
U_4255,0.263807743296588,0.19603729164781472,0.26473253317009937,0.0884767100600506,0.09207615307278168,0.31304468203417335,0.13903176069933754,0.15478582491006074,0.8878350648124742,0.10674750373489489,0.08875496938266551,0.08861303547710302,0.17742609237084364,0.19296503268873136,0.12084908326157129,0.05032976013588726,0.21917015782948632
U_4256,0.050358736081027734,0.06097478577116654,0.08242808841235594,0.09943581758271286,0.13493621994660412,0.7984166438296141,0.12989287035686656,0.28877540489775455,0.3140198257039655,0.2206963162233434,0.2075252026626396,0.40137096138671563,0.08899349187430407,0.1114546825408067,0.032121885945677796,0.3048841748409246,0.15980429940231636
U_4257,0.18206632567772832,0.22259225704275187,0.20424537804038648,0.0921490024995323,0.11574698991077259,0.22605411498336223,0.20739513862088593,0.17918986866896638,0.22239644899791447,0.07019659674001945,0.07211250989690958,0.7412529966953296,0.19828705908957542,0.22539186332404967,0.1084065342917426,0.041650909491052865,0.17745914782374908
U_4258,0.05214219158216162,0.12422775477803469,0.5990594283574746,0.0274801185921105,0.05250233190809368,0.48239811953837597,0.12070594191686737,0.0819698235236769,0.257597012025938,0.18030507558508743,0.04665530458617592,0.7297028617361765,0.11808083300548407,0.1123009507993069,0.058077957046651515,0.32518832418007126,0.10849535202084319
U_4259,0.07156064721409519,0.1739266381576099,0.9058017909498852,0.10890412653304327,0.09934136370569255,0.19194774368237988,0.1741203451627528,0.4993932799454153,0.1980634473368714,0.08406786633524507,0.0675507819713233,0.38716347732887746,0.15572726803003192,0.17089343669171916,0.06312950611505011,0.04322867286206738,0.13960892328479774
U_4260,0.393905385752488,0.6826534605617516,0.3299932939922472,0.03617604113480989,0.04762379203809386,0.15569196176666755,0.5919531191030936,0.15052566149278881,0.07992348331313309,0.07564118560413892,0.06272573787411628,0.10388757185273771,0.16114662738902685,0.18140131461965975,0.2906343074217734,0.04157881300262285,0.12856483461081267
U_4261,0.24415880723099853,0.19982060015581032,0.25178994440799063,0.02031546124696222,0.042842501089407986,0.20516551272723915,0.04974799407084347,0.09422854606833175,0.3123183105207455,0.0539673252326361,0.04133675765271268,0.5952458485909282,0.11613203110178534,0.5860931209998688,0.7623957929582887,0.030860364961642302,0.12974038047019046
U_4262,0.02907717678578465,0.22041099203437683,0.3631668099798652,0.08211341724575263,0.12981344569370767,0.3687104783839049,0.12384884078895086,0.12060114829341548,0.09098770259599252,0.14633504218228321,0.14745224987927427,0.7655510439229394,0.09912428146818578,0.11421703203943023,0.03254577629406832,0.26899810214471226,0.1208488873215267
U_4263,0.5280992321823124,0.20016579334383022,0.6746068559699194,0.028278619426777972,0.04204521351731485,0.2696343639895461,0.38823074569252924,0.10401833243267027,0.42826435233748855,0.11624997809842871,0.05449321131406492,0.35195951799065117,0.11780519676031634,0.15104718951580448,0.26954319661125986,0.03059349875903978,0.1345454815401669
U_4264,0.2039398613692883,0.027476035568233317,0.3484547470010161,0.053059557116632586,0.4592443537514942,0.8550781542612937,0.598647014775924,0.08691997807914953,0.06724775678730868,0.09534386694741209,0.10146606963856704,0.40505296610414016,0.07753668486006778,0.08923193312418283,0.02220704100439335,0.2950276726716601,0.09740977001470941
U_4265,0.3396197233990442,0.2655826754438418,0.8510646962604069,0.04525707041798707,0.046855444668278505,0.1403139838106293,0.06762114662131113,0.0908704766813192,0.0622246457650302,0.058705346550505265,0.06883348306245911,0.4290115108004902,0.13302845211912595,0.1523431318938641,0.29240700150317567,0.036511724407804834,0.101917029552262
U_4266,0.2783717157095759,0.26399187219300063,0.27162869913045284,0.02841911837237117,0.05080254857223395,0.4766035405672906,0.09758909834197342,0.11703454778309486,0.0690944964850035,0.28128215185983163,0.05151991984530154,0.07520091824541644,0.1419158336465127,0.18363970145920466,0.2684056892350867,0.38564870407620755,0.64115025829273
U_4267,0.11810398935233794,0.3155846832177353,0.2174803070713155,0.07887895185247207,0.10074614221220637,0.19854265261649764,0.14398511405272799,0.13816098197527812,0.9454453360209025,0.08088903534858559,0.08792724458901197,0.09428533663470445,0.24077124669988537,0.19459821009910927,0.10236315926632983,0.051077982461285455,0.1677114454546991
U_4268,0.42970296488022,0.34290843984787145,0.3182919895191515,0.050486647534452825,0.05583356846554951,0.2019851517268572,0.7867727964988378,0.09732366600064628,0.06877296186815886,0.06838884567969107,0.06941254408526715,0.07731266560679999,0.1669822493627297,0.18715649039961665,0.32072953772680657,0.04983280206135887,0.15851183193832316
U_4269,0.11926644665061051,0.21026568500397083,0.6080984445643749,0.03548641588015068,0.046500150050976824,0.18614946012438185,0.11246526258511232,0.4224409411320778,0.3812737564582266,0.0555772980901139,0.05088553050520107,0.3262005646906228,0.14548668725449357,0.1529918304084564,0.08444104951916581,0.327605038586475,0.1093886212658751
U_4270,0.05575756541285481,0.0896026297302648,0.17317916744278258,0.09914555041688482,0.1634379267068965,0.12458010024941721,0.13571900009101093,0.14865389894332107,0.0678566275833565,0.1710098480135674,0.16980544229125055,0.20193989464098536,0.1320998833966401,0.14677318765139896,0.07693222194285841,0.888854752697269,0.1599026848182331
U_4271,0.23571588810302527,0.287682861892047,0.6784460654316209,0.022046574740488458,0.14084522004724218,0.4105079010031473,0.06980317196154437,0.18948206572779527,0.05545510797003508,0.04508658434601775,0.03144959570775771,0.04174733427324008,0.09617043585697749,0.8108230003492758,0.48745101579652983,0.07604747427550246,0.07682776080561037
U_4272,0.2770036433740239,0.5800612869969388,0.2625072174547831,0.03565183869458686,0.045726012928584005,0.221925469845792,0.05471944010806022,0.09176861609548656,0.032177474209344664,0.05008654399132309,0.048983345066974285,0.03930427982014583,0.13067409975952102,0.7203264712099444,0.6409059471724581,0.036504542080112064,0.16444536870163026
U_4273,0.03467749673055316,0.06623044709038009,0.10051794549567104,0.07253510179672362,0.15399793000053758,0.7081964481622292,0.12096090344002342,0.15237760171828618,0.12584279053545985,0.1851284568250804,0.17784879114538002,0.24695632546769147,0.1408276461362843,0.15918354785945696,0.07674041368304309,0.5968780332217398,0.17514431711635295
U_4274,0.22492383603324145,0.8442182261858793,0.2773343909789644,0.05869221027074944,0.06382067442687564,0.25107245897145586,0.07779534185470564,0.11634774936388785,0.11197854066356487,0.06406871980540224,0.07009379157002375,0.06668788503006677,0.1573009385112687,0.1708569645335583,0.11754164831168376,0.02489768384600838,0.6370133113304688
U_4275,0.2058854259952773,0.13634942317012344,0.8321781377755613,0.04279557284559804,0.12714496900717465,0.7439395994473224,0.19546974882485857,0.10581170186003143,0.1543832395631151,0.07150363467496966,0.07478444224917391,0.079854450784599,0.1315071838969648,0.12629021334769608,0.09921509168567944,0.016783622375731215,0.12384956300529443
U_4276,0.08989889400062157,0.09702951094203566,0.6246260221609876,0.09501302840518977,0.10682384108244884,0.9619226459732162,0.14226649719921403,0.14171553482823218,0.144138751449319,0.07895517549237523,0.061180258148253355,0.36713211278794255,0.17068403272606214,0.16070729887246327,0.0729919661078399,0.044461909241598076,0.11910308614267993
U_4277,0.27164334088121833,0.2522756668942113,0.2640099617796708,0.04483063843155737,0.034640034050982704,0.9687990178905974,0.0736750990143285,0.1157902891216848,0.037046845091849155,0.0628666438306672,0.058986318154005235,0.05751805448307743,0.14775987565784232,0.1871047375164811,0.3121949901189767,0.05103458862869478,0.1762550585524787
U_4278,0.46058565996060125,0.07328609110619792,0.4490492089264651,0.12110008383337642,0.11132703816953098,0.0775206834496243,0.18080026940414284,0.11538952115007808,0.5711205263722945,0.043220765564979204,0.06156935878745379,0.43074316519689226,0.07217816334169229,0.08277320164912455,0.10789323738102785,0.4349791375808576,0.15492951035602254
U_4279,0.20842586994588905,0.21495158411065152,0.23248874259410143,0.029351497748227713,0.12432917691827958,0.38122746996867535,0.07347265650746307,0.109472649679239,0.409486456365946,0.06036947111429066,0.0503987336217425,0.6466571988688969,0.13345040124680596,0.14089706118353781,0.2749804734343791,0.041693647787427124,0.3379427483625222
U_4280,0.2845160363294461,0.2374898817333877,0.22283125004402546,0.03849212006567675,0.04176476914290536,0.13235701140799944,0.06204510464501044,0.09867338628962212,0.5862622752188527,0.05560390238110194,0.04630687855194514,0.05966106212764589,0.13448217559730002,0.740699814423279,0.41166730063052664,0.030355059238318716,0.10741111880612203
U_4281,0.0409798750129922,0.13053571437384953,0.09575265463624867,0.0918373832218802,0.15991765470822683,0.15867976511981113,0.5691338021974841,0.14847485298919041,0.09092861555105268,0.13108626101666404,0.13006758830095413,0.1882245178101139,0.11385232152695478,0.12316929221923435,0.0646952933201189,0.8330296465151772,0.16346145059150563
U_4282,0.035127215423261964,0.09752777119477515,0.10216832022980618,0.1255086207684561,0.20290536049590807,0.1325955412039625,0.7786962246346589,0.14219211855552208,0.09303619561882781,0.21150077178187082,0.22136651713703429,0.38663515656946035,0.1627939322382319,0.20137630928082326,0.08398943888745053,0.3253475817200965,0.199287030211894
U_4283,0.242189965011612,0.26270342582023515,0.9570519435566185,0.05045609410504602,0.06273465988131738,0.1850081385784975,0.10299023751819351,0.10441730876108506,0.172654260364169,0.06066267295494904,0.061443147807022286,0.0679792458920338,0.13745677253439292,0.16922622944965893,0.16441024645869506,0.034336828265672616,0.4965722454282942
U_4284,0.2518289868865836,0.212815455077429,0.5027761059027445,0.029719153810790065,0.036308701672434184,0.10155597977226619,0.0468144876689892,0.0835548832293996,0.17371168528472888,0.05764497106560961,0.04588663306495904,0.036455689669424404,0.11432918828896609,0.4324592845032828,0.8042297208977707,0.02842917469352039,0.12107447643055266
U_4285,0.310644920614686,0.28366095914720324,0.29170457869231853,0.04010157550945188,0.05447227610623147,0.17989812921730983,0.7025046352439863,0.1450423916753043,0.1882268392691955,0.09228351207138173,0.07621272040807624,0.09557922113204298,0.1676301706397706,0.17642986747837158,0.2488025372738339,0.05035487127574284,0.1696483709328979
U_4286,0.4584312484989345,0.1899695362128295,0.8195727305863505,0.030315697387640818,0.03312021325694551,0.11924614110419941,0.05702811707380888,0.07803888062811906,0.041900466000840894,0.056021645690909276,0.039120090255688675,0.5057160979770929,0.10909483373825915,0.13802946566381283,0.3339973527256918,0.02676734509453804,0.09630612988301672
U_4287,0.2062968450860026,0.3189534089830954,0.29810834545277964,0.06711392299878557,0.06839909726571186,0.3182953173371785,0.08573962469835643,0.1216124046000283,0.12744674130000502,0.06922825057211668,0.0787880186371087,0.06337865429781339,0.14177059288007698,0.18789928190284863,0.15377606378472755,0.03437752628131543,0.7798433763918742
U_4288,0.18227676391740585,0.2984565714980891,0.19054763533765948,0.06858039283579233,0.10315968462009475,0.1917870476190834,0.7110927418697448,0.151721038851701,0.20445343962854118,0.0743123102362841,0.06889174752717903,0.7338240502835418,0.17561222467898227,0.19945616459771007,0.11923657902815019,0.03796173054649451,0.15006995644692092
U_4289,0.5556192612778361,0.36648895733632475,0.3689110837995154,0.046040996252205695,0.06363590789226882,0.20608430600908914,0.08201731013783847,0.13988406141551776,0.09704073778214259,0.0789047436447791,0.07217636960148738,0.1089321865337685,0.15492747577238475,0.23756748654953963,0.3963381685283854,0.05513588445848821,0.18112349386075313
U_4290,0.21813113022730352,0.22953817713713348,0.9098911112333454,0.04753609614256605,0.04818284057502647,0.20177492259632407,0.09510470435692625,0.1049882542516291,0.11880648115042299,0.06027776894250191,0.05659237577591189,0.06588326570601523,0.12077211310354358,0.16319383665442933,0.20597287942065445,0.037759531665347075,0.5432155810997492
U_4291,0.13402516666539113,0.23898689253569488,0.24931055071454095,0.0644266812714048,0.09031191534850887,0.6482812217301908,0.7611741699906642,0.13632205992258592,0.1736355566237535,0.08675515725492264,0.09455414064714102,0.08316481603733412,0.15559122119295257,0.16360993716569405,0.09541987712239314,0.04452884885767501,0.142432958789448
U_4292,0.21666333819874775,0.4654829622713566,0.5280028477085668,0.032971961423137644,0.08420869544494018,0.2629145035873508,0.1279716480324422,0.13441458556454877,0.12980842802714973,0.04878852748285093,0.03795579801489561,0.1945107201030613,0.0805449959487312,0.8016192966525404,0.7244520204632605,0.007648074395273596,0.1480465675874619
U_4293,0.416161986822573,0.3533262538379113,0.3187088246156499,0.0447069844793505,0.05587235985080059,0.1993514994119002,0.07505475065039575,0.1120025471406496,0.08190965646536771,0.07200768904391798,0.051673726962742444,0.062430122280663344,0.1463667696960035,0.19509173832132945,0.3376650351801023,0.42542564706657493,0.16191642130450629
U_4294,0.3185772387682609,0.2311319337462927,0.8543450320522779,0.03606560336500274,0.03616446978313779,0.28190980198329824,0.06473624694466802,0.09643869783077799,0.04662788962661628,0.06097444813479075,0.050306244302336635,0.081276907361372,0.10768316471385966,0.1830381771272735,0.23272115983274141,0.028907404853773293,0.6805776386444631
U_4295,0.27364710446425006,0.2920025836171942,0.24761129039274304,0.051303149542552114,0.055820992085606994,0.27555260537001186,0.45753092539219253,0.10833009833374355,0.04550771396916331,0.06319362733348909,0.05617331200077801,0.03964996323989867,0.13379367973754155,0.1694299015936633,0.2447110630919162,0.473096632073101,0.557333375976679
U_4296,0.17001822875724681,0.16960270470034694,0.23178492377838247,0.061794226520341125,0.11574502356218849,0.31817537608944835,0.1326483261253983,0.4331831473571582,0.6945804480412141,0.09108815778057781,0.07862352860691292,0.09647317484374582,0.12827220852248508,0.17416831466062732,0.11505832584618185,0.060065025039886505,0.14475453271515956
U_4297,0.24044604941398803,0.23612559154843943,0.2618494610566967,0.05543279277548432,0.07927391730515028,0.23007010610488443,0.29302777575327754,0.40283999998713055,0.7555875960463145,0.08285195009258033,0.08081019057682912,0.0738513105483115,0.1768345295516844,0.164286936509656,0.16146059366024929,0.02906452816962833,0.15760503921339086
U_4298,0.29917537002605277,0.28418789937158123,1.0,0.046598987910664046,0.04260293165329608,0.161954201921321,0.06407082384461665,0.09708121683284865,0.05080934201870944,0.06411878871392472,0.06838787175726527,0.07152753277372582,0.17325457454180188,0.1793260140851946,0.26734979171052026,0.05124687272167611,0.1586087959795447
U_4299,0.22141335903611672,0.18671034191838856,0.8842769741958818,0.018442200445884956,0.035632371797612146,0.20400540461835065,0.05681609305399532,0.096767360053373,0.057957794009641454,0.2661137027562269,0.05237357675546064,0.5265637459135657,0.14663348699826698,0.14068724526242743,0.269697393510686,0.18716031932083688,0.09240928022619341
U_4300,0.24256107520287304,0.187689584995816,0.25086261875980637,0.05448231167088865,0.02372373047054681,0.38281394517956685,0.43421669755554465,0.10299655816688903,0.5864282686784708,0.04651707741813489,0.0326991035993934,0.5237857191757527,0.13126727118803322,0.15958540960220244,0.23006271078762142,0.09333659818480007,0.09381260844171366
U_4301,0.012195006893256484,0.035613061050009005,0.18197642736805725,0.08380392675507575,0.2830472751165824,0.14731222767378951,0.4321331790256414,0.5934389957579635,0.26815531043311724,0.1274333404203783,0.1572433419831353,0.347676071230817,0.09536015541877454,0.10881794592733537,0.04486989691691531,0.2613908798959172,0.11290727438812968
U_4302,0.17425626869331615,0.1303014291584476,0.20822365471757423,0.04083936192631781,0.040725086286027806,0.1562527435386527,0.1362116154348164,0.10313490961074251,0.43816874563558234,0.22093644590505399,0.045934442314244664,0.6843053240860164,0.13216002899307422,0.13676766032867935,0.12225314192803087,0.18514270636818336,0.7842341888881981
U_4303,0.03158582169613819,0.05055569846506374,0.07332329821964528,0.09212607184337425,0.1361883357613119,0.1700424448464162,0.11384991395037095,0.12828701113809843,0.46104274558752023,0.20429893180851597,0.20277395532258546,0.9154361009948964,0.08559956665669892,0.13389681685065455,0.06266320187705157,0.6637667713442361,0.1659222553329734
U_4304,0.4972750547389682,0.39991862378944415,0.3771412976032559,0.046620066308552144,0.0585816475861478,0.2545028044528865,0.09327254336547448,0.12037796385622,0.051582348984860256,0.07197018899294474,0.07071614598039322,0.09642049711753133,0.20465313335257876,0.23223303880482649,0.4875460778555014,0.05693140697410874,0.20190583824935218
U_4305,0.031142159109277395,0.06048986731251359,0.12779951669428286,0.0713914180551633,0.11147366194045985,0.12631564253708644,0.585371193650817,0.33155405709992264,0.5958273656923969,0.10274705549515137,0.12715955406652402,0.675893040302165,0.12223128044543129,0.1250722121447915,0.06706975655227977,0.2366603445995951,0.1134483234444474
U_4306,0.25806619966673144,0.18235616669550994,0.22062055817591925,0.03423099939657431,0.02704731398826603,0.08784055688728337,0.19961181843428155,0.08294062611075248,0.029960518861381576,0.0520231428480054,0.03491473254511632,0.06421014389849998,0.1157558883891263,0.8134372663563227,0.774269740506448,0.354091028970563,0.1107739199189931
U_4307,0.032908776725684534,0.04150553563000845,0.14656853422168212,0.08521684389877135,0.14616017137010018,0.8355224870531486,0.12946540247024468,0.4726850906471369,0.3101672346253678,0.11314447033423859,0.1044215234335777,0.23385033688286322,0.12437665203025236,0.1565476320851291,0.08345716682278728,0.3100836693831279,0.14117855583041222
U_4308,0.2757670474436138,0.23995069451140674,0.2639406486408479,0.05121790688588093,0.057194038484616974,0.17488142024896255,0.07235266766967963,0.3514571022339631,0.2076043265878154,0.07299658549327692,0.058799819618989745,0.0739020922479094,0.12644649338383507,0.7070762409449904,0.26411187094213157,0.03281148976339001,0.12960463764293964
U_4309,0.3809576399789606,0.2924903781604626,0.3122824918822591,0.03650627974158886,0.038289344954134615,0.19130130521247743,0.07514587335807539,0.10736894768179388,0.05590264399413694,0.43762734555904387,0.058228758422586846,0.0857349527376663,0.1748807166395271,0.16510790433509193,0.2909312281656154,0.5697031317942578,0.14618472042661299
U_4310,0.31583913296055816,0.25777296056747284,0.30279973991747183,0.08370847287742128,0.0875243172146645,0.3477401509258597,0.1435172400864829,0.1492910490662137,0.053264532755426176,0.7552741911678198,0.07044033939870402,0.08241138664738232,0.16509112537260512,0.19024315633082717,0.29541839783335855,0.046699620861652365,0.18519389354546392
U_4311,0.29587766110084174,0.2680359277665476,0.2842320091796332,0.04767874475855721,0.04359829085622603,0.13164516226944228,0.052994314901991614,0.10818172022564394,0.04209889290468166,0.06326803677602404,0.060315849310955724,0.06992517990215968,0.1323558080400784,0.7952807187195825,0.6216614562989877,0.06573644140208562,0.18207961153083962
U_4312,0.07874056369895244,0.13039907582531685,0.12771695465237995,0.10066265901942391,0.13738467384799566,0.8147789618708157,0.18563013067896086,0.15834296649662957,0.19324927861456967,0.09972318820047561,0.1072974221536511,0.49011378003848327,0.1622728913756717,0.16831965903623286,0.08415306054400006,0.04752318908201215,0.15967318405266848
U_4313,0.2841408528930463,0.24736478324132544,0.7898102140853651,0.035283417990533104,0.04112046738642235,0.20905582809810344,0.09512733547162652,0.09828327979117009,0.0700048741878187,0.06262854501351425,0.05152551861541243,0.06352334884414754,0.1296549809004884,0.18499419016985544,0.2321200848116983,0.0398352443119401,0.6804050300177882
U_4314,0.08559863296503693,0.46319897286018985,0.5624040741065948,0.07231909419622905,0.0654644754460224,0.15429556899577104,0.2837156318753901,0.280595107333263,0.4164235762892075,0.30869181869632883,0.09335534406199532,0.5221071838846241,0.16389386477347576,0.14458480926162878,0.07950361773970757,0.004996305350615707,0.10714709216168208
U_4315,0.027969457538686602,0.047183745981413144,0.0570701421132356,0.10320450682667888,0.14262350933981188,0.08307046249259514,0.11020472109849083,0.09312379289883584,0.08811398945447871,0.8685541574159596,0.19398518674575238,0.2813345539098557,0.12128143281240189,0.11881859201069388,0.06079923103325732,0.4630826828060055,0.16495329116560664
U_4316,0.21872985441133402,0.41928971964603945,0.8607717086555562,0.05513801371243179,0.07037310269533559,0.231750292446062,0.1577385050362681,0.13371221362949684,0.05551424500875175,0.05952520813090816,0.07198723772986161,0.051318934509967704,0.15074651311346532,0.14111035302728506,0.07544675245969364,0.255266697725657,0.11545142194725659
U_4317,0.4520045893160815,0.20558196283867902,0.5181716479092184,0.042166756932527416,0.04049966514979161,0.11831289026908157,0.3796950104135463,0.33238999597368435,0.03493458834637228,0.0624566960879597,0.045629126519350874,0.3142267174471664,0.11261901704643376,0.585234902168444,0.6128331249343846,0.01862174139146698,0.10915311623105348
U_4318,0.3251105582091475,0.3074918110755625,0.33924990552267154,0.04504720385039611,0.04413106872196711,0.282881463981271,0.0976854978937054,0.13119348936334232,0.6920241866108476,0.0697643472295056,0.06496173841965472,0.0707824707039312,0.1449892176918787,0.1917239408801568,0.30404859789805,0.07413569556080937,0.20174335427428858
U_4319,0.32965464131685623,0.25490584895072177,0.28360950594638573,0.043564545536129304,0.0381192111514919,0.22263345284864744,0.0655276531450056,0.10668975892111454,0.6600644685518877,0.07107324494860556,0.05613306441950933,0.050042176203384595,0.1401084612703811,0.17379679687026658,0.26608536101094843,0.38991552212137304,0.14901192078198774
U_4320,0.20048530852391921,0.48632848484425595,0.5198746465421593,0.08742511854510264,0.12402880949287104,0.3959093562000109,0.1579051502688721,0.1770792754844603,0.3180145993436429,0.12408296454686349,0.11863801091076293,0.24247672906790282,0.20261590296767815,0.29921183596236023,0.17644203080833595,0.05113915960815245,0.22465244521199398
U_4321,0.30546763824603823,0.26157668940058043,0.2536675771013802,0.039417512232448014,0.03449127165958644,0.22404852826555482,0.055001302763056946,0.09559653470308141,0.08207284443205685,0.047986509231764445,0.04841166308616198,0.05400604403376964,0.13539166009580259,0.8220202744583887,0.5891161033354539,0.03539720676671814,0.17359502268385865
U_4322,0.07791647123431907,0.091356973491132,0.10634581522794809,0.12502348704404206,0.19280925368331445,0.11421794361166136,0.6632794860860065,0.14146056105988214,0.0728686639730453,0.08286256299389054,0.08478109891398239,0.07272177573973787,0.10489962300105123,0.1453952488901426,0.10805080324750092,0.379161925508313,0.8430483951101788
U_4323,0.270332478146864,0.19161620935695142,0.9115065752142153,0.04768728141912157,0.04500208635408295,0.13579166206907112,0.0805450126783341,0.34442009591451705,0.446252768242363,0.0571656176232216,0.052885107005773355,0.30460405637151705,0.1250097727784467,0.14449015542109436,0.25040470740485005,0.014495511443467026,0.08415909983921752
U_4324,0.07242297417835941,0.1040705796366349,0.1730904820431497,0.11337560881192578,0.20309201091021728,0.18382746027264724,0.15337303399532792,0.18766777310492566,0.12966081578154823,0.2101785355660637,0.1652118993937171,0.29644122318303034,0.177335771597533,0.2466532268340127,0.12339332243901135,0.6399160562709938,0.2479869935386225
U_4325,0.04986545283870572,0.04296640001636211,0.8012154283967285,0.08386591667303707,0.14122986021215841,0.15461256217842276,0.3812629922523883,0.4259781016214517,0.1171389344821397,0.1548930354809246,0.15355957211736662,0.17507794673894417,0.10354653398818024,0.12356485685854696,0.04814733040379337,0.25231914069082273,0.13553782942378773
U_4326,0.019327907974274427,0.43363653323181406,0.08780640787918216,0.08593823804999709,0.33937527246296356,0.08040144504182763,0.21808666051757522,0.14040751618417935,0.08601198015120286,0.6019715530327159,0.17470472143198443,0.6382483525862725,0.10998540306132103,0.09829479214549781,0.0436991156778183,0.21651143363584044,0.10862128053324464
U_4327,0.06568120815648468,0.11155561478333176,0.11697962652558933,0.11416248496348527,0.17849382851319578,0.11094319060530404,0.11702113137407268,0.15452736844031031,0.7280182966430921,0.08774106319612153,0.08865236990232672,0.07289052280389609,0.10053820082440598,0.13577107986648934,0.1277328336536494,0.3703178488080271,0.4893582910269868
U_4328,0.03334958478699682,0.04737847541765557,0.0987660129973568,0.09703696884690226,0.42413134946982756,0.08009833869207587,0.10940717396758387,0.1487618435316586,0.06807888926103955,0.48773840365212034,0.1638872670244783,0.5031337262821116,0.10367370531279799,0.12986982452372856,0.05700224326752909,0.8922603001941292,0.17162603634938267
U_4329,0.2520879483163643,0.22426905044646248,0.17603060287902703,0.038543117396786813,0.03373551118289658,0.6150395186133553,0.3728580584223686,0.10782054641530266,0.2285651042323919,0.07428418569312153,0.05230519253890836,0.046519207600527246,0.11775268370431885,0.1361992503378982,0.21505821467186728,0.026948245253596976,0.6876760290908535
U_4330,0.2010052841798868,0.1345104246081439,0.3666678214177505,0.03945184241302096,0.04991942379209543,0.30157371114613,0.1897268778874715,0.1112764489170341,0.6098957825553786,0.045800775091606266,0.03377925993038648,0.07859612896633009,0.08943501670831372,0.12462457176516212,0.19184620713644168,0.05240361213364345,0.774071482767281
U_4331,0.1861641583535529,0.28996864972664416,0.3412874489900395,0.021093533364626976,0.014969221940192498,0.110175014038087,0.08672852562126944,0.06062314844798835,0.3727666888169336,0.08088376118058391,0.034414906352608125,0.20039464022917913,0.09085130134863156,0.7569248579549159,0.7257069960883331,0.022977580930846488,0.08295090739457349
U_4332,0.21246022470290035,0.7544603785129156,0.2325583645096652,0.05317345169602721,0.049260916276827965,0.17306095294646784,0.07515982833116654,0.10478031485639729,0.6582850363443158,0.06518729272688653,0.06438518369243137,0.06915994472551057,0.12609445039889905,0.15036865637183272,0.12525861535237787,0.023933191547681715,0.5038999260475301
U_4333,0.3740699098925361,0.3103259979702698,0.28521781860420903,0.05574392436730932,0.04124640463960448,0.7808748355860515,0.0660856786576151,0.11524015692692534,0.05177061670051702,0.061129352989623395,0.06562305028791934,0.06117252358655849,0.14525901650181638,0.26240757243661916,0.29134160521339286,0.043319116307303555,0.14760394262910612
U_4334,0.10299697397654799,0.40978604749254427,0.5635310230554105,0.04613052434767433,0.16571493916175553,0.7333509810572543,0.2761295912753811,0.1972518882910738,0.6725321380811653,0.08297638815549215,0.07578994897345327,0.45878436998901095,0.14608445220182145,0.14788014780164144,0.07911752297407468,0.0003994815925420607,0.0846659860658994
U_4335,0.2685340098654112,0.2441428324237391,0.24735880979869865,0.04010668402227476,0.041842282588360064,0.14662143044544385,0.1890532800974706,0.3188243472182955,0.20154427641887984,0.3141196976004672,0.049525506892558004,0.7028498509518328,0.10967005241508017,0.1440830107926393,0.22689050270624772,0.024068335053250234,0.09839810952280834
U_4336,0.28992650443559004,0.15894787472038435,0.23984380938605734,0.07278630663138753,0.07097730683607852,0.22597041538255466,0.555728608844827,0.12989910951520803,0.0622505666248452,0.06548240716017836,0.059478942332865395,0.4590899522654261,0.13222778725253329,0.1619327147705712,0.1143214992313572,0.028713862038249632,0.7632586876108312
U_4337,0.33604794628083245,0.2590949812241959,0.2760341574916603,0.03811438575912648,0.0536304807004101,0.14969659153665074,0.0655132249969681,0.11969530025419028,0.4117320143285608,0.5623756116504095,0.05735788868330744,0.06002956950160107,0.13678300678224353,0.17815862778388758,0.6774153832929783,0.04045688548064558,0.1249765643217629
U_4338,0.03119300244441582,0.0762594915258745,0.1791172856940445,0.07660558747014458,0.16924048602469702,0.18584333952730436,0.8513225350240674,0.14475991515480224,0.1309716639621277,0.16481999257990002,0.15601779213753308,0.19161306429176128,0.13299364782217823,0.1696215666281827,0.08000618791899206,0.7307063091643031,0.14780203549515658
U_4339,0.3748750185452146,0.31327770959069773,0.3106593865522149,0.05360106351257281,0.057734411900752944,0.1905246710851449,0.09955195881946453,0.8098743949156422,0.049909910261855865,0.06667865782759319,0.05948262595806416,0.06023864950908359,0.13959579329223185,0.17815927698189615,0.3232453521102289,0.040553999049815714,0.1765094554290105
U_4340,0.1303332987550242,0.22087354681498145,0.1447226909378558,0.10264407012559551,0.12903155352424722,0.21400190592489982,0.20478278407733466,0.2611637381840157,0.19909086026272607,0.07475692230575229,0.07267144516674173,0.7317669240008982,0.20067875507542174,0.2265953216576927,0.10448168160996127,0.0362412768656638,0.15791563884471338
U_4341,0.13734857238728126,0.17391164386232308,0.8376613569480451,0.07111453801190365,0.08329226859367775,0.234856261677718,0.11770233159581864,0.13983533790205888,0.13295395782319766,0.07304285345637389,0.0696526802378509,0.06305920459145742,0.16610571791824988,0.1613642289876485,0.07790565929634698,0.6640889149078129,0.14977394089186413
U_4342,0.05873824665586544,0.08628711897610833,0.7467266824218759,0.0773517687016679,0.08850022388250434,0.6018062715576444,0.171513233781897,0.318394894011032,0.3971462644094155,0.0919681729884418,0.07886925935464185,0.364187593107425,0.1604644319213248,0.1555745222837577,0.08218005797523151,0.0420333370552768,0.12429393687533766
U_4343,0.2984778857527616,0.258486907186868,0.2717539441161192,0.05082828115424814,0.05149209025015531,0.1529051327755779,0.07053297696542976,0.4805069152029053,0.044885049017505965,0.6681871424335866,0.0610583386183646,0.05131414888137859,0.13522542150509728,0.197405428610621,0.6166506136134169,0.027616823965190856,0.12580331920465412
U_4344,0.40886404274472105,0.24708441828015576,0.2540686860988715,0.036409443978067176,0.032441154548844484,0.1682846212596121,0.06900602281054835,0.10424707268329336,0.6068541065929156,0.07375040934254275,0.05937479822809908,0.46094144479624083,0.1569278763163173,0.16977849562431127,0.29700340764806155,0.04449820385256277,0.11895562510819253
U_4345,0.43635704534713976,0.4008738074660765,0.4228518703272804,0.05362981766407412,0.04486650415811241,0.3710042123862044,0.0931620104868095,0.13388727205068043,0.12305213704088146,0.0831895506778193,0.06974451515270907,0.09552818169982563,0.22206908614187795,0.243888136010362,0.37342933785022764,0.06122387347908044,0.22407499190931737
U_4346,0.23756647973655282,0.20967391086326806,0.22418027925350362,0.04046238981319975,0.033718798258297586,0.8676779380584276,0.44126605498412586,0.11058817559951098,0.03963158277160989,0.06077179031592113,0.04525770325170755,0.05867254759264028,0.12712648355198128,0.14642554101937824,0.2436671857646397,0.03336704492696057,0.5595643157388852
U_4347,0.39566897912879817,0.12004658534047201,0.8353343636423707,0.07621548290745289,0.11533349367480022,0.061244004044880604,0.1557525187546743,0.11380100822739823,0.07887859510718429,0.134329095151012,0.12181239134921774,0.5198109577728363,0.08505148289462616,0.09597584941472699,0.05430998079167509,0.12948484836844817,0.10175926796859235
U_4348,0.21433745850015096,0.14528480031522126,0.26333848867907694,0.07372079248468774,0.08917081459736802,0.25828546908072636,0.15765409819577664,0.12624082323239674,0.3316824443892292,0.42446111588994934,0.10686607694749217,0.7286239201575746,0.17160216246664758,0.18150405053546606,0.10426679749703108,0.04759398999722872,0.14656817526318452
U_4349,0.028832271908300264,0.3731831240472059,0.10250839778615266,0.09673920886706325,0.45239916232877825,0.12600910187178133,0.14691760118772648,0.5201748894097331,0.10863381530867426,0.1611858571181545,0.14753223015119799,0.6385205530062334,0.08844917567807997,0.12177691838357742,0.03742525946324513,0.21344180263247692,0.15886238286903437
U_4350,0.22488950327556675,0.19524425152792352,0.8473118484515418,0.03597212242423155,0.26124208543796895,0.22517569771553494,0.16736003125433313,0.07581970532563066,0.036291998319710604,0.058147472707110646,0.045873991975375845,0.05586941614487569,0.10899842282692923,0.7298118089933232,0.3318851790794514,0.026896984956876528,0.10118191467938054
U_4351,0.18432328158015912,0.9574629544948763,0.21012641537405644,0.04266605843767193,0.04372612120872536,0.21543396184146205,0.07967567270894231,0.10188993548588283,0.5172339898001626,0.06531221698712146,0.06514581347410842,0.07494327362136845,0.14997680964453725,0.1479961101155209,0.08147518838400304,0.030578225074012824,0.5225530474685303
U_4352,0.11737377375516078,0.20450390665673776,0.24846606296183388,0.07050852587660726,0.10177621746141081,0.2083563767776824,0.16050054608335376,0.1517768943079313,0.21876075209909215,0.06281165702469496,0.06560090199077781,0.7508383137519963,0.16030471535771923,0.1987369374064947,0.10071754258362169,0.5057972996968876,0.146801564623273
U_4353,0.5435619576175805,0.46339801480444087,0.5584954746018511,0.03582031194924986,0.06163298295844635,0.257946700806382,0.07681794972005665,0.14385909701314875,0.05600854259403697,0.08038666761732252,0.05838000778606681,0.0700240988746496,0.20094984442690203,0.27659259704095673,0.4960584899983465,0.06801557441050918,0.22087235621272616
U_4354,0.20588339505795689,0.18982877415601018,0.25683697376172376,0.022546105710491166,0.2979772851364505,0.19915931286705185,0.07545919285286434,0.29651367735510464,0.5222156689542063,0.28844396148678725,0.05689769921210808,0.08160887928117844,0.14586177329939087,0.16162100363675663,0.20539307726986328,0.38375712121340155,0.12492176448969253
U_4355,0.09205955820501872,0.17150049695655922,0.23612450431880794,0.06897823666085323,0.09962474682361298,0.24036642340417605,0.7977238657580998,0.1598148811502914,0.15106451477504407,0.09955133856170506,0.09014728272431774,0.09764712065426359,0.169380754581768,0.14773815916493813,0.07993093737504456,0.05067808712391414,0.13239094457357858
U_4356,0.058673497829227914,0.14196846669645177,0.12261342078862227,0.07169655360934045,0.08121313017539179,0.17035501891996457,0.15231930443356037,0.44396708595406564,0.7748511669530764,0.07284951297128175,0.06966530849719996,0.6385141211669687,0.14497459875109103,0.14770857113440686,0.05711397319443913,0.03901232879782292,0.13084346242003925
U_4357,0.3638367695554875,0.2691173453858399,0.30549061838449054,0.054137960961284516,0.06025847922115488,0.2973683032832574,0.06747787717458517,0.09985094785627531,0.060163398116637755,0.06174007554304456,0.08142682096385313,0.713492806957662,0.251291158403382,0.2063902555953467,0.3488419742093789,0.0340430651919341,0.14779123534663863
U_4358,0.19632680903834943,0.3122087733259702,0.1437778088455861,0.0799542742517573,0.07633305736255343,0.33768092687201406,0.10341396885921496,0.1534480091747991,0.17181505711358122,0.0887181577057773,0.08457382284436862,0.07324636890951033,0.1499788413883425,0.17452642248139466,0.11947238075535649,0.0372563545900829,0.5869116482953192
U_4359,0.23416912798390946,0.6061852673640049,0.2434062527432353,0.04297622961868542,0.03680752357598933,0.18505151816520918,0.04333068039922177,0.08176003784786791,0.028467891828963462,0.04412232905354258,0.03866183822076102,0.36363639291375566,0.10855603881760217,0.8779238613572788,0.5039704255665656,0.028975176049349696,0.1463797593489616
U_4360,0.23767986576588432,0.19807553469398811,0.2912032480496925,0.04910578522107927,0.06924773534207775,0.23903510159876173,0.20770435363588396,0.1538568141986769,0.3521830186216361,0.331377151551011,0.05267830756300299,0.06537854216451168,0.1672844866506339,0.1639007343573705,0.20621602394019048,0.3191885615818467,0.4192758091001111
U_4361,0.37753069345229895,0.3294879668533112,0.301414504980715,0.05148364109148184,0.05803079709021736,0.18439516102611517,0.1020308154805401,0.8620686562354241,0.07427876191663789,0.07562142445739589,0.07389872058076875,0.08070123425542945,0.17274193710410982,0.1824053951426131,0.31219335325272435,0.04773588320895195,0.15965672288358312
U_4362,0.022358913725220406,0.08656877586505898,0.09085375790522135,0.10190088036507984,0.15967837538963417,0.14834007088130635,0.10561273952981134,0.12329561748629209,0.10618349410021245,0.1557462128852484,0.1697865211427705,0.20734764930657645,0.11244155529127282,0.1674757439118118,0.07346483083540314,1.0,0.18294455046066346
U_4363,0.5263824291646597,0.44323002401362904,0.580451702610927,0.03404344319228128,0.04769309866556869,0.4045277006804312,0.08591710373143625,0.15294581573752192,0.05689311083813526,0.08695034048937507,0.05003957030897409,0.06473095136030582,0.18962520462795585,0.2713382372857321,0.4808260162757225,0.06451622591271176,0.2213503645089966
U_4364,0.23606338877542404,0.19549693080777283,0.49349188601010935,0.030640540054115595,0.2443159769431874,0.07561791215649535,0.04470377347155415,0.07715799265881666,0.023991284271876284,0.1313195437175081,0.03580877082978103,0.4741109846235821,0.08815689256591354,0.7902936199711712,0.5179790219468579,0.02545451995316099,0.13426985572958788
U_4365,0.08988294953933014,0.0825887594688489,0.24377114400730912,0.09913221700548495,0.2056369221634578,0.19995040791490484,0.1328017725007895,0.201635861758778,0.10302489205856268,0.20217039020416314,0.20270018374493975,0.24279688987614378,0.17313724694229116,0.2769647795163513,0.09621429037727153,0.4616932526275505,0.22911420129040902
U_4366,0.3777978743446935,0.29819013707075315,0.3497411097944947,0.04184410190917183,0.04488312934793014,0.19638764472585538,0.33551703063329674,0.47783739777308726,0.06585038444259746,0.4568304269749653,0.05376958926314329,0.10327227679607305,0.16995134407230283,0.16441419866859427,0.32433138079477875,0.0436242217380006,0.1380970382972486
U_4367,0.34649515683081256,0.28181683190863555,0.2703278439448231,0.04795837502356485,0.4153181939776086,0.16060423026929155,0.08708342203398735,0.7175199830764469,0.0699755582289114,0.4041716959141893,0.06100510381631789,0.08784369155063901,0.1642592198535701,0.1856589038585221,0.2922305343067886,0.04095626683041613,0.1731704354466736
U_4368,0.39420817427865346,0.30642416512803583,0.2688329218241238,0.042511194223127734,0.04970422833336387,0.26667291430222684,0.08598194186054323,0.09837703763926765,0.053395190013319556,0.05966633556539077,0.09612633141362387,0.7218259391835262,0.15956386849103626,0.18101240322361278,0.31248205558480435,0.03984627239667325,0.15831906904071608
U_4369,0.33156999238375784,0.25813453601682934,0.3226721546966053,0.03458320199510367,0.03408999078750925,0.32805359459798744,0.40234792270998976,0.12022359762047999,0.054856878958297876,0.31485620741190024,0.05214644320320819,0.07920931262393818,0.16497088211577365,0.1802166837721468,0.28669997925358937,0.5820415687509466,0.1590655403812194
U_4370,0.2955224885587626,0.7206476559162991,0.26040285220793885,0.044787468094723566,0.04115332032367878,0.1820057729873815,0.06641603747545614,0.09496876413136073,0.06547164428091874,0.07275930467962756,0.05360079816138158,0.07041209114919093,0.15338782421502145,0.16869893563464475,0.25295504926872037,0.5599288552432793,0.6200500536604252
U_4371,0.09881799502107644,0.18983109187391134,0.19147041963540246,0.0918047211596481,0.11307457281397565,0.21187846263133597,0.6313622275771735,0.16206407764239894,0.2755970836208847,0.09100049606162401,0.09692019379931932,0.6343604608100062,0.18440120747568303,0.17101257576357035,0.07676582891478882,0.051241049027760104,0.14905621577479852
U_4372,0.22609182717680393,0.18667765806356562,0.1837426720406996,0.035050230550944625,0.1127736374777347,0.5537140792839121,0.13711372365174154,0.0670475071630393,0.10393171438265833,0.1182297066566835,0.034517257323541495,0.15297139911087732,0.09203413423798028,0.7215541740663431,0.8758106468771714,0.016501507261659394,0.10612667525663001
U_4373,0.0478054074453614,0.0678663513036397,0.05663914955128145,0.09640646217662033,0.12759761854919172,0.7413033961664592,0.1268928686341742,0.579362890738063,0.11571237663338421,0.15838082747927124,0.12992632899051298,0.5517986128789465,0.13679835487086697,0.14274892330972277,0.07703984579914269,0.23382146816469568,0.15881065293989455
U_4374,0.05211351398464415,0.11058113131588977,0.10083986942716439,0.10322741301446269,0.12959315286228176,0.16644779036305418,0.15237423364888086,0.13336501093767944,0.11901921701700247,0.23091790034942927,0.23406161277190227,0.2162078923598084,0.13418869135760822,0.17730343523575198,0.07931613483180751,0.8610171940660278,0.16683421353602768
U_4375,0.23537527072288833,0.22260528655256362,0.5574341535582195,0.029137494586534758,0.2564987083719605,0.682646124886146,0.0795725739789089,0.30534401776208125,0.5195750635565195,0.05244490060497256,0.06944278774711006,0.0565051799945502,0.1311795164527831,0.151671670023628,0.10246289413606345,0.14771140994209195,0.31237231857332115
U_4376,0.3426779107910735,0.29977115837258633,0.2749660017317582,0.04784744598587417,0.05118466202405817,0.17244287624740004,0.06365143657887026,0.10515989586368694,0.8096375886768532,0.07011957489213687,0.061849430227901556,0.08190112356349381,0.15804725915435058,0.17684628002163602,0.26318405433390085,0.04573557970677067,0.09276260519400394
U_4377,0.26000986812666427,0.5627743523540694,0.24079391095536218,0.03496129689160543,0.3128255301649879,0.16031455735358843,0.062319444377584826,0.09738664195782905,0.8107569151507947,0.06624148207833125,0.051553662008109985,0.06924153221125628,0.143680887480536,0.15917119425648665,0.24160362125900506,0.03426152036564514,0.0938194767738635
U_4378,0.18358471500553977,0.2182746481655466,0.7834329065053918,0.09545861914781911,0.11286607773093249,0.28452067984927754,0.25479981761815335,0.15760505373076378,0.18562579693056455,0.07792681554040905,0.08102572947314374,0.07689903984932128,0.25205005285497767,0.1985485008956436,0.11021704778259021,0.04757204882694867,0.17652357565676005
U_4379,0.06207113326847448,0.23437241620296076,0.19776260637706705,0.12234485673137913,0.14260624311867443,0.9140679366232789,0.18779589299721725,0.15915566224695074,0.2492020852755738,0.080833945494874,0.09102730309003035,0.09802507269541226,0.2332800583375984,0.204654220528544,0.09619776772882387,0.046544138196679984,0.16686010493877837
U_4380,0.058681887093095866,0.21483672031039905,0.33498811376719917,0.15313617550627706,0.3031841556760762,0.3260421173159585,0.19630260041213518,0.1959268048236833,0.27189687704107285,0.29135165463613494,0.2877160010410046,0.3096846400952075,0.2091322225396981,0.2848994322399772,0.13732254736185825,0.40047170710500174,0.2950358320106207
U_4381,0.028964667355425962,0.08180613956041564,0.15508037550529188,0.11311613435164389,0.14208470488952218,0.12579612137041327,0.12177672085764023,0.16014628569245937,0.09038022834993734,0.61567875624817,0.2241959909066373,0.20335844935222644,0.132969535244306,0.12298442314512542,0.05978116513971965,0.9304728436439251,0.16014263575509416
U_4382,0.28164051959762987,0.3169571010557283,0.28390901842031574,0.04481425507015797,0.0646923872576127,0.25021967929242905,0.7536599655363183,0.12233738147949676,0.1503559513120746,0.08706752963772113,0.0798502045592509,0.09293623063068002,0.1747645523069183,0.17238485455231853,0.18809795640469837,0.06246606687533901,0.18523861052016843
U_4383,0.503638522495278,0.3874259507799954,0.48371228535735056,0.03647918690021788,0.05595926939644483,0.2514846586775299,0.0772287153608201,0.15374467661030447,0.049894472017121716,0.08689002975903917,0.06757676860561007,0.1228731036418958,0.171732464090881,0.2576845631971595,0.4387684672839497,0.04728143725380051,0.2212367032466945
U_4384,0.28292070415171167,0.23171042939397454,0.23248099612662373,0.04158282635964665,0.033598063120006474,0.10177068681698848,0.05298325575510743,0.08926533243568088,0.038034068619281436,0.05586641073896929,0.04337613323705177,0.0337162657046044,0.11507348363325673,0.904772542279964,0.5106564248242706,0.34407640282877,0.16718286430183296
U_4385,0.1380244264763732,0.15983273755560226,0.1597090180222417,0.052973480597193236,0.06310720100144375,0.24077927495673498,0.15912859266265345,0.407537735461616,0.14142052258452645,0.07346046672982302,0.07813325179272027,0.054509365379442634,0.14263278853217065,0.16274394568196543,0.07918241740032264,0.5294680229262356,0.4434007907791423
U_4386,0.5404213455889249,0.3815051477348639,0.48235219965394294,0.09172503150502494,0.07746614018151514,0.25960942920001295,0.09249220731896196,0.12399546854278087,0.06002466172455547,0.10065475912316688,0.12096912348506053,0.08809536173041556,0.2970796990630634,0.21530166145830654,0.48280658817444905,0.04599277264933866,0.13342290625702918
U_4387,0.25713027612040124,0.23812982389046752,0.2540631638308193,0.03874597439219684,0.02973725652177734,0.17976069784718376,0.4002251984738656,0.1007602362648998,0.03300281963422409,0.04680845625103979,0.04964206564668031,0.0666546401557792,0.10455903893567627,0.7758916318335327,0.5353357433451174,0.09520317924318672,0.15114517522949095
U_4388,0.06644973615187082,0.11147370492807471,0.0983911219274656,0.13228933084480898,0.15302185160016882,0.089154467718834,0.1363473668614866,0.15258353172580416,0.4205797984095361,0.08035262363883963,0.0779640429418593,0.42220846094655556,0.06584636582767417,0.12676932775834368,0.09958743801287172,0.7622400175256556,0.15194957844551485
U_4389,0.5887066016582203,0.4970912570017496,0.5067063205266233,0.034308051407176986,0.04654705764288246,0.26402909174088085,0.07935984176539236,0.14556771063270452,0.05808081729458004,0.08458240983442636,0.05113222599673482,0.06134675923143257,0.19521681325529858,0.2747929125160247,0.48517575695115145,0.08434095798109001,0.21958933991073656
U_4390,0.30644264902259166,0.24888356043072019,0.2847032641155439,0.03482283435008297,0.034507088784415864,0.23120247588063578,0.04953142061026331,0.09559352836674619,0.039635500238654815,0.049437914528992946,0.05080004288280797,0.049290405911224106,0.14668597116125057,0.7595875997219712,0.5569983972892152,0.03248626005184854,0.174851807546099
U_4391,0.27367198707406926,0.5717104965456723,0.2545524316896384,0.03709473603207996,0.22681882245818188,0.21121840465618183,0.261458576175286,0.3839968625453984,0.6255759390220648,0.0823963046891255,0.06933470616744708,0.06718167943841856,0.14486140878742043,0.15514068287243662,0.18055803373934443,0.013453278971567968,0.1316805240459379
U_4392,0.37692381779152423,0.35055689356704456,0.33602683586365045,0.047570296902169906,0.041641076509074476,0.17144221253980788,0.08051483109922489,0.10578740902185804,0.05727981337008911,0.06337844662927938,0.06629708668949619,0.07071438438910516,0.1703264231572813,0.20478388871489914,0.31361686734011085,0.6800143047667757,0.18310118101622935
U_4393,0.2789542069513477,0.6828419171072331,0.24055987167999382,0.03246644745023453,0.045145594753477285,0.15166077286080987,0.0704829411237691,0.3044186185630598,0.39363518964884137,0.06815291464562953,0.045732077908760764,0.08567612334573306,0.11047668490979136,0.16165041692904178,0.22722855132418474,0.3979952259607836,0.11263768176645747
U_4394,0.07082862109526801,0.09061511047833137,0.8243564554413723,0.12711529554622297,0.16801700272733083,0.10605327261823473,0.6916867471904546,0.1717338432886722,0.055297635838287,0.0885028095393971,0.08110827946846945,0.05476100521543444,0.12503050628584855,0.13481067329711988,0.10616111886635735,0.37724792316052747,0.21678358027774214
U_4395,0.2720721401265746,0.24469223476231178,0.2955371611963041,0.05047683624241676,0.0448036041783767,0.1978839450635778,0.11059248954564505,0.1292454658714111,0.06783016641655784,0.06852662816652405,0.058618978276303906,0.766904717890571,0.12104589638399593,0.15866549972522567,0.30470899943561086,0.3882295044931255,0.1759844563587927
U_4396,0.04337557871237944,0.06942182638792949,0.17826707937460687,0.10774747026067522,0.17263391018633842,0.1497745213704096,0.13086197959465823,0.14869425456387558,0.7860638160780542,0.11074929021240416,0.12067298996600477,0.2784816787666604,0.1440343063102946,0.15949490103764946,0.08370316774387082,0.37733721888070826,0.17596554294906533
U_4397,0.18567078282425736,0.16017197468454017,0.41768770681775624,0.13210390479399076,0.19215392894429478,0.46857431888803747,0.18661803192163456,0.21947418187897766,0.26491447360132087,0.12343676574346366,0.13446791772359476,0.1270555401893837,0.2454203351905384,0.2707526607934849,0.1896140070419207,0.07374977130556984,0.25091652143992244
U_4398,0.5555917063411688,0.4769288397061781,0.5619496143369658,0.03598022346685778,0.06250305587534512,0.26048735732577166,0.07737318193235343,0.1429180169792305,0.0598015612484577,0.09009771881298016,0.0714364956890282,0.07018737781926956,0.1981107378415655,0.2738560381388944,0.4860507261634056,0.06570193565300546,0.2188863751759265
U_4399,0.11408052769142031,0.29758083735725616,0.931095956649713,0.0871104644507003,0.11482344062736094,0.23751183119828817,0.1310733452947234,0.1205468789808725,0.1846985910885428,0.07711040363842914,0.08454153825006581,0.08504203030263031,0.19602100269341272,0.19918135102333884,0.11628198403472977,0.04778353421650544,0.17828764521146898
U_4400,0.21099101246000573,0.17954772682130737,0.5964634528888209,0.019872755099319114,0.28834046859926316,0.2932136847613462,0.17474160853630535,0.11170249772689429,0.038828390267618744,0.04455213781866552,0.046389997265285546,0.2562878115034119,0.1148564601287674,0.1503610322738775,0.2346678845344502,0.2794935573765767,0.5230665945123245
U_4401,0.3323700446307451,0.25328080700399064,0.2835247869003051,0.03423138546234735,0.03189196246697107,0.2432435357151133,0.07569015393352502,0.09937338967748442,0.7505507791828694,0.060065693794199425,0.054523122811809335,0.07176682380086544,0.1417391924051615,0.20224940540446046,0.2737586226404285,0.04874163969379974,0.6319951658447327
U_4402,0.1906277334521616,0.15965814332207767,0.2336898522015435,0.08265198676136017,0.08947879827770328,0.9220751692656282,0.14142692002824805,0.15933105363227495,0.1334080812435932,0.097976033762983,0.09083658149828959,0.0837264485407566,0.19218125971132038,0.17768368275477772,0.11174978792638962,0.05032226114983582,0.16065253922801415
U_4403,0.2575069250518515,0.5692213745185342,0.2765440150864541,0.043690259967697674,0.059192603305352684,0.7058318397627108,0.1045968700839379,0.411140874446687,0.5390375763808162,0.06582066149906259,0.05630075549879975,0.08537619632729343,0.15621533858655087,0.18057203087706736,0.22850778451137047,0.0195628101156828,0.13580444290507065
U_4404,0.05079528210565949,0.09077889693822364,0.17122913173594567,0.09148211814746796,0.11850874866955173,0.21797575749571996,0.6612790959140675,0.13575756356720892,0.1893914054687145,0.13410268315850823,0.1116716386530458,0.06447379410574905,0.16705011068094744,0.18089053722002227,0.059876024370503794,0.6257557794697519,0.1373107266399369
U_4405,0.3117809425596041,0.7187828154368203,0.27865787536516257,0.038783785708044013,0.355983823676662,0.14776569133389475,0.06911641930868466,0.104124565549933,0.6703352145528516,0.06508594022465777,0.0552835768543932,0.076058712821535,0.1486918440391438,0.17091785471536997,0.2498096578366285,0.035848017374066836,0.1224381350077745
U_4406,0.29668725885686775,0.40809864601644713,0.34167102299804913,0.042357840217053154,0.21716463933626662,0.265081741654285,0.16503793736525466,0.11871414483156506,0.6134142603128685,0.45776521208123,0.06091571054474394,0.11124941538083266,0.15917013976931016,0.18889520091733875,0.2942865836973994,0.03654206031205748,0.11011706681986941
U_4407,0.14643925287817125,0.19937870278954553,0.509943669287777,0.13632818012369421,0.2313309342056334,0.380545357769117,0.20200751205868206,0.21235312088371486,0.39342634472909116,0.10932770030539217,0.10218844962549965,0.12562948238821048,0.299417735908096,0.2960200119653306,0.15211063363911892,0.07940361820009482,0.22005237668634686
U_4408,0.2874968120484314,0.0466145578230787,0.30988499725616697,0.05460844873385335,0.13942909601118225,0.7525107925036423,0.09583993284881863,0.11573844019111341,0.1187221019097045,0.17381015343427747,0.16823903402105603,0.5145891535977114,0.09414044426257474,0.106240200895694,0.03219514019292701,0.26379998961381734,0.1480361953207072
U_4409,0.16924389441162715,0.11811273121040954,0.27072900628227586,0.09577378608400362,0.11375580452407838,0.2873074274459087,0.22739084461613213,0.149599881833751,0.06493592509649354,0.0775213833744816,0.06172524477098168,0.05142467869071551,0.1735450149493272,0.1738898554326717,0.1298288305862601,0.7663041792294611,0.1377428137756958
U_4410,0.466632426252641,0.3587306067501898,0.3733953665221253,0.07059576241981708,0.07999023312188457,0.40855829135659877,0.10199030381579201,0.11151478543499325,0.06749971242092359,0.08472722149481926,0.12076286621549244,0.08926449914562332,0.2940842632316277,0.22923207881884486,0.5670054781111054,0.04571636625940514,0.13878355751957452
U_4411,0.33882610186167955,0.2320071110960658,0.2875543064010906,0.049302959213058654,0.04706788460558997,0.3733354786906153,0.4521673048004732,0.11666567602074121,0.04654913939506433,0.07265867293919563,0.061434247013867835,0.046914738539952955,0.1165630458912067,0.5402656588087524,0.792902924200154,0.021952741399818773,0.10769566665302908
U_4412,0.21085286493947172,0.6763316003671043,0.7236782483421964,0.06313000976509128,0.363768991145357,0.23075033782454807,0.1302011131038603,0.12489783737472107,0.12416631304703868,0.05887370298749205,0.057629104640660844,0.06390111800973067,0.14282939782844667,0.16675305038472973,0.12415712858210548,0.03608997264512908,0.3574041760382141
U_4413,0.240701031621979,0.3789082530648811,0.5587045933656443,0.021006039994459415,0.19706412589844174,0.3727195453040997,0.05351149602833241,0.09566136636972532,0.5759277521533304,0.17474956489929613,0.07242013228011235,0.3137944320563069,0.11215615406905134,0.14676861804249297,0.24336829414270425,0.023107166760768027,0.12140076285709613
U_4414,0.14167216654406986,0.5483691837473397,0.5530525202250876,0.06760771662205435,0.34857509405059156,0.20203251463768546,0.12938993775355698,0.13335309291398037,0.18174655724584365,0.09155035763471214,0.10701444253222335,0.5897492076714574,0.1499013204479664,0.16308023643310582,0.07508319737446545,0.03065724780764966,0.15463365678413546
U_4415,0.15550776084324208,0.3354339239652533,0.25624283615226406,0.1338543679772024,0.1950202322301754,0.29757510873457715,0.19039670321741264,0.1937823393836867,0.48420710418233964,0.1238297556434256,0.09073394971329415,0.14133325065638686,0.29757315852381344,0.3122567093672344,0.12766373247274482,0.0890359599367688,0.22642695666672366
U_4416,0.12439400166829673,0.1021515128822746,0.6871181145363865,0.06994077087068969,0.39355359466261053,0.22063638628430918,0.18409308471241873,0.12121374585851798,0.337152114404849,0.4556616656499827,0.07530971954345492,0.6669584247400178,0.16077643345043016,0.16040986496385345,0.10138432140538178,0.03227139800202049,0.12198103913884484
U_4417,0.19934821260370797,0.28714881082804994,0.5453828892906816,0.03131145533741315,0.030407828293515432,0.4978209300921526,0.1877592499660099,0.10486531801013552,0.19867182209392711,0.2974473033400298,0.0414528834024602,0.4342317275205051,0.12555113009348756,0.13415758914488937,0.22724276267802462,0.012340279614393832,0.5249688330451932
U_4418,0.26766157586111977,0.7300867249501339,0.6453827955954987,0.03527183412388103,0.037239904230066824,0.5566197630012217,0.0666681485688018,0.08822054906866617,0.22517933496587908,0.05490575570702482,0.039478706133502184,0.048669206755268916,0.10796700911774791,0.14200039672160925,0.20613226959749378,0.04066452120769217,0.13613270747568115
U_4419,0.23059554884622593,0.21932365678957086,0.32279327428573457,0.026156191305216858,0.05238231464313637,0.31637294951384987,0.21007399246546976,0.06682863629522674,0.15692529525793777,0.09947707776974948,0.03957405775435218,0.02768496245236066,0.08989114765629068,0.3914835944580845,0.9524274348173103,0.06212145963145865,0.07818636200507285
U_4420,0.2738635878113687,0.5883533876932476,0.7756196618673614,0.049504620281188225,0.04944529977509481,0.24961099461528108,0.29368241985020244,0.09417208777423412,0.053407484768492275,0.06235313140355829,0.05870572623951306,0.5155686557496435,0.14059371745763063,0.15353233281242873,0.24304800454801104,0.019704013130738496,0.12115790371691215
U_4421,0.17599589038931693,0.1447893232903146,0.20057147962543853,0.10109747980279267,0.12861905448246483,0.17114794229701047,0.18341673093476116,0.16393943827388346,0.9146359871038026,0.07532920237794054,0.08470391875467803,0.5468210942023772,0.1922395020854202,0.20688587361093025,0.11485675562383658,0.03346323645492306,0.17806686362745755
U_4422,0.07570242796702693,0.285931773987033,0.20238970493905822,0.06046733137954963,0.09591455021421234,0.15883268714752014,0.14175821264054342,0.15452088855009413,0.2411484780826455,0.06381515044157034,0.05940962463370021,0.7602885656654716,0.17237967947137472,0.2292652380506372,0.08696491233865089,0.5302335186141083,0.1466431687088957
U_4423,0.37485463945188147,0.8560292920663013,0.27022053551052344,0.05262136808389537,0.05596804055383601,0.2559910552184232,0.10443300228404165,0.5237728907151746,0.04952458455144167,0.08553666905605836,0.06062843386363657,0.08240529294508792,0.13316108821367498,0.17424382549854023,0.2779893344432809,0.03509366260991519,0.17051971720597728
U_4424,0.3906830297528494,0.36553858975776005,0.3159990279685854,0.04285258180608817,0.052482301416841154,0.1792865680951871,0.0738927751992699,0.0961655445459124,0.7321787436414622,0.06052477734111735,0.062446202949796914,0.08658036677567744,0.16943130083538738,0.19613229599576582,0.3247477331409178,0.04928655087875264,0.15490382277942982
U_4425,0.11097443901929399,0.24783208044921895,0.16828900771861646,0.06860665362654589,0.08069849954337276,0.19170592807708997,0.12940304299407274,0.14382294842899512,0.6626420109534776,0.06445820130881558,0.06375254584327644,0.905691786578144,0.16796142424100016,0.17456332436127095,0.07844253185596868,0.042523372636141914,0.14695349037683747
U_4426,0.3420727044183095,0.2815374659421592,0.3610595826572223,0.04254022711617158,0.043515048156512796,0.17796816868495718,0.0763836958611963,0.14103174426194956,0.05246740042314943,0.6640489250315744,0.056077046291487194,0.06551201779900391,0.1395021907419647,0.18078245091416373,0.305255851878975,0.03906060686269114,0.16384425637353162
U_4427,0.16672312898484237,0.1920250874672165,0.18036377190666503,0.0638927561438574,0.07926237931554911,0.3377178662025273,0.14249582702951397,0.15039088409988866,0.7773907686243442,0.08848961540244987,0.07420611487824212,0.06053261407987862,0.17235368035780457,0.16102147021648414,0.06296664099593878,0.45843119660927306,0.14083249476739915
U_4428,0.16151293171005926,0.15371454993184724,0.2806399333243095,0.06655115916361268,0.07132763301246361,0.20079896153195423,0.7175407622500611,0.4490486443772861,0.37515714538279576,0.07983945345080656,0.058436018340454414,0.25163041179715806,0.14831155906153812,0.1716026506593953,0.13404911347172657,0.033941075912307085,0.13101747462177513
U_4429,0.29698007467524556,0.5845870569112701,0.2593330227204444,0.05910455955259779,0.06224650678729925,0.25135880068975486,0.09888351825686331,0.10572541206445263,0.7157020831443244,0.08063415329849219,0.06346439416344571,0.07006072189183755,0.16818041111178514,0.1600688797373347,0.2410147826320001,0.027402351331280227,0.13953060211645943
U_4430,0.02956519395274318,0.06003895973290577,0.10098588631113024,0.1100203514376165,0.15929066256716612,0.13665805587205856,0.12067742087246106,0.733247643884495,0.07625516231065761,0.1516159332300815,0.14679432257223482,0.1937919394383442,0.10847255112168441,0.14838722391612927,0.07210364318397583,0.9495667394796454,0.15476673442524816
U_4431,0.2695558510500284,0.18358766962407524,0.21253366480038252,0.029903724641648054,0.024866997687883113,0.08636544439279255,0.10111174707255256,0.0864619974996207,0.02472383048029746,0.05017217048765786,0.034655140411593746,0.02927566574772623,0.09783514471250795,0.7029495813659596,0.8529976928876797,0.17876071449264744,0.09557279419634626
U_4432,0.18021880606285096,0.25767993086765995,0.2506885555280807,0.044678926094508936,0.06451531084980391,0.22662590825314963,0.090692196104349,0.12248213238379735,0.9356090350235946,0.08295571058075357,0.08079513382930079,0.054236793068403226,0.14421789998016074,0.1418160500500454,0.08659874086749249,0.3579001462822793,0.13068158271752672
U_4433,0.3232461527753524,0.23769441548050052,0.8486073414466881,0.03714698690482464,0.03118299376752396,0.24858234255622152,0.06968934473600812,0.09206506685612378,0.10765649488209963,0.06520377214512608,0.04922825236621008,0.07797531600879122,0.10946932822303476,0.1479123985105369,0.22564691653420021,0.07994140992144154,0.14414975773587838
U_4434,0.4948032744415691,0.3581803270644306,0.386445508236482,0.03930758955802914,0.05824251298779729,0.3368082927852218,0.10061485668811686,0.12589171065232305,0.07259907159771843,0.07008321204459628,0.06671114078392075,0.08781755571561105,0.20557948113327018,0.23337240471194237,0.4926418711634225,0.044369205343072864,0.19751804246532187
U_4435,0.03536200946748336,0.841618680641957,0.06606314117145527,0.09809991008494452,0.14821184202764207,0.10504198842600176,0.13147549887400173,0.11690797367869686,0.0849455801422203,0.20902893735847147,0.20807750716643708,0.20392448806718924,0.11532895197587818,0.13235216291825466,0.0723126973206439,0.737256397692138,0.16124841040395543
U_4436,0.36507670708162526,0.2854354056493543,0.2895181840468566,0.03940737234870692,0.0392971311356625,0.1904963585495547,0.09300443960882822,0.3794700338840613,0.06967146689124194,0.4229773454701562,0.05238327961079491,0.08521671073037161,0.17043189973603937,0.16783451898492613,0.2885630991681174,0.5424781763970716,0.1304432233388305
U_4437,0.2601497974604669,0.030484976865177135,0.36128699567449435,0.07628444821595359,0.4057664465010817,0.05115157921456723,0.09580827109762018,0.10048051860526161,0.04550390623605632,0.4338101331795265,0.12268216457868905,0.9430088725836605,0.08425609339737511,0.0932549718020176,0.06062981037123149,0.266695207832387,0.10303037546097858
U_4438,0.037031731803767565,0.08069445594385022,0.08797731310908506,0.08595904216003018,0.19032529421349959,0.16874702667001074,0.1404519173392596,0.14810292812768827,0.12283337231110612,0.20229505500085465,0.17422107304070406,0.16569536085241873,0.11191371551343965,0.1565197339736687,0.07033809973158099,1.0,0.18392101744410927
U_4439,0.35614770016967795,0.3155627897748346,0.3253145563994375,0.04382988516777819,0.045460857361071486,0.2889798568105914,0.1055551048790371,0.1253919983258125,0.7485107886707658,0.05911639836345243,0.06054547337552663,0.08923895670110074,0.1679742761052623,0.20638021999152162,0.21283341481417686,0.05767208963991668,0.19297428713418058
U_4440,0.33518972264256813,0.3045371257323676,0.3304359204364632,0.041950092735812655,0.053054527352408794,0.2748714763283382,0.4549963694283907,0.11227727117572958,0.7089748454203075,0.0702110096510919,0.06068919106632187,0.08459977013287684,0.1746533528556121,0.1685625213829752,0.2983377825207398,0.037000720452222045,0.14101383930352349
U_4441,0.35603019101509,0.8813942099402425,0.2838824153647847,0.034711526528828314,0.04575236907275588,0.14201807276318135,0.07340596614482472,0.09881119941617111,0.07052200305574942,0.36953482501109197,0.05299634925538211,0.06927560306186635,0.12777847071346315,0.17239107346416396,0.2680387308266501,0.05120970587049636,0.13046288228034472
U_4442,0.04411680910571591,0.11084711307604346,0.14234168487272844,0.10944225569440193,0.15897037703800784,0.16007308855130856,0.1822619027457594,0.14379383592247016,0.10704898221614077,0.5079171081146046,0.16340244685796984,0.253782564309852,0.11495910288845869,0.14445183382686624,0.07530386132838623,0.42450929856773395,0.19978384033818353
U_4443,0.028431460326452548,0.018973303545449148,0.6080329198103933,0.06371289083557183,0.13354299473581502,0.13560253062126504,0.10867268519453736,0.11606500395666357,0.081757768098178,0.12374489910521388,0.14404552043824131,0.7103726339763858,0.08454545990798015,0.10923917573291898,0.03854493061271666,0.3547585676969393,0.12036080960152903
U_4444,0.407859215184401,0.34339214130053564,0.31109498106878575,0.043944031520862493,0.04574723412435675,0.16990575667196187,0.07263105729278263,0.09123185073890125,0.6992392291339289,0.058529896688497535,0.06402599248235945,0.09056284784388247,0.17042573812731018,0.19601045070604237,0.3178484945878237,0.053873986005861296,0.225202081885547
U_4445,0.20131836732112868,0.17464696357706858,0.4687681784727426,0.027221766259001016,0.21058474505328773,0.9056500083570633,0.06500979615269507,0.27510742338574157,0.22151820865807556,0.08267515185716083,0.06516692114386402,0.07289559691244153,0.1478754563643368,0.16239074984905985,0.1965826785482058,0.03560153999025247,0.7153628065618207
U_4446,0.5397326703453924,0.494639860076338,0.4678279473332308,0.04134005984752672,0.08556515891731986,0.22355421068191375,0.07247342138625554,0.12844532866348407,0.09291996131085038,0.09142895380116929,0.06684328878939393,0.06362474427696521,0.2042592471016969,0.2605116870376985,0.5463432266905082,0.06768085142417113,0.20999192537615746
U_4447,0.006457710397898338,0.031869945837689435,0.07866873759608586,0.08952869106888696,0.3838724591375293,0.11181112014593134,0.2898684307509206,0.07302765362581853,0.41119601766303815,0.18412990680667365,0.14862046926680111,0.8715579608480795,0.0906513269717583,0.09841315815435465,0.046243124906468154,0.3970484129359238,0.07915795283596684
U_4448,0.037209296470332894,0.07398790628656923,0.15950910720894962,0.09729612274155235,0.5448595397130587,0.1666550709266776,0.12035720648171278,0.14307428570951514,0.1038149148521871,0.5628370003483483,0.18446247604720595,0.1778661839429809,0.10090620260562934,0.1456124239131207,0.05500728010902446,0.8700381382029327,0.14779884447912953
U_4449,0.26111936788549034,0.4062822899234391,0.5436089643391451,0.043041112666144944,0.13960556033405294,0.4034236474899292,0.06957996602333177,0.11545571137146911,0.7485712242547236,0.08977048102411755,0.06686559741116893,0.4341178460868035,0.1496046288924235,0.16609795282315434,0.2488478836846431,0.021538601364068717,0.0895554390231435
U_4450,0.3632333637520684,0.2945502183285646,0.2853929851666129,0.045172655263563524,0.04123388825646255,0.2810039643334943,0.07970202960694596,0.0985524998638528,0.5473098560201897,0.06442170830342585,0.050968260994705944,0.09370115554610478,0.16461017765151986,0.1761609111771108,0.29754548830162375,0.05954074429477691,0.16645597344191373
U_4451,0.17295069008757977,0.3949980236571974,0.8742718546095096,0.025930861941950767,0.20182707425175528,0.21886445603525959,0.0896387729427958,0.08688470139134745,0.08881542756923454,0.04704574228060651,0.03970719013645684,0.5341888501388887,0.12275840231549201,0.15398532577129173,0.2726308572530994,0.20172693194327096,0.09576468317611049
U_4452,0.07036249426221576,0.18092627807492392,0.11858703997148913,0.10234412390204556,0.1191944811821966,0.14766679334882502,0.17386074095175186,0.14164731452108184,0.9155826136943201,0.07466737596150291,0.07661941441086727,0.4735254032613407,0.1705592291283569,0.17276273823968935,0.0660626157827256,0.029101585777319017,0.14701255728033494
U_4453,0.19734136922029738,0.1464741936040071,0.8004505601042486,0.05860846758411607,0.06610982538853812,0.22876719423780786,0.12200804959011677,0.11499243319594865,0.055914482262358185,0.28949101717252446,0.040966023220776436,0.04989267067291356,0.12737448585328054,0.14740429018241213,0.1106322970790108,0.04148331157867089,0.8555612624758844
U_4454,0.335396370751874,0.3544100210277035,0.3155835239008225,0.04583168747511885,0.05183398821609652,0.2114064303766675,0.07673171057453695,0.11562789991228617,0.06069271908178464,0.4599452961947473,0.06786339998979088,0.08853791029657285,0.18053987635543253,0.1764666527751651,0.3112393466542599,0.05626241528061643,0.11152180525608532
U_4455,0.23784811284153318,0.21540144898786381,0.8661341278498953,0.05252300032941358,0.02831119483164055,0.4143373705271831,0.054270442044534954,0.092635710401398,0.24544262598551453,0.06513521415125034,0.0531822792679878,0.05912095265089589,0.142332245747461,0.14454398986344133,0.23585621336107787,0.03091616276499215,0.3871279189357002
U_4456,0.30394238380148564,0.4097595305560446,0.21433483785157223,0.05523889307455924,0.06166630266479735,0.2961235499681604,0.08035797917529294,0.1528599856297943,0.08061911976791875,0.10295601517902588,0.07360499342100785,0.08498672730331863,0.18695016418627405,0.20912311760528543,0.21458401900479002,0.6731090967654947,0.2208079543834005
U_4457,0.03767062982154347,0.057946048256102556,0.9002019246581596,0.09269708297590604,0.16669220432289128,0.10852386691242329,0.14767495986059848,0.15433333114725273,0.1086870373284369,0.17640095919807158,0.18483482640870655,0.18755290343565764,0.12900947726650364,0.13050182191978776,0.061330069387375646,0.34326566470377595,0.18997817055821375
U_4458,0.06019284986237724,0.1867682399594783,0.22548254490214573,0.1098697993534616,0.12456591244370596,0.20761972812249854,0.15654387922168853,0.17937873963102954,0.18147267930058195,0.7119313540365899,0.1315066555940958,0.08527723734619178,0.17706756160466133,0.1917730849803034,0.07789982357897515,0.0337154257928364,0.7413082627435521
U_4459,0.030856020044942624,0.7385095797852266,0.06730365228630415,0.10336140439633498,0.16590988031195286,0.17906314160947873,0.14400776600406306,0.1544646477207495,0.1305670147661437,0.1887128604174453,0.18996615372492817,0.6542746307254907,0.13203805498865312,0.16194986182232174,0.05417202851632567,0.288027609227719,0.15915133967649062
U_4460,0.0630999754531212,0.10174599845483681,0.5693947181707777,0.07076666280867516,0.08301806966349548,0.2682377658739531,0.6766491491080306,0.13985980804340145,0.6674576972034338,0.07433774892282621,0.07919152024944782,0.4112937286983468,0.1622403283464622,0.1574331268526501,0.08099326720803558,0.036081846981475596,0.10944782758392264
U_4461,0.32653918786292346,0.32170429973898246,0.32445907639895954,0.05767728374504377,0.04079432278075673,0.2348808561470236,0.07182798916046734,0.11482566029719823,0.781657193357916,0.07584653524201812,0.07178845970941625,0.062121018875439346,0.1393397410329508,0.21791382163217476,0.28745520053756884,0.042223120645347806,0.1459955099721108
U_4462,0.5631059599566426,0.20839780788751563,0.5631426198446305,0.03699682987876149,0.04584648361151746,0.20329149774544897,0.08485035007407057,0.09096232613331157,0.05319239399385581,0.5188862913794428,0.05562741714349507,0.5338152292734049,0.14638092425052257,0.14701467188625097,0.22991898568307897,0.025929693952758265,0.13510103587204073
U_4463,0.2170542573199562,0.1469064300866933,0.21228042823206084,0.04240943604604769,0.056904144543101054,0.5820710789415409,0.1236142125704584,0.12841018698764312,0.09676141284591978,0.06220437425083973,0.05656108489455748,0.8047272131602454,0.14797428506095567,0.14379181122351142,0.09779815308657842,0.24296598370842637,0.15028793452916117
U_4464,0.2403609212806267,0.249555887986941,0.34540590740250743,0.05749220105380534,0.05519519499109517,0.2815763678525732,0.06258065195554183,0.12006654845664633,0.03811904133233106,0.048274886098184144,0.07533418449901952,0.6089040072828948,0.166235888099234,0.18060755181776728,0.18742812950012455,0.02713376471910977,0.6569922946127587
U_4465,0.36727215338339836,0.3202276410771928,0.26539555842740337,0.04982769177561591,0.04632613675100667,0.2809145880479925,0.08999836979711086,0.10950964273464127,0.04853897328553777,0.5977256069790735,0.0490925564873522,0.06171914058829883,0.13302437506196294,0.1705343240350759,0.28951724612015795,0.3742697808144251,0.16429368678076525
U_4466,0.035488950690344405,0.09278844011290695,0.12042424714017816,0.09989580521169768,0.15743754767459217,0.13609387584974375,0.12886893627449345,0.509124800118147,0.4150185817874727,0.17033882025017502,0.22329943320545043,0.2851958762055979,0.14158447175926925,0.15858349715246195,0.08384964823285013,0.2588220109595092,0.15971521647364323
U_4467,0.2643549737507581,0.23701759145291618,0.2531073571060169,0.05333070049068028,0.04184499089759365,0.1413201262944072,0.04509833060521101,0.10280078694943538,0.03692364558004077,0.046163968686089976,0.046366843612186424,0.5703920335755637,0.1466837560618453,0.770820644668879,0.5050764523850764,0.03345405805735629,0.15088782377560495
U_4468,0.5612537704688072,0.5927992221149665,0.42482094961581085,0.032506100685888974,0.05135898879908161,0.2508861246606607,0.0829234424399228,0.1371885532764273,0.0847925224634473,0.08334015972840252,0.07387150049945625,0.06273333961590571,0.19822615511190758,0.26500659613274474,0.4559602650434442,0.09888747120847845,0.21127758313584918
U_4469,0.22668317408193325,0.24026957103306743,0.2736106270902944,0.07660333487583768,0.07857045236518818,0.3149043928711257,0.15245043585947976,0.1520390164597747,0.09205791517252318,0.0686656053386038,0.07867032890197985,0.08227102034710833,0.17040154564403867,0.16417778485099938,0.11873342598892626,0.030017997180926723,0.6007743504082734
U_4470,0.03410105314312201,0.08048134084993842,0.07532543648801085,0.09810447585608985,0.13899409576123686,0.6603996277304442,0.12883601498580036,0.11917809496943332,0.5003140715639836,0.1536321737441089,0.1404010336157767,0.22160693791342148,0.12252287025088195,0.1346188018516671,0.07609857471569106,0.6108722129970252,0.13076050676592063
U_4471,0.05891271488318909,0.137663309360547,0.19130608800991555,0.12593752041034448,0.3682272904318306,0.3041023717031919,0.1578438072238248,0.19083028458365295,0.24266583706924802,0.2851706947993093,0.28767525510938113,0.2231836465992199,0.16533609646090996,0.23106444765387923,0.10588557597769202,0.4222004767938335,0.2550458645620295
U_4472,0.10304130315674562,0.2138452820006422,0.2713374185947815,0.10878596695622143,0.15387329423226598,0.2207778525361849,0.16495172850793605,0.17364563911729833,0.2226483474001842,0.08213306249382396,0.0971709774372583,0.7857363680449914,0.20438817240525278,0.21849679013022646,0.10874141732167338,0.05005100777933985,0.18360434629816963
U_4473,0.04462431851859137,0.049998206976188224,0.17248765331841986,0.09514875158125653,0.20077314938747626,0.19641565592220223,0.16793103498711237,0.8325026481389199,0.1100298449548593,0.22659683188208488,0.22459371019914084,0.2091565424378902,0.12835862211348467,0.1715290613229222,0.056642257867848565,0.28410155400513765,0.2191910345171842
U_4474,0.03143667894275141,0.260383942740453,0.06231230201723814,0.07762597903586019,0.2443510770846963,0.874328894540092,0.09681436127770118,0.10622984552811351,0.047272669380565124,0.11701988412829897,0.14074380456213245,0.41614751568968533,0.08108091860764564,0.094724457072129,0.035253837693504556,0.2272254521412,0.12084568650805459
U_4475,0.1950773845425503,0.14895056195906656,0.5313025266345057,0.07259763790686591,0.06305415458799346,0.7301311643313806,0.18419504427326627,0.127121153238653,0.13301829314063315,0.4771769708980482,0.05921597861922745,0.2935181470239065,0.15504781725678618,0.15848134425881505,0.10349384727884353,0.0429163595475565,0.13328735623014504
U_4476,0.277466220691646,0.2746177789717408,0.26877032887963276,0.04296933009689145,0.04004533812557093,0.16693997866263435,0.05702288796644614,0.0987769505149362,0.043781651656243904,0.07209845317063812,0.05312586914070164,0.8358825870993893,0.13662637153895293,0.1840284940383566,0.253102872554725,0.4044723100541772,0.11932969942460767
U_4477,0.3496141084404725,0.9433077076412615,0.26332346104408794,0.0513819267658206,0.041029695197381394,0.19467260406973888,0.07632263047489639,0.09761064694188153,0.04933203652524187,0.06950824513055638,0.06315317863565001,0.06773118966121096,0.1489707581755321,0.18245189385121502,0.28084277400921576,0.06004880194332104,0.1781784382795239
U_4478,0.2944441741740177,0.24071113809386688,0.7562723621838192,0.051008538510119834,0.052296209514328666,0.15983658491787348,0.3266193741449066,0.11146664559380796,0.051523486405168635,0.07323856585044358,0.060815273032986714,0.05527132685072867,0.12338986174880495,0.17195806140383693,0.6479949646891188,0.03336936322955355,0.12444230573031875
U_4479,0.2889978470515301,0.18598416568996343,0.25806408069515524,0.07578420200156875,0.0724398377682383,0.25831211793394154,0.16653485779530022,0.1320926347526256,0.06441259028628572,0.0656713328443628,0.05735238271462326,0.073235325050894,0.15133856741799337,0.2550255236879441,0.15878459856414218,0.04249885301296415,0.7778117567473448
U_4480,0.04876120025970579,0.10492318758278855,0.11095071637510559,0.11059110040427748,0.1793174638967655,0.16202987923021578,0.15980338075969494,0.14140902115108514,0.8431614886150189,0.1950586975436967,0.2025226643089249,0.16472953988979652,0.11557910922683229,0.18226305853532465,0.0413997268854088,0.2649457966306898,0.1884251929011632
U_4481,0.23373038719170422,0.1621730832349811,0.24890509660935928,0.07385047400844995,0.40879427694345744,0.6975140595422193,0.15240878807512237,0.13741175086127608,0.06993431790553709,0.06265825095682881,0.05424788874279113,0.5730127199428761,0.1459872432497412,0.15810776938083523,0.12850273380140423,0.023322999138734958,0.5996718320138836
U_4482,0.08610767962088328,0.2356302957613321,0.7741690055951114,0.1017475845285888,0.13291272644968874,0.13170154216033925,0.1501467331424305,0.173456658948618,0.20802441439007466,0.08046621581134203,0.07709687004757586,0.6498440507941208,0.20001471025073034,0.22617642130756363,0.09603690342801412,0.04064007209434105,0.15418990261562376
U_4483,0.21062003973214224,0.2092184237312278,0.19844619532113508,0.0908852076833668,0.11470059528515851,0.2587696920447818,0.18380074447836034,0.17421646283730602,0.1782590840251015,0.7173907366567276,0.06670589535005436,0.6184617442404803,0.19370134740059106,0.21316650879404173,0.12311031364973113,0.03538165865910133,0.16465876301316498
U_4484,0.30941704778762,0.7044571949817577,0.6269214447380691,0.05098449387544599,0.05008363752009177,0.1613460659747549,0.08124424916168209,0.11512535305898547,0.5781646917937155,0.09589426345616003,0.06028185652264583,0.06599240881039119,0.15601715986003528,0.16920009363170324,0.263776987243976,0.0389454094370429,0.10014666148715476
U_4485,0.010740274233611883,0.031810988522013535,0.11591046257095902,0.06517488556289815,0.13258388956284148,0.9345784322314483,0.09725987416741258,0.26231881099737175,0.30234211138764494,0.12075969811760989,0.13075468770717258,0.1472499436033226,0.08987523111042309,0.11038766125620833,0.032518842652200515,0.5222369121097814,0.10962757733692394
U_4486,0.2731154158571916,0.2835779327639569,0.2890115294995613,0.03828951940008397,0.05807167227594882,0.2589953094863052,0.10356163434222425,0.1107245895631275,0.049806149709342204,0.05901019257955316,0.05436208950160038,0.1224840621200175,0.12397408472569918,0.21041819710031426,0.1518490322835205,0.5237507299883442,0.715578992643044
U_4487,0.2557117637646095,0.6057235768085487,0.2982860907079498,0.03618325486035773,0.03840398707174709,0.15394367462435626,0.07078756792953567,0.11154346481050917,0.08411606271637355,0.06607391476512053,0.05560664359799295,0.7533890253796358,0.1528218229902924,0.16940918280662656,0.24620811501714462,0.03319972764190088,0.11576033349778687
U_4488,0.03207153707618696,0.06657030785932014,0.1016314394857752,0.09820502332850682,0.1188740999050449,0.9437410420760528,0.11277043307556724,0.13298767516773058,0.4300618846349517,0.12629929706656143,0.12863036688419546,0.08260747101800965,0.07289453849108442,0.12640070979612755,0.04274392205240164,0.6870818518494715,0.18061730489362393
U_4489,0.2243284819205577,0.174534774233429,0.1997633094743621,0.023220528453652994,0.03732191314470725,0.38335339323354944,0.16621882605651467,0.09047143110392063,0.04105022121645154,0.04563862813178327,0.039501879865264156,0.06172366478476077,0.10119453864757791,0.38784142297110047,0.9372598291358956,0.026724970834039692,0.11178882949765538
U_4490,0.14626209138033297,0.42050140107497846,0.462293293838131,0.013807268245567036,0.11856369130480168,0.5880285040346955,0.3016291125352658,0.09932628067040034,0.5049512666255573,0.03450048956152077,0.032849021042155,0.4684062659236175,0.13051174409772626,0.13906586074821575,0.05724706570809623,0.09376447695434828,0.09216415787860822
U_4491,0.36999971849737207,0.3440105980918195,0.32464596315274247,0.05400329785856667,0.05374271839885143,0.15992685755705893,0.6902241438650842,0.12719038654602366,0.0648715839698522,0.06572261062667031,0.07776648336096237,0.06930177150408928,0.15008633539374097,0.2066745070583434,0.33185146147329186,0.052184619220565324,0.12786240059338908
U_4492,0.3496566671513261,0.2881299549375853,0.28232997126074394,0.05762441541774234,0.05535019610719635,0.16255501675459708,0.0803615090852534,0.714561918091188,0.6145689837212838,0.0835664549400647,0.056594368502360194,0.061777291567281276,0.15972649986921184,0.17256061125383007,0.28954587268755205,0.035100279999283494,0.13828747717472367
U_4493,0.06442023561732935,0.7426913230477634,0.11560732929199709,0.08358987441401394,0.11023716235641705,0.19256428255597907,0.18170769085643304,0.1403943404461433,0.6425582385038089,0.13096939914125577,0.12520305067705223,0.6733316996524692,0.17218436286354238,0.1674499213601193,0.06967147403287985,0.05405437107053272,0.149856681123477
U_4494,0.3144765812238723,0.29275922774148483,0.27084542156818964,0.05742541435916127,0.05406600081510379,0.22961621327267603,0.0943832088817414,0.49814964075037976,0.05233381062453533,0.08050836109986895,0.06101982859083388,0.6093466160254823,0.12788299425410848,0.19763665809672085,0.612264869177757,0.025718990932232795,0.14111072139881287
U_4495,0.27658794135207965,0.7446498387427314,0.2748458313452459,0.04096740774956866,0.22584856185971483,0.14133577647300677,0.2293496806263733,0.08707113304140156,0.3734577013104992,0.1938160166678087,0.04950394555855354,0.0688674152680125,0.1314865287033384,0.15048982605749275,0.21931124497208823,0.03241507242083534,0.12090494303862978
U_4496,0.33413814168761136,0.2917442986831842,0.30731284642666856,0.0544098143760159,0.06187023876401054,0.8537023011249736,0.0696316043863068,0.11623222342552358,0.05226918955385927,0.07064300941070542,0.08355755988973752,0.07904528790629835,0.21537900398355206,0.21155463905941613,0.3262075982294061,0.05853677435108273,0.14449182969604066
U_4497,0.10182314723303505,0.1197060737110818,0.09452075658140713,0.12414902037425757,0.17616518313290383,0.14921938878033283,0.918372451804935,0.19094848595403924,0.07356061846770796,0.09397329117996514,0.09363862314539653,0.07616025466568936,0.13343264548905664,0.1585352492906424,0.08258274199012372,0.34934285991303915,0.20322184377837266
U_4498,0.19099675073027667,0.16704456065544232,0.9384021484083291,0.027714887449948752,0.034553198922721726,0.34176605886915606,0.06526273831739145,0.08621292949582125,0.37935357358233907,0.05510159724816059,0.04188885474980121,0.05276520648605368,0.12182238346912155,0.1314837780655283,0.21908255098406565,0.03758835318827129,0.6150789738932563
U_4499,0.4308665855439285,0.40598309159572293,0.2981110989984066,0.0662815983845939,0.0908729966830315,0.5074866839074874,0.09505435661832194,0.18946042585692655,0.11590693261627107,0.10945701448996907,0.09709684281731183,0.09461669254058046,0.3543925803261477,0.26683913425486333,0.17251623399164637,0.04705893006047847,0.28055831024089056
U_4500,0.3022656158939107,0.24234420847162333,0.7963174081056832,0.039588289046305264,0.0370397115964951,0.10428025681687729,0.04397967795449601,0.0849366715174756,0.034359611117095124,0.046501156358931525,0.05371977036468298,0.036364209596831495,0.1269464044954663,0.6548205979146076,0.5498756101606816,0.03334581458738231,0.14100768956325124
U_4501,0.10512136364567234,0.24197813284328815,0.6293359480996115,0.05655557707180236,0.07873016645597429,0.23335202574361455,0.09958151464628172,0.11769093349277537,0.08805755777812016,0.0943175645261096,0.1109500246108979,0.8009588006748967,0.14688449616993976,0.15304284326245116,0.058221536964440816,0.0232900279570762,0.1373674825443415
U_4502,0.07022712931486183,0.18966779817066035,0.8858322339341931,0.10565659365629634,0.12141174617963024,0.1709033294380014,0.2354140601029951,0.5468236428313784,0.18828068894258054,0.06926986934500505,0.07534996449126238,0.4474516395673149,0.16835582792145093,0.16883545108384573,0.07593850108420558,0.03542224071072069,0.14947903810185564
U_4503,0.23744531758444534,0.2451427390170413,0.25999859680593035,0.04460132907198446,0.056001863629276186,0.2938531284564678,0.5650775315532008,0.12391231242451406,0.08983686403504956,0.3658966093949752,0.07147724686105981,0.0726329130285348,0.15816806100418035,0.16506538318305175,0.14510716087822692,0.029723891631001087,0.5135565919736065
U_4504,0.39721745552337795,0.1749346251350657,0.8158846883252933,0.03576060336512738,0.025579588129220798,0.20789016162718751,0.04253471212098321,0.07897484998905015,0.04301497882817292,0.2089902524379789,0.052910181354652676,0.5546853147876682,0.13140567564412736,0.6183528168862598,0.30348953851947574,0.0203283886207385,0.1022558426722342
U_4505,0.18586530193390446,0.18140827317402938,0.263468393953144,0.06593982670115704,0.06591936243561543,0.2487253510944627,0.12986763643289598,0.13570818460711997,0.8063169032092135,0.051316747244351826,0.06401477821948642,0.06866976655346761,0.13229272693928107,0.14150066527274616,0.0867212746803554,0.035972951697291214,0.5238971192205619
U_4506,0.2126959657552923,0.5975206179706642,0.18299264174893246,0.05757092067700037,0.05868481515414871,0.2647000468692915,0.11532492489285098,0.12948383672156263,0.05208854371491733,0.0645807730984232,0.05215947472767411,0.05699238848023796,0.13912631343289733,0.15303800056775863,0.11196926686008683,0.46032175602932074,0.7906604976017895
U_4507,0.2652229162745322,0.2812941213488486,0.8465731473111986,0.0463863168837048,0.2646225500410709,0.21984598065120753,0.0629872736215779,0.19151086623824967,0.262256600037372,0.12340657533119456,0.08568634383073238,0.28757500211394454,0.14337195949138257,0.13880493162199603,0.16671162029262332,0.01624656056754069,0.1294277790615382
U_4508,0.24190673534196308,0.22948284348390346,0.21989726507912677,0.050982370380513994,0.05374792438291785,0.2717418132904936,0.0836308141897859,0.13355497338367997,0.08117085441296144,0.3751433448602605,0.05941267230098897,0.6684577415522188,0.16105984577451163,0.1742023592271568,0.14157803044141679,0.03648252018715122,0.6018858134026519
U_4509,0.08267095268461286,0.17000172306439587,0.24566936261854383,0.08521053958075307,0.11669067777691831,0.1952216750320535,0.1416121051359071,0.7699447792400611,0.2001101729324573,0.4811712670021678,0.0807392967859886,0.08991010488444658,0.17127129068937133,0.17059023419247554,0.06243632048743124,0.04465821646832695,0.17286641758809287
U_4510,0.2490500628116153,0.18062522806275128,0.227124671085202,0.031355444752670075,0.03827097174706056,0.7151471861126644,0.09171758728784453,0.09828606451248949,0.04182329296039259,0.055590590782961066,0.051091923088129945,0.6210816742122054,0.11502573433702938,0.1403143004195116,0.2302381883585638,0.14166147103421767,0.5821197597354679
U_4511,0.0461593864601178,0.05377522498921712,0.10946959650631531,0.11333888818578641,0.1798470051104659,0.7032548249041983,0.17400667430486985,0.16466412626586327,0.10490005985735351,0.17304736315502087,0.17911088079311463,0.198718033549926,0.12935955828504492,0.16313271895395343,0.08426244817061082,0.3782512366429403,0.19754518696572415
U_4512,0.03910132023265913,0.05745374889344217,0.17199721239535,0.09295917685773061,0.14119589601646237,0.19182111641326727,0.11728675712734428,0.1598335272995149,0.10911550373411869,0.631038293175753,0.20728330526722114,0.14525702364313048,0.0926108056830417,0.1499362912463851,0.03350462377343996,0.6496695144258682,0.1558554727820399
U_4513,0.2738117028007144,0.27864781975370034,0.2884406391017652,0.03376536587506016,0.04514474646674567,0.2845348204284863,0.08820459803724043,0.11239159185521695,0.3881673101281971,0.560015151689232,0.05032322788936768,0.077554331249738,0.15260004650266645,0.17021006071073883,0.27059020915539633,0.04569864036418054,0.14150255920785526
U_4514,0.5646188334909006,0.23673797942772554,0.517655022077085,0.03308315321453884,0.040234196406224845,0.7534105658918571,0.0847289372366898,0.08466295590163352,0.046302351163773195,0.0520156680448738,0.03812106406142096,0.40383647086601154,0.11077826697659436,0.13364726301477478,0.236257439813537,0.0411729888292914,0.13665990330103736
U_4515,0.28981946115240853,0.2627797443309449,0.9926903134186509,0.052974859890797935,0.03421711574619908,0.2402640599926614,0.05528984758699176,0.11542537213379069,0.04635975982552188,0.05861991851599102,0.06194428977308461,0.07945958073445969,0.11793086444813776,0.19346776961945242,0.2944050112771923,0.045490484837953024,0.14299421633273568
U_4516,0.04057825541288261,0.10045133074261733,0.12113068712251528,0.11106728018010335,0.16081951128152824,0.12488049984699245,0.1125571018930242,0.7136157448154643,0.0693435421343588,0.13179400074388875,0.11920897116332352,0.11492483190815979,0.08079510179986417,0.1331277424561409,0.07867578504960211,0.9297226521674495,0.1617212385768985
U_4517,0.1448934118651488,0.4674017009974727,0.28653905450144906,0.06837299597029742,0.11382250725008393,0.42759107278770975,0.14338192910590655,0.1608243532585644,0.238749667029629,0.20523628911178432,0.20028633289146952,0.29929950281705553,0.19473087204404196,0.27183971424179654,0.14055953927277465,0.17435054457088844,0.20227852310755962
U_4518,0.34730651268589563,0.32515160322450903,0.31822022998402993,0.04769659367308688,0.04623886279246824,0.1722588949393109,0.0691686647911241,0.12096801360286583,0.7564037499353082,0.057579621804511025,0.06522517010037926,0.06949263013852655,0.14890777529586752,0.21129928811725787,0.35498175418127165,0.039157290702056084,0.14734008753296265
U_4519,0.2782949969262473,0.23542558196678492,1.0,0.0433322553996321,0.040141869439127925,0.2529782392912305,0.06669148711668714,0.11761947323355396,0.05264411287325929,0.07440173993253449,0.06241059068354832,0.07320290843844666,0.15665440527799548,0.17088462525258388,0.2585193765829359,0.04559064884525949,0.15381346261570714
U_4520,0.2854482499080216,0.21819841171455745,0.968821671929105,0.03685674287668958,0.029246139445149248,0.15328594397305895,0.06477635332922833,0.09429641897027112,0.051763142374157814,0.231062001603067,0.05665349143837174,0.08399902488852011,0.13242714930694424,0.15049416858944992,0.22703568890680534,0.03404298284448681,0.10034905453254404
U_4521,0.3388589938289072,0.2678548779022209,0.2934567574153538,0.03866641255004285,0.07103369096750645,0.24647028999930162,0.7442718022259429,0.5929380836736844,0.07216252469456405,0.09021635471436076,0.06984152279385772,0.08435791646147028,0.16422312906930842,0.17920203046585173,0.2753661018361233,0.03511399691540514,0.1341000187580562
U_4522,0.07732051033770125,0.10005314287552754,0.193944791723295,0.06504526695293586,0.09124167374051398,0.10636335474506411,0.16381401324005213,0.632746259849789,0.4948880555038298,0.09243337454156905,0.10064682489757862,0.672239942011966,0.16631180448924163,0.15048622193504077,0.0865187991660164,0.0361741210850064,0.15639688471938223
U_4523,0.30704093485198586,0.29033003421825,0.8755585822472975,0.04263773827983054,0.04122328589971907,0.13542962831544547,0.07250224485658213,0.09166284817417526,0.06239642402678791,0.06401109883050371,0.05402127807728732,0.055881667972171915,0.12897458785090915,0.1569696309960071,0.2498015361182338,0.38787449882067737,0.11000640468300303
U_4524,0.5108264657344463,0.5099742745937499,0.48111593608858666,0.042236161124738714,0.07204239847814536,0.322761201242834,0.09631658123463926,0.1434686084091678,0.19194393559354606,0.09316187446838751,0.08565260899521439,0.0813159363629911,0.27242006757521364,0.27861544235397767,0.3207353698449618,0.04848039735643819,0.2093818070522937
U_4525,0.04966923264811878,0.07347460883446663,0.12751615515720993,0.08246681194972111,0.20329451651193883,0.18123781123836313,0.13242273458345077,0.8417237060093004,0.08804398115389026,0.15480571251025538,0.14424618912409157,0.3425217840532158,0.20330919353345875,0.17532666785403017,0.07721678249626489,0.34694378809014154,0.1874363932770863
U_4526,0.35608608686181137,0.3261735920056575,0.31583769350378793,0.05230167753591712,0.048446825846716925,0.22008374551105067,0.7002890341802266,0.12656111486854718,0.06240260449083332,0.06499236390486628,0.07385409230953412,0.06850346589710002,0.14803091790222514,0.20521926689433795,0.334692600235197,0.04990760317273833,0.143079061493655
U_4527,0.25262155523454943,0.21936280438242278,0.3190234769314633,0.0764938648387301,0.09179446706067429,0.2592590345453838,0.1810790360102089,0.4520558656749535,0.04895369724506607,0.47363578652076516,0.06235254435468085,0.060731127139840295,0.15094970661026985,0.19052511217456108,0.2621469054618994,0.03220258064621222,0.5952844856831911
U_4528,0.20062436219654878,0.5392697341854393,0.27324890901941407,0.02624537911579948,0.023067555433682992,0.7262958702813958,0.2685632902636982,0.06780637192980259,0.08458202158554817,0.14767422929633528,0.027853243269895783,0.05702580316930741,0.09962096485665471,0.12328817205170105,0.1071528177881629,0.14205381280355533,0.625811037224963
U_4529,0.08142516498914723,0.1342991429933051,0.913600867631905,0.07948001423631171,0.5167994806238749,0.17376451507997948,0.14484630050858363,0.11391530884153749,0.1689929106007225,0.0700561579285441,0.06593804844432435,0.06493980791365897,0.14710505875339175,0.15216305237063388,0.06376827841170775,0.04163289068134991,0.13335531990402444
U_4530,0.23308300955928368,0.6963765336430003,0.3799028921970897,0.03259498333040081,0.3023243428301255,0.1228366091801396,0.04257876166135679,0.07531656147853166,0.026752728352233975,0.06192166290497862,0.0420987189561875,0.18027394962299972,0.12404745344275159,0.8105900765910006,0.3265267794628513,0.2091275668435862,0.08670748915003294
U_4531,0.42383741184222257,0.2768757066196771,0.4236519290615509,0.09953205081268156,0.09919104121488667,0.3872897112711024,0.17780608122568595,0.18950433035322478,0.05958473783116196,0.09254210523659304,0.09467203445755323,0.08558706493120051,0.22641829796106086,0.22890207172811886,0.4406877417272779,0.0452221533764552,0.2679789636235847
U_4532,0.3173946112978948,0.24155525058648628,0.2525834632330287,0.0332019533017053,0.032900652702876884,0.1499520111596418,0.26883440203137066,0.08968843060933569,0.046381747069594505,0.06348953216524951,0.055343792610818704,0.7552568382076235,0.13524290402008804,0.14099113961354276,0.2727682030437961,0.28226420761123966,0.11354431773495034
U_4533,0.040327105376791364,0.06016623917236435,0.16122959517597013,0.09925498073119214,0.17221213146603465,0.10706756107439801,0.11919668947557296,0.1382607493405511,0.6951226798589769,0.15204848746425748,0.17166672865928445,0.1443083355772844,0.10048010590678369,0.15769018054459905,0.0620534381729463,0.8684639453737071,0.180262060741501
U_4534,0.18885761135638282,0.6340427677673519,0.2673881633366896,0.03870727126590431,0.39922170791259376,0.42565298147180175,0.21362801809012588,0.1351603447290783,0.24433944658940368,0.05386039954921279,0.0569357146870003,0.6209683741029279,0.13966250226159568,0.14841365512604895,0.19043421838308952,0.00022268617806662735,0.09219277388738496
U_4535,0.03478557904743463,0.15909300729035564,0.10114208038249774,0.11435598308922548,0.1929670935348079,0.29062531980040107,0.15442299296993486,0.12086820244359588,0.7527125500445082,0.17116531264081952,0.18718079083591213,0.28401544116715616,0.15698823592969688,0.17601958080271843,0.07902150259532341,0.40053468270283127,0.17083263558384068
U_4536,0.008367740368710942,0.8928550750016968,0.2870143863127165,0.06659711250660572,0.1889195491637919,0.11197978494918014,0.44437102053384336,0.16850927832891455,0.10125870542528569,0.14855345233930647,0.14442870643382286,0.2145349855080656,0.09263227975062835,0.08859524912454204,0.03622248844242374,0.27307086856873464,0.06567017181931732
U_4537,0.24366586593449005,0.2633036889731428,0.27160456386999904,0.052515671086954645,0.049521012480281054,0.24283958561543834,0.07380085139269033,0.1386772746704953,0.05484980621831063,0.04999117773565108,0.06403604429102107,0.589378351553457,0.15863780956915582,0.18572853141774706,0.2095396135540594,0.027283629443600355,0.7941645036936793
U_4538,0.037742616664397946,0.05681003584860676,0.6333241315992395,0.06637884112191168,0.12453969927721445,0.1448828386495701,0.3570849987690369,0.1293883938135484,0.6121020640836983,0.151416316834869,0.13261165769352062,0.15093628682677357,0.10896702236630515,0.13276268945680522,0.05685541205111745,0.1738897308852521,0.1321396819245533
U_4539,0.03164447279774877,0.15680333540257452,0.11848002412773312,0.10234780352528844,0.16921623830767,0.14287673437621548,0.13390464549448497,0.12757363208627504,0.10134655267904695,0.16231934488298044,0.19117620163665575,0.9709262476317015,0.14293129602223553,0.16201547456194249,0.05858749606605987,0.2698857232554763,0.18951682994428948
U_4540,0.03180627686103299,0.07752530238871565,0.09588918461226806,0.0963308534588512,0.16336086562903987,0.14457434035611139,0.10825434192781758,0.12605764091902813,0.08309994996361939,0.13150119396695234,0.14854391141880632,0.7542869283505793,0.1348752934501083,0.15499434243772034,0.09030024167734749,0.9487272070990171,0.16540464695718718
U_4541,0.022742506223426082,0.24958738626857985,0.12027200918938669,0.067057945273383,0.10928391870333909,0.467729229028302,0.09090176999227212,0.11747338669046345,0.7658827688816512,0.08965979711306424,0.09549713530270325,0.20924921047028086,0.09707548104593552,0.08291329248170219,0.051258319263496686,0.405330028178156,0.09055589030243799
U_4542,0.04832750372646078,0.5079904172102057,0.16255980154497585,0.10565706708163655,0.14370010685669213,0.08433688294719954,0.7715157466703866,0.16676997031442997,0.08252966383394059,0.16038527479256956,0.16027309453229344,0.13525012863696684,0.09709399450151524,0.14400676114719146,0.05980779783774069,0.5898873627217496,0.16170199086712217
U_4543,0.2914668969369486,0.30780264585711137,0.9411226966687349,0.055721426278781336,0.04953261334692421,0.22713837973592949,0.07050049535419607,0.11410696994817102,0.047968125230879816,0.06065909690890757,0.07265304700832817,0.06418139331001006,0.13878869577011135,0.18615045556402657,0.31941051422229194,0.03854681904492078,0.14397735872588097
U_4544,0.3395230791145858,0.9144130398295982,0.2512321167793729,0.040760233397107354,0.04213883848021996,0.15637336794318074,0.07023013456946575,0.0948939577474594,0.5744194557650326,0.05555979380446666,0.04964869497803165,0.07848347299270873,0.14514076497045472,0.14655676669233633,0.23859136482464072,0.03290172467647774,0.11063293848730833
U_4545,0.13719801540785806,0.12963174055162965,0.2324579842930084,0.09549602334432229,0.10115380004448393,0.21435511989084433,0.6443259213600374,0.1588840222677471,0.22314865034816583,0.09276702668193722,0.07964140801238787,0.4527153835245648,0.17949995228744028,0.17716750855243307,0.0963490141056332,0.05852340974499383,0.15613534111820063
U_4546,0.23574792436123432,0.25661425290214906,0.2483920728988247,0.036995970972639736,0.04615896660712713,0.292970457148585,0.07389319045519718,0.11162519189089475,0.062187349876528186,0.6621297860680861,0.04268323537576909,0.047743971477549135,0.12147166413599773,0.16476865483697337,0.14569054395128367,0.2974989295740471,0.5670876596405678
U_4547,0.28878295704060997,0.3017716734804199,0.7762529248459697,0.04331841028598551,0.053241212121924356,0.2066303068994173,0.06727471856476813,0.10368342738611735,0.044132312053082476,0.5724147208320556,0.05665158439076598,0.07925037854032767,0.1505219231985687,0.1684773220155763,0.2930191649667653,0.03962589398431661,0.13855993736950162
U_4548,0.05612955207803851,0.07428699209772995,0.09400768949369263,0.08166187035741651,0.15536020692564434,0.20499150148272555,0.8702539942672263,0.15533759602183655,0.12585900760557056,0.23782770240804277,0.22731178878033037,0.1413741276880756,0.1123757517948178,0.1713697103993841,0.0696819662036113,0.3544872604881443,0.1915141058396504
U_4549,0.2285672898838769,0.12906345757714371,0.5473103625097695,0.0503994697483037,0.45537741901882833,0.4436897656116538,0.11478214600021693,0.06459675259701679,0.09359365319765492,0.13165070203344192,0.12576574502930435,0.6625881998423002,0.11976674464293117,0.11371277706377476,0.040484769028707596,0.42402189348558694,0.1176602771148327
U_4550,0.022205042163834236,0.3435346285725626,0.296907832257347,0.05144664076561797,0.11792343046047511,0.3019266157123421,0.30460478117458784,0.10976922382695153,0.08255582936088426,0.09606618619395405,0.1461912389597661,0.901871778154471,0.07693976806187938,0.09981964975133972,0.03046012417592213,0.19700678732505997,0.10703607745914531
U_4551,0.2297270449676787,0.173752896875488,0.18203574965819325,0.03245965533801686,0.1464340976615231,0.2595583925156438,0.18705656853650923,0.0727234129604973,0.22934858802307784,0.04207697880375675,0.03371169598650163,0.46776145352975435,0.1127576336592441,0.7741619549746488,0.7736290232180314,0.02052422926168554,0.1018506984767236
U_4552,0.1681071772991679,0.2241120565706772,0.2099786880041756,0.10196582344032541,0.10974803648616566,0.2791894490719548,0.20880806889511153,0.15751568690737647,0.19228906325658268,0.07995872141241431,0.09248811568358876,0.7638456465395984,0.20172187917014767,0.19892815094552313,0.11779443298849321,0.041193818828529634,0.19176017455970898
U_4553,0.25578968849749456,0.22206104854910888,0.25342610327192855,0.041365782143344104,0.037326752635493045,0.15711998180994707,0.24472061140049642,0.1047870295774227,0.2887213327846423,0.05361730733608695,0.048656272386124085,0.07612251486159395,0.11657070665504327,0.7483127807704817,0.3845698391636964,0.04670233240748671,0.11192145555607487
U_4554,0.556411605567035,0.5051387421156766,0.468421836267494,0.03238260702229533,0.04802042610685768,0.4746028633216212,0.08310758866394588,0.14366763032798888,0.0509336758057489,0.08428684867927982,0.04886074155978741,0.06567331754788741,0.18601556482424833,0.2687152736434074,0.4797437099941758,0.07659207334503174,0.2290560399275896
U_4555,0.3866173950389575,0.3522221147008517,0.33673391975205214,0.05610479691421985,0.047672961467495,0.1756140138046972,0.07989999015564042,0.8198363987981705,0.046174907778510285,0.06978274268939706,0.07347745452559863,0.08911645205565658,0.1860927612248511,0.19210834419677367,0.3117354870800445,0.052210215867690576,0.20119047656166839
U_4556,0.057565834974291664,0.15228315321342722,0.18602774446672007,0.11758560307329696,0.14699421073957086,0.9604757910552502,0.1887257576333043,0.1661886897562649,0.20350577174589637,0.09476956831052039,0.10840334436052043,0.1549708797621233,0.20202228726863145,0.18943525494625169,0.08752819727382873,0.0495216102566157,0.15599023714400698
U_4557,0.0998185148563758,0.12187222209579539,0.13705342510915297,0.17482490344356244,0.18042981922120616,0.12547522162809832,0.7887540521664518,0.18536745013718472,0.06639361838909418,0.0880591724423652,0.09649518054442298,0.07003988767060053,0.17133175374750859,0.18004817447128738,0.1521509979703005,0.397735910553644,0.21217993483543185
U_4558,0.030275201796068803,0.06042765652386342,0.11148725494173019,0.09896598036460395,0.15953230809803237,0.14947980110024287,0.7358470336006107,0.15097443924620338,0.13587905994266408,0.20520307924172934,0.17543939231719358,0.15278882978117736,0.10994086763131244,0.16884203800767814,0.0489541163078349,0.7722365776226705,0.17371708723935878
U_4559,0.2337814741346625,0.7412367721070814,0.24697349317643041,0.05103164384583553,0.04307834062628529,0.17422296007124105,0.08239521398111724,0.125127792203453,0.09727110430461677,0.06602785249943716,0.0715649329437159,0.7366279360441355,0.14395090409501773,0.15352847015253598,0.15534011754385177,0.02527573165589846,0.4759490685359463
U_4560,0.23769895896454304,0.3769488029231774,0.19481047757967404,0.016691320292137234,0.026585073661025235,0.39500073145563513,0.049025104736479475,0.09587921510191007,0.017382767486453166,0.13844308877961692,0.03974021263503047,0.13041813949052106,0.0947957766823488,0.4631514846332957,0.9253787224693055,0.06769727080057467,0.08923465000321841
U_4561,0.24487624400422864,0.28493529143159846,0.2641732808245679,0.06239740654790202,0.05401867809879008,0.2875850886411391,0.08697858272672512,0.12881801697848494,0.07890011149425474,0.059342716275315975,0.07433580509693903,0.06285659844136071,0.13888517441960968,0.173986495116399,0.15157876977781676,0.0393400879381538,0.8002541245951724
U_4562,0.16141578221975567,0.18234746987547998,0.8981885604168796,0.03049636855020449,0.040009332928486456,0.20350276118375735,0.0658382307094981,0.2155150797201366,0.215576801986941,0.2424169666538618,0.04539690812684642,0.06918594275800002,0.08667207423755557,0.12656410399339654,0.0939869804418307,0.033744158001243856,0.5263378565022547
U_4563,0.25380458383367765,0.19665222861601506,0.21940309718157136,0.03016797563100522,0.02416497584816938,0.2975648653696272,0.045907924796582296,0.33605392556603725,0.17115815226029146,0.056568998863231995,0.040168845186696805,0.055585466047059,0.12594383614937676,0.8223044849766621,0.7139790650732569,0.027205564590041142,0.10743267146229726
U_4564,0.5191469522360144,0.23459705145428478,0.5850185561184589,0.04298086973061314,0.04207140182858697,0.6966330496695665,0.2631822095333565,0.08947249712171411,0.3786128667132568,0.05266632150132416,0.05855007883804103,0.29356422826563977,0.13939429116831692,0.13680938046883998,0.20493892897408764,0.01891165644201344,0.10927283116070136
U_4565,0.2672460789397143,0.24165577077241088,0.2519517231096015,0.0319092615564904,0.043828983402172145,0.1096866040777271,0.05683374360536096,0.09972003722205072,0.3305399094872963,0.04902677961445076,0.04745628235730967,0.05936734716441777,0.13021511515659862,0.7018094414793552,0.5386303249347091,0.029900992223838824,0.1633573121197566
U_4566,0.18652102431992953,0.1544457457662973,0.5702508218216062,0.0275265402895619,0.028235180163102263,0.7206890081655666,0.16721387061332432,0.09721964581339736,0.15915119343107376,0.04622407250685544,0.033287449664433665,0.47023310790009015,0.1187694323596624,0.12336192111178533,0.19995725237906506,0.05793973181727569,0.5514761824692029
U_4567,0.0438445381775202,0.04736844532023608,0.07225191934110459,0.09772065877770011,0.16054217669056056,0.7944080966984501,0.13399204908010692,0.1340688702851506,0.09873904326912956,0.19261553506804946,0.16645827270854535,0.18909541025450377,0.13351795233808542,0.20812076813309863,0.06471158466619198,0.3196566056577584,0.1606002825618641
U_4568,0.4194946945233811,0.07928382896577627,0.46294778391258556,0.09142850465623636,0.1069134136664041,0.1212809901121667,0.1669542160031372,0.13858577519064694,0.18438215552769438,0.0777044880967445,0.08318242697697209,0.8373707298474153,0.17071494002777057,0.15181167808248083,0.07223838927656158,0.05556356050745963,0.14203305453339263
U_4569,0.3309401605245636,0.2982169750465477,0.25730039136438876,0.04478067356881698,0.06355557753466938,0.20908299765108754,0.060573130627588054,0.12910451868674508,0.8031057156948971,0.0957071333183232,0.06685891317825172,0.06646465828164715,0.19621434156605255,0.21490981875916537,0.20686651304157286,0.03505756709810083,0.2701900754818271
U_4570,0.05097986004069754,0.10335206014470594,0.11042874547687945,0.13801154356096854,0.1540149709848123,0.10997641511098423,0.13855311982514806,0.13976796940615208,0.6557255755158524,0.5984573992718576,0.09532526072215314,0.5917153434116063,0.0868652219899075,0.13471339548809388,0.1012837693350945,0.3725508673252703,0.1556788295120991
U_4571,0.062465028668896985,0.18748188857166428,0.2714710565425826,0.10602676570686663,0.10548218336189095,0.1942858932991601,0.13831060625581706,0.15369338032939528,0.19894002356682938,0.08775217460042671,0.10312760610613037,0.5613291485817535,0.16507695805329994,0.1571979167918354,0.05596971294327645,0.03433322860525835,0.5828593897062677
U_4572,0.06079244388640575,0.04296177191861329,0.7558105225562279,0.023976897710345658,0.193122516262402,0.14452244413471602,0.3329442088290828,0.3106367288960711,0.1817518808535747,0.25054509845121103,0.05508322723237377,0.36677722895995696,0.15083027438899063,0.12191316133088775,0.036631064813221016,0.12020217039686963,0.1191587883309569
U_4573,0.06395704341663688,0.7314383498007389,0.23931886817450165,0.09375548638215525,0.5654742868077098,0.1380308921611011,0.14001090243557338,0.15452294886972903,0.16522970757020058,0.14450593806510842,0.12855750295410073,0.08950848433818613,0.16975802071836033,0.183440967871513,0.0708758135853616,0.0536178280194931,0.14149431497450712
U_4574,0.51481567745298,0.3260763075269713,0.321713748507593,0.038389024354441,0.054474284950089526,0.1695884445093687,0.09023222768000222,0.10778327194237007,0.06615014375995087,0.08221169197693776,0.06420942385612816,0.6442667312506574,0.16379285939328098,0.20488797056498745,0.30024138489263896,0.052161202972300036,0.14011726882293415
U_4575,0.39656980302282796,0.3014229367724746,0.30778819042021444,0.05299288703492647,0.059105524091806694,0.16293945535892915,0.43516532879886427,0.7594247217677406,0.06666656599940718,0.06897106338806516,0.05739960954286666,0.05308013942699886,0.14133254283096194,0.17055567840291005,0.3040791052506095,0.040406050358196305,0.13751129039626853
U_4576,0.37511313161473675,0.30678317179629605,0.26485930580823247,0.04411790051534779,0.05086752107552923,0.19910856572865887,0.06326388400147463,0.09616843594016947,0.0824641318539427,0.07029225649352812,0.054807791286641934,0.06362301698534832,0.12571602793687472,0.1781834314520513,0.2631372702572087,0.05127657474128203,0.7910807068707686
U_4577,0.2524328041547055,0.2733870095370189,0.7171576919144995,0.04458856255703371,0.5055557199249225,0.1826057707521972,0.10111716218134718,0.6787268407536047,0.1578658249826786,0.08283720280618768,0.08007819550179963,0.08490461154690347,0.17065289279752208,0.1843374022342262,0.1244723345575168,0.031405852294071265,0.19663064121373622
U_4578,0.2757869249907596,0.2547313335140783,0.2774548530341001,0.0419009089850299,0.03929159125779585,0.1364901655586387,0.04508618560179821,0.10068538704951101,0.03514266252770591,0.330963198456939,0.04316395050784065,0.03879110696626829,0.12629618446212956,0.7329829286647112,0.6471455537703303,0.033963450154481586,0.15872695296506054
U_4579,0.3734285422808287,0.33619683859799526,0.3646866305228603,0.04818524124391513,0.05612705571771575,0.3195651480723941,0.10122224819415661,0.12628620386077846,0.06908753601799408,0.6960446336014425,0.06314038385840262,0.06777702102180005,0.1683122649779824,0.20075024003025319,0.24365795191637238,0.04064866991790046,0.19597792882988121
U_4580,0.49193989657151965,0.5069529368649608,0.500794162077294,0.03344244690084312,0.05306824929453236,0.30355375633815007,0.09498003187779273,0.1484269609628279,0.07352790382737877,0.07410560464655938,0.05477836656056374,0.08053538331241379,0.19310307349029804,0.27067484286941096,0.5325479661389518,0.07351499533182144,0.23779057883483298
U_4581,0.10118815620012798,0.2767285644252214,0.15261166218227162,0.0800916022598135,0.1027785705153034,0.16067467758519993,0.12260112459531257,0.12785933365306146,0.21149362273135366,0.6951947908076026,0.09064632195708369,0.09635775708414235,0.17520247513722673,0.19828837313723516,0.09065218651311013,0.03432147350476211,0.7833210088600571
U_4582,0.39870111392065066,0.4156743404395902,0.38539207065407205,0.05350604907352572,0.05496503355354573,0.26839684816796083,0.09483387197700163,0.14247337196449167,0.08022076495766794,0.06989065619716689,0.06742135991648082,0.07114044837871251,0.17840644408426645,0.3241273309174536,0.4212850172851517,0.04479395703373484,0.18322589216971583
U_4583,0.32493011476692246,0.300000994425776,0.29191892412152365,0.06301292833062763,0.0597278435570998,0.8613165888711067,0.08189514398467428,0.09776053786034161,0.03952562145491425,0.06522185808268091,0.0785504613865145,0.07170308898240449,0.2264610518624673,0.21595442818865354,0.34192059127520913,0.052251177009337846,0.1375664150859828
U_4584,0.3551079892352895,0.3418141110650985,0.2981894972900556,0.045795471365119876,0.044949453460503816,0.15252418514605992,0.08191705500876933,0.1070523989321797,0.05303828910178444,0.06887455434904743,0.06392830645068093,0.08280916840353264,0.17378226952112374,0.2165163559539744,0.2879455320516467,0.7290627164160053,0.18265081654816429
U_4585,0.19388921083662744,0.29857123975611605,0.2173749285568928,0.062010014867683746,0.06060937664973576,0.2217001438935802,0.09372027414301998,0.13818239417851466,0.6910564700785762,0.06382580350916335,0.0859973980126267,0.062423337865179826,0.1762073539402392,0.27021313885668663,0.11389104550848929,0.031516739553162636,0.6775928962636737
U_4586,0.07009326510605791,0.13085067220958232,0.15603063207909698,0.10547919520190153,0.19977957146755088,0.24926052857497255,0.1485637473548588,0.17346591881410528,0.13614557391470072,0.21386851061838447,0.2254267234552786,0.2716258863594977,0.17018631391894795,0.24249265460704608,0.09220933532841397,0.6807102801234906,0.2556496860755286
U_4587,0.033515659972586376,0.8164648697265082,0.16296221401281044,0.10056551106979607,0.16877733545674206,0.12534343355044344,0.12373181694447119,0.15937001199163733,0.46215169370614645,0.17977389636773,0.1794248722238105,0.2199960774313439,0.1267603405079149,0.15608778367711343,0.0589278387019864,0.4300057434481409,0.18046575083260405
U_4588,0.03844936969468706,0.05723873174030245,0.10507645428230726,0.09952597129855299,0.1795387964097901,0.16624854575558298,0.8804794144476247,0.14692317673481492,0.11608201936495328,0.18238344278842436,0.2119759320413296,0.3886337436463228,0.1569784536537082,0.17760834090014807,0.0786356729989486,0.35501851371081555,0.17195954398961763
U_4589,0.05021117149793658,0.17352324858320958,0.16351517891838335,0.08964999460557026,0.1167156106208419,0.7001504476531293,0.1820442043810541,0.15608389038670337,0.20416761557393842,0.08177666698628003,0.0864135630333104,0.49571652250390214,0.14975981758725057,0.17041859247706792,0.061680154622822156,0.5834109076756939,0.14981543834991767
U_4590,0.5710573278066056,0.5814261649821582,0.47218833009421735,0.032559993201803555,0.045171003659627305,0.25807949859418383,0.07927224235304653,0.1595545765404583,0.055919574135464126,0.07212186447251887,0.056700621521102536,0.07304531980925079,0.22310975812568684,0.27336244802359666,0.49445010799772376,0.06651788682423268,0.1978647264178789
U_4591,0.03415852491737056,0.029397354522869065,0.1597230861083095,0.06714272919552414,0.14196197029307958,0.2532805222574171,0.09752005717029928,0.13681188793874605,0.6806583480950974,0.12499066884154439,0.14934724538571081,0.43157855939455486,0.10365386256216773,0.13162022735222528,0.06481497843248904,0.7114114915050183,0.15679667342170395
U_4592,0.349976076596628,0.3215245137136495,0.3025946287449818,0.046642865935964055,0.040025842020658474,0.26530404658986256,0.07881269650235517,0.10451575548247108,0.0591765571433554,0.07199709944986954,0.06584867914487331,0.09073722345006509,0.17644475398566817,0.21145026089694519,0.27966835870473283,0.7485660984513045,0.17131771687735217
U_4593,0.14219108945360245,0.169339327363511,0.232160832892539,0.0655583255329703,0.10469182814374695,0.23434232899943616,0.12911240633187332,0.15070065063218205,0.565026862725079,0.0894343777875255,0.0742434826664062,0.8707159606642392,0.19397930679290054,0.16507532548484924,0.08309164761910996,0.04856398060843352,0.16269813813893044
U_4594,0.19724357729780886,0.25115690885834824,0.20516061504077215,0.029546695680262074,0.3837502081965762,0.17159330350808674,0.07972720118763815,0.11000624276669192,0.5556802812159933,0.3098787849919804,0.05483708761718086,0.06618197034762435,0.1394987257717395,0.1551307633069833,0.0893480295520704,0.5318005289542851,0.31162607592460867
U_4595,0.1290347171155983,0.411843462568343,0.6733545964778016,0.05844701068540449,0.07496190919245563,0.48752271507535605,0.526975387922056,0.17285821486532807,0.10234695470932917,0.3755533858607548,0.10778936803707016,0.10013367988749271,0.147445898153601,0.15120914204760413,0.0909741082398186,0.013573296691972183,0.11815971070948358
U_4596,0.02729168448275671,0.057285889487677384,0.5257478752524984,0.08726555237056932,0.14828707313989972,0.13145465509439827,0.11147190679499032,0.1240681396709305,0.07791185704456562,0.12914320053001802,0.15303612660572125,0.18822280346955042,0.10877647707732592,0.13370310009806932,0.06124748893563724,0.8750098633849155,0.17771942556404152
U_4597,0.06905141098953863,0.20876466687210096,0.19334206408088062,0.05839010281507585,0.2490150775504178,0.19598399955321194,0.5268515845720627,0.12258423394947163,0.2112056984042086,0.08796274344856701,0.0781196439793367,0.5131601809475868,0.16541453042028112,0.168903314106229,0.07253174677617279,0.027550266609786555,0.12585286879402852
U_4598,0.2288547302324663,0.1967320956869296,0.39523180511725964,0.036945313484765124,0.06421275195197186,0.10258782193091427,0.07845607084835787,0.0952831357489306,0.027624342219700993,0.27036543574270633,0.04133711258766375,0.2609280010375525,0.09608757951345573,0.7714823068865746,0.617194866905977,0.035333883064914515,0.07684617305645879
U_4599,0.030650391970079023,0.03548419756311802,0.16094355234365493,0.055624795769046206,0.1474365366453112,0.1213410536396951,0.096796712650703,0.1427709204743281,0.5386027885740394,0.166449139376455,0.16721159142438302,0.4612747136233651,0.10370437348504068,0.1386994139381834,0.05711867565158747,0.8148529804110527,0.15443152877890876
U_4600,0.06276560086225072,0.0850202383915737,0.5198635856725189,0.06296441353266309,0.07700037908281675,0.15131440170187632,0.5208372268621209,0.12292444216508688,0.6337347691122568,0.06241077453590059,0.056972552145495785,0.3393966569816607,0.10420281073320986,0.12638903279000538,0.061821124913924816,0.19961567170743708,0.11300059593596942
U_4601,0.12314119694165329,0.17296578508439125,0.24924124058968772,0.0518905311913645,0.08383815901353302,0.16401075281238764,0.13291568627947611,0.1260018498801059,0.5669757416890322,0.07555360037214501,0.058673211927441196,0.05658969651198318,0.1406016211602534,0.13768113570789983,0.05394553747420654,0.340810756131086,0.3432920782676427
U_4602,0.33214783389238894,1.0,0.24939959985704996,0.047252246614800826,0.049435610941627316,0.19279107647267624,0.08202166700346247,0.0830526595334963,0.04380250816471132,0.05833593951107879,0.057375679700746335,0.06748900926414704,0.1602098696980364,0.17935366167548134,0.30974328683934316,0.04313277210760207,0.16069944857207216
U_4603,0.16235077436362813,0.6821197768224421,0.6482624290694234,0.03340623846623518,0.3540294054533138,0.20599105453632952,0.26219271746842865,0.0931707885356321,0.27521586715057433,0.050267949879686774,0.04548709743570313,0.05004844591375647,0.12103308996873251,0.14522084535630733,0.07824732030149506,0.16975683677398962,0.2925852475299165
U_4604,0.45040897843928424,0.34930267017522854,0.42900547449158016,0.04215182666765861,0.04504652797441624,0.23406224770632914,0.08002456571325614,0.16432668772018963,0.06246927656022995,0.0939105359711089,0.07100899598029009,0.07933927581860184,0.21055609676971404,0.21695250917444417,0.35577707131223074,0.05549240173655285,0.1864953566299925
U_4605,0.05984355106871062,0.16220292744967474,0.2512709588834905,0.0940652869409618,0.13997454385265273,0.19906083273396952,0.8332497863741033,0.1535571752656442,0.21069490864469204,0.06923035550513346,0.0850736095960778,0.46721630681134424,0.16314615008734332,0.17207308137855334,0.07015513651000356,0.05007778218360955,0.1478739398225069
U_4606,0.2947068861902046,0.27215974649451347,0.27800000312659684,0.03299476286877861,0.03805701467749496,0.32547808307720294,0.08675104014766667,0.12655152384719873,0.056237171375986,0.07813639456192241,0.06389356442658868,0.5473086670654295,0.16780789477432614,0.17602378192217966,0.2868767091039207,0.5563584487025666,0.16127039090423445
U_4607,0.24193310073943516,0.2891719918749003,0.27069335212575607,0.06700867600656815,0.05499438621299924,0.25710947242859944,0.09450389736067921,0.13090991748299222,0.13877017350286133,0.052127762557457144,0.07003327440534154,0.0645496202793653,0.14021456456622325,0.17728797986789285,0.1357139416929976,0.027626058630820703,0.8052968448772031
U_4608,0.25927104581165666,0.26701504562686157,1.0,0.060288403360565415,0.0591448963935371,0.24903419225194812,0.08191547892598207,0.13282024848489374,0.1345954957813738,0.08023049717192879,0.07934854549550314,0.07044554407534978,0.18679116002577079,0.19098108981971934,0.13472486299089062,0.045167692872107146,0.17629806740111495
U_4609,0.5851623474028196,0.47789221376368324,0.5495660909501181,0.03757678931929213,0.04712870649172905,0.256224669143043,0.07163157049811385,0.14131805645844775,0.055974011350020475,0.08090515238543143,0.06262992576971475,0.06720767547633134,0.21931720619328307,0.2517437375324164,0.46971168098975047,0.060423497161561854,0.21337663689601413
U_4610,0.20677556238096198,0.2062004401756286,0.1651742306304515,0.04606477908856113,0.03787426715867108,0.8704676605571242,0.09023058500806043,0.1108743030986716,0.10962012999277279,0.05531907676728049,0.05205101848157166,0.3473435738257421,0.14138056122157075,0.1511773394214512,0.09603514430906891,0.01956200344498059,0.6764767759102552
U_4611,0.029661921851215203,0.3367073731003978,0.18250545153685543,0.09751569966969226,0.1590498384438778,0.12167381998837228,0.11861217592073901,0.1540889617719545,0.10673772020054743,0.609450990321095,0.14682222102842962,0.7039631021061092,0.09314631343875358,0.12338763944599196,0.037263800540487876,0.2674980998369626,0.16498446287086233
U_4612,0.31217326199098716,0.2562108378010426,0.2703953449500259,0.03821335363567769,0.035011183171945556,0.12282985327863004,0.04935745030708267,0.0906701487855754,0.03978601961274146,0.04859155431846747,0.051528706683633616,0.04398748852077051,0.1304375810231153,0.8316040223803092,0.5595354632031322,0.03603331375424211,0.1677030711880711
U_4613,0.12182801087000637,0.12367024022885359,0.2832965147856327,0.09026738201041608,0.11918771378164514,0.2629552752576501,0.6995265445832026,0.1743904273665614,0.1594575886088035,0.07751181498139088,0.09184366350242666,0.08886219702794047,0.18747484600239242,0.18448649919502605,0.0932555924684299,0.0332658791617796,0.7066140252719053
U_4614,0.3154689175573066,0.9166251463657882,0.2588339312207461,0.041819355770964795,0.03928573867979984,0.5252092482500539,0.0688093096653134,0.09127801927777508,0.05398388687482969,0.07257145132743742,0.0521742649594911,0.38310119197381587,0.14289910342981385,0.16746102122279868,0.2234812002113036,0.03519398941555499,0.10505421816812206
U_4615,0.39370805823678906,0.3219711972592184,0.3152318875332404,0.044823586951803655,0.048870700585757015,0.18145234256818282,0.06700570637945993,0.09291543002691816,0.6735768870576628,0.04300732039593258,0.0497160735962069,0.07233280464037509,0.14503443671407457,0.18651990693091544,0.4073156842971207,0.05031306586983051,0.17947171526738886
U_4616,0.19144890524179406,0.3234625473689156,0.2884174108190096,0.06577940026753355,0.07015877177620293,0.2377193266398501,0.099512095833741,0.12482354147570868,0.18002069764749998,0.06724839350707591,0.0817128736936423,0.0653804750605567,0.17587529410867742,0.19247481975417968,0.13252037432910882,0.04835309536916765,0.7694040521536996
U_4617,0.23235603963879495,0.24385454291280453,0.3007167111812929,0.05290702053864098,0.07107410083458,0.19793004287791402,0.592176199947825,0.12167213060334323,0.1674342223983715,0.061560935768690456,0.06786528349152073,0.4482665356293716,0.1363975757926648,0.176724364569619,0.15523947141645028,0.027421192379559835,0.6008959749447393
U_4618,0.041194122356565895,0.5424124825646972,0.6512396639842204,0.04749521211636624,0.4475858683414859,0.6836794922319389,0.1277935942751992,0.08888506040162025,0.6044516783900045,0.036622025692187817,0.04707288416691433,0.6254853341625544,0.11974608638719175,0.131402506719391,0.03988798958344435,0.05700834181869426,0.10873905302504294
U_4619,0.33811255454325206,0.28279169171479895,0.33359737491976077,0.034251082887528976,0.053110827406525354,0.28957833156109364,0.07408326020607647,0.10433699961575373,0.5752071108587806,0.04647666778829404,0.042962270836945794,0.06894123846648505,0.14301005097789343,0.19974075508529354,0.32817372701109493,0.05127268656726543,0.5858052302933972
U_4620,0.24540312942169457,0.33475473529800936,0.3026511001680411,0.07147101240465692,0.05215514757957308,0.2730653249765443,0.06510425027554124,0.6771698075309929,0.11936762495174877,0.05692168991486748,0.07520807423338545,0.04916030529251471,0.133057326864748,0.17664740910059598,0.15081793063580032,0.026264930414468302,0.7102471659837628
U_4621,0.049921545187642954,0.16209038529202363,0.2039043615823252,0.09308321507728597,0.11950848556454453,0.2482547174956479,0.15279063759347852,0.1600475320009355,0.7187171770592617,0.07661269762683495,0.09378824975979248,0.09170397492685177,0.15366700499314692,0.15851819027014633,0.06875450535186137,0.6244677108975383,0.14937998551169643
U_4622,0.21427874225592927,0.14927044569819825,0.5065222831566953,0.05562527118145645,0.05308741986876693,0.23342541483224638,0.15641078501834962,0.30061983810517323,0.07488974183534847,0.4112360855348607,0.05301327569949013,0.7886785431959129,0.15391882421183845,0.17089681898263082,0.1975919731379471,0.026774466544067285,0.11000101411558712
U_4623,0.14193408021753248,0.1812586640010067,0.8667804220703934,0.07753588319615952,0.08004604395147971,0.6495555812974427,0.1469765574309108,0.13663588652522304,0.07122084401484854,0.07376639870631467,0.07329604126601748,0.06576273366596273,0.13595892260550937,0.15352094244827952,0.0778643495448214,0.025291899030363548,0.48105700516122524
U_4624,0.2614726645754443,0.26206187319517177,0.2691097282027018,0.04580311099455897,0.061146914482536716,0.22650436995014867,0.10559236970929523,0.11865426564717912,0.16095753077143662,0.05947507054640149,0.05126454373076754,0.6485356669095081,0.12265257112782126,0.20014025488900505,0.11076812903125892,0.03691696012312978,0.7839470381937528
U_4625,0.0809115766635022,0.21399356736510486,0.7098113135734798,0.10223612846259135,0.12368221568795959,0.20736213583194563,0.17012484363885105,0.15969553041866866,0.2313454113759339,0.0795371392103173,0.07588576684122016,0.528526605684883,0.15943817248041978,0.17869308534794257,0.09263518905555887,0.04353815993621857,0.16021123817066055
U_4626,0.2891285784584148,0.24841402429184323,0.27066239727488955,0.04530147099079918,0.06432242957934488,0.16353834030578035,0.05479475672558746,0.09947459178654397,0.5837540809971196,0.07064515370068589,0.046367016951549433,0.08323498899147265,0.10809435143925537,0.7503849819269743,0.3306476144338455,0.30907224532199373,0.12493576088951161
U_4627,0.24997797627126295,0.4816954979920238,0.22323881424241923,0.029927885491231307,0.034615959485694826,0.08999366100338495,0.0465832907298207,0.08166895743673977,0.3511903894928966,0.04549051897011846,0.04058028286085693,0.07035307705977978,0.09574189202592104,0.911584491082096,0.49545293234524396,0.03153033802353577,0.1361748645072532
U_4628,0.5684675825363441,0.4837092049897196,0.4448585807564542,0.03190188724511596,0.0449691941758968,0.2573920083034321,0.07923138119450805,0.14061061694447122,0.05828365100080424,0.07423990389456632,0.05861746511115629,0.07764787749237304,0.2357113588384178,0.28636333779874673,0.5728680099437351,0.07452227849969995,0.22679126846716338
U_4629,0.1295905444948249,0.2182462925139155,0.25905727535047957,0.09078062594378924,0.1178901098950958,0.21792953594112677,0.16579673304753953,0.1572828066791048,0.21836267680805635,0.07942327372596565,0.08545950822252704,0.904187361355514,0.1739371324961943,0.1835183502243801,0.10765768982128947,0.029771976350978786,0.15609430663351703
U_4630,0.31904990934422744,0.2341302325966447,0.256998420793426,0.048798133858360584,0.04381601350308767,0.12773726587277814,0.21766434911762492,0.10160512888080774,0.04338770768379486,0.05100528991256637,0.041235550217579714,0.5277586206325913,0.1407981908504856,0.7452267272455717,0.2490640430636794,0.2622426624265315,0.10801665227424175
U_4631,0.06441776259481952,0.16993353963183572,0.7860268763158618,0.06562690477448706,0.07954006440562252,0.15293225489984436,0.14852209080252107,0.12468919136987142,0.5040290285175928,0.3550659658838722,0.06574377976827847,0.5152822798281012,0.15382727380299485,0.13695776631323986,0.06747136093923504,0.041284272223276894,0.12369011784857861
U_4632,0.2567029347241295,0.8713746958494568,0.41025340692397055,0.02230381239058748,0.031480143909502094,0.18856513884648582,0.05622739197281134,0.08159800699291994,0.19087586104887205,0.050622736671005066,0.03494329795434742,0.046620727173359106,0.1083725949554097,0.12801930304067446,0.2148346283369767,0.039606505744710106,0.536433473313368
U_4633,0.19749679238922907,0.16433605620530306,0.19760378845982984,0.06957459881088814,0.08294736611731347,0.24719991301578031,0.28744031804242637,0.13054395975639776,0.8072159089742543,0.07509311926008821,0.07628548051525005,0.4190378970447478,0.13950756351220006,0.17410182191212226,0.09719647600091808,0.042285659156224495,0.1719531647964597
U_4634,0.22783442657733993,0.46790032350597555,0.7511422935641288,0.03461176005602592,0.04989535417177893,0.21373007513953698,0.09252623674965729,0.11352809070760901,0.37544702795768836,0.08098955921343033,0.07004237423813774,0.05638108225192841,0.13573458930806528,0.1648004090031238,0.22515114128379507,0.24294245422868121,0.14477306227862133
U_4635,0.2142006421326505,0.1957695346019931,0.21724101552332167,0.04970116907555533,0.036038594885687635,0.7989398718308276,0.06678708505851483,0.09516942799779798,0.18120879277036547,0.05025658008280513,0.04073534177654612,0.2603605331697263,0.12600403954874548,0.13798614837777526,0.2070644005884045,0.024382748317311107,0.6230477073550156
U_4636,0.11764072040926585,0.18320250510424796,0.6460353026089172,0.02590880921532937,0.24345585423679325,0.40602312641124266,0.4094606595571483,0.09781051758532143,0.6924805588542278,0.06527106655144876,0.06723869954903655,0.5163846291397873,0.10373311792048907,0.12579141722789658,0.062454646348264906,0.005004325675943104,0.10437368626992204
U_4637,0.03382447837510695,0.06508664808549931,0.20869098450822765,0.09813410632973103,0.15943059024839215,0.17995633041943793,0.14983447892150165,0.1423347478523681,0.11911195918270018,0.5187014950963811,0.20690215811320056,0.5213848062488977,0.11539754783516723,0.12600945115789267,0.05791581946997206,0.3357758878522457,0.1551826648260021
U_4638,0.5241155562846573,0.3892682545621839,0.40807749279779304,0.07771060779362714,0.07257770034656873,0.23310236274918872,0.0989215011384987,0.1103683238761512,0.04992930730479198,0.09863762083756132,0.11763654905758657,0.058803899622712735,0.2489264627358705,0.2124989899217634,0.5312582825355208,0.053079873780107846,0.1268655806592011
U_4639,0.0457349408979139,0.09523667683404774,0.0917936404406283,0.11472668400552795,0.1767468935235088,0.11216162448067524,0.15277010164548724,0.13929931673604484,0.11865242650000386,0.8645560479158299,0.23866703002120915,0.15306816283442873,0.10339064849989289,0.14042135908126444,0.03943850576482549,0.28923780036327373,0.26991576277253304
U_4640,0.23248277095450065,0.6200083482575802,0.260042425593412,0.07489140072509477,0.09750391444640166,0.2133657374037107,0.5173043170737857,0.1369009192706443,0.19424003879297588,0.05960091410902142,0.05858876728646328,0.0915866159532319,0.16262050424037452,0.18350186269697796,0.11009670586717688,0.03741573518959909,0.6299743206531385
U_4641,0.1535077565514461,0.15352916626502922,0.8336330240488556,0.09131325928775888,0.1200404049271164,0.2782259886234184,0.19274016266287664,0.15579283600114066,0.18252416895669604,0.08345245384495091,0.08894959368459582,0.0805388883321839,0.2163825375560272,0.1926795767992719,0.10969005348165392,0.046950978906725366,0.1690953678134233
U_4642,0.2768052255014013,0.2727390252057443,0.7013795938172533,0.03581889313318507,0.05633437046011791,0.19544466209788947,0.3767601984645627,0.09295794950100042,0.49569485616620734,0.06660642162722964,0.07804655854443356,0.36038308744829933,0.12280318097379217,0.13792764821482686,0.12892518710199813,0.10186381652635856,0.12723151728271137
U_4643,0.20779306516785573,0.20349424304906677,0.2212813067816421,0.03966298663477426,0.03534425210547859,0.17736870393029142,0.23859602105625302,0.08684641873977092,0.0268793772384493,0.042187544523042374,0.03328461083170736,0.05515912866515531,0.11176195279049572,0.9365258296630448,0.49835420864526186,0.2625649160659103,0.16171448729557247
U_4644,0.2558563217099595,0.24714705610392818,0.30039952092771904,0.03703073060884817,0.05107330943289091,0.3108479023533881,0.07280409447805365,0.40572937531604747,0.6033942599742679,0.042575853013744495,0.044611711431180257,0.0987385672844364,0.10899101155745967,0.17380008430556126,0.26369056438779964,0.04624488988416401,0.46576642264976487
U_4645,0.27884480061719447,0.23982635244643302,0.24521651987099335,0.046995729459227406,0.05057887163220066,0.9629728981581409,0.0677562699675661,0.11203093853433509,0.0690620096560973,0.06056934299644364,0.05606441696041834,0.09479901158941104,0.11498994460003885,0.17573955008480785,0.15813497854660094,0.028255099301098926,0.6336063645220733
U_4646,0.24918789169959465,0.21180774163168709,0.6417566063396656,0.027179003973986995,0.1067761700723664,0.6805321531651076,0.19200980842328033,0.07066558925808734,0.05186867471292594,0.20425044243545487,0.028239839755090316,0.1265440771604577,0.09085190821971142,0.14306752733841518,0.22775000318032032,0.14138450970289496,0.0827313317700349
U_4647,0.09190611202131672,0.10878148408898786,0.2897199886615478,0.09148845374026933,0.20366907742895088,0.25674878679641705,0.15364240732196455,0.1877274666152903,0.1747110376311687,0.22917096984031704,0.24299695271002894,0.2837035335713058,0.19914604019937235,0.23819320079506848,0.1295789786826835,0.4496401640207698,0.2641335342599718
U_4648,0.20971151268643268,0.20344310246112973,0.6854619514584148,0.06250024538809372,0.3788433240510941,0.16042917512817562,0.14009698234724136,0.10559888469581491,0.905418342960076,0.06422759092081784,0.07978958644735429,0.06784468731148895,0.12525574239828938,0.13961844530209863,0.07613639280026763,0.02454965437416247,0.13264900478494612
U_4649,0.26058243127546643,0.2353721254744471,0.24483525318140592,0.02693361630783942,0.04161510153978462,0.1330688139630066,0.05077756060497207,0.3514894329218015,0.046789157331968256,0.05599384532167245,0.046989323357860574,0.05322218098427929,0.12021427119893623,0.7031951883869709,0.7740926120209106,0.030187038147919988,0.1532071362508051
U_4650,0.18883640032173465,0.35577633633225836,0.41725259598094405,0.028312056448693303,0.029478742891985682,0.5172062387028467,0.12876139056205543,0.09439611028846154,0.33856529952547326,0.0563104732257346,0.038122196579924154,0.3347108924265197,0.125307338768168,0.1301725546420402,0.2088866654774041,0.022895556050673685,0.7157833772048954
U_4651,0.2072228835349084,0.4673110484869006,0.16400931171152344,0.029589317798691183,0.03187054450528986,0.913207804014827,0.08217531308767972,0.09522039740880882,0.3265230777975762,0.06621820454758656,0.05153888354655417,0.06075861863741578,0.12457112582574745,0.13627864762006828,0.1186545529720544,0.056174744082510976,0.16189256085906445
U_4652,0.3747190964025778,0.31181022148678206,0.28488378737099596,0.0419590316997697,0.0496422385565974,0.1683807472311165,0.07495463317108315,0.10083655418835433,0.0714559421813442,0.07630062104318369,0.07041205859221987,0.8545001904995919,0.17469745843218937,0.19761211318103888,0.3280939253233525,0.04780799813416568,0.14415189734518097
U_4653,0.273700415617694,0.25206532840753837,0.3054634522566424,0.0386716994880088,0.05810321327990465,0.1910099836662583,0.6328873280047846,0.14471352934997483,0.09278153960523565,0.19639053785745347,0.07174469332625243,0.08024941994925798,0.14536079552893724,0.164897184167354,0.13672635784179243,0.022609899585891213,0.3759297616844636
U_4654,0.04829104054915947,0.060612790712988786,0.11824305225286182,0.08890813187366756,0.49138691497513765,0.21882970863928486,0.4365077270055121,0.18345166813355035,0.09012160850383785,0.16170453821868952,0.13785927251635569,0.20114721975072067,0.11856298622981866,0.17162936361322534,0.07963196217010464,0.5025389861368812,0.2326056463132157
U_4655,0.2103979923067069,0.7419251036537544,0.2534364632354217,0.05495085640538503,0.0636238246391811,0.24792100150507992,0.12909235517404863,0.14025846566775094,0.12635765094277657,0.0696285870935854,0.06050957020004742,0.05730670520843627,0.16011675511154663,0.1757746513517662,0.08373824473964044,0.575274063991625,0.17084381491447642
U_4656,0.4701783366333957,0.18825895468717305,0.5778034641536811,0.023633672388539816,0.036411482933035255,0.1376396069321087,0.43917931003972815,0.09142248354887807,0.07842997768888321,0.05740672305582265,0.06021061289988232,0.3245437531967297,0.11967899265553134,0.5583872448189446,0.3676819919488928,0.02666265469968169,0.10952552310330882
U_4657,0.3048616066013747,0.23604243690828136,0.28582326492176197,0.0307304187501809,0.1748033467357973,0.7194348335871019,0.165676311519607,0.17743758473171972,0.11844941860940934,0.06370339135224325,0.041260438962907646,0.0929281401569529,0.15538207579914276,0.19028891094169492,0.2769764574278807,0.22317584336044724,0.11664371456985081
U_4658,0.22287396178349558,0.23289928721434142,0.28801729304371965,0.058488024427181685,0.06543630097129756,0.2625134040941947,0.10611286098221337,0.14224860082539223,0.6985524964489742,0.0970163457625317,0.08657937018992795,0.5676993776631849,0.17126081155725384,0.1708600297635939,0.1473638186368004,0.03894007830894402,0.15858492337573282
U_4659,0.31759156773745006,0.2582719466159524,0.282145509221168,0.03952420210394795,0.03812854209459606,0.2476506929642089,0.09078166713875614,0.10609037314648179,0.6674551856500897,0.06313225623664992,0.05805153084875679,0.060156199774011,0.14677116003964755,0.1889719601193724,0.26999476352916824,0.04326464506278074,0.6831867806512948
U_4660,0.2714272913155609,0.3076686279813284,0.25671297481486893,0.04908779138798046,0.0723699643789669,0.27918795110163047,0.10004972361002637,0.12827333655843715,0.07597292564186622,0.07080133959993597,0.06534928758803084,0.11581742243852758,0.13025181313809273,0.19652527068299616,0.14774330140372002,0.04350798401745648,0.748770569898956
U_4661,0.4048212272928147,0.29332060974578983,0.2706591268548053,0.04808029088955397,0.04399087913533291,0.1380176871046579,0.06617702460875473,0.09515780738907931,0.07334437573731308,0.06285671239578325,0.06369293192596522,0.692993623767473,0.171700590201217,0.17421578124653095,0.2980808598423835,0.036519449244501116,0.13776947730049674
U_4662,0.03883600077014793,0.05035799112999105,0.10028708209746244,0.09896598625696804,0.1763692966651565,0.09375159404310292,0.7844920854116273,0.16373349934545733,0.0855136292681483,0.25774633953588927,0.24739367877051416,0.23880010894781104,0.13548847599326402,0.16767705344176673,0.06107219443876488,0.3651524111416066,0.18332474560782727
U_4663,0.022900323834487254,0.09991458455761432,0.12142073697633206,0.1099474943525498,0.16304071297222208,0.14262377609529434,0.13920851304666643,0.1387017942166322,0.6416138156516242,0.53047271757735,0.1613531534285114,0.21212439879173425,0.11206327029155495,0.1302720454283328,0.07330475582832519,0.7152435980063099,0.15340581709587903
U_4664,0.3636577648133905,0.3273341895808866,0.3278300620700042,0.05789953960944357,0.05768457656221379,0.20417739703420465,0.0865699736261691,0.10659716154429914,0.0544390628706696,0.5652873603423572,0.07724407026852173,0.08475210196442111,0.2196384647942239,0.21441678065242886,0.33584624994176504,0.053906291561479386,0.15851557588704207
U_4665,0.355636837457074,0.2675165277085433,0.2735389103529418,0.03221380453785428,0.04305499640246325,0.1358217963967744,0.09161367208088743,0.5201179445944926,0.42968565279834336,0.2717820827732659,0.050165086535669375,0.06520367887528783,0.13036158904035314,0.1628941644824439,0.25601913563441026,0.37157247749039785,0.09809940175913615
U_4666,0.22476378129229815,0.21469001616862907,0.2651911209588347,0.04283105077777903,0.28430681498851734,0.6194151737604514,0.0881781721856922,0.12753374255267882,0.5145395883567354,0.058653714759287226,0.06826545426905331,0.6869297582552609,0.1479565238909347,0.14386347669422977,0.12383866965237958,0.017399678091149347,0.24799751155024605
U_4667,0.23418199423299918,0.188781731512502,0.2292413417360078,0.037231281586670516,0.0475507788820435,0.1845139003394795,0.24221107688134808,0.5717679381549916,0.37085089266816396,0.06195281081681442,0.051728642666285816,0.05341163629538398,0.11350582936948053,0.15889410460182746,0.8077697570766937,0.01678634640111701,0.12684322554623767
U_4668,0.06090648903098886,0.07007815636884866,0.0905451807212334,0.1334164139192338,0.15567438395868718,0.07696309970503826,0.11196087825786635,0.15352534499415882,0.06465634509107755,0.3410761898881022,0.0872787244260803,0.9161113246714649,0.09061120158271951,0.12122898550896018,0.08190336899687821,0.3161536760047956,0.14952150092482386
U_4669,0.42962295860286265,0.3084708434583484,0.29873470427150584,0.05453733344670291,0.04152554300834381,0.7724720066004169,0.07855321832285855,0.10303495338519518,0.05476993338475327,0.060867197364968234,0.06013909309720448,0.07205584175799684,0.18922473219052643,0.19587720391676183,0.28201820542560696,0.061860117696928174,0.16834047874479288
U_4670,0.4454933393538159,0.3643416317554543,0.2994816762247883,0.04145828068347852,0.049112846871802535,0.18618075064471995,0.08380602265423753,0.10536360672534395,0.06704221434908225,0.07401762499776023,0.04512271083494857,0.07793175456936297,0.1403580093515563,0.1902026532863492,0.30106086088832296,0.5265965549151517,0.14447000361741702
U_4671,0.3252700460264449,0.25763621719646734,0.2905163107376028,0.03723946484889032,0.036056083626616955,0.2513159457578399,0.07879645813450034,0.10168939331407129,0.07505875784587657,0.06395653383883745,0.05417220202317929,0.072029962455119,0.14167515635192038,0.1976979170664197,0.28523206064230017,0.050266868738231156,0.809267332690147
U_4672,0.2269536474363885,0.7425185377968591,0.2618446262972005,0.041089196030103685,0.05062902243764663,0.20206734297748966,0.08530860339937185,0.11562359449983545,0.5472374790582184,0.31047614018291536,0.08437612907171387,0.0663852663160549,0.11830128697699649,0.14843938980640964,0.14728117423675607,0.023688875034535078,0.38253135767610946
U_4673,0.2242917795790732,0.1631618501940725,0.2188292359642898,0.06973797942405348,0.05826324371160182,0.9095888270075865,0.14333092921541155,0.12109742218714051,0.47177138281579784,0.06341286071338838,0.05172117537412659,0.058529431609953594,0.13275749695858544,0.14951986666503372,0.12500329412718045,0.03539888209449442,0.6717865365603075
U_4674,0.3447734802843801,0.3541709487164972,0.33875963449391655,0.046637025403936966,0.04743332297103116,0.21816850454532366,0.09557312590996189,0.134952050888866,0.14241971845893875,0.07232399021909901,0.06477736702820283,0.07540328666567332,0.15858924362368856,0.20631034628581363,0.29632345428461365,0.7931190644728594,0.20345749234579266
U_4675,0.19774437883521775,0.9392155581695962,0.40732002343410634,0.022287744347866702,0.13812254630714618,0.39585981153584004,0.03958410694675823,0.07682595886491078,0.0976386458249713,0.03961185735594748,0.024777281505725675,0.04957362976087181,0.1258159404153517,0.14131798746459306,0.2561754561731331,0.24640196252905008,0.10083806156160496
U_4676,0.26055663860141126,0.1773970467346169,0.30920755652739795,0.024969791503660355,0.027138534547191995,0.09392500231824873,0.14051571496361537,0.08074524730281665,0.2217362357584378,0.0493996180646705,0.043329125865539816,0.19788388915686586,0.10140420182077287,0.49537159379077833,0.9180162014173003,0.018877606344049263,0.1053374331187144
U_4677,0.03522918873932653,0.05266158285439189,0.9556212932382486,0.07064005400551486,0.1259642042732026,0.11382143642971568,0.10931799310503933,0.14180738224031902,0.08620315300601199,0.14776515268571888,0.159885733285402,0.2819342289858868,0.12304422967789097,0.13361463133955012,0.0698703729003281,0.25272588517264394,0.13965177444716015
U_4678,0.34583231725930796,0.27283212345108104,0.2898236354572625,0.05316286973414981,0.5115371415287535,0.22344787472026648,0.4766664199288502,0.10513502893071199,0.052744476386090894,0.5923682779066755,0.053361069630931575,0.08218717439303139,0.1658804018241698,0.18361241043647814,0.27293496143094964,0.03924562523015746,0.14572557025136187
U_4679,0.30521525255882526,0.26727265417883267,0.7186549603253922,0.05005971599135811,0.4729837397352509,0.1579095709227407,0.6286085441595686,0.09620169102490327,0.05678461215083315,0.06200190159589701,0.06151848485124092,0.053489419109665155,0.13713425250546463,0.1541322092544398,0.27326273846760135,0.042529952702504266,0.1385711005069727
U_4680,0.3719796022367755,0.2941359002955732,0.3303567542580047,0.04993388929615994,0.04673424164283354,0.28602901401620745,0.674226690872008,0.10753252788490476,0.06457811882840311,0.07022869623369644,0.0694985292519514,0.08928390387366475,0.1670121181976385,0.19084291493290736,0.3182611906175611,0.06020550337941159,0.1786720092735321
U_4681,0.09761866396155654,0.08714149814046697,0.5232437436942803,0.06946790036479343,0.08441126417256656,0.18855465979494787,0.23712968681260121,0.6031250284944347,0.3642536685814139,0.3106440116281358,0.08145976954974735,0.29284129226956207,0.167885937636296,0.17946686858516364,0.08098431635934474,0.0354162486259035,0.1322056390219932
U_4682,0.24609548604292356,0.19219684302689918,0.2924422909003636,0.06768878425639131,0.46650220712512536,0.20882738419088426,0.17612750200210564,0.12643118362107958,0.19037358980713562,0.045289420662444686,0.04541296868519484,0.08703434803779951,0.14725833845124875,0.1811850173966252,0.14043774567258313,0.3481980855194474,0.5090360866457946
U_4683,0.2932667471501018,0.6228508075437931,0.2887206069833782,0.03323493771623436,0.03970112510467213,0.15188119290637064,0.07220478975614596,0.10256981186277027,0.6623098929850346,0.068976688353401,0.05842252420810109,0.544505396749212,0.1591894918686998,0.17013726739855042,0.29588106842640977,0.042064068540234464,0.1083032265547995
U_4684,0.23327161776822847,0.18919062080930224,0.255400932811133,0.08171452851373465,0.10540509628678109,0.2880695098537802,0.15422451876651985,0.7486763363708864,0.10225070127362151,0.0789032650087783,0.06721567635031916,0.08072121380453401,0.16356702681748966,0.1787780470091922,0.10871874303350032,0.040128751645679174,0.18232546652413528
U_4685,0.28045553145038243,0.2121922637778251,0.22203298741088356,0.04137838109904292,0.25507801134751135,0.5489147101272087,0.06180647876450816,0.10876801862692237,0.04150834328816009,0.21244156515420312,0.05573898396252964,0.05163842151114281,0.10917841496039615,0.5769382986515832,0.83412543637096,0.019166076687082742,0.11691883409477109
U_4686,0.22534836348632528,0.3930292443806111,0.42962664005063683,0.0357502215169002,0.036845899598922725,0.1511674596214694,0.37472339298314516,0.10245062357382037,0.15986810150889277,0.07296369230735432,0.06332409796431966,0.5929138497692781,0.15423654348949248,0.18596563572903702,0.30036839483050054,0.25840070715771113,0.12671640915550778
U_4687,0.35102595844337325,0.2682247817094632,0.2851970446098754,0.04864321605155787,0.03949632884522044,0.6559281402673447,0.25061688650246255,0.1126806693473228,0.043864280225767216,0.07229901366566961,0.059697937170736154,0.08409387099155974,0.17440499131108994,0.17161662918117027,0.3023352072485368,0.04316708038589511,0.1305013467508118
U_4688,0.3037814496941701,0.23258924085177274,0.8864396003785335,0.04867939072970416,0.18998941026132884,0.16311599836775276,0.20542885032378816,0.08649434496788483,0.060046892547392476,0.2988513739148733,0.04654094364146512,0.05822216419146784,0.11570243610321651,0.15642861351568782,0.21994737619610166,0.03231497766075198,0.10997031078375308
U_4689,0.022145480171680464,0.2962817219151721,0.17148759516382847,0.07966811319434616,0.4030910870472217,0.8908163731549978,0.1053775358980417,0.1151226270829553,0.41337378169878874,0.09967864544799082,0.11059235642565308,0.3669769591213829,0.10242135152087796,0.10653054520680619,0.057795455430354706,0.39937180653925775,0.10382620979266877
U_4690,0.08527405086022813,0.34246281960362557,0.22000539211997855,0.15869505294479996,0.19957928953885617,0.37729741034738085,0.2867335500334139,0.22527151293234468,0.36790025692191514,0.1110491747723663,0.11549975804562107,0.13516645493170096,0.3331316385043233,0.28648368742673347,0.1587454237755268,0.05180718324353352,0.30580759370311716
U_4691,0.10490107546701831,0.18632800053888937,0.21259266838746907,0.09419297939365111,0.08904694980598607,0.28423194250919626,0.21959086000168423,0.127573643087426,0.22821814306065852,0.46503478074975385,0.06961252586303776,0.06682797722396838,0.1721290161005009,0.20047598325816018,0.07513958258550403,0.5816247069211236,0.14924366039727308
U_4692,0.22271211315988446,0.059023932477451045,0.32642110107661937,0.07260854296531077,0.12297151576234222,0.10188230485531843,0.3585732824798363,0.09072869306020079,0.10037591772725112,0.13048061417009255,0.12857046200911146,0.8479903942237721,0.09030037558436221,0.09690043991287521,0.031182794636763912,0.1918990293867604,0.10804742103036168
U_4693,0.5873079384747779,0.5289203723992053,0.47903513596296526,0.03441186283318445,0.05645417111876754,0.2719580862830798,0.08006633000939277,0.1474853353279165,0.05779328204125597,0.07482460638991167,0.05788270591884263,0.076801682092104,0.22674216623497262,0.2727263942408268,0.5027952722461997,0.06457955612783073,0.20065043896770923
U_4694,0.28773903947494733,0.22429316391344375,0.2762141236675414,0.03265407439774407,0.03685974000042539,0.21614494641742152,0.07474860968336668,0.10406525486766652,0.4633464835930743,0.0662137478293225,0.044557323356018294,0.04613589760795266,0.12944158304804357,0.1539681070928,0.2628502769685499,0.03078265973914464,0.7022086757890904
U_4695,0.0390348113884787,0.08470805404749786,0.7673279522604934,0.10920851337869314,0.13763326935742498,0.11907546338613559,0.12969913209136066,0.12771958015487614,0.07248259531669787,0.12160995583471625,0.13928541670465835,0.18800898856297302,0.10920355886287678,0.13720106260641937,0.0705249311897919,0.9082319711319713,0.14603400573014416
U_4696,0.14474146977588878,0.28656238628131664,0.18994932005681323,0.08019625494591448,0.09097701216102028,0.9924575548729686,0.12791045643078197,0.13083712368740355,0.2119035434797798,0.0679642930726605,0.07966518658770422,0.07342957092439886,0.21640829216568105,0.19190167379376663,0.11435977910752526,0.038581211766320775,0.17049806618014304
U_4697,0.02455793286216819,0.0344189150866725,0.2667715020620535,0.08536170140696192,0.14735583645066228,0.6750849846810043,0.14096978461139972,0.10774363134454285,0.27634348018320776,0.18585038242635826,0.2196936093463167,0.8212100005257041,0.06800859931083128,0.09875816588226383,0.03860922767430311,0.2889308202522565,0.1033902697299768
U_4698,0.05914147528612661,0.05974975034562613,0.4003688577000493,0.12513994700889763,0.1381262126468095,0.06676642052007949,0.12530126369952682,0.14164904824788532,0.279126786966176,0.5155390912721853,0.08962825757327637,0.5502494282138186,0.06774480712744742,0.10625804487814353,0.09130584076245084,0.4364237259357074,0.141530750594029
U_4699,0.2059609563829735,0.22810737965999947,0.7689653390628366,0.04358336347213523,0.2861137529479993,0.302790657308898,0.08702004447810183,0.1194869746784289,0.04512911863530626,0.049909653400987124,0.044711585520894215,0.054197575389598344,0.12684662076982242,0.15840546232475602,0.22294396903878622,0.2576063797929208,0.7065550632302076
U_4700,0.3126504716794977,0.2946510812264761,0.2688162491578735,0.05596737217789025,0.041699054826620535,0.2067961927701588,0.07324785593817146,0.12464737832538303,0.05524186958145172,0.06963693622834417,0.07096267295931233,0.8826868948254818,0.13499093439380852,0.18029744865854153,0.3885458402044114,0.035187104430057646,0.14375358893666781
U_4701,0.05315624884818622,0.2751027471579176,0.20824666811692005,0.08249721155518082,0.14212315520151428,0.23406786452297085,0.1754992806954048,0.15713209389389368,0.3372947847684245,0.07417418301489759,0.0779177115054634,0.10243071594088213,0.1801931801231095,0.1963098468720082,0.06958942837676663,0.40435879323770146,0.16614308907414735
U_4702,0.18627090299635976,0.7655546236503683,0.6662220558345835,0.039700136808754255,0.05658067262303793,0.21062832235681653,0.11093316150686386,0.10431205362432384,0.22977451263902032,0.05281834066589567,0.04979789620142905,0.05657111617162085,0.13496940824481898,0.13794248273483325,0.22013437039605457,0.04033457257416748,0.6129347732392225
U_4703,0.06548955456647916,0.12601196494097483,0.10775927652153265,0.1444564562953758,0.1698833191160682,0.14077491905983242,0.6258674992329858,0.161112254227457,0.07540209404352845,0.0953480486814062,0.09985020249685185,0.07367475697728106,0.10322068309114364,0.13348230334964542,0.10690738331952337,0.35984142869616526,0.7169500975133893
U_4704,0.29030683869455376,0.6996674570083807,0.25354345508714593,0.042787590750433854,0.03587119500455225,0.22597896780380852,0.06996791951782248,0.09962895743159306,0.5262870592911448,0.07295950788154254,0.055576671256347174,0.08669304535559161,0.12344505548564366,0.1540168326937463,0.2103364554822767,0.0335635768756495,0.5917194812743503
U_4705,0.4793712631869097,0.44249289393598973,0.5034416681342782,0.027113122512649603,0.07350124833880113,0.43290110582695657,0.08487036262412137,0.20728679756707236,0.08605260867745655,0.11719278596089665,0.07970535698185002,0.08531797823748773,0.21968779214483652,0.3058279470521998,0.36429065673681604,0.042274309931280424,0.22892745992772484
U_4706,0.3071942214783174,0.25592603462752433,0.2700017018447395,0.04128096996424502,0.03741930235647921,0.11706538068028229,0.05115912041280146,0.09736084524564198,0.07511197432457499,0.04387865768286778,0.04933622549672971,0.06314092674817799,0.15046055492606178,0.7650432168722707,0.5603061765709749,0.03369057745973978,0.1807700546961144
U_4707,0.43811142814670945,0.3795982115795281,0.4911471286265235,0.06507735800172566,0.08047247281524898,0.3643400892438632,0.13914996985292757,0.1674812150955381,0.09010947882444345,0.0936194578083308,0.10120500640145877,0.0897390045666014,0.21317112217018133,0.23198529996252465,0.2902838620049819,0.04306209490505851,0.27243869095965695
U_4708,0.030772775293766555,0.03135678147572736,0.4884929278809101,0.06981856731026441,0.12535311627418416,0.8586028033665685,0.10198246942963493,0.5483322040879837,0.06427935092773239,0.10929054431341598,0.10867401112643141,0.16457633531045016,0.09148065832139433,0.10689194378908595,0.044363542780760996,0.2980826493148097,0.1359905381165223
U_4709,0.10293351853216855,0.6282415735928175,0.19952196060463195,0.08096259167607503,0.10547728640201648,0.6634794614519293,0.16315582508802243,0.1541674764199472,0.21718767860464108,0.07664061019572589,0.08149109346483824,0.45939029298405143,0.1731671541375279,0.16990163632999547,0.07932883121118324,0.03797933863483455,0.16040685045836695
U_4710,0.29363667877965033,0.2583453451635076,0.2642907970017219,0.04184941997492577,0.03537331869657149,0.9626034501805842,0.06397435630440963,0.11032504141364845,0.044238897871533116,0.0770426691183691,0.050205243885834944,0.07199542457230489,0.15089211695395627,0.17395484446975343,0.27508871358169673,0.04401340156206971,0.16594740594864343
U_4711,0.3617757652763736,0.30459907558558486,0.29166917603218595,0.05405744205495423,0.05718391299521952,0.8202575076382399,0.08482701541735412,0.09914567357493252,0.058345471721319604,0.07288953334563311,0.08632679217760225,0.05374807372716872,0.1809630316871429,0.1894849317179333,0.3373350991780861,0.055837012927257394,0.11278533534729301
U_4712,0.3542487627946998,0.8785915563837001,0.2659002038595129,0.05029671450882775,0.05599912698358873,0.14882928765298226,0.06036768305191488,0.10043477055518193,0.07091017356986087,0.08472414643421354,0.08928540285503761,0.07955041492704801,0.1885904568104028,0.17554277104349203,0.31324662464294817,0.06212086613272903,0.1419727957968099
U_4713,0.13836402510287804,0.19592361346967144,0.5956961705617438,0.058491339121473425,0.3974931556639798,0.4487160736955551,0.42878561771001666,0.2464626370823381,0.47387443421500053,0.3189478655719866,0.08046484078173122,0.08669615891833547,0.12674588111455487,0.13610035156287262,0.07642777877678489,0.015880635221259907,0.15404404200372535
U_4714,0.35492840044582047,0.31954613172835616,0.3178502232394403,0.055622571366949085,0.04232247542607896,0.15384588725455164,0.0768042722832676,0.11880647480679671,0.7260834157589109,0.070889214322004,0.06958287005166336,0.06457974795614728,0.14454524320440432,0.295571640654092,0.2893502142570439,0.04316209344912577,0.1484993318743309
U_4715,0.24611353096528885,0.3864612227085196,0.27682109959796714,0.0385619328543762,0.31489374217068056,0.14742035597630615,0.48406516664743443,0.26277585706011297,0.3488331366100908,0.22931200056065565,0.07547036421148606,0.5227778685126907,0.15367301426066776,0.16769462511766828,0.10560613210558144,0.028593778816989317,0.16524496354405444
U_4716,0.35543078679603085,0.32616504110418726,0.3130687075938773,0.06451279250142213,0.06793715749905847,0.17026163935384422,0.08726117636748273,0.0997732193955216,0.7571636560327011,0.09849308907802387,0.08317832653668897,0.0725842325987215,0.1984688172672313,0.21442873576198532,0.35571472571804075,0.042262505397061736,0.14110413756298756
U_4717,0.06554519569851414,0.23301016216347364,0.13342221903175772,0.06274832030663044,0.3877636755275809,0.1274277376326772,0.30913166094777084,0.11169313281155885,0.7451471987414537,0.42933377624194125,0.07136295113135172,0.08695603414610169,0.14203591081186132,0.16047568148624766,0.07783714254919985,0.03386077367365541,0.138588987849657
U_4718,0.01839218521041743,0.32473521503055786,0.1494361599040967,0.04338074525403085,0.07418727499360478,0.3381180338399965,0.4245736510260642,0.0926944493833061,0.7373342570065731,0.21389094355153185,0.05943772295362301,0.45418550585325035,0.14026079281333895,0.12250126504883362,0.018862894687494223,0.1441864966447815,0.08999016219495083
U_4719,0.03233196495706939,0.0491389647454481,0.09616379803375709,0.10582091718184408,0.15405736994179833,0.16157293516192228,0.1457546820565352,0.15570976461089817,0.48932877292638427,0.1600036311089712,0.16659782942585802,0.9311900640037445,0.10516706120543397,0.14433937663502827,0.06698687688662253,0.3454151479417952,0.1593804803708508
U_4720,0.08592481007205437,0.10220675341235205,0.719131378711275,0.12981008762763982,0.1415808942978615,0.10707320404255666,0.6579407360306813,0.17864594049726343,0.06427702772313139,0.06321952473130632,0.07665990636030436,0.06202065583841716,0.11445189662474912,0.14509672519815253,0.14430510904263696,0.39660066386006626,0.21225874156534205
U_4721,0.5251135562931135,0.5412818231881475,0.49699036888665044,0.03314181543125843,0.055123176614549865,0.43664020589858354,0.08844596156500158,0.14722054700260054,0.06034156963545839,0.08805869408189886,0.051612479133906985,0.08465109240896869,0.22659945968404901,0.2676837383887601,0.47173436076853464,0.06154884284555119,0.20411362896561996
U_4722,0.03256616520343003,0.06081411419578438,0.7645966156826678,0.09799754576762339,0.14638197779375456,0.1645800610552034,0.1380693997503824,0.12556222032313571,0.10104972492139241,0.19184428080611574,0.19046914891642255,0.16705526269591278,0.1100451043219206,0.1351022893251344,0.05994968781554279,0.8955812824752862,0.13845154910432728
U_4723,0.2654110906199424,0.24733546745260004,0.24870667510455147,0.04720456298503497,0.04131588636940994,0.1588970710187354,0.0433724442095674,0.10158090050677152,0.03450257268585645,0.05262111209300634,0.059999486701637135,0.06123942384927032,0.1276791221253163,0.823171996335208,0.572986987715453,0.34265062237347776,0.15636238706322
U_4724,0.19546677729219708,0.24828741749282074,0.20418444966807997,0.04949746591695583,0.415478265612144,0.46730083717169363,0.10631351049154204,0.5541826264291261,0.16378011668744288,0.07704191767530746,0.0678853529192866,0.4846268536535693,0.13879592453183637,0.15585325581261839,0.11021228569734796,0.02039324377617119,0.5523368223035501
U_4725,0.07661608178957048,0.12309094831010284,0.24491528923825548,0.10119610252494714,0.14893231748157934,0.1576871980284393,0.14825539111484773,0.16037098667577734,0.22844245975694338,0.08879545052260142,0.09518410257937059,0.9453743965173631,0.18710578296247177,0.1984667572748995,0.09543463157152429,0.04148253007740872,0.14674044125485464
U_4726,0.21668525930119287,0.41453297266516936,0.29735598948236663,0.09414018866340514,0.14019103789388207,0.3842204171810323,0.16909251831214026,0.18579483478927863,0.1830044760722906,0.09829215128850323,0.1092026190168581,0.08883380923629791,0.32803864680717865,0.3427095417156749,0.17323466359894046,0.04626916469222987,0.21932601710297733
U_4727,0.2604465554949082,0.9289731617757757,0.24463942057491195,0.06931795248022661,0.06640148721470521,0.23151198296658382,0.12393842113618561,0.11905661744714421,0.04602793198395099,0.06792254474622908,0.06496896338860617,0.0698981218370506,0.16829805232831568,0.18341552157589885,0.22990300251820067,0.03908696982330729,0.693688385401164
U_4728,0.045409472793069505,0.0671269648469631,0.12529245676409262,0.08174314946137379,0.21643122472117096,0.1751470438256431,0.12648746047011417,0.15237913003018402,0.7675223828360584,0.2309481299981976,0.24471567955394952,0.23262503289812228,0.1595647513773244,0.18885908144477723,0.06292743166197368,0.3574637465553421,0.20557208242843064
U_4729,0.230469490303936,0.7750713694486384,0.249312730709229,0.051828760981015354,0.19024411724449375,0.45592537802279387,0.19096377393293892,0.28894828011428014,0.3189317007672824,0.17190322909601186,0.0718286862167677,0.06106507051413858,0.14507439402192251,0.1336176887141201,0.10181233008169921,0.010243568191970158,0.13438414497858278
U_4730,0.21558089668568986,0.18064788039263166,0.5040272301622089,0.03006680955301974,0.04232602269980323,0.20011596399592904,0.058802304040445265,0.1028733843531813,0.437412205027959,0.1786260307437725,0.05367386256387506,0.061159177087839925,0.11356362724746266,0.5691544903341683,0.7511076438993041,0.012154846152757475,0.09191820228990856
U_4731,0.03194371476002231,0.09040111125074093,0.6634309109042953,0.10109259707191608,0.1620878788855433,0.16241259339702097,0.13453437982643765,0.12292494925441387,0.131921936203584,0.14904126368740295,0.15932017547793403,0.14595384015238286,0.1020987603484729,0.16991334785596768,0.0733244645689833,0.9382210702952125,0.1913726214781713
U_4732,0.303875421835387,0.24956361946911854,0.2600696523776888,0.0429750540247594,0.030371685717069455,0.11787894821676655,0.04354821598652712,0.08920660793403794,0.13590574016312032,0.047087932766008374,0.057914632635894206,0.5198807116674002,0.15704961721806404,0.653780669299602,0.48475562226639807,0.033810667993654446,0.15493084493113252
U_4733,0.0215846213859731,0.07730527198775367,0.13076368347397616,0.044012502698354876,0.06348383912627974,0.7254225166382537,0.18750196689113777,0.10143395698480989,0.5611666092737837,0.04646854304756325,0.06509025036168094,0.5639772349582652,0.14714986748614242,0.12013060350853615,0.03860875234082385,0.15410499060961896,0.1018766744837944
U_4734,0.036929111618315,0.44430626270081186,0.8556733220016157,0.08170933752307649,0.14849817686054448,0.12807298662939962,0.12493942210075717,0.14983776372170204,0.08476027377066166,0.17857231939231896,0.179624617631127,0.20054667621519345,0.1346661899312486,0.14905123001303983,0.0680953561198659,0.34972650926415844,0.16887096623362116
U_4735,0.10424726745512614,0.6775229942100109,0.1734807464792677,0.05270888137666114,0.06373279033704596,0.21443923978738597,0.1507909558346909,0.346889320638911,0.3230397265435466,0.07897087260670593,0.07009978444388537,0.06089271153765301,0.14357214567265827,0.17280816955605224,0.07595822845685464,0.40774546764570013,0.11743844466064896
U_4736,0.37098964772991655,0.32191556404838,0.3359264651913645,0.05354644628343652,0.041374633210930954,0.15737022337278667,0.08308493740088509,0.1079534159354185,0.0584141914341101,0.07167631371642387,0.06767509680717379,0.7326899041033312,0.16336587833918392,0.20303293413254628,0.30749749039338964,0.06060002637144766,0.1685617351653323
U_4737,0.034487003563870536,0.13231454309323892,0.5451029221173107,0.07089334260515986,0.10916612021145435,0.7639327279166217,0.4627758257980236,0.2614320559133037,0.5327041446915328,0.069675463417154,0.06529025971265175,0.5142764669344504,0.14079109250410937,0.137629411444335,0.06148475494960243,0.0037512615481480223,0.10706198943976192
U_4738,0.2223725549191967,0.24018427973277043,0.25406778114957,0.045698811105473636,0.04932972260233649,0.6825138221335227,0.08331232316292615,0.1048937317013312,0.6999802232066852,0.05381977879767562,0.06243206546285211,0.06312897674311643,0.12687779977036598,0.15153212805654034,0.12595449883967133,0.029118053006092205,0.49363844274619245
U_4739,0.05481364103706621,0.34715996632761886,0.06354030389980728,0.12276835050314988,0.3107610399515902,0.5763327134829301,0.09735510774825644,0.14456413085034844,0.0380525988339689,0.0693000169004077,0.0779602264334419,0.06606432085572307,0.08363651480178334,0.12617352874155432,0.09377418794392847,0.6596809462984312,0.3713643217559857
U_4740,0.3256068650720481,0.6030353589964794,0.25651865988646094,0.03800394613063099,0.0948009588377662,0.10710120526828565,0.044457192190519634,0.08575611205641831,0.03409302497313777,0.0480609213279911,0.04806476161082398,0.03733123896651762,0.1294256292489821,0.7235496042770566,0.5670317859739318,0.04140323844982669,0.15682090215771938
U_4741,0.21987895026274948,0.19808292765256516,0.6392333262392202,0.03215744088174907,0.13101012318926467,0.856776894471889,0.5422348077518899,0.09711158927252825,0.25804955751271874,0.18391497003680768,0.065675722837739,0.07151352856145249,0.13832469673813264,0.1382996235561964,0.13658844899132458,0.009646006059276058,0.12919295733257669
U_4742,0.22333707719614523,0.20928245651427477,0.391241668199491,0.02851193273831152,0.025837734565898492,0.7028475553917983,0.06972596964022475,0.36995696589813953,0.6074720072918609,0.17707171928022536,0.02684950261351959,0.05763399717114315,0.12102928268708235,0.1351090487072929,0.21197986949512407,0.09222344008307723,0.10572022015873479
U_4743,0.360350965170876,0.30528565534046836,0.2944284766568211,0.048292509188429186,0.05664604147761626,0.9331714489461964,0.0804413145282065,0.09760672479763241,0.04661248516722582,0.05562884346936316,0.05381832258082174,0.07188196588862393,0.1666665940580704,0.19166958322137442,0.3016534063519019,0.036120243708494544,0.16829556920347413
U_4744,0.24626334756308166,0.4787795524003455,0.24378669833368025,0.05292711700521795,0.05472656288409406,0.26081145828355,0.12141830052280222,0.12780845126691753,0.3507313037918541,0.05823924966859013,0.03831074083282174,0.05100424850315529,0.15387440122257176,0.15551036288034378,0.17612516856956864,0.5598755570251861,0.16754986622559973
U_4745,0.29555980116080355,0.2721161726127954,0.274557845903903,0.05344924404974259,0.06020459266804387,0.2406633745689037,0.0770626488082454,0.11869329097212135,0.049269252333999064,0.45638075070896583,0.0534185276110678,0.5634806246443116,0.13023313023957808,0.7656368929444246,0.31076159602262476,0.03029233207065398,0.12873346322904386
U_4746,0.03450305486957713,0.4486653716496467,0.09543731037553174,0.0797945403901568,0.13236790775852694,0.08461065922963003,0.10662398639803673,0.11983377718837908,0.6668455509499591,0.440355655215005,0.19979565603935545,0.17020812912439864,0.10198525441801,0.12834120908507737,0.04729642983297356,0.6015190065156619,0.13882724236032762
U_4747,0.23579777248773962,0.5723778869690315,0.21314359506947808,0.033805105490278514,0.3782652839873077,0.1058803315435224,0.0848666182327285,0.07382962445982605,0.022879738231357236,0.08164935768238556,0.036428458971071755,0.05218367515677143,0.10596119214176147,0.8459399150322615,0.602089360446225,0.030736732745886314,0.1318671739784846
U_4748,0.3609370617225159,0.29951295157484437,0.2926840466314867,0.04882722194213399,0.04134997149657677,0.14914210481248172,0.07673290590037263,0.10453371284902738,0.06032787292512903,0.07571153820903,0.07239780669643685,0.9041701927488945,0.18665649084559605,0.18736666783745615,0.30444906040044734,0.06218636079653388,0.14330406629618794
U_4749,0.2860642068307161,0.31845821361468724,0.3246332972340909,0.05731016232564323,0.08835782452290995,0.25086551527615186,0.30432948719306435,0.5023288411541995,0.16139993450137147,0.1272179752888478,0.11426470387526852,0.08361092797257881,0.1943005355624794,0.19552362588452488,0.1603690461079697,0.03390405417787171,0.19430718885719828
U_4750,0.21593398229347463,0.5396965174006476,0.7332225825708591,0.027439178974795427,0.024649622279946028,0.1892147853934866,0.05882683149033424,0.07879416174779628,0.020806752660095632,0.04590787413852036,0.047028855197483455,0.2179199310051891,0.08573849044035646,0.7951206618000008,0.5587482750791204,0.11884488794419615,0.07859360127661918
U_4751,0.20702834223468028,0.2327844406200514,0.23068858321221736,0.048778295241660365,0.049731171326093275,0.8168680067777576,0.5535191444186107,0.1144580035450802,0.061755622189166554,0.06122646025183183,0.059452993162317835,0.06897509553804257,0.14748391340769323,0.154224685844572,0.11404453136053833,0.027062635827051387,0.5322070139793906
U_4752,0.2331876458728934,0.22295515898931614,0.17859354028327867,0.04536281300389639,0.05045562746870295,0.717733609529587,0.08270332866214548,0.13293674419322882,0.64481839708734,0.06727362167770516,0.05744365966396353,0.07279877337647363,0.14721286668470254,0.15950439273559133,0.13552325666459727,0.043999075282321866,0.7242140300296744
U_4753,0.1922718143157855,0.8515257564857459,0.2116986437608687,0.035207840224438285,0.2764134362888457,0.6104069524262814,0.083887116116619,0.26759156174623777,0.0926288497671028,0.0639931417798955,0.057207072586711094,0.3030674561087881,0.13862309759934388,0.16213994146462446,0.10812041227166805,0.02402676670419342,0.12955074114491621
U_4754,0.25356935602666675,0.2162968960273478,0.8202940560281999,0.05173851445232678,0.34652195190641816,0.668643883231574,0.07237099914415365,0.09296487439650929,0.03566500814614719,0.2355312509138996,0.054963613924223186,0.07085531211312962,0.1428439033319033,0.15723492955579846,0.2137621775631032,0.028304371152818843,0.11462114353984501
U_4755,0.2641533821079273,0.2601765862065856,0.28144468414747237,0.059619448551313355,0.06435139390927322,0.2835439955675259,0.07982819094365969,0.15321489752879563,0.15010488027284005,0.0934279484912372,0.07493450884472366,0.9315246782716415,0.21957360675303675,0.2175310765952061,0.19924247548541368,0.035562665812606246,0.17967216168790837
U_4756,0.032933471260834304,0.8207352616314363,0.17721094857630104,0.10441687760153759,0.16546478702114134,0.14167189455398432,0.1044080456594591,0.1457054539508226,0.12140699693869557,0.18689728277120096,0.18525543972659042,0.159540588172644,0.1058143869235967,0.14567078057198457,0.06579958560000591,0.7295897255344383,0.16720307316199362
U_4757,0.12751913330906717,0.1234893943925604,0.19373191813282456,0.04126750727509706,0.07156342811775764,0.20998943424838934,0.7679706786307414,0.12006447637082447,0.3089003128023618,0.05586102614385255,0.061671985949011465,0.35373001332897736,0.14029495843200004,0.14399607981527984,0.041873763773488525,0.19404306793026793,0.30979584963868384
U_4758,0.33399371234605707,0.29595790342839595,0.28908932809984056,0.04595972333480282,0.05675107602889278,0.28340450237170717,0.0951779537889067,0.5728210100145816,0.056857783731221405,0.6143491266982533,0.059676403229620104,0.07597108233505652,0.15518028482333532,0.17763624116271268,0.3124159382777735,0.037572274355010045,0.125732411197072
U_4759,0.2599583588612442,0.2771025910108958,0.2479346988496549,0.04208704370756978,0.05077817211093022,0.17110041660396444,0.09390958674243707,0.11993325452581069,0.15140073360027073,0.39617896406348774,0.05297165414411379,0.3605905094055326,0.1415113858171547,0.15750904621631506,0.13932139473464833,0.5167941014257271,0.6108906315823579
U_4760,0.32422759961027003,0.30324070624155414,0.2682405150447114,0.04536341467757868,0.04724024142892775,0.26393524843010624,0.07992521653890135,0.11612066201144726,0.6496792359734151,0.06427886272034994,0.05272289602585909,0.07899542782878186,0.15909560902648695,0.18103437112418877,0.28248515793519985,0.05178207435837691,0.15573410893601827
U_4761,0.350810693413521,0.30009184282055196,0.2836533311472194,0.04562915108626852,0.05300518149026774,0.14895857040088353,0.08941096444942981,0.10072061286044712,0.05570716141574075,0.06675797669502714,0.06720320592900766,0.8551504416215099,0.16313793520090655,0.212024893168285,0.31765584516513784,0.04493417608106628,0.15007978303707264
U_4762,0.08392788845088682,0.8736623300352158,0.17443948484058477,0.064135694207036,0.0768387431186866,0.5575666964544788,0.1066671756731523,0.12736828933622146,0.5876847685388387,0.08414525994644495,0.09345322083118228,0.0902944936598518,0.12143960642282038,0.15011211560690024,0.05229789932644465,0.02237244103770323,0.291893543517985
U_4763,0.2538585841279149,0.24228382817787614,0.17817252176792728,0.04171290807117338,0.03363200605382564,0.8572319131609925,0.06769989274997444,0.113653513112719,0.5971795560853499,0.06441855826806078,0.05106958573703955,0.08411885196237105,0.1212007120901368,0.1529219768529906,0.2178658661403591,0.04929911896961381,0.5756000366330396
U_4764,0.04537945303954605,0.055063331809354125,0.11202030382610875,0.10285298941362889,0.16374216154600912,0.7467459049609615,0.14566567848661335,0.14517785409751188,0.10907905135896777,0.19776389632745484,0.18083450472528032,0.19836278136457428,0.1343143667314821,0.1852647938201697,0.06064316696201126,0.38613240814768374,0.15889430791212178
U_4765,0.2945101648804896,0.6256129967411048,0.2613961740302858,0.04309044114716482,0.056511485871108734,0.5473545484184945,0.07501724213795989,0.29323034134056125,0.2116915799407601,0.09576660922450919,0.055223392813231596,0.07364257847415345,0.12177997317484719,0.1817732274355094,0.23998909640712301,0.039722847462159074,0.12927216185935378
U_4766,0.5928778512497288,0.38578634386475213,0.4359826036019182,0.08469924853134901,0.07399638154640435,0.22547613841308975,0.10573503115412584,0.12261029624764505,0.0796486013914064,0.09496742886136489,0.12215136605632308,0.087919827010609,0.2821003651004256,0.19959692551518346,0.4560580688787281,0.050343051108502304,0.10818127834140366
U_4767,0.3242519897360138,0.8667584691866936,0.2695389311986302,0.051401383381329976,0.061530024506789294,0.23610345493716015,0.09313187394195545,0.12372425689648547,0.12577643987781317,0.08815042192734025,0.07284931336863865,0.07018315714648296,0.191222507310186,0.18533651577362928,0.20204188558679564,0.0399112251835642,0.17784162263124767
U_4768,0.06828152543356682,0.13367378296579568,0.7950160199354608,0.14835726671408309,0.17594584297844457,0.195656551117037,0.14521053036616127,0.14766451161540703,0.09013527979557243,0.09366655477437709,0.09314992828720155,0.07395874085158607,0.1348546309268301,0.1736677967857224,0.1039151796192688,0.5044822504073065,0.21181135099744713
U_4769,0.04474245139261102,0.3458068100840564,0.09091348673016439,0.10545147893829238,0.16146520848295978,0.08792230571757292,0.11791919958895428,0.16169945566615432,0.6725787173515076,0.16446340508440171,0.18541134431469689,0.2202511819231985,0.11091153709542118,0.150894183954605,0.050316349662976816,0.3494659971082818,0.1893806913014512
U_4770,0.17238842904943838,0.18508170360641032,0.7866739640437925,0.029504735976469652,0.33741029028239156,0.7707119846093871,0.06544926949199516,0.10254651045630392,0.21004111012701682,0.06488466070422377,0.042547711534562105,0.1979080522903264,0.12154422526343409,0.12559780907001825,0.1253659475588455,0.027621943751146415,0.6056729772779241
U_4771,0.3233254793671901,0.9610692911076735,0.26726844456667376,0.05215370175938762,0.04651881466677494,0.1412849541343222,0.0656433085738507,0.10330712029771928,0.05167728162614966,0.06406608292815262,0.07568736503411577,0.07797484153786785,0.14343412831377217,0.2033472940867008,0.29217826521930446,0.04091185512280843,0.13952281644770917
U_4772,0.24042791574291886,0.20820071253702194,0.8587422668488685,0.0405262121866413,0.05394754089536773,0.1424654135935993,0.08939461645740011,0.7269784732882623,0.31864995236003824,0.08267722630991123,0.07041880437525194,0.08464866607375275,0.1429801805352773,0.17784192454499057,0.20006685193715576,0.030393732622437955,0.1200371750123271
U_4773,0.28587282567986283,0.29956872605851453,0.30516091611615603,0.053654566043799715,0.06220841333984316,0.3093234593122772,0.0826238604213811,0.11966580685908627,0.05306504159125595,0.7059413294345442,0.08475617215520591,0.08574608984304745,0.21976082496012594,0.20000238975040133,0.3415680740824139,0.039943407187065745,0.15589744886505283
U_4774,0.33721645417917256,0.27211925207969617,0.25433233680903317,0.035587398570869226,0.4626555507235611,0.1745508391438346,0.07440863590140621,0.11072637523918764,0.04758620448251025,0.06406791633209999,0.050658395556308966,0.06852376108931961,0.1480906680841421,0.1757820393022186,0.2837139152934858,0.5817999868150783,0.09696026354181476
U_4775,0.2968967242159902,0.26226332447634276,0.26884970258897734,0.04041580603534381,0.03900651627186925,0.1743802688767448,0.06691788617967011,0.5439961698114584,0.05747408995826813,0.07539436060575525,0.05404287145728201,0.052765306335426525,0.16299372088538425,0.18697966351572526,0.6848002624294907,0.5376327458642705,0.131643187705384
U_4776,0.05774168898072437,0.060439155493722314,0.4513587005833852,0.09569524877554332,0.15432639644274873,0.3496041987555952,0.13868820050496222,0.7155455627221556,0.07395669781643133,0.17117855958032718,0.16603625282929388,0.1434152096368788,0.08877151949051801,0.12452205140183839,0.04294562711006067,0.39665252067919465,0.16595330113251736
U_4777,0.25164790750281807,0.2176615033734297,0.5327304107704376,0.0311025839516093,0.03221930547228042,0.23718329948213987,0.062394968576223786,0.08818451865257412,0.5712207210248166,0.2427112089054985,0.04334998568546679,0.053389791418362045,0.11467577015682914,0.1429072120714983,0.24872489586116714,0.033248950781972084,0.6434196658970579
U_4778,0.3164875472854109,0.2686318512507103,0.33698786978364104,0.036249331711948836,0.032917492242052114,0.205414380191816,0.528864658389669,0.3526673444001917,0.06348639081883997,0.07391147232365985,0.05444335250299529,0.09443066353904553,0.14907504142787298,0.18143630036234176,0.2578505311482875,0.331221901200776,0.08616941659873441
U_4779,0.38441511200736495,0.25527589106173504,0.5340277628307413,0.05672954527252329,0.11766712354691138,0.4393513888176335,0.23069497636580621,0.21077943840585917,0.10117226726098176,0.12222467560748561,0.08766784891253744,0.10589026779842668,0.2339362396070994,0.3117077395019827,0.2457121902289647,0.04541374834091305,0.2661220374103619
U_4780,0.07962570902055396,0.17075695302439506,0.2433932166628083,0.09205445289292379,0.1382749924215424,0.20337717096119262,0.147396305962999,0.766144097997367,0.16780637523680692,0.1766209554942684,0.1866376330243735,0.7714954885342495,0.15251528552654697,0.1740269155073372,0.06571904910239276,0.10417158033416966,0.16768680682993897
U_4781,0.2741349141151283,0.24437891929510694,0.253548666692138,0.04343114856320164,0.0386477884096654,0.14463360747891124,0.04134116383568509,0.09332853302428437,0.40361233034117516,0.046524148400191825,0.04947193208817503,0.03682490149802261,0.12287557615549738,0.7996382378012672,0.5968377857390981,0.030214939852382668,0.14955108808147338
U_4782,0.3217188566073747,0.23389251948499792,0.6754632033283932,0.04165167230622636,0.03507809708928034,0.11422552484231997,0.23508429661790928,0.10019442574324905,0.038872274098542846,0.06909325625298376,0.05534898543978868,0.5148756129454637,0.1459158882773857,0.6066990566804566,0.4649635991968049,0.034518817624829085,0.11313333098610896
U_4783,0.10039450652391056,0.16210135630048228,0.23279649900027125,0.07685867033728633,0.09209808601185795,0.6720236687656456,0.1790376416406834,0.131896532270462,0.18931203987828585,0.5153256334695266,0.06507460141083737,0.5101533425646803,0.16190904033555845,0.15380026587447496,0.08656867589971257,0.025848494850592128,0.13581224792961188
U_4784,0.366208087021541,0.3089535942832462,0.31093617729692735,0.041399551866361954,0.049867794799976536,0.16324187557987502,0.07370623524010551,0.10339137964443969,0.7089499705998508,0.06027106258667189,0.05716875615787943,0.061312311044548984,0.1463347667994994,0.17988869581728964,0.3098807590286262,0.04764190461298647,0.1474547156897208
U_4785,0.5654247670691677,0.5933393867945633,0.44437516341575267,0.031839742786543335,0.039901807394003674,0.2713832737018462,0.08805684740221842,0.1437836576005381,0.07282509050361649,0.09230707767807636,0.07834593695056563,0.07541806311891519,0.21015958642426283,0.2754426174956063,0.4397270527323196,0.11663882741222427,0.20738635155149204
U_4786,0.2116528484169486,0.22693222090131565,0.9185895079730009,0.04163934586658454,0.2634918631386835,0.2020441020302065,0.07728071341497651,0.3198101918844323,0.33685927775619257,0.08241710175117259,0.07794346322340433,0.4007552610872124,0.15190325121129708,0.15835078964207613,0.11232955205994939,0.02254937929420526,0.14917697660149362
U_4787,0.07016205791053985,0.16912328918335764,0.694819484981811,0.10410827627457882,0.5204296800533397,0.19281543231280807,0.1573192356665456,0.7111195860530666,0.18194803438661014,0.08418650734374611,0.08162093005635188,0.8167006526662102,0.1441165932400298,0.16373569762165813,0.07783304168138012,0.041658990433759646,0.14919502853282837
U_4788,0.2581992187294055,0.19331418014498153,0.28899267060303585,0.07331949592763166,0.07525202235184364,0.2201482581155963,0.17698006666926963,0.6341619921446766,0.07051736904526851,0.06022807959345669,0.05832929581236072,0.07434624792386241,0.1593375300181988,0.18854878130114636,0.16304981085795273,0.033269002016128014,0.8050364423840948
U_4789,0.09375797306577481,0.20518837485376387,0.2429057016936055,0.09563776629878784,0.1232072621280841,0.9268059407071165,0.15524984461316343,0.14539839249912948,0.21013228214556262,0.08024784448757878,0.08695463031430974,0.4944112437928955,0.19714194088502718,0.21049600465145557,0.09939129196555795,0.03584991407231677,0.15291655215852545
U_4790,0.2250413715191098,0.800271538988985,0.21997340349225283,0.044373708841155025,0.046110201199713444,0.2568129230651612,0.07068878720645524,0.11204583323447652,0.5098329803924786,0.06053229132031095,0.0631325002302543,0.06658437367769009,0.13962312500870122,0.15022166771475734,0.15559020592112002,0.028282291705677736,0.5259098450559823
U_4791,0.36747549951559855,0.291078801169476,0.9833950741997095,0.047613611818146176,0.048824981942810666,0.1581392453121209,0.06790028646132949,0.09247123651538139,0.05675654014684378,0.05852725624523906,0.06059424297587465,0.06016495131390121,0.15956098150921602,0.1802162514518777,0.29397812198403245,0.04284189805807501,0.14823369426767402
U_4792,0.3243423069116305,0.293753856834198,0.33022529106507176,0.04248910249627305,0.045467677227534725,0.9127075786571928,0.08513017336064302,0.12642016443668658,0.042969787073607414,0.07374270001282593,0.06174310012764592,0.06574560289789798,0.14323569133579517,0.194877611897658,0.3343809691620604,0.043960499113175004,0.1793263395217108
U_4793,0.5458918670032049,0.14815431406797575,0.5684184895026665,0.048268398287365746,0.05266066071746084,0.16968557807873438,0.14049835341438013,0.11149706854948818,0.14551881071224862,0.05886090284202135,0.04724117419849957,0.5053645139460168,0.14233215835640595,0.13159549957930539,0.08755208965845097,0.47494779417743327,0.15544620103053833
U_4794,0.5196387475306243,0.43190619489185894,0.5492275452539752,0.036068444053022446,0.08071985953736392,0.4072391062915888,0.08494244267548165,0.1528351860965276,0.05435610651723803,0.08327775575365627,0.054175989162761264,0.07745354164257219,0.2229998184589198,0.2741232149139864,0.48694798849522064,0.054592603211925494,0.21274802232190013
U_4795,0.062424208809899726,0.11021932121108922,0.09558314533917049,0.15640786057208672,0.15839012977580696,0.1020725840615866,0.11554723363105847,0.17255038886450258,0.6618086310439051,0.09228176133673449,0.10428641840489312,0.06905573300795366,0.10197198066543896,0.1279016440447613,0.0912620870791062,0.3858749345767132,0.6200913618551633
U_4796,0.35220130961682117,0.278496906122757,0.2499922201510864,0.03503836381735704,0.03906335595833134,0.22122686979396705,0.07300189295324529,0.10147190709465655,0.7304069151439885,0.05277723927898986,0.05402139801133136,0.06854240110625417,0.14118965375044232,0.1882071670050761,0.27963128318065356,0.056087973217247324,0.6263538286613812
U_4797,0.26227815509908475,0.2350729524087909,0.24873990729613837,0.03205934282075338,0.04550967560821738,0.1114155189314497,0.22143059472055512,0.10507658925263869,0.044564971264841914,0.05120928316162703,0.053501751059147,0.05976803933375134,0.12179999957285859,0.7017048493742335,0.583776156473377,0.04692870937944102,0.1754950284359273
U_4798,0.1779991703476907,0.2496623449833641,0.904025899628937,0.04904579236722762,0.062167826996754785,0.241410823846719,0.09102662000995197,0.12540833855636022,0.14346338596432576,0.05428090101071753,0.06452711467310221,0.06320354088821005,0.14922942721627422,0.1432448922227271,0.07959724844671591,0.03383673395410647,0.56501283609138
U_4799,0.1578094640176649,0.47496495277992357,0.406657960994404,0.1406605420262641,0.18017211892908055,0.28684421222268097,0.2508756781025686,0.2593820744111255,0.37022897046657316,0.13843686613897876,0.10925425066296099,0.1296811230130774,0.30064833972871263,0.30968069824246114,0.1513786576653195,0.06133298566578199,0.2276093966013332
U_4800,0.30178336202270384,0.28238888565182374,0.2699112346529364,0.0591761646847671,0.06464818975457207,0.29389211275034405,0.07107113218416308,0.13645343343236033,0.8175380627351319,0.10069609338390242,0.0766684591083638,0.07022037104888784,0.17616175060821795,0.2173885205315186,0.16953303926707294,0.03453162331101029,0.2851046700462486
U_4801,0.11172263867254696,0.18351841503218927,0.17333130406689634,0.0957854711779378,0.10655276141560649,0.19060035217729582,0.17152445676242237,0.1572511809333955,0.7316433377450677,0.07131272248329233,0.08196202821114291,0.7963223595190168,0.18576408427695468,0.18561680296032798,0.07981474011212408,0.037186719675504666,0.15320774081007432
U_4802,0.2949099307283882,0.774958263457834,0.2525202284237961,0.03587071516644547,0.034753458377712966,0.09159859170144667,0.04492755818347989,0.08543540968935415,0.03360981802033139,0.04113361551501881,0.049842784611161164,0.03918009808780304,0.13642556355759142,0.7461654571852037,0.5053023738604105,0.03487715747358401,0.1411765796708722
U_4803,0.1503091224489915,0.27430851774266973,0.9009540495725985,0.06803472766185542,0.08525151928967219,0.2197067503782175,0.39309014911906687,0.14323773002512263,0.17332846764396392,0.09245959765527097,0.09613216198037917,0.08408509773607804,0.16056760078790297,0.17614717475921793,0.08132233953029319,0.05940364417326676,0.17061335550642534
U_4804,0.057948667137080155,0.10620240066370897,0.11953261927636064,0.11902576935000121,0.14140605145736787,0.10734973647874341,0.31147752281149393,0.15474654694163292,0.5577518970398208,0.07498715838812849,0.07510365200482562,0.49011356491130426,0.10411379509832815,0.1461084414259264,0.12231003683136417,0.32507953750314783,0.16760346590399416
U_4805,0.06372892372786802,0.06995149258373089,0.10268287633099211,0.12286749996599687,0.1612476517479565,0.5176680887043841,0.45101951136704005,0.15638753252519066,0.08443405162756393,0.07833832043454556,0.08291514585145073,0.07927940625768702,0.09133259261487563,0.12697901973770157,0.09943947185377129,0.5370236283092265,0.16445233838303527
U_4806,0.5059249335545271,0.4734029311177452,0.5773650269814619,0.03923487246636393,0.050132493982708144,0.39506966004599336,0.10080912269053055,0.15512311658579792,0.051358928590685776,0.08506626415079299,0.04863724462086005,0.0723748320110374,0.20238266019389212,0.2772706654363137,0.4646723416946666,0.054453817717926345,0.23601241987536117
U_4807,0.06056871287291753,0.1415714311370352,0.24558926079430984,0.06252142906251493,0.08323924031856256,0.6574635641204529,0.15407525115794707,0.13379294439056066,0.5284400566043068,0.06830320449303492,0.06619980609374541,0.06614022029847139,0.14447415526639443,0.14071052877214302,0.0567193156013159,0.49234682193375795,0.13033086986376255
U_4808,0.5502821894870875,0.4689200425148596,0.5345485117518813,0.034473405077393014,0.04836220398040899,0.4235969931240377,0.0873834686518532,0.1536152557957002,0.058608618211227655,0.0895516394779287,0.053007630568794706,0.08087330212838907,0.2245248888258142,0.2862625760392605,0.48881329241379157,0.05755353497796259,0.21800279141899073
U_4809,0.2564769361867059,0.1974011724041678,0.7954885390558903,0.03833576113509259,0.03161003518147736,0.1840912683094643,0.03785264849859346,0.09218365675796147,0.024671016507490266,0.05824885544792349,0.0453058624463081,0.03414704783594914,0.09963803993840264,0.1334064343808815,0.871754089500957,0.179102715353914,0.0919509776130275
U_4810,0.041075394603415985,0.2145181416652913,0.2285267045917176,0.14884520493339273,0.24694531107186493,0.15247629803365279,0.15837577278730117,0.1999139413802144,0.16286755882612428,0.220365035695464,0.23443435411674524,0.35747903585324053,0.2182360973368904,0.21087105591790686,0.08849564269503193,0.48373569443049785,0.227643216878428
U_4811,0.2446531180491125,0.24390681373203982,0.1886226069450715,0.05089022479634961,0.05279907618483426,0.9080380643349153,0.10271018265984344,0.13016530654487327,0.07776662888792042,0.06032596778964411,0.055334615062755894,0.06685033528719175,0.13747221683824568,0.1855315017796516,0.12778712808427797,0.03672546886094596,0.6891234001850008
U_4812,0.3744015664195639,0.30992342572469106,0.2853422530650777,0.0434538429603393,0.04943335078146388,0.1681106320933115,0.09147955028268283,0.09611135285096527,0.05917098193758612,0.07522788458738888,0.07335626129107063,0.8414776132983337,0.15598739088507055,0.2158466848646703,0.31941757644884033,0.04959939719590793,0.14037230815286827
U_4813,0.1571445662719771,0.19011188561290918,0.2621137209413439,0.08492378091816002,0.09685240492052719,0.8952775787363607,0.11777892458943089,0.15318440343806736,0.13207784904509823,0.06315993322626354,0.07456769614255779,0.06876866477131482,0.16739336865098067,0.17564559909519464,0.0950098606719002,0.028561860796891683,0.7020553571160719
U_4814,0.029560098371752528,0.026785118462355807,0.3869029859183833,0.08035177902134488,0.567593412023899,0.7534206161750145,0.10561728439159232,0.13219761540151745,0.24129988291216978,0.12388611914791539,0.14033150454549925,0.472310896505743,0.0999202087335094,0.12465153624196851,0.03953531319157458,0.31098315742265487,0.15454184093466145
U_4815,0.22119923086191465,0.4403668201463413,0.44755549341693246,0.023219002487945027,0.03418021182066329,0.38308758385377034,0.174108250425259,0.07502757630802878,0.13725508055715643,0.05535785072933756,0.042141889831918446,0.06370818597722466,0.1155961713032721,0.13903540239249768,0.2238950473873282,0.11501053858614206,0.7140688378346125
U_4816,0.23835272431804705,0.20388262269895338,0.2330497970785953,0.0394354113978054,0.17349452599385312,0.14251373498771353,0.3893654789042991,0.08522337162419284,0.03157997855371073,0.05818553824441895,0.03966213494495792,0.0648103643398975,0.11260511572986262,0.8118317350475248,0.4696989574342166,0.2249376625555315,0.08832754419453698
U_4817,0.3024659654604625,0.6222738880970127,0.2736966601000234,0.03319832287985366,0.04813109349622594,0.2338900522729707,0.05664984152948041,0.10363829533222065,0.043598145352906834,0.07082412453026528,0.052484683552533024,0.04115105820098002,0.1247928792753224,0.7484133413498273,0.3445786014778495,0.45669658080736253,0.12839828898007158
U_4818,0.18437513713569859,0.24208161414584886,0.22706176800732975,0.056818905041857326,0.07593549318211537,0.7662473453558782,0.09130903555084971,0.11754226889816465,0.36059724398100057,0.5440995591669839,0.0694931977355513,0.07899837741459803,0.13294953048209318,0.14800383485000568,0.1183394611134814,0.03812567675602769,0.1438748017581371
U_4819,0.28907221375611314,0.8403986478881227,0.2521593129665439,0.03842784084683042,0.04159893733238006,0.15985532367730845,0.05942165644011605,0.09521688045331747,0.053833792228868325,0.07935032708848697,0.061044313913688766,0.6077695866901573,0.16075544484189927,0.16181202829006586,0.30169593797585764,0.041626543679988574,0.12197842558120175
U_4820,0.3540653352409275,0.29942650921164304,0.8788138826250098,0.050634657679619166,0.05412435124699437,0.20802997594700762,0.0964150135101445,0.09734353230551562,0.05111437313563018,0.055818485487819376,0.05366664763054031,0.07110571278378937,0.16302859069114164,0.1769600027256921,0.29858534256868646,0.0417288785324062,0.15325312811601421
U_4821,0.23396051005042973,0.7962422006790375,0.23127222191455318,0.039302050456275675,0.2626186909560458,0.2366761250592298,0.08445124488000565,0.2699410219130166,0.06385446732573619,0.07213949675445848,0.06144857361238966,0.7570036048855424,0.13711341615637984,0.16794836162911408,0.13271130702311612,0.018118492798240685,0.1265758808194151
U_4822,0.030820185238164516,0.07159701652938366,0.09925099887901244,0.11311163608202264,0.272730686910041,0.17587963253338068,0.6454658595010545,0.14394438449155433,0.13785994482800207,0.3014155692292193,0.2924742314311371,0.2578722109527267,0.1569910306936423,0.20432258221240476,0.07758428553597292,0.41935499731928405,0.19327952043924984
U_4823,0.12436669396815167,0.18769758151145213,0.17516966991905028,0.09064642154261877,0.1030620128559388,0.9398339928891073,0.13555787387329296,0.1438523576990778,0.160935577952419,0.09397207340594693,0.08720161364599467,0.08261029240030697,0.1738407490373158,0.17809697618113077,0.09315723985238757,0.04763904864687691,0.1654111309581572
U_4824,0.4041315021402076,0.4708993389643692,0.5065852417052694,0.027743785313430358,0.06344871914186966,0.3486852636801859,0.12668048310052396,0.1662501804618403,0.35951786150718246,0.11271505689159297,0.06990666484997302,0.09761271281876494,0.22451815375027417,0.32032626254645524,0.26332922220245714,0.04114740153606656,0.26270627739874847
U_4825,0.28699398781206026,0.24289618601690674,0.24853006311819237,0.06622977078156154,0.032043970172359944,0.5017983385879878,0.039392923804115854,0.08272018199271212,0.029058250490962747,0.0465987331811593,0.04283154433972455,0.03098917209942887,0.12252119182266928,0.8016380482808534,0.5408479164187734,0.040735317117242195,0.20428257014322984
U_4826,0.09002107272994056,0.15403410737823167,0.2509603331418965,0.10115326428523995,0.13036272671346494,0.21610195731408738,0.20701946409340394,0.2042740164362507,0.36458926137806935,0.09256361448951884,0.0927126010311191,0.7286393237423128,0.20888637833377705,0.20925005858919224,0.10511910843453942,0.053447496377504976,0.15536831499001688
U_4827,0.3426728080670208,0.27868789388668913,0.2674098911979076,0.03639113137583373,0.058040111969953144,0.14755637559865653,0.0649063515244769,0.11473144516085536,0.05102646120248236,0.5031653531638987,0.05376002432459273,0.06161252464383539,0.13073753549389927,0.18997442340620702,0.6243176121534177,0.4122418132010457,0.130655513870236
U_4828,0.4682781651688967,0.20823781256646423,0.48680322826589767,0.053126618208949185,0.06203247682572184,0.21436037065467795,0.11508163558828721,0.10728919352688013,0.7609176600902672,0.08957572410933379,0.06707926515102709,0.6859427994029534,0.1416211880370125,0.1526932853987657,0.09879736122995741,0.025749674424570802,0.1272418989268625
U_4829,0.37670059831349795,0.31474501208457906,0.2939392406562174,0.04180176229468975,0.04987500209252076,0.16651665482440098,0.0893965593354596,0.09324727524984579,0.06151486356468226,0.07482516698768975,0.0771489899888253,0.8525045058776342,0.1556001934726437,0.2174738815325456,0.3142859357010767,0.05200525412331401,0.14057907968419348
U_4830,0.38155177131273177,0.32569720724381696,0.367559974085963,0.04594597059926865,0.052688024059755124,0.2754200405484632,0.06901441513106675,0.10102449828547626,0.04530296020126652,0.06671247293482181,0.06187111417069266,0.07140199821883098,0.1700649332971873,0.19737018538853837,0.3428919049589738,0.6222709853078627,0.1822215141354525
U_4831,0.06938412411908505,0.17106273389438809,0.21257528915286023,0.10827065558927318,0.11119031199908816,0.3043164291098175,0.14509353207467812,0.1703924238003361,0.14255087958391874,0.678780733042676,0.13155236106038623,0.07705639391328187,0.1538036572247333,0.19330849814538265,0.08555991940508939,0.03763308517306615,0.6952361686419664
U_4832,0.25213949890616,0.2274559209886919,0.6266771387542802,0.03130167734407733,0.03507146570313753,0.19736133410172502,0.054021719640367206,0.0902813520752444,0.3058743246849413,0.039006869532615174,0.03812951330639373,0.05938234100607199,0.09449290085589666,0.6342621658695211,0.709476381284476,0.019226411828697054,0.16552251448354985
U_4833,0.36251859179021206,0.31613935780130725,0.3517524063494756,0.051362030979394756,0.04381201142922446,0.18678072444552646,0.7075889377577511,0.10405247439013231,0.05118773230439332,0.05952284045224194,0.06261738723136244,0.09587851312714543,0.1832202246912133,0.19715353157811252,0.30359707207495173,0.06391351788266021,0.17913796236458265
U_4834,0.20824270425524186,0.5240727968956644,0.7624711944230054,0.028901407154302505,0.08549776384079492,0.23412511336393108,0.26645589778474615,0.08543612476458826,0.3097557336857528,0.06939062248354001,0.044243722323100185,0.18794889791012664,0.1290188916530033,0.1162928689469668,0.2022894566213,0.01677825772091258,0.6328384418851238
U_4835,0.20912847932555734,0.820106922835173,0.543661600252306,0.04438894481696943,0.04561245415640618,0.7988306245579178,0.07322551031352195,0.10230590354370288,0.08819863500142686,0.06219009907522799,0.06957341460829483,0.058810569855430796,0.113044831510897,0.1386420788375165,0.09694557213323518,0.027432755826420074,0.13365143737752824
U_4836,0.35790538163146585,0.30386130382053783,0.297489549099265,0.05315458051651174,0.05422154615031864,0.8370153798112845,0.08663141189996851,0.09843232303783958,0.058194275885367776,0.06784830498616208,0.08615588973100828,0.05360377936782507,0.18744199420205288,0.20297798207836068,0.3248900901064829,0.05036111863700931,0.12178794179618714
U_4837,0.2600916742515363,0.22959494678582307,0.7104566119882074,0.05158795387918352,0.04236213935417422,0.18471391360017592,0.0646942341368011,0.09620570686202107,0.03521613197936345,0.06614043947162465,0.04834967068138921,0.04646389586419773,0.1273380697017547,0.5515673238665664,0.5878884616684263,0.4650819217944315,0.12454830772141112
U_4838,0.5825254472920129,0.1593103597675686,0.592131190206201,0.05181132033730503,0.06202318929622112,0.22960638042351328,0.14402642480660893,0.11850699040717026,0.05605588954389455,0.05165106953131167,0.04137358620513065,0.4760442185118274,0.148600829236266,0.14422173603694588,0.24124342329786805,0.05288166040836566,0.4200227876746239
U_4839,0.2638136962322704,0.5320555061375365,0.22028521753647815,0.044478935075437494,0.04206537279753485,0.17023977268481275,0.048807369055073484,0.4567376181153554,0.02690692655651164,0.0455405143679005,0.038616992339443164,0.036558681723056825,0.11292542852988924,0.9066998786472771,0.5425614607577034,0.03111461900571695,0.15112632783095575
U_4840,0.20882654136907455,0.438047450235184,0.6117203021919675,0.03125637138471398,0.1960329138841708,0.1334466578553072,0.1374008706610125,0.09190470958372592,0.019807942567127233,0.04812249935456493,0.04282737236705383,0.04492541439940051,0.12031435132184012,0.3792811353980503,0.618054288534271,0.1382551990101274,0.0909785890151388
U_4841,0.3475257708931309,0.30047152203260363,0.2920739485792201,0.058933411829573415,0.05344586941771928,0.8514391689412226,0.07649573746235977,0.0996247688925074,0.061041822805540866,0.05445328274619587,0.08152084383446849,0.07067822681286076,0.2366070183043641,0.18397262325549094,0.33487297081342876,0.043374344903390864,0.13121834568862073
U_4842,0.03853804537261353,0.029195398637588594,0.5298337784753997,0.05890701641867308,0.41148291983044366,0.12138261648518914,0.5510997630586838,0.14576070553157827,0.3882457393864506,0.1490099158582596,0.1306548619237392,0.19632464387398604,0.11015069611347053,0.13018039156877884,0.05469354161960258,0.3509199572884777,0.17133631507696973
U_4843,0.333955265445023,0.330193605761113,0.35396140502172924,0.04456115386549524,0.045338368482889795,0.24004845126745417,0.07099421171395694,0.6223527275152285,0.04941472808599003,0.06702465224237045,0.06468008879258094,0.09341966008703483,0.11983079607101421,0.19666862745151412,0.2740633402420523,0.03940447582684202,0.6492415892035996
U_4844,0.30737939075822246,0.18719205081657014,0.2822844846794674,0.0728273826417309,0.08091196086950574,0.24180086765104075,0.15804506709086868,0.12713256720233104,0.7476174578398458,0.050024236617777475,0.054449836255959616,0.058926069020117836,0.14383038603958997,0.18123657163949053,0.20829628739472347,0.036345557036251155,0.6379314404093315
U_4845,0.24756598894937248,0.20824960668791015,0.30983662840242204,0.09018122978870008,0.0953901193309773,0.26750778567102795,0.15407620211193085,0.15204651157846763,0.1436039418832117,0.1432398256900971,0.13470205220241027,0.8135624024856571,0.20134662417819046,0.20713744780586107,0.1374403712994661,0.03440477829128925,0.18446028355029118
U_4846,0.25481705909504854,0.9089263408694157,0.19647100915355906,0.03501919960462131,0.04164304148596767,0.22966492647597883,0.08757780023506062,0.11204717623312907,0.04282197507362382,0.0644984491836925,0.0430201684699933,0.053998264156310545,0.12030297450743316,0.14695321633315214,0.12432605263656626,0.22047108256007894,0.44516500040953066
U_4847,0.09980638204790032,0.1320014335307194,0.16097621654289385,0.14494693952696197,0.17871611517385244,0.14957299996194856,0.12139195637564626,0.18794816852226487,0.06281482058195073,0.10626117312399204,0.07381680381685739,0.08148175936117036,0.11547374418934452,0.20262335413792606,0.20664717233959934,0.702621952786517,0.34582935155119504
U_4848,0.2587937844829104,0.6831498774417162,0.2679512458281506,0.03817627372879661,0.06024672988098909,0.15076481768580446,0.08546118970686985,0.3456234463570113,0.247436846050325,0.09063533142618461,0.08341594948913114,0.09695130042955091,0.12304533783727971,0.18650209754055455,0.2459837357174864,0.03807023818052039,0.11470145470793491
U_4849,0.376221704890322,0.08181923710285391,0.8106181862094974,0.0871568615574262,0.12052096953783388,0.11347975277793282,0.1465005853882098,0.10853690290214361,0.11457344772907156,0.1275296915315667,0.11275338931814845,0.49311317669135596,0.07297908644117336,0.08811299778871338,0.03651914478651424,0.1643133895213136,0.1167308944610176
U_4850,0.24588007125692188,0.3335650915139913,0.4720216152799613,0.13128435416307307,0.1855590240666628,0.3962988965042074,0.22509697920313676,0.22838449619856008,0.3336972277511569,0.10883350982934796,0.09935606193556731,0.11916149094148748,0.2736219022042119,0.2906971981633577,0.19044667877374635,0.04715918935759221,0.2538181782867393
U_4851,0.31688290530814855,0.2591540040534811,0.5943139597193878,0.03931775743311518,0.041902024878027036,0.16974396302504008,0.0684629574330234,0.09880448934560375,0.7613632085486359,0.06032590204570221,0.055337957465299605,0.08368249235870205,0.15862555087778263,0.17031450875872137,0.2769702390253677,0.0405742447478645,0.140819727406807
U_4852,0.27918994569024735,0.28592862447106604,0.21437324381597928,0.05441005191443077,0.066621376303379,0.2961478803276366,0.5562411901893329,0.6842129064389328,0.05976376819767069,0.059009423598467885,0.0613769273215375,0.10287575906957858,0.12735950647491284,0.1688227714709397,0.2534043645421102,0.04472543734834886,0.21007929482671453
U_4853,0.18389486386449516,0.226123103363308,0.18932776454739975,0.06823048892683294,0.06886240376675763,0.9645824088120527,0.2838064870766445,0.4371448759501324,0.1180045158430708,0.09299466650907973,0.09479790387182431,0.08280143057678477,0.15543363296290896,0.17386729407183799,0.08052224348417336,0.035542368070865304,0.15497031118136162
U_4854,0.2573430600283531,0.20477960177910282,0.20287109078866414,0.03472798443360289,0.025908293258291998,0.546839921477412,0.05064561966875065,0.36327248119668865,0.02734676771034505,0.04824275916430482,0.04064711243083503,0.040619813770848216,0.10817464716623175,0.8164315527615356,0.715852011762145,0.0296087517187518,0.12567612525587968
U_4855,0.2447325447114999,0.2476549524016029,0.24117315508115886,0.04642727075082481,0.04768904285714662,0.9274254633925019,0.07457449968533549,0.41503831231036536,0.03189310510849489,0.062081400856017904,0.048400242071714485,0.07122891385498259,0.09999658023583628,0.15013187118017537,0.22804720747270568,0.0269941367345775,0.35268866376181
U_4856,0.021337854963880368,0.13287517049290934,0.11040308568457358,0.06346611795496662,0.07578490787630872,0.10721055074767066,0.16109885373461164,0.11458630201235322,0.8848654324537935,0.18534061967063,0.06627296081207383,0.545107166599405,0.14934962738516458,0.13471463899530745,0.0474781581782332,0.2893433964101738,0.1210461118423054
U_4857,0.2658299595315516,0.08518082057865761,0.4096633624637131,0.06324486709940484,0.10022607831439126,0.192213672622275,0.12461773104830301,0.10269385746854662,0.5579790881664115,0.10519220278737754,0.10244689140184922,0.7491178039154476,0.10691033803564527,0.09761122115999547,0.08688588457989767,0.04156752549722619,0.1210627733057407
U_4858,0.2322711425180175,0.21592184212737156,0.23022090678740093,0.05101694035895051,0.054426588733432826,0.20376757098588352,0.0930415694174657,0.12718765259622578,0.14119444795371575,0.38012086575641096,0.0530437069008238,0.7801120624027607,0.11017785117618852,0.1415752399599623,0.10040930873512773,0.032276280552946214,0.6562688773852736
U_4859,0.3211882774524487,0.31631624716342066,0.28832448147279977,0.04326411995472436,0.055865890986892035,0.1707453903052755,0.07885912047012916,0.12683142594139632,0.7530171907399641,0.08409489197012215,0.06234154428760602,0.06782538615132076,0.16434889040763842,0.1919790985906318,0.27810346865226176,0.07177632262190907,0.1727732994008801
U_4860,0.09739592190570992,0.4734295318609063,0.17475323211647062,0.04117909601738295,0.05258220192301051,0.7474276592282214,0.24499779569439947,0.09649982892208726,0.2531164696981856,0.09159813833534698,0.053285537450641254,0.13211378254420167,0.12342317513150577,0.12273523373061235,0.07566787590979333,0.08433410064524036,0.11119055543143058
U_4861,0.09469086408860394,0.1807156314673188,0.19097626420183453,0.09745163449232846,0.11488961481146859,0.19013107919588854,0.1863528038636857,0.16630625056235468,0.22431851557071236,0.8088432033746098,0.08418106694003068,0.4453676015337091,0.17310473988258554,0.16662979013435808,0.07493089520167215,0.035702413580931854,0.14397533023408268
U_4862,0.08503804442148051,0.15576846974594039,0.7932441954741025,0.09761303674497214,0.13955905383478456,0.216045739095797,0.19048817750715846,0.1791946675778522,0.1953001489691403,0.09400956542011264,0.09373086151189033,0.6362452391847495,0.2086917009167065,0.21150989698386063,0.1039418424627021,0.03995294766019835,0.15516036279002515
U_4863,0.2587301594380835,0.5440000180738636,0.2139869142889796,0.04070262821961513,0.1276190728589691,0.10554650618552759,0.31387247483235886,0.09241292190838725,0.03533775577426375,0.06564503527376271,0.05207350028907577,0.03588871327339616,0.10364153927445767,0.5095545524247129,0.8761550463739474,0.014819076425650952,0.09496261279915262
U_4864,0.41779933233599115,0.30830901894919727,0.2967906637040154,0.06981969541970416,0.06600160240537277,0.7468202745914079,0.07151014257419495,0.10111693688076646,0.05796430551047354,0.07602072640864697,0.0660517734309506,0.06913545465383834,0.1856564098393781,0.18776881673652204,0.3029049690382085,0.03515890168786677,0.14800127578419633
U_4865,0.31214239798703924,0.43146048399161463,0.29473805461993985,0.04259789226989744,0.3315623567363499,0.47355068302292863,0.056010547486729824,0.09226304793481789,0.41212716098874175,0.1817267384732274,0.05123794759691029,0.04551932770938936,0.12768934155064118,0.909059530181308,0.4587828324823419,0.031678054846783245,0.12305317096590342
U_4866,0.4589746965947591,0.8769591111421946,0.24837955488965713,0.048269343009059815,0.05811126457501046,0.21373909451073905,0.08341316774130277,0.09125052687179931,0.04525063816399278,0.06098872772541997,0.056485113799757104,0.07423456285312952,0.15840392884429502,0.1826765687278188,0.2992754178802243,0.04741122548673768,0.15102727483424047
U_4867,0.26061703115901574,0.2510715404695911,0.7726591854680938,0.03708330760515856,0.3863867709871504,0.19774128963503038,0.2974449356591428,0.30506255855939846,0.09211091865977952,0.07595526356211664,0.07473585070500553,0.06502780985316098,0.14287387387869066,0.1621218351760548,0.1934407559330457,0.02380024841120018,0.1279272046004042
U_4868,0.5472092136886326,0.4417463626087553,0.5400846471718961,0.04346076040749258,0.05739120591404142,0.4564846452416539,0.09223178778140624,0.1501211077255888,0.04860933738952991,0.08216794001749336,0.057921454838702695,0.06770204684035999,0.20082103864124395,0.25294678310241786,0.5135611483726015,0.04473192065456053,0.25270511963112713
U_4869,0.08131888665010437,0.3024156881031405,0.22140039082716598,0.13496051244756568,0.2271310385236262,0.20887901284900162,0.13760723021102877,0.18196993351406543,0.17741625283498413,0.3183722669470627,0.31242808234140423,0.37703821987759945,0.2338133958447054,0.2913931644746063,0.10757911744196344,0.3110004313797477,0.2614760156272895
U_4870,0.24613329213763369,0.2235573849932797,0.2735854809689616,0.035413876117660836,0.04093816359413841,0.1965971325354063,0.3037774701186521,0.11112221171823691,0.03290065314492283,0.04377437157714541,0.04748863662705203,0.038413474272285364,0.12770825783561404,0.7771774208976503,0.6181610223131264,0.039795661840418,0.150800629314641
U_4871,0.1184860761405321,0.12592799327508478,0.4418121270528622,0.02999440388304122,0.16305931158286804,0.10489671805668833,0.3190146403090486,0.10309335586653777,0.768031846613934,0.20095499820542723,0.04456128492546394,0.47057572208786574,0.14507867033908747,0.13244196420904464,0.0557343480780156,0.1614270827312505,0.10072440088178901
U_4872,0.5126680388160012,0.4298047423069554,0.4536706367695016,0.03507678573559485,0.046490632593334864,0.5780506727198831,0.0864185282843327,0.16858358563828318,0.0564656576300687,0.08491781272061993,0.05349034061156208,0.06776793032987626,0.18454141103997146,0.26056139448606225,0.4604314902553567,0.07516975720525632,0.22461654612180304
U_4873,0.20893029518674877,0.2775770585358882,0.3023910911640861,0.04942047983544684,0.057120956752616546,0.2566208989592941,0.08814955946820054,0.12448869806569551,0.12092214563337919,0.05290899902390051,0.061382105815388915,0.0703309365672911,0.15286571384694175,0.17549111961620312,0.12057497494712786,0.5058550120659799,0.7867585079880715
U_4874,0.24923806627636425,0.6235607347212784,0.17019419142779263,0.04735040211821481,0.045635413034527186,0.7482067417778184,0.06317991822932625,0.11345014829604196,0.054969807894507824,0.06982501120366683,0.053505287938585805,0.05482551411901754,0.1331506616871148,0.15671296403155688,0.2224478123253469,0.03233780420007446,0.7181278553341104
U_4875,0.2728700499872266,0.9061475979385334,0.2690428340164197,0.03264379796519334,0.03527413819243538,0.14696596068390375,0.07653943051331662,0.09699456927943474,0.33904007192853375,0.08465727494604612,0.04927547980506415,0.07544812839016873,0.14254475127464417,0.1687036220563437,0.2302927444486226,0.32054399623951935,0.119992824073806
U_4876,0.05539316971290151,0.0666982271965181,0.1246049402442379,0.10317980326766445,0.37760390292551727,0.07321711980881207,0.49925307425295046,0.14408676344087826,0.24467293175821464,0.07525258740773572,0.08844242103314752,0.14680373828961232,0.08249924230178159,0.12618455772018272,0.06506859500953256,0.954765258644579,0.13731334932217645
U_4877,0.044772775734059335,0.08071140761063074,0.12680666637005708,0.13438238243391737,0.2223185489823968,0.12691193144252652,0.16263751341565225,0.17760861307518833,0.12000299542149484,0.2061325949094609,0.20620005135430758,0.1818752918006098,0.12813313188553682,0.1782420338152776,0.06936056011809871,0.6694503004455916,0.25263798575942337
U_4878,0.06025899728458351,0.08149478893799107,0.08887796418095738,0.09625968930592732,0.13476396566353768,0.466361541529882,0.09165543828865517,0.13263747395157477,0.03774346765465167,0.06393383552111011,0.056655876105651114,0.4117210424289228,0.08692561148378647,0.10096593318187651,0.11059721751288362,0.4820069351698125,0.7483908984941026
U_4879,0.37431707845567724,0.29687713484563266,0.7359231008010829,0.05828570509664403,0.04812483695292724,0.15513599203999803,0.06556628796022607,0.1194724953148671,0.06147550522067545,0.07532013710199294,0.07388900334532997,0.06365132841022189,0.1389187485406942,0.29318073074680345,0.31096244352724,0.05207680691463857,0.1434526916634379
U_4880,0.029828523721985113,0.04654772239970694,0.09002562833289757,0.08045734370357742,0.13793465640989355,0.15943055058477856,0.6117385140416485,0.3991656369845651,0.4023556881425949,0.1986817486643299,0.18866744766304813,0.20103775593942197,0.12203262889596637,0.1287357464853749,0.05509348600096295,0.3536750692212217,0.11614057507070398
U_4881,0.0634510420141225,0.17082681857869234,0.2077399393295137,0.11376546676123128,0.1478429546403267,0.23824067848444086,0.20005349042195159,0.1689315142746855,0.2426845628862596,0.8288188621340615,0.10476238425083756,0.09210135142730799,0.26662563105076126,0.19354452870408065,0.10107344905001528,0.049374358103175246,0.16362175977663657
U_4882,0.3507537886701274,0.3355115157960963,0.3151451736690026,0.05535034996356402,0.06144809147106163,0.17813677440437226,0.7857183976879629,0.10844144738795614,0.06579285224617694,0.0660455509824142,0.06864799090233568,0.08040099319624738,0.1832910162258734,0.18638845431611364,0.2931515621048537,0.05186021625390646,0.157227132351284
U_4883,0.16587418424070977,0.16992264916645677,0.4224643296356083,0.03403637645284282,0.026498540462110805,0.27940944966770437,0.1306072467738123,0.0864320405263893,0.05312774523111724,0.11121216600111326,0.037717651678614926,0.4748161836019987,0.08912486550422616,0.10160099013802991,0.0953673530965725,0.43434491561243105,0.8701737099891489
U_4884,0.26223025563197877,0.38959191695768824,0.33401035058926715,0.016405192910047585,0.34013615499362554,0.2795493525084406,0.07310578261309775,0.09515868965151776,0.17876254179362633,0.4401254000512672,0.07127900358817237,0.2885922894223684,0.15051520987629527,0.19488562961513117,0.1948295662698515,0.1578240941078339,0.1895798179273896
U_4885,0.21945560693203198,0.17969602330047182,0.5597098397474409,0.07662807474912946,0.07005748964131896,1.0,0.16491971428942181,0.14650446215816937,0.07302954769639286,0.07047242867165276,0.06461680409613217,0.061773499468867815,0.15940691206869143,0.1662669702803361,0.12430260663810566,0.040959222192032914,0.166837662392748
U_4886,0.5267893225655524,0.4538122663555778,0.49510855526138164,0.04565516878391182,0.07527779163085649,0.24305622644314498,0.059148947101802025,0.1475060460439099,0.05632293122614366,0.0990220070725395,0.06348226453587269,0.07398181496595883,0.22336007207014005,0.2924521400611247,0.5417406103735078,0.051223891539341676,0.21777220607814318
U_4887,0.27137421966127967,0.280637583073858,0.29279832493136815,0.038749977514977565,0.0659285517290666,0.1886766745845154,0.11544705311553918,0.11104897336326097,0.14318975200864711,0.06251420978626307,0.053992067633181366,0.08265929712809376,0.14152921167695817,0.20820319776237928,0.16256037310592905,0.5654583716350225,0.695695683718665
U_4888,0.0481624854565371,0.04348842196268083,0.11451055547561861,0.07804106537963594,0.17369130578540268,0.08831172502296254,0.1175728704673743,0.5504611919800491,0.3513850048963512,0.1936962999370566,0.19541671345923176,0.2545292434736701,0.13145168500182913,0.1960075589597575,0.08672830910907375,0.3281634166150322,0.20705660045612634
U_4889,0.33044077213237955,0.33289894999446223,0.3301604291731024,0.036544836846126194,0.04942135403875828,0.2508440304503589,0.7866699049537276,0.14083091276523543,0.04852449883133341,0.08541528696232956,0.06714319256741291,0.06511284329605534,0.14646692166525804,0.19762936804880968,0.3500939109693989,0.06647439377153569,0.1945818089003421
U_4890,0.23744473862602594,0.2227726935675433,0.3189330336221208,0.0851543397220022,0.08882505214964768,0.28620691897924655,0.1280035270665248,0.7990882840842126,0.05033480988423463,0.06588366985412004,0.09045567895285417,0.04852817180443037,0.1375143250439345,0.1699879849894954,0.16230154397340835,0.029570135025488668,0.6465080126379796
U_4891,0.03781573680267372,0.11915036418788248,0.20880788545453047,0.044027490706770145,0.18626414278984882,0.7456351859056194,0.12291913038370435,0.22933816116329794,0.5759301252205595,0.3186328528576452,0.044071534109810934,0.40754881080673394,0.1400434262723602,0.12576404225703894,0.028722468893040906,0.10542186562251304,0.09968336738578029
U_4892,0.05533970021837553,0.03633561636432171,0.14774563833893384,0.0914395250847684,0.1400106514174413,0.06469761458039058,0.11679635330945562,0.5602815727661155,0.37851227543838706,0.13885064239762343,0.13497553460799683,0.8653180306012429,0.0739484132260267,0.10821500504773147,0.05185924731066341,0.2956158911799531,0.1489815918791095
U_4893,0.3582281372802097,0.25892551482871823,0.3088493422916093,0.04428234224383234,0.03572697859880469,0.6215194870090179,0.3661328976500291,0.1208039685076465,0.0378567947110134,0.27911532306241044,0.05496775921660086,0.07464392300050338,0.15181049750206638,0.16210376874173082,0.25040062914706734,0.22984524963843123,0.12482422847540439
U_4894,0.2216250849997641,0.17788588321651708,0.3012952417613639,0.06628423205002927,0.08280025135223756,0.5999685084179323,0.15498214283328826,0.12380942236181527,0.7239997310748862,0.061241779376327826,0.053337394706982635,0.10541623981354355,0.1244104379468759,0.17568737482310895,0.1213064908889287,0.03137864057368444,0.41284956187692723
U_4895,0.19030086468752355,0.19606089285113773,0.19940706864833813,0.031717194697964746,0.0346633518996124,0.8691944465158374,0.0792090850483554,0.10110259607546343,0.1252073783386535,0.06089459019925736,0.04162605807533924,0.06168224845878062,0.12124387084316048,0.1252487723138074,0.11665738849356512,0.0444717969690772,0.703473951792831
U_4896,0.08590646573121465,0.10588472991433627,0.1720900787189669,0.11609052008774808,0.1256520314771756,0.20169952822981888,0.18627119915473817,0.13807879766195433,0.8215148705908009,0.09977678458983615,0.0865474089247731,0.08935501967963169,0.1503648504981537,0.16617018855080007,0.10104399841868052,0.05044140044476132,0.15597999538701066
U_4897,0.21450980567999564,0.21516106059502632,0.1823943593010052,0.032112815960482856,0.31823822326477363,0.8527462775848045,0.06336885805999863,0.09847010820508341,0.0453082520894628,0.05284558030528547,0.04188168191754331,0.08751864592958786,0.10865657406562776,0.16194774124851033,0.23915192172322847,0.2931704829993875,0.4257967522583906
U_4898,0.031004926525718582,0.07095921501756379,0.4060362008479286,0.10816966089999956,0.15065394029931767,0.1298109692828996,0.0898530575525239,0.11838632567016603,0.621161681510642,0.1367501284682697,0.13319230030227663,0.5883653902120176,0.11299597472592704,0.1397698026919885,0.06026973231116214,0.4534584116551564,0.1532477001923285
U_4899,0.14811416039491948,0.16799593694707088,0.24585815333261826,0.08095581211087984,0.08825303729590646,0.8647771576119951,0.13015164657809317,0.12320226979516373,0.48648557984355406,0.0717301493840173,0.07270396287762215,0.05662530069532536,0.1465685288221566,0.13792748584435588,0.09852462902037509,0.03774321447961001,0.48140772495424483
U_4900,0.16713165165273694,0.22875273398233062,0.23054044024369236,0.07068262714305297,0.06778263835197769,0.26692608222418385,0.15546385637963214,0.5945180811797812,0.1339567889417686,0.08739229665607891,0.07678302858926511,0.7516514345529388,0.15576153664069367,0.20184346618471266,0.23667713315615527,0.03494125773057189,0.14150310748538222
U_4901,0.2178787758907119,0.5391111924052412,0.2406351038823221,0.04395941774793513,0.055561123028263736,0.21323479795512532,0.2039499397762606,0.10638503763470157,0.4618661411584994,0.05273086173772165,0.04370869678435325,0.3085847768926902,0.11889963028777718,0.1327753099410289,0.2307618343984493,0.03514324494624423,0.6589151708290861
U_4902,0.23804314818456465,0.5885618994783457,0.2646643631707571,0.026759418061081026,0.27330837362027754,0.7328238872921669,0.049979580666930014,0.09420777737857354,0.2642708825562366,0.06123546495072063,0.044369831680231196,0.370617905162739,0.13356480257905304,0.15138369690183456,0.25330024612726426,0.04132927919356212,0.10320178902364792
U_4903,0.19853538903632229,0.16009025525864515,0.23682789850154165,0.06689179120962109,0.09336902833215445,0.20073264377621738,0.1738108501602698,0.1324132722345427,0.5955819996634959,0.5094144586137259,0.05324027915176153,0.13272386228997565,0.12569210794867752,0.1692380380423258,0.0969102975211042,0.05443121622593325,0.5491424452601716
U_4904,0.18176948774425672,0.20950073771648586,0.20120677903619408,0.03182175608130588,0.3784834930351544,0.7530974708314706,0.3673847361229417,0.10242709378754403,0.3551154410887618,0.05443850235669201,0.0459888119766826,0.08065500896398727,0.11511558410880084,0.1532464965202665,0.1053950348379362,0.0383291654725963,0.5341721466458174
U_4905,0.3737733123076773,0.3577361336729174,0.3228452567497022,0.04067347187397778,0.044304529699028046,0.19705645622500198,0.07876395955540522,0.10618705573971074,0.06268724925940325,0.07285179862643576,0.0698478440668749,0.08014889262165559,0.17089700191721913,0.198836907317082,0.33156016142964984,0.6674304130902753,0.16943383111955207
U_4906,0.05845749196350645,0.08353952545422759,0.14604260863944385,0.12459915624531684,0.2068379736307463,0.2606199251077798,0.13448325702972994,0.18095303192477866,0.1355793459723141,0.20828136111719556,0.21972104061813616,0.2660705031651945,0.19231970929143716,0.23791810543972827,0.09241284958730175,0.4202456371696353,0.25761729026614455
U_4907,0.0308091371796045,0.09409779510454964,0.10584691133557265,0.08734482572279574,0.18179247925417236,0.1435107930538117,0.1225045234164186,0.13325072790832287,0.06469160119390245,0.20798277445761754,0.2191925620899168,0.224223381488531,0.1308575366270542,0.13505337365757955,0.07815984630622248,0.9498911743334681,0.18595599199900226
U_4908,0.04873846368881338,0.06050587657541835,0.08279014029043343,0.1086451355696126,0.1792312875211332,0.20422153807166354,0.13154039394171008,0.15653321287807298,0.597076700880397,0.26814292573837467,0.23697222257811837,0.22843700217907817,0.14390604338177984,0.17963159569669304,0.07951880707330415,0.5220987646596924,0.20793258263385678
U_4909,0.21304551536902422,0.3525628934196883,0.22560079467106306,0.02771089779686763,0.03135247044964307,0.7352672816075534,0.06537222711899336,0.2610374642680747,0.037167443847646454,0.0458753435079022,0.04011173367993727,0.5955332244476446,0.13677851815446998,0.1409441929539277,0.24284382930676,0.026099168977129297,0.6111802636608776
U_4910,0.03512578076158197,0.09863397974259816,0.07617042321958435,0.1381505251717537,0.19360639929862425,0.11779023669543565,0.12206786240825802,0.14234101105672528,0.09781279843093985,0.20082791054231702,0.27277407200032305,0.9233302849126932,0.11504303715831722,0.17201853378405332,0.07300059058042005,0.35916197705719133,0.17542063144209602
U_4911,0.29209129996447486,0.23937370927341947,0.2441814407088032,0.05261334727447477,0.04553276795619336,0.4775794957041385,0.06526708995737827,0.10575586645577695,0.5533908896673583,0.3227398506716935,0.06277213644511694,0.051518179057129444,0.1395562956566157,0.14316890969697124,0.22573928647621666,0.01764862078137047,0.5744721286598211
U_4912,0.22178606025136938,0.9283099918299891,0.24231595098956116,0.027353671552640076,0.03340011272537284,0.1449187395364455,0.05911332321095505,0.3859019612706518,0.043919972028077334,0.05964765184791184,0.042717085053556994,0.4277815867471487,0.12645108345328857,0.16305422819082452,0.22988226991094138,0.17849962243052728,0.09778519809457586
U_4913,0.48324144658113605,0.33328608725873393,0.3418779921608348,0.040555737557949396,0.03548076995366315,0.23577380673682408,0.0832709057984184,0.14006915573522216,0.17267766629083328,0.08407088535942925,0.065292914443998,0.10314866382894049,0.19998572657823754,0.2242744750385256,0.35903614618733004,0.08943484449884434,0.17647276551742727
U_4914,0.31160868507369377,0.28232088648633225,0.30146746136716757,0.027638677220525917,0.054278853068939134,0.23729988247010367,0.08413809993131557,0.10094849837562893,0.03511478963869459,0.06377624083809723,0.053458279615476986,0.08240304686314408,0.1574579926776489,0.21284402328105534,0.3009113002480337,0.5807472835815255,0.6392550642570358
U_4915,0.08921610547053463,0.39686923478849534,0.2182665072912079,0.10391454097005158,0.15359437250293057,0.40089583580535126,0.19805264184339305,0.18682602234532872,0.29825327815957475,0.11599410658731805,0.12095362977675629,0.09873779920427482,0.31089360244166897,0.25933686467839856,0.13873645937325024,0.053471911813935874,0.33325469059420676
U_4916,0.06155184388363645,0.09567829881105656,0.1310794854997018,0.11359361604698323,0.16172103278295602,0.6362339167366287,0.11238837318717043,0.2235605216426432,0.050948641817718895,0.08356533855064334,0.07810461573269349,0.07035351755217184,0.11133622215264663,0.17430246420467424,0.3597033625868652,0.4087723430125359,0.20086441615546374
U_4917,0.03133560431456335,0.05292131470260496,0.6588616089088586,0.08166302442072051,0.15626813114375113,0.14075193544972864,0.1002356368553175,0.13605006482938617,0.08885429107783482,0.14720460790865572,0.15648327259329778,0.4644436501304403,0.08025647940895915,0.11538248562186036,0.0515977151405692,0.8047796714812627,0.14168941429116072
U_4918,0.21080643926226783,0.16395353953129177,0.23246291740016287,0.0572402022791132,0.07135990620006157,0.2456543910034622,0.14838365798030595,0.1323700552221457,0.4346868286917704,0.5033070135341433,0.06128092766649611,0.07259183529774034,0.1339394066418556,0.14858810336933134,0.11457165053577816,0.05349961614361284,0.7761126465926798
U_4919,0.293738624117819,0.24677292275993737,0.267948689464974,0.04365506086748324,0.034059738452081385,0.11288267342406991,0.04281413256251491,0.08784996995649323,0.03447614984372157,0.25974409070911003,0.045168897035057734,0.0350693017144788,0.12565100859898704,0.8330692345295381,0.5858163205331817,0.046045802353228145,0.18831074751868976
U_4920,0.06399527920242354,0.26718824530292223,0.27739399926680003,0.10335071224948335,0.1453420624158301,0.20449814305088307,0.2868193220333789,0.1560595282258504,0.30723285758658353,0.0848096098369437,0.09474023672293728,0.07927445718767656,0.22034226138741936,0.22048206662454858,0.08808148424680269,0.5681483917665182,0.1663344301787616
U_4921,0.2532972925075016,0.44636773160334353,0.5414849685214547,0.031003111018299626,0.035093184359140314,0.19177163357466723,0.0672847837825632,0.1165521728448994,0.5612274177343541,0.0691506989763792,0.05276945898031642,0.06211061746139694,0.13015041384625736,0.14161760464783252,0.22824431390767494,0.038939747864654824,0.77377922843136
U_4922,0.32962419976391805,0.36427219157699753,0.30283331173009903,0.0478781500614487,0.041213333276459464,0.2543570392117489,0.07187927329113608,0.1059687281736925,0.6921059961253013,0.07128180807805681,0.06971363057570154,0.08903335712061869,0.18144778067573936,0.1995027251442082,0.3139886918569593,0.060526924134161386,0.17405453293753934
U_4923,0.3609721835388136,0.31200424124923876,0.3286508663519466,0.04298196851849291,0.04215897397942284,0.14053350140954848,0.07900394601996251,0.10435068754035455,0.06275163369921384,0.07342079920480932,0.0740579639700767,0.8497976758825099,0.1908609018696972,0.19144279038145817,0.2803171566936008,0.06481102909556785,0.15853885808748466
U_4924,0.03143503596709035,0.058506506476048444,0.8276877369645463,0.09535825411765582,0.15285331725117982,0.1748582213736569,0.1317928293247266,0.1512842522915852,0.12260170256425434,0.1831855467144888,0.17514277808215784,0.295592617001026,0.1349967507921629,0.1496842537709397,0.06080760796143282,0.7529603912726672,0.16050015554610608
U_4925,0.3235372160136789,0.2812668875736885,0.7981875880616687,0.04716002830939863,0.05432552009338942,0.24811914203358149,0.06840817636139647,0.10360599255928918,0.0597109838197082,0.07633786275475783,0.08372440702668289,0.054978821879532326,0.1502062885222679,0.18507376240704965,0.35761569420262634,0.055772580904582335,0.16064961809243672
U_4926,0.24029790450168437,0.2804871862876033,0.17463449906695255,0.04274514126679547,0.06697935688138963,0.22456282290511587,0.1000761488944532,0.13182595353777973,0.04786532894852944,0.06405365622129595,0.055346613091117706,0.09006790421026153,0.16212649571573304,0.21520828368772904,0.15654338744124413,0.550182129815652,0.7064842733991175
U_4927,0.1995307747913694,0.20364582696207398,0.16963028287140774,0.03178962907836915,0.026880853483432558,0.6085391046017024,0.07195952826754917,0.12101693382095645,0.713209439776159,0.06370239109219823,0.04825120539262739,0.06402303212895434,0.12434382251757678,0.1411380935911052,0.1302641156629149,0.23293779126708314,0.6770812789851555
U_4928,0.03918081841511169,0.04333688798135826,0.1620139504149184,0.08836602302751839,0.1771468345714278,0.7235335544108017,0.12946643758860601,0.18860804189133046,0.09183054549282776,0.1917108326139793,0.1765999875943467,0.16527121654063784,0.11781934703383304,0.1318931829855241,0.05359639884885328,0.44585275575189454,0.1736731374220201
U_4929,0.3929127535578078,0.3190594995041442,0.3043021800001324,0.04719532658715702,0.05049093575015443,0.15874390374839822,0.06224564264156,0.11226508996637197,0.7729459041928097,0.057811016576357545,0.06468798523231974,0.07244418701144742,0.16348239098230638,0.20889481671649582,0.34869127679707557,0.049288506603918744,0.14117029224435163
U_4930,0.2256366086511955,0.1972608273447101,0.5232779202234801,0.02142960052057564,0.023046883486551064,0.11193308526012942,0.03963135758933463,0.16640327965805163,0.14934147724294328,0.04746505534558171,0.04158666553743077,0.26207293160618633,0.10690947521279419,0.30868067305341385,0.8376387361363504,0.022453351404843974,0.13317872479523815
U_4931,0.031939642490538094,0.05343191614880484,0.16773857838901526,0.08576496217305479,0.1810486279730971,0.8585295968105986,0.129685417010392,0.16023438671003384,0.128028425459979,0.24353016503773112,0.23538170770282915,0.23026220668437586,0.152238779809391,0.1881666551825129,0.0586227869407222,0.3962753838256229,0.18311748568786088
U_4932,0.23712676835894095,0.2138202277819027,0.21719309446863186,0.03895571716454031,0.03303477132567487,0.17218443321620852,0.045306428518256746,0.07916333116118902,0.03028606062863074,0.03542428095079772,0.03310778646450097,0.5932590925911041,0.12389817808599604,0.8565486073850017,0.4971869119469972,0.02606497382079723,0.1516489517048505
U_4933,0.14713474815936056,0.21618706969514687,0.37981776930688416,0.14712950330186542,0.1970329883693944,0.41032305770893296,0.24208031282471554,0.2730055704775784,0.3595919532054857,0.24839880894398492,0.2490542277301061,0.1449549832252088,0.3116308603591137,0.3407527046743428,0.15214840721772527,0.06860548817745933,0.23873979005584525
U_4934,0.06069915440808746,0.12846613934981718,0.13183040242385063,0.14704180076278442,0.1668888892803495,0.13815865329595806,0.16008141842377097,0.16032444724580575,0.1223553938730507,0.6656049239129813,0.0974438480204093,0.083068084774608,0.14052433412278273,0.16990183229347405,0.11024804952304171,0.47873179552947936,0.17531539610871666
U_4935,0.06327312717720777,0.2182905215736147,0.21818664599734736,0.12030485223040002,0.13722012814313936,0.18696368453629045,0.2744476737256651,0.16234764723702144,0.23789558611245065,0.7059752288196393,0.0918947573864877,0.10194768197520877,0.24621705359856033,0.20042640420763783,0.10207247239724712,0.047338608232054824,0.18008235985034568
U_4936,0.31660323806246027,0.2599328429296176,0.3002827008440585,0.024962433661137668,0.0345307095396092,0.3913726765270113,0.23474237545303994,0.09642187237274936,0.4486680740863608,0.05922281028919528,0.04214263029058994,0.2825900854642929,0.12819953859781968,0.16032753416668746,0.2525928886693776,0.4212130538850761,0.152302501477193
U_4937,0.3539092703893301,0.31819204401314416,0.9405180329594836,0.05836633847172834,0.05053733637396585,0.14753475914094055,0.06918689883978527,0.1142608873076864,0.05486105763432521,0.07176421384240601,0.08166435642307855,0.08948688818002795,0.12415267109749945,0.1861490310178077,0.24139982989041697,0.04681416112634051,0.13302817087885369
U_4938,0.32007945396393206,0.2350933172586914,0.3065377186136838,0.06746284352952372,0.06928586354678556,0.24662817561099026,0.20215716101663436,0.15075650708894706,0.0908469397512741,0.07149061250198785,0.04608439671907988,0.13279256069655956,0.1412449273039822,0.17627049553586005,0.1741821359570988,0.6289384701693552,0.1917312483879289
U_4939,0.25254067160767113,0.22979687964835013,0.2665620741530087,0.044829574969829825,0.04780078429959104,0.18631932298903722,0.1064850639803198,0.10244709963185697,0.06840585185793728,0.06054234079381574,0.04863954424980606,0.503060363918278,0.13009944699325057,0.15547203290072775,0.21990768873529046,0.020600725627974985,0.8376660687242552
U_4940,0.3009049347693883,0.2604508016491489,0.8443478256469703,0.03772335311125106,0.04308987394259053,0.2165547802240067,0.06996944525484855,0.11531924150765083,0.05135026987000524,0.06238786504085882,0.056120583688242985,0.05900171773769729,0.14688484941944605,0.18258757984813856,0.2354272315970088,0.038205290206203626,0.7718515575123024
U_4941,0.08556066940641081,0.919298869226318,0.14681911879607576,0.1141205256757478,0.1485921498451942,0.2794949967034883,0.20132099309344004,0.14232828135096,0.18635235625198254,0.14285009116343092,0.14589210218168233,0.08513559117372427,0.2530933985298039,0.20027614531576937,0.0913544016759066,0.04483586650795906,0.17344029398074248
U_4942,0.17710809216057147,0.594847835356356,0.22303222270562906,0.035317558041730784,0.05557390655296557,0.2525505629885366,0.09869329819919366,0.10790906121924339,0.6997518206071778,0.10500218235597283,0.09502549130774227,0.44526415127936986,0.11622318734782942,0.1422648853486203,0.10126809552480388,0.24999348824409662,0.13850198071549583
U_4943,0.21881122563677963,0.6080094178415907,0.7303005543010501,0.06625460592440674,0.07313217440875293,0.24132710169446756,0.14734143614328662,0.12668563047521636,0.05071624813668039,0.055983137157598346,0.05583708190301893,0.296426253897115,0.12898031269397192,0.15455121530683608,0.13387730325925262,0.023782460052879376,0.37422633643661013
U_4944,0.31096296217643643,0.2589430233355664,0.2670693435910056,0.03814143320575817,0.038814507792819475,0.1238615666857156,0.04825383301994382,0.09276112056052496,0.413718330472758,0.04791669672741626,0.05173808949721606,0.06608966491261951,0.14705008264003136,0.7875271879061994,0.5345679392889373,0.030230624035458536,0.1564197493989348
U_4945,0.29538236953755986,0.26711095411006053,0.8602630476924507,0.0354125079241785,0.35915252467336,0.6091332448457953,0.06672411148367302,0.09934098774071053,0.06013129272311249,0.069231449541417,0.05228905660668482,0.36710103600965593,0.14798298895762987,0.16811482162368024,0.22351575128850434,0.0413032162451258,0.10049026973291585
U_4946,0.08441121097794486,0.20523787839455812,0.8548610008858981,0.1029293548444691,0.12412523665945602,0.21253335662735193,0.16880756842666184,0.15484323565487612,0.21764083472660087,0.08404092573277915,0.08986929685603634,0.4715501975556887,0.18199431832109123,0.17541114753394557,0.08319608395006416,0.04184142293949403,0.16984964575337402
U_4947,0.07927373444662685,0.08043823570021472,0.6772345061523839,0.11041898253646872,0.13441745136215022,0.4895129840896859,0.11361057836510256,0.10713500912713597,0.1803135163505695,0.2172590564511416,0.24722719543921357,0.275867940333266,0.059509985439399796,0.11703425419864272,0.06338327965654852,0.4642325229578083,0.11898980219264006
U_4948,0.2020811104395316,0.1873806805681116,0.241952045752551,0.051764315086312296,0.46700765298509134,0.24915833343965865,0.1359208790178455,0.12640728271381171,0.7497032684434848,0.07451575138724549,0.07187603846487715,0.4874925739337729,0.15180517738131363,0.15667744188772348,0.0966879211395833,0.26562202417317343,0.14901241079357916
U_4949,0.3392474977641006,0.26422220197436025,0.6900710998671975,0.0490467799713476,0.04781273157332158,0.13381955515487814,0.06602039027098515,0.09582595453686057,0.5512843803852829,0.061889293237581675,0.06444629782996347,0.0497431908526959,0.13016777037648297,0.17827134139740075,0.6234948798016247,0.032298650167125034,0.11932402726609977
U_4950,0.2445245708768181,0.881623308816323,0.3007121786244003,0.055223634616417445,0.03579833169106218,0.22051561583806276,0.06155032164496084,0.11926074232363613,0.0484764594454308,0.052181840300753124,0.06014046247584872,0.05309336167188993,0.15943889484290114,0.17180756463125282,0.24671995412361256,0.025755458061611405,0.6371732830384744
U_4951,0.22514309640735022,0.1987031584801889,0.2271488816661405,0.015736842650592216,0.034485771373626135,0.5149841238752104,0.07517151917879444,0.08450283914552784,0.34469138681718114,0.06563315122686289,0.05364704778027849,0.520261441158423,0.11629157668247228,0.14751198652993872,0.25182301663409684,0.021443576477293634,0.6554899632964
U_4952,0.13319269199492315,0.67071498676188,0.6608011813323265,0.055816360462437764,0.2583350707817715,0.14805220481325376,0.15548093079996284,0.13493343962341053,0.06977842642400413,0.08288287249615518,0.06483293992313043,0.5545889765505836,0.15901881332521586,0.16235950286296397,0.06484370929506753,0.21016243317859665,0.1283901171197775
U_4953,0.044560433286903275,0.4040705854953277,0.19407459491506904,0.0383600704246634,0.2779414749598067,0.3838710170933219,0.41184817964830983,0.10455209995273995,0.1759566527570723,0.5485450564939744,0.05993752155576228,0.4274924093336389,0.14249475670193865,0.1415393786104184,0.06953766431012195,0.3107110758711471,0.09267204669400735
U_4954,0.23431208503120998,0.21416338818630776,0.19139317971179923,0.03493254421205373,0.181446900164543,0.4517191098539368,0.07434363981088728,0.11422011215495931,0.7544316839578753,0.3097402932746292,0.0687471469221081,0.28024494083381724,0.14560226962536416,0.15818647478581757,0.10006692972897088,0.022942384822221593,0.12029213678449598
U_4955,0.02875026280212927,0.03344735688114166,0.15477655639875076,0.0826070632351096,0.13235995382993976,0.10843929559876615,0.11277876886370695,0.3551901668381789,0.295873093277913,0.1481320548852615,0.16205603038406188,0.822923069629248,0.08234951816647301,0.12694917313389634,0.03793901640078133,0.24503132942376094,0.14639844759981097
U_4956,0.11606062616500176,0.22796738472785077,0.12399619601278869,0.04467021969400409,0.2588079876955989,0.19621712315140755,0.1337201485679302,0.1324845690177177,0.491889325891693,0.07263500536754759,0.0761497928537492,0.43760813484551825,0.16085314339245335,0.1683898101617881,0.07773589842635363,0.4126008759992393,0.15795977455873667
U_4957,0.0926623245505545,0.4288486463947275,0.3128142833486176,0.10079346634603477,0.13375769395646034,0.364327215179285,0.20675440576355403,0.19346080247292632,0.35004195835737495,0.10205600375659765,0.10733653485766144,0.10492118040793201,0.304009247056684,0.2613642799135644,0.1341939434048009,0.05051106219342944,0.2764652072569734
U_4958,0.3415070493287263,0.41967298019310667,0.28591987127691587,0.05505702348096005,0.05156911567228291,0.21275503273239282,0.07100697696708295,0.13159396336076634,0.055287729149108206,0.6964126346656496,0.07265648986428008,0.0695826540786058,0.14741574953359665,0.19764741195250243,0.3635514092771683,0.04522223732295685,0.14445146677327395
U_4959,0.1805641608391881,0.11599221824544015,0.7234705122222505,0.071138361498609,0.09106268387101045,0.24236464339871047,0.15244246050645452,0.3303918802495221,0.1403414629733909,0.5269569274433916,0.099967728663366,0.09445502012199068,0.15391270151444864,0.16663500154693833,0.09714507704863605,0.0313746182485596,0.1639915295610617
U_4960,0.17749837233792373,0.19981078295376903,0.22196657613822973,0.034255270341096676,0.060889988313950455,0.19601700262318916,0.08082001553570436,0.3205815990686936,0.8179837394228346,0.10024785957658822,0.10103610862543932,0.08459243437045089,0.16185195980072456,0.15858840181861708,0.15085100586119757,0.03858201456911706,0.12297555796120446
U_4961,0.3145618169797951,0.25646659349763146,0.274013140870369,0.04628554885006225,0.03463522566421223,0.11287923360777079,0.04163773198382697,0.09194886075341724,0.03883965471200855,0.04050452687554542,0.04455263027006563,0.37630185507139235,0.12791252437292458,0.699661339672836,0.682476289259675,0.038910283278225995,0.18394732697518953
U_4962,0.2909978680351157,1.0,0.29170337693317233,0.04528351647083731,0.041866559535463095,0.2770101965633462,0.08358825586194979,0.1253322234750666,0.058484548998363084,0.07183464087939186,0.06449430562719478,0.07196653137721468,0.1608048720665005,0.19557269851580938,0.2622479346226541,0.039123859878848165,0.17168847779907356
U_4963,0.0385648425993741,0.04242969540379588,0.10268042443684579,0.07129426732831612,0.1579209665572843,0.14885714614197823,0.12972593769841972,0.15029897497076786,0.7538842832709716,0.19021418474452548,0.18375266411476116,0.1896386624300854,0.11623840725096897,0.15304598793244514,0.061371723206619655,0.29780300867336373,0.20766491756927904
U_4964,0.31273324902981714,0.25400063501068804,0.31122099928794034,0.03384724596702483,0.45158335832739177,0.6929827956945289,0.07730694228863257,0.11613120221886881,0.07414610824223707,0.5213402293474221,0.062192993115576745,0.07367106538199972,0.13621056105630494,0.1804851444033173,0.28460822528562596,0.03797568415081212,0.14262514960679526
U_4965,0.40740744556584496,0.39869711612671993,0.44834787073247495,0.10747616214156776,0.11503271794903473,0.47538044810185076,0.2597603057360425,0.21619080384463552,0.08038466625398961,0.10516889333811803,0.0764033187626601,0.10228915837192494,0.26686255038717793,0.305959789597385,0.24507871010631818,0.056474603246366134,0.2917708682598659
U_4966,0.24984592589671206,0.19532303929801167,0.5071359966820717,0.029773275326178093,0.16113170581552425,0.1131420836935519,0.1964620610177084,0.08210404399442642,0.031681598438016476,0.15321701492411358,0.04090631464018196,0.04411229032519377,0.09962867773963888,0.13994106492005573,0.8455750916338836,0.24887652478413552,0.09380916690158068
U_4967,0.4189734507913187,0.30055905953984824,0.31798294327143223,0.062185610103376934,0.056341218947890265,0.3054653545300431,0.8060617415347753,0.10803075982039097,0.06329117625699492,0.07564802502514788,0.0640592960978034,0.0785672382956808,0.17258106916418495,0.17218130089620465,0.3131580177476713,0.03422636392651208,0.16990289813443799
U_4968,0.37139317206270883,0.31916583529015974,0.3538745960895812,0.05691392604312076,0.07233892238561675,0.17236093570452288,0.6663927146688835,0.12355693675747667,0.06381691554089992,0.07511292129006762,0.08527859012703731,0.05917079755752852,0.1416096007579233,0.19599291784347075,0.36178320697377353,0.06129917152475278,0.13919607836796044
U_4969,0.05087018989746419,0.07729974101709357,0.19417022623204605,0.04585236022735756,0.044813872333985524,0.3717941691774025,0.320258686448746,0.11273486744821165,0.5133782202840651,0.22462230460727836,0.06565297914841961,0.3642391816946012,0.16022474694331656,0.15537160978586148,0.07070037116653655,0.20336269023458356,0.12301837588525774
U_4970,0.2262174949972344,0.20863837991500384,0.22526025630257024,0.06375985956006583,0.40845311718005606,1.0,0.0920161671264443,0.11881208543338277,0.04925534805780351,0.0603096301439366,0.04277830602655481,0.34376687593961014,0.14207879672742796,0.15461858348930413,0.16647649060601413,0.025996315676145076,0.1300695228763747
U_4971,0.19630139917379502,0.2789207592419895,0.2483457651211126,0.04749889754270793,0.11005377344417569,0.6748191928518779,0.08772365192347742,0.13089723120105493,0.803437080378198,0.1243156478606843,0.11224203084151145,0.07542525872224198,0.1875106120243857,0.159875349169743,0.11734706123736968,0.04058458169376029,0.15411612107860376
U_4972,0.038850112539547815,0.04806711950513657,0.09282747373582809,0.08076720120855371,0.13497191347826834,0.8383035602538136,0.6437646305291651,0.14331518485288727,0.11047145269687564,0.15410328950884278,0.15922984772154253,0.25219837742775003,0.15676830520953805,0.17294087761016105,0.052790936840594854,0.25336250421747813,0.13854324798468345
U_4973,0.022954651010252868,0.0795518271241057,0.08534021171447437,0.10253074264713419,0.17971676815850232,0.14683665279996755,0.5468772130737762,0.12750024735138213,0.10017015233710685,0.16667474893908363,0.1720831379481676,0.2184558000938829,0.1271624211992767,0.14493736225655074,0.07716766653967651,0.970100015989185,0.17751495434814837
U_4974,0.2978370679525765,0.2883214438415637,0.2901726399956065,0.047308086328024385,0.06175129144649116,0.26965424049867603,0.08534633429375536,0.13272925496556184,0.860468675786751,0.08526360287947699,0.06722620092446871,0.11931373509105903,0.16468696142307793,0.1818439402691617,0.15296685587748585,0.06279918123057114,0.19168484239333936
U_4975,0.32598711053266016,0.7007467644245642,0.2563477908436258,0.03982782681956377,0.0536151704497898,0.1352036954500639,0.06542925916411998,0.09961119404123021,0.041438153492154337,0.06297689120322877,0.05066609737073191,0.0500118357385443,0.14450030582643494,0.18422709326472148,0.5578182858430136,0.4998375010995572,0.1217224082973445
U_4976,0.3719879974976713,0.3234012565973193,0.3109074871692737,0.05264720786186956,0.0567820212031137,0.16389994674978717,0.08263332407313605,0.10017430171986091,0.7639035117636221,0.0552600534010578,0.0841323514236567,0.09089182235702432,0.21139200841591632,0.1955088358330956,0.33428418479853417,0.05254760460067964,0.10895928154148332
U_4977,0.2304136717509014,0.21597692661678325,0.22939068595526318,0.039831374873385665,0.04117418837924816,0.15220671673518196,0.40944864788282315,0.09087741705460972,0.025870152370253155,0.18874641877391984,0.04587269229241613,0.062049136387218914,0.1087074866128158,0.8833051787297399,0.4897063871653022,0.03264851289001077,0.1439408067228065
U_4978,0.2981262556750966,0.30282735753292755,0.29804250892982,0.04881106525358001,0.05518898130197671,0.258697769002062,0.08787691765172054,0.08937828199300475,0.7525738126056696,0.06958948860890343,0.0796456625585158,0.07775415298764644,0.21376316767094977,0.21119635512486157,0.32864379140104316,0.06190210504685875,0.12570339519769455
U_4979,0.03456925431287472,0.12693274904229018,0.6253462835048682,0.055534215178089014,0.37607795861891197,0.10950028735615562,0.12245201168626477,0.09223503379962565,0.7801523059257294,0.1262716055652418,0.06411156402769679,0.5630707602790825,0.1423980177467354,0.13756845248105823,0.05660547784989412,0.008239632598977741,0.10019314717886194
U_4980,0.17714007622148925,0.9816145839674844,0.20677192642375417,0.03659580427611152,0.05326280989111385,0.159754944168767,0.10524032212832914,0.11157269696465551,0.14866084831785625,0.09366480410804706,0.08524159045219513,0.05872732118507236,0.13417860117504624,0.15655061242126037,0.052570406235774456,0.22829736252228025,0.13133886539978112
U_4981,0.3158192180106255,1.0,0.24653574021719113,0.04687362214419558,0.04641318718526893,0.24244922624051315,0.07893087361719793,0.08150314576632087,0.060183281212119875,0.058857057548983245,0.05908417684956168,0.07165935035292094,0.15635582873590997,0.17490297455152684,0.3049965292020107,0.04407654300119453,0.1567332424086189
U_4982,0.032494638919954126,0.04798717805197896,0.16335087330356296,0.10481826744618525,0.16672122897969008,0.7396021764989535,0.12499455116345035,0.15776754658082964,0.613132276964818,0.18676788247497028,0.1954395336477119,0.2635722002692075,0.14643880745142554,0.1578299597853692,0.07090049974613093,0.3206393079938087,0.16115512823517666
U_4983,0.07373755800036805,0.09069604345548879,0.17760896553763744,0.06644733073345327,0.10109959034752236,0.7232613562000558,0.4974247958239261,0.12425925742925897,0.3456578682740355,0.05583652908804242,0.08205761612786681,0.6318554675512984,0.1475147014235321,0.13269055099280957,0.06423360773093782,0.015472595218453969,0.10313862573067724
U_4984,0.27172759822075176,0.222757396861093,0.2432092399745717,0.034623893031165844,0.04107953144933795,0.131458257749967,0.2692541772699002,0.09913160120599641,0.04929925691754795,0.07407056122419085,0.05885035605134092,0.8928538402515069,0.12926441349980192,0.15325072496306294,0.2334634772219236,0.03311660906145602,0.11420004858661637
U_4985,0.12353884398139414,0.22427716985706378,0.23604489266652806,0.05689318933811271,0.54233529010415,0.8121957506363073,0.11533089143504893,0.1199722688228017,0.7382461059196883,0.057609455102096335,0.06740091322645721,0.07127196325058316,0.14738518096501246,0.16150875100325018,0.08752673999405976,0.0396957378735383,0.14145115992948365
U_4986,0.23318081201486207,0.39757238704973474,0.8507748833049185,0.045913855021614866,0.04031013520976963,0.1853091618609089,0.05228729813986585,0.08260089682704173,0.281782805839637,0.1757277965124585,0.04437457378139347,0.056684391584205775,0.11762893454466845,0.7135087749769167,0.5894415728402533,0.015601248226166535,0.09584530570000446
U_4987,0.2703653129693677,0.6117038529692922,0.24429351498947063,0.016019767517265318,0.032220439341230894,0.23697361999503974,0.13011449545729958,0.07159716812346069,0.6018179221966884,0.06698682072189137,0.06631015792679985,0.6770970569432271,0.11024466646904396,0.1470169507306475,0.3280118363723566,0.32542042605998317,0.12540372305141634
U_4988,0.2193744749959222,0.8660748598705834,0.25950308020472534,0.08650751681667979,0.06986509150864964,0.2710133754924337,0.10790638469934655,0.12790951476231927,0.049717540575603854,0.056095865934440575,0.06498578267653217,0.05709385442249718,0.16709142247682174,0.17195555797090925,0.14579090632280392,0.027322009795869278,0.6710536809714442
U_4989,0.28221395621507245,0.24331206450100698,0.2607251514751935,0.041048384289467846,0.040662193230880564,0.10987063812244298,0.04320145499720434,0.09465759345951202,0.036680048614417905,0.30385780858429223,0.046571257445241876,0.06802100196450087,0.10665714056751029,0.7239644798005995,0.6618774312667826,0.03544782519955174,0.15047611256562915
U_4990,0.03506437991895939,0.06127244681390484,0.1005438178091076,0.1032084553795277,0.1595605372812723,0.14843497358208316,0.15931942232032023,0.14972893126504397,0.13143245007411414,0.17735105136623472,0.1898907266596516,0.20294971234250445,0.11340289485923238,0.13972286305165688,0.06760845491417129,0.9798959749796998,0.16324406383218107
U_4991,0.2525680623738745,0.15640965814356889,0.24435969737826002,0.06616235117101708,0.06724295475689895,0.16953217885978034,0.3860889646255493,0.13190929587620098,0.07846345592939177,0.42137219062855513,0.05446723107241158,0.39068376625184525,0.1291937374257105,0.1506707307255616,0.1298054446165229,0.03208631777911314,0.8103775528211961
U_4992,0.26520296735457183,0.23385984303825894,0.2902060210258422,0.05059080769129227,0.06217816202867334,0.8558649806439922,0.11432755549092403,0.1180641911078386,0.1377676327484046,0.05604855491734992,0.054118955457813374,0.1251071551477457,0.12249705201531055,0.175804556304636,0.12678110102555598,0.02845283080844649,0.49209846127675055
U_4993,0.2987778226102121,0.32655687792128923,0.31581965967532394,0.04667742591061204,0.06698219673671924,0.2109712612904353,0.08488920125175585,0.7143926325987384,0.03493991363942855,0.054323430130167265,0.04954661743286764,0.04885169575784693,0.1307898374285574,0.17769960672592527,0.29733345658664934,0.04186080959154879,0.6315639082464752
U_4994,0.2348466074039098,0.25697462955561695,0.2707629931320108,0.047535391602193146,0.0642406634116024,0.2718073889232546,0.42435555932346863,0.13079273416130052,0.07601502196832072,0.0684942863061935,0.07106320338980211,0.06614618060176855,0.17990594854004932,0.16734022219868133,0.13014201607221537,0.7075110398875253,0.1677244762588029
U_4995,0.1320325888709967,0.26035679485985325,0.2321371726092525,0.08023589161452882,0.06932595470359396,0.2130351456158681,0.1279771877106075,0.15217067141470492,0.11035284415767772,0.066510486531224,0.051214739410140535,0.4827949633355466,0.1464125301555554,0.17268611826887295,0.0995620324701031,0.5473278705148428,0.1515783926045808
U_4996,0.01791581378735243,0.041694593942049024,0.08656083135387642,0.07661376037751766,0.13701479704777128,0.6356122026480688,0.3072732930138118,0.22280348524792692,0.5794722842794187,0.18234765704366565,0.19017593905141483,0.4762648283403808,0.09712880456896372,0.10537536276610412,0.03492533267525568,0.5212291811911585,0.12791272990200275
U_4997,0.37116474027353713,0.25128796393173575,0.29066726387179215,0.03903954138718599,0.04311105753989605,0.6110294224942403,0.07610304065443475,0.10567418581449388,0.08877371408165027,0.08067787663294156,0.05821068743645002,0.06375086570212982,0.15010537115322206,0.17150282782849643,0.3260972731098699,0.06043716416945986,0.1554769939728932
U_4998,0.010317185884967599,0.033421872642132484,0.3895256990810753,0.08223675025799136,0.2469766387315759,0.4490681920105359,0.08884700881311444,0.5263295691198973,0.09033475589614286,0.21686299713367588,0.13325466255712354,0.7464003980367151,0.10147691810459943,0.11111187151453804,0.04742449460394066,0.2325993401271669,0.11524825812911398
U_4999,0.06900652743061547,0.11347832652220773,0.35090209930218147,0.10021060034445287,0.23014530081603207,0.20500585047983133,0.14622316453401835,0.21793526630231272,0.16541027037781023,0.29811938688439754,0.28086835779636915,0.24008910785887344,0.15462458049285388,0.30359733164292557,0.0885830985501401,0.5297335689698153,0.290304414228702
U_5000,0.05483226281871223,0.1104835525232685,0.10221600863111534,0.13599905636127638,0.1644903891037402,0.6115950249518778,0.12975202131402977,0.1751217259165546,0.08288399551337644,0.09459831821688561,0.11513961858228805,0.5182003144476459,0.1374250552052119,0.30373551471363897,0.10911158557609958,0.3967475373726771,0.17199674627192763
