user_id,M_001,M_002,M_003,M_004,M_005,M_006,M_007,M_008,M_009,M_010,M_011,M_012,M_013,M_014,M_015,M_016,M_017
U_4001,0.0839590317276864,0.09591044090828349,0.09115299773164917,0.12498482757831345,0.15431201552235077,0.09843219829342661,0.10750103390607832,0.157570516722557,0.062004302043185675,0.07754645127755215,0.07441591675417218,0.05772925424150056,0.08293584120325996,0.14486979952007972,0.38170071154273577,0.9547394343408641,0.1847452270566311
U_4002,0.07617851304937276,0.16945452151510418,0.16534182186893212,0.09254611614883645,0.1032511863207981,0.17804491856541443,0.1845572641521417,0.1553635192532028,0.18263132783107056,0.11234737616478993,0.12320383228229648,0.8448176390688443,0.17785756392756344,0.1788780836311703,0.059796099375250086,0.0200909137950133,0.13672873402916236
U_4003,0.027822225860079437,0.0742844808112314,0.11586182973453316,0.0994779999263683,0.20072094908867985,0.16529110020600382,0.15239969484202254,0.15525777685580408,0.1262452000961065,0.23323601926489063,0.22732054204980828,0.8481902010572374,0.15164966163345334,0.19504151431677447,0.07013512710240762,0.3499862200759212,0.18886760945990722
U_4004,0.12611954404975567,0.2253488511022066,0.2590749063708031,0.07857197083017795,0.10755231149100175,0.9016052087522499,0.14710561343646364,0.14430921144083847,0.1508502964045123,0.4509145754381515,0.09650097563881509,0.09044617243557405,0.1886473598998894,0.1718737279487964,0.09545228640724457,0.053479117964237724,0.20733596593934844
U_4005,0.07527593592939431,0.1334028194009279,0.1997331246551186,0.10466545710055498,0.14473568590505131,0.2114004869899405,0.1620696695154487,0.17807894925608947,0.24949503709134835,0.808438963195702,0.09727254647218574,0.604303136460135,0.18970389349773414,0.19993974155551808,0.11539751914799212,0.04241284952038694,0.15816357159293382
U_4006,0.23705180710525864,0.17845905728717798,0.23887544009845696,0.01400294000726681,0.020127331709463254,0.6487186702191658,0.19798982172688243,0.21657430739454908,0.6360426350059577,0.04929436774871648,0.0373071674893418,0.7186259875228581,0.139678586294309,0.13483180313222617,0.36414768191571456,0.021986929084309558,0.11504127063195405
U_4007,0.2774948673315482,0.2544354287864946,0.25915712409774294,0.05211848051252176,0.04304290023610608,0.22443202994475978,0.30455338885566696,0.09677830251758868,0.2632076185434981,0.08719899789059171,0.047577085041054096,0.05345542950735073,0.13329317799351464,0.802967225060969,0.32180509942757013,0.03121943047280619,0.12419707217298831
U_4008,0.2799569048630869,0.19951955900311988,0.20506246216945268,0.026859513889210776,0.014976034527298926,0.4884009136363411,0.024706789534989976,0.08224922102680639,0.01637406606484091,0.045804566904493235,0.04197207787659535,0.20821377025078572,0.0890093078379472,0.733450681862943,0.8825620830101655,0.023294656014468944,0.10978163297734872
U_4009,0.21396571186095195,0.2318485509870695,0.21663733033933144,0.029710463779516756,0.2796578725124475,0.4236479210105024,0.07316762603649578,0.11028898699079671,0.054938957556698476,0.05224583867328324,0.05326400726909635,0.7124383289964712,0.13212861438887194,0.1595669747195367,0.26197869963068465,0.03891511480686903,0.42449906912577107
U_4010,0.02469402687278016,0.05890117145335985,0.07068154689533258,0.10255104705609071,0.17926022365504518,0.5855622205667665,0.12858367229616288,0.1495380817380068,0.12266651553101662,0.18741913666369958,0.18381564962524513,0.16578740113244908,0.1130168873798478,0.17817973934766104,0.041052166609522586,0.8452478647962864,0.17324659657952454
U_4011,0.18812737520940387,0.27004358140442514,0.5492786111040473,0.011866469523816335,0.01757398522642521,0.24756592175756614,0.016775690951796603,0.24586301000720667,0.463802214751964,0.0592552227747023,0.034256257451484494,0.1213346985833676,0.10430758993351058,0.13371761120793216,0.28368268566111676,0.13414136253894174,0.0987697500998633
U_4012,0.24818469965326861,0.21527091520659783,0.7347667570358599,0.045007233035477726,0.1633407309930278,0.5742761593030087,0.050245730245639886,0.09810595320944861,0.021935512114438872,0.06918233395503601,0.052389927997437455,0.29643803268112956,0.11093695018259256,0.6971140836117912,0.48118797119351026,0.021450142555545032,0.10273806245542462
U_4013,0.36613256274756434,0.3652327303901687,0.32421501722444096,0.03463226521406396,0.05929504692513775,0.19331350601041672,0.08010814744936101,0.10494176295239202,0.06416782127628093,0.05929962749930506,0.05541236941504803,0.06907163597756397,0.17011113857713406,0.1998679903931128,0.33654953731124715,0.04516847791730888,0.6580091942878457
U_4014,0.20836548287833312,0.18546203096367378,0.959089517678614,0.045348211117908876,0.1791004912731869,0.22990521390126076,0.48937094765777484,0.11987297426426183,0.0666452512481931,0.048187070026302986,0.07222158722914694,0.06017313365222127,0.1599761652200422,0.12955495285565571,0.09571664613908398,0.015746849574250717,0.12281493987205067
U_4015,0.03773542635298327,0.05202702580904738,0.18457280780056184,0.09261511741835562,0.17107562627187803,0.1897618760673547,0.13609641617710985,0.16442760574755633,0.5405743815752656,0.192577331859105,0.19737426032426536,0.21414326140516649,0.13857320137054652,0.1410248547810825,0.07423497573675815,0.3913476373952842,0.19307502804719642
U_4016,0.2476606892190985,0.2525634706618264,0.26683745004697973,0.036394432422719204,0.04624466896027501,0.28327086481671904,0.060255384003399276,0.121355325903519,0.050833045873734495,0.553037967359975,0.05818715488163784,0.5737748025255573,0.12750503501802557,0.1504922400013738,0.23324889937053642,0.026954398567138167,0.5170406011907206
U_4017,0.37105812492744167,0.2934219517080854,0.29354305998048213,0.04538288141716961,0.04239486462749367,0.8875468470692821,0.08036695858086088,0.09411421589661985,0.04060532576082647,0.04700945715100458,0.04629363260451221,0.059905384641958825,0.1866384040949284,0.18724597973801071,0.3311311825357524,0.04471705453107363,0.16717717656370512
U_4018,0.2746640162495372,0.2454421677014852,0.8214279370095213,0.04865209908667292,0.03868200616272403,0.2274311141537697,0.04483717401533687,0.10087313374139437,0.04552883007134526,0.05378554058058782,0.04243575505491482,0.06908385534076014,0.11073551334184802,0.6620035012715786,0.27535029685817836,0.04065229756485605,0.1280940123193062
U_4019,0.2178271063154238,0.7035867980351292,0.15141368073099193,0.03196141852897786,0.296840701534507,0.2360196417382783,0.06681095203995153,0.1130622442612651,0.4801503030207999,0.06703778964089302,0.04080759221692105,0.0745844985025606,0.10275918655523363,0.15732081124715536,0.09933224057473616,0.03333808460602336,0.8081091482463694
U_4020,0.08890250661323557,0.3535417513337274,0.21153157773084763,0.02285254959996938,0.18430987946210886,0.15480526529596295,0.250684276510125,0.11408173448860567,0.6896309799462986,0.037590980962955586,0.05109150672419846,0.22773866842069168,0.1311910986948625,0.13350392518625373,0.05300965015826074,0.11732467539333886,0.08892842276560634
U_4021,0.17288822730118056,0.6434577321162347,0.20337762917483104,0.08001912123599852,0.07459341674069375,0.2634636880276992,0.1763263111461837,0.1392413654860213,0.6810478971542381,0.07493207387251194,0.06425851521141367,0.30670487932799073,0.17550756440451967,0.1744413896417834,0.09236962930370732,0.04152732587520347,0.14603590246159576
U_4022,0.22909329313637378,0.20965710801451126,0.20824645553708165,0.024333305303869894,0.25656428613130466,0.6577102582426888,0.03181702980425601,0.08694856717288649,0.01742075169984989,0.04442405945668036,0.03753424345715509,0.036062467557178554,0.10246616866974408,0.7194373686365159,0.6807364153250502,0.020907714244786803,0.13170412677286594
U_4023,0.33178376421877426,0.27275156528884786,0.26757409446653113,0.04314728421140243,0.04672825300440575,0.33102867988970214,0.07715982500938544,0.11322877923590258,0.08135068995474978,0.058381545660482106,0.06079850886883738,0.09223965440587253,0.14047035362629606,0.2206995364288278,0.2519077000918944,0.042988548869450464,0.6772674325299988
U_4024,0.22122934290434781,0.19054592352549432,0.805256594666423,0.023226232132317202,0.25262023206484036,0.3195523247064178,0.1126400794012189,0.07619229587826322,0.21221962724157234,0.07658753496281454,0.04639894063594176,0.5524609546573734,0.1181991112863522,0.1516665467811874,0.24911267251146751,0.1550709019295324,0.10085336872071962
U_4025,0.03928060966642171,0.0582951526215514,0.08120763609286359,0.10209381988721042,0.15434664328885314,0.7194179534109703,0.13094343540897033,0.15233054723933034,0.09561180912682016,0.11929026337868884,0.09790447148614781,0.3302796471670014,0.1893033423421256,0.14911046431616112,0.08951864909693978,0.6970082786670984,0.15243974614631772
U_4026,0.03770161055760592,0.06189803492904497,0.17066230715901734,0.09865676080614352,0.19744369733367623,0.11550081106334562,0.12327698539142393,0.15719690411252413,0.7669796103269618,0.18906888713268166,0.2026954846305492,0.2137335253391003,0.13093422601999746,0.17102165176244166,0.06901243081619118,0.7176910724323422,0.1771315569736162
U_4027,0.3287958596793896,0.2479981735742247,0.5860939408961459,0.03785680521598154,0.027455722901774497,0.15431242463091774,0.07639330794472171,0.10477596921717117,0.3294148096703912,0.06268472811241399,0.049970625590883846,0.6218042669909826,0.15638416357600454,0.17494607997665232,0.2558176053220338,0.06589219630271326,0.12166582118218464
U_4028,0.034980737091179645,0.07924234756977756,0.13841007060144347,0.12234929424520741,0.22096972415053792,0.19679631228638336,0.14942038794117787,0.17093049138324615,0.0942224344626614,0.30417535959073544,0.30991968286839566,0.2877738239384659,0.13826638924028953,0.16547110585128166,0.045350849193405415,0.47856804396080593,0.2997749454576642
U_4029,0.3602522327658766,0.31382509828592514,0.26848229840922483,0.04399945427901802,0.027924998540186027,0.2701589613588455,0.0790384508641161,0.09359221015641869,0.6701842632590537,0.05886927935962713,0.05910083035103028,0.08187641671734075,0.1629002708768226,0.18884348813554452,0.2948216351712306,0.058745299821029856,0.1729723177759098
U_4030,0.30728404193867787,0.7092339153365567,0.29126860092607687,0.03188619303493142,0.031903110307185255,0.15356713729022595,0.3225608740639216,0.10083988023795955,0.5795398062235915,0.06832085192338468,0.0507549158349151,0.08198702171959793,0.15009825202501215,0.16855739079174992,0.2872953007986987,0.038549900788590975,0.13318770437210972
U_4031,0.20504486051200452,0.17270430122931058,0.23341853329852644,0.0626396937475096,0.06452006155668,0.9068353188019574,0.12690766976012244,0.5200505635269016,0.05878979535976278,0.060892498992226124,0.061873714574918554,0.06222635721036676,0.1430732466144924,0.1510679265431408,0.08440412771420652,0.032206118696521194,0.5324386745459937
U_4032,0.3601481493551625,0.30917534202973723,0.3888188481657804,0.05415264605618231,0.04415335262209551,0.3072104151667226,0.07711523356275028,0.1128850481500106,0.05021252470294652,0.5649786866478951,0.07235850502986368,0.09328262166627904,0.1944206901036098,0.20638675373685203,0.3050865255329805,0.05994438222858693,0.22469730606186988
U_4033,0.03339841179537524,0.05257153033413463,0.0733377259130081,0.08090805773761163,0.3532692919830489,0.08190394729486628,0.10067052158105791,0.12366321523203322,0.5902804054665697,0.18097233735615165,0.19460968831673545,0.7098729982576374,0.1527723768320057,0.13365979299454467,0.045706806147212814,0.2446434409123746,0.1525954167093183
U_4034,0.06637284117345647,0.686337358541451,0.18186054712378033,0.0697039386918716,0.11823205631966419,0.21133415372266184,0.14618774432735643,0.13947128377562387,0.2401046946385457,0.11493850993576911,0.126215474042421,0.09104012151645785,0.16174433268014188,0.16818734271968058,0.07914249616183658,0.05454489795904674,0.16779964739702355
U_4035,0.4039036643908368,0.9330080057259563,0.2853752355731528,0.05497083711561987,0.06521298969155874,0.1637659613248087,0.08211023712871071,0.09323462769052449,0.0531225422375239,0.053184329301810565,0.05031877465859728,0.0811256979903826,0.1630823265719019,0.18728221159426753,0.3153065935605213,0.034868043938588285,0.15247148278652423
U_4036,0.02819240514903714,0.0651764840964933,0.15238752014595902,0.10378172308049677,0.561930970992061,0.524777716358172,0.10606535213472543,0.15091595376163286,0.05975687094158233,0.10867171607350692,0.11290949031616822,0.9176963026804638,0.10547025875172408,0.1130070880832682,0.061986185744285605,0.5495584543781183,0.11925177771065903
U_4037,0.17851258459118632,0.26660548333675477,0.2626526362017356,0.05049379118453657,0.07370670448019034,0.27934251417228606,0.7364368095883541,0.13045671790937569,0.14616631751543765,0.07858671994869867,0.09027783069454222,0.0675976595732733,0.16724248844049516,0.16696896666562394,0.07981918398713632,0.34787050279456116,0.1460374970617171
U_4038,0.261202951566476,0.2488418372955581,0.2912110399004717,0.0783004457026866,0.08216247630408179,0.24168170321737764,0.17745732431668967,0.14999963596502883,0.7791381888090654,0.05652500729204864,0.13498253981445618,0.06976452008271841,0.16290844524837894,0.1997284770233009,0.17446305366420933,0.028633754019906588,0.19601582956414706
U_4039,0.24829776567140688,0.23898612968853045,0.2548537936888793,0.03675941069130282,0.04400957626560961,0.5883032609257016,0.2506891872067202,0.09042241438209292,0.021805828966129544,0.04411829449142021,0.042118004308232745,0.03689236014511813,0.11455707466730304,0.6275566592054139,0.6213281144298878,0.025293468399297678,0.1625082219798387
U_4040,0.2781895948727495,0.24302441804197364,0.2505482373209682,0.037636449626149496,0.04834330071270692,0.13139201280307436,0.042569226710598734,0.1014418883516229,0.47070282837695404,0.06650725636990482,0.04839447828347589,0.06638044628151384,0.10003214743143236,0.7022050678625525,0.7123286665640228,0.026136406910339728,0.13931282915787213
U_4041,0.2459994945354087,0.3709474907831568,0.5653474586403443,0.012758476632008388,0.023678330977270498,0.08202081893109972,0.032850536732112676,0.07173001691659246,0.21648012818527904,0.11790733783930571,0.04378822920296133,0.19120768062769772,0.10059120397748532,0.5421138403752074,0.9003208464870384,0.007837904941766807,0.1013574826363151
U_4042,0.048504559824499645,0.6556792915333701,0.08868319117169306,0.09827754783124976,0.1229248531011255,0.14614909957956113,0.19780221231111322,0.11427411692069366,0.24087576944924205,0.07801049974732269,0.1000020942437506,0.7621809378380489,0.18005971567110163,0.17095565878096503,0.06595073236759952,0.03521034882477726,0.16600624508434714
U_4043,0.40995433350885807,0.3742040586359556,0.45163379758744104,0.06562367532224725,0.06809421224808557,0.24308336380002643,0.09301065198023425,0.13020953208663819,0.07129494014794692,0.07019963711591377,0.0953037735729717,0.10174331538875123,0.2592340006859165,0.24086584680243245,0.4623188322516384,0.05749650937139107,0.1533428462057301
U_4044,0.31471510635329875,0.2569604731249089,0.2679110752902944,0.04677118362952214,0.04523257012259085,0.21993706477464864,0.6200555364535364,0.09969290398978585,0.08571838425233806,0.06123246129779682,0.058594878390999375,0.07481204857810264,0.13192195498094383,0.17941941211485693,0.22681232509562665,0.03675629183244855,0.7512108629858509
U_4045,0.31075676142512576,0.9409413382644334,0.2618360312754334,0.05497117924797897,0.035675224764130424,0.12937780956105138,0.0808021454010388,0.09276636194803509,0.053144409783233364,0.06832570954988693,0.046339279876527806,0.06923453415038285,0.14913429588251073,0.17378210462224816,0.27069785055132006,0.026221000254773003,0.12345871779169335
U_4046,0.15347834512628067,0.12279633440235252,0.21647216612065656,0.03930250702983576,0.062183685283447476,0.7896810266991442,0.4203184236571026,0.2799726122909605,0.13120146515606756,0.055524849796909935,0.04640876446084141,0.40569182487525707,0.1499836967305783,0.15311039171576846,0.04769314896267904,0.20850828815010305,0.1322181256749577
U_4047,0.10677822302518575,0.07723100444019057,0.2846624599992484,0.062100214165625764,0.06330224725236654,0.4898673787778334,0.5967966532143651,0.12446042237329946,0.7468334251577012,0.08619582745739077,0.0797379177480627,0.3053420896086065,0.14598167123754438,0.15587924076679355,0.190023699977162,0.030160328070646183,0.11891818706236917
U_4048,0.20732467513948774,0.16442203262356675,0.6045577125990474,0.02182976860681868,0.01781935532759045,0.45222718600317985,0.12729765851692867,0.10871276933912322,0.16717318100026643,0.0395917818425449,0.032535091590083005,0.39571861311585027,0.08909504218936873,0.6670439872536841,0.7392980999537083,0.0976220453367743,0.07176374822658946
U_4049,0.16428797188022595,0.9716112578966166,0.22135910890216565,0.0751552936696118,0.0850891754283223,0.2088455442746917,0.11138011996276295,0.14204600117529495,0.24368083227657622,0.10924778714096012,0.09363995352719434,0.09272169625188202,0.21076432770051945,0.19826165282496644,0.09091152026401089,0.05291607681575629,0.20604283032993626
U_4050,0.0447487705570039,0.033828663262771695,0.09221368200261816,0.09102987834460688,0.17535609975222843,0.8194399458629684,0.12358534414570024,0.7148394460328061,0.10448090420886899,0.23408139103606107,0.22400146861926115,0.26657797266483574,0.1312657571092453,0.16169567261893475,0.05883281963873696,0.23723485899386942,0.17700696739192717
U_4051,0.23808403334493217,0.8635427655745118,0.24921415464492808,0.037032488889856545,0.05561917534569873,0.21498324725588316,0.0927894808953107,0.1100792813044805,0.09840380921322306,0.06746106814940131,0.05923309563118777,0.5058807639367483,0.09582763889205836,0.22621216930130358,0.19429090681127015,0.0206726813510982,0.4942237484806299
U_4052,0.29085230421616437,0.2547117397651177,0.2737185005677136,0.04689921200916574,0.03174947124772512,0.11927322317911859,0.039879740724080584,0.08653938365188844,0.4487287635052588,0.039325181703770126,0.050644172957848746,0.031703548644284076,0.1312001215442108,0.6587854817455662,0.6623717083001192,0.02961524552287855,0.14255946589455235
U_4053,0.1877187896754931,0.1423146441144534,0.9650763456934782,0.06521836368960741,0.07605906100640955,0.22309190387200575,0.13348271267193473,0.1429749359715201,0.11185159206720131,0.06159509933219373,0.07832905861773666,0.06933091447019371,0.12273330234441746,0.14691154573234033,0.08662473358351347,0.035697293576631685,0.48152241780525884
U_4054,0.09994881173775878,0.133655298282503,0.16216298860195663,0.14295793934790735,0.18100610779099674,0.151444538682105,0.11876090985215429,0.19204461367345363,0.06001900643385272,0.10517181129979844,0.07524691346663684,0.08078929729817298,0.11695969190593587,0.21071176905465597,0.2089014188273415,0.7216685958461143,0.3492232290529831
U_4055,0.3767719526154665,0.9237607193895156,0.28626550118770555,0.06031283731861696,0.054135696429641215,0.1587122791880143,0.0707227813859531,0.09377989566203578,0.05524296127425851,0.054295900257372166,0.054943310256611935,0.06899773301300444,0.1701135143176552,0.1935913370995342,0.3089642018298414,0.047104902786249056,0.15080864060621688
U_4056,0.6205739898279672,0.47500818151634533,0.47245271780899467,0.03423841512874945,0.08262160252251585,0.24801622094505643,0.06976379870665017,0.14082427706069817,0.04905067617718083,0.0778693667918505,0.05080236769316207,0.06929892254921108,0.1953261579285525,0.27955814292895087,0.4699806236372471,0.06267657380387143,0.23749063208786644
U_4057,0.3196064965860065,0.24944665116648096,0.2716542586009133,0.0350149750122344,0.0282751082988505,0.2492711961044582,0.07357551803392301,0.09401308046009521,0.7728134087358759,0.04672991449691804,0.0487677435907264,0.06911302686304491,0.14121816836905282,0.19696075545708863,0.25414415025083725,0.041503129140273314,0.6129167485575702
U_4058,0.25669001420858195,0.20932094415588615,0.31445865817916485,0.07000291343671504,0.10624279863157868,0.2155028221904806,0.7210365768657151,0.1392594104489801,0.07558283038866861,0.0469780413492893,0.06438311842402249,0.07142088333429404,0.17210893636301827,0.1991580736538836,0.1658997782227938,0.037661612628713245,0.6739526242303602
U_4059,0.09789671776539907,0.15938900349577023,0.7367488485004207,0.09414320624166625,0.12324215002929134,0.7712540555669591,0.16578430631450314,0.15193683112097017,0.176855760971771,0.07296053617577025,0.07713524703475384,0.43888427769377336,0.15393052811887983,0.20002137250306207,0.06996142356323076,0.03394666148120728,0.1588002839480056
U_4060,0.17731381250598577,0.2037426347343877,0.7444007930258061,0.04648648069544885,0.042246811220051556,0.7787743167608405,0.060400895430859664,0.08846845748279998,0.40986243090876967,0.05780185381164295,0.08181770804732426,0.03998811617301538,0.1162544361115414,0.1403648473008626,0.11037529810568891,0.18551745484568735,0.10105929302415134
U_4061,0.07714848755541001,0.18136730794609246,0.17069151520284925,0.12821306454122997,0.16250730155408713,0.23763559028195955,0.17279677086554984,0.1754817889526409,0.9399260567453764,0.08959758789937064,0.1000249130078135,0.08161071589139002,0.23495363852542436,0.2014001556631299,0.09055992956697062,0.04165815564875279,0.16488600847841134
U_4062,0.024649552339530006,0.04621414193209102,0.08807877518397789,0.09043869285283065,0.17139250302969913,0.1902276826383056,0.11956198024831155,0.7614371366412372,0.10231120138561686,0.1517575006562459,0.16627773588121147,0.6253537299734842,0.09921453741768704,0.1298466509007641,0.05076661994929141,0.5948707465231625,0.18209389352871114
U_4063,0.4448017610077309,0.17922660381075906,0.4737413725856163,0.02385672543499924,0.03637643508504415,0.8074406731026079,0.08182368961594962,0.0849080494441408,0.0409453862382628,0.04805219168401141,0.04987819082766114,0.33369989776663933,0.11290147923479898,0.13024617357505847,0.20491938304268198,0.03295023757388582,0.13416870043611048
U_4064,0.24289933297304267,0.9440153324035071,0.23389967350994406,0.04018587828675547,0.062290439661298436,0.24331815912455396,0.1075259934323039,0.12591099367194059,0.12473711358571007,0.06031024832086228,0.05522964815013718,0.06627166415746467,0.1512160902669854,0.17529770148843557,0.15305999713138368,0.042743897527123945,0.6076887827884888
U_4065,0.027013698832273517,0.0444389432596502,0.10001888639110132,0.08168129479060521,0.15138454009416122,0.1465448685828717,0.12170746979199307,0.5958527283271697,0.09576085661560425,0.8309345178744646,0.17032394259096656,0.2847531935137102,0.12828278336761156,0.16126156326539298,0.08193114660143948,0.59593346899127,0.17291682327193375
U_4066,0.3440173378313386,0.32457382332459894,0.3180317720581619,0.04957456317786684,0.04560495886458501,0.16725323118372118,0.060666618555523646,0.10511724981537418,0.8316609938227016,0.07037433242612662,0.07132577009586602,0.07174618449791859,0.19071546008312115,0.19222029636939417,0.29190827432319416,0.05630453256849048,0.17202808308556683
U_4067,0.40653920761498175,0.38365272638900605,0.3091177088963416,0.04794352783502428,0.06231915064912799,0.16417839696835854,0.07499307380148161,0.11322008889743443,0.06763397559709691,0.059845836729719326,0.08716153914651562,0.08357491968086392,0.18175068819041565,0.2118132279381746,0.33473662069580246,0.6660956409994314,0.11714254309931324
U_4068,0.3914777597242434,0.2689412196014212,0.28706092241761444,0.03510529015436173,0.37352783830682657,0.23701789846442278,0.35078892871440953,0.11763524784103027,0.03725922394850294,0.06283804504761722,0.04786244564381201,0.508879368952373,0.15053413550625597,0.18525392574441907,0.297306780270271,0.5159586345096975,0.15115690069267315
U_4069,0.5437806327933787,0.4656862870852418,0.5592122280214251,0.03452111180040001,0.059173380059966446,0.257525691418042,0.07244528590454552,0.14343174121535976,0.05058988703384569,0.08358965829140871,0.05231326974422791,0.13899448086547586,0.18655824550534267,0.28266126959264265,0.5133714630722986,0.06490465354078725,0.23459916350319446
U_4070,0.3300703531709485,0.2654314252957935,0.2657604078558048,0.038657806638681645,0.05420836943050677,0.6420576989258661,0.6374970692847903,0.10780381925746424,0.06689751843469026,0.0768529202783915,0.053513943567570804,0.09954269959713177,0.1698907843813416,0.17281019400673273,0.2793543577805018,0.04523736641586702,0.16500073172317953
U_4071,0.1767750238417915,0.17440277069766438,0.28171971724760286,0.0992237502725522,0.0862793791150948,0.25660568434809167,0.2676146852140246,0.14786447626965843,0.5499020968584327,0.12362908989257504,0.12337221275901428,0.6120931284552139,0.17526261838511561,0.18622162793109298,0.10814113849241594,0.033401428989634684,0.1445597025504476
U_4072,0.2887315338614381,0.6209707339677437,0.25592984232057414,0.05494162064838716,0.04626917018974112,0.21701993135718695,0.47555856932396134,0.09965522900553894,0.04495251624425057,0.08546862309027592,0.06510466638593458,0.0540151218166742,0.15252513762616277,0.6955694099068662,0.2958309000193728,0.0328593004712663,0.12708048152537943
U_4073,0.12769216674588868,0.23840451433537896,0.9034140235538003,0.05684069008877676,0.09171080141321523,0.18841255710905652,0.11716495273076305,0.12502152738869687,0.1893715214234371,0.059706631572268215,0.08415959784042135,0.4508257242354446,0.13964299410182593,0.15773356695294477,0.09272961941504286,0.039753333637889604,0.14030406258739683
U_4074,0.07632483845325305,0.21991682086989922,0.16564390943751028,0.12673722597302345,0.1593685658643369,0.24221452258839907,0.19089953408115176,0.1712583372305912,0.9033382121048663,0.13883786562282036,0.14561972968818584,0.08632167498723152,0.2147368616364409,0.20454444143694026,0.10435529137436023,0.037703662113785924,0.17393129891216724
U_4075,0.0028461144066139407,0.6202296133049492,0.08996601431344081,0.0673566131870602,0.12606232862718558,0.11960712705181673,0.0965997962414467,0.10381766086032573,0.12836107895989118,0.37523301053197994,0.15655922415351683,0.6055627637043682,0.09779612558837118,0.09081363865712712,0.02328648167717659,0.4460593894227514,0.09022597004232075
U_4076,0.21719678056883238,0.04805335713081667,0.6535650705959763,0.07775051243196793,0.12390479999161502,0.09430596608376475,0.11323208332486397,0.09800139613792502,0.09553106027728983,0.13642958015780177,0.12077659743274533,0.40870850854856877,0.0788328081973616,0.09220733467492001,0.019086432167727912,0.8178269557612342,0.09860947277600264
U_4077,0.293965822425334,0.2600239943886067,0.32002244954194564,0.0700960149963113,0.05513304849443418,0.2844788193407519,0.10943004766201744,0.3190400134142307,0.07303650968853664,0.0845638026709314,0.07889359705046047,0.07957309424312305,0.15955059707551167,0.18496296653098643,0.2294023728701643,0.035006885834550715,0.5237530959832227
U_4078,0.24142276289031778,0.25272262777328897,0.21806261005123184,0.05704720408039074,0.04201375970932743,0.2126491935802128,0.5118255754338742,0.2730864097716097,0.2601313436516305,0.09184065642808754,0.06920423193824968,0.08580313586293928,0.17854670385035804,0.17373964485323054,0.22602310328320332,0.42505548479236144,0.11853127527466867
U_4079,0.266711368528375,0.18425054642626473,0.5186016074325306,0.021906606427825444,0.6141005139902219,0.590653889356383,0.04205563793307426,0.09498090777196488,0.04684112121196147,0.058152884003642866,0.041669338709357386,0.49579704609826014,0.14900743785281612,0.17483020518496184,0.21665307726862126,0.3757053952712403,0.12138179454305209
U_4080,0.09813638029798971,0.5822999131869746,0.24077431145220188,0.10270553715099662,0.1289666403468037,0.23993280978153317,0.1627192188184804,0.1600433295609548,0.0976871030137296,0.09009439357725871,0.08103743913094358,0.8755122886860799,0.16240560125289347,0.19149595444270415,0.08620109587408543,0.05261472548198171,0.1541539964724767
U_4081,0.056800918750945714,0.2320647710304689,0.16977025461594286,0.06042555619126391,0.07352454795411358,0.18146044154808164,0.12433228930911394,0.12880018094261944,0.21288162875307684,0.5232128538393198,0.06519621578225608,0.8737072099408978,0.15942240192025664,0.16286189193828288,0.07020276416479272,0.3402215897966692,0.13522389108768718
U_4082,0.0700294434797227,0.1330089829789575,0.6954870542478975,0.10779908050696446,0.14222016497038945,0.2514057365076224,0.7036866915874752,0.1575143340741712,0.16850759345544258,0.0850181241124555,0.09367000580660925,0.48775554870352245,0.18566393826597927,0.18179848582866612,0.07483137271963804,0.04368593160560445,0.15550538718627202
U_4083,0.1845579741066459,0.14158948802518065,0.18650505962861144,0.050364802505234695,0.060807217425443275,0.23024419975533025,0.3184568211842267,0.12414242287272673,0.24985384858614745,0.051067831843537935,0.05647942516140601,0.8048147919783956,0.16220322800307913,0.16129853809795303,0.17073898503715462,0.03863626256301848,0.36655367441204645
U_4084,0.18496576745435545,0.7824402930976562,0.2565266043580716,0.06450442304919023,0.0765465696531239,0.18963987411728878,0.09948177062653671,0.15648707614310292,0.19990508244656563,0.10074874076264989,0.09110063743024029,0.09237459642089534,0.1942125536725747,0.1893541377005867,0.10214930561971497,0.049608041715090354,0.1647675234407864
U_4085,0.28036377216310104,0.2546535332245344,0.7642060339541281,0.03627869039487817,0.3858821794532891,0.1945943984165444,0.07020515800940254,0.11478141031946434,0.6268665395873361,0.06861918029423364,0.055314156876813694,0.04585928869717104,0.13232251122310545,0.1667158376199915,0.26842044073828336,0.027185140520941647,0.15261387615287159
U_4086,0.0069744844333234565,0.029760753734173855,0.3523703160734244,0.08468047898352013,0.4304414546840438,0.05930195481531335,0.10875610083366437,0.23157316445067982,0.6425206109495112,0.42386251298998817,0.18474756975553921,0.6445878382757814,0.08260284182960353,0.10477933986654897,0.02565808038959201,0.19704289102323863,0.11765749161049258
U_4087,0.025786754140648127,0.06605083174520823,0.1139025198081632,0.09630397349940883,0.18940967445038673,0.911816337202516,0.11940086383363424,0.15498646456264129,0.11539157888819217,0.19059225880744957,0.19082508062211248,0.23706307940739507,0.1467319597833533,0.19129510208258863,0.06307979533927237,0.349105564467042,0.17329764539905498
U_4088,0.2402022456133726,0.283167688521696,0.20460758142818988,0.05931044277189984,0.07327849181728226,0.33309714177584077,0.07706796248121517,0.1444263311878616,0.8334387785860533,0.09475395758900221,0.07953475279580258,0.08418137134729177,0.22714945355252092,0.197572358682774,0.10006643572943744,0.06054629556606041,0.1936483967925141
U_4089,0.11163847136354932,0.1295265940288394,0.5644317756708909,0.04707240199960136,0.23828827789885795,0.15315845968570257,0.5873353949188148,0.1118102201936671,0.15164935481201314,0.3772040679884482,0.05933567893052938,0.0724405818242199,0.15376839811034537,0.15075017263160728,0.060361113114135084,0.22767030226837617,0.1502399286033389
U_4090,0.4167927360315108,0.39560214234273816,0.3733035102549511,0.049208953994220365,0.05856037593029287,0.20035486095596694,0.10194536852980877,0.14291829506274972,0.08265386006382262,0.08342029009895269,0.07631522750478373,0.08647777784695121,0.18593858119477102,0.22671407610531835,0.3826304516535469,0.053983207213512324,0.1670762489915376
U_4091,0.525918400080706,0.2137064197986589,0.5948369246921058,0.027995180944906023,0.2867479769931287,0.13979310191209593,0.06549238966863848,0.08180807478296001,0.6429271300327223,0.0663777075779296,0.03992516193474433,0.3841194801500924,0.13772241083808678,0.13378710723822462,0.21141442131283952,0.28864471229531946,0.09642173774099369
U_4092,0.21732486949222912,0.19301268225957902,0.8005447551528747,0.021262190299248328,0.22793171723390682,0.0709106071822431,0.03437822059369149,0.06041302544220263,0.12371246056914473,0.03222379781478166,0.028063784068282173,0.3410701500085676,0.09878474743801928,0.7826321501785422,0.5528953390694163,0.021804270597213547,0.11159745683782782
U_4093,0.022988518202318377,0.06524690960153427,0.06751341794672285,0.10339454221123304,0.1510008270697893,0.4130976592343176,0.10280094351129884,0.10367263033842104,0.4553952326123709,0.49532583670151076,0.16370808959360353,0.6446681599100746,0.07645598860295018,0.09721635671792372,0.024482018540823706,0.29197211840560233,0.14736210372583333
U_4094,0.2468482037610707,0.224805260038952,0.29044859473510326,0.02765482932862797,0.06054061505645307,0.22805734738091046,0.06743225189749177,0.43553264979428996,0.27257304146036315,0.09988937482471458,0.07134189270584479,0.7004426103552486,0.1505426348550694,0.19034089441169982,0.22792974542834216,0.0485938629902995,0.6388086932140188
U_4095,0.057406683901245814,0.17981426135640818,0.10554815211034065,0.09342703477297169,0.09203901337068501,0.9691028868528125,0.1538927118956523,0.13151725601904293,0.20575984491546367,0.059578316396493025,0.06728932140073278,0.7070341594821905,0.17855360061624426,0.17881200591293592,0.06803934906868232,0.03843810777278124,0.1468660289657799
U_4096,0.18813285128762866,0.2914079032700502,0.44198870082584185,0.013716170047267953,0.030286784160174975,0.7843537756171167,0.07326895619110918,0.0897187550307581,0.05974704937326425,0.050701212951082146,0.040965206651590834,0.1639569903805432,0.10909610777983723,0.12786670935766353,0.2186480068247634,0.013274628569183738,0.7162339371583012
U_4097,0.21755877211237418,0.7059211863371009,0.8663491764438154,0.0345113581570034,0.04586645501543331,0.23890479365923728,0.06579448980670168,0.09807794951212218,0.051852995599385845,0.06449219005991495,0.05846926024321433,0.06701450601765338,0.14400518865516232,0.1408087089363958,0.08307982455603342,0.03402172744287957,0.5152823525250042
U_4098,0.28469418177888284,0.2634650671044173,0.9732161843882261,0.04442706419070434,0.4602034070711316,0.172939512608264,0.07666073766732723,0.5113026045651056,0.15770349134165026,0.08052236200431351,0.05511052965943266,0.054324965250424746,0.15589937174169177,0.18560173569336136,0.1218597347359171,0.02110599252212469,0.1740404333194903
U_4099,0.12957086572790671,0.5307340724290828,0.7007274812789109,0.030138891867662394,0.2948034157690649,0.17520318859808434,0.10090386970203877,0.11474516112076326,0.13358042046815732,0.3555419115335072,0.09020488733924488,0.07830129539767644,0.11777811901943301,0.13599897060723923,0.05790531765217606,0.21201902879712245,0.38160762747814886
U_4100,0.2433796208255155,0.21580170116516606,0.6436450242349843,0.036189601142099015,0.034388609028897524,0.11086335415221561,0.0322202162203862,0.07893938846150778,0.41621180869285085,0.0381366205318069,0.04135525463243031,0.04890232807360833,0.11731415607016753,0.8523706500140917,0.5101692893909358,0.020569822337792167,0.1508621631430839
U_4101,0.17505824552883328,0.18789462139309204,0.2941545410389252,0.10433325343187456,0.09561768164968916,0.16965476956285325,0.7038959949238357,0.146231166167336,0.16088624143685804,0.05765635021766288,0.08909235813421289,0.07283216671580664,0.19078883030191127,0.1816819025515775,0.09755763402172317,0.02948943656868072,0.7292130953688213
U_4102,0.6016864105413136,0.4005563388153879,0.394288079546817,0.037234323503370456,0.041186613322570946,0.23272740219442517,0.07131161338617353,0.14800760120700396,0.06199871965585166,0.08872921628179539,0.07136808931595152,0.07761157163826386,0.21361012512407188,0.26039149633182956,0.38205920590660175,0.06823528417384224,0.2096065581950782
U_4103,0.6585765485574316,0.47511268894124276,0.4663358577231634,0.035044221573882636,0.058103818012493216,0.25450285932790057,0.07179229311515141,0.14059728753180628,0.055570703824352904,0.07789118666891898,0.058751041088488734,0.06666600858234052,0.1959565436584833,0.27708757960653796,0.4691663582597154,0.06539090235943856,0.21909864949409194
U_4104,0.2607115831949372,0.1744036650071533,0.3419258201748085,0.027539172024443878,0.014360695367928816,0.09227005314712217,0.03639746476583706,0.2116481036712981,0.08822773854831432,0.10860448682625026,0.03926957905842508,0.033812265702500184,0.10554831771497462,0.7027519870848057,0.86291342910874,0.010740213553603897,0.08899922583923447
U_4105,0.23717989303294418,0.21073344018816625,0.22257775102677643,0.02712550492904261,0.028723237997692656,0.17843192758817564,0.038666528221064325,0.08629956173463418,0.4574737920548585,0.26418308770646465,0.04377306467855762,0.05515127758285144,0.11605778700609873,0.8403625145630463,0.4962649947011195,0.02906127035191257,0.1434283910515385
U_4106,0.26055454353668445,0.394543208472959,0.7898147183138623,0.047039296424874116,0.15429979634426727,0.09709965909015142,0.04930783481228154,0.08220652919974113,0.037818064155632554,0.060430397931419785,0.05618238298455114,0.24846666907904147,0.11369437105369612,0.5021078555363995,0.5537576199730805,0.01965005702306051,0.08960405023498597
U_4107,0.44123954488401146,0.34583244146319614,0.3352823114605717,0.051107754835776474,0.054635664910186864,0.2054758108336129,0.8055686933326954,0.09926003779500979,0.05463946190538677,0.05983935864356965,0.06539664217709935,0.07775682555386901,0.17472524721175062,0.19274323594284304,0.3217894774240492,0.04408621665694143,0.1659833085882565
U_4108,0.33220860359875426,0.6744458308294581,0.7125384600013096,0.03650997693123025,0.046348036350911344,0.25542657846597394,0.32684237455002596,0.10851519866710231,0.044894739506985734,0.06642905694776415,0.06575871912686655,0.08226535804772839,0.15213529428817674,0.1798469061018803,0.25935820890297967,0.021252488313136284,0.12955974085285224
U_4109,0.03328843926289866,0.04441215595057416,0.10544051096614604,0.06576153257267998,0.3974188960852205,0.41404971403540836,0.43624052572201677,0.18024062856590953,0.08833370018884407,0.1805198506153171,0.19641519472742008,0.2479564568012414,0.12324368529809288,0.180552923118089,0.06620829243451606,0.40961711428210584,0.18681461985321268
U_4110,0.38302231354305927,0.3517119835047754,0.340485134621906,0.05629130068186555,0.04192778763094984,0.17913448263898848,0.06493802717714872,0.10881451269978189,0.6763619699110958,0.06815808860243387,0.06890156714325622,0.070981818937603,0.16158290851701626,0.1972999127940583,0.31766032722561083,0.07338384780004095,0.18118077024413237
U_4111,0.06955774389657426,0.8752128907370399,0.13842356823162422,0.10157908791071625,0.1434457597057993,0.1251042371004933,0.11678328653462568,0.16063169242925562,0.0798018419009285,0.1313266663877857,0.12019674721835741,0.20916046956196274,0.11526700813953986,0.15542569989318117,0.0835349564069029,0.3228478997884359,0.17013892416232168
U_4112,0.31072006249977846,0.9205441264725358,0.26361050395370195,0.052167691165435945,0.05509952456764107,0.22312677012675264,0.06786485614518781,0.10232317667746534,0.054476946420842796,0.0733822933087338,0.08369871146009022,0.07434753876652411,0.14258740899675706,0.20414042180579184,0.3831873205237845,0.036564932389656,0.14206027506829624
U_4113,0.32688885187103417,0.2955849883724649,0.8721614655708819,0.041591679304570396,0.040278348235069004,0.1568618946610901,0.06973348964703689,0.10393751809032618,0.05671942187121465,0.07380574669652386,0.05982127458023692,0.07369976766881288,0.17025413282253643,0.17477689137622437,0.3056989929058409,0.03696244441343022,0.12983959118953675
U_4114,0.25262818589817665,0.19304252857761267,0.2880279560391682,0.06487667530998455,0.08046390448996481,0.9199047414258789,0.16686259266268832,0.13000302948037584,0.052882609144468774,0.05405810080607739,0.0507291998385882,0.09909941688785542,0.131601205636789,0.17549815152185455,0.14457938956325092,0.03682344370325566,0.5428159078535179
U_4115,0.07215696680923893,0.16429108870403328,0.234078130750488,0.11169643090114541,0.11048330648535572,0.2133537807383029,0.22132988796606734,0.544608600192483,0.14893348449688595,0.0668442663698242,0.0627626736834686,0.8457086793665226,0.15606309664081192,0.22330733006620698,0.19640224253395006,0.03362183661083835,0.1426560477137504
U_4116,0.15697316627596117,0.2255996263302683,0.26712511451334114,0.1454590088085943,0.18928350595456858,0.2931120479635943,0.20875856665339623,0.21274894076647072,0.49349095847534286,0.12540941922122212,0.11611054436281133,0.1494726480616058,0.30736107152935405,0.32349456725499814,0.14259160740712482,0.07721224608839433,0.22143090482522296
U_4117,0.44901033597717865,0.3538063052297513,0.3658393417618637,0.07207054282683147,0.05625778848218978,0.3161968629331675,0.08592922731156799,0.14699038890706959,0.059216418881332125,0.08984524646513563,0.08270865062235867,0.08946024747625148,0.22991435746029207,0.21102071707431092,0.3653829127270562,0.05093751301391655,0.18593179036691987
U_4118,0.39784186054144305,0.20658918617989977,0.4784781041057905,0.03375050013168521,0.05051797777687141,0.13879854641866035,0.5859877100180607,0.0920437347623565,0.15897893883009748,0.048413136792155476,0.05488569640789927,0.3360683698639173,0.12626951404565637,0.13265498619976251,0.05567534057696748,0.34504204783502296,0.10293851934931199
U_4119,0.42493515015386607,0.2907657127284165,0.2832496478006476,0.034074901839356284,0.03421192940381119,0.21895692496790642,0.06898504091169001,0.09743904524446195,0.6847966704776624,0.05267195000336418,0.054756049609696975,0.0702569064312518,0.14939592114410183,0.20513048055190386,0.2894031638631588,0.047014647993068245,0.608811322426113
U_4120,0.3543375676252248,0.2768846800650708,0.2964481023559983,0.044154737616820955,0.05778118138600856,0.16330314989382208,0.2868365048004594,0.10537727226868514,0.6662499154635244,0.0787740659581797,0.05809407613345849,0.06145963561784823,0.1517070455293006,0.1720012975888192,0.2518539725516656,0.03276328758963441,0.10856023628270776
U_4121,0.2773510702711902,0.28505607337457445,0.5139903940983568,0.03801321204702538,0.07199780511135515,0.20834990666725683,0.2628562875139127,0.12997409664172793,0.5292949334781097,0.5007396273778084,0.07081267638328038,0.07790954697765042,0.16684595079682446,0.16746457745579243,0.2012807838663903,0.032532003599321804,0.15148979842172935
U_4122,0.0643999656885266,0.06419086458614333,0.12848766588996205,0.10077741296019872,0.17927529273955395,0.15783694647485932,0.7732802201665386,0.1892045143701997,0.09175848280034202,0.1500358189130216,0.13913354839639602,0.15097703816262825,0.10404797319979668,0.1356142916213399,0.05719710173804479,0.3407085766821504,0.16359239289246785
U_4123,0.3108242031793642,0.2792352845209188,0.30581631715764845,0.050053269106409906,0.03713668600904148,0.15760337426699417,0.06232160986244008,0.10656016654491654,0.6995361194183034,0.06133904624108455,0.04641152571391682,0.05343206130436266,0.13559977000556245,0.168213987763371,0.29574296226334673,0.3441549107599428,0.16000105828543842
U_4124,0.27903150834956847,0.5528633527393657,0.2479153046264746,0.02959815611946527,0.040143299602214744,0.20924012895205837,0.0379662843105683,0.09236611398757952,0.027120291018642148,0.04901170832002116,0.04102166749003395,0.056962696126285406,0.1515674865119292,0.7203022651851474,0.5117942595644168,0.03679195455027852,0.15454696122186895
U_4125,0.2534499809124302,0.17932844070089682,0.19797806889699204,0.07684194704038927,0.07470420079567236,0.2718483879214585,0.15955466797436432,0.1477962296079372,0.18687834761338237,0.06260415830062932,0.058565210457286174,0.09006682142621825,0.17278490329161814,0.20304142462213387,0.1348409121870613,0.047295900151331366,0.8616276237393049
U_4126,0.2275062735090151,0.415404270309423,0.22601426331637503,0.017125738237645596,0.02575344969356272,0.2381639005586575,0.12415305526260162,0.17673370144404102,0.027196091281198015,0.17098224349455263,0.035349737612483945,0.6339080657412307,0.13204156646486348,0.1290289967607928,0.1929958668475204,0.008542990969431815,0.6955147839228935
U_4127,0.33184388414927574,0.3112097824657781,0.2693653024114475,0.03317121990339946,0.05868849635284104,0.2453038516855014,0.08024766233863323,0.1162043886590283,0.04639061539209595,0.6323632017125673,0.06316171483260227,0.08780241341585018,0.17304864734821426,0.1807247521307358,0.29214450016072363,0.4606556636473444,0.12802502128239795
U_4128,0.03934758641479666,0.07440361134930794,0.18592899794623113,0.09995455332198457,0.16554359766350343,0.20426595004418074,0.14741782989333962,0.17099488082071562,0.6186714690402779,0.2398365201920804,0.21451427311698795,0.22221684452310056,0.13039540569514782,0.14538899514708278,0.061199212897752084,0.44503056691357035,0.21135385899099474
U_4129,0.23098805135585507,0.20775812390447906,0.8323858713512893,0.031950703731270874,0.16170116708571822,0.2027607403805047,0.04679548021441604,0.10924382320855218,0.044735224093139986,0.06315437133726838,0.055401809558229036,0.04173144380497988,0.11813608113080556,0.14980384389985069,0.7455223098445635,0.05146030647897584,0.10208079299678645
U_4130,0.25762121910110664,0.8754232511782701,0.23163972829885454,0.03560112994443305,0.36786514085688027,0.15198620761292547,0.07005276687904839,0.10603105858824938,0.07527671965858629,0.056798812536324766,0.04771655080327292,0.4972398648070464,0.10778431609335307,0.14459631213709528,0.21364579183008142,0.021922739575028344,0.5131135750592667
U_4131,0.3554134412936022,0.32730752141122255,0.3163444272691432,0.05034255949112467,0.04401975050554875,0.2906632568838204,0.07929701442402107,0.831705613755992,0.03926475988793395,0.056241701984844406,0.06766446408578515,0.08358992235936953,0.17834459980407452,0.19909052442609768,0.3078976637198577,0.04767086150131099,0.22576781858317335
U_4132,0.40665176608129167,0.3440202441627296,0.3875561545828004,0.04023388868824022,0.04441089107825017,0.17394717750064312,0.078223464813172,0.1052799874878132,0.04690976833115931,0.05956089373579612,0.05627694426253298,0.0735262041294273,0.1731095784952452,0.19909917393045665,0.338176704518662,0.6569656837213317,0.16679390150733786
U_4133,0.11701994698179496,0.7883918373269547,0.14515523917946507,0.06952749199203927,0.09715669034412608,0.26039801430143783,0.13107365253844566,0.13833392669232053,0.1571199208706268,0.06949666841852216,0.06720397083665217,0.7515840586078281,0.16400833884107868,0.21580799959011776,0.1069389707285978,0.02606780363915992,0.15874107132754114
U_4134,0.052614972163355346,0.15548498075118924,0.10973635288470923,0.07590959448059348,0.08475886739640613,0.15638892789890127,0.15013046607250422,0.12445441996073389,0.9228688238029796,0.05634991060223836,0.06735448994725374,0.583662446245992,0.17796003868022725,0.15396355639190507,0.055901658670893084,0.022878782579459408,0.13080080923387705
U_4135,0.2003625941202435,0.8274055841119201,0.18541242919306372,0.02720686173490118,0.19845854685283948,0.22388671417049769,0.061812990795411596,0.1270322555012843,0.6355270006352344,0.059483090090865026,0.0653326739186249,0.053765716410002114,0.12776229817470708,0.15699551404132372,0.05751053734731254,0.262338157301458,0.31020638663903854
U_4136,0.5525976172178273,0.4871297143531605,0.45958937317259907,0.03095551818547585,0.04508905843897382,0.2642780650801193,0.074254296024794,0.14503334714062738,0.05703074731802951,0.0736883114753229,0.05899803522983198,0.07332277695760209,0.22156868743737984,0.2887221363260765,0.5786696959016138,0.08638580137716384,0.2025068411686208
U_4137,0.05140603188810574,0.04930545113016103,0.0952938646150864,0.08289188546718812,0.14638859406909935,0.057285096741692354,0.13064873425310394,0.1324235274318687,0.08397993319746298,0.5672197804463819,0.1523339023011856,0.1757480049425984,0.08346350373961847,0.12257307803520981,0.034934682664905466,0.8058261949423046,0.1376542998219122
U_4138,0.016373499891399208,0.11021079253894446,0.7658840494007411,0.03452618328478356,0.2626212431126993,0.5061642873604427,0.3911549769596496,0.17843319636819918,0.17549220759132447,0.3450142894894791,0.054227210619025995,0.46150483376985074,0.11276170945010316,0.1253329226642065,0.04372909479793867,0.0316258750402362,0.08628497406242397
U_4139,0.31730291630307933,0.33775730688818784,0.892819786751787,0.06029346876807665,0.04869065866734523,0.151853498397822,0.06240899643761724,0.11794663748854138,0.044301086380915886,0.07368000718361156,0.08780260294636746,0.06612513554721662,0.16355249600080535,0.19106297341431647,0.2843757595236351,0.04274458914914049,0.1276830552209858
U_4140,0.26195538411141206,0.17732446950040007,0.286902163260663,0.08113169066262008,0.07149012665394515,0.27710370466907586,0.12521831315118234,0.14507784952228203,0.046382208559436706,0.05579586247570696,0.06903093904805974,0.716650582582968,0.1614799930294851,0.17443107183123946,0.18190157059945733,0.02202711391375739,0.7124866385659507
U_4141,0.240589511140905,0.22471137646850994,0.6638055680407247,0.03356556758511028,0.03574919531898495,0.1129099367064566,0.03596607181133602,0.09065804257737727,0.02950453784585441,0.04312848439597871,0.04547143604529305,0.06821264335186775,0.11862548924497784,0.6398195170792155,0.5083500558303978,0.04286484061134786,0.15496953927423363
U_4142,0.28769995588352476,0.23827141490565568,0.24259604850662025,0.03857455830086619,0.03319694475407978,0.0965261274561978,0.04104000197083761,0.3291311529477995,0.36808000332640267,0.04124564753853376,0.03398221556572046,0.043825679728291767,0.1108175132768171,0.890358915202985,0.5786414463771614,0.03576408355559493,0.15621817096987645
U_4143,0.031022069098616316,0.07636417240008944,0.07996388958808677,0.09515078296264952,0.1715831415708055,0.14008596137481677,0.1097278830710958,0.356572835579208,0.3354393021746704,0.1589526952911685,0.1839090780938474,0.2478732443839271,0.1167050513451814,0.12025515358912453,0.057170582634652314,0.8552892804773645,0.1399620075613277
U_4144,0.31897429474739547,0.7077826769271988,0.2841103122925936,0.05515162523397692,0.051764425378136365,0.612973569558041,0.05095517203066615,0.10967848929850951,0.040119322826516,0.08507533066853522,0.05649604992309841,0.045397195583701984,0.1280414064214547,0.7053031728817457,0.3651431545256145,0.027393116034544612,0.12511998996623785
U_4145,0.03237222779819422,0.06171979775679856,0.10859418482387621,0.09647074902372763,0.15432335580108641,0.10890461019807893,0.14778384014946647,0.5449192635307694,0.06050265846129603,0.16493635612752416,0.16328095010866517,0.21493961292657748,0.11306247988132606,0.15023285891701413,0.06780361961912765,0.7156740273985358,0.22176112595664788
U_4146,0.29327917585692204,0.26179132341293937,0.29113492504986044,0.03635588080855392,0.03590011994471649,0.1522915529595217,0.07369725432590617,0.11178792248968554,0.07349744314496409,0.07137998886801736,0.0693753123480296,0.7974675334441709,0.17001548748244327,0.1758936059833537,0.26962236373639914,0.037819393363492104,0.12767171529322274
U_4147,0.35334255763186206,0.2797385739945158,0.3254134481277657,0.03911506873334999,0.043680086812441433,0.4585408195913676,0.0754260541758174,0.11415796546107503,0.06813620886385585,0.5378883188756204,0.06771592108182592,0.08360803948843976,0.16877542793296563,0.1727068081780763,0.2812898590897312,0.039101998920302555,0.13099929727814183
U_4148,0.5581453703580266,0.209442374959175,0.5393359250001256,0.0328326729711488,0.03834340510722156,0.1926436396720853,0.5462023416040569,0.09422626590628079,0.0752923509459803,0.06535475852629331,0.05281933700391366,0.5317033205264726,0.11620175683496338,0.13741694291631862,0.12399878326765207,0.03341780106279428,0.15801431289358311
U_4149,0.2889846468885568,0.7255283900540888,0.2692588202029725,0.042173905490017614,0.0421024017070918,0.26506038702927376,0.07159884373859754,0.09464814372864983,0.5951940366730663,0.0544361620694653,0.044048764627810745,0.043436832790274084,0.14521717279261798,0.1655510719228967,0.28194449638530383,0.03209217442229647,0.15859323633222094
U_4150,0.07230633499978578,0.12144638730824972,0.11342014647335702,0.1423215591403711,0.17418851975611918,0.11937988169050862,0.13689733740783033,0.18862293569146862,0.18107893950076726,0.09751521730669517,0.1001452950355784,0.7410594004472513,0.12024794083419602,0.18729388946149317,0.12065254865393127,0.427810373681596,0.1995568480935792
U_4151,0.268457387206987,0.26079029710040924,0.31633793506470176,0.049333958568922934,0.052004291604683485,0.25884908541151586,0.08148250694435777,0.10394059262055691,0.5855873812126319,0.05570138088796621,0.0469330973104143,0.08900487844923327,0.12179221504932389,0.18944840176502445,0.27216961975855286,0.058662247768221,0.5166962477377366
U_4152,0.052111566207612564,0.05177457143931433,0.09457203595389245,0.11971316806765597,0.2745131787171073,0.420097351272896,0.3922648554422222,0.12928877310453923,0.36447200297388915,0.23617059024063103,0.07163976486973972,0.06230233031880525,0.07180279025776598,0.09392045371716312,0.07975393722864321,0.7775773384978953,0.1381151723996119
U_4153,0.2756107140478777,0.591807672436193,0.24427289615469994,0.02852697635204999,0.31861134576390154,0.5737209693001232,0.0784403942418128,0.09680842245558405,0.3931282484771037,0.06655393758783268,0.05296404603692295,0.07063430627648344,0.15264841890629888,0.17568826983876057,0.23569403266247754,0.454606769503565,0.10369698732387111
U_4154,0.28312100181541905,0.20566954305957352,0.23033589731238746,0.03155823527558642,0.1724371320959888,0.38200310013952693,0.13650207686826105,0.07247791459111287,0.03348640880875922,0.0582565533438712,0.03740118550383546,0.0391213861198813,0.10159580989019762,0.16020686914829518,0.8459375807482523,0.19763964354194186,0.08918546085197124
U_4155,0.3628190685186765,0.28278717737010206,0.3342816751880929,0.03742192915620643,0.03553441908748864,0.31520091028450264,0.07370842609433571,0.6576586821915729,0.05138245578394776,0.07081181626132828,0.061592566869342405,0.09020055496315883,0.11900437963465674,0.20197205159216342,0.2813614503730838,0.031285009356983064,0.6848942250596436
U_4156,0.31609030601781657,0.28235368136454475,0.2899874578306985,0.04063723775998544,0.04141206853638284,0.1449460769315798,0.06209825476570474,0.10738230416828211,0.06191732501141024,0.7918535412837481,0.05561665024488989,0.07024346369446129,0.15186593687899652,0.18489514383238778,0.27763998350690816,0.04020448348975241,0.11841517073557944
U_4157,0.033802283935290535,0.03310624743192598,0.45868283102344976,0.08198790631247703,0.4842615275589056,0.3136867252443259,0.3081813451265138,0.10370040425966712,0.7086635178204356,0.14419775843062838,0.14907415470036256,0.11141961224886342,0.07995176112715725,0.09673580965956152,0.020408989720151333,0.5757743050703891,0.1444155529595311
U_4158,0.03193712827917338,0.14399016315299623,0.09099724347694794,0.10266816082447493,0.14317319512145152,0.15696366136855702,0.6009699952671178,0.460812482507462,0.09078803011677862,0.1260615374358823,0.10639439486314195,0.1983307380847374,0.11250269804594619,0.12731409564550156,0.07272029072982703,0.5053218133240072,0.15758847997004802
U_4159,0.26856779669009107,0.2331426520329738,0.2401906669042733,0.026729779725159372,0.02906147734099678,0.4824270458640425,0.04236253016209406,0.08449325571772287,0.02446180613106338,0.04510789674605061,0.03739280192559693,0.05116602042790662,0.10013113200705961,0.6830905530806403,0.5824797943970041,0.16734812095361248,0.16951902618001224
U_4160,0.21850191771422178,0.2732475608523279,0.2588617448756531,0.05890741390586349,0.050634908301882775,0.21314593235084722,0.11446538523234945,0.5305067359069053,0.17984405122015762,0.06668236784892365,0.07240726520872119,0.0768540242315215,0.15436219644567176,0.16210322185309387,0.10463571330606576,0.02207967383521114,0.7034008715455387
U_4161,0.2550209895695169,0.8060449616536302,0.27310836679907985,0.03347677427751146,0.032960073248831726,0.2004332749855585,0.04328156565902708,0.08990863637752564,0.03188444299547919,0.0450337369870285,0.05467230956728126,0.03424478405550117,0.12753083172255758,0.6986912985661006,0.5755937725287488,0.02954288084431768,0.1520210924574412
U_4162,0.27452754485597325,0.32939230841932327,0.33462900804942625,0.06460251523533142,0.06878683548421895,0.2288064232880987,0.08869793128383821,0.13415251944971118,0.15126743705100731,0.05772773103714128,0.08187760134762881,0.057573495635951016,0.14503714983275484,0.18621016879973393,0.1585359695826798,0.04762486585352974,0.7560007699001344
U_4163,0.29480128911277553,0.24258517275701472,0.25955992601967853,0.027527351717533635,0.025625006821359986,0.13359891411293326,0.05433865195369978,0.08182258678509212,0.13579302513606709,0.06439973558018372,0.050177674380886265,0.05265855934738099,0.08126546951648195,0.603437749882026,0.6161693963128582,0.2698111402878144,0.1133920051776799
U_4164,0.3403118033606244,0.2904438074885882,0.268185433839428,0.040240743900457794,0.043648110931758376,0.1382645748612918,0.42275036135655647,0.1127587462189722,0.05320480836193274,0.052855804384568494,0.05946849268896344,0.7096723531381102,0.16803557744419664,0.16966014980340186,0.3068712210282988,0.046482114943322814,0.09348738948810445
U_4165,0.4758980948410773,0.308836828943355,0.2949283231791073,0.05630579029254382,0.036865876376338494,0.15523859132148993,0.07202155833243602,0.11658145613406601,0.05746974516290644,0.07418451104051443,0.08634141743729634,0.6725609104005128,0.14762397423782986,0.21889815627466436,0.25144454831380486,0.04251262577029768,0.15481677869460456
U_4166,0.24322591327820872,0.2575046870292186,0.727915254123966,0.05956215042226065,0.05879470273149191,0.2592303140064308,0.10107203645079527,0.11267791469305982,0.07615916754114668,0.07381438976229113,0.05729238186866585,0.05778014093081109,0.1332046278118646,0.17836410668685207,0.2625814617899271,0.04315011660468939,0.4644681181133876
U_4167,0.22857543014544518,0.2345086617536447,0.29284460984338967,0.08472190709772735,0.07227916984213079,0.264859894990628,0.1472711940213044,0.13039824536496453,0.664005498280434,0.043162667881767106,0.0757684985335567,0.05461040112028748,0.17726090805230843,0.2216848467186299,0.14492750822414702,0.024899315393134114,0.6834222719951972
U_4168,0.1104813948630601,0.17090165391635817,0.15747826334286827,0.08688237522288055,0.10312217468692216,0.1878295873616885,0.16269670732181007,0.1623880818068092,0.5623634108178598,0.06774099612432201,0.07117009384395553,0.916351749217896,0.17438364191034417,0.16967695012735381,0.07069594066912982,0.040982702962466186,0.15346424941200346
U_4169,0.37638114831651553,0.30864311530818234,0.3068679646620711,0.055597728300561214,0.064163098221808,0.264041360390291,0.09791356066931169,0.7594957831943578,0.08221232074559923,0.1003816501139701,0.07148706992230264,0.08301837720372202,0.19345673034655794,0.21321188744980996,0.22476079320665443,0.02716677180339215,0.3009937438172202
U_4170,0.22771420474110388,0.5355154542529237,0.26331035021889926,0.05347135266142307,0.05216580023488295,0.17021527795130925,0.14430683976909264,0.11324316931331131,0.5777186664942902,0.23262389362060432,0.046572768190371205,0.06367361874559486,0.15015105058902894,0.13553390549979766,0.11355126414895753,0.019770847062299007,0.6337329256418728
U_4171,0.3550553519903075,0.6543274552869439,0.9084793884704189,0.05425982313757473,0.044279810605171825,0.13043394151810767,0.05432489204685739,0.08443953212400385,0.04939115923912975,0.06974908521606916,0.05361529167018875,0.060075461006914826,0.1541067359478642,0.17144474697343112,0.2531391265759877,0.039815164164393235,0.10557274455024117
U_4172,0.6012867300284307,0.22259391246732615,0.5519621221090483,0.026469703412307623,0.2863083518348909,0.16344927065933557,0.3391768595380267,0.08843677007058676,0.04924295468498731,0.07375813176261756,0.04544717706850156,0.6710097168484987,0.13014028635627714,0.14332400520605926,0.2467699447013944,0.020770727448603275,0.10255417325777824
U_4173,0.10828565207574867,0.09614471202464228,0.7507067963924933,0.06401314773879153,0.3879993401759551,0.16217966734326852,0.17368172078803468,0.1269864009619616,0.4076167370056391,0.07196690201036382,0.07361733485262034,0.40398447885616473,0.16493075035370638,0.16217927924897424,0.0647023995285937,0.020044573519343648,0.11676075731781672
U_4174,0.24060901148481983,0.22162045488032178,0.7083624391869511,0.03632357488453687,0.03633075754129386,0.8282057329202417,0.07681437732663816,0.11211376339207757,0.029058568750598368,0.05168233770426002,0.03874487168766917,0.044262108888162885,0.1317720221816532,0.15715548212681735,0.26095830781080637,0.029411168089739752,0.3830743850779794
U_4175,0.3098072579309231,0.3266811960047836,0.29479406084954746,0.05003601664224243,0.07767586270619445,0.18640993917201923,0.10952295745325288,0.6014723210168962,0.22609517236465987,0.09057699603610958,0.08097446181963805,0.0812886891983086,0.216894769482014,0.1859990507266897,0.2203364392920298,0.04016146794384967,0.23274626724669145
U_4176,0.2286802883366444,0.21393355625856444,0.6808394146865212,0.02097565975114068,0.09856077862434617,0.23595286430397977,0.20461723851218383,0.19524682666648221,0.5463431212101126,0.041660686046936235,0.025537125831230585,0.05064950135323836,0.07713879704054274,0.11698816652931367,0.20576628858200702,0.016438771753122926,0.5680132558791327
U_4177,0.06992109579576312,0.2555307451114499,0.24827568939510491,0.0595546356681544,0.09900781173955381,0.18536289935142186,0.6757397249663079,0.12031654479848392,0.17516600344647898,0.4813126369759953,0.10138699778348328,0.08163468945249794,0.15876566031912734,0.13921074538170047,0.07269578502475368,0.03617322043866505,0.5607416086936281
U_4178,0.2697542369658376,0.26003755542385576,0.2656391597003548,0.04400173226899994,0.04819642480656794,0.3193359544398586,0.07306936435056056,0.11551787315066378,0.049474730973997995,0.0597012154741445,0.05125280755406622,0.052533034938253675,0.12996254944721466,0.1504457215227491,0.23332251319593714,0.04600628144820881,0.8623015134168757
U_4179,0.22784933858201886,0.20052208184295078,0.8715454367750224,0.03641197066052874,0.034128951107175474,0.24442716234927803,0.07171711279752765,0.39204375630515204,0.2932470772749422,0.06988706671524632,0.05440476950647266,0.05487446707111791,0.11967296197827604,0.1458494561433249,0.19300471152960494,0.03152635748224733,0.6263395301066079
U_4180,0.4202870318104394,0.22659714643144444,0.5596184689843855,0.03926564799262096,0.05814958931024779,0.2391982024163256,0.08198910153740349,0.09823125938929726,0.12750014343467012,0.0643512750746343,0.07787148121490585,0.31015271265124744,0.15861335743548557,0.13025199945751711,0.13957718988305698,0.02317787152327023,0.14904511786347302
U_4181,0.2173263635362745,0.31341120415893675,0.2411137361225461,0.18782540306344953,0.06477774230263889,0.18522113298162568,0.07631822120213005,0.12896824258218623,0.7279436226611886,0.043926817676792726,0.08081567842707575,0.06096302665484518,0.1669161661071211,0.17684785106998416,0.10465738992588774,0.028011812467249167,0.6158691549310288
U_4182,0.38952807227859465,0.339788141172759,0.297596729252666,0.043736762688760596,0.04107282924288974,0.25115082526090443,0.07572450806026608,0.11284607783758796,0.06960926674880948,0.07232477793507913,0.04145663288240862,0.06845647887774314,0.18003219552731078,0.19967576994894215,0.3285496619747849,0.44712556407220094,0.191492120961193
U_4183,0.25076357300886654,0.23740806564104372,0.3029591789156677,0.07201072277664018,0.07388393467008336,0.2643289524371177,0.14240059854723358,0.1448620677766474,0.7908929764324248,0.05493012798612911,0.06730664319719358,0.08272119880893583,0.17389159499589832,0.20499515616687158,0.17106950828093176,0.049026110658351996,0.2056976903434387
U_4184,0.26824851583145276,0.24223973365478155,0.25380769440934464,0.033775109424009964,0.04556232406381649,0.213155153223901,0.4037589226706062,0.11936028311107588,0.12280124095176032,0.679729357076987,0.041818379153529456,0.06964759581757755,0.12305761450914718,0.1590062349885675,0.14575205885313378,0.03545723693034775,0.7426372675318915
U_4185,0.25191469905311303,0.20061874778005134,0.22485674809045425,0.03141713676333061,0.13334131513600217,0.09454236470900292,0.055527223070103285,0.21087021237334025,0.028956515193509752,0.22006341454935222,0.04441978913706728,0.3354541530447386,0.11050412657579436,0.59211569733145,0.6617749342674482,0.091669794381946,0.0889468228047246
U_4186,0.26615341038225415,0.28727509335321233,0.30490395518976743,0.03486186370459255,0.05684340876656746,0.2712195076334144,0.08786794066293922,0.11380621494011485,0.037907107164789754,0.061663936857754856,0.05520303901268578,0.09976874559414264,0.12028027054704149,0.19298635896487137,0.2633679724724552,0.43751978412608483,0.8069496465167341
U_4187,0.04371656822930409,0.629751643782419,0.7478327688376921,0.07615717167423053,0.2804631552381814,0.4236885525491304,0.1426431655006144,0.11558630563772573,0.1526463156926892,0.2823437486537217,0.08777517869118923,0.5499920931856503,0.14353020514066303,0.16244313514509928,0.056423861345038406,0.0246459899456834,0.11529348393655878
U_4188,0.019587999148089633,0.04979382015275263,0.07917820272806708,0.07595928114306232,0.4504363104800312,0.41280879213061694,0.11661892339771548,0.12552931535860526,0.08417534363141307,0.14133128393060806,0.13636983835752334,0.8014753245743613,0.07118404000742704,0.11349653461764515,0.028859450206299785,0.7103503657990258,0.12435718189473144
U_4189,0.3343738923655701,0.3013352804728523,0.8488281964938147,0.050423158253309085,0.052164896667957136,0.159425046438871,0.07221909051447187,0.10916502123223484,0.06372888126963348,0.07101640404279193,0.09269849509972633,0.07048683442897727,0.16853110875254007,0.19691923530996433,0.32704656538844024,0.055628200417294854,0.11840785988784394
U_4190,0.2907094489048375,0.26582924925415036,0.32934890253058385,0.04166287427066938,0.062031540592630746,0.18125398626480532,0.0656490180020867,0.14423884326628272,0.05694269572796218,0.0747565099341153,0.05903661964185446,0.060431573070625355,0.15775058383820273,0.184661658472767,0.4823164052948783,0.07215732574423984,0.1403457345242492
U_4191,0.2786351668649303,0.22098761492663888,0.33139375262828896,0.06006509789997577,0.09315367804567513,0.2708386557909981,0.17359961128364115,0.12813966148902148,0.5766087921612496,0.04965465035589341,0.04372128323912873,0.09863720519514377,0.1576741540464,0.189658680939203,0.14895476648304556,0.048594993734024004,0.5769882133888526
U_4192,0.37602695611620907,0.2906906565486133,0.9356533312058373,0.05454033566887165,0.057112606832832036,0.15187869612361304,0.07264861258880231,0.09598118780777132,0.05775199034783411,0.06321571077105011,0.08693892056232728,0.06974191091130942,0.2058442743286138,0.19940260295431467,0.3102732699081283,0.05315259685677581,0.16668503875125276
U_4193,0.2238301887123258,0.19726481902933735,0.24772724383185346,0.07604621729899966,0.09892277077944547,0.9115245456472033,0.16695526834612479,0.14333208335886316,0.07539499305785519,0.05866637034937741,0.05828189717346639,0.5743530869323943,0.18267084044797313,0.21357703281768278,0.12312845172435055,0.030625661420436864,0.15146605107499347
U_4194,0.281098858905092,0.26086240089963103,0.26665273713987053,0.044252888281182776,0.02899072760038407,0.20079896977913955,0.03963139077240291,0.08961781944119666,0.03816434914373619,0.04297089689015973,0.04317660949457299,0.4220303164555641,0.13986537922683487,0.6894354944988915,0.6456025220191003,0.033154958265688754,0.17437525750283436
U_4195,0.4104895130552665,0.457936057199913,0.3138932401624704,0.05420565678623865,0.03307081178602263,0.1616522764170952,0.06856514211283829,0.13182069877463695,0.05921685371338761,0.6471432038448794,0.07781413728094078,0.06681924366502148,0.14886657745158602,0.2125281166256634,0.2791408416356283,0.05494984679757814,0.14464364566047103
U_4196,0.03561715000859257,0.07680131319397568,0.11744236740782867,0.11565586966307664,0.20693818344527443,0.26994312776622176,0.15435208663404237,0.18511716294018235,0.09979720029646406,0.27224647006262875,0.26763757720447534,0.2551017326977931,0.14739066638384551,0.18484618936969077,0.07218081096770863,0.48994472858999116,0.23884138147551112
U_4197,0.19578325232574942,0.34335067307501144,0.5720975241074564,0.02644118346461101,0.08354968543424798,0.18994833036507602,0.04669258747851622,0.08361981692651535,0.6778452594264743,0.11769028215422801,0.03209163224111657,0.04289376321406632,0.10156665893078033,0.11042127408236056,0.20574730127804738,0.12747073810520915,0.7453579445688611
U_4198,0.13428961875923093,0.13664820693357652,0.25512610699095384,0.08669684657450051,0.12232436048899348,0.26609186567827636,0.15026706562045267,0.1606636217720214,0.8636107897845742,0.07189508102555717,0.09428072190242516,0.6379769083291835,0.18709417032184922,0.2144157944549395,0.0992900967523279,0.041882519279347,0.16658283993029374
U_4199,0.20409432502489822,0.21913338913632785,0.5006988968733186,0.025512451581069052,0.01083622648185633,0.4079035790042713,0.03819549481741591,0.19494996264479725,0.33137255402594645,0.08327945783276551,0.036978124626608606,0.016319963787080942,0.08225930558606334,0.7299441814266959,0.7847433984524308,0.0029400637169181027,0.07961954356855507
U_4200,0.18574377420984187,0.20272017068322332,0.18735221569204885,0.03688080423960019,0.040657545439390104,0.8280044954297365,0.40075207804125423,0.09422206692029524,0.6722824916355138,0.05498530591349657,0.05298775598261333,0.5256393902189214,0.15967679738451307,0.159959424948611,0.08400411609799407,0.03548980199080679,0.12054890882829455
U_4201,0.6500652880798491,0.4166807906977329,0.36527818002217066,0.07912022568752855,0.060891957910990696,0.29111785995184386,0.07371386159606735,0.10978047787994627,0.04053916269913638,0.05987044311395219,0.06343877016191306,0.07801352640085327,0.21062284385921945,0.21698060873941122,0.4231329442193098,0.053914736396897006,0.2095908625543798
U_4202,0.29172508891418936,0.24014530006498827,0.288390507729384,0.027154151448609054,0.0423736004405275,0.5217713461401754,0.2038605145731054,0.11283281690500939,0.05367370715666237,0.058917212402015084,0.04642741468697255,0.6684749501610419,0.1359368817472096,0.15756604174111433,0.2743457114312455,0.04505832854579476,0.11348418152427342
U_4203,0.06201326612297467,0.22994257788997416,0.14949922031361362,0.13585822349471904,0.1557089465166608,0.9107349240845556,0.20252375063820638,0.15044762090157382,0.23757660498556515,0.09602112173666986,0.1082651413058281,0.08615379067106874,0.2505125845119773,0.21557087086091942,0.08352576828064329,0.043477826322337196,0.16042088394349807
U_4204,0.029355991316511086,0.05456031950028509,0.11261563712540723,0.1070140589283494,0.1992838702902352,0.7280389901808269,0.12180251237914519,0.1578396128666539,0.09472630918371136,0.21141631556916607,0.20970568053693628,0.19592965852510466,0.13855662679169162,0.18305569020164197,0.05012628125105958,0.526117000319711,0.20119972421068935
U_4205,0.3722547526054154,0.2968104267483759,0.32966698252565274,0.03378610617725289,0.06906370866998715,0.31473623199723677,0.6841716052608876,0.10573841192987506,0.06378184322061291,0.07082479152967357,0.061927281459795216,0.09164711554866196,0.17897429170715862,0.19149445701463588,0.3215728973434914,0.04994226475660432,0.16935366054672238
U_4206,0.23326113032697077,0.19877098280342687,0.17846391245308527,0.02711251939630674,0.023167591656399665,0.27647546536670425,0.06426774805732398,0.10738387922365886,0.5596392101523231,0.22863974600777803,0.04162590485224307,0.3497188440883977,0.11975544780820216,0.13113777464672977,0.19518002767600307,0.30394646834008116,0.8121589287438414
U_4207,0.20788756896883903,0.24708311966937635,0.6225262540410038,0.04234699058273814,0.044066933007048455,0.3113185737775843,0.07131271605126592,0.1286952251162371,0.07059666455986176,0.05466931206856604,0.05735168448004936,0.07094474117853838,0.15557108104590472,0.15914478802745005,0.15521978501106246,0.4776677282978746,0.4534493025419816
U_4208,0.3046626494498645,0.2606464735851401,0.5519466108313461,0.04837160792291302,0.04568635779136943,0.6012932291508777,0.06030264255497424,0.6229053075275758,0.043159474204575776,0.28056943480948426,0.05348036905174816,0.0798455725086267,0.1472617789160127,0.18166107169165446,0.22415511310690256,0.024991320853984395,0.0990764855511026
U_4209,0.09077384695391517,0.2635038463794504,0.8064767844962125,0.07690113863138744,0.10162734885062859,0.16348355699830802,0.14609602791913187,0.14153726668405353,0.26090689052788674,0.07445643274554167,0.09451398299932684,0.4732231375331192,0.16391283867588835,0.17949550825429936,0.07789933444652569,0.04072525543761575,0.14474655356374003
U_4210,0.2667887961931682,0.2564586337718166,0.2878604155564045,0.05191198035767631,0.054333618014214456,0.2927332728857545,0.6157324971498984,0.5370769874149588,0.059110445379196117,0.061211749738166094,0.046700479914342355,0.07510123509077891,0.14876171654904194,0.18218215563067625,0.15061930188776776,0.019571822250525683,0.5032404145477394
U_4211,0.5396353168148705,0.542254425532017,0.4980791647423356,0.033600460708237176,0.06916795324945121,0.42626377137192206,0.09996908258135358,0.14828083883216198,0.06607980079969845,0.08198513408825639,0.06214859571808874,0.06776747799165911,0.20600460869585158,0.28655611909093737,0.3652167938399182,0.07878243353923856,0.22236964285498473
U_4212,0.05239437315907243,0.11993522739527981,0.11584943563370761,0.09752736613283151,0.1438949782452998,0.9467756556903241,0.16990873656804695,0.14732625777665512,0.19421698387900233,0.1275612262481441,0.13193637189118332,0.10084661121856084,0.16299667535005913,0.17611111066689947,0.07579448757469062,0.05210757328130795,0.1522542780287767
U_4213,0.4603177950912578,0.4367977786256169,0.5176715594561488,0.07554960385908496,0.07410029427625034,0.33946536053336623,0.10310311817913509,0.16351669718438486,0.06060483258965557,0.09552402614245938,0.09777824593888448,0.07744295964377136,0.20499400131234985,0.258197732181085,0.37831971462972214,0.036397002052635775,0.21379222595082556
U_4214,0.21764201460720983,0.18797571360425053,0.8683589917310219,0.03221056007830655,0.021593247932088045,0.247165865085825,0.21652146334583539,0.21827808741616997,0.32507215172096493,0.041511081828142796,0.05950579210725576,0.2089308979220172,0.11547942473422096,0.13940261060732934,0.14508489276534825,0.05858278086437915,0.23523852010995755
U_4215,0.26387096011040034,0.25990799204498105,0.29266193968276716,0.03549677991615172,0.033210538186655376,0.21773872894510474,0.055343460342720946,0.09704106459922394,0.0394811270128003,0.04810872632232376,0.05389781342151355,0.04113660359934264,0.13357547860970748,0.8030327327962,0.5785969650243308,0.02991040440551923,0.18959796751759128
U_4216,0.23045744390488626,0.3344428820521577,0.19036976257496868,0.07574251397364189,0.05784667257982869,0.23554401034145056,0.09261564192006763,0.1447586562191039,0.1431741126327393,0.058439821628055125,0.08012749449592259,0.06816873034963083,0.14819095701479826,0.18223290406935536,0.11836395524396913,0.04296775595434414,0.7864293064785005
U_4217,0.16629527986052023,0.2085821009996069,0.9370537675946468,0.10220198965185451,0.11223968052381905,0.22457028226945214,0.14621315419318967,0.12991594564015335,0.20156222976711835,0.0791453723888287,0.09194138951987754,0.0724622368383472,0.20366485273021423,0.19785093514813729,0.11001142321311325,0.045471261154932247,0.16178415337403695
U_4218,0.27818731201474073,0.23081907580295097,0.2479269146209116,0.03686748770704623,0.38460573870042186,0.2860486943322076,0.07842334405581962,0.10951062805591602,0.06756571743322545,0.4805810710932008,0.04479717016742332,0.060071126872804845,0.12286192639449472,0.1549564938756726,0.2389186446625309,0.031217457281936103,0.7939349723109779
U_4219,0.2469136198121461,0.6826052620616035,0.8154658420249565,0.027152011444429518,0.15016322577506244,0.3524454638504193,0.06301657016334246,0.08617160995596303,0.03872131912133483,0.04914010560742608,0.057067395479141636,0.12770356713537645,0.1072350209337388,0.1613752132194536,0.19905945623712115,0.18674457196023822,0.08448261921170468
U_4220,0.32970863003673867,0.25846478758657543,0.31614555859313725,0.04747982874972771,0.05213128126344221,0.8717674745192463,0.07004336329197058,0.11866001760133602,0.05545692623605084,0.06456003166534932,0.08061175949934583,0.07551437952410882,0.2120276389669612,0.19573259649546487,0.3318908190005211,0.04851942704358673,0.1484791128839103
U_4221,0.1786034277724044,0.45604314090005094,0.2266178358923006,0.01967624561073354,0.016607941912556712,0.8068535789395624,0.0646856970513258,0.07115014700008154,0.3581551772371947,0.04692333589069068,0.029242577661866373,0.05215765993411957,0.12097424106034502,0.14406360188270317,0.22546292065686696,0.1062957361963058,0.12015792780388956
U_4222,0.24283541360392505,0.22713078966020814,0.2680525828434971,0.03587394960326824,0.02466602266715568,0.65396199464436,0.03779179201598351,0.0894978727939038,0.026574194155794206,0.04420055666586125,0.048735147182040126,0.02808281824484793,0.13432386288288134,0.7937406768887278,0.5667890193477837,0.03300445728200676,0.1540138708007231
U_4223,0.031298135900211924,0.34276176079976156,0.42426412362015586,0.09299850231815832,0.46436582246103836,0.1260655665883301,0.5648844683498422,0.12616387627944284,0.048236954217956624,0.12119923797995796,0.14493495805742063,0.1213499742626657,0.07109504620899991,0.10989359792595414,0.03606080198881056,0.6704414590332551,0.1296480312304765
U_4224,0.2845563705151173,0.23066199039013888,0.27487783800738014,0.03420625179883055,0.03800287776704597,0.17440815778931987,0.08289980698207161,0.5403958694434601,0.465624730151994,0.2649544641337918,0.055015953745686325,0.4523827661454191,0.1383459005035522,0.1581539807672866,0.2498758535739658,0.018264774943977158,0.4833911492482586
U_4225,0.1425342038264777,0.1655793398862358,0.22318445827984704,0.06390885477466918,0.11124161416708689,0.18780736073457352,0.13682158840359096,0.42126580991411156,0.8500703441850528,0.08762665736360713,0.0835907035376601,0.09523940799875799,0.15627985073994463,0.1802534944623788,0.10681356929312992,0.055870902339245423,0.17091464600747286
U_4226,0.2942018468316694,0.3220808356658139,0.42086677342060747,0.023646317474873797,0.23086098940866903,0.11207306209312771,0.059509986735371584,0.09317704077903066,0.3164297812914246,0.18605463352068707,0.039150532644410485,0.37072439284136177,0.0908902117285521,0.5922661291547778,0.49109171568390547,0.03216945444674019,0.0976563801334422
U_4227,0.32337840807236373,0.27290903626243834,0.2611024360292654,0.0351310773341724,0.03662697762574619,0.12183291221913745,0.5818337223225389,0.11043386814699921,0.0454480041314207,0.05821319569860736,0.04854339819655187,0.047198236488160385,0.1501295527289524,0.725520071174908,0.26335447226783176,0.3490381991447249,0.1175678886751122
U_4228,0.233861117373238,0.7892811189221047,0.2648514030976179,0.05372698850984298,0.047189939557635716,0.24372444086112155,0.10126301572504766,0.10558090003674163,0.38832211448287085,0.5024678621469809,0.09080743983530715,0.09015805615271902,0.1666360925951077,0.15089805799937184,0.12857982576298527,0.03385649879157859,0.15397717442045117
U_4229,0.029106586311275093,0.039731267596898275,0.10073108595942318,0.07788367708242623,0.1769510841429522,0.9031454676797441,0.14783262240247735,0.14654586516170387,0.11676934459190738,0.2360462289683385,0.22734547705528074,0.18625698614560815,0.12520380024062228,0.16140914422907907,0.04322728356108927,0.36672983622065886,0.18538895549608514
U_4230,0.0701835275053557,0.07942920486664702,0.08262423167899627,0.12099073421517126,0.3722092048708133,0.34702546423269787,0.13395479033036073,0.15094952247356982,0.05300051699217975,0.49041306945113217,0.07911866394355233,0.38025442789922026,0.07147118081610335,0.12080711199432914,0.09892959519525142,0.3641913456572766,0.14816619306541767
U_4231,0.027997263745048198,0.07509588070929925,0.09338074568370956,0.10811306014299689,0.2029277030780862,0.17830679829596272,0.15726015898799153,0.15684816364760806,0.12849763469733763,0.8403986294252528,0.20331466682365568,0.17601180793095902,0.12106726240221094,0.17860472494240304,0.06348907781869245,0.3717888375975246,0.19410961719721198
U_4232,0.028682495150831912,0.24940149517342497,0.22220242770439816,0.08136028729702559,0.12344935627128209,0.24485686250188882,0.3396474821585255,0.11198491620679525,0.03998077528894891,0.1094654007702642,0.1009807966187962,0.8800245143976938,0.06725902073914802,0.07025814901909991,0.015781207638574477,0.3913112011475384,0.08051169444137224
U_4233,0.14608251494760777,0.4641146127554022,0.3738505784036689,0.09082539701275189,0.13111680341816662,0.38450453237089116,0.16328675026492392,0.20133842475050803,0.31019634599036516,0.2113816914155458,0.19528969587590342,0.15745629500015726,0.27856703921966586,0.31390240893727706,0.15044565172224023,0.06380696177156603,0.22074023352350405
U_4234,0.16524236000425563,0.16801771194267606,0.21283848917346518,0.05807951896452254,0.06087644869741718,0.22160959522036455,0.13110180848559846,0.12179535351575696,0.832100156294151,0.06133369269184216,0.07564211656298905,0.05636422019999923,0.1518908516327149,0.15621047958149442,0.07162906594321529,0.03259876309288716,0.359677003024428
U_4235,0.24127192289756388,0.2865267238540116,0.27670682354650794,0.034983215255669775,0.04540834911437768,0.18511094046232926,0.10050767336971063,0.44683927024276654,0.15765335213862258,0.5861431916403826,0.07537781720105925,0.06830864716211527,0.12944821363892497,0.16299148032350477,0.0914390537997365,0.44725435319099405,0.16345639833257702
U_4236,0.3130944385307022,0.7812452577994935,0.2531898217168823,0.04469680333793921,0.03443685445540222,0.24462084189114253,0.08932707290310969,0.09488386260650607,0.05792424415352353,0.06942380671764609,0.04757979442278875,0.6508950848927879,0.16044712569156827,0.1868425089808597,0.2907554099792098,0.04058838940318159,0.1370464395826134
U_4237,0.36660098089027304,0.28511528532697894,0.27710965320565417,0.05940853393791423,0.05213255224299749,0.15876667102013217,0.07616844787772875,0.7161710587718707,0.5306050461492774,0.06133234783413222,0.04754211374669125,0.05749083050818235,0.1758245861264627,0.17445386022899764,0.2840775835899232,0.03252655508554229,0.15284637094615808
U_4238,0.30720421621724603,0.2842047376025748,0.2983563638891578,0.03359436578615857,0.5114180680967169,0.2914669935711403,0.07860522224903965,0.10611686916818781,0.05148732713280843,0.44734504829557115,0.04080146733800405,0.07254269032906771,0.15174990498538807,0.18320418156510968,0.2860321975644382,0.5435305214775892,0.13744215684769523
U_4239,0.3074092020686407,0.24617248357927135,0.62543839434899,0.04329595543272814,0.4240896076513145,0.16478158187007586,0.08301002365961309,0.6253275476894974,0.05436580082157493,0.07974126649511037,0.060348233983574445,0.33866192831246233,0.1597874777097307,0.1936467799239939,0.26027848815509047,0.03562250562770562,0.12436011908567543
U_4240,0.2827482992463689,0.30204013479502995,0.2660595624553095,0.0451777330657335,0.03988284687460524,0.2126093158253765,0.06611376324232118,0.13444953712654356,0.05653055426743725,0.055315414097558496,0.06828514999086849,0.77721618633701,0.11588863760045214,0.15255848225645932,0.22848866431802395,0.031013162642137826,0.5162504219217655
U_4241,0.03118967870829145,0.058763517613556415,0.17595830635385581,0.10534008227772788,0.1943598740091207,0.17027934802860736,0.1623040455145516,0.15199123978999315,0.8414624783865707,0.20869334223403155,0.23470247096305016,0.22426293330659114,0.13823908661457698,0.15774373558516697,0.05612309661531309,0.3662323584097481,0.207358273097863
U_4242,0.20630033776668527,0.5935563694190805,0.2817007586833202,0.04641217338712187,0.43483365962375015,0.2651130801718534,0.302736392313404,0.07377040635900835,0.43258148165848914,0.07340347225556074,0.09627146379633873,0.6673610762968505,0.12524123503370016,0.14132661766606638,0.07633601668964302,0.01492332732255634,0.14763052732719179
U_4243,0.24039981361496612,0.21708476042722308,0.23878019011830562,0.06989591523355265,0.09213843306953569,0.2584028141395567,0.17630050928919466,0.1435761269129134,0.7346866359471431,0.07794191996462947,0.06070699353513512,0.060378664929496215,0.16043685618217768,0.19323129799080774,0.16707818265638064,0.03594964894754163,0.6324242100228646
U_4244,0.38967691582314945,0.30307206370786693,0.317764674197784,0.03178757015094148,0.033739057987425755,0.1682535019828403,0.08713923341949283,0.11542327879138893,0.04974377199110431,0.06987433469866042,0.05158219530039935,0.06435873875903596,0.14695400431091593,0.18345407356044177,0.31942720606708896,0.7291630732625161,0.15710360828300077
U_4245,0.08296530585587877,0.19167427770518972,0.12211204518885091,0.09666353214956812,0.129505304788913,0.9310625764010412,0.17769899840138806,0.1527616100910542,0.1778892238434706,0.08162859172881333,0.0832118869910989,0.5803039389123986,0.1965014708593793,0.22937720087358443,0.09214387015686437,0.03323498542389194,0.1575706749370056
U_4246,0.09351687887281937,0.10117271994824534,0.1380323128342196,0.09813326699468819,0.16287573148954834,0.19019683768996182,0.1704575037652721,0.7331772563658812,0.22796264472003427,0.10130694314927668,0.11267397552223017,0.8108876241868185,0.19803697338336274,0.21141558178110192,0.09125000807349398,0.052556961921132926,0.2003771614840132
U_4247,0.033119119789291225,0.07968239889495404,0.8247465027449029,0.11457786439959795,0.17183273807298283,0.14493408376871805,0.14609369318366638,0.14712250600479967,0.5537776194003167,0.16761457925575607,0.1819182661312117,0.20016915162254384,0.12791061713540897,0.14067700976084405,0.05108671552209382,0.30213629012543336,0.1904428805654721
U_4248,0.1329690236146559,0.14996240832436303,0.3612999907532458,0.029485135767526205,0.04872018178927427,0.7491491680078941,0.3008112044019339,0.07674158438750128,0.5054483241308158,0.033762533902277216,0.031226202265074186,0.059291545528324135,0.1174663193028685,0.1181790233835839,0.06517310204953013,0.1364156029606782,0.4921707804125187
U_4249,0.22105504921506697,0.2905582381801874,0.36817118643411606,0.10398389336251448,0.12106192806163499,0.40879028682058677,0.19586095694036126,0.23246659463985858,0.22818436394378155,0.11785365329306051,0.12775038823018503,0.1066824927849274,0.22439120998551304,0.25082002503969997,0.15328382352381031,0.05413939182714854,0.22552271394242235
U_4250,0.2902312796562315,0.256777683575717,0.27766231385125933,0.04581678925637282,0.02990164612515571,0.12600820528109322,0.041418372960611356,0.08579354647427792,0.5275503032331246,0.049608228354428685,0.0522880162872225,0.03490128225957304,0.1453768071815783,0.6925711363423459,0.6298958246448157,0.03101790792253907,0.15671679574914973
U_4251,0.044124012362592696,0.40147140399599973,0.12329070235930098,0.07829067703789336,0.4279316966137622,0.8076007113367496,0.17213632916901622,0.11495021702863893,0.17226944835149716,0.3602026805410404,0.07101322257454015,0.32558670285997926,0.15998585781984617,0.16532937994524105,0.042200999391990034,0.041047348913193483,0.1260333176102773
U_4252,0.2152115653885699,0.19300645311000036,0.2705222227701191,0.020685757236630797,0.047096285938460075,0.1560372305174461,0.08173893456460332,0.3130260060049084,0.7110166975622902,0.07981243092984641,0.05851237620903817,0.10137432478351766,0.10694635135438976,0.15084045475236602,0.17938003473438868,0.3075099566474334,0.6352477742074837
U_4253,0.3193948428713129,0.2705003993863653,0.32167940726870997,0.020986164904132094,0.05157656276599009,0.29880988654090923,0.07508764739293998,0.11744213933342901,0.5373369355783842,0.07264730201607622,0.0642711549751743,0.08483798062127022,0.16723375678062244,0.19327511337744527,0.3260649940996982,0.05742413179400434,0.16454746735594653
U_4254,0.17846430771325295,0.1547613825712819,0.2111892998012686,0.062322069730804425,0.06432358524017115,0.8663695614106134,0.40586664099475606,0.1295960651608172,0.3559912670990829,0.06265527195526661,0.06221049909121562,0.07201372087813111,0.14784383004719293,0.13776605864467256,0.07211179819649499,0.02579010060983359,0.39827071058751834
U_4255,0.2703769335649592,0.2029287149593709,0.27271751780219183,0.08983604430884679,0.08779475388401242,0.30867008585894645,0.13625967318073107,0.15888785138839032,0.8766893813552344,0.1061464583897497,0.08527807905317711,0.09066171764985337,0.1831028485707357,0.19542706993523934,0.12267461747332312,0.050351800201628834,0.22448096703711592
U_4256,0.049950127341644994,0.05673822143065613,0.0782588113251293,0.09707285534594573,0.13351413184413471,0.7969918351036168,0.12607943651930875,0.29886155852887014,0.31433089349395343,0.21980484544191695,0.20666857916719084,0.4050000585488749,0.0891239248808649,0.11618232355704415,0.029267046288544818,0.31037642326692955,0.1619535732418244
U_4257,0.18449857320678023,0.2261371098700513,0.20946860915583115,0.09148560308232645,0.11522245894048037,0.23113530894798356,0.20621708146419915,0.1761643030046356,0.22181408586752982,0.07032889096909953,0.07441678902720295,0.7259259904036474,0.2014293179783005,0.22508281695433716,0.10714917061964253,0.041353838793520496,0.1868604113093414
U_4258,0.05251212314437356,0.11573429366419807,0.6032154810906116,0.025487184349152738,0.04524507124330733,0.48519031758467546,0.12149099409925615,0.08114031852573453,0.2630721939273959,0.18311664641712788,0.04394590883982554,0.7412652843840587,0.11750409495911597,0.10938551245217154,0.05397617512211224,0.33385351501703503,0.11050847369032772
U_4259,0.06915992710025226,0.17674701546222604,0.9074228549494461,0.11180309330255549,0.09724350894715862,0.2029052905603815,0.15901801544977945,0.5099346697536674,0.19576220997813998,0.08143742370897161,0.061258725842924064,0.3908458503575644,0.1567093587624231,0.17189501965711337,0.05616558148045235,0.042070970745890356,0.14489948101504618
U_4260,0.39385962611175873,0.6707447908131071,0.3307205217838258,0.031832213219240964,0.04388950587246114,0.15416100130970767,0.591468302551126,0.14845297367725194,0.08074230909894438,0.07505881248951707,0.0612496567504007,0.10330912391241591,0.16547416544726973,0.18148067802209927,0.2948533630564342,0.040878202737173026,0.11956407128371616
U_4261,0.24929168366018672,0.19857211854883153,0.2536423046216092,0.01779900766581987,0.04117677718648395,0.2010852436720309,0.04703977783070061,0.09415025120388745,0.31779322036767893,0.05126262296433234,0.040203104051047496,0.5992431767547225,0.11486740810594895,0.5872793378973145,0.7676517356002927,0.026283011741062713,0.12575424734594964
U_4262,0.02834603872799607,0.22978726056567664,0.3623642204442136,0.08536762259336224,0.13501927738901276,0.3717385178839538,0.12409737321117592,0.11958664481403844,0.09128573261423292,0.14823447045288815,0.14776993559350554,0.7518159066812985,0.0955921510339185,0.11466930069882425,0.026732451789075365,0.2826529273405854,0.11631207258446276
U_4263,0.5258690831309025,0.1965485690411209,0.6853970925512318,0.02455802166923929,0.038451317046327864,0.2705838186884147,0.3909938914643146,0.10398136962565795,0.4156661828883892,0.11237758766151955,0.05217833432437572,0.35590140276193727,0.11767784095325917,0.14873530487000808,0.2722981099785034,0.029161162278827278,0.12322117426660273
U_4264,0.2074713441386612,0.01897266632923359,0.3615821932378956,0.05121944600603452,0.4691840827897591,0.8458116230972498,0.5993403748164406,0.0880308427183411,0.06600437290360123,0.09056828708893813,0.10503487903438788,0.41389814387712714,0.07630400767895021,0.08577336780144079,0.014890906257911462,0.3015668554669516,0.09063236954620213
U_4265,0.34569618522320456,0.2709363898512836,0.8534407294680734,0.04314264863766578,0.0452017429552345,0.14226546022563014,0.06364298097119245,0.08850356791695703,0.0614691110009947,0.060704952447061006,0.0690970493516632,0.432211194075722,0.13988719430152352,0.15574003930715496,0.2948017950862243,0.033898327588430095,0.10211559952923098
U_4266,0.28455019039698176,0.2644913037153902,0.27126055764890733,0.025030510761606617,0.04690931073830978,0.4702579649549144,0.09764200611559551,0.11570814336622315,0.06412583029067927,0.28676473246231593,0.04942147977743096,0.08210422732925551,0.14127462760532697,0.18898402069156664,0.2681471190438937,0.3953507692860411,0.6230354952904812
U_4267,0.11676504234740373,0.3239440854159323,0.22401837993859447,0.08004869880235904,0.10353184615247303,0.20478297128734804,0.14626478408078375,0.1375759614342142,0.9152452289049617,0.0797920916641165,0.0910731006532156,0.09684008575969735,0.2505020138228575,0.1966396789786069,0.1009906310997601,0.053191900372751996,0.1710579336707506
U_4268,0.43478420145034996,0.3434814357011255,0.3236601239244222,0.05089135176029244,0.05198981314959983,0.20045201747394545,0.7861390370603804,0.09560048595203084,0.06656557541512859,0.06277332392170686,0.06774310371524579,0.08168408961055423,0.17316583922564466,0.19000399808181284,0.32843547394668277,0.04781925104064065,0.15980397426984977
U_4269,0.11192898748822153,0.21358199355661503,0.6036508453563914,0.035228285410695094,0.04158225810394326,0.18384268680305318,0.10611693035237116,0.4336602056949432,0.3694294833249309,0.05650602832896004,0.049818499317997825,0.33117540768673326,0.1452736778527672,0.15731237066608306,0.0791631943495125,0.3297082988303666,0.10980404601433108
U_4270,0.0584708491758114,0.0947180480581439,0.18073471066847263,0.09843314084082108,0.16628789514759995,0.12472241652566582,0.13831403514280366,0.15916568987787344,0.06255418442129843,0.17096379807453854,0.16669242162332698,0.20130758486894793,0.126846654703714,0.1411584796220878,0.08047155972866456,0.8924518532273461,0.15902186850871367
U_4271,0.2375975392590362,0.29387796971614594,0.6435882289050479,0.021590947600767414,0.14759674082876378,0.41515189960146426,0.060578716366396765,0.19399084893012727,0.05351288209163614,0.03993960398260523,0.02645870674899345,0.03390652173380373,0.0971635352422446,0.831199786391366,0.49452683201290193,0.07654803511380852,0.07286030278917216
U_4272,0.2842340458484011,0.5868583022423438,0.2704056014825351,0.035876654844597365,0.04443816375723235,0.22158169063363783,0.049734909051730204,0.09056206678463644,0.029420823774354544,0.049639185594324585,0.048339889450074044,0.035998537324341426,0.13334640685785554,0.6999035263781632,0.6650420823116457,0.0325463866301659,0.16594950619086535
U_4273,0.0353073813038132,0.06943733346942933,0.10159573392431467,0.07278647788971554,0.1514337779418878,0.7183787091708577,0.12211354682053241,0.16070829930962224,0.12033112905996368,0.19032873423315189,0.1785990308844782,0.25652981999318053,0.1420445560586314,0.15908315449684704,0.08006425055959923,0.5667067055477826,0.1821029554181955
U_4274,0.22951812957203555,0.8535749956298273,0.28355381808563046,0.06008136223760824,0.061868345462184005,0.2534055507619092,0.07534457450674777,0.11983867994446304,0.11076986342579315,0.06492731177931522,0.0710306471632465,0.06772603381087475,0.16068050993523783,0.17485460179699647,0.11757681263363305,0.02051612059856538,0.6237021298016711
U_4275,0.2129627805593607,0.129302512176109,0.8097049337163953,0.037727549620660425,0.13162365679477298,0.7603494140838389,0.1964509993805112,0.10419159034628522,0.15992330578561795,0.07000010687228254,0.07674519817029773,0.0740223342332239,0.1346326952124703,0.1267674469672536,0.09873404660466219,0.01785063424040195,0.11882585929304681
U_4276,0.09116867551948138,0.09635513699535758,0.6377652249567601,0.09452843855574121,0.10341366796848445,0.944994632339216,0.1431418053664389,0.14079158181473045,0.14268374862015012,0.07855313660535472,0.0549062883906841,0.3759775213785683,0.1711503363402113,0.1667403048526082,0.07240668169650255,0.04367076161323765,0.12058948909275025
U_4277,0.2811424976788994,0.25943332766534266,0.2775961965279089,0.04674115083573764,0.029808930951645794,0.9233837471434643,0.07702813351810159,0.12416354886014441,0.032648731049168045,0.06223364533302028,0.061573134403866206,0.05514588786146841,0.15315585525355935,0.1933100782043713,0.3242200778060309,0.05080685397355665,0.17812114115087058
U_4278,0.4695543330368023,0.07578597197002918,0.45445716821663895,0.11578943112101044,0.11025844900583616,0.07736551279262527,0.1834187168702793,0.11542554141415302,0.5573374554832285,0.04096537685440102,0.06198317427165155,0.4443984774368847,0.07383052519645117,0.08187290906720575,0.11318714787342382,0.42589432451862475,0.15238484940976313
U_4279,0.2069603333325514,0.21581322229670283,0.2347041907735532,0.027926692729772558,0.12691362337779358,0.3809265915760709,0.0739136445710065,0.1096968988786702,0.421102655076128,0.05804525533839695,0.04685966126467114,0.6475238971754599,0.12796718819829292,0.1405961748826193,0.26779873637384916,0.03830574424203778,0.332647948135216
U_4280,0.2866556057106668,0.245672783475194,0.21824623960088618,0.036814523280134924,0.037247677991225775,0.13387341672544095,0.05232893805821618,0.09925173247692426,0.577222609759439,0.050134875016329274,0.043424270598938546,0.057891708651333126,0.13490782695888232,0.7574700458767968,0.4109141845728777,0.03136398017500776,0.10619703486254022
U_4281,0.043914269861030704,0.12784048891861513,0.09753259485901944,0.08811677990841033,0.16335167306748744,0.1574997784794221,0.580074542439262,0.15261004857596944,0.08536254102880919,0.13515870123662754,0.1273427819783202,0.19629543391988138,0.11680164497998624,0.12513660787784736,0.06102561660957051,0.8102195330928926,0.16620071784925658
U_4282,0.03195075894464881,0.09363120562017897,0.1064991892260043,0.1254279866938131,0.20453456741172088,0.13305446139937005,0.7597633865954412,0.1397747313526788,0.08470597741166297,0.217724099151218,0.22496438151058812,0.39886019724744587,0.16100332157024677,0.20391271576894365,0.08073881351057442,0.3311098903958437,0.19809673183600185
U_4283,0.2512517162640505,0.2667562134095304,0.9299099311909304,0.0503615265481388,0.06102334410804991,0.18644439948386002,0.10647608699217219,0.10318766599478436,0.16771942604556808,0.06055459681106451,0.06205910639112405,0.06602769668258437,0.14263287315211648,0.17061544858878083,0.1774925267624822,0.034264228848951805,0.5141608683899382
U_4284,0.24968372566542507,0.21394955077339695,0.5061526937622045,0.03291383574297331,0.03392022443651477,0.10185912850268942,0.04208702030478798,0.07742077125492028,0.17352055902214908,0.05900939143515657,0.045766650111366665,0.027664392184911304,0.11524929274192186,0.43900933663695707,0.8180019089178291,0.02638015247280432,0.11490234710329468
U_4285,0.3156212145944424,0.28801263071102695,0.2960312544658069,0.03623154335833967,0.04991119590820571,0.1785901505168503,0.7064888045021417,0.15103366000901247,0.18117094180169033,0.08961474940236233,0.07624941782426543,0.08997349150059632,0.1743371914063788,0.17761034581230378,0.25040900270043626,0.04255927899590668,0.17243924309815634
U_4286,0.4770594045037047,0.19714008158035454,0.8326752981007193,0.030092876219520746,0.028373916883314393,0.11469654555491128,0.05310459232076201,0.07516517692745299,0.0382225137654805,0.05085774973386919,0.03503004756602213,0.5101702275466183,0.10650546005749437,0.1406430108792705,0.32869575908693294,0.024764513016415475,0.09125888693714547
U_4287,0.21361036926512209,0.3227233516066044,0.30127015355466097,0.06681944654528052,0.06597213432910622,0.32250093837208205,0.08410780799509962,0.12269524628324369,0.12748318772827627,0.06400013406708405,0.07855088550952741,0.062066708039042184,0.145472574741647,0.1904821255432113,0.15179215812898905,0.0317511813721813,0.7731433962350417
U_4288,0.18151410548144573,0.30289118838965284,0.19613996473851286,0.06693752963808233,0.10473861114837196,0.19509822270216276,0.712018023671481,0.14873011509874884,0.20561102052644503,0.07164047662371871,0.0658995903664295,0.7293010611157607,0.17778587864025325,0.19698766525254444,0.11725302088416073,0.03781231023132207,0.15304738408659674
U_4289,0.5603553848831287,0.36486397459843195,0.3696671589226691,0.04798488982420439,0.06125908834755085,0.2036470562873146,0.08049936683555627,0.1374431714388761,0.08907871826420952,0.07872442137426279,0.0726157600000085,0.10279271216956135,0.15510482289715943,0.23584024962087452,0.39478851602879744,0.05393838153744078,0.18072410586593868
U_4290,0.2230657488596935,0.23437065829632203,0.8720676517877357,0.04626803010350005,0.045697483033166245,0.2103862740867301,0.10187213535908368,0.10895635688840812,0.11218907601333479,0.060536811500526116,0.05896254863385747,0.06433526826003781,0.12139454583040316,0.1676795305329014,0.21475077341988988,0.035972257458531,0.5693959683546018
U_4291,0.1315685455819902,0.2366004123911153,0.24732054727302688,0.06455756971828226,0.09062403256627026,0.6487534643008924,0.7537756466931186,0.13635160255986942,0.17494112214382943,0.08558523231921822,0.09927250621613824,0.08517675583687694,0.15776427700483553,0.17078779016027046,0.09284258621293753,0.04600039409553551,0.1424213941061353
U_4292,0.21854506127072576,0.48238379212483906,0.5382816256774687,0.030241458344384457,0.08255334294102804,0.2683759299278269,0.12464627395859937,0.13589556322898333,0.12626390725091655,0.049028899306757204,0.03733568072935875,0.1961950838741514,0.07976311050810467,0.807714580993567,0.7120019080762418,0.0013905001892933339,0.14445124669941523
U_4293,0.4161072433272952,0.34835522537500563,0.32245034199305933,0.04496547212964805,0.054020173437465055,0.20201346359759717,0.07408380905004909,0.1090152256818497,0.08238458694189832,0.06952008607740587,0.04737181633095109,0.06041981815538064,0.14653338029317872,0.19678436671580252,0.3483310966079468,0.40831955690712207,0.16210142937383687
U_4294,0.3233806010575075,0.23507728084333396,0.8400908944808806,0.03642173661307049,0.032392794679072745,0.2913753322177673,0.06320232887782964,0.09840156287273603,0.049552931412403425,0.05852617931482064,0.04739602966813802,0.07699014857211829,0.10955617869734292,0.18164205137959416,0.2399887199588655,0.028229796261545106,0.6959826102547408
U_4295,0.2742661103794908,0.2906164499412683,0.25182393140551884,0.048336556940951035,0.0518751799304894,0.2702057774486296,0.45187403464087744,0.11243370310603257,0.043349721124271455,0.06619077885569831,0.051179278952651064,0.035570464926746856,0.1370282137035344,0.16776139731424772,0.2381797983597739,0.49170660216420997,0.5546137854076589
U_4296,0.17234520905648099,0.17361003608840891,0.23604927710540008,0.05756413818405143,0.11558371539160842,0.32772848027406554,0.1250773868855178,0.44354630536701956,0.6819538482713903,0.08991459453196879,0.08139482947357579,0.09540002862038954,0.12725948408415744,0.1754916539763269,0.11828470504350042,0.054884433153218226,0.14647823375758934
U_4297,0.2362296794247329,0.2447818692801308,0.2684091871475248,0.05319720104178933,0.0728436416949778,0.23726308568941204,0.3049259011492407,0.4151451244221113,0.7247215371850796,0.07562698731271242,0.07912176339261943,0.0738944825158086,0.18198122602837616,0.16266999578307506,0.15491141809342024,0.026918933680107282,0.16027601188110646
U_4298,0.3091328492053023,0.29916753345983615,0.9880061973013722,0.04722652515176582,0.040079101635529225,0.16665992855515896,0.060958007985633236,0.09529180632711609,0.05003173043960369,0.061831059470430036,0.06719981112119013,0.07039449811940031,0.1828875946682792,0.1860698978064573,0.2819157636103526,0.05461781708713062,0.16409468905074545
U_4299,0.22583946488589163,0.18622443417224455,0.8847386879945764,0.01458837918130157,0.03136778364363342,0.2018429792450795,0.04826203619602256,0.10015786144070385,0.060894447397278534,0.2699264606776056,0.052411020874544266,0.5372815641543882,0.14875434780189423,0.13811319811451295,0.27475993923857317,0.19194088758491012,0.08536917829324045
U_4300,0.25241330215369306,0.19409131279732866,0.24125536887494178,0.04980457239511584,0.019952446413814797,0.3825850213215116,0.44245178792561035,0.1011236151349388,0.5809743835658279,0.04458522890830692,0.029998359435566925,0.5327496225100012,0.12613247170302136,0.1605586314401982,0.2306973381129531,0.09728461545791538,0.09041692007957955
U_4301,0.01064692698047202,0.031028170905106907,0.183978107797623,0.08117979524332043,0.2964491932877047,0.1486695695521269,0.4444685274039661,0.5773842648643803,0.2638364045469145,0.12955867795568732,0.1555613597500149,0.34470781587507293,0.09267421642848603,0.10771483620802062,0.03997369222140858,0.2671261429946218,0.11667453060634551
U_4302,0.17863358435838753,0.12707215156984347,0.21163947846310524,0.039206764045185916,0.034929611683582475,0.16032819605853482,0.1370363406881011,0.10136330330695584,0.4484003015842023,0.22517455457410843,0.04695239727749319,0.6923177201110123,0.1322950723340615,0.13605700976010224,0.12449623105150429,0.1883667583839186,0.7608515061632549
U_4303,0.03451318564010848,0.04643522112926154,0.0746361304012321,0.09244141071602575,0.13459162066720662,0.17203846334779485,0.11945104966598985,0.13288301907257147,0.47163994019800237,0.20449866428648045,0.20661435984733975,0.8595804809066697,0.08379501480495724,0.1385879140357433,0.06465057294188534,0.696759531743661,0.16586604266743799
U_4304,0.47178139397833474,0.40053815832598144,0.3823966336445424,0.04728475283942492,0.054944319250021204,0.2506514351862529,0.09367535270160163,0.12230079871126173,0.04628954186838478,0.07011422727858221,0.06525813394820533,0.09551335979637665,0.20783853099449434,0.2322879675819539,0.503932343829213,0.05580725283310407,0.200626751691844
U_4305,0.027757898264833228,0.0508168210566239,0.12495580765275516,0.07110265595584787,0.10879791375975263,0.12592792005743259,0.6050581104793687,0.33985990257082604,0.6011433248021343,0.10609261533213657,0.12852305094294492,0.6505002366580576,0.1198697669054711,0.12606802086886215,0.06361894673206919,0.24141031917351968,0.1139566933358983
U_4306,0.2649872971834916,0.17998588314328615,0.22718685724167098,0.0316447508066422,0.025954828411243455,0.08814207920371721,0.20292739849027536,0.08310851320025708,0.03031471749155877,0.05347411366048543,0.030443232583154643,0.06310994414855328,0.11784803866212558,0.782501215815889,0.7897946624419528,0.3568965884599486,0.11221580498095311
U_4307,0.03224537893066945,0.041412970927931975,0.14626987763253363,0.08517026011249897,0.14385156363648766,0.8390659840860577,0.13204095358547774,0.4801470198887386,0.30701405702448464,0.11477857693040455,0.1050358521918481,0.22979374283290113,0.12786189400467943,0.16142849136375637,0.08071941775220172,0.31480480668608746,0.1446762667881663
U_4308,0.27271704381140266,0.24591148549583436,0.25652672021254025,0.04516146648254132,0.05419927763295129,0.1708590961253087,0.06981986772302541,0.36259150539829765,0.19161063646486332,0.07513939744105337,0.057301000682217815,0.06990602672624424,0.12773650593201843,0.716181567105464,0.25805191421185014,0.02799025614373931,0.13159468659642892
U_4309,0.3882976057892983,0.28706323189617033,0.31802892080663303,0.03530042914523582,0.03424306762486634,0.19293582405233095,0.05883856243924046,0.10460650719468512,0.056656606759098296,0.431883386788377,0.05578247234239629,0.08398059231970662,0.17245386199876606,0.1620664675881332,0.2981435457250548,0.5767688097775977,0.13950800938211577
U_4310,0.32705044053511,0.2704661590155773,0.3146913853262016,0.08209334216635991,0.0820227854835096,0.35304100981847486,0.14276616027673253,0.1518829376801197,0.05051855886530858,0.7142782096757152,0.06985568078707757,0.08586461849454642,0.16601021387914444,0.19201242660088963,0.3042234512257507,0.04752191136609696,0.18377917369168517
U_4311,0.29948235968037795,0.2778535424794083,0.2930487913944555,0.048259706729135876,0.04077012607975532,0.13603496293596248,0.047796373372617024,0.10988338592389252,0.042064126456892836,0.06352468713736978,0.060158104789934636,0.06386094840508652,0.1342215560830278,0.7916604625614653,0.6058917568780295,0.06529711898643967,0.18421643252815972
U_4312,0.08113427693243926,0.12895545378724504,0.13556064939061463,0.09634039355891821,0.13510447580005655,0.8112978796009316,0.18950177521392705,0.15929157944333772,0.1948097202138651,0.09454937137076645,0.10673925694747566,0.4873617315239458,0.1662162879828727,0.1674006785664742,0.08144550444098475,0.045008215178444985,0.15630974217601773
U_4313,0.2886836332758835,0.2543282757410831,0.7985030172314236,0.032943909434060566,0.039350023679770536,0.2182826518333526,0.09698571600990069,0.10001904236075515,0.07016409441272872,0.062276404830171786,0.05088088656502613,0.06008842018587583,0.12947503969996946,0.18236878589121588,0.23366334503484226,0.0405682506363109,0.6689519418389033
U_4314,0.08279999998096883,0.4603637653354116,0.5570699024634643,0.0690660404290937,0.06140472874413752,0.15461550941078958,0.2879766015838136,0.2817250377242112,0.4070580118362154,0.3088155213626161,0.09164756919848598,0.5270735531354361,0.16208391402498998,0.1436960766639635,0.07587991167989687,0.0019515813335641286,0.10436763862830112
U_4315,0.02344750095390462,0.053351038696080794,0.06467350667436621,0.1043690444413494,0.14572490144637926,0.0848453228458455,0.11536017061824769,0.09514764692187311,0.090494666106191,0.8141091321921544,0.20109286474831767,0.2863590805332966,0.12127096551586058,0.1188341557902872,0.061298958669777956,0.4980164163171681,0.16860153679918985
U_4316,0.22899433044986248,0.42170056317480986,0.8377790524267359,0.04971057676159926,0.07217841344438358,0.23900286530966397,0.155086981699503,0.13354502189875975,0.058009588501191034,0.0557862760928394,0.07040960977413274,0.048376061704870355,0.1523437187095843,0.14151657927412892,0.07088020768734316,0.2638348976533885,0.11301005319739635
U_4317,0.4589605141322909,0.21177243602832496,0.5192171711052997,0.03668705563816178,0.0375851350751577,0.1100032466133579,0.3678294410076164,0.337173198396618,0.02990628040356811,0.06138413098152724,0.04001931774755618,0.3186859999552871,0.11154335907905974,0.5998473205543126,0.6167270959711437,0.01514179859949541,0.10341157395880214
U_4318,0.3271432750730493,0.31724255418752917,0.3443406816686536,0.0431757620245849,0.040186287280126166,0.2844040400979998,0.09755177013072634,0.1372429045765526,0.691675758355801,0.06543689090900696,0.06415032599956216,0.07227585125372293,0.1428172686359106,0.18805454808194288,0.3024200684412018,0.07573652461334945,0.1952077581359059
U_4319,0.3214618989892649,0.2550710418980364,0.29066145761473394,0.03920929805409354,0.03670877118167816,0.2247288160142335,0.061971800487452613,0.10408145961731778,0.6669089241308471,0.07170348750462824,0.05528851717434882,0.045434499442714285,0.13493464442757694,0.1753955375288391,0.2716215383053062,0.3953079082026609,0.14954028423036095
U_4320,0.19267804452584175,0.4896208292869902,0.5268151972147428,0.08493267900010776,0.12079678495006038,0.3943255135763701,0.15150372897903053,0.17777983880805254,0.3121366096486318,0.12070720615427896,0.11773810123307961,0.2362252441358185,0.19978563275098415,0.3023391481682572,0.17500949780731215,0.04909297120537724,0.22180875319449975
U_4321,0.3118450985655845,0.2684781350547209,0.26367301100133855,0.04105105046074728,0.03147341874534069,0.22624483887287766,0.052698977007857854,0.0970644735234576,0.08146135559323872,0.048086183986728905,0.050934084838491094,0.05274006095709735,0.13840184968941877,0.8113759292078109,0.5888540909408223,0.03353598571018979,0.1779530850351497
U_4322,0.07961852360811433,0.09371007569769225,0.10916929065755027,0.1242374898241218,0.1918562362521277,0.12151412943206141,0.6661546253431698,0.1430483869419913,0.067014305117569,0.07608342999437405,0.0837207592695804,0.07268350054611036,0.10112392895177069,0.14414809621707333,0.10955837769402185,0.3769812441943359,0.8530629501250286
U_4323,0.2695311315962809,0.190344971750116,0.9003570153294932,0.04313812230164686,0.038377166145572655,0.1318353313362521,0.0770302410787216,0.34980587141749075,0.45687652871376006,0.05641136046439964,0.05316988916717331,0.30760404887613857,0.12519275133321794,0.14698309833503204,0.2565315766997665,0.01017214809848601,0.0735711814557164
U_4324,0.06909360044144292,0.10496092898210846,0.17450772484636595,0.11274688656104809,0.1987740358606083,0.17999880109872562,0.14786048300660926,0.18765209066294716,0.12213844399639201,0.21464391643169672,0.16199750913706754,0.29218837591700436,0.1764176018671576,0.250236070720785,0.1245536017642632,0.6472137054462599,0.24747405025253877
U_4325,0.04949907396883216,0.04775913262132731,0.8024910246514303,0.08769870071475545,0.14204633171462533,0.15122396788085052,0.3798024188356554,0.4289296598266905,0.11461605888609858,0.14799251462581256,0.15262868883648512,0.17482437404408047,0.10070596305976717,0.12266725282391916,0.052899322851773546,0.25493406642741523,0.13022772912436587
U_4326,0.013088279069910096,0.4310956650720913,0.0860994379634282,0.08487448087412373,0.34986603322797843,0.08090541144832271,0.22519448784693105,0.14323202665734372,0.08466987785363644,0.597028752339077,0.1748083673565835,0.6244298770459914,0.10687264852455286,0.10168630921833899,0.03878648542623702,0.2233642100480312,0.10991933633362674
U_4327,0.07478192398892028,0.11006913839624771,0.12496791167558075,0.11538088212828727,0.17928821952113622,0.11117447803574876,0.11772683764253054,0.15910664344298478,0.7477619032313005,0.08708082612971427,0.08883309391877506,0.07141374708620989,0.10126554018854578,0.13684254069680354,0.12763048002015268,0.36251303010679775,0.4749879039155383
U_4328,0.02953217070187618,0.04006160259636344,0.10056617717433725,0.09782893170271596,0.4324392070234621,0.07668337725514587,0.10780587867998609,0.14766673029978267,0.058324167488010906,0.49394313978250726,0.16604329624974104,0.4971929110520785,0.10195568713105135,0.12609555480150195,0.052387592359168324,0.9129457486453689,0.17052514282036546
U_4329,0.2562804421258797,0.22419654318651794,0.17857273597948597,0.032957975786030935,0.02733606389920057,0.5942505631597832,0.3763601265121137,0.11016296964352434,0.23722645207748086,0.07514973735093605,0.0501072820397173,0.039383286603811435,0.11635287489968132,0.1314462346039428,0.22127224447127813,0.021810917166673424,0.7080807516254187
U_4330,0.19275997377804385,0.13226825045412355,0.3810925856489441,0.03402868919457043,0.048015387222460224,0.3125385794307891,0.20022212702236683,0.11103216180028003,0.6135316998184918,0.04098483101723443,0.033079698896572196,0.0793315645559772,0.08560652356453399,0.12039108951791802,0.1889304533265924,0.05052301933195117,0.7660508671865077
U_4331,0.19014980828458025,0.29661967752014123,0.3517042978253052,0.018453049583019306,0.01039062768570883,0.10146216694514759,0.0795537994942558,0.055123651103853644,0.3840382678965682,0.08425570445223143,0.03302905437111005,0.20039218893599903,0.08888331219123341,0.7750176937054021,0.6971266520667407,0.0242771338705132,0.07520887190992206
U_4332,0.21431572559042308,0.729763586525713,0.23749038784364412,0.050091037461168754,0.04413094222699461,0.17528421317943677,0.07520161998650536,0.1032201067393619,0.6803742640764853,0.06273711286837912,0.06342722163307546,0.07241238786143017,0.12702009511328308,0.1461859413855809,0.12185530120695001,0.02147720485791959,0.5110941211450745
U_4333,0.3784552745859485,0.3177295595795393,0.29052378425966763,0.059179533360366146,0.03931109498773136,0.7446962370477181,0.06585795992038615,0.11823719324503679,0.04765724062091738,0.06114947184643134,0.06652832152675638,0.05951444649895907,0.1481564466482053,0.28314454873754125,0.29664959480763115,0.041551884456771944,0.15333224394171258
U_4334,0.10046562259422215,0.4070797371218037,0.5606167875825497,0.043855755636974136,0.16803924780647736,0.7268026415028838,0.2803882807181352,0.19649650580262173,0.6902179380343615,0.07738035217989933,0.07139392775822324,0.46070047160068395,0.15063365072955648,0.14840427753003022,0.07413716848717489,0.0,0.07716581754212633
U_4335,0.26796355109793907,0.24848790199947746,0.24823111079488364,0.037988308324674584,0.0368035216241308,0.14595335594042144,0.19047758866112383,0.3210359224294129,0.20086499871021438,0.31129264271296925,0.0481903578145367,0.7016602088575333,0.1081564737692157,0.14607231185293928,0.22994966175140605,0.019352557198807047,0.09393985361634585
U_4336,0.2946898762712894,0.15858852457791509,0.24272816967779445,0.07122626764410807,0.06716232314726367,0.22204806354535225,0.572685832080786,0.1276163389271994,0.056512809869018604,0.06223903066390954,0.05990152732120556,0.4571045998278703,0.13252102884369044,0.16062436711411623,0.1126005681552617,0.02662100512274402,0.7544365104250118
U_4337,0.3388562547565272,0.25942257949407066,0.28015474171386917,0.03580347739609056,0.04663986403486864,0.14540070935889574,0.058260533314682755,0.11825365520679008,0.4150772000638796,0.5465105503238725,0.05676367343566242,0.0564291892039776,0.13532059132144994,0.1783626862780062,0.6993152840010683,0.03988847455041574,0.118210962613541
U_4338,0.026904534635643997,0.07303919184293238,0.1836850860956784,0.0764727284974153,0.1720221928130338,0.185616502475605,0.8582871301024635,0.14458668865212446,0.13088841053627776,0.1657473803950078,0.1591594620014379,0.19654214444798176,0.13419115781939425,0.1698188258467705,0.07959416842436084,0.7198957188748734,0.14914140326596867
U_4339,0.38151900925905435,0.32142554050399397,0.31571960344123173,0.055403044899402884,0.056114345452244946,0.19204264160944576,0.0958025735505253,0.80010755742907,0.050283972894426585,0.06171746064727253,0.05670426073511099,0.06092600153795777,0.14425161751951007,0.17865864152433256,0.333958770468382,0.03672724960601351,0.17530194432925328
U_4340,0.1333262673392102,0.22869080387336319,0.1514408386713781,0.10061988346110158,0.12853899549909015,0.21821100103879087,0.207323471127449,0.2850069562946078,0.2070845889468302,0.07280051704031923,0.07207633640379318,0.675877735310977,0.20470235557819688,0.2329625706071497,0.10491759457597072,0.03611012593305746,0.15875630120776413
U_4341,0.14299754693969163,0.17840957630344964,0.8457088722044376,0.07390617788471351,0.07988718308061558,0.24612345860563928,0.11125787862733977,0.14509778215113253,0.1255618848932114,0.07130771016688348,0.07274734239974888,0.062175309667126755,0.16628305594131768,0.16633658991703465,0.07744247030554986,0.6493229435885327,0.15606799652800454
U_4342,0.060144731063561635,0.0818522351045965,0.7356870365523318,0.07713450940184369,0.08630249226381402,0.609943061803148,0.17419124784330564,0.32543151087610883,0.40193126040989063,0.09432075881410593,0.07526334055701565,0.36725330845006354,0.16149431464977423,0.15800298911361374,0.08046287263193563,0.036337286868162545,0.12078146836160147
U_4343,0.305012110773695,0.26213601857606017,0.2745465883410368,0.0504609583346841,0.04571695135357484,0.14980988833715372,0.06956340567142236,0.47965833614429987,0.041708302356324216,0.6711470849380581,0.058108346174047504,0.0464451658247412,0.13283291859691532,0.19720010966586002,0.6360055112183197,0.021456781854526784,0.11745993957608422
U_4344,0.3636917641105862,0.24916311089496518,0.26035765655677395,0.037195073989558035,0.026661683690571536,0.17164176519157404,0.0632723378138557,0.10366609667997215,0.6390306571970195,0.07510445521764274,0.061079121761325295,0.4672127327896756,0.16048562409015377,0.16998314459573935,0.3016771747114645,0.043737614349402806,0.11738357796162861
U_4345,0.40942838600779324,0.4026261568102836,0.43170469394329797,0.0513763744464116,0.04665216360926053,0.3699428299899144,0.09077329244356944,0.13487103236696982,0.12061137505812072,0.08555328187117503,0.06921454858855719,0.092989490554068,0.22642716828073656,0.23848159430485422,0.3821936549030521,0.06346445465902824,0.2174097342085391
U_4346,0.2399279998137716,0.20877169466468315,0.23119573111482628,0.0362716259419746,0.03161005279708051,0.8214247723960579,0.4535278557001907,0.11365266092172702,0.034869965540962264,0.06062495289406655,0.04048562299377314,0.058486825487960914,0.13085489781063672,0.1458285131699148,0.24832363334102725,0.03583636655036281,0.5795795739291016
U_4347,0.4050186068824837,0.12118041366373566,0.8155091585251781,0.07613772442367618,0.11924487250711335,0.06147771101462987,0.15940034214494336,0.11858956028522433,0.08143006806632452,0.13666797636880637,0.12342721625089684,0.5332001606015158,0.08483605424775706,0.09467336951813174,0.05631593577210686,0.13556864218837664,0.09913585099906115
U_4348,0.20924016771507728,0.14283684667612506,0.26425005057399975,0.07001408062955156,0.08773355723974931,0.26000905718700346,0.15903901223718017,0.1206962541264337,0.3289272121695499,0.43287769500110823,0.09905903706649163,0.7381154313825702,0.17271417691902566,0.18346487910241688,0.09555373027687253,0.04951676604713405,0.14150368135878408
U_4349,0.028231965869278425,0.37698057793773093,0.10919106574157632,0.09848038784817416,0.45774742140492014,0.1283494005396621,0.1511497351217423,0.49741326829736876,0.1060291241968646,0.16180676314732378,0.14606201629666316,0.6434031623999941,0.08465691891366722,0.12229644009970972,0.034831095311423976,0.22060101507876148,0.1601519858631497
U_4350,0.23271827072827872,0.20181357919788973,0.846961091607949,0.03336731669614904,0.278334885196585,0.22813992335403444,0.166239193782272,0.07253004132181105,0.03046606978711873,0.05285481426564029,0.04165417938397005,0.05160297232494679,0.11161420767097019,0.7197851198468107,0.3348991449463671,0.026208678521893014,0.09723039246370928
U_4351,0.19102485977762068,0.9170243306446649,0.21355522191121684,0.04121494587458884,0.04337560761391878,0.21782598844466985,0.08526058104703553,0.10074824615163139,0.532905855487864,0.0643453287081333,0.0651163794963418,0.07638760942253842,0.16001795356547854,0.14560391634881178,0.07472019459668564,0.030176229625226397,0.5448275606052001
U_4352,0.11376293935702078,0.20454672698489001,0.2543462595571859,0.06838218060689372,0.09978682265610707,0.21390891053168393,0.16278115118445635,0.15052393698070626,0.22113344783364575,0.06129024965244591,0.06768383630857337,0.7289473943884196,0.1590414333520464,0.20022757896287444,0.10084306744193909,0.5205380040740434,0.14918377799028956
U_4353,0.5367295333359781,0.46219726360963914,0.5775070622389864,0.034410953963514124,0.06014662427970831,0.2569109140427236,0.07199922009373728,0.14358054218768362,0.050733511913321434,0.07933063124842185,0.0593690747546385,0.06893469790345237,0.19976186520361322,0.28070901797652864,0.4946691091851124,0.06418481778909887,0.21972354645285533
U_4354,0.2024557796291329,0.1899092461748197,0.2529173873403138,0.020332476839983318,0.29539361585907103,0.1986188699272912,0.0778600259139271,0.29252855687075463,0.5171593943545226,0.29230768613723546,0.05403735526337529,0.07987592341938651,0.13996087865010948,0.1584710554237035,0.1963715497685649,0.3997167908419932,0.12495415439113211
U_4355,0.09337247794672793,0.17098682212681177,0.23301896298795072,0.06515298908091319,0.09655413388990682,0.2444243992599474,0.8077157330144192,0.15997718607802253,0.14926013150066653,0.09659811644582794,0.09088354086978494,0.09382401575258102,0.1684852349612963,0.1495123544306777,0.08299301988373155,0.044068021101419406,0.12943272071960832
U_4356,0.052478192877830995,0.1453594416402415,0.12411780489452318,0.06948504452092535,0.0753297954316706,0.1704984261771623,0.16018973954047308,0.45543283141156954,0.7640561846153557,0.07371537263487735,0.06916879418258487,0.6313584905904256,0.1444706019366938,0.15047223713042204,0.05704948411778063,0.04104385429686075,0.13584720394263128
U_4357,0.36164667746251367,0.2705585095428925,0.30257356984824885,0.05281124612460627,0.05729222762216858,0.2991877476991063,0.06455892746881717,0.10162607992246825,0.05114514172132686,0.05734554947004207,0.08086691886532278,0.7396354869795347,0.2544253505530644,0.21588505702781663,0.3515410823441386,0.03132913540711272,0.14873221837437237
U_4358,0.1987551768728996,0.3189511699351357,0.14385464144080082,0.08395805914733064,0.07222380205829573,0.35059649992167957,0.09820483839371301,0.14751336272232252,0.16579227197800198,0.08191518773916226,0.08159827557653031,0.07040404913286652,0.1496923266638399,0.1683797102891046,0.11999000810549457,0.03879447348528593,0.5815953431732861
U_4359,0.2373927904640907,0.6161002360303407,0.25018793752921853,0.04202060048286405,0.034634950967796126,0.18284377691843162,0.0378178767239546,0.08016037733261659,0.02404810329132495,0.04873176032688106,0.03941035092891656,0.36508647379625286,0.10802901340385727,0.8684903411162023,0.5159426662010723,0.024715829009731717,0.1461478276210212
U_4360,0.23519874807441893,0.19937463319281204,0.28074261357889324,0.04359673862095823,0.060945958684283486,0.23678732498633903,0.21142059536864333,0.14361950471323262,0.35413394060973413,0.3342645984672842,0.05099136509881848,0.06298040146457551,0.16672034882266432,0.16214537445146865,0.19645638528236986,0.31977940783518255,0.42029156511970045
U_4361,0.39029276047354144,0.3410259147577313,0.3089315933614038,0.0513962317724074,0.05565382275047555,0.18866525748609042,0.10081739055528614,0.8413510616047986,0.0711300282724717,0.07452896253302109,0.07246547984732539,0.08112119270634005,0.17729817636727666,0.1853080355921926,0.3194949893403121,0.0446816885333861,0.15977042335195177
U_4362,0.0172389169586943,0.09032740589196378,0.09426923983996677,0.10509746143385114,0.17146145041826472,0.15531631561210407,0.10852857465867297,0.12644175811010855,0.10524395534125369,0.16156567106429787,0.17883069279907582,0.21345415734091244,0.11255391384138735,0.1720995399283953,0.07283468239586421,1.0,0.19133271685977063
U_4363,0.5204173848484962,0.4427341196920113,0.6014848598169338,0.032068627653410064,0.04721717607105269,0.4009092881545133,0.08123236909825027,0.15244741585436572,0.052210629210696115,0.08564362932962546,0.05149500479189413,0.06384246789855501,0.18932495384716355,0.2756609413644335,0.47886095327502204,0.06164199950934421,0.2203812814150377
U_4364,0.23890962488742817,0.1981116493637985,0.5001880500669238,0.029429214813779428,0.2537823184677303,0.06648378500666129,0.03709720308507167,0.07074842970763777,0.018332272249501454,0.13487165474792934,0.03477038106392129,0.4930074163719394,0.08699188431973108,0.7712134587357562,0.5284963389554743,0.020345023874186376,0.13402997781042955
U_4365,0.08137806438989892,0.09657234008425947,0.22925320968174762,0.09496518318013598,0.20200404214760814,0.195378454302316,0.12801835798258102,0.19673125138847095,0.09779781520131177,0.19426898286533945,0.1969550041093593,0.23533481102839984,0.1746248554604904,0.3016480063367466,0.09904515652827572,0.4554810695907663,0.2295687094436354
U_4366,0.3720326809997415,0.3012797924024358,0.3570462872873742,0.04130117516294217,0.036405398622827885,0.1968595146203066,0.32030097051644474,0.47881417970865825,0.060597245243868,0.45817769652613716,0.05192715095154596,0.10122781533787861,0.1665776771270193,0.16006702443264859,0.32729632855737434,0.04335557777322737,0.1270209291176069
U_4367,0.34513506939187744,0.2834181675975791,0.2708255289860787,0.04694562633775217,0.4219481238152425,0.16416706410855209,0.07901957849209008,0.7285962941269192,0.06498003835075203,0.3992208010585978,0.05961350100042008,0.08517974356138686,0.158260061849832,0.1820083347822487,0.29177790816926386,0.03514768511662216,0.17042765543924912
U_4368,0.3931249877406351,0.31267968462842555,0.2656264649140589,0.040454864038955235,0.043935926513580845,0.2576007223702585,0.08406659023036288,0.09764357189255621,0.049283664906334394,0.0561367015600531,0.09668035049701042,0.7401584096293735,0.16424145859146547,0.18448926621212947,0.31275689653628735,0.03786948902135741,0.15819931936614184
U_4369,0.33276361155289985,0.2599592109388151,0.32351489487359053,0.03141675697138867,0.027655663121410858,0.341337466276439,0.4077110473017843,0.11686265096133154,0.05104898527352429,0.31716282099653287,0.0478263809274619,0.08153113652596022,0.1633889553163191,0.1811444321837893,0.28808194420819205,0.5655778934632272,0.15565301286986957
U_4370,0.2942173792184378,0.7339125093045739,0.25796658154316426,0.043472226227177606,0.034075171247056696,0.17960051356114162,0.06360934482470669,0.09670960892984146,0.06353292019914664,0.0718354591682877,0.05107247464977574,0.06452690616154987,0.15294186041015825,0.16767014451519377,0.25202968785300606,0.5688628798596681,0.6243338913024303
U_4371,0.09755965745218662,0.18324518378854335,0.19711812778307192,0.09455217043024694,0.1087910209042679,0.20626048331050328,0.6525572047482212,0.15760863799827513,0.26482635347257266,0.08923427905240204,0.09978758443291155,0.6379695304682422,0.18574489798702762,0.16943370246873377,0.0753101915088279,0.050508783637141154,0.14727379115518394
U_4372,0.23193121567178368,0.19209331410333866,0.18694906785017598,0.03368804145086099,0.11202718450834964,0.5628243895988012,0.13440529053800285,0.061171831900671256,0.0985221341299253,0.12046116780929228,0.03210059006614736,0.15182051478053765,0.09378732338031451,0.7320385902154567,0.8591177140580906,0.01220513467592678,0.10398435035594007
U_4373,0.044163393672945174,0.05978479451558619,0.05868347624388823,0.09740955916877722,0.13559334357361777,0.7583048299887939,0.12977557679126955,0.5705593556288547,0.10870200174034574,0.15918484497426466,0.12723504340134342,0.5522937801522524,0.134206800750874,0.1387619893979868,0.07134448813526047,0.25124330733147643,0.1585730397481592
U_4374,0.04996033084435443,0.10768059240153408,0.10959657785782853,0.10285280395917713,0.12274633691576758,0.1719977832347731,0.1500411979998186,0.13491749433622036,0.11872590168534242,0.23882124822256945,0.22426700375818923,0.21734393193583246,0.13131238663791223,0.18680322706983216,0.0814209191968529,0.8680417031870268,0.1662676352625105
U_4375,0.2304917664570866,0.21936232252881394,0.5637052074362493,0.02865907257151796,0.25757917382234435,0.6973226313713213,0.0703630588155123,0.3051492570040253,0.502527554333943,0.052762438258130824,0.07002952657811488,0.05645691013709679,0.1277014864668423,0.1522210893750272,0.09912942277140413,0.1494574607303789,0.3162489280130245
U_4376,0.3567017361386579,0.30468116569800885,0.28343980540237707,0.04617816739389504,0.04809134725232851,0.17415956882265804,0.06140542346963329,0.10936928729571027,0.7848807518400035,0.06700068712896044,0.05842273733872509,0.0805818111723828,0.1579390501065491,0.1815219349194357,0.26835946797889176,0.04517247065046475,0.08910185789923851
U_4377,0.26611405876914185,0.5756781858960376,0.24827446456803542,0.03275810259531385,0.31261974426138867,0.163263413671336,0.057952844032735026,0.09721332222066027,0.7903598527225707,0.0669936322622189,0.0498285670507926,0.06793866138489958,0.1450590329725592,0.16143634753870406,0.24700622400941868,0.02872811045544111,0.09274848112826076
U_4378,0.1825358384614505,0.2188532808763656,0.7769325809615584,0.09610723738150886,0.11538320366040705,0.27904648134617244,0.2661959094409152,0.15545748554308092,0.18219902992113082,0.07571497729315355,0.08298292274409115,0.07599336557040148,0.2601592168455511,0.2011971350046239,0.11033191480059475,0.04383466572358156,0.17503884991929114
U_4379,0.06046816239594653,0.2442666046842893,0.2006370362492404,0.12484926925843323,0.14691022527844635,0.8795172527583889,0.19067399089623482,0.1590819164583289,0.2568565398220438,0.08333096633641002,0.09394136531882369,0.09679888735229183,0.24489194371736633,0.2100814021587367,0.09570367021152056,0.04488482185220712,0.17159106524805773
U_4380,0.06087465726059085,0.2120425976146394,0.3616106289144076,0.1494518481560864,0.29433188021278883,0.3226928038919031,0.19004724128739106,0.19242240488291876,0.2668371355080159,0.2794515978367561,0.2775068259523512,0.30337747865925696,0.20809783431575712,0.2919788296461855,0.1188876990318069,0.38184410676079844,0.2950844693815372
U_4381,0.028265306901132214,0.08212264841668535,0.15448861720562657,0.11527754132436305,0.1456625139708707,0.12861380572614076,0.1284690321177657,0.16691538962138908,0.08817901715113817,0.6336035199826592,0.2305989807939396,0.21346206995620515,0.1290256692748624,0.12808522556778643,0.05724146724660767,0.8877171165975543,0.16512744945211
U_4382,0.28176736525391344,0.3315952070948945,0.2922867734284355,0.03736049140705768,0.06286500206142402,0.25576185499867726,0.7176446257263531,0.12316809023682718,0.15585171783941465,0.08664232424479477,0.0781084900028856,0.09592877124732437,0.18357169097020087,0.170250326541539,0.18793873236045186,0.0620666861996908,0.18746963941228637
U_4383,0.498342141608222,0.3977836896364277,0.48104356764480044,0.03411737909512587,0.05407086487534713,0.2503422501565347,0.07234958347616102,0.14937919658642382,0.0480688287742045,0.08300203894482469,0.06549856228818254,0.11476287962491107,0.17546964595095838,0.26103249126260514,0.4427731495459894,0.047628705048970724,0.2222962862608234
U_4384,0.2861783352670959,0.23696756595829632,0.23881868483955068,0.03976327176890741,0.030877312192584286,0.1075661549719451,0.04841605253250837,0.09164144046001456,0.03680449830234745,0.05867332546184377,0.040717647977047175,0.030058785297550884,0.11682699433949152,0.8840758077325506,0.5188330284423895,0.3509935958253756,0.17002798137401057
U_4385,0.13937769327184618,0.16409958679426875,0.16657824978657168,0.0509441226431475,0.055906790256374364,0.24526980201856624,0.15770594272829264,0.38986162890335835,0.1402113401053501,0.07049308293835575,0.07877086914384934,0.05297612253102389,0.14052566837530725,0.16321887647431976,0.07777076035125159,0.5413264081124206,0.4537788404626213
U_4386,0.5315549407312078,0.3794141856925596,0.49547377745161003,0.09027545422869532,0.07461432278474034,0.2602904682485285,0.09024774963715217,0.12369506648597584,0.05430684395542257,0.09474256158049604,0.12096433928682188,0.08501469685425883,0.29701386545377956,0.21858122402407743,0.47904750808220353,0.04178978507379079,0.13184727749735536
U_4387,0.2581030854703077,0.24160280965238873,0.25878544466018993,0.039617315974955526,0.025423056559743314,0.18043333748345028,0.4067020906243171,0.09927276159891925,0.031863770719110146,0.0432104313947245,0.051434876521989005,0.061571775171224516,0.10794052571650761,0.7488055164753421,0.5445229199115523,0.10549826101476838,0.15024671087458968
U_4388,0.07146385532623768,0.11092047852816025,0.1006342330975605,0.130479474107392,0.15103217311649267,0.09250244734462182,0.13520166485428461,0.15651886167346216,0.41061126653935925,0.07483533890001379,0.07407112269320971,0.42808837027802354,0.06716055799895071,0.13580699837700094,0.09670027611434344,0.7588702466807505,0.15335097317655058
U_4389,0.5884961920169254,0.49662877530304317,0.5131034501190989,0.0326564557297335,0.04532727818029953,0.2628433088588846,0.07480366066607783,0.1446349998766232,0.05278362716181001,0.08295661688664357,0.05184805858643901,0.06019649584467594,0.19324270208994104,0.27802371057766706,0.48253225273513084,0.07951266522198329,0.22082800075914852
U_4390,0.3154309787782924,0.25903731776584493,0.2931046510032974,0.03313209622586756,0.03072573044800747,0.23535587314845707,0.04547188668049719,0.09626020932700838,0.039042267670495706,0.048982984828481846,0.05361791103369694,0.04633848921891917,0.14874233658322733,0.736077950225825,0.5677971163929126,0.030027450705035826,0.18059696735232553
U_4391,0.2781381994669491,0.5803445148755632,0.25470408733228883,0.035428765268711006,0.22397109102598184,0.21307799320274115,0.2719346033178205,0.37383296030658264,0.6242998997209157,0.08053750320871768,0.06843176924357346,0.059255214629943265,0.14096515357812034,0.15446410428782834,0.17630103064329644,0.007672410060020609,0.13197748079233554
U_4392,0.368405377297018,0.33865224225871027,0.33580146281617146,0.04454961035461846,0.040436392182849494,0.17099500272466928,0.07464864978165772,0.10781226569643404,0.05711495827428435,0.06256798765820366,0.06867434557079022,0.07176376306728752,0.17399887614532442,0.20494687303352524,0.3205606950613251,0.7058796006681306,0.17834936899161025
U_4393,0.27666982933092316,0.7062102615865321,0.2392295221127946,0.02968740421561157,0.042520080557019425,0.15231864032287737,0.06901020948718989,0.30819083042138734,0.38721716151068547,0.07132518087219095,0.040662666944920794,0.06907203610292426,0.10790432098843704,0.16100242417084906,0.22679024081918456,0.39996777689661456,0.11040007689633582
U_4394,0.07968583157877526,0.0950208481710588,0.7829550991818961,0.12641068943929576,0.16499063664540334,0.10626515250125476,0.7078311975547253,0.17250268154548706,0.058782194239947405,0.0884494419586004,0.08071891114285004,0.051487258594465936,0.13024294908232406,0.13929371794462883,0.11371456932323973,0.3710981427525654,0.2184848468332541
U_4395,0.2724381154185239,0.24544094524741478,0.29744386423521146,0.047740444045322794,0.043147971633729465,0.19752795088521485,0.10973666893118783,0.13415599545582407,0.06781346874858137,0.06733787741621541,0.05993727359214049,0.7613021953328792,0.11837010908997636,0.16330541450141858,0.31219603360370907,0.39564360114136204,0.177473508152341
U_4396,0.04425038664543331,0.0769034730990182,0.18462776007954299,0.10910587754878343,0.17206311490522325,0.15639083088413627,0.13675463210540237,0.15312521348977942,0.755019049753169,0.10752812567388055,0.1166630261029138,0.2801419137610402,0.1434295146747793,0.16182323709265217,0.08235078783927777,0.385432453672036,0.1769592787439826
U_4397,0.1837494881746267,0.1692357022107739,0.4173833018250974,0.12894279279348603,0.18873530995672486,0.4796582009796397,0.18025948888017096,0.22133806957313126,0.2594080743182628,0.12207892359695827,0.13083994308538266,0.12740050458811195,0.24247581185326808,0.268174153444496,0.19294637652308533,0.07075798319766391,0.24714151235949566
U_4398,0.5495203226587636,0.47515123621419053,0.5814487467975313,0.034563120785413216,0.06073933082755961,0.2602047295586814,0.07275260464804066,0.14364258403325314,0.05566099343957194,0.08822704278023816,0.07226651800770346,0.06905609416358643,0.19694850437545516,0.2784012934845061,0.4847159715061964,0.06200883389318973,0.21820158417994548
U_4399,0.11377122690666631,0.29848877833594534,0.9127775726709544,0.0892397720752722,0.11598559692849225,0.2401080063586483,0.13335015417046087,0.11864929916797928,0.18893582990942687,0.07539181382502903,0.08772122672553855,0.08420504401589816,0.20753418677328342,0.20643137290080568,0.11648214605364648,0.04865948817574203,0.17821484814685717
U_4400,0.2066547510526154,0.17494220192857213,0.6070939446847526,0.014434400673554261,0.29461406567451415,0.2781153315291466,0.1674231006516986,0.11119222043689635,0.03591893559804561,0.040493726795488065,0.04222026230135294,0.25704487298062884,0.11342019239977646,0.15334348672896644,0.22633963519551847,0.27944799716180324,0.5257747031317859
U_4401,0.334692631034915,0.2561503869051879,0.28599825898261433,0.033723065257544024,0.0277981042965061,0.2540774269940081,0.07540943372804848,0.09808013782184444,0.739760249273198,0.05766974513360881,0.05428572783956347,0.06919607463900562,0.14539535870802328,0.20157046568995182,0.27553707905454516,0.05043347687135535,0.6403618811692334
U_4402,0.19208945329995836,0.16578768095022392,0.24222989443613713,0.08029473575646867,0.08536307017296145,0.8864396439446637,0.13991688927308532,0.16532090322294943,0.13414664237049018,0.09794916732558025,0.09166226005488348,0.0817470690230416,0.200031717997277,0.1807763812015588,0.11101367629750004,0.0525300232002506,0.1618873364130427
U_4403,0.25803744049529465,0.5786821351538494,0.2772314009707218,0.04155180955674094,0.054210935975801365,0.712057539121375,0.09800841006819522,0.4091827080695012,0.5319206903948932,0.0619254397336879,0.049520873099687925,0.08227338839095724,0.15411757172396362,0.18349633237138208,0.2301029273508885,0.011898337354083847,0.13104548216519338
U_4404,0.05084314224749424,0.09213942708794365,0.17679997213391635,0.09177025433776242,0.11958661729872927,0.20951915541244895,0.6622102808056517,0.13562641224731076,0.18992547968841766,0.1319408225525303,0.10825096372793731,0.0648231890745877,0.17212997944909209,0.18981909573198916,0.05763084579358997,0.6227834520216564,0.14290143581353867
U_4405,0.3204877721481512,0.7129675513226189,0.29102793925435927,0.036273555377829156,0.3469563198922856,0.14533787954714944,0.06420353672497452,0.10377207482125869,0.6686256451958272,0.06695051472471188,0.05262395545994336,0.07430843920519628,0.1482206663081513,0.171653993729277,0.2588604076158344,0.03291973991677094,0.12002188653367105
U_4406,0.3064681409620534,0.3954710275351622,0.34367462545014005,0.03814413576319384,0.21379043709881046,0.2600213805531873,0.155124729474559,0.10595827915938924,0.6260738478977445,0.45585102164262536,0.05752305497608681,0.10731922802982127,0.15482736508477146,0.19291130157278547,0.29750520576728745,0.03187474374734364,0.1056638076705989
U_4407,0.13980873835889704,0.1969208571083522,0.5224053178425669,0.1329374310091852,0.22728760548677024,0.3770640321588063,0.19391052053831476,0.211500603700763,0.39331029269265794,0.10800075547222848,0.10210602382275112,0.12671711885877063,0.2937008107746936,0.29873607654052475,0.1527502412953979,0.07587521381387102,0.2175930317475475
U_4408,0.29072984867405505,0.04099721349096977,0.3213043369941815,0.05469519224313168,0.13730589250449396,0.7642145534390362,0.09745793698810794,0.11908913883829755,0.11717587695928817,0.17621533332473338,0.16922455001318798,0.5059100259721444,0.091450565612218,0.10457516158469103,0.029627712734877215,0.25390479132711996,0.1502005879091374
U_4409,0.1753084855856945,0.12799186109555205,0.2757718848226246,0.09846237719809621,0.11094133936417902,0.30075389287261994,0.23519420337791372,0.15767706008562896,0.06272637594536755,0.07932096345923965,0.06059267413626154,0.052155313904317796,0.17175374757819856,0.17470067803408593,0.1368224237673376,0.7323676091084722,0.14680355977891088
U_4410,0.459317167054599,0.35816687381944884,0.36994851546171115,0.06924911981868066,0.07912103535949835,0.4073386481085447,0.09751755973976925,0.11112597793393951,0.06271553135736935,0.08009950194537585,0.12368356612280174,0.0864694174641347,0.29314400637575694,0.23110163283596166,0.5827097514733838,0.04056244262262476,0.1386248861972256
U_4411,0.3547908844810577,0.23505353677953864,0.29137985796775984,0.04727023913311931,0.04080535508387517,0.3798606273815518,0.45954817543734094,0.11430151784429549,0.04149796541270994,0.07363401786599866,0.0596983673453373,0.04308873821845363,0.11568835909472128,0.5302032514421247,0.797363248280508,0.016045462916674726,0.10314063699969193
U_4412,0.21873122881338364,0.6590501062382034,0.7345543024034263,0.05884049375251209,0.3810769896934396,0.23180682351198953,0.12695819702589053,0.1216620366069395,0.1189775379816331,0.058166286579671586,0.05777970963256733,0.06249574946094631,0.13799449370054495,0.169963563174983,0.12442817023500535,0.03256228830428564,0.3706686725994184
U_4413,0.2382889876799706,0.3824685293171471,0.5695474577283303,0.017228275547916116,0.19473665204766738,0.3663115116060993,0.05045098222553712,0.0958321403689026,0.5659526578740836,0.17154115235438006,0.06525901523115765,0.32078457012106754,0.11072389674121345,0.1499794020435341,0.24463631770263988,0.01779138628104115,0.1188260756262258
U_4414,0.1396561097647279,0.5581438910890916,0.5635184147987901,0.06555809439541357,0.35438513631975305,0.20271371286459874,0.12929261546695803,0.13056325786565096,0.16178687455925894,0.08527229839267876,0.10286445306714252,0.5943393295946313,0.15299263713702704,0.16579817520923684,0.06679020767045872,0.027551923225152215,0.15671164441015784
U_4415,0.15006229288464937,0.3275465284917293,0.25249447084584387,0.13022450367132532,0.18897293756285682,0.2900639301931995,0.18166693404780357,0.19198435553134874,0.5033747924869771,0.12126290845326998,0.09183221123291603,0.14151088685098823,0.2939597752601401,0.3136166748806709,0.12964383917627476,0.08513901963564124,0.2231107852193623
U_4416,0.1207080259805968,0.10032629147315462,0.682664067541593,0.06930779333282809,0.39931630407768154,0.22214246643391006,0.1830804662511528,0.12021142142957231,0.33701368420500305,0.45574531749372665,0.07256240565262104,0.6752876282186863,0.15976553080381858,0.15636713075468986,0.09565010882501794,0.02549300001432335,0.12105490810049793
U_4417,0.19707248990184267,0.28814821245049904,0.5533364453374291,0.026491884687317023,0.023713622810286973,0.49624784811944367,0.18838978725561162,0.10987552984571441,0.1966983487447922,0.3004398477091362,0.03779189635244825,0.4328090851947758,0.11694998487843107,0.132510363402299,0.22371167303481776,0.006718204185764756,0.513416628804427
U_4418,0.2748743142934748,0.7437575254010457,0.6230384365762823,0.0376624949713068,0.034601475168816995,0.5722163800301964,0.0670295602138972,0.08966723964771928,0.22877893165147098,0.05116419630862182,0.034527085883657965,0.04738408981605519,0.10456164959349129,0.14900422995498663,0.20495293003749782,0.041266860170487765,0.1362576772848183
U_4419,0.23768610801060094,0.23220182723641908,0.33227461739579,0.022936073181440465,0.052412977854905646,0.3224191853114187,0.2184392386759165,0.0601286257353183,0.1547119602515303,0.10170030124754699,0.04010627694194959,0.022690991431949314,0.08945695547667668,0.40673199369669705,0.9187406092354843,0.059986682808925745,0.07195901654540164
U_4420,0.28260104618182386,0.596402489599336,0.7522355979851195,0.04963477920863846,0.04460531518592878,0.24907460746730165,0.2957186846172664,0.0881952553480013,0.05219792058188104,0.05293050061815531,0.0523044531372263,0.5218587911453638,0.14123826766985242,0.15666578497851402,0.2487368790007245,0.01497325645747177,0.11422648858748014
U_4421,0.1805483252866324,0.14998313452716514,0.20783719153881214,0.10245651740002477,0.1304916684698668,0.17863786703504594,0.18600372655126557,0.1623037621109095,0.8975546257318752,0.07103048446622262,0.08868618934791987,0.5597530214284553,0.192321714147374,0.20456708402607557,0.11558169031530673,0.02963309127698168,0.1795108004100079
U_4422,0.07373167873048617,0.28890136779040215,0.20730529040159856,0.058231475271115274,0.0948602503048629,0.16489288677602223,0.14398355948362535,0.1538205010974072,0.24534039388505746,0.06235660491737441,0.06124996006241955,0.7406474192244936,0.17135008780726926,0.23114816229870744,0.08788753142349341,0.5477519808685334,0.1500916223744133
U_4423,0.38208546591307563,0.8410121641058673,0.2724624182149455,0.05187592035925369,0.053620778509436584,0.25879501178437014,0.0975407676768656,0.5430523335083531,0.044377012543852803,0.0846871925419113,0.05911092154763317,0.08212717043515472,0.13053726448345584,0.17967318431659554,0.28471149431981146,0.031809479442563696,0.17271050166323895
U_4424,0.4001618649514539,0.3722078328386553,0.3195172521248243,0.04095882039231188,0.049389066253545506,0.17838841106433434,0.07365443274092012,0.09528298256500038,0.7221649665955042,0.0552875988939608,0.05636141134615015,0.08926564524233124,0.17731442405072764,0.19481592930005376,0.3307746886792674,0.04714875753500987,0.15242163775395412
U_4425,0.11020558472049757,0.25552824776637234,0.17171836650992683,0.07010890868083962,0.07596802898586945,0.19827992179939177,0.13299936696586573,0.14456191287791484,0.6875113952904347,0.0590675475372367,0.06305739882406963,0.8658339122891863,0.1761336800857733,0.18222682096020104,0.07397322571325664,0.045305122677475225,0.14658411623839346
U_4426,0.3484700922728781,0.2908544930654889,0.3752499863907673,0.04289975013527159,0.04046960825581565,0.18086054616233455,0.07440314972927259,0.14280886466757448,0.049421211905465695,0.6279485308315444,0.056383283921651,0.06554533725878944,0.1388472865341565,0.18345880967964487,0.30783229240978527,0.040668288593913145,0.1615031035375688
U_4427,0.17425805470226513,0.20311005269816212,0.1837680431067125,0.0608104237894366,0.07430329256385163,0.3539504579946943,0.14346469156952862,0.1548642285901821,0.7267071321603056,0.09535424594138187,0.07265056329168093,0.061037402423806356,0.17357852684892908,0.1634021280391445,0.062259842883077676,0.47379120664438545,0.1443221573163085
U_4428,0.1599213687790374,0.15430356616363242,0.2872833937094975,0.06510929920276631,0.0686852580586775,0.2039572735683082,0.7021480560897333,0.45322805579884673,0.36222030731598354,0.07743024107919066,0.056706366047064694,0.2541829473631413,0.15218777523893254,0.17427053312498464,0.13179914608490312,0.03243846549973939,0.13520333916646954
U_4429,0.2858280877971064,0.5936694729290058,0.2670896064963761,0.05892884160401689,0.059220254401290626,0.25099775294775334,0.09436233847270321,0.10191630341844371,0.7089138700220987,0.0739761945237664,0.0625805511696714,0.06788129533911307,0.17007670782967152,0.16302720528050707,0.2510963329755337,0.02197528755773819,0.14048665958503148
U_4430,0.028305688190588457,0.057343059437982485,0.1038255036832943,0.11082336543850495,0.15929318120930794,0.1396857252485705,0.1233172401398441,0.7266381030900521,0.07114685079996631,0.15622945895859078,0.1532218085838289,0.19833132037758275,0.10513722814023913,0.15469928112695125,0.07215879076309321,0.9509070965854219,0.16271834311783995
U_4431,0.2768273592708036,0.18770303574525782,0.2207804385593983,0.023101389998812293,0.022328186824467463,0.08480703479678822,0.10187831262505029,0.07957187773531202,0.023941195092376327,0.05127822550060077,0.031065939276601715,0.02551488048980808,0.0991599773292241,0.6814433231342331,0.8730168672175939,0.18649734272520563,0.09693451627783596
U_4432,0.1834853461643644,0.2664605793081473,0.25780531725737815,0.04243490357162257,0.06612140658446752,0.23854699187197542,0.09003018045811341,0.12627041936935646,0.884593814367136,0.08174089757002036,0.0809144199019698,0.05554239409799416,0.15140269412287272,0.14717384632954755,0.08396370450985231,0.37193275873431547,0.1260552364063092
U_4433,0.3147977195900165,0.2419601240068711,0.8523376929533146,0.036239910568844014,0.02966951760354076,0.2571313307423695,0.05908541127156863,0.09206183434364808,0.10016235084104216,0.06410008355419963,0.048637383682682334,0.07066970322181575,0.10542145601599277,0.14701664240724646,0.2339862579447862,0.08254918116117696,0.14698829139185166
U_4434,0.47003647487464545,0.3564447480913552,0.3917365111585989,0.03805580692094654,0.05416954576280921,0.33263549042387075,0.10006959602283383,0.12671796855951323,0.06610754468415195,0.0677757878462164,0.060856834219221626,0.08730644546084486,0.2082714262247339,0.23259617081769093,0.5073075420604329,0.044052385266583345,0.19565029889024851
U_4435,0.03435634813674362,0.8666433618740919,0.06826525739970637,0.10063010403896916,0.15170474912007104,0.10690788516429872,0.13063189743533138,0.11625166139952706,0.07944783396852931,0.2115199349419082,0.2122987466872088,0.2041513965702622,0.11811072514718539,0.13465827513355613,0.07392632905326324,0.7157022598678324,0.16784764630277446
U_4436,0.3624113968023518,0.28616847627647213,0.29298701375501607,0.03251600833198136,0.034114648351535506,0.19143637013897202,0.08760677921537266,0.37903165941971195,0.0655477893373683,0.4258065250243955,0.047561269912165575,0.08099127563737565,0.16528225295740437,0.16814309147508835,0.2912321690284782,0.5512077113225982,0.12784655166188832
U_4437,0.27300655821353864,0.02565452732333289,0.37133905745447765,0.0755525719639445,0.4104368112013106,0.05028815911057066,0.09907293907549332,0.10249544587794077,0.041232647926358466,0.43812660834957157,0.12092535838496099,0.9154346910397552,0.08364165227273584,0.09214119758851584,0.06483329710727766,0.2695109919243981,0.1050919978572126
U_4438,0.0405903108673983,0.0829729570892791,0.09185692964477243,0.0859227268427017,0.19550626405503324,0.17295637749266166,0.1413402245935675,0.1568559031351966,0.12121290318355138,0.2062040807493391,0.17964156416552474,0.1696515512825719,0.11376316886360645,0.15885809194421904,0.07311474088463975,0.9820831278958966,0.18893840627057393
U_4439,0.3650846250752652,0.3226366753338976,0.33520042221177704,0.04039411184697655,0.04025165438683208,0.2902473372975107,0.10333008921069031,0.12883970063991285,0.7476228130215943,0.05565184115563129,0.05978533550284851,0.08575683704549789,0.16796704401261536,0.2103250802624404,0.20836552544524295,0.05405873785954972,0.19433400160763195
U_4440,0.34318787327123823,0.3193437132947227,0.33664034969092366,0.03791566260874733,0.0462366625172345,0.2785782149617986,0.4587965985328047,0.11408108592832406,0.681933891406326,0.06736413411548084,0.059647939619459966,0.08238375288581402,0.17999653655556752,0.16795345569937598,0.3100211195231693,0.03672180151712699,0.13514680870368945
U_4441,0.36384529376386116,0.856805489178196,0.2928791336332816,0.03074086641698641,0.04292150308603976,0.1409313751937947,0.07430008689147977,0.09955364425879942,0.06548974111992976,0.3787667981161424,0.04856162552222641,0.07208699252402118,0.1326758884608185,0.17500751489361316,0.27811014367235404,0.052943131411394374,0.13073226210963662
U_4442,0.040838431840262604,0.11254439162152341,0.1451109702916693,0.10705983757993641,0.15104110569158294,0.16131209687955522,0.1772863208953295,0.1483174940184409,0.10222826601433593,0.513362121155107,0.16037520206382042,0.2633093084082486,0.11299041610811932,0.14599609363229943,0.0726146614075467,0.4227513035521735,0.20420952967684053
U_4443,0.03345428083821464,0.015826553600387865,0.5725848436599669,0.067814398839418,0.1327052695465436,0.13577448707958478,0.11127363833654191,0.11857805991978712,0.07332428842433529,0.1212399029640937,0.1412117398407262,0.7405697222711564,0.08522307625775574,0.11143255672181401,0.03790990442266623,0.3597372017467986,0.11926841787235384
U_4444,0.41123716642707997,0.3435938839888291,0.3139730874575379,0.04440544663134305,0.04193329744188872,0.16997646189336696,0.06958922916272255,0.08928850893210913,0.684040623791265,0.052538658232717965,0.06117573849413288,0.09210068857507508,0.17918556243035572,0.19763119620680294,0.3216368778610717,0.05220562563421641,0.24389688295358164
U_4445,0.1964997739852208,0.17347937640557015,0.4748606667345784,0.022410854340157136,0.21533114467475897,0.8855085321471653,0.05767397673326065,0.2863518494403201,0.22186252933264575,0.08686555574267504,0.06402311449401388,0.06885175731935408,0.1505628392594145,0.16627955133024705,0.19005242242441048,0.035849876766363156,0.7367732761007231
U_4446,0.5391439679775943,0.4948551823655327,0.46925399657629624,0.04255836753235135,0.07890924754500096,0.22660214182834323,0.07133961204207169,0.1259941998365269,0.09029661922549884,0.0867440809860841,0.06621444880204247,0.06254146518529893,0.2087714114558559,0.27075659539072866,0.5474473836408627,0.06092362258236492,0.21224431179136086
U_4447,0.0037891889160191657,0.02509797562707424,0.07809207802260021,0.09461160548180696,0.3894958448977082,0.10766788987784212,0.30013598436717753,0.0751235802383757,0.4176962547058465,0.19060716368085395,0.15456451246635405,0.8373744318350764,0.08953983015747373,0.09950363055430043,0.04331543782096381,0.41532991745957715,0.07236228352087053
U_4448,0.03648054258186802,0.07032286179724219,0.16230434724614895,0.09783916915441528,0.5376616280070787,0.16481048563744494,0.12053240456453687,0.14352749463225825,0.10605903132061408,0.5828309320871762,0.1854988582564825,0.18323236484391658,0.09586710796568425,0.1466421595203373,0.051534593875548124,0.8508785077996265,0.1542908920162763
U_4449,0.25777576055480683,0.41534201076381394,0.548872606265439,0.040365080034828846,0.13973387651858676,0.4007269038342002,0.06350636823111314,0.10928264639414609,0.744403559805738,0.08305189633027102,0.0666512948167002,0.4419549386541445,0.14528924261121962,0.16735527275388223,0.2514963896682183,0.016593169473421352,0.08520243746076318
U_4450,0.36380886458203016,0.30313141021579826,0.2811573885288827,0.04313778817648659,0.03533029494592867,0.2826733174954029,0.07237571420982458,0.09579016461952947,0.5616511028840717,0.06344000149568288,0.049403788340215575,0.08617565830254183,0.16597286705901743,0.17430226446415092,0.30552651802034836,0.05653607727646881,0.16726231922877313
U_4451,0.17618591208772805,0.38997668719248574,0.8517568422181169,0.02305092277649344,0.20565743884309573,0.21892344715143983,0.08852214698241746,0.08461218334194705,0.08911834813733921,0.04473877067979811,0.040705669998931625,0.558133224785464,0.12377207716396393,0.1551439316222874,0.2760081583986501,0.20143795329568845,0.09387403426527695
U_4452,0.0723206520798493,0.18858868273746665,0.12204174923450678,0.10459985640125477,0.12068322400376949,0.15326314159728477,0.17408580666860976,0.14473576235231533,0.8817804245210417,0.06834965646947108,0.07736479059730848,0.4941553030443958,0.1744311655959385,0.17487676082218262,0.060715230477542334,0.02644435916684624,0.1456198123603387
U_4453,0.19660796401002,0.14884021433191996,0.8150951798812985,0.057443860038896274,0.06376574023513515,0.23808151546445483,0.11562097761012427,0.11687239488083681,0.05301873553037971,0.29739262302301117,0.03873453636310823,0.04440758878372311,0.1288353142228151,0.14999335394573945,0.11031876566478682,0.04099301640982529,0.8569082864816384
U_4454,0.33533380837126686,0.3632036189087434,0.3161333727354886,0.04526282785775454,0.049192186551028055,0.211097227880489,0.07242838665246676,0.11554468960024766,0.05942954715134731,0.4559883191726128,0.06716985391960313,0.08467143419961431,0.18334643900460496,0.17765313225641735,0.3158606833867768,0.05000019689845127,0.11159073459951124
U_4455,0.24223048976779799,0.22293776725899306,0.8335973053858862,0.04764134457941305,0.025713140874594705,0.4270518248361429,0.04885851053095162,0.09639735228204527,0.25516845354690015,0.06458427587955076,0.05534279915799516,0.05896881538046844,0.1412023421294996,0.14817489376634585,0.24183979960310334,0.027567749578479378,0.4014272358776422
U_4456,0.30235275102159204,0.4413933558688528,0.21948830646783052,0.058575978438591164,0.05638062114794766,0.29846517069013806,0.07902980499281653,0.16070358905419085,0.08135057089509073,0.10776010419586385,0.0724657947268432,0.08370813744915528,0.18855982908802285,0.20698194707122802,0.21264299330736436,0.6387152485165858,0.22355173293420516
U_4457,0.037858046025838026,0.05610929878709145,0.8836215613954395,0.09336340219901326,0.17437971011350786,0.10802512512263131,0.14840862478326497,0.16000569272035545,0.10542794135690538,0.18150911618514548,0.18514164313004527,0.19356805013083708,0.13032514862259711,0.12897995964098738,0.05710602736147047,0.34684872917110016,0.19712602274274302
U_4458,0.06485008100945394,0.18846011328377005,0.2226138216841947,0.11201725297926199,0.11947986258682597,0.20974409101996785,0.15747470837836805,0.17990023374485306,0.18279906642917537,0.725767240112123,0.128531295087526,0.08531938436782792,0.1777929255690026,0.1960197151587184,0.07700945692692664,0.029885679455944086,0.7267555219852276
U_4459,0.029124298897493843,0.7292795640959968,0.06200717740667651,0.10152377042489685,0.1712856716600678,0.17474852896466211,0.14363454417706933,0.157800564391964,0.13041199446945476,0.18940337585085926,0.1897683152173537,0.6591059636140899,0.1291065089419811,0.1689749143431003,0.04855800397737754,0.2923864327089637,0.16320084164603577
U_4460,0.06157505986799108,0.10114769827200429,0.5811271459150212,0.0681567496299042,0.07944255531196401,0.2681617387196577,0.6650412698155146,0.13970245198989778,0.6644976427954213,0.07129489863039538,0.08130084548250684,0.4124500114799175,0.16333430214590786,0.15774036274130007,0.08270747340557537,0.03719360832381316,0.10596251606885242
U_4461,0.32819044502639605,0.3195436943153992,0.335878292468437,0.060189161826185514,0.03839148994901742,0.23378017585908048,0.07063252433803344,0.11524080226634467,0.7631346409916379,0.07781311709360195,0.07399959821866167,0.0610269429282676,0.1387310777626253,0.22023662052411414,0.29070818012518174,0.04179874382653847,0.14959407568857255
U_4462,0.5563161826912232,0.2106296366099924,0.573129516950779,0.03331767616155279,0.04510429118756849,0.20275652932879354,0.08213920032483692,0.09400660122978294,0.050274696531621914,0.5240890581698598,0.053832204252414056,0.5332759056766848,0.1444316673946366,0.14541346823526582,0.2306435775907066,0.02206911085436103,0.12968612366811139
U_4463,0.21181075732551705,0.14498111014454287,0.207405501141787,0.04077909411258971,0.05849959828270836,0.5818776973136457,0.12280725692709563,0.12799266984952842,0.09112213627442871,0.060843789106150764,0.05836793415063775,0.8204083321847045,0.1465741810881237,0.14804448797042064,0.09574228601847024,0.24805706215153706,0.15048207415811288
U_4464,0.2435743049938492,0.25318982273114116,0.3660690368208598,0.05920220511193859,0.05192877779116895,0.27956223370535704,0.06143279445947733,0.12198853151294348,0.038959727990460144,0.0462365117970229,0.07659331297912614,0.6222076872439808,0.17105941889095017,0.18534090598718378,0.1851277786608234,0.02177732776712366,0.6312336748656168
U_4465,0.3769538196555263,0.3226338110238635,0.2703861169298765,0.048252948071561705,0.04281491277065361,0.2810071065227155,0.08710092011040363,0.11094590749729838,0.048575654262703424,0.5699788194427865,0.046488853358207356,0.05937412257470687,0.1327221406224294,0.17323269444616665,0.2907819523118472,0.38280356250414216,0.16447301245282114
U_4466,0.03473690505126975,0.09687442353812664,0.11296045954175649,0.09873518283091183,0.15793750983053523,0.1395691466286548,0.12733030773279436,0.5038838548985894,0.39642046000209424,0.17073597211309138,0.22978906384764236,0.282561913180347,0.14084143019190995,0.15478931596999096,0.08111252221800486,0.2570691201607945,0.1644513992775432
U_4467,0.26583542465152277,0.23935077555226109,0.25668299994832844,0.05259155867162007,0.03677476168047843,0.1414268663905533,0.04139276067693951,0.10282726451469296,0.03328419258069131,0.04416457320581218,0.047120620188552655,0.5745337978032905,0.14801657314336225,0.7717949405578425,0.504338364154646,0.029891239863769035,0.15321432234661667
U_4468,0.5554743743262529,0.599387037372098,0.43418138223473146,0.030938167852131854,0.044691052343014195,0.2517107266298227,0.07806533468608165,0.1401891127037989,0.07741609494374461,0.08409025750739978,0.06762398388723345,0.060060285112722545,0.202217823917677,0.27527834720709,0.45204145264364864,0.0939842402565393,0.20607334062519506
U_4469,0.22950073973949978,0.24005801573956684,0.2764574619824851,0.07124184108692182,0.07089896742447055,0.31093566229724223,0.14631795244838824,0.1473549801245087,0.08775321165024305,0.06395826087075701,0.07751251505049869,0.07777203148234196,0.17250678627397895,0.16043271527877567,0.11607296572934996,0.026814991004270358,0.6097220104469807
U_4470,0.033971801672444936,0.08163473562518109,0.07927559752881888,0.10374356117617259,0.14023550895766768,0.6766021066680558,0.1306045461099847,0.1171672371875296,0.46086404770341416,0.15586399893295821,0.14093448813017298,0.21597250848129376,0.12307880590458231,0.1343517881447494,0.07816886386373881,0.6356170561786988,0.12584185110127236
U_4471,0.061385941795286905,0.13636018702383818,0.19729063950651068,0.12875624894317034,0.3883362962067493,0.307290503410536,0.1575836185307333,0.19081874396716475,0.24282116016275998,0.2788719428895453,0.28682774605249906,0.22326718240019816,0.16960184540667872,0.24459396922615617,0.08771034247263895,0.40557266771282746,0.2583715591842845
U_4472,0.1063842520331748,0.21458275895055348,0.2771518170036638,0.10733915072010196,0.15303399591496242,0.2280020860083319,0.16599765136294597,0.17350060609319812,0.22369156959832776,0.08028349046755714,0.10094565197445565,0.7809769097407159,0.20365506865887206,0.2131946838575901,0.11298710524497996,0.04989821721836636,0.18808576499599225
U_4473,0.040655131442687835,0.05016408838121021,0.17759254545271558,0.09692750919992187,0.20948150323599793,0.21232775913553212,0.17275826429395524,0.7873591943087188,0.10358584238489449,0.2325192882793164,0.23044565894943614,0.2167480096836402,0.12588320577332948,0.17817175500033958,0.05303129137307264,0.2917910652322455,0.2292957925539406
U_4474,0.026893079285768368,0.2653934668097237,0.05685682175364726,0.0797727095560701,0.25086339023100984,0.8708775545542831,0.09992122235393154,0.10577181169275227,0.048337001956094194,0.11537333172489056,0.1418139403256484,0.4333084588551005,0.08317968103583881,0.0950862337303677,0.03307746351659444,0.2184080654335242,0.12132618146652974
U_4475,0.19013574554941406,0.14523656604043572,0.53713572067386,0.06980416358302598,0.06133178049438244,0.7430596183759257,0.1747997097729636,0.12151356978013242,0.1292311332350851,0.48115660774080327,0.05696314614429,0.29575654584553146,0.1617191490309218,0.15997707603463956,0.10106846390040189,0.04380204955536646,0.12868696049950398
U_4476,0.27927177403964004,0.27995546803389654,0.268054924457974,0.04224880626960466,0.0370296831814395,0.16998795556410504,0.05249821354921031,0.10422394743375796,0.04301373569080405,0.06517631502632634,0.04941290399326495,0.8232889663276892,0.13912124023959133,0.18807360505692888,0.2624682156221689,0.41131309441234276,0.11978468246993754
U_4477,0.35615455651899436,0.9167759086736691,0.2708601979177097,0.051947577956007726,0.04070763809296634,0.19884401983521197,0.07674542606925983,0.09980804304612796,0.04916746478134948,0.07547200573923041,0.06288806261104136,0.07048399832137399,0.15831626817866892,0.1865545814768878,0.2948144019789282,0.06754858729827191,0.17663621344769787
U_4478,0.30269991264139157,0.24432998269019307,0.739797336432527,0.05406238116034903,0.048426478171331916,0.16237116726234366,0.32544832767087645,0.11153703640064058,0.05138653845649922,0.07919557963058983,0.061557632439642435,0.05014414407528951,0.1231257898091537,0.17187979126741176,0.6589564366043118,0.0291207307995497,0.12297322076715167
U_4479,0.28829974856540624,0.1876508808422459,0.2599541513274305,0.07504915299387561,0.06997332250844943,0.2672841102528709,0.16942660203984533,0.1346512059514687,0.06228353469832407,0.06494969683164716,0.05433328970947471,0.07063874290004533,0.14949274134026605,0.26135179752113075,0.16317201735124567,0.042255211482915,0.7604539356136938
U_4480,0.04487392769092128,0.10350100908179716,0.11307161055161706,0.11169992648758151,0.18250257635693554,0.1680724294050593,0.1655384891350395,0.14271678933101595,0.8543156039758779,0.19720768942984868,0.2078998136432166,0.17264447611818973,0.1122386608716604,0.184960100705664,0.03798761961853258,0.24806130027927842,0.18946370958662673
U_4481,0.2364334994203678,0.16474541566682827,0.250959078926131,0.07260401477092124,0.4024037412057303,0.714891607521602,0.15103429092577192,0.13808238745903595,0.0705994908609761,0.06012205080184008,0.04967809539447926,0.5680975881071371,0.14370416886420528,0.15423479549337535,0.1288029873284769,0.016951956877182355,0.6004962082192757
U_4482,0.08600165974624235,0.24513484472985791,0.7745241713018463,0.09883439255787946,0.1324103606909826,0.13499687844688196,0.14884500233944495,0.17130385126043288,0.21090447086368155,0.07693839386374854,0.07627124160782156,0.6512938618153111,0.19856520295986707,0.22684756225561953,0.09789241654694639,0.03992224232259759,0.15589620586822744
U_4483,0.20946000015774807,0.21022917982155354,0.20296789633003964,0.09116318740819604,0.11182254715683299,0.26276524274230406,0.18568593891911664,0.1726769392830623,0.1806908464000308,0.7305105450659616,0.06625090033317096,0.5931539303583203,0.19256787066150785,0.2141394867618478,0.12323686088874519,0.034897923477954056,0.16675879154795506
U_4484,0.3120316207414953,0.7185077848938397,0.6354603783639681,0.04756259486165505,0.04621514531854792,0.16233707000827902,0.0733885601678276,0.112344036324515,0.5760838738294748,0.0940317864018727,0.05762646797527739,0.05886013158527151,0.15600813028013627,0.17131683705131215,0.26848157298449615,0.03397168749000238,0.09848503557103006
U_4485,0.006383604322335593,0.027101774606720752,0.11204550395469716,0.06704779818498248,0.13297812514214188,0.9084563271818226,0.10263534415892123,0.27510454077075563,0.30296116665438844,0.12026239043623446,0.13310780782013693,0.15312754922969893,0.09213342950032449,0.11625828631714911,0.02783409598008857,0.534944333547344,0.11352859674303388
U_4486,0.27693464667746476,0.2794413336335406,0.2920934626809919,0.036033215783078554,0.05750668750027567,0.25976426644974226,0.10555900650970718,0.11068722323794068,0.048106095324317255,0.06030459131516917,0.05128829425873946,0.11930295261370671,0.12286240775647583,0.21247268614394293,0.15809271256237495,0.512093658856848,0.7264059699155043
U_4487,0.2644156010355312,0.5992025629485529,0.291918555687459,0.033272743929536185,0.03144398431516228,0.15580887525675582,0.06596423801931081,0.11476956698493974,0.08021353283286227,0.06574013027849894,0.05487731479339634,0.7520478017385758,0.1597841379918112,0.17137824047963715,0.2520183043456804,0.03108906424040314,0.10959557919462169
U_4488,0.027388912602850715,0.060604908162328636,0.1025808387774139,0.09910205136205465,0.11581836419011757,0.8937225747305516,0.12167094486985214,0.13435570112679038,0.44151717209188096,0.12616758222839988,0.1321054132759032,0.0809038907833643,0.07602664050018743,0.13064807526678765,0.039527349213930675,0.7236461687572564,0.18042527751208506
U_4489,0.23056685064746174,0.1750360039919053,0.20242757818684085,0.017722715489286084,0.034507931749838044,0.39938849966024476,0.16970814016293503,0.08933641128279754,0.03780144305056356,0.04588605828293486,0.036994828999821594,0.0604849573230868,0.0990729728217576,0.39903505638306547,0.9106313233310327,0.0223907419884807,0.11152318430000412
U_4490,0.14500883239752388,0.42177253820196886,0.4602035078203772,0.013450152911438522,0.11735338390998613,0.5876869524346203,0.3011148309603665,0.09994157934860445,0.4842712559670516,0.03382557291204422,0.030685229617337828,0.4715129090593282,0.13396669567068675,0.13850157422521614,0.05539795748126343,0.09071426979933359,0.08374242986063911
U_4491,0.3721752187173499,0.3532174879950775,0.3253363473015484,0.05593268806252241,0.049653586006138284,0.1605706390412839,0.6854271635517794,0.12802573809439322,0.05881096146366062,0.06392349063318746,0.07974329612296349,0.0694448621448548,0.15022100092278318,0.21121076447003664,0.33744036622889173,0.051122114777376285,0.13019140968456347
U_4492,0.34976992302178095,0.2930768306617747,0.2899853753323396,0.05379055411309899,0.058426238052959434,0.16350639858824248,0.07805539038787161,0.7003041880970774,0.6203972533955259,0.07944753402140885,0.054892059484725184,0.05556722828870659,0.1628214529608285,0.17318628353300197,0.2976605448129602,0.03353255293775517,0.13852473987046793
U_4493,0.06608919078508484,0.7056580882786098,0.12113540398205458,0.08204474646392974,0.10529988097626629,0.19850857683155418,0.18377275816898864,0.13843908150375575,0.6483389602325228,0.1289835570415561,0.122753705354266,0.7018110756247544,0.1761050294088199,0.17162179564525154,0.07415772760202868,0.05430916199931905,0.14986571282695524
U_4494,0.32353319757392496,0.3055461905934526,0.2717902504087225,0.05629326693363369,0.04787729936115074,0.22823987035277746,0.08916960855569918,0.5077629852823465,0.045538414552627485,0.07594166822145111,0.0547264923422017,0.628022287213246,0.12408722358233601,0.20216040151049205,0.5926948508982006,0.02201343893352927,0.13841129280091205
U_4495,0.2720398776694854,0.762037604624824,0.2715023774188588,0.037916750801924484,0.21371006875456935,0.1413358074674939,0.23193096029596635,0.0793208551737951,0.37227060226067166,0.20129929992509,0.04438163907343704,0.064470574786857,0.1316904424405483,0.1496666642838675,0.22550925426791507,0.02869094955512498,0.11744983659372246
U_4496,0.33686458874506514,0.29321571836350063,0.31137620598114935,0.05486327627744546,0.06030690897287605,0.8608225018804831,0.06655171388157051,0.11706787425409303,0.04779430249750494,0.06627205635317356,0.08339604561766165,0.0787148139028665,0.2185761105553234,0.22030812340777425,0.3329833800994995,0.05447717033926863,0.14619374912860458
U_4497,0.10445821448896472,0.12902882148629635,0.09904084965692148,0.1260462720512691,0.1712863357842612,0.1524772695262398,0.9075935685324584,0.19608907535377146,0.0762937836250728,0.0919782076565801,0.09283101141886489,0.07466539172801866,0.13627946993980322,0.15630103240809834,0.08224296479949422,0.34651377493339336,0.20684823023996482
U_4498,0.1924326768097515,0.16475951894901528,0.9440643244031064,0.025050617531931454,0.033169039325961096,0.3386587089810369,0.06102072559980154,0.08543199275684424,0.38237444457197467,0.05264139424621831,0.0423300125087581,0.048481612106160935,0.12100300434001407,0.1354424704984866,0.2149817182599767,0.039656463013681184,0.6307782775522287
U_4499,0.42344096602932063,0.41497927409887564,0.29767897817919264,0.06566354314059225,0.08484604444913553,0.5156554232431451,0.09276721268884745,0.19536542118196193,0.11695781742628249,0.10801063659636181,0.09580522456588456,0.0917075859255331,0.35358599811310615,0.25844069554392163,0.1689224618172107,0.04455716259507632,0.28533718766772026
U_4500,0.31031757899110296,0.2478364987480295,0.7995368523240116,0.039787775490081834,0.034210792251149716,0.10408529862959935,0.04125649395886276,0.08374075622899976,0.031059153076687968,0.04350947715652438,0.05673779096183401,0.03205347814502647,0.13033570521900145,0.6625922824793047,0.5551677649258043,0.031205641573517254,0.14113665781831014
U_4501,0.10515662328066372,0.2433095828919744,0.6399529380358182,0.05299372710041454,0.07496122251317383,0.24349335442255976,0.0931467500605448,0.11708307519072361,0.09006159928101364,0.09273181364046833,0.11636472209602909,0.8055636948195051,0.1495080115564389,0.1532516527703131,0.049642837564797225,0.022984263136744537,0.14097926691451546
U_4502,0.0679722279598767,0.19351401951310537,0.8455573763409566,0.10531298361362357,0.12107837069196631,0.17565220870677117,0.2452040333362085,0.5617758176137426,0.1917108875019994,0.06453432083960442,0.07228300737724187,0.4602733762175651,0.17325051573602593,0.17035380739772335,0.07070976086136861,0.033806054809609846,0.15004137158252276
U_4503,0.2390642034337921,0.24787732225076126,0.2638430505307082,0.040587911210131826,0.051154640826039995,0.2944666452084818,0.5595791536423708,0.11964289114451482,0.08969714397920614,0.3639164007520549,0.06633382906710575,0.07286689297647382,0.1583539142418595,0.1621675328356253,0.1347436742306871,0.029089623515307188,0.5214160440862983
U_4504,0.40631314562892323,0.1721291384508121,0.822145533893718,0.032503312418537406,0.018512501888282296,0.2046255065091997,0.0364647924905138,0.07373297644371746,0.03810723403643154,0.21545965498280115,0.05586976724422735,0.5536189073864712,0.12857678951429938,0.6243984520168878,0.30778305942498485,0.018258464049661024,0.09883966285564783
U_4505,0.18601541200772567,0.1876906648903949,0.2680470618663763,0.06203690852394582,0.05712593240769408,0.2595235131476025,0.12982651217872154,0.13427268731571204,0.8036869843843171,0.0456363547873542,0.06583569474862894,0.07125663296306602,0.13504987993894246,0.1386233416028367,0.08894324282033232,0.037553169001169104,0.517324671909112
U_4506,0.2115461003058087,0.5986699878952735,0.19585362464399253,0.053678924063420695,0.055781407637648314,0.26707574390404565,0.11465174374016728,0.1297931244299669,0.05034433197074766,0.06489071418097858,0.050431318774065745,0.053418236326174026,0.13912308397615566,0.15722485976321482,0.11193697035639995,0.47202345889686886,0.7804292480331144
U_4507,0.2595880602732431,0.2818460945232126,0.8280932752347852,0.04511241082003509,0.270829534974459,0.2215280908298834,0.05945843796687132,0.19994654191845793,0.26153488967295935,0.12222828321721124,0.08647958609882075,0.2853073578150982,0.1500311514747304,0.1435489351728812,0.1637630521106817,0.015505859032307896,0.12767445799835797
U_4508,0.24596098342992512,0.23426127079714945,0.21796158613500555,0.05043119363199263,0.0476840476144029,0.2725156913824455,0.08144955862540308,0.13545553367104102,0.08081569714974729,0.37425218164760643,0.055082888654498174,0.6740051193784317,0.1589686226629215,0.17431903347556577,0.14056403485785735,0.035889862651892424,0.5938230623853136
U_4509,0.08555944192964127,0.17027375809913534,0.24894763374044726,0.08170431925208345,0.11380789493057895,0.2044812400303979,0.1384401278201506,0.7346455938836177,0.20204108250819663,0.4977710665315951,0.07781512691687333,0.08686765326393502,0.17189344831590456,0.17843471936757946,0.058405400611699965,0.04557963578613172,0.17712326535235628
U_4510,0.24875773735690898,0.1788185255523432,0.22394367626139722,0.03164543878994869,0.037925602020744194,0.7237169899492687,0.09428653127915247,0.09719543292357394,0.039205081206953964,0.048965578822351793,0.04848893060798462,0.6293800881050297,0.11500437087703333,0.13532558705388575,0.2253890549302507,0.1376899740238734,0.5830125740183881
U_4511,0.04969760670947379,0.048136470032090026,0.11182814309065495,0.11355714842202677,0.1797544103956751,0.7146058826242887,0.17518237157142919,0.16333885915828725,0.10409345651557883,0.17801513763876659,0.17353597473916418,0.20639106430524914,0.13106185350118502,0.16050128238871866,0.08555125985655342,0.3650253660241608,0.19892521834901597
U_4512,0.04131177015418059,0.0603314130481781,0.17130700508245839,0.09492237935784946,0.1477942434582852,0.1988300334276931,0.11954952059298643,0.16345374616121014,0.11489391864333044,0.5944878195028777,0.20581953289744467,0.15045475600142003,0.08708568746375156,0.14861778039183246,0.030762817495701818,0.6597980108894116,0.1627867926692099
U_4513,0.2825644139649792,0.2831615018908265,0.2908968667004105,0.028595210902209914,0.04113782745978817,0.2821559326383868,0.084909247084144,0.11454616100042041,0.3741176610347623,0.5667833382282403,0.04775445412310342,0.07375602595104537,0.1576603858562593,0.174005902571096,0.2757278548720323,0.04766162315659782,0.13825293341640535
U_4514,0.5523831963262414,0.2353022562617385,0.5259861881085115,0.033456081356205425,0.03886661771923633,0.7746713214218911,0.07963477830676376,0.0841881518188313,0.042990623220778706,0.049817880593848174,0.03265642345165779,0.409300028756579,0.1069152192374558,0.13602810861423006,0.24112805433014955,0.03648281413207266,0.13514778157577534
U_4515,0.2986462841515914,0.27481727365576897,0.9564863922039918,0.056005581228281545,0.03129324752187937,0.24533899706284668,0.05238734198518016,0.12011814403537771,0.04565107111431608,0.05800098027828347,0.06278001064430432,0.0712203942553939,0.11976899269307353,0.2045158598452072,0.3042670022238607,0.04684680953566758,0.14885141695061319
U_4516,0.036936990545828594,0.09717726559736363,0.1234483971841627,0.10823965760036007,0.16385756003246393,0.1311931277393815,0.10944115661723482,0.720412301906525,0.06476640291187394,0.1315161317064557,0.12392306128412342,0.11312916318127682,0.07583189627088428,0.1318106058162462,0.0785879479697696,0.9422265158813922,0.1679828210824634
U_4517,0.13844048642221518,0.47587441520231527,0.29269471644477624,0.06776609682153625,0.11195979341587504,0.42368071034014726,0.13798879773622613,0.16489920871785577,0.23323085469528743,0.20301794585501856,0.19951970638374883,0.29348030286820653,0.19487765234813414,0.27664056244538765,0.1445546629936219,0.16738255381837833,0.19968713068489913
U_4518,0.3476851644155462,0.33303348915168784,0.3241358637894147,0.0497836278798664,0.042161671581479716,0.1743136510343998,0.06989782220002597,0.1268560004616476,0.733078401162377,0.05365388116267755,0.0677461185288971,0.07102149077918284,0.15275658430264927,0.21121550188793253,0.3634406145521662,0.03653213809703613,0.14855849446805985
U_4519,0.2907912393217562,0.24702600748330472,0.968111428193865,0.04688308363593988,0.04006723021810506,0.2564047159420524,0.06830870259645501,0.12012582216036058,0.04964374012865623,0.07948589109405979,0.0665785960362903,0.07720724426179906,0.16220112476152485,0.17500036414985062,0.267083720693657,0.050105109196109304,0.15399545782305346
U_4520,0.28919791362285613,0.22551139723005245,0.9540011485126251,0.035292848119441785,0.024175857498330393,0.1594604548730833,0.06157375581997655,0.09304183976013407,0.04726306202887426,0.23928768365887723,0.05709391031692086,0.09145587335238711,0.13300472420535725,0.1529340108156365,0.231601944917378,0.03584641938156293,0.09928086888015734
U_4521,0.3443099915625417,0.2760508682189826,0.2970562854785857,0.03532058901767257,0.06475733590759575,0.2477223127403949,0.724186401747844,0.6048047128759916,0.07170364518028509,0.08848138537607043,0.0677659311701417,0.08078796937085399,0.16451970963021287,0.1788665563914744,0.2760689721024885,0.03366549289872369,0.1320371260145957
U_4522,0.0766768042148034,0.10739803332039258,0.19125470303063546,0.06497436593459939,0.08638430941644473,0.10666359774518522,0.16730536928741296,0.6243471817335992,0.49574500552255096,0.0946349876217241,0.10145128562296163,0.6775874792192826,0.16798457514855664,0.15149442606346578,0.08522775716985377,0.030287443967733557,0.1667979789469779
U_4523,0.310792699850032,0.29459461722802355,0.875135803076713,0.040962673151796594,0.0401629216296392,0.13806931115759088,0.06814961816536355,0.09356504673495082,0.06417912596870566,0.06201267293445764,0.053412325055643986,0.049800513562017576,0.13107761821660532,0.15748911447525485,0.25927457589634173,0.3823683656403055,0.10958840206405512
U_4524,0.49946199975155836,0.5105747387753634,0.4780144258291913,0.040462815516847814,0.07004714979742205,0.3218908641242561,0.0921050513309974,0.14308297466691977,0.18473290738752418,0.09048777022294421,0.08592318321833198,0.0777955257028493,0.28655634163265625,0.2813308670659672,0.3197994847448246,0.0455946802693952,0.2090918229364419
U_4525,0.04556976244424648,0.07240346198665393,0.1311476416832713,0.08110752078870828,0.20836318212569566,0.1883294482985909,0.13153177355140241,0.8326579411349401,0.08172561898656988,0.15656288278818942,0.14486161969177339,0.34873453084556955,0.20013586447725165,0.17913406823543448,0.07342626800326185,0.3536460774964935,0.194896406796294
U_4526,0.35776642916002704,0.3293758113599127,0.316900099603709,0.05410117913582016,0.0445080070784067,0.2195961010917268,0.7007678868871453,0.12716221890936297,0.05696762581748431,0.06332464985958963,0.07600379102647228,0.06886365079455381,0.14826854633481043,0.20913450987705529,0.34164373572708784,0.04895929031678357,0.14570087327706877
U_4527,0.25191751479595725,0.22498074424118858,0.31361101645483913,0.07463711229001568,0.0850790964128346,0.26347279675474156,0.1777236595321389,0.4605831893992546,0.049911511107356046,0.4715309346677102,0.06045427040870946,0.05293307617133056,0.14083402046361648,0.18943212977459356,0.25801708236308407,0.02975155025234847,0.5930258515894726
U_4528,0.20171400432793177,0.543733031822592,0.2790363491364684,0.023220594166851485,0.017020008600988717,0.729465608967365,0.28384986956693864,0.06279742646380143,0.08254813045199327,0.15022509513407464,0.024361410968590277,0.051043269531394375,0.10016788353900435,0.11986419253750646,0.10824748394754254,0.1351758084574559,0.622609720456425
U_4529,0.0819982705181107,0.13462975592975923,0.9066003814939968,0.08337815351015808,0.5102561019556285,0.1715602067628687,0.14586079296361112,0.1161555155602803,0.17190495760513416,0.06914977257751447,0.06435369750974282,0.06593541850894077,0.14950115676053355,0.1571251034899329,0.0636710975685208,0.039754062080794864,0.1355733479884916
U_4530,0.2416896008169256,0.7100552223271593,0.3886584210296365,0.031196106790677407,0.3156011172033334,0.12138963862419475,0.03472617057662933,0.06948471881732825,0.021081001529557136,0.06137548441690602,0.036950993182644595,0.1817704983582834,0.12239286120629692,0.7977166974829529,0.341554792854159,0.20891979178466827,0.08261444149284003
U_4531,0.4081794289549061,0.2813239885180184,0.4264605070367639,0.09762569113739589,0.09580146000405984,0.38309469725391454,0.1758034490007946,0.19287761642847362,0.061152931805442776,0.09197788542151218,0.09462706060634773,0.08512771755455617,0.21927133529497145,0.22651857159888752,0.43871044867725567,0.046007629723252966,0.2560732943337702
U_4532,0.31229204076432765,0.24174717897648398,0.2565034865554236,0.029211492699580323,0.03132770339763867,0.1513896764448246,0.2599533126758484,0.08854940294845978,0.04721947552120066,0.058619037930552426,0.055606017507436906,0.7641355876194215,0.13116486978311775,0.14088665282434315,0.2814720444013897,0.286840069642848,0.11516260677342267
U_4533,0.040378075934445444,0.05833035723055831,0.1626879529656451,0.10017694194401643,0.17925935325740597,0.10927138082937812,0.12148489754193115,0.14133673633536042,0.7081979708887998,0.149650821632916,0.17352091901066305,0.1444821523257101,0.0998593234932416,0.16113693364129253,0.059901829902492404,0.8442241825969001,0.18400747637484977
U_4534,0.1878041005304329,0.6485206605987579,0.26522584053241627,0.037597770480241335,0.3971051686768302,0.42150596917706334,0.21195682434303373,0.13673272659261793,0.23740440551921696,0.050120320307572755,0.051863879027866475,0.6275908373221787,0.1401371471527535,0.14486564653624162,0.18514579260558633,0.0,0.08700102993657885
U_4535,0.02943537125767301,0.1575769321308953,0.10470503495102851,0.10865655017964218,0.1920271556188567,0.30053789814580306,0.15376987605503398,0.12488499046252721,0.7413329445208715,0.17490961859889467,0.1899257176375681,0.28744294379895785,0.1553029502980196,0.17925778465659564,0.07581602427278632,0.39848969231496867,0.17454180578494904
U_4536,0.004405814742539314,0.8677810060691918,0.30389218294219045,0.06626954042087817,0.19284943974393345,0.1078797939429861,0.4535096813370555,0.1791200559546918,0.09563361819213669,0.15501666303270936,0.14678974815709195,0.21693254329314637,0.08799531855180645,0.08934484125030476,0.03455939311743356,0.2857103554490958,0.06454382679866442
U_4537,0.24853136982840363,0.2631690047015385,0.2697132927387236,0.052491249822028865,0.04572505803993261,0.2420865647666166,0.07328134142400142,0.14332595217477895,0.05677197937800972,0.04454210175454465,0.06239673082504943,0.6021103762403166,0.16032730574888426,0.18706724068984362,0.20723328431609966,0.023109514751486777,0.7854626756850548
U_4538,0.03408117243238461,0.06057252735835189,0.6063020541744693,0.0686302016557816,0.12390975957139289,0.1480751605450284,0.3647752542379624,0.13278905583913295,0.6235677032637863,0.1468748457547586,0.1328944434925716,0.15137912686950122,0.1077774158641361,0.12999907304492953,0.061516184586546674,0.1746737706915547,0.13189070478919596
U_4539,0.02972530624645104,0.15623451246810985,0.12365781664643408,0.105745038219754,0.17236056053817891,0.1432454507775028,0.1385410928894849,0.12876001815009896,0.10051263394639033,0.16645934947471128,0.19920679240432734,0.9447969282726122,0.14579176460381402,0.1686270788977058,0.05650857236283885,0.2807368619611717,0.1942776847353801
U_4540,0.031112136352494463,0.07652340262097242,0.09812511417580111,0.09582184260097226,0.16721720613133478,0.1468858987506618,0.11225060456417829,0.1289581512591985,0.08253359264575509,0.1316738786094087,0.1525987059250645,0.7512957303510209,0.13381213814097195,0.1573668865194696,0.09310741033390693,0.9323312238084742,0.17121362021658493
U_4541,0.018266128533968466,0.2621268078286644,0.1273339963912584,0.06647668947738747,0.11002017845906269,0.44933496669389916,0.09128114693095032,0.12189753120291502,0.7525392824850551,0.0915929345763829,0.09767708095244781,0.21396182816821735,0.09947013641614894,0.08424712873132685,0.04419744435940152,0.4196724749819261,0.09478403833978602
U_4542,0.048543111296800306,0.5037507330531763,0.1652933505487142,0.10892885726710878,0.14167945868747162,0.0777364972256343,0.7758851238302943,0.1677442150143784,0.07578895216935472,0.15747665678183576,0.1635211782319149,0.1359584973978918,0.09763395015739626,0.14576711057268793,0.057648937601562145,0.5860660080893733,0.16647159375180592
U_4543,0.2989414354692062,0.32211579798492607,0.9045684128063277,0.05829345829803649,0.048690435548517694,0.22637123071897172,0.06955252055993605,0.11599123967701554,0.0448634365336719,0.063235401113225,0.0799739261697684,0.0635493633903248,0.1431299545393341,0.1920957355737476,0.33242383025592526,0.03976690238210613,0.14245074680496397
U_4544,0.34914765988240526,0.9112382846375245,0.26152874810978616,0.03718099018854883,0.039802638516856226,0.15901038671871812,0.06665598695025081,0.0970758594360187,0.5648009486011334,0.05219830576257224,0.04660585846729835,0.07808538535824394,0.14564443351268935,0.14669301813823205,0.24010234709211667,0.034659107466400996,0.1071389068284155
U_4545,0.14220803940170051,0.13170456368797187,0.22817329109034662,0.09199439152243435,0.09224149019909283,0.212363304067063,0.6325122859320166,0.158435132196719,0.2106620372062631,0.0916945773247488,0.07661081587433419,0.4589029083770263,0.1837413437368914,0.1768321802355141,0.09662528067442043,0.05945055747570807,0.16216503391124193
U_4546,0.23909551359808562,0.26293819031272664,0.2510965017249762,0.03242863668845814,0.04684919139484785,0.2884184063171506,0.07248129825234643,0.11317781559873401,0.06109878286500363,0.6569997201909664,0.03892117502570415,0.047004329859791354,0.12220978546086847,0.16575906095471607,0.14144679831005286,0.30035550111749754,0.5635006858641415
U_4547,0.29761571215613974,0.3041000203337856,0.7989544437661877,0.0413250882458504,0.0508973893929417,0.19942415423944532,0.05952618893046241,0.10532562209137011,0.041377028925225906,0.5632543091033232,0.05352032680831896,0.0733584928667691,0.15274082764329092,0.172167593162073,0.2968976214478443,0.03656826167157424,0.1374907321788808
U_4548,0.06042831742525254,0.0762799364990761,0.09745639327411931,0.07732542428124063,0.15622088719325103,0.20648022052235698,0.8612208202008216,0.16414536548223255,0.12227678141642462,0.23815151823255185,0.2290923720427225,0.13907192548332553,0.11347112769513065,0.1673312361135808,0.07379573551028407,0.35782584412683305,0.19371430544963106
U_4549,0.23483226306949703,0.12440890023657974,0.5480485866748164,0.052243508811899195,0.4623151189017009,0.44955781284473634,0.11744649117631382,0.06362067263039117,0.08634356690650896,0.1291963918108674,0.1219189982175265,0.662839878655843,0.11905887985709399,0.11531725156239314,0.03814437434594437,0.42319845024039415,0.11576310435213494
U_4550,0.022847825024969903,0.3542832525615318,0.29758494757808546,0.05072185209183593,0.1187744972291001,0.3105655046288074,0.30826294530405396,0.10635066163214685,0.07755109773227672,0.09428411607920496,0.1458359877523526,0.8902974478690029,0.07410079161027316,0.10279992196896742,0.029684756522392802,0.20156058263721882,0.10478924194149307
U_4551,0.23837079507323972,0.17533383675149097,0.18334645559585472,0.02965370176547441,0.14717081386309833,0.2628925976018007,0.1859537971187028,0.06572477251382303,0.2305600432142865,0.03885395487818459,0.030495260012347827,0.483840905146446,0.11070206772827808,0.7694493752129171,0.7578906848732331,0.017769609927544297,0.09803961156062344
U_4552,0.16770343976816093,0.2296191413655233,0.21130663529766086,0.10273754541603188,0.10898185526714002,0.27632843094122095,0.20974877951065168,0.15451916611431032,0.18369596306194913,0.07798314186014113,0.09634965037201967,0.7649362547700522,0.20635611196341438,0.20485762652060005,0.11623225193014566,0.038645706564509,0.19630736983299887
U_4553,0.2562682758167531,0.2275936050495478,0.2506133165990504,0.039551003536710906,0.032066579475017086,0.15153529693901413,0.24479319713295578,0.10768404357264089,0.29374965001192566,0.047526877375851484,0.04808861116205723,0.0731487933200092,0.11800060120903261,0.7388586012783904,0.3818463471217739,0.046788521675466786,0.10969140893644552
U_4554,0.5528189997092888,0.5039751193578943,0.47287495957658016,0.03072732920981948,0.04667861342260654,0.4862186555271181,0.07738953095430674,0.1444332128842094,0.04748631532140795,0.08317171656155789,0.04964704502460063,0.06511644462476904,0.18534460976755895,0.27293451853107775,0.4813095625648293,0.07282268027133798,0.22791112641077255
U_4555,0.3865018264050529,0.3587378883132363,0.33716046816442485,0.05553920624179051,0.044747978097605855,0.1759509489404807,0.06978536247166281,0.8275420303059108,0.04321681056180862,0.06696668105571686,0.07314494066040711,0.08771224017028412,0.18984255285055893,0.19151501421500863,0.3206854485050291,0.052975687738333346,0.19849479629647504
U_4556,0.05701115750967585,0.15806518739766592,0.1922292630215728,0.11782046894185269,0.14735386179410945,0.9181145325092653,0.192456099818147,0.16726889641776954,0.21203265748675726,0.09659000719511975,0.11211498451430477,0.15312639146291135,0.21307637996843395,0.19528285576541343,0.08847473111997076,0.04737719714685231,0.1586467383281614
U_4557,0.10010361650744638,0.12218358542351798,0.13780228023127938,0.17048659624754067,0.1743229295932294,0.12593039627889113,0.7983932430242046,0.18460656059475636,0.06023554454054994,0.08180727591792777,0.0984515820520965,0.07194280750246496,0.17060287548968942,0.18834209700816207,0.160413596677858,0.3922109576953248,0.21450159943605882
U_4558,0.02882906775993551,0.05626615923133908,0.11124417726989705,0.09643354935831723,0.16953965548015146,0.1474984247564387,0.7605923183411709,0.15571274658064974,0.1358646744453289,0.21280264298464,0.17210113560258516,0.1616287590021099,0.11023138947620602,0.16796757154115735,0.04645497212059899,0.7460604476632526,0.16780959212131613
U_4559,0.23303732698617868,0.7505801326322009,0.2494775749213653,0.047354121547038275,0.03586678082589225,0.17653966823210757,0.08111182222010813,0.12538338240903726,0.08957608844450606,0.05803497236019242,0.0738755037549324,0.7285047166116148,0.14589469256455592,0.15820795664522272,0.15479618099002895,0.022568995251199785,0.48706489834985445
U_4560,0.24826266241880646,0.38802218774351177,0.19816047964369565,0.012743477658326365,0.020458088057894872,0.4031525514941492,0.04292950633095877,0.09603096602222796,0.011597945543958658,0.14075197579253876,0.03990497256650642,0.1347745400468244,0.09599614794139462,0.47449000712661876,0.8936800031606486,0.06787469859846684,0.09073265889036704
U_4561,0.2508353655374695,0.2871282470302652,0.2656681245057908,0.06680104270450724,0.05181996959246047,0.2894147496279637,0.08500202698636336,0.12863877890265615,0.08066100851678076,0.05712773705239975,0.07396841492722228,0.06514618362297614,0.14167233387864214,0.1741251066286788,0.14917778519671845,0.035510622240341475,0.788135706745405
U_4562,0.1591355346451863,0.19283143157284788,0.8528610924845986,0.028378436030811277,0.035774090342505394,0.2124565081183086,0.05990527061911746,0.2255407526089943,0.2206393815656169,0.2467253281697877,0.04560515234885456,0.06424040263771358,0.08842823593251842,0.13118693704728956,0.10228664507915157,0.034948282662478354,0.5464684316343507
U_4563,0.2536838635052654,0.20073008477570728,0.2261381056011682,0.03035423955640719,0.02132528342695491,0.29984513172365995,0.040807074644307884,0.31730669258420546,0.17473507625305063,0.05446549863708077,0.041116211444932896,0.053167275019855256,0.13296051862172736,0.8320074273495162,0.7218722177552755,0.026008794682692404,0.10488479863248017
U_4564,0.4784094705013867,0.23658434962644484,0.5995879121920942,0.04273427217777651,0.040493580410584915,0.7087099990198092,0.2675511024668431,0.0883841853630716,0.3878453070475483,0.0453487356416648,0.05627124106906678,0.29857718135296635,0.1391190003304616,0.1383706967395213,0.20233405835219007,0.0137560867172263,0.10570469856177023
U_4565,0.26301009278212,0.24355117398297088,0.2505223220777677,0.03345956084086967,0.04382653490607015,0.1085623047783574,0.05381964271699127,0.09457753987704418,0.32384269257882864,0.0505979818340442,0.047889338543740376,0.049744574072023616,0.13188534675230784,0.7225224917505361,0.5418368182153281,0.028916290856872723,0.15988303380698649
U_4566,0.18575563547114055,0.1530118880863748,0.5847749211866811,0.024984186994297115,0.022296136228060787,0.7027400169850416,0.16178428292393618,0.10213268047877659,0.1532579638678308,0.044062546442753425,0.029018941514566438,0.4777434350851707,0.11420692728987776,0.12525005683770637,0.19548993459193037,0.05456523110263229,0.5571694243109928
U_4567,0.042695768909381565,0.0435032763212395,0.07728104549350892,0.09905818642805647,0.16244977369824912,0.7553295753176373,0.13719593823391077,0.13515900041857704,0.09324209008347326,0.21032184973682702,0.17331880781662304,0.19389540480675746,0.1346499591260809,0.2119356248084255,0.05901352265437815,0.32990066842118443,0.16436228126089006
U_4568,0.43020550840064287,0.08050414273951742,0.47548698460167943,0.09202543061789813,0.1067343786665774,0.11630043181393881,0.17252852877591812,0.14047844244618482,0.1870099527485303,0.07654272391922168,0.0874324207321685,0.7980609960898298,0.17071312784960788,0.1539005529700045,0.07323695477678419,0.053148409703450444,0.15117204677150353
U_4569,0.32980409955661577,0.30532634118816404,0.2619958295629331,0.04792570926475606,0.05889334247510346,0.21569288117269572,0.05893811263438939,0.1336166041861691,0.7778241995648273,0.09528584710028737,0.0651300258859099,0.06618613624791564,0.2021553131534531,0.21249448092607665,0.2085526720678657,0.03228175228531694,0.2957681163115597
U_4570,0.05050032350853039,0.10152900659016768,0.11675110150701584,0.13892401111346903,0.15121542572405006,0.10540397855981128,0.14037816460971855,0.13668362767723347,0.6714250119440018,0.5988067302277795,0.09724583513742996,0.5846745988004851,0.08391363793261854,0.13619788315928785,0.09939612261386134,0.3660175755977868,0.1540546132154495
U_4571,0.06519183043929572,0.19303346217015427,0.26084909067157735,0.10209060269756667,0.09743375611301194,0.19551063444185723,0.1359392209288069,0.1518125892364875,0.19633116956940683,0.08741332009783467,0.10278058676649798,0.5823273934856371,0.16569494782338043,0.15463521090345408,0.052145103369332646,0.028656188105545412,0.5695907339355323
U_4572,0.05555442244660026,0.04563100282217737,0.727404384118298,0.02237769487217252,0.1985398283719364,0.14635017057630526,0.3309161682397957,0.3171143693216351,0.18242549548723508,0.2553106924827204,0.05795838546495549,0.36994772897503553,0.15375183621029553,0.1209138063821808,0.03779056814735254,0.12258870158648799,0.12314540193953935
U_4573,0.0625377188905594,0.7283626987830979,0.2443777463924256,0.09411841665838203,0.5649624844088624,0.14057625196307355,0.13857518799383975,0.15474176022052732,0.1677061928478811,0.14160099356701944,0.12765005296282445,0.08863802205690542,0.16957719380033,0.18252956486848101,0.06831262486249501,0.05177824119927203,0.14925243946106145
U_4574,0.5330349948982958,0.3251068597827922,0.3203835630130206,0.03612455734011739,0.04789802012569437,0.16298648329239795,0.08708765202394197,0.1107698965166026,0.06291906057870811,0.07749610359880608,0.057063104595192746,0.650665569513127,0.16979449656182355,0.2064532893971557,0.29893619722273224,0.05024090537449281,0.13788896619282837
U_4575,0.39934051457653397,0.30934059674942066,0.3153277620308794,0.04815448828113184,0.06010261465971414,0.16264982107773468,0.4278750501297037,0.7520880033034726,0.06512963872245373,0.06513153663622645,0.05744271047415679,0.04777215603571034,0.14289792559100148,0.1738749015393265,0.31002006791005915,0.038250184161724245,0.1375816627244697
U_4576,0.365960895505803,0.3144631761296434,0.2681302076925207,0.043221355463985325,0.04859223259298767,0.20988157594546902,0.06410241416824997,0.09713771245255397,0.08066283782794566,0.06981098515726009,0.0517528813259961,0.06182727494906608,0.12707441301002664,0.1736834044040569,0.26880396433303294,0.05241013562243049,0.7937076522410993
U_4577,0.24843821745200706,0.2747969236895177,0.7431678000460991,0.04485546926190981,0.5033190135677861,0.18378340183760633,0.0937691901120283,0.6721259901738793,0.1524704757855535,0.08169630158838738,0.08113102647413532,0.08223474177027794,0.17244740445302756,0.1866010477210352,0.12024384393729723,0.02869941710459198,0.19483636686938732
U_4578,0.27945070931180316,0.26202933474065887,0.28379834458118813,0.04075418861059321,0.03511705446897459,0.13565246382599175,0.03971646085995875,0.09890544379434196,0.032650277219634385,0.34499670757831663,0.04433448477797315,0.03579326149520111,0.12715770109290198,0.7141307597476189,0.6608347706741692,0.031172974588924637,0.1617366806122649
U_4579,0.38086214066634394,0.3414410083187327,0.3716241021695683,0.04782121423799003,0.052710087252838225,0.3280639013806016,0.1016557515409077,0.13039338816426455,0.06717623662737124,0.6796902584248622,0.05972149217634258,0.06614700783477438,0.16709810574948591,0.20196082125479306,0.24716332802716262,0.04330886671761524,0.18603382158845683
U_4580,0.484159879964829,0.5045253533858978,0.5014423210818061,0.03172210768435891,0.05197001723820305,0.3001628545597583,0.09093413619700907,0.14808290450362563,0.0699790648087136,0.0726791038533052,0.05488490886436874,0.07876753861269162,0.1935221188636271,0.2725773260205484,0.5469296427464081,0.06882933684151535,0.23418752148277144
U_4581,0.10494655293031552,0.28425762746906236,0.15752742061802943,0.08049290778085899,0.1025131193369281,0.1590056020288478,0.12169988464838633,0.1313027467445382,0.21376801056281794,0.6740890327587292,0.09520933127171981,0.10000502893212548,0.17842902195165755,0.203003096492113,0.09116030853656562,0.03231642590288501,0.7903985416658534
U_4582,0.389456690449244,0.4093969979690887,0.37505933264899594,0.053116652445262716,0.04974485846286263,0.2680702832040269,0.09172705726209053,0.14209550289597403,0.07492863578605559,0.071540327587928,0.06930211713156784,0.06726622963409355,0.17961033393783501,0.33695583831565945,0.42506777679582153,0.04267454725904087,0.18823486858229943
U_4583,0.3250789819112407,0.3042479554743278,0.2980538512155166,0.06248121392731815,0.056765076204507575,0.8594547120356164,0.07913259242945105,0.10047798154732923,0.034420874635003915,0.06122985674397824,0.07635503525619028,0.07166858093854743,0.22985310254728664,0.22273085768981088,0.34908217583842416,0.049225720616599564,0.138376354704791
U_4584,0.3492621632412085,0.334468947368137,0.3016186695694558,0.04407446534150872,0.04544393049941472,0.15169321109791867,0.07750194178897787,0.10665055892540518,0.0527187309125826,0.06820576958660551,0.06355920823921009,0.0806255449476682,0.17553598933953246,0.2163724858256108,0.29359836038151643,0.741408929240853,0.18440270217710542
U_4585,0.19786179856508757,0.30030390181060124,0.2175006673020411,0.06079458064287058,0.05672954501434509,0.21908898712301958,0.09049494668965338,0.13628773229872246,0.7041271384205939,0.058757777261464694,0.0856988840228643,0.05983409552989702,0.17653595726723606,0.2846935988011972,0.11455538095017158,0.027673017329695106,0.6733544535864878
U_4586,0.06805963940938667,0.11712756495907481,0.1678549782174047,0.10273918991956682,0.19155101813780764,0.2521860824009873,0.14362183486239946,0.17817580473750488,0.13207104069449146,0.21407138806989603,0.21822560728439125,0.26729968026973716,0.17369784329434484,0.2543179185163492,0.09251177977951566,0.6832934179535818,0.25482051674662765
U_4587,0.03198080176535058,0.774715220483773,0.1578811641629149,0.09437010770572007,0.1763073572068055,0.11746913099177675,0.1292039463564362,0.15966784571309653,0.47657886833819546,0.18552822563034396,0.18478616608919687,0.22694813686702583,0.1299746336855899,0.16185027774694005,0.05239789799963126,0.4445079011512855,0.1873221011084074
U_4588,0.039561014850380105,0.05487642641098922,0.10593423521198597,0.100243059910304,0.1811663253215858,0.16836848097558205,0.8534778170051887,0.14739468483905294,0.1091929510210444,0.18598322821240298,0.2175835418544124,0.39919745310190174,0.1564144371775773,0.17962728301506314,0.07736146602043412,0.3599384361036906,0.17242154785302766
U_4589,0.051358016271587176,0.17093118248657793,0.16641388436583943,0.08909719357460062,0.11595262272620149,0.7207518549971328,0.1774258636054853,0.1601500976910496,0.20372861035005585,0.07825653138619716,0.0893459015571788,0.4809021967345796,0.15001096778888434,0.18186218699797385,0.05683032294757881,0.5862216777072708,0.14812010781665563
U_4590,0.564528269342877,0.5952217586751605,0.4698382169766609,0.03095929040605827,0.043860494365101706,0.2577972791425905,0.07450555785107313,0.1568554724358619,0.05127816960553944,0.07102366921591778,0.057239355843925116,0.07037555194832092,0.21970773416892367,0.2779083833351263,0.4910180582872009,0.063067645962703,0.19779800744857368
U_4591,0.0314833698990615,0.02648280414881205,0.16256863619494122,0.0694597803431409,0.1415142235490741,0.25411224654963044,0.0972488309433257,0.1379375409156054,0.7114262633246402,0.12242114813476218,0.15132311533913057,0.43443917313654024,0.09968744182584034,0.12896094571006309,0.06569382870990687,0.6801577524165976,0.15687156932191054
U_4592,0.34541234214278815,0.3164268863301394,0.3072543660882572,0.042983517236337664,0.03977222879049025,0.2621528480101559,0.07724482736079785,0.10356330676048288,0.0591521640062298,0.07091186293516374,0.06544892974806779,0.08844171991009203,0.18037875225808886,0.21386265924281045,0.28708604487781125,0.76377693828471,0.17102574034245674
U_4593,0.1450023798789955,0.16969779307625546,0.23249691990465693,0.060675112414497134,0.10217007627668138,0.24124933150136602,0.12981582905927572,0.15366096752429712,0.5744367746917852,0.09113395538381173,0.07417162850526779,0.8575386262096352,0.1961918101379979,0.1679194291388332,0.07856750097273194,0.04508601151338235,0.16578053583934432
U_4594,0.1914112583512931,0.24412714187019502,0.2065852787861617,0.02877641953259022,0.38223259954544664,0.1702916003976887,0.07499206593736576,0.10301562847812765,0.5575715889743049,0.30804105977173474,0.05349340494534299,0.06876898564451395,0.13811825417996615,0.15094740479715135,0.07933520552594518,0.5366334210333921,0.31972503906617383
U_4595,0.13662322181496453,0.40961875313950646,0.6547163040473873,0.05109362329400249,0.0784593196890383,0.5028591438917143,0.5419327145247053,0.17048940470148274,0.09632615763840005,0.385487476666579,0.10768970710266927,0.09953288389983732,0.14432034330875998,0.14909187450389322,0.09032191615113923,0.009088429553773831,0.11241583712459827
U_4596,0.02216454457657609,0.055499758116475714,0.5294977631149858,0.09475654126644428,0.15037001274505962,0.135779967920278,0.11364933366150616,0.12454015175621419,0.07400751160844349,0.13075679832642387,0.15600596693220747,0.1899776863215773,0.10630344955552473,0.13131264884244234,0.05819524030701208,0.8616021520698414,0.18231660021784396
U_4597,0.07128173596599716,0.20790377956118222,0.1902588530147604,0.05987465420561708,0.24127748310500963,0.19527190623712273,0.5210655665210491,0.12078589776560211,0.19854709832734846,0.08989535318430202,0.07547170816465132,0.5187359728721124,0.1615272702090319,0.1686686246007365,0.07104993433490335,0.024545936551463553,0.12271658895473408
U_4598,0.22448273876425817,0.20257592057551985,0.3980126475837265,0.03322605423066138,0.061612589678833804,0.1021203785700791,0.0741657646561635,0.09665771724658576,0.021721253597278195,0.28116683446217117,0.044184853530635435,0.25936173408095275,0.10113528166912439,0.8031904387189718,0.5891688899358504,0.03528941344403029,0.07332154892302861
U_4599,0.030689855380850777,0.034842306809258414,0.16657795505755052,0.056092204738989696,0.14448860705780586,0.12170757602763538,0.09550211122897419,0.14783473184731624,0.5585523027400012,0.1677596182920083,0.17095464783841643,0.46955843614027987,0.10421817967403074,0.1466411297865597,0.05411710761153995,0.7835457218052633,0.14929031053490305
U_4600,0.06318732626567429,0.08565698545576794,0.5210655626666022,0.061817310576393725,0.07343460634095009,0.1544730700603011,0.5138290826164406,0.11908406860135584,0.6266792523808992,0.0632357264488515,0.055644682983696105,0.3479926957269215,0.10480758932224621,0.12600394520476604,0.06447507872769709,0.21015423482413553,0.11436592509903874
U_4601,0.11479256517942693,0.15750456635054594,0.24430675580808398,0.04887372317170449,0.08201627516480448,0.16150025335542645,0.13609627717605904,0.11740009476382977,0.5830918737220365,0.07143461316985884,0.056575235261286716,0.055934281479634584,0.14057355233298205,0.13422004038824462,0.05136779312329366,0.34320872380404455,0.3481076466369476
U_4602,0.35171515061141123,0.9728192646978873,0.25863173614292234,0.04507549091745729,0.04850478331690978,0.19653100721799024,0.08267941945513775,0.08199430155292911,0.04225405868785559,0.05908205836424141,0.05630949242617696,0.06579443847410542,0.1658021991727873,0.18317595195441225,0.32481885698798135,0.041324869566367384,0.16495995308324943
U_4603,0.16311785790730451,0.66941504555629,0.6456195588411894,0.031602565891398496,0.3636876708642165,0.20404160078243275,0.2662702960048119,0.09204260562427308,0.2794443855996136,0.04864149351107518,0.045378242963257924,0.046581415868046164,0.1208487731433093,0.14140453362428257,0.07375501383279595,0.17041198895252277,0.2964399583852003
U_4604,0.45291596599867,0.3539325673378937,0.4349558995102148,0.04118035673436375,0.04482011240543463,0.22195632373538565,0.07493201795462907,0.16301168181325246,0.059413811456690835,0.0897525029605677,0.06789785373986304,0.07568270228231348,0.2104174393255699,0.2140275781521323,0.35296912090592514,0.05410220626591963,0.184814250172127
U_4605,0.06020182787313397,0.16220143069588977,0.23897145974107176,0.09443098278503465,0.138684965126635,0.19242397592471372,0.8384251158876178,0.15610688114463175,0.2115444026915543,0.06978527744694325,0.08758468044526437,0.47466564483208873,0.1641163030703815,0.17706284337102116,0.06863947220543552,0.049220975825362695,0.14775246305101217
U_4606,0.29279340299814277,0.27423707577774376,0.28686952413482886,0.028226554965366947,0.03239362131056753,0.32770922698992044,0.08390298777188752,0.12600659610231485,0.056517931484660944,0.07849850797365618,0.05858111434019192,0.533612102368238,0.16724260731122853,0.17802423340620754,0.2886107457073849,0.5717550592230064,0.1545316793733658
U_4607,0.24846069972824902,0.29311953144587466,0.27270518320488957,0.07102385561644656,0.05293406916439829,0.26097493960724794,0.09388851576276408,0.13103993317781312,0.13828851349981386,0.05037248366417526,0.06915820070857276,0.06765605195332913,0.14346843996465922,0.17744369969886667,0.13434182142134155,0.024093646592126778,0.7932629916340659
U_4608,0.26646351135049484,0.2777855746221935,0.9642219956160786,0.06607455239007148,0.05618676288203042,0.2561971928984741,0.07937898649292136,0.135422832291135,0.13541957102850702,0.08084040512808617,0.08286311387596912,0.06982549984106019,0.1987479625695694,0.19787697249752959,0.13513449550736079,0.04693623005979026,0.17902097933965969
U_4609,0.5824634085596166,0.48844779553735745,0.5566167595746956,0.03615564733635834,0.046441371414396096,0.26056203677344003,0.06856632500327742,0.1439191420383605,0.050505673915283766,0.07987383967720761,0.062053064346054426,0.06517586298639634,0.2186366003484451,0.24888446868469055,0.46826648803825055,0.05830112471358476,0.21270354164698363
U_4610,0.20524534801202032,0.20894094941566702,0.16433014410241756,0.04677372220489244,0.03272516148548453,0.8917115971293214,0.09170069828601761,0.11400470676093985,0.10572185221466512,0.05158837029734531,0.04973209671305603,0.34897838716751517,0.14578987364660106,0.14816662009646298,0.10068002837904237,0.014237775865466852,0.6598583939689602
U_4611,0.026187389520025445,0.34613472966080805,0.18058439727902603,0.09973929838719574,0.15913698566890408,0.11867079023467708,0.12195404275356586,0.15633395449067122,0.10920550141712451,0.5926275936379408,0.15194188827852115,0.715412975699651,0.08841958005634394,0.12317729520252962,0.029923913066958574,0.269996864904286,0.1646534892150395
U_4612,0.31786257811576407,0.26586863602175353,0.27740747505051666,0.03711693973745564,0.03133940650990375,0.1276534894250056,0.045720520374975884,0.09179575150791207,0.03858413699798046,0.04836236128556768,0.05445347285170598,0.04100284263104751,0.1327346223564832,0.819157557964306,0.5632540297525553,0.033104824882607985,0.17341597290876232
U_4613,0.12517877304203112,0.12653266128056448,0.2847407644228111,0.08762256389921724,0.11946145396425906,0.25956019738112224,0.7154297776152242,0.17399989231143753,0.1604663478046192,0.0731550065422611,0.09113486518592566,0.08877622102248141,0.18979369270179608,0.18333738252322918,0.08997210060742264,0.029969537801031093,0.6947837862636566
U_4614,0.3263000549618761,0.8869620295133682,0.2593294443477174,0.03784531091283325,0.037292087922720873,0.5366158206502248,0.06785366232634434,0.09215476189490403,0.049966943979877276,0.07160837994664282,0.049929901633666875,0.38710140618460864,0.14475769528735838,0.17137776752082032,0.2270245914207249,0.03424845615285738,0.1061950247879908
U_4615,0.4012209429327296,0.3270076217755668,0.32195568256381846,0.042872104535238806,0.044756496446075586,0.18415830790189244,0.06493099259755805,0.0902720457724029,0.6442074631958123,0.03933583879546431,0.04746879829047555,0.07005393602760762,0.1527719468896144,0.1889940899217874,0.4301532834538788,0.05026062548228322,0.18060334178912552
U_4616,0.19877345768935084,0.3262523316573644,0.29090301569242505,0.06678260654986834,0.06740872363155777,0.24293950367485428,0.09725158832237207,0.1270346781081844,0.17995321682879406,0.06213397277580478,0.08209188215465607,0.0647699791489112,0.1793277279143456,0.19409871466742842,0.12922220866740475,0.04826698925978583,0.7564721660867736
U_4617,0.2275988341723576,0.2427015126953004,0.296950078398494,0.0500658026772155,0.06790999027863835,0.19189220135496715,0.5992455607715096,0.12281573434825452,0.1670705185790948,0.06452662119487013,0.06828059567434543,0.4496518546216719,0.1342592095189554,0.17591557894682178,0.15218154866420805,0.020977603742338757,0.6286291879559158
U_4618,0.035844060428324484,0.5476316265589468,0.6490886566147355,0.04399016734869466,0.4543511399186429,0.6921558638878579,0.1289698869569774,0.08392774995761014,0.580185126593026,0.027670929434571667,0.04608938678003251,0.637211722170711,0.11944677630810388,0.13208098613019437,0.03273331187895594,0.05168603309952424,0.10865099279901418
U_4619,0.34373699047371,0.28010850391848907,0.34845614826550503,0.031720502588096326,0.050834434278686634,0.29001547812193035,0.07304446240912156,0.10338641918120514,0.5798716988283842,0.0449990742490491,0.0421154945934325,0.06755318329735303,0.1448212375613422,0.19937547943690268,0.32626355172108373,0.04815418211227468,0.5754186054187239
U_4620,0.24471645723844715,0.34127143597675313,0.3148178539469869,0.07225566856712452,0.047771877379679736,0.2794013149288643,0.06391281412590472,0.6586412328511599,0.11625622663695066,0.052266214022616296,0.07463223332727695,0.046542104986767384,0.13475317554462243,0.1808779552045439,0.14684410526484457,0.023103599946252593,0.7092846595416428
U_4621,0.050883903269357676,0.1620023320073811,0.22383747257794664,0.0925406806371577,0.11779023043315791,0.2500748512313241,0.15640147774302932,0.16302071649786093,0.7111982356562351,0.07457354253508727,0.09800408034688882,0.0950102956684516,0.1561410794239381,0.16335009504499334,0.07101369735530266,0.6110564010082947,0.15776288298230084
U_4622,0.20966769101975302,0.15324253905958277,0.5105820669479083,0.05682840535713507,0.04608119836695786,0.23079046591743418,0.15811563776057042,0.3063684464434433,0.07891601233672857,0.42327152056652584,0.051003469387975287,0.7745694276439511,0.15479653232077187,0.17278234466882864,0.19226208479047668,0.022227818133413034,0.11276752263767556
U_4623,0.1466551406786304,0.1840888891301063,0.844470928393623,0.07659617156717813,0.07565535111933812,0.6625647208462675,0.15075592187346223,0.13606627170520144,0.0713381618159797,0.07345556817381044,0.07142566738855925,0.06170215806936499,0.13951708201174975,0.15518549220612066,0.07755083722221134,0.019364740948239312,0.48876044989876866
U_4624,0.26534252541517545,0.2672818041770374,0.2701185285590271,0.04334399244600218,0.05823843206552598,0.231438121427569,0.10483768784362467,0.12525759254140517,0.15974432522216928,0.05817881848044623,0.04871451212570038,0.6538018926813648,0.1218656869374086,0.19678877479435739,0.11345188051567737,0.036786693855074035,0.7736338848110274
U_4625,0.08113839238667162,0.21943329108838852,0.7094899896672474,0.10126450212815309,0.12419124352034971,0.20973052259995367,0.16552543587969018,0.1648278353744726,0.23149825985182176,0.07839341911501987,0.07479156571444741,0.5109029153915312,0.1596720416774326,0.1785653227027249,0.09213164920213375,0.041795947338337136,0.16577552725327563
U_4626,0.2921177133336525,0.2548075311597988,0.27171260174513834,0.04346124330207268,0.0644553398070837,0.1598640121718623,0.0528648724084717,0.09960114054842739,0.5764764686233876,0.06846162759834423,0.04373022903632136,0.07359904181622824,0.11018185928458231,0.7466375743257471,0.3283343127315575,0.30986542273831846,0.12232938486067027
U_4627,0.2536799909186449,0.49123960893394797,0.23033736369919183,0.02587855301801998,0.03398401084071952,0.08963509815926593,0.04239635075684214,0.08216013584506379,0.35967746360624575,0.045672233023067284,0.04156020383514019,0.0665591493748077,0.09606252005974475,0.8901077588963034,0.5036740938864301,0.029406158524292778,0.1381288866698116
U_4628,0.5617412125404561,0.48370510474382744,0.4428455660724921,0.03041455342439263,0.0433239630399307,0.25728819983449314,0.074318753534219,0.14061421178883934,0.05357865020746349,0.07306208450326715,0.05924324137289738,0.07508734584280735,0.23096022242048392,0.28921864769044575,0.5890779173769016,0.07160549607298355,0.22134812511366908
U_4629,0.132072143245316,0.2292274638842209,0.2674958622556344,0.09105269458427649,0.11885038416216331,0.2249753633726617,0.1691528648052874,0.1619680914234916,0.22648273732665158,0.07740541691674849,0.08816113729933577,0.8363959790825853,0.1764878140507622,0.19140002888067692,0.11000601724775372,0.02569055244269227,0.15837787956823618
U_4630,0.32643489651023216,0.24064051655261776,0.25184842746441827,0.047170723710601555,0.04321473347015693,0.12407608952317789,0.21524862563586977,0.1006074770652688,0.0402271668385525,0.0464316703152471,0.039769587287988184,0.5390982071595075,0.14508787567214249,0.7337040545376171,0.2508979616706707,0.2725886000878811,0.10671703754391655
U_4631,0.06883169836229083,0.18055819512773125,0.7825379630510767,0.06393559767192625,0.07583693455031582,0.15200384327505384,0.14514585781094405,0.1197802050559793,0.494074833194007,0.3574706439369473,0.05915609706206948,0.5266266114294174,0.15788566856620037,0.13920628433857501,0.07051665137727821,0.03791655833250784,0.12785849845764907
U_4632,0.2626982974661609,0.8669200029599142,0.40830767400183177,0.017195761784617826,0.02627590512528266,0.19599886617794796,0.050298611254159256,0.07769894237598164,0.1924716156202253,0.04831549146290664,0.03161632799997959,0.04977531430340184,0.10833729741417349,0.12910834207761235,0.2186131531324571,0.03652765437282672,0.545607025813331
U_4633,0.20056785624700546,0.16898992712932895,0.2048918493606945,0.06320203955940043,0.08223915440599257,0.2560840092190996,0.2976707780291832,0.12734752501649188,0.7709830931043656,0.06966496767236728,0.07557240013597445,0.4237183463206615,0.1400678706279735,0.1808937649354692,0.10367883093803283,0.04344610106876678,0.16471801664984972
U_4634,0.23344044813183634,0.45711847400027195,0.7648729848390575,0.03275978850584101,0.05201657901884184,0.21594628758463158,0.09658387530907883,0.11181043916696103,0.36446814040924025,0.0803982470726709,0.06941123588518339,0.0512740691835055,0.1395186986632896,0.16848762132507603,0.2184240463512842,0.2480194386813241,0.14477850327248518
U_4635,0.2118352542176956,0.1954706651700664,0.22583532746884666,0.046413207131684286,0.03518014980485441,0.7765427934931065,0.06537813563708023,0.09615365177645835,0.18069020202069996,0.04989346412480302,0.043318229315859935,0.26593337178123544,0.1293988650107662,0.14698448121802457,0.2060882025356148,0.02021959499512834,0.6320903472799008
U_4636,0.11088020429277935,0.184096086146027,0.6548581039293178,0.01996240410602706,0.24565577660516108,0.4055593293413039,0.4222256055929472,0.09521509810995671,0.6726836367465988,0.058679161167584995,0.06426672792236449,0.5373602653060644,0.10759950851871719,0.1198884103320349,0.05689600197851073,0.0,0.10084623649641249
U_4637,0.03606695646600415,0.07137630450732184,0.19015315161815027,0.09612688973866226,0.16080602591430157,0.1796356496977311,0.15406714147149173,0.14474532817296665,0.10321337697141261,0.5205928980053143,0.19998857553858482,0.5407059646475268,0.11648261393396396,0.1219223469631747,0.054895374332855476,0.3413532463725364,0.16022591072526057
U_4638,0.5199213703189345,0.387169350366247,0.4037694205774551,0.0775290812828433,0.07129976482420462,0.2352812304404288,0.09544955334223162,0.11010534177902417,0.04706670423224924,0.09292404349625356,0.12016498243305815,0.05830657357901545,0.25140841765597377,0.21793129934012334,0.5441352508187369,0.04808777205570973,0.1271547876792892
U_4639,0.04263015998563183,0.09472363474898979,0.09564100663697839,0.11713340344550544,0.18097873396870323,0.10896187938259876,0.15524417498670356,0.138043819606414,0.11641219744078984,0.8446778594734774,0.24747163985764092,0.15769175721048564,0.10099662855623563,0.14394365018203686,0.037079176423745,0.29380766493375604,0.2798064954740465
U_4640,0.23317642277341138,0.631246475571641,0.2645080254267665,0.06986547370027162,0.09672965312564427,0.21834853414372868,0.5285366022712772,0.13903646258303853,0.18509697240365214,0.058895284490594696,0.057248932176888284,0.09308256211895902,0.16429518961508574,0.1885152430620586,0.11186200183599392,0.035982094645640304,0.6124716242377557
U_4641,0.15109881487373975,0.15492850639407357,0.8411161455547405,0.09261779310910208,0.12313446250142157,0.27332971315241605,0.19211682958369475,0.15239218502946833,0.17870596889348503,0.08152231102989202,0.09145545989610498,0.07783678446734969,0.22284645760647898,0.19558946519757675,0.10909476389807456,0.043384468490218195,0.16840127954117948
U_4642,0.27329412416175686,0.27179332859897026,0.7094039490391969,0.030307309402414197,0.05284873918828052,0.19917654666357112,0.3793971891294734,0.09140652262333816,0.5018867134355148,0.06833646736838805,0.07678004278407784,0.36499802858284763,0.12114901488065466,0.13587440782551494,0.12024521514078032,0.1088102270355903,0.12000131067964134
U_4643,0.21739156794118764,0.2126867706889171,0.22947968912014066,0.03746848272724423,0.0340841231610796,0.17776634175851583,0.24021706895395614,0.08439555384546148,0.02335358862835922,0.04133539384661696,0.03030639975836224,0.04990774401138097,0.11532853599658281,0.8995646203747287,0.5169234068454845,0.2698027905299115,0.16132217987926875
U_4644,0.25433922917497076,0.25380605498781844,0.3145856399709822,0.03656081716650311,0.04653804560609268,0.3172299308715409,0.07115553440389429,0.4232787093049038,0.6033277272638284,0.04086243647352185,0.04745164666985101,0.08990777241287022,0.1042484005222063,0.17314649676905555,0.26189931496780583,0.04394958919371138,0.44802737170662305
U_4645,0.2808785449108509,0.2446960331683341,0.24897740403182522,0.048145564506943545,0.047670688436155455,0.9614636254288563,0.06644161826642597,0.1164291400158125,0.07134846641992917,0.060112148084184455,0.05483927198648037,0.09042018966099166,0.11566632310466071,0.17837109792618958,0.16083357589203867,0.027770819382187145,0.62992204531953
U_4646,0.250483624845502,0.20813085577450963,0.6345969471067598,0.02453061383606773,0.10591026677929549,0.6938965147161306,0.19411679763282197,0.068144579300436,0.046198261816771516,0.20935147933502396,0.0249026710608148,0.13128956686876705,0.08600878897211087,0.14703368685923973,0.23113104449474378,0.1420290198681169,0.07406165335684069
U_4647,0.09284269417648586,0.12131648226111902,0.3010664956912167,0.09066778294745503,0.20229083405226328,0.2620082177762344,0.15005575734242177,0.19189867036340622,0.1674481389129796,0.2242735061714598,0.2380485057118915,0.27781815098326035,0.19684811893738047,0.23513932448059915,0.13214601359133496,0.44125064073840903,0.260027581936643
U_4648,0.2160365248485122,0.20599171763317953,0.7100688276563485,0.057694161132868335,0.38796592471015423,0.16925257656948103,0.1382595572745986,0.10240056750139784,0.8830539925721171,0.056643659456930576,0.08182275272588022,0.06188241949123306,0.12906702267613107,0.1421253768886523,0.07444077626302781,0.018719105844548084,0.12667317937102404
U_4649,0.2615213446476023,0.24220251124985692,0.25004807796438766,0.022943283439336562,0.038391691142517136,0.1367263930650989,0.04273459178524402,0.35952198468084023,0.04650392201893948,0.058717293213178534,0.04643028300130551,0.04670775916793178,0.12022279551287324,0.6859832466944639,0.7910456077496372,0.026174581962916707,0.15709615446166064
U_4650,0.1832833930802843,0.34990549410128224,0.42954326015659666,0.023146065760095154,0.023544051097004113,0.5185726752132731,0.13276103036478146,0.09578612442264718,0.3493749950910525,0.05271874928203135,0.03775598042829097,0.3447110167033037,0.12582777446668053,0.13027994822196465,0.20906021929906493,0.018691749329975284,0.708086701637504
U_4651,0.21177752499186484,0.4810255174608049,0.17528316705280844,0.02596131465249795,0.025525595113230992,0.8840801349723267,0.08717803539371882,0.09261543998974782,0.33784096769894306,0.06289230160011079,0.0464450506195604,0.06082852910474881,0.12497817310089446,0.1417874785847737,0.11787969648476596,0.05920051027543581,0.16905689264383617
U_4652,0.37694388165318155,0.31313503835696443,0.2857848971433811,0.041530177894759615,0.04744412506499378,0.1661066405883284,0.07305321958328413,0.10060866797390405,0.07245188496940091,0.07163485662500671,0.06483379664400316,0.8647303470387281,0.18009322215133744,0.20055986488204136,0.33481304619945595,0.04329858694680907,0.14150196087134756
U_4653,0.27471876347501434,0.25728869984161307,0.30683133795386225,0.03131457823405243,0.05718401074984322,0.19352900275535873,0.6095015852940998,0.14115870464932126,0.09145056675199237,0.2033324059547888,0.0691721777019944,0.08005799675719115,0.14736293364927658,0.16662204315077317,0.13224415528418126,0.015560531307948162,0.3793635260597755
U_4654,0.05138987548858501,0.05896650199178141,0.12124133154047417,0.08855998658148179,0.48280694106309957,0.22391529761368154,0.44430644565672645,0.18603125306923946,0.08329614587586145,0.1626497190786099,0.14005594134018395,0.19320505961265086,0.11857844325980038,0.17400887011145474,0.08043002910300838,0.5106691061732033,0.2255740981132414
U_4655,0.21662723194963665,0.7074611734795807,0.26129805178956034,0.0541356931486891,0.060155671485119674,0.25735890788350785,0.12538982149182626,0.14612193613727428,0.12663094125118812,0.07158146015056363,0.06255805847437643,0.05481330287286845,0.15936488464693244,0.18493832978968722,0.08278757270982376,0.5751162105360731,0.17570046754196883
U_4656,0.4658893614594619,0.18671881315771918,0.5948644175072634,0.021170789050162397,0.030519503360096137,0.13294843246917784,0.42346401724238647,0.08832118303875106,0.0684029836304399,0.05702845523888142,0.059875890616748195,0.32803642629951335,0.11498766866447423,0.5571158390632185,0.3739250063027975,0.025423475006633472,0.10385361630907688
U_4657,0.30379926304076404,0.23488020663226328,0.27425441472335177,0.031139594057646436,0.17939439772246957,0.7486908778556134,0.16145923523282274,0.17417164347090808,0.12599379463773092,0.05700296905144235,0.04069898083119291,0.09435979363119837,0.15091359498107934,0.1878018456742943,0.2752074658723104,0.21300910929838127,0.11028136113915205
U_4658,0.22930105712080867,0.2323135175897181,0.3034334104278614,0.05836503818543115,0.059523758682006225,0.26576226618312365,0.10391085272703492,0.14203095599158605,0.7232671993415795,0.09470124258747992,0.0873233502211508,0.5169958447560189,0.1742341334100633,0.1719399195071525,0.14609533508695496,0.03580124193468839,0.16336361796301138
U_4659,0.32579072448911855,0.2565367159003627,0.2802869228642084,0.039983751538608246,0.036692610541713105,0.24826591014425736,0.08928715584693174,0.1087573497652476,0.672537795297047,0.06200903308332949,0.058727612217167935,0.05607403668853306,0.1499011734611303,0.18474192698616396,0.27195888412098,0.04455842138252768,0.6771234010734369
U_4660,0.27671878646137243,0.3114671472947656,0.26895174184053733,0.046548209373122325,0.07317216411329647,0.27959316935948997,0.10250086684680931,0.12922620265936466,0.07531796073375324,0.07103184918936263,0.06451468550475092,0.11103934793985501,0.13292546970068556,0.1941666691904722,0.15115022846139187,0.04004548577855209,0.7403855562856937
U_4661,0.39731102018860953,0.3010537150261585,0.2726788755276114,0.04873639351216642,0.043544352787227854,0.13971537557957914,0.060259939809925125,0.09342944961056807,0.0764108827894364,0.061379634133263375,0.06500826597360895,0.6944538699996912,0.17635594928836762,0.17785879631697676,0.2960702840326008,0.031049113487564138,0.13869938075769045
U_4662,0.036649146666756095,0.04665922883888947,0.09939608713601636,0.09738695807300425,0.18272561254529263,0.08574857058328582,0.7691006426393343,0.16561445950982773,0.08006715402632715,0.2684114597612484,0.25128945203787256,0.24512963785831482,0.13392748520226835,0.16967031086470896,0.06066856607727658,0.381840621452555,0.18052393095797872
U_4663,0.020158124181560766,0.09306750938201672,0.12631764174109664,0.10722403153912256,0.160220524516579,0.14222474673617855,0.1387728846556447,0.13642632203180932,0.6338333531857923,0.5376391596802125,0.16873284409451672,0.21581260374894612,0.1069695269594492,0.1320294980477605,0.07275913226624466,0.7226002173961966,0.15377850507746027
U_4664,0.3663403066888692,0.33173603021941267,0.33195630172482093,0.056771901942340094,0.054791993740194514,0.20727394669914376,0.08254218388023435,0.10660254143924454,0.04790840663196986,0.5578190098198603,0.07765290514200311,0.0841023617715747,0.22271138701705204,0.22318465732404766,0.3432995447350046,0.051755530770955946,0.1615472828200451
U_4665,0.35449358026690514,0.27031142340863584,0.2689815045419599,0.030576367025608016,0.040442740124491346,0.13853943937155658,0.08648338028060457,0.5309671722702757,0.4215392073059847,0.27312561465297885,0.04970305232185994,0.06077341257476507,0.12491712127521762,0.16334473019213155,0.257021941785729,0.3780764906678933,0.09530306087620684
U_4666,0.22622451960882656,0.2158385850596559,0.257977461217722,0.038084947079930334,0.28335408694466996,0.6255217516108551,0.08670053691690133,0.12344218386600181,0.5152316924392798,0.05289642590726966,0.06491020669959326,0.7015927523808463,0.14758690736565871,0.14420671584726288,0.1171499167089992,0.012906217471674308,0.24788408055083466
U_4667,0.24103445333275644,0.19027921665325426,0.23450015024961163,0.035025626401747334,0.04341607687472606,0.18504868578347125,0.24552317098453463,0.5687675029034859,0.37416963751311466,0.06180743349466393,0.05246701865366249,0.05082469468457099,0.11074406148649642,0.16319670736940176,0.8115951869221627,0.011398414632465326,0.11928014842126675
U_4668,0.056970429473709464,0.06755726412094169,0.08678493671837328,0.14263080620390095,0.15876029905902522,0.07675116844509636,0.1183540748434487,0.1601785545632353,0.06682175697403495,0.348926897819086,0.09453362627980587,0.8860811458518801,0.08910946900203974,0.12356503896833423,0.07684515895153429,0.3256617283077559,0.15802794548932278
U_4669,0.4438618873089813,0.3138500088341521,0.30523552880119653,0.05342118825654584,0.041757963857362884,0.757385017774745,0.07537528894736432,0.10304280477840995,0.05227774464611015,0.06172763604929611,0.05917351066079565,0.07329136780957901,0.19526083697985433,0.19842790384389594,0.28967518162203876,0.06407921753220068,0.16568356150096025
U_4670,0.4364254770255155,0.38167742152171996,0.30192416443988823,0.037886156835166176,0.04669299296332078,0.18506429920773676,0.08225243216775358,0.10729136216572607,0.06268195453564143,0.07382778762152316,0.0404080516497216,0.07267332906261323,0.1402417450498691,0.1889529150104003,0.3065961902423973,0.5201467983947583,0.1448669485663649
U_4671,0.32712650889690886,0.2608528120171777,0.29368365597799584,0.03779403055730257,0.03496450954881933,0.26086972541544856,0.08144318445705398,0.10482949099196437,0.07281225584872225,0.06382374241964665,0.05270030862508756,0.06954117974610854,0.14233737767929538,0.19270362758172555,0.29102439375624667,0.05046043975623324,0.7999679290380826
U_4672,0.22875761635968206,0.7561673914690132,0.2686914744226843,0.03662839870943201,0.047096609879382106,0.20388221535320902,0.08146456957852398,0.10948802991336412,0.5382882006266864,0.3169916864958553,0.08485170624783733,0.061127886557952565,0.11717822211471762,0.15112941667951024,0.14438673467838922,0.0184232268565504,0.38232526163025865
U_4673,0.22296995600456748,0.1660420348066975,0.2252226746898497,0.06816620596821094,0.05110644346357195,0.8896022466883514,0.1391283781387166,0.11859749717778273,0.49044769943045524,0.061351651041951935,0.04842014679027459,0.051652838934817605,0.13415160883937005,0.14997772942883822,0.12279205651048844,0.03689367146919145,0.6923886411600645
U_4674,0.33689274327814095,0.3612336894137712,0.3470822154121792,0.04477825215895919,0.040344878304631786,0.2217809986961377,0.09468011510927882,0.14085897733960845,0.13605094243081586,0.07204679596499564,0.0648192379863079,0.07493741975006282,0.15623611464566378,0.20952271077614917,0.2916121119990538,0.7946816721682844,0.20208369714168145
U_4675,0.20713314987978604,0.9042150901055851,0.41953096647859156,0.016592969660512057,0.1449990315176897,0.40508474274242373,0.03358133792196602,0.07875855609862525,0.10239304282651648,0.0409825539709219,0.023798194174036554,0.0469747279939886,0.12952964577925924,0.13916086585108867,0.2635775972416415,0.24797227503244573,0.10437096896979213
U_4676,0.26407163672693723,0.1850187912882903,0.30955213529776804,0.02122798429147805,0.022002089090274252,0.09368438011467055,0.1491069732817486,0.08084092707557347,0.21225994587042515,0.04293051404217819,0.04152879883437876,0.20892365370554525,0.10221942550531084,0.5089221471609986,0.9015276250833127,0.017049427448221362,0.10579237220334796
U_4677,0.03592007732893583,0.0609369240310538,0.912978800249594,0.06751925264232188,0.12720402401603878,0.11494411959251027,0.11289215708406156,0.14685705801005736,0.08313388817302071,0.14682514829277327,0.16601623274167698,0.2962553233773844,0.1253833203171945,0.14041209971836804,0.079917054079448,0.25996178573950257,0.14074409812855887
U_4678,0.35927159194304253,0.2755369690365312,0.2921816993782343,0.05155882408536507,0.49082030805220334,0.2237361003215739,0.49377793572780937,0.10349220400894658,0.04937105676197569,0.588550097527255,0.04833369718605284,0.07915352424380054,0.16475274462621087,0.18272523399709667,0.2764537555890614,0.039601651395776594,0.14386107152786676
U_4679,0.3114796031596972,0.270828562978598,0.7078039548899835,0.04928331440890418,0.4667430804219953,0.15771403987747828,0.6431234064449922,0.09640203773543828,0.0554405237789168,0.05531679742909996,0.05806922872524664,0.05292093508587756,0.1361421796470698,0.15384479399502068,0.27763537994344734,0.03925165180282675,0.1387778333331563
U_4680,0.3721701444144944,0.2980234047418436,0.339154974429018,0.04997606624442447,0.04466536581261591,0.2881934113036563,0.6554850376686282,0.10757711602109733,0.06257478546746668,0.0717483057656031,0.0706961684815828,0.08877704868048976,0.17274631556166803,0.19369553688122787,0.3306799422098036,0.06295939034189198,0.17530002595246605
U_4681,0.09804994730866015,0.0830589457869825,0.5225794299838399,0.0667561679779743,0.08190671876061928,0.19261339720715337,0.22197543348450108,0.6166126480735631,0.34940030839588143,0.3131839067848794,0.07745244120721381,0.2980554086868461,0.17312348250914258,0.1803210174593739,0.07591834036062833,0.0342630952618188,0.13242289088327275
U_4682,0.24706762056047377,0.19264274799143605,0.29451082190047645,0.06514439917768278,0.4201263965543363,0.2109072943110859,0.17450985426559754,0.12306285101230788,0.18496893812374288,0.04665560404627025,0.044538861239203295,0.0825363644615288,0.1421535032790583,0.17943527334953951,0.13712497133236518,0.3554229064055957,0.5317235456880792
U_4683,0.2915343028712893,0.6301603535102146,0.29782202391033846,0.02868585062374565,0.03333454818425511,0.15136072012663432,0.06775441389845922,0.10122497630827224,0.6570715327411828,0.06828023425751362,0.05833040818919362,0.546946440581196,0.1623720939364947,0.17568217904300137,0.29954632074540943,0.04150325630726433,0.10047727009869588
U_4684,0.2293243161483616,0.1925239442910059,0.2540306067537607,0.07897174548131937,0.10385290008247003,0.28677451870035914,0.15395830016582626,0.7679313242565465,0.09066339934318471,0.07670010287689286,0.06440969993324855,0.07983904119296553,0.16357842330805383,0.18159798585022807,0.09966616871310574,0.035927263014318145,0.18179771995878166
U_4685,0.28216412342986125,0.213902596285102,0.22787664058715262,0.037938952247308366,0.26458684982190805,0.5593261912068266,0.05418462332660587,0.10967866178059546,0.035434553393431656,0.21851977039324388,0.05700137270766027,0.04801834435611815,0.11425203068944946,0.5771421037906806,0.8268743244330392,0.013765981462284332,0.11462895283360776
U_4686,0.22760916373628906,0.3980053538754313,0.4168330709728194,0.036310552140459314,0.031179702407153398,0.1545447167718601,0.37766384617523,0.09628735332243482,0.16127070806267635,0.07547509221965129,0.06171454031811964,0.6009301340875298,0.1531168276749477,0.18196453988105613,0.3051428324301521,0.2570202510035524,0.12195388980616145
U_4687,0.34802784668736736,0.2730108907776547,0.2820050153911344,0.04893072696552055,0.032022386663619236,0.6855210280323623,0.2429319179547842,0.11194939067868076,0.040427763754722484,0.06522138649812156,0.058083769846654434,0.0812358460299745,0.1660280880535856,0.1703285578041371,0.2991707837704432,0.03619337107040876,0.13062457917032594
U_4688,0.31156593223577606,0.24274427127384818,0.8595795529729189,0.04726479701691763,0.1916629706612869,0.16495109658264534,0.21135584219684536,0.08563799062739062,0.05773249548846901,0.3013421403562833,0.040464108114123265,0.059409664973076204,0.11358356340235937,0.1596983532725012,0.22258495041822426,0.031114780648242746,0.10974889711617102
U_4689,0.01668430868878341,0.2943357566916136,0.17002228401065078,0.07982957826111747,0.42100496783131747,0.8614638751236308,0.10572638048391265,0.11959495703726356,0.41601113821686986,0.10090450012240738,0.10852979213210623,0.37069896529817,0.10465016345819796,0.10747553183035405,0.05682578903213588,0.4192413168615523,0.1021482768261266
U_4690,0.0830087670651117,0.3405659598559579,0.21642359365972913,0.15810672005306267,0.19699922599619207,0.3668678810486487,0.2789843778641762,0.21255265238576415,0.36328737467956806,0.10885363013394336,0.11648915691436251,0.1325416574657476,0.3368397745232532,0.2852815565121048,0.15595762659917933,0.0514050819759806,0.3160368201614597
U_4691,0.10406519739808837,0.18697766333380825,0.22145639473094703,0.0937133320338748,0.08520885233996982,0.28275783663480974,0.21769313370981477,0.12615569353931452,0.23204310896271343,0.46030792517679536,0.07159735538033718,0.06819068060837433,0.17758584634016086,0.20673046132448375,0.0700831107388194,0.5778006522447171,0.1543006265025511
U_4692,0.2313207071513974,0.06196123725251,0.33994071753879906,0.0723389198995981,0.1254086095994492,0.09862404028373216,0.36683529428814765,0.09376511168833393,0.10092115509998179,0.13025752962689657,0.13065703844304438,0.8142127665609916,0.09156876464997193,0.09496840545140006,0.029216597771820174,0.19901518465261187,0.11094323404099235
U_4693,0.5841433559346998,0.5323302053655016,0.47925925530715413,0.03277474262217292,0.054510961321640676,0.2702563391499346,0.07525777925830231,0.1466705900738668,0.0534828656590032,0.07370736735552288,0.05837391646087957,0.07401344548142251,0.22293937275744755,0.27607393834112004,0.5083774399950256,0.06155696050237741,0.19988362033832185
U_4694,0.2804778153608179,0.22868716348002013,0.2807729560685738,0.03359442069823481,0.03613015883694603,0.22075078165074308,0.0799391228815024,0.10609509592839082,0.4617123757752384,0.06706163788619474,0.04317012466012189,0.04419212184681532,0.13380312635009406,0.14874108475276052,0.26690972501794974,0.02497480601255577,0.6910854273402165
U_4695,0.03726508794716203,0.08332699535889582,0.7763301727909524,0.10847214905361563,0.1361504089411731,0.11755444465806898,0.13370802846663798,0.1309124656191985,0.06610940475488694,0.12517711232521656,0.14340640506543076,0.1904205174238104,0.10887584360124924,0.13886476035336137,0.07521138667961473,0.8971649825310638,0.14541187652442136
U_4696,0.14355836935488364,0.2933459418129102,0.19708796291818173,0.0826614638915475,0.09261019894022246,0.9520475290592537,0.1322953735247935,0.13311705310223948,0.22022616368475184,0.07036347992997971,0.08405686058501717,0.07244993607418684,0.22796606519448337,0.19687522517608005,0.11428966166349139,0.03754487192113856,0.17326658640069076
U_4697,0.024233820891149054,0.02595440677794613,0.2784087424048176,0.08684760933612452,0.146587905130981,0.6931693884532604,0.15003823665871863,0.11042016720803625,0.2750183049952146,0.1901908554041638,0.22454405962033014,0.7848000161518155,0.06547895477042309,0.10481577678691935,0.03412844781432533,0.30290201541721967,0.10680838001466962
U_4698,0.05818678033399592,0.053225292449824976,0.3894250175607746,0.12368060402689979,0.13358801509113008,0.06110938589967278,0.12858723114910406,0.14318799001846652,0.28380394319377544,0.5081747017113337,0.08991882697021206,0.5601724015331473,0.061775519512417706,0.10358198836080758,0.09115578375122604,0.45861757396546476,0.14026919536812524
U_4699,0.20267643469222688,0.23388147984011226,0.7690649665013295,0.041813266878575464,0.303606699718816,0.31141160087100384,0.08500764869354095,0.11922847194875844,0.0424819458310859,0.04706276933785177,0.04367029045296452,0.04933702023771885,0.12915241159243881,0.16010549759880477,0.2233079991874416,0.2636205119483729,0.6927887344454307
U_4700,0.31827321733462927,0.3003868995734766,0.2744403698056038,0.058697264800035676,0.03855771672028829,0.21072961756845945,0.0751938374229601,0.1293486392517083,0.05404481070288572,0.06851892522328124,0.0736877653196958,0.8534002684010753,0.1341524351163547,0.18214470869168925,0.40509404926386033,0.03025406412175405,0.14659655523455792
U_4701,0.05544079562531558,0.2755910118726031,0.20812371469431826,0.08492059579125938,0.13770785609605188,0.2368976352529821,0.179652619624663,0.1591256448586533,0.34071841395080993,0.07551777707690771,0.08212232734336816,0.1083515404156824,0.18134866896469598,0.19958223532297295,0.07218373111262628,0.3973117682881627,0.16823295942600064
U_4702,0.1876915817707099,0.7720882116470653,0.663612269946201,0.03964386987800429,0.05353938224989876,0.2141240945649275,0.10871983274953705,0.10019363224264467,0.23531661067779433,0.04820817874305465,0.04997542494609478,0.05868274245899671,0.13551849878284816,0.14078943197462077,0.218586013250395,0.03851982747323901,0.6199561962748898
U_4703,0.06955563303969751,0.13223116866843002,0.10956333202148098,0.14108581633147146,0.16591042645485987,0.1481060462358179,0.6281207093692189,0.16328504202676705,0.07920300273439314,0.09275069457535842,0.10072301941124599,0.07120148098730834,0.10081469314033863,0.13262040123676855,0.10325098559957743,0.35869629664506153,0.7260822287153974
U_4704,0.2886144855411415,0.7116689081955887,0.25198882313634435,0.04252992284395522,0.03033091541554213,0.2295573046459746,0.06891554042231035,0.10291772383618021,0.5394788302934461,0.07234183555569788,0.05444252634241954,0.08047920644803808,0.12192108245951189,0.147744814153204,0.2102525681559815,0.031772241901223505,0.5829017669850269
U_4705,0.4797360402947347,0.4423308560876868,0.5053238802219127,0.025629502697205236,0.07004736274991492,0.43594677419345285,0.07659414495557375,0.21726607342634252,0.08421582982366252,0.11658938141527202,0.0800001287164153,0.08019916298024868,0.22013493722595162,0.30580044467304995,0.3490650739045806,0.044800455502844366,0.22470531165098587
U_4706,0.3111778909576432,0.26157743070700074,0.2797822818501126,0.0425210602416667,0.03381438808294725,0.1187502895770974,0.04899267822660269,0.0985830684491085,0.07486884258933348,0.0439894422118402,0.05211869377583293,0.06235094448040228,0.15240812932712558,0.74725808909073,0.5665926383126888,0.031234801459364823,0.1836376393438265
U_4707,0.4260201773178195,0.38322469975856116,0.5096136425226034,0.06483678284938289,0.07998004858769434,0.36371690876490714,0.13906357091571803,0.1724611840078724,0.09159733917558108,0.09313128033384989,0.10139095889853034,0.08979089409983443,0.2091899896456001,0.22996194031924427,0.26801944294113267,0.044577005548860016,0.25956308466946654
U_4708,0.02463187814820313,0.023733505661460704,0.5017333020364488,0.06905628783327526,0.1281854583266154,0.8443659240990219,0.09936363981800872,0.5575666409943913,0.0595566131110898,0.10885425777873033,0.11334949441268803,0.16711369649574373,0.08972592992868259,0.10975196571311852,0.03874290469193177,0.3039187214999584,0.1371732846500372
U_4709,0.10263860568560482,0.6334384415951823,0.20066637196170262,0.08087797185356062,0.1056473662701787,0.6443633598736745,0.16354790082547485,0.15296683673739903,0.21680512805127736,0.0751987998039255,0.08548940028460908,0.46604489904164736,0.17474329554866802,0.17180456808545075,0.07647950128026597,0.03636355534707489,0.15910842158279576
U_4710,0.29948697146883446,0.2668193532941991,0.26623512688304196,0.04288087219834423,0.0342091833437386,0.9524121601172635,0.06260176283797794,0.11053249278434017,0.03759494694552105,0.07910328870963805,0.04777704776787297,0.0739527780578268,0.15222397108558386,0.17705112330503228,0.2805273694094988,0.04058302704706821,0.1680130612681539
U_4711,0.36099235109211564,0.308740149742861,0.29390473907890574,0.05292587713750818,0.054667635448390796,0.834731418373141,0.08288908650210668,0.10015564954602449,0.052490729715424844,0.07097821314609987,0.08675587760972608,0.052108097768355996,0.18596067051771073,0.19484470537560256,0.340526637680779,0.052251992092062355,0.11174870983806058
U_4712,0.35626786100662766,0.8852123342649241,0.2715614988518399,0.04898032473423541,0.054607522309292604,0.15084735886813808,0.05511512309566254,0.10148772141371344,0.061513932864166954,0.08475435968045182,0.0911598090276625,0.08004053058350212,0.19224662520508187,0.18085800664040574,0.31286532390913085,0.06037995789973824,0.14154911770057446
U_4713,0.13566667901292534,0.18904007628724306,0.5983459492966062,0.057030128407863256,0.391605773152738,0.451879549863246,0.4396651046949933,0.2516433844553368,0.4760697364622001,0.3153333561251849,0.08004777961855246,0.08735982843066267,0.12462510673823066,0.13382891652682147,0.0703994237156273,0.007489334281170042,0.15832865021556075
U_4714,0.35731881480692473,0.31678595439525403,0.3190710455851171,0.058545092951944225,0.03964723779656328,0.15221728361325337,0.07558354501436741,0.11967828882578571,0.6946918497894101,0.07303721877620258,0.07126679146698482,0.06343681196064478,0.14431779736975622,0.3172099465729797,0.2949716964711662,0.04335227697691517,0.1528209839944048
U_4715,0.2444296201826538,0.38358122970115965,0.27497143137884766,0.03745076171763813,0.3159123976040879,0.15118199921265646,0.4996336182923259,0.2644464367072157,0.34030338174722663,0.23267390869433963,0.07576694509125857,0.49482722032079474,0.15520854240296383,0.16694245669175367,0.09928681652227886,0.029476599197317405,0.16669285290344096
U_4716,0.36044455720674556,0.3275571174736738,0.31810171913759744,0.06439392370548341,0.06554080286677916,0.174952171650458,0.08548171851774379,0.10045322847517063,0.7482550625058892,0.09434578785691038,0.08506381192688997,0.06806566635766002,0.20162851246056784,0.21915230966495405,0.3634853524812522,0.0409077469230704,0.14037819856829745
U_4717,0.06074555123984425,0.23626203484001415,0.13322979318301909,0.061597848308487094,0.38646518735128643,0.12585734295128956,0.30975847120317473,0.11002015536262334,0.7550445953371719,0.424350797332023,0.07227616324896055,0.08447806129780194,0.1405442675664377,0.16161213749291725,0.07374434610360765,0.034210287657742956,0.14108969095444227
U_4718,0.012692311656515447,0.3220851016321973,0.14532332803294828,0.04452766114648911,0.0690230064912577,0.3413013703182095,0.4193141707722085,0.09222607148785932,0.741987807216673,0.21724047451228562,0.05726476087682367,0.4577783421169076,0.14305687760675476,0.12091750433622961,0.013370701610753245,0.13941929681569784,0.08867092749521327
U_4719,0.03009815214470648,0.04504697350381501,0.09327021801504885,0.10923554090975368,0.16119583136854032,0.1606413081680997,0.14762399969296014,0.1661174804953289,0.502515870459465,0.15938160960107164,0.17118454658323273,0.9001180674882302,0.10258819727009179,0.14672948590028867,0.06357871612409076,0.35298531667868444,0.16401093400481143
U_4720,0.09028414573085751,0.10902939905217121,0.707525391073481,0.12827473382044394,0.1389731907859384,0.10825158044720046,0.6636584151530892,0.18589425619400546,0.061249344972228226,0.06129245780648282,0.07409905265004395,0.0628475682652252,0.11162760727371157,0.14997790941686365,0.14397980332535432,0.3936326093899409,0.21223065488150067
U_4721,0.5175391678035471,0.5485880121039044,0.5056469416563758,0.031363894941663986,0.05387339392537621,0.43770224676016317,0.08267266972174647,0.1472521078244958,0.0550521751907763,0.0859743198209389,0.05197921519537392,0.08269401917877259,0.22441817584727328,0.27129199328008174,0.4720338769628087,0.0584953262707322,0.20204551450729985
U_4722,0.02993489084261869,0.06164311000050848,0.7794993271874591,0.0959732059674768,0.1483010814663781,0.16353515577568864,0.14146310203573534,0.1281438961303469,0.09649344766901424,0.19552558155846994,0.19550178309660204,0.1689775720054142,0.1100855716911682,0.13754166496066902,0.06380803071212839,0.8792336300718457,0.13377946123144907
U_4723,0.2683528629760144,0.25231669708615934,0.25515023730386355,0.04871234486844171,0.03603267388921393,0.15897161734557103,0.039413898088377516,0.10259317355706418,0.03171737666078625,0.05232771955339208,0.06236338631516676,0.05909889456232299,0.12952090357053447,0.8137238879919351,0.5747951312346413,0.3520777088778347,0.1592799557531399
U_4724,0.19186147270763598,0.25159624702635247,0.20135745252624696,0.04863632241422945,0.410885340540896,0.46575037987293855,0.10324439113287957,0.570732894942135,0.16214711955196184,0.07356468931419696,0.06844155183681631,0.48257798953576675,0.13548347387633547,0.15209935019992116,0.10851151710837356,0.014787765579140119,0.5578020871414604
U_4725,0.08159452785694396,0.13002062444199153,0.25461646223918694,0.1006124958668485,0.14995576733756885,0.16589538820554509,0.15074978036672224,0.16517806415667516,0.23794625828016241,0.0872934860866482,0.0984189190005788,0.8863682619268672,0.18925619312095088,0.2074478946315098,0.09803149425634482,0.035688686886087756,0.15030068080071907
U_4726,0.2121476326613392,0.40519984435173456,0.2959893402495241,0.09370382291592431,0.1380126149087866,0.37650243138305,0.16140265181466154,0.18053832516867233,0.16752104138061616,0.09607501080557677,0.11255060853502317,0.08198750157654233,0.33369165348344876,0.3610176555982025,0.16727481130996383,0.042084391713466306,0.22015894101622638
U_4727,0.27096416408499435,0.8889908191931277,0.24566129809874415,0.06966162954688872,0.06446893725689512,0.24053299472990816,0.1264222376100626,0.12095988876879435,0.04770732034454417,0.06842253887336619,0.06701052800167466,0.06403420318738935,0.17457336661221992,0.1858402408209352,0.23278431725454843,0.03989548588923642,0.7157893652163625
U_4728,0.041278117249957835,0.06747515275113888,0.12656840156394616,0.07701036431952861,0.20922168345279504,0.17456273989156124,0.12714477600565707,0.15788266398122422,0.7838413569104343,0.23407446833045306,0.2454370488038377,0.23462405799737057,0.15812140847064213,0.1896718951561466,0.06151418054269618,0.3596240670899693,0.20854560197558675
U_4729,0.22930364526685135,0.7740728724500385,0.25055119477210297,0.0541273256916476,0.18982383610379974,0.4704113459660786,0.1949597257715113,0.29193061908103096,0.3144325156546248,0.1716678940018791,0.07206392848788663,0.05533733992940382,0.14210949376236998,0.13503824488374558,0.10004730921524313,0.006774198701527692,0.13206302693493002
U_4730,0.21975430670123816,0.18255635578305993,0.49668416563216944,0.02826789427161918,0.03440922846200672,0.18842304514886465,0.05274142742332026,0.1056538883651081,0.44404008005539786,0.1891819520813561,0.056689170599618574,0.05372438940906893,0.11329611663643074,0.5705436486189676,0.7773687602036687,0.006800689745022501,0.08335955799785146
U_4731,0.02828291896054088,0.09179817803956684,0.6876218960740654,0.1019456394501882,0.16782363641128578,0.16723960900724066,0.13635137874009987,0.12434084158915124,0.1337862102987013,0.15216239420077646,0.16208346871737705,0.14738962421021978,0.1018826823471554,0.17137128923562195,0.07351889471893507,0.8920643569267268,0.19775341028731105
U_4732,0.3043246686475235,0.2542630756869715,0.2632447238620543,0.043002624355311665,0.026568150488734295,0.11811380931045073,0.04051988815262759,0.08777536717258676,0.1579221895871315,0.04299161156417813,0.0605124701831259,0.5176317981725416,0.16254469566680455,0.6396863029688513,0.4855814562243347,0.029715106364979114,0.15978733436929468
U_4733,0.018557674677020464,0.07810083816617922,0.1312590841776797,0.04366023436743892,0.0574142523264545,0.7495687344712607,0.19111478849362276,0.10029032057423676,0.5317146150538467,0.047693136738159315,0.06870525922326214,0.5612390582796366,0.15425750976544497,0.12436552808021392,0.036325803008095875,0.15271098387251783,0.10751805196711794
U_4734,0.03875426461255639,0.4386400394768542,0.8569045134663466,0.08159063041946304,0.15155136404851993,0.12343053619276112,0.12837844267739362,0.15182905020567644,0.08066927645822267,0.18441004453855236,0.1784716863190375,0.20314233368402398,0.13542349791841118,0.1548422607202737,0.0668452965805548,0.361695906492643,0.16222878577271263
U_4735,0.10550770031161845,0.6765335535363373,0.172369611778125,0.04957967754418105,0.058932246554073725,0.21265886750077895,0.14986690036486855,0.3491235135354961,0.3161022702318515,0.07911858054153056,0.06494743264854078,0.05886105270711445,0.14855920211610393,0.17919360703787468,0.07570890383700594,0.412476814885423,0.12209848568260948
U_4736,0.36757591249237337,0.3203248195724554,0.3306719959420958,0.05064548981920281,0.038388220831065356,0.15523717767960618,0.07852123220583802,0.11257415145974492,0.05571404550029105,0.07207574246693865,0.06796195180352148,0.7504300904067542,0.16693099322754504,0.20270219883736576,0.3137782375981072,0.06486899926448149,0.1654280873702102
U_4737,0.030249684619270453,0.1336649571312962,0.5325492315502353,0.06744276318971704,0.10705920092962543,0.7571918531870137,0.4662236817334095,0.26637452115830595,0.534135374144023,0.06603664534628265,0.06097174199707196,0.5283927781917634,0.14189486211019342,0.13982182834231321,0.05671450112032353,0.0,0.10775410407635302
U_4738,0.22533323683741213,0.24360887982306195,0.25730784343968427,0.0424867724299359,0.046947762488407624,0.6810047976210496,0.07849630148228859,0.10545674707817788,0.7103809780726437,0.053952664520755325,0.06121535061301714,0.06817530804346987,0.12861839904386185,0.15007013473017325,0.12158678341068746,0.028184622362127286,0.49370105531418906
U_4739,0.0549736648468548,0.3471771034766785,0.07220795905895436,0.11831175297057715,0.31527624483523753,0.5608465507096675,0.09563612878346468,0.14372311912631014,0.031445708977074875,0.06869937016954984,0.08242459159609455,0.05608779277337421,0.08342388147830652,0.12776820967641397,0.0912753201745971,0.6793974661950896,0.3791382763477545
U_4740,0.3327186743055743,0.6090327269695663,0.264923689958956,0.03864699973192431,0.11257812743247533,0.10764508780497285,0.0403500819743464,0.08559327352609683,0.031231698656930235,0.0478444850927108,0.047994592603747444,0.033699797413399124,0.13168372116289234,0.7036588160873051,0.5709250722901901,0.03729515282732024,0.1589847973669536
U_4741,0.21988014106573975,0.19645449169494086,0.6623522498901855,0.030856754692700127,0.13536547324105686,0.8206318590947801,0.5543963994289861,0.09323227777054881,0.2603947653130278,0.18796372454930865,0.0605590398479918,0.06947291203614253,0.1416820234946656,0.14342506031449245,0.13128730824935364,0.007557002403732211,0.12969934649251674
U_4742,0.22317554055449323,0.20402898103301947,0.4020622370151553,0.024171264863441223,0.022609661287282007,0.711886639815733,0.06870282701497303,0.3718120645606404,0.610134387696559,0.17773437950794718,0.025331536391909514,0.057345868242881515,0.12157873000797642,0.13642728342470373,0.21372281555957007,0.0904309363467355,0.10434200182076903
U_4743,0.37539230599243484,0.3160589560851752,0.30207566621178134,0.048397449675764065,0.05554899266029032,0.8952358320167484,0.07928093687118777,0.09801380952198392,0.04460547443198608,0.05680288286985537,0.050233276773939,0.07038239854584429,0.17351293888405195,0.19557800344300819,0.3122520982183794,0.03588901823905051,0.17117009072313444
U_4744,0.24288733619620081,0.46553269150567056,0.2474595007683429,0.05043274999659645,0.05080278726461282,0.2639040005309758,0.1241957797398972,0.12553989429394702,0.36309564409337114,0.05683384869601693,0.034301306696071066,0.051112237810111816,0.14760052481565508,0.15358239096304785,0.174363789900303,0.5774455701762953,0.16671628607243685
U_4745,0.3067879327638581,0.2806167865770575,0.28129357160994056,0.05221938305920491,0.05269881194121885,0.23507217850132123,0.07460501740160266,0.11879047111199037,0.04531063953723992,0.46911891138905837,0.04826661141184396,0.5720449243403156,0.13500170576648482,0.7346758464480075,0.31966770552318385,0.025489343248987377,0.12445316105800308
U_4746,0.03275371041966907,0.45025170895818933,0.09777819761742078,0.08109152775092746,0.1348686184286207,0.08350230356972108,0.10770624423525728,0.11936054094227708,0.6516844790559039,0.4508705848242277,0.20188455384413156,0.17188497868444808,0.09863358862849332,0.12888376635079987,0.0457557841953406,0.5999658652531735,0.14154746488303072
U_4747,0.24372367484615054,0.592004110677696,0.21615916324818882,0.03218317116900775,0.3909343239118749,0.1016926100995535,0.08351511136369334,0.07177126282594727,0.01706607620996359,0.07988652452912853,0.033810770262897256,0.04912353096692664,0.10674508758848138,0.838336292215506,0.6035668832983054,0.026315868203277748,0.1285588027147465
U_4748,0.3608046105243744,0.30635255162614494,0.3000471243446543,0.04938280644054007,0.040235427167667266,0.15008098255918437,0.07514348022375528,0.10765545080160965,0.05977076026283824,0.07795574688792027,0.07354816438915765,0.8828849699406358,0.19547137782789004,0.1887933582012428,0.31765962543895404,0.06532262507000278,0.14070201976718533
U_4749,0.2839186172869198,0.32392481401229184,0.3343326838666596,0.052715771887578415,0.08423035799871047,0.2576695530763575,0.31045611790897815,0.5114594992574015,0.1499383635720407,0.12158795532152561,0.10723374305163996,0.0815123025346901,0.18460016182251485,0.18916936017713376,0.1560971112174296,0.02995050104835329,0.19767478181644813
U_4750,0.2168127979274739,0.5630474619171963,0.7358655485426093,0.024086256462967928,0.016908101448613225,0.19656529716532403,0.05114019564505744,0.07457478085606055,0.01383717568415695,0.04234197948971421,0.04824539911444244,0.21569055244108748,0.09147723447047537,0.803925563261227,0.5668674099939447,0.11687072987796884,0.07782083298704032
U_4751,0.21132722587591976,0.23444288741802133,0.23827020522594528,0.0446414198715892,0.042752912103484454,0.8191057142588539,0.5448809126211364,0.1161626284576722,0.05354072008768972,0.055766529790338394,0.0591401233017103,0.07025778065278107,0.15250116686900062,0.1558728579361988,0.11372152708647615,0.02237055880256212,0.5386663665789851
U_4752,0.22896487216970907,0.21956561644169084,0.18178421190460892,0.04257290319028596,0.046725632787320816,0.7197539352718655,0.07639147022758044,0.1374982446954497,0.6630646403506953,0.06301671420469114,0.05763569581086077,0.0716581637769179,0.14678649810070898,0.15853579470118534,0.13503788504864123,0.04301398956401235,0.7164206746840438
U_4753,0.19226702952072733,0.7961018542598262,0.21397141502028408,0.036153286450245896,0.288627945027779,0.6427839300577748,0.08023905495058775,0.2738669009286778,0.09087667568573081,0.06451635990881577,0.058563586934151396,0.30929936034122224,0.13871464797288086,0.16921475178566134,0.10345096529783453,0.02040217533945151,0.12718698846126159
U_4754,0.2569759646803803,0.21559504204606264,0.7885726495725189,0.05287134475629361,0.35544790671664345,0.6866685905972325,0.06880181158812883,0.09408984030757397,0.03227371071222437,0.2376515785909333,0.05483036667445301,0.07246746212936771,0.14303068793128393,0.16573972530749212,0.2125109843864972,0.02776659989018407,0.11159522268009277
U_4755,0.2699743468918935,0.26559095738979577,0.2869440073094373,0.06143745894981417,0.06024306872761452,0.29774572986079617,0.07569153253963713,0.15721474279080033,0.15118598648521642,0.09673130002297867,0.07351425978863863,0.894244104288039,0.22797327436472792,0.22060672717960408,0.19939932036328134,0.03261815694948254,0.18721913920767477
U_4756,0.030952545139232512,0.8341784387249663,0.18216972592468228,0.10623752262914508,0.16920692095951884,0.1415185268552875,0.10232735062733446,0.14788069064491755,0.12120906209341392,0.18526215138210525,0.18754760108959154,0.16004241494919155,0.10594338218078152,0.14998881592383811,0.06573130515110977,0.70823569328298,0.17343893596936524
U_4757,0.131530623373964,0.11962419227417273,0.19971260813473365,0.03720447897572028,0.0688228338514921,0.21174821386233816,0.7394181083812684,0.11686834919320005,0.32430875202559883,0.05682491229481394,0.06501039528313386,0.3577655440071686,0.14100175963684486,0.14480913800595313,0.035482955667967206,0.19815341359352107,0.31008836887035385
U_4758,0.34090450486040924,0.30037637225596237,0.29521650050504505,0.043247098490805685,0.05106113736222943,0.28293638834782264,0.09123465102727138,0.5926081702564879,0.053873278465543156,0.6027303013054386,0.05834653953359968,0.07263430249438795,0.1532940078599612,0.18099263272994137,0.31204641157249746,0.03663195206786911,0.12030236110036024
U_4759,0.25956616659178877,0.2824846740836606,0.24632869089892911,0.04232389242719423,0.04504557659437107,0.16626698168540716,0.08992581048250824,0.1220737736191414,0.1469910881328657,0.4041401737283007,0.0514583515785113,0.35705717343819343,0.1373122622893355,0.15254868418879208,0.13717900979549036,0.5265469400477497,0.6028975322259167
U_4760,0.33164581717442554,0.2958955925437036,0.27065745998570345,0.04475293039349289,0.04185863060585969,0.26762462873895326,0.06906603127147469,0.11604296297275779,0.6622550680437884,0.06601427314170619,0.05063462176870482,0.0783278489694632,0.1578867117091954,0.18084589706110346,0.29384851331770456,0.04883431673696317,0.15374368558945323
U_4761,0.35606059308945626,0.3033361640752748,0.28770368311414335,0.04700458378915589,0.05081258642114394,0.14673624842339095,0.08816915402334592,0.10427111468111047,0.05678057708338696,0.06010527650276268,0.06514920705713959,0.8477970547368942,0.16891205697526301,0.21343622421089442,0.3284615742542072,0.04111392208716537,0.1495918271720502
U_4762,0.0918905851952315,0.8213695517837903,0.1790929590866912,0.05966644303256732,0.08236334163600936,0.570588985784349,0.1134675330050566,0.12094557225517374,0.6086755716275186,0.08352566008273071,0.09187445867156119,0.09192441082849351,0.12156470220906762,0.15271094454329992,0.052467170404989855,0.019406868890756244,0.2996885304471086
U_4763,0.2567770302120696,0.23908194068966995,0.18400639316787476,0.036985614728375145,0.029332176918224283,0.8228510642716912,0.06695136509413391,0.11782471751302065,0.6249673175465676,0.06144296931839953,0.05068262767945549,0.08046205768231092,0.12468431386626755,0.1526419987778803,0.22007772547901103,0.049080072939571076,0.5938574367768379
U_4764,0.043240816933000845,0.050799009704593265,0.11495924752767847,0.10422979684865388,0.1673907380117891,0.7124396244456132,0.1496096493891749,0.14593091397442282,0.103165601230186,0.21098819271990385,0.1882173891977126,0.20454934240196687,0.13547969565739054,0.18806835524042032,0.05539288781044705,0.4000103921707792,0.16136412593589253
U_4765,0.29277065582116263,0.643269741132987,0.2561793232692797,0.04317003162773202,0.053710493482267044,0.559278570507793,0.07442609711131815,0.28595337974512314,0.2035833677000177,0.09639576623534486,0.05081953097514495,0.07621013725015585,0.11931784521663885,0.18136148106975475,0.2359427341964599,0.03200891176013655,0.12968639013012703
U_4766,0.5966717572345436,0.3863628322313825,0.4428085995947738,0.08194673271507462,0.07008124460559888,0.2299729329913433,0.10427965609893101,0.12225710861315212,0.0736010852037858,0.09076294902829773,0.12444940164458843,0.08426135167824776,0.28245411747331306,0.20318308365173607,0.44571708445325664,0.04661230238701284,0.10631464629191426
U_4767,0.3287470490427026,0.8311966271433939,0.27589265575152644,0.047974699523913894,0.06294952428574822,0.24551257636658552,0.09991962956385692,0.1233107634522086,0.12668218803920064,0.09098132946192071,0.07146544086729661,0.06698493066001797,0.1989552010117159,0.1882178462519776,0.20302171692576007,0.04358007804757046,0.18098915542661098
U_4768,0.0702787948739359,0.1385436351371245,0.7652913344077391,0.14950102792705466,0.17968255118279347,0.20081103505642567,0.14150858927607146,0.14628791275788147,0.09627917194908762,0.09190021638566412,0.09409491139804821,0.0690719068059211,0.14399238456720628,0.1791340048289727,0.10158931615622825,0.5083147082144186,0.21846845025831205
U_4769,0.04177744318981966,0.3555537729242007,0.09222830195170463,0.11030819090782265,0.16700864611385963,0.09079368769590425,0.11837584913156388,0.16312108247138457,0.6616960900395892,0.16513486264018618,0.19523432582203884,0.21707146387902254,0.10757507661751053,0.15455425254119493,0.05028073701454412,0.3486883175429317,0.1899752935529317
U_4770,0.1719566309874872,0.18335017988134827,0.7970382692961964,0.02609893407300884,0.34924781248569614,0.7572137023262583,0.05769727391769616,0.10106490575027254,0.2149191637025654,0.05936269251113828,0.04071855582532197,0.2001388197209398,0.12043963785960163,0.12675173824372304,0.12588966972153365,0.02892448698028071,0.6187599264918738
U_4771,0.3353931628178344,0.9155765209896961,0.27507410420095185,0.053510926295397915,0.04415991530750745,0.1396698891467864,0.06707350389293561,0.10360289223118926,0.05264848090119151,0.06725411872608189,0.08219411795429869,0.0753521261346194,0.14571420745509936,0.21146396685489982,0.30095232963054425,0.04046105922369266,0.1461244224175197
U_4772,0.2471766592155641,0.20677660250598157,0.8861281972165445,0.03787112751047544,0.05439496071636396,0.142375391360298,0.08738534165323872,0.7056762035274238,0.31780141412201823,0.08032302543878314,0.06909824187907819,0.08106434926470338,0.14513821080510642,0.17992930771750223,0.1957584637572713,0.025622283388216982,0.11600265328054474
U_4773,0.29019029356276926,0.30328096102461044,0.3082932765862746,0.05313649927140268,0.0584890654395506,0.3109750278762316,0.07753241943681162,0.12000048423964832,0.05012876397322312,0.7037969905876154,0.08735081714447154,0.08648423029720179,0.22272765883562184,0.20895849263094263,0.34922463404789633,0.036731396027734675,0.1542592560826373
U_4774,0.3447363597863053,0.27074279606718676,0.2525581148205517,0.033563048125586845,0.4562944926231813,0.17706264068557587,0.07504578064550353,0.11152569213101546,0.04261988789061952,0.060270001204680915,0.04920627874306556,0.07065517962292883,0.14859219262571186,0.1749691695601662,0.28651473356122675,0.5885533368800431,0.09699059489092758
U_4775,0.3007996299320263,0.26289342188522596,0.26875954284181597,0.040718940579949445,0.03380708626977687,0.17719016525885437,0.06500869939986312,0.5438119450265587,0.05627074224007293,0.07822098481430037,0.052296418046939644,0.04699505660122846,0.16073108828103336,0.18590682543298973,0.6923334668589353,0.5383108409825237,0.12893319383502494
U_4776,0.05752352853200708,0.0598121190018972,0.45790113010747985,0.09607017975659096,0.15270045186717818,0.3626117695756279,0.1427234138178046,0.709741890774377,0.06585321087124375,0.1787264447921194,0.16934254905305793,0.14418625203065624,0.08964364154391335,0.1305435732844574,0.03884133800918979,0.4029481339880154,0.1631916459782546
U_4777,0.250820303466091,0.2215464898035187,0.5314844646100073,0.03227607525691818,0.026627834172510037,0.24079358378916066,0.0670049227678949,0.08597005078598473,0.5667785550913461,0.24753005550181195,0.042077502974276176,0.0514962245766228,0.11299264031264955,0.14183499162272423,0.25138482210392427,0.028069045621097688,0.6490466725280951
U_4778,0.3218676186353859,0.2680345937370093,0.3352184472905077,0.035237775635067144,0.02546592720968685,0.20417669255434787,0.5220118823569319,0.3536786703244094,0.05822719210337721,0.07301697141697903,0.0550521479241169,0.08724902944190835,0.14922719563296372,0.18387194599606896,0.2652591516114325,0.33100661257436664,0.07948528223502725
U_4779,0.3893458970667899,0.2528937112365858,0.5462507875573145,0.05288670862713787,0.1131966401890016,0.44166695160264674,0.22365183796549906,0.20827645402473366,0.09798212858389642,0.12309299068981802,0.08754276142625686,0.10089961738519451,0.23272136186492082,0.30934599382982225,0.23191734883825643,0.04850730544955627,0.26045981062217716
U_4780,0.07963472821685777,0.17724476585764287,0.25030075523424233,0.09130211044338007,0.14171204073286886,0.21206106110940043,0.15038729595559933,0.7133631354183164,0.17093814954791078,0.17454253112810286,0.18607327063164933,0.8013902159922462,0.15475135095058573,0.180742659271185,0.06473863351787681,0.09930636304622766,0.17609161754426103
U_4781,0.2813380985567764,0.250189455814953,0.2618694336377181,0.043742359382414345,0.03551556885887989,0.1445877870714114,0.038548856913812754,0.09391887571296041,0.4092558536189344,0.045701198386692087,0.05213088545160297,0.03524552967664758,0.12420704560894091,0.7928862336599726,0.5933362401941394,0.027528367596926152,0.151466888294516
U_4782,0.33060883347537273,0.24057160915789844,0.6593992575949459,0.03796112343450093,0.028425371871881627,0.11221470989212533,0.23538605741382373,0.0972756435217525,0.03223064035441691,0.07005392016492547,0.051689256689853795,0.5146267531175778,0.14494528502184395,0.616945998525291,0.47489188788745507,0.034607943578198866,0.10726303907647952
U_4783,0.09345197416797107,0.16228782483886695,0.23638172644626126,0.0764095543797651,0.08979887226608269,0.6646284228325838,0.18290693207142217,0.1279754077187157,0.19346413930989548,0.5185139069911364,0.06401218865808757,0.514916219599857,0.16217675399468195,0.15284088464706524,0.08819051122918453,0.02106785173461632,0.1419794753071058
U_4784,0.3749198448872558,0.31687537084667045,0.31428667470582566,0.043479967525881846,0.04800361482753504,0.1632717608562641,0.0738770530370173,0.09835211623940496,0.6858796615580469,0.061134381056179785,0.05678833544606385,0.05581312794752248,0.14991329335499892,0.18053103109001317,0.3203636635455641,0.050745957186936266,0.14564336819068285
U_4785,0.5600260581850814,0.5986494904201977,0.4502750502587578,0.03021123925395782,0.0337285789631064,0.2710428757939854,0.08372749319917902,0.14652455404524803,0.06736920811713082,0.09258807187986945,0.07228584331387264,0.07257574745372286,0.2130831987296612,0.28443511170181135,0.43659389187241193,0.1103066185229554,0.19964723958671576
U_4786,0.21017179295368055,0.2273260994831541,0.900941282361247,0.039023124042752946,0.2727301098000558,0.20782093673962285,0.07287176973000499,0.32837795857828794,0.34527120495299113,0.08007246325237997,0.07581985391908813,0.3999863587406603,0.1568522783327984,0.1624295382076955,0.10793354516987332,0.02021692569819782,0.1500779023735419
U_4787,0.06783086899428112,0.1687267078962681,0.7109018789895071,0.10298295021126642,0.5383643447693459,0.19549898532918347,0.15810797167665938,0.6871800314220172,0.18637757412628692,0.07699340930781146,0.07950502639478801,0.8376240751188034,0.1464456333333501,0.16398549026530612,0.07477730199303059,0.03486898431336854,0.14886580542630043
U_4788,0.26088561970976293,0.19732648552080867,0.291706713919439,0.07315609976902047,0.07077794930613558,0.22777839213813522,0.1774200688162792,0.6559705060566624,0.06795637342512849,0.057462932216726104,0.05724836417371629,0.0708849575077745,0.15848585019577827,0.18558960753290446,0.165656693941194,0.030463900978416912,0.7920356208012392
U_4789,0.09429597604639722,0.20643332925417254,0.24924006725856385,0.09446187971973602,0.12224064608346205,0.9029247206462955,0.1580447996774217,0.14680743140705418,0.21288165174267115,0.0773222893350251,0.08845135756366367,0.5070272918558296,0.20326932501942668,0.2132688522324048,0.09868619053054803,0.03530475542323287,0.15479287052127905
U_4790,0.2300526729110711,0.7869344610637088,0.22177739446981523,0.04157322675773926,0.039451802180072854,0.25968195641955033,0.06990202953379152,0.10416586543260312,0.5218017592999346,0.055603769997924934,0.06517029487795732,0.06866849653050125,0.14004086810097652,0.15374946301551315,0.1514082855715273,0.02820040647855865,0.5311562801457036
U_4791,0.3811898045390688,0.29972009507818087,0.9636894745795027,0.04734036592343681,0.04592985511352509,0.16114955912057366,0.06436966627290606,0.09142453505784655,0.05474378486086949,0.0560548438278375,0.05625846144054787,0.05567872562397651,0.1672632662686206,0.18382263652891342,0.30402842888800524,0.04253526236258183,0.1535666665818443
U_4792,0.33785055080115634,0.3042959399765499,0.3442407069835781,0.04399033628907772,0.04508752479234443,0.8692790283802742,0.08895175885294884,0.13115351802221328,0.03988115942540102,0.0729400430800955,0.06098217010360783,0.06426916059395034,0.1441876933797723,0.19744955095526273,0.34551987650780414,0.04533821880294468,0.18433841635542814
U_4793,0.5523982139132958,0.15251357637728724,0.5662339781084285,0.04834970510068553,0.053084690351889,0.17044678637895458,0.1394151194773673,0.11421254087804518,0.14494703855924893,0.05783031608653605,0.047329914592321984,0.4975637529689835,0.1396551648045219,0.13008805175261975,0.08413583970915868,0.48199520346648694,0.15627753999866092
U_4794,0.5125299563001006,0.42998472004467136,0.5621105861603052,0.03482700592802236,0.07958128804875238,0.4023785407193539,0.0799531896165876,0.1515730893719122,0.049686072759051916,0.0843620222837494,0.05533753032416111,0.07549808606467369,0.22085675416236297,0.2778247778678012,0.4906376010160326,0.0521700855498817,0.210882818323346
U_4795,0.06910678250210318,0.11734661563105515,0.09894683025771073,0.1592598829093066,0.15618233273180362,0.10464454462661313,0.11323287776839197,0.16831800317970494,0.650841735648399,0.0886406628833476,0.10346495702515411,0.062962355059953,0.10547325314655698,0.1281543321798578,0.09288945598480053,0.3829345174190534,0.6292251609591535
U_4796,0.36394191897022976,0.2842456635675196,0.2499068257658975,0.03263461844665882,0.035279299868274494,0.23602813081914054,0.07202978782177544,0.10171385410895892,0.6929208095052732,0.049931125620931556,0.05375483780688042,0.06544256597214224,0.1429219910976343,0.1888321306670377,0.2870526993810533,0.05566570325141196,0.6405428773772506
U_4797,0.2603618915801438,0.24343102122620852,0.2475636261983808,0.028619426525192504,0.044137868744566516,0.11207046208681155,0.21829127366196677,0.10401846315966998,0.045085105876955994,0.04507632898796657,0.05384613133970351,0.05617119467988867,0.12335846314572116,0.707089177986828,0.5835118529394597,0.04492051135314645,0.17449692258082886
U_4798,0.1795349675870752,0.25995567493619387,0.9017004268851668,0.05016899228004318,0.06014957605273365,0.24675541226873576,0.088511749950497,0.1279486463657478,0.14504289641221704,0.0557095395373985,0.06218314638070718,0.06259337785366487,0.15229678537863808,0.14131550905608764,0.0749601789123444,0.03236300040108587,0.5714521596356789
U_4799,0.15106282837832388,0.4907091867723979,0.40296110632404525,0.1364939313602984,0.17542351680852142,0.28233592323164897,0.24364507026359916,0.2551369122706016,0.36675870051338194,0.13407585959554122,0.10879333751718802,0.1292058448136035,0.2958680180759527,0.3136365915811413,0.15029389578173952,0.059548518529694186,0.2252723344685958
U_4800,0.30039018792460725,0.2910519698965997,0.2766902339850952,0.06176140079873377,0.05979438309617896,0.29961125485484535,0.06831437533443609,0.14039557646376546,0.7902598653741592,0.10149169165760494,0.07475906370483384,0.06934329458527584,0.18180484721294526,0.2147903790256991,0.17199439203263828,0.03246815865703316,0.31040797555441035
U_4801,0.11363874796806109,0.18550239547474254,0.17495928120708762,0.10129462307628072,0.1038553931913041,0.1954417395417473,0.17688289723879702,0.1564672234187761,0.7054219537768391,0.06853178876939028,0.0783294262218663,0.8228100960428089,0.18795632750392455,0.1779003886587001,0.0798270627899761,0.032492943122409614,0.1530353177481543
U_4802,0.3015906717786664,0.7695452316291841,0.25926368212280515,0.03527499345558591,0.030416159748260195,0.09091277308113314,0.04181811612898975,0.08534154986274395,0.030819246312669156,0.03865204035577303,0.05241833134660391,0.03610725570955337,0.13844057419132505,0.7460357244581862,0.5213890801822049,0.03168697820134291,0.14373616563598376
U_4803,0.14997449461487156,0.273754522913368,0.89819139395218,0.06830959346529061,0.08623260461754562,0.22902675185970778,0.39535470493467983,0.146637730871738,0.17306587295089673,0.08819178653531473,0.09301063163732573,0.07917955882874918,0.15934452342259656,0.18044388794245242,0.07922838626179568,0.05724622993536681,0.17696237393910738
U_4804,0.06179891203273791,0.11016480925900887,0.1119929349915662,0.11154453371014687,0.13498116519149234,0.1036015058983186,0.30977256043686224,0.16052864805144268,0.5567900075366188,0.07259394121180639,0.07120179849700482,0.49753035782355937,0.10676046059066162,0.15159443812235554,0.12893994869458844,0.31751090396842413,0.1612918323976536
U_4805,0.06192733489504432,0.06531542669919845,0.10319705786032105,0.12029446815236267,0.1651221726388666,0.4957183633997525,0.4603609736821794,0.1601451189384729,0.07601343798709331,0.07990147369100642,0.08393588343383798,0.08220594170015848,0.08743274860886788,0.1271376150293564,0.09684858877129526,0.557459645596882,0.1564651574500823
U_4806,0.4973474885671635,0.47042726884362374,0.5916442180671151,0.03702403460258842,0.04869805356320772,0.3929378211888469,0.095845520873284,0.1538720045818131,0.048132699215517105,0.08358082965439531,0.04950892367073444,0.07099288629073475,0.20162140620071023,0.27949871674617655,0.46360218891433524,0.05133413254823669,0.2329456989694405
U_4807,0.060494440780015785,0.14346891570115464,0.24708390711931405,0.06308034745634422,0.08109638348620962,0.6637130058697324,0.1569732329242131,0.1322529472618859,0.5289188207115271,0.0695885732335517,0.06934068737874469,0.06747392396435511,0.14646675762568792,0.14051852520753363,0.05731233326686347,0.484099777687204,0.134286311840314
U_4808,0.5434614729357488,0.4684649249010295,0.5454348300863903,0.032063742867060874,0.04746248191701401,0.42392780978612027,0.08199397771729111,0.1529729793519329,0.05363778184817643,0.08710272938525979,0.05335521922339155,0.0786543097161762,0.2228677191360149,0.28981052088755266,0.4902529388353426,0.054538440180654256,0.21703017569974842
U_4809,0.26567501520391806,0.20356242183782966,0.8172758364356713,0.03720346200302418,0.031603747967979934,0.181313521255775,0.031828809833877196,0.08796415315790654,0.020770536484700772,0.061940928167945025,0.04950582178562339,0.030589615469403572,0.0976466833928736,0.13785255906807192,0.8506670593558698,0.1869126000817974,0.08568987385548775
U_4810,0.03736505470130974,0.21446963668129357,0.22940098905482909,0.14670138274451563,0.24123045610099061,0.15050279633439828,0.14969591784346145,0.20179106768622915,0.16034737616919287,0.21933086131233853,0.2306896330349093,0.36307360895077967,0.2236410016523956,0.21136498139647747,0.0882636344371313,0.4861218196888546,0.23423510916099066
U_4811,0.25452455156220277,0.2502454171690631,0.18955238752676595,0.05241481740520603,0.05302894035488094,0.8938204138608938,0.10061060447554498,0.1325451400349612,0.07694877802046651,0.06171434089498894,0.05512283669798626,0.06217199707539177,0.1423299858250951,0.18737024053343931,0.1273097427310686,0.038484087970335874,0.6912067424491746
U_4812,0.37617750392751376,0.31301287124152666,0.28710623556879156,0.042641298709436316,0.046357344059971405,0.16548659719826608,0.09005074909205273,0.09852268753147461,0.05532781380978709,0.07193212572190603,0.06917672246909727,0.8478342640115045,0.16081563621423353,0.21950930389147988,0.32766161323583226,0.0475013631611923,0.14036148046197738
U_4813,0.16519881377785056,0.19283956209311176,0.2656920248193427,0.08752293557662205,0.09609224000182384,0.8944851995727837,0.11557164070390702,0.15625768617752495,0.13071077864657724,0.0618605994095688,0.07521535816932345,0.0688762842342535,0.1709544920891641,0.17972686739868848,0.09377753579847553,0.023775724750425838,0.6949318849360276
U_4814,0.023893862730369784,0.01987405357337231,0.39383234469534745,0.07480196427064112,0.5732515203282157,0.7369076223069437,0.10532477777230861,0.13111725115252443,0.24796975381870517,0.12129507866161923,0.14341970535914228,0.4827824058641331,0.10199520259963127,0.1276854948974381,0.03428491037492749,0.31712008213883885,0.1508745772762156
U_4815,0.2257772964738642,0.445225254836794,0.4613000052317822,0.022255925914576452,0.029249842890211805,0.39268670410654827,0.17813270269864762,0.07655015189413651,0.12988232870431488,0.050069443548266396,0.03966663696230545,0.06406675703764111,0.11335610860466151,0.1384599120569672,0.22820474298758128,0.10730062015593889,0.6774924770456567
U_4816,0.24946135962088228,0.21361313919659153,0.23396461421501608,0.04053763457190249,0.18221820805310987,0.14418788887975872,0.39211444112097255,0.08375424759698312,0.025207436649604488,0.06013999825074248,0.03594897857462763,0.0578622230543519,0.11685874385858383,0.7746153338712956,0.4764886534943499,0.23038241106424398,0.08635987876239959
U_4817,0.31038707982261793,0.6229119229966805,0.2796163406459492,0.03356144932032766,0.043073256128216594,0.23592776676569527,0.05441353759381387,0.1055306599725166,0.0396281111433778,0.07444929055865807,0.0528628962095806,0.03578137754058448,0.12953982230916067,0.7385947151088096,0.34621804665245526,0.4642832402916893,0.1307391296562594
U_4818,0.184287716373132,0.24408371738623102,0.2303464226841705,0.05563498000120197,0.07334449768974362,0.7479971998807236,0.08792826310972413,0.11317665252520202,0.36514864069658987,0.5498063889436736,0.07064181800021897,0.07889789761209993,0.13491526882120203,0.1472557158200757,0.11942038362286508,0.03956918872532019,0.14181198669702144
U_4819,0.2960222454051838,0.832941832894252,0.2635684275319489,0.03854046197656337,0.040677795271919906,0.15792288848896902,0.05834224211475211,0.0955021985395676,0.05634684015186457,0.08334664333279848,0.06335914022876374,0.5998292991804466,0.16313754844250503,0.16428504224688154,0.307675298078381,0.03996170199284245,0.11995060514880887
U_4820,0.35601627398254454,0.3031819393529982,0.8794135287606328,0.04985188470721637,0.050339358068652494,0.20696499245982086,0.09394027812738168,0.09698012013836632,0.048511857131641425,0.0554862705491931,0.0500357574361268,0.07196382319393081,0.169028557981467,0.17893246119338363,0.30628068233202965,0.04082514248093572,0.15126922535845042
U_4821,0.2396259073290019,0.8101051692848824,0.22742511514912994,0.036357675423399426,0.26940163678862555,0.23543316943428896,0.08753637079003437,0.27471545790526086,0.062162871498611744,0.07106674516598951,0.0584441314423845,0.7548344267474018,0.13676323056546927,0.17137994194509693,0.1278450584552936,0.013104373423745465,0.12750737990625677
U_4822,0.026746497511668313,0.07168487791878135,0.1043263794659268,0.10803453140900533,0.2781402004431181,0.1753451375530986,0.6273604558867499,0.14629424866647672,0.1349010546670046,0.3057334201075004,0.2947797063176993,0.26195743601059246,0.15365279152098782,0.20690152605271664,0.07405000391894137,0.4207741168960185,0.19864409309914866
U_4823,0.12438417405985427,0.19093823245994043,0.17756572160833892,0.08850763837215213,0.10313874021309945,0.9252208788359858,0.1389130913399879,0.14775245423888264,0.16544110346876115,0.09210534730899059,0.08776345492267539,0.08367732121906615,0.17514261827961008,0.18025049524680464,0.08922589578663949,0.048559662061779495,0.1697959256631537
U_4824,0.40813098322715446,0.4708535071160716,0.509441085435613,0.027642675776506025,0.06249416616729879,0.34611277964194137,0.11797277283007379,0.16505792536436648,0.37552409483949667,0.11236862734269111,0.0706433522226559,0.09395697981984555,0.22424928088297796,0.3186402783394362,0.24700060986420302,0.04416614335917616,0.2579013725049607
U_4825,0.2909718644620086,0.25016761686088795,0.25550597481920045,0.06593145233773486,0.029336602451119846,0.5107195137031556,0.03598305710430605,0.0836951714776326,0.025849192825191866,0.046075910289204276,0.04270482291241389,0.028876887444199972,0.12570515302956053,0.7987733577471378,0.5476382454767884,0.03694803270936636,0.20805076012459398
U_4826,0.0924181476225106,0.15673934673140824,0.2561322959479494,0.0992279388007146,0.12939485935616848,0.22137870599774864,0.2122791045186389,0.20130578829837123,0.3694840392925246,0.09229221391954458,0.09459426007899707,0.7088894767992256,0.20813843087114003,0.20631365452262382,0.10668827174168855,0.053461275494114995,0.15960100856102452
U_4827,0.3508342385996986,0.2829443135087546,0.2704157883441515,0.035267106957703895,0.05506699623569506,0.14851516561637648,0.061965285981883333,0.11252492912361663,0.0490270531084605,0.4948676502352434,0.05030759880483161,0.06228044428267751,0.13044254722852258,0.1944285233292192,0.6202189328254213,0.4127702407366373,0.1251817501805555
U_4828,0.48027385750716356,0.20980470422145706,0.5028349715063113,0.0533999967428195,0.0597320366554174,0.21409945495867458,0.11617101287576102,0.10378524797110811,0.7449612313947332,0.08402237081378598,0.06773443571083826,0.7012936326385543,0.1397991225805332,0.1484847717127935,0.09751035401413852,0.019978095791178777,0.12307973800261493
U_4829,0.37903609934019683,0.3164454444318144,0.2941119862990774,0.04115848546405671,0.04690258162578303,0.16402299927454475,0.0879222462402119,0.09522095453218174,0.05803809036654961,0.07140824408114978,0.07325132588159455,0.8600401416861769,0.16003538343431872,0.22017518233067532,0.32234847279451745,0.04930526970395664,0.1405003211152676
U_4830,0.3762825785667392,0.32673333923171194,0.39331259499535687,0.04402657255170618,0.04657332333070067,0.2743890466873254,0.06924405444595964,0.10027622133122291,0.04152220249690246,0.0674167015540229,0.05794171461468646,0.07095839831991467,0.17459430593411385,0.19909214391651048,0.33900781841209077,0.6274220624969953,0.18196808885756463
U_4831,0.07419841113156661,0.17201571053767375,0.21281443600091415,0.10936066609464157,0.10393626878301498,0.307084096775201,0.14390793956731066,0.17069807410943208,0.1426933001818472,0.6897514370721974,0.12744669699957759,0.07750084272283561,0.15346571609257453,0.19688902015374574,0.08463804456802342,0.03269814736229103,0.6778077148287197
U_4832,0.25819811234683154,0.23337468252251622,0.6369008744258103,0.03218473129043105,0.032296193793353106,0.19427858622342897,0.04487406870787687,0.0856364555836887,0.31008993202864915,0.0337744689663152,0.03729909715283948,0.05107954313997324,0.09423680534808639,0.6323000484664881,0.7091230114671878,0.01619093716083383,0.16457353270472816
U_4833,0.36396627865191467,0.3215074278668059,0.35808877739688044,0.048678361970904166,0.04414364380729112,0.18682051288757684,0.6939453945102179,0.10425900819694602,0.04976093158899512,0.06051516574494534,0.06376602310719076,0.09927232954946376,0.18958233320922224,0.1952973755606995,0.3104956990100295,0.0714481875489882,0.17770400891680013
U_4834,0.21006239429971238,0.5360440912156207,0.7452462415138225,0.022190967166687517,0.0837049564384536,0.23248395917101033,0.2716596074174937,0.08322495144081511,0.3099359508982293,0.06664762365145498,0.0395258270522908,0.19726738739122063,0.12477454629091941,0.11228057089786704,0.20394162800896676,0.016078978509499346,0.6384056907259855
U_4835,0.2165518108816028,0.8311020983989641,0.5469538544677705,0.04165976453970811,0.042897789639617254,0.7956730061538215,0.06759152993573324,0.09763460777636086,0.08268462520568395,0.06261663939312165,0.07345997197599186,0.050656084518205094,0.11264625844337009,0.1413642465600959,0.10032569164823119,0.023140663091371392,0.1356981808130257
U_4836,0.35989270049765393,0.3090237341735437,0.3026550122305084,0.05162932709539246,0.05079572449899476,0.8417679148039949,0.08501949395175097,0.09961839100317814,0.05319246397187374,0.06307480883475146,0.0854207658086968,0.052169467739019544,0.19336400165773104,0.2126906215998444,0.33038101696803684,0.04698909130324967,0.12158969705558034
U_4837,0.2694240954155386,0.2324732509971264,0.7185078392616612,0.05217473413788977,0.03786435540186059,0.18301247050246677,0.06091326244715345,0.09225549198757145,0.03201399791947188,0.06703155977775521,0.04565066872993179,0.041884050624039264,0.1245993625113255,0.5609107387492918,0.5655176189735677,0.4714053328854938,0.12104674707812627
U_4838,0.573737708237718,0.1572235829407503,0.5948726818643763,0.05025530042230002,0.05983101805684207,0.22843827597960664,0.1445200068990857,0.11765064740643384,0.0522956941732623,0.049066468360833074,0.041159233321055005,0.4970703194334659,0.15005178285468346,0.14324752597707455,0.2342234075672231,0.048593324674668675,0.4216717704897751
U_4839,0.2691069901117295,0.5509979217600406,0.22726253302580482,0.04180937270344498,0.044015124945950085,0.17229654528608035,0.04163569449141822,0.4691394053961588,0.02149982215387226,0.042645583558257955,0.03422187393000315,0.030738907694511014,0.11454263750132351,0.8788550386843111,0.5588611199545059,0.028161871610590798,0.155670755985406
U_4840,0.20772874318137338,0.44827235410981237,0.6083791268932577,0.030258094528736935,0.20038525689867445,0.12501691406031484,0.13626489988352025,0.08560930711979864,0.013616546675692866,0.046347530284198135,0.04392746686063562,0.039766572548285514,0.12185554376772248,0.3734456632774102,0.6256660200819882,0.1395738621217284,0.08531653164669063
U_4841,0.34921040574674966,0.3019429252527444,0.29583039689370316,0.05898984114894386,0.04962580869624561,0.8657792519771813,0.07502654802275528,0.1010732675136537,0.05710896535709467,0.04891440356533366,0.08349431468880733,0.06957701510350368,0.24129127744147627,0.1912763587699467,0.3443356339577528,0.039140837734033214,0.13225793240847
U_4842,0.04076561332314809,0.02094322156793078,0.5350375007787763,0.054960431250417566,0.4078001874707102,0.11610017760734045,0.5511258634317457,0.14577126192052026,0.38856761694960235,0.1513048783683579,0.12903412567841474,0.20209315591546265,0.10874429105044645,0.12880216150326237,0.0533736614625346,0.35185133758374976,0.17160964697712547
U_4843,0.33412713707650243,0.33244798510619333,0.3568035631180982,0.04384671181326325,0.041000830021149216,0.25341075765791715,0.07039701424481991,0.6414760513288251,0.04698188762118227,0.06389007433945812,0.06330143042279353,0.08777587011171169,0.11883233659804193,0.19560775542587283,0.27790969431500523,0.03703967537158251,0.6204364476574052
U_4844,0.30749539868023845,0.19396528106474167,0.28614691242358653,0.07157504046615942,0.07815387374494497,0.25315037621096304,0.15793287235685208,0.12789564350514096,0.7337600588138962,0.04711934732614318,0.053302674509666664,0.05520609180110231,0.14207643453502533,0.17788510720012396,0.21047531433811062,0.03718154155656593,0.6534117192439017
U_4845,0.2476349374922967,0.2179781326608088,0.3109641175783263,0.09226350121320365,0.091491086924268,0.2737337248690613,0.15195525132440726,0.1534764310009351,0.14040228537566862,0.14159292891572334,0.1334783557910946,0.7857285002817654,0.20611571281344088,0.2122036371583977,0.1302569224160497,0.03012216154157544,0.1910109455579689
U_4846,0.2682353241086547,0.860145396125551,0.20156070142164412,0.032847492596634276,0.03911868344225146,0.23470762753892235,0.0939122043845355,0.11426010285468872,0.040183657102972045,0.06895663848122238,0.0419179050335047,0.05763888421139332,0.12307935022498673,0.15408019130217868,0.12583127031969904,0.2255369995242598,0.4677988509459524
U_4847,0.09994881173775878,0.133655298282503,0.16216298860195663,0.14295793934790735,0.18100610779099674,0.151444538682105,0.11876090985215429,0.19204461367345363,0.06001900643385272,0.10517181129979844,0.07524691346663684,0.08078929729817298,0.11695969190593587,0.21071176905465597,0.2089014188273415,0.7216685958461143,0.3492232290529831
U_4848,0.2532918588657773,0.7055169516117709,0.26249746201019075,0.029546222334788444,0.055410683199343586,0.1532371975394428,0.07618148025990447,0.34527197358003536,0.24422871380472544,0.08931518326881749,0.08218249206218842,0.0855362012740977,0.1257528280041275,0.18432662996346158,0.24229359403875658,0.039069496750788024,0.11422387407873669
U_4849,0.3859887999806508,0.08301009576172637,0.7819200653465771,0.08813500690258232,0.12169133007563981,0.11745615734594443,0.15150671945325153,0.11187137386348159,0.11856138050706488,0.12218265413370374,0.11333052904492766,0.5027851220871147,0.07143435055138572,0.08645101528227103,0.03545686958352586,0.16323687758928251,0.11752120306386328
U_4850,0.2375954908755029,0.3376056040366207,0.47298211908434296,0.125808787276074,0.18129410377998303,0.39856393913762567,0.21922720894286263,0.2274368866298331,0.3284527765846576,0.1065308771350035,0.09687050908785075,0.11887911059854867,0.26916666464683214,0.2839995625806102,0.18696713478249516,0.04604916962280716,0.24868419908097844
U_4851,0.33192633867428717,0.26611048704222995,0.6063814344104651,0.03691478782899898,0.03791024890615241,0.16916485990813784,0.06502422234148471,0.0980918038811434,0.7307905232604196,0.053339126770306486,0.04923420679128232,0.08697376516881711,0.1579813706318041,0.1756759234061407,0.2855731974818087,0.03923093965943415,0.1395505345754441
U_4852,0.2830675251233824,0.289152820944969,0.22079692490482788,0.05301843920940273,0.06520518189994264,0.306188588944753,0.5097039371658115,0.7023736175958314,0.05905907697601247,0.057233936202738075,0.06346722764995313,0.09933167582309732,0.12241842559294694,0.1700010585310038,0.2568020994757456,0.04348410501907216,0.20929928814915874
U_4853,0.18993357709736752,0.23552945110282214,0.19165445518789373,0.06716374123053992,0.0657192059668257,0.950093729403052,0.2964188958826601,0.44972450137198405,0.12038321432381471,0.09494953520768731,0.08797787792535798,0.0827724825380525,0.15419428871744192,0.18116274180579564,0.07571318653693836,0.025829071779806707,0.15853032252407925
U_4854,0.2648193957263157,0.21671431448875772,0.20690296235061995,0.03467511844469575,0.02055324158053819,0.564204861935088,0.044086165073669546,0.3728846233123268,0.02108012690994268,0.04273691996408388,0.04022979911546904,0.039916973731745804,0.11184096974573915,0.8347593157269934,0.6924970750479017,0.025286240817333175,0.12742058694941644
U_4855,0.2501888458307767,0.24932743547752156,0.24950396838259936,0.045341215035049974,0.04449857082274281,0.9212992508755887,0.07965649721184456,0.43214712998150306,0.026738039087505758,0.06296520115832507,0.045223970167021704,0.06745895365941096,0.10076608512723678,0.15390448972582174,0.23255458283789676,0.02133239474270499,0.353468654670278
U_4856,0.019140991520799636,0.1364311249944372,0.11493255341793746,0.06307565381205281,0.0702119379555636,0.10648568850471431,0.16760071593927692,0.1174648937000666,0.8471785856889299,0.18700471056002876,0.06766318472143129,0.5603501616524725,0.15273605202320117,0.13450632527252102,0.04477935656553489,0.2965770272089179,0.12657613011823365
U_4857,0.2604597954334271,0.081201861797464,0.4050767288864603,0.05629358296484155,0.10298757316341564,0.1962164855322781,0.12689409389026607,0.10456117171020496,0.5683901831282272,0.10404134952772705,0.09910196769931925,0.7609612832686713,0.10249782209203857,0.09500365043038049,0.09025216881181798,0.03925902073185869,0.11663793609308223
U_4858,0.23408344219118016,0.21374821685430173,0.2324452910814666,0.04695168419852634,0.0495958256966204,0.1957510692645808,0.08763834433633537,0.1280320867733324,0.13732085644186595,0.3795032576818469,0.052267481252886085,0.7978739485590562,0.10805572622532468,0.13873383891476784,0.10088660584812505,0.03082001455038451,0.6592769153760112
U_4859,0.3249954851958079,0.3269770557994322,0.2918979217677119,0.043448023548558284,0.05014622008614618,0.17632508369214364,0.08181352225637852,0.13186120934742418,0.7261200610114545,0.08108189213967718,0.061227444367599235,0.06834387146588765,0.16509894503492067,0.19593670261216234,0.276728269313096,0.06880395439484757,0.1737461417541945
U_4860,0.09697074073519754,0.47638848870701256,0.17867935506280702,0.03737957964749114,0.04943210904191675,0.7358423391366253,0.25148824508651263,0.10281495961291479,0.2498407077501577,0.09564892492069588,0.05637814535364356,0.13914642005450997,0.127692582038616,0.12775279204462714,0.07451661507591627,0.08797503591632465,0.11184072687134809
U_4861,0.09372595584176965,0.18237730802464797,0.1995860044595044,0.09428311541140622,0.11388663374930977,0.1907590881460721,0.19255351833730483,0.1672878412332792,0.227706030549165,0.7844418997749635,0.08661204367719512,0.45295807346560457,0.17201303087669031,0.16697148212653629,0.07379055483909171,0.033512228097692345,0.14116413407083495
U_4862,0.08554117866864654,0.15864792107725667,0.7965957418297308,0.09514441770037023,0.13971473809753185,0.2213432031833199,0.1907114391453494,0.1775094194237428,0.19729034275757817,0.09079013666115153,0.09307841082968742,0.6377489138094371,0.20589492285933084,0.21259868507782642,0.1057287254003629,0.03809859424408525,0.15687371652468196
U_4863,0.26733796489461115,0.5574605789317362,0.22049933726417892,0.03614333649406768,0.12989965831248354,0.10203451497561047,0.32961761591164734,0.09003760407909514,0.031046945511270727,0.0658047622474783,0.04851269549726882,0.029618091639457667,0.10567243832942932,0.5015773231995752,0.8601667760653868,0.008711231252605905,0.09348117303238926
U_4864,0.4163367424862851,0.30676822794656255,0.3000083889171519,0.06471706051591038,0.06455148438837151,0.752903610845758,0.06842711549639395,0.09764574671826315,0.05601602737791728,0.07631473800025579,0.06423591371030148,0.06143089726131509,0.18979952889026747,0.19532842194977756,0.3077818965849013,0.030338715783896353,0.14854954764480754
U_4865,0.3225476450267398,0.44510265215369543,0.3023680627322638,0.03703297950853829,0.3430135979713575,0.4792982777690862,0.047225873241770217,0.08944445132720746,0.4165517506893304,0.17884653856436036,0.04903461260369173,0.03975460767125439,0.1299063406105961,0.8764278987335137,0.45814803047947145,0.025884850008894074,0.12317382463035298
U_4866,0.47850309885813636,0.845039130475195,0.25393333789783434,0.046294506828729313,0.05526395838491653,0.2176197174360104,0.08241139978570729,0.09361738993229649,0.04247713241000357,0.06046503458107416,0.05225457884920489,0.07739890076393116,0.1636325217144795,0.18723982660096117,0.3100801259746877,0.04691359981055955,0.15213010265854132
U_4867,0.2610273841184374,0.2578326571222852,0.7608319353930654,0.033374309230473714,0.39607694301328034,0.19901447144422754,0.30125917132233726,0.31669583304106824,0.09198177946095341,0.07513341532810013,0.07179269745042312,0.06372255365027543,0.13977243815574886,0.1630368201470783,0.18813195575562114,0.023029290735260752,0.13363806515436757
U_4868,0.5433460450346798,0.45021474850691434,0.5420929060161894,0.0406222898952328,0.05419652857754144,0.45816087316780346,0.0877536370840231,0.15160719435738298,0.04414983638745947,0.0786607744631389,0.055735039736378805,0.06556889562293339,0.19872550664017977,0.24841244698132514,0.5174947090035816,0.042778894081324674,0.2498008279958036
U_4869,0.07894943600353815,0.30157659236919443,0.2224979933062673,0.13118846907026904,0.2195276893186316,0.20545944169471833,0.13272033398606373,0.18401216296484574,0.17213459990956936,0.31212336939016627,0.30584150795706766,0.3715796025454051,0.23270235884622625,0.2928458006988754,0.11135028939320188,0.30427822807137994,0.2688777637509622
U_4870,0.2516302285790953,0.23072553025404355,0.2786026778133908,0.03505240458099766,0.03837003424513693,0.1965486744366346,0.3076919452032385,0.11284370300732272,0.02973864625744735,0.04132664676332279,0.05065208439604049,0.03616616015183703,0.12896824982351793,0.7698716937893179,0.618873808782141,0.03749609931980649,0.15196088601391614
U_4871,0.11701733027655552,0.12081604344141719,0.45182251410998076,0.03305732013074576,0.16548994926300858,0.11205609390776514,0.31944082844850563,0.10266712514490055,0.7397762781594173,0.20231695085020285,0.04547287701293544,0.47327690462078903,0.14629750416347181,0.1341886799552862,0.05498840727137624,0.15439392400973906,0.09702407334077862
U_4872,0.5047888123333735,0.42898140439196497,0.45482178388562705,0.03253171884779666,0.045762984759875114,0.5939636913898609,0.0804973411869536,0.165443806904931,0.05162758591790425,0.08308091537381904,0.053737952149521734,0.06693133735243585,0.18297266478750826,0.264609654875814,0.45717272815593046,0.06949073810514048,0.22304996993511395
U_4873,0.21284257990195266,0.2790894394845358,0.3129771597874795,0.049840197832386926,0.05484120342736276,0.2569899364186351,0.08587379435486156,0.12789037175605517,0.12151576182608753,0.04958685505273036,0.06238126557673962,0.07153398721416612,0.15690371544888906,0.17808086871090048,0.11661400094792294,0.5110733908577378,0.7722721894943388
U_4874,0.24991181679691,0.6330362955935283,0.17232140267164084,0.046595572475030066,0.043911878502432,0.7405721134979675,0.05818740933690161,0.1149282078098359,0.055355861142561226,0.07031095752832907,0.04860788274337124,0.053225058760903964,0.1341516495231542,0.1600153770159985,0.22425701843192775,0.029484782271888207,0.726554447992865
U_4875,0.27905620340427273,0.8684215384761363,0.2820810484174794,0.02858202263526661,0.028961255112900104,0.14749534943791826,0.08081062536346212,0.09998725288017472,0.3445769668828374,0.08471944744300748,0.047115196571340286,0.07591603624153478,0.1461469790029323,0.17194574805536894,0.23699006393693536,0.3332202781169687,0.11838898817618324
U_4876,0.056041813555682524,0.06255476959893677,0.12612218328548558,0.10102237588539535,0.3919772866270943,0.07019167604785752,0.50246884237247,0.1368519545986702,0.2534030156203173,0.07642978220985785,0.0904688377248108,0.14730249306620252,0.0847836522837486,0.1292138274553259,0.06371878278914135,0.9528823988825103,0.13438685591643865
U_4877,0.0448089708672199,0.08051857137795447,0.12541976164453308,0.13910135916811525,0.2204944925421667,0.1251019911869414,0.16324077381871502,0.17519091940672044,0.1118102348132627,0.21137130332071485,0.204364027503298,0.18960082523753483,0.12402568999773561,0.17407813577810752,0.06797690329861633,0.6727869546532328,0.24549130761306942
U_4878,0.06013313023401079,0.08553220582925897,0.0909276548387129,0.09220172957628486,0.13221422195173277,0.46252830086393,0.09188344252877863,0.1328527926986259,0.036474521617917574,0.06499534413590959,0.057931774729504046,0.42332469960532904,0.08231442529402128,0.10450422441651777,0.09685057131506931,0.48446415588209146,0.7360004223851422
U_4879,0.37973500835391877,0.30307811469517354,0.7010511830988119,0.06359994931695419,0.044054081028920195,0.15953530448597492,0.06343331716101705,0.12083107371950025,0.06032143733933942,0.07736984829563881,0.07637310502111433,0.06111883139494852,0.13879730494504744,0.3192284624747408,0.3184267728330524,0.05086710701951643,0.14798829545439965
U_4880,0.0323357101541915,0.04417023317379329,0.08234095343424944,0.07822376100276225,0.14522030971013272,0.15293794531393068,0.6243670841920093,0.4051954744005978,0.39094592880710033,0.19753481970495673,0.18288264353437572,0.19370545402517594,0.12163895739266617,0.13040540490975652,0.053097052056630435,0.35676552165723013,0.1149369459828411
U_4881,0.06262139009663545,0.17511206934833948,0.2083371522404852,0.11530377817182524,0.15032446212569206,0.23495853061964933,0.19864342266580012,0.1635538104464404,0.24209260160190943,0.8215788399691564,0.10648339420017769,0.09081262348950216,0.2740634268983085,0.1967554888054348,0.10194273431102097,0.04890786812182632,0.16436861761553093
U_4882,0.3502557007442104,0.3361880078021847,0.31816741004434107,0.051578347322741955,0.061290502020533155,0.17762350844146652,0.7752616364590158,0.10878725802370745,0.06649368835844324,0.06316578111364757,0.06851532490569508,0.08194345365769441,0.18851295264991558,0.18542548996639938,0.30391520093124325,0.0553580583865043,0.1547330238722974
U_4883,0.16311747570575244,0.1728250157841462,0.42819771881189495,0.03207143370829212,0.019540372531392104,0.27597072498038155,0.13009296699172138,0.0911155014208577,0.051340826064513685,0.11455540654669408,0.03579080561576144,0.45882355245630424,0.0844045176149004,0.09947959733314907,0.09438711768992661,0.4381571028497177,0.8951324711916728
U_4884,0.2641985703096558,0.3837016665572425,0.34493945819759686,0.013624192206227351,0.32098981226699425,0.28234134293588237,0.0677687039578637,0.09110792037152002,0.17373346888641056,0.4510991199720582,0.07104441569647002,0.28103964186714947,0.14827538353495265,0.1898776006598595,0.18557672492918173,0.15797059285659062,0.18766224622101202
U_4885,0.22650856784756138,0.18425762626924852,0.5770342733971897,0.07279272083480208,0.06421334803859184,0.9970089783850874,0.16673440944061146,0.14858042528105442,0.07260735156353179,0.07192431104877614,0.06465110044914102,0.05601655313339107,0.16392455597247454,0.1709541952616279,0.12681031191321557,0.04204879132116432,0.16948103276123366
U_4886,0.5306344138889564,0.45301408243678287,0.5034878036418472,0.041382272787669865,0.07385880764929054,0.24248301854429782,0.052061726957910386,0.1466190926810726,0.05304869166089052,0.09648567834107949,0.06390150995844417,0.06952018078039937,0.22287774957864437,0.29396809860112666,0.5398681360796475,0.054800098349396704,0.2132903183398019
U_4887,0.2790291423301709,0.27836541160736805,0.2976609563546028,0.03501725093284784,0.06774170645267695,0.18786652666183293,0.11954552781806702,0.10796731586359141,0.13986590649682829,0.061852330918960155,0.05004217465112094,0.07897789756265139,0.1421986879616486,0.21367997731033977,0.1645622429720588,0.5565336025028729,0.7102586202012741
U_4888,0.0494155059827867,0.04673598567643829,0.11021895624915319,0.07546371136792229,0.16870400781331785,0.09746725700639552,0.11923762677255126,0.5485440064248478,0.3492790150991106,0.1947614607445128,0.19710310134576353,0.24684639681538778,0.13612899055178931,0.20389980525139995,0.08518101258482766,0.3231452273960309,0.2099484806263731
U_4889,0.33895542103514137,0.3409275830911564,0.33823975429553593,0.03544332045581044,0.051609924799559094,0.2522268576098294,0.7719259724102749,0.1447632969504713,0.04613709183032244,0.08456071744645334,0.06420910961866642,0.06501675800855211,0.1455260193643012,0.19876039632508133,0.35295625695637256,0.06755205845571592,0.19148893942017697
U_4890,0.23694621668862334,0.2286853065886201,0.3226854790972163,0.08794027883570583,0.08473668087358563,0.2898095820860614,0.12716814914063646,0.8024356690651496,0.04872297376993892,0.061142386620747044,0.09096454785225776,0.046469660635724504,0.13944255825372118,0.1735502958438922,0.15841672554712813,0.024656049301255006,0.6310361241780659
U_4891,0.034583319633414156,0.11902871264406914,0.20315970548475173,0.04512023100206363,0.1867131201573654,0.7338614446923244,0.12429654982210755,0.24087740995761003,0.5793974726939812,0.3248424945810246,0.040609515034083846,0.4052786286551223,0.13792961265698167,0.12895472279188125,0.025013538291177494,0.10529938857090528,0.10132460074322536
U_4892,0.057148446080274265,0.03546812132515731,0.14482617460261427,0.09375493236758087,0.13968499284676533,0.06932174514541498,0.12319456120889319,0.5817770546452603,0.38379176423036315,0.1396769258705166,0.14021102792513335,0.8285030411015352,0.07265269367378738,0.11322589640967323,0.04992100879215439,0.302941513536631,0.15152547352520562
U_4893,0.3573169882132668,0.2516603860647758,0.29733602727349684,0.04129305848231423,0.024711536118678358,0.6470264642141279,0.36461020480215917,0.12009605176524424,0.03566140916198918,0.2878768168794993,0.05151691318181206,0.07222821729348128,0.15283765670843633,0.15707208668943778,0.2569457008419825,0.22799556243091412,0.11773649796850646
U_4894,0.22560537543324827,0.18579523321828292,0.30474116743871954,0.06515350690177836,0.07926417408567811,0.6046122613730549,0.15012118579603795,0.1211696430353438,0.7367762468540785,0.05841935623967484,0.05350155184798206,0.09573636457046306,0.11768983140524839,0.17625514155234326,0.11995240112876426,0.02899873946859713,0.41964868310979364
U_4895,0.1877732110025432,0.19994769441570917,0.20789303960765773,0.02996160050371635,0.030626493555694252,0.8694678821939864,0.0843317671596165,0.10173123841222975,0.12488325365554581,0.06437830624533585,0.03916730976800177,0.06319865179331127,0.12568866351815547,0.12584439975311154,0.11353052367132352,0.04025534424942241,0.7122500413745065
U_4896,0.09736527417346463,0.1074576017038296,0.17620753825774124,0.11363599506414787,0.12265206819905011,0.20330420837417046,0.18130668450079646,0.13784495165734545,0.8208738316124499,0.0995619972566546,0.0835551805991485,0.08916171691149853,0.15401870932312056,0.17089914979707233,0.10683788243427991,0.05131227964591756,0.15700205919794433
U_4897,0.22018950793944736,0.21593678467549166,0.1856530716257259,0.029831837537131867,0.3085752479495893,0.8527464936735546,0.06125344935085608,0.09527346075323924,0.04737895094786637,0.051520079793198344,0.037277365036394845,0.0788982033019657,0.10872631675515584,0.16712717139376557,0.24031686235974908,0.3017898891300175,0.4436402127940279
U_4898,0.03356596271334921,0.0668727610833781,0.39644673438475175,0.10831344449883756,0.15101259512719392,0.13028038276353782,0.08370989252315848,0.11768874477106543,0.6455669638394314,0.1344248465900269,0.13432207229924437,0.5895310480682932,0.10314542219134534,0.1293095943946465,0.057099378909668236,0.4710682145823902,0.15199510156536244
U_4899,0.14833172164808092,0.16462978297646003,0.2508213251451787,0.07982673721293611,0.08309630816135784,0.8476935461381764,0.12561584456916686,0.12099040834651895,0.5047471721544083,0.0693211751676505,0.06934416538543084,0.052846208421230965,0.14595855270195315,0.1379068933949188,0.09791438460222421,0.036670487972416996,0.492268843943764
U_4900,0.1695698502602467,0.23017543721498568,0.2350632786249426,0.06925200168453227,0.06598257692483933,0.27069960265064763,0.14576954447725957,0.5878263812440923,0.1341962080949403,0.08055636231140331,0.07702073672538591,0.774048730058919,0.15622417375569386,0.21110917509025187,0.23674112967772676,0.03192183725564984,0.14248396408770572
U_4901,0.21618464081457822,0.5606263647942467,0.24564542557062774,0.03926904360482318,0.04795645953871164,0.21748994211843087,0.20714268194563942,0.10663290926582833,0.46899913314128544,0.052037828830557124,0.042470612865733726,0.30433597198579,0.11280568625903285,0.1294250986560678,0.22878999573674996,0.03215529929465842,0.6436616742561629
U_4902,0.24369575755863238,0.5891104945992623,0.26679787067701594,0.023398071945377387,0.27412980200123227,0.7173480400507151,0.04833396323046668,0.09158390907847658,0.2654845647434653,0.06306201615694945,0.04077406671348691,0.37645924329212277,0.13751921943809073,0.15602582490370437,0.2608260544067017,0.04012731680740088,0.0999010722526458
U_4903,0.2021285977951105,0.16282308066126286,0.2340133313935241,0.0652355860930981,0.08909352774676797,0.20449500772209322,0.17384312392361545,0.13154753660560828,0.6122325334286651,0.5261225433071631,0.050387314619459875,0.12282547855207301,0.12366145556106561,0.16823284975928426,0.09472619920458787,0.050760747486293126,0.5359625823090631
U_4904,0.18099293446151707,0.2075890501186565,0.20141257864457598,0.030183995648708876,0.3968752688315947,0.7478454499362224,0.3785893052814871,0.10244956738153921,0.35577489275999696,0.050967986075399145,0.044223939424973664,0.07925555921204064,0.11337361968948553,0.1532509799489302,0.10537480228672878,0.035775246210374756,0.5304697352971602
U_4905,0.3737219935056679,0.3435260240707999,0.32474238674201283,0.03968050708159639,0.0418314687564644,0.1939858552373187,0.07475545699385944,0.10701506013619223,0.06305303977990528,0.06525451598290839,0.06677859365758664,0.0812514660229493,0.1763236222709898,0.19808205865012626,0.3366096456896247,0.6903785055513326,0.16677483980627
U_4906,0.06382181199100277,0.09307926693555929,0.1425563850481068,0.11892998585494108,0.2025805795305264,0.25816550067809524,0.12835053377108388,0.17704848752276053,0.13054352635286778,0.20193225009292662,0.2137413839652622,0.2585203399733009,0.1908931932371273,0.2400838685510587,0.09419685453484336,0.41956725414760215,0.2584115329339519
U_4907,0.027698686482158452,0.10108225088158729,0.10963928990483897,0.08921707433335199,0.18771042773776778,0.149235361341563,0.12247278170325834,0.1373059607586823,0.061070106818569087,0.20896660922835153,0.21918556121305274,0.22259619296979874,0.13118091713285465,0.1342481368699316,0.07696895827217999,0.9124892470372152,0.19969033240211526
U_4908,0.05014617174318782,0.05793680247805372,0.0794227658836826,0.10658487390982152,0.1847863369061564,0.20576173199450867,0.13854490103311093,0.15937661613184032,0.5766504239848423,0.272946711126002,0.23709818178330203,0.23354178480278226,0.14267216566612312,0.17955921234375022,0.07703738857452515,0.540156811149656,0.19838334022121076
U_4909,0.2153717215363179,0.3549687608095477,0.22838551577519928,0.023989074353322305,0.025092713648514994,0.7633000650620344,0.05723133205861783,0.2552220101220702,0.030447394634537606,0.03930062728697358,0.03557658660432681,0.6090055036580116,0.12851352261897686,0.14497753218842324,0.23848943311844042,0.02176080861533236,0.6226113793053816
U_4910,0.03259205113711577,0.09669720328780665,0.07872071633506207,0.13627764677905152,0.2006302280752642,0.12036517982630204,0.12459770615140625,0.14877908233829412,0.0923731653957764,0.20680818102062798,0.29680033731009836,0.8775035807088145,0.11230619648787364,0.17720266008310084,0.07367398050705297,0.3722240469600656,0.18010098063971708
U_4911,0.2946500661865723,0.24180981698681173,0.25001222375609855,0.053443846400121855,0.03792940229619804,0.47158994222607203,0.057551102607742766,0.10248005302305807,0.5629190637856921,0.3307041748195729,0.06420339072523198,0.04100356594308735,0.1328106698838067,0.13340697028416942,0.2255580552117198,0.011961750952955586,0.5745925777584776
U_4912,0.22683418928984467,0.899785667663949,0.252683109309248,0.02825490210142654,0.027623840064852245,0.15296358093409723,0.055412667906367716,0.39758654588517733,0.04406470207510225,0.05830445769305567,0.03732757118629727,0.4311793833897869,0.12394214383501764,0.1692432449464539,0.23250698939271947,0.1815093344664603,0.09574809526128777
U_4913,0.47630874920725175,0.33020108826428735,0.3481858220807827,0.041828396351651524,0.03275833891857694,0.23849649063834127,0.07833727612766922,0.13625090635867212,0.16902901684364371,0.08582510520749322,0.06348923553814027,0.103676841988701,0.1994802381452262,0.22117428025633196,0.3597635032459805,0.08653056452511268,0.1676502424016844
U_4914,0.32049499418107225,0.27994361828717507,0.30761343306017364,0.024136298317899693,0.05550775001674528,0.23908248051371972,0.08720016447317706,0.09747911663434124,0.032413776410845925,0.06271620204574196,0.04813479924310928,0.07798926268024221,0.15697519461785345,0.2170277267646298,0.30337204840186915,0.579604105571255,0.6380645627046017
U_4915,0.08600128076830535,0.39383187776979856,0.21561914140851512,0.10377473813589094,0.1529065299143066,0.3890425589860316,0.1906874377505411,0.17589505876721068,0.2876447516792888,0.1130139888008353,0.12054559211187293,0.09606160722237307,0.3151471736552398,0.25998268364863586,0.13411841342237088,0.051417568758202144,0.35068317667125976
U_4916,0.06612840070337944,0.09970979550633469,0.12862755797400244,0.11250385326004027,0.16322642523915815,0.6406782582869927,0.10519400885171908,0.23893050941462946,0.04767622382919623,0.08449413406519686,0.07757306180680662,0.06815933864889218,0.11615388688908579,0.17030920366022,0.35725862677326714,0.40659859136594434,0.20255560604422734
U_4917,0.02972751955668055,0.0488381765994883,0.6530237564321291,0.08351556258624114,0.15924007028033482,0.1387454246230368,0.09435491128054421,0.1369881732391716,0.08630429068766296,0.14635299317439238,0.16185909925874936,0.46723810788066567,0.07845405728841923,0.11179619921098059,0.0498684388177484,0.8249017317024308,0.14624992393773037
U_4918,0.2108952410016734,0.1671940173577902,0.23748051899730155,0.051757860037310005,0.06741613757276507,0.2411401748161503,0.14155629336702763,0.13584865177902633,0.4389544273223083,0.517441555989411,0.06093420268659917,0.07512809222752803,0.1365705710332286,0.14623817855927632,0.1181111957710103,0.057194181488677207,0.7651385368291358
U_4919,0.2968146680474042,0.25372924080215536,0.27694749438271243,0.044509703902529646,0.03040634803463744,0.11745027190791424,0.040209313433355535,0.087550332485921,0.03217497081591832,0.26598537336450756,0.04526934423463381,0.0322478136280179,0.12691157912638518,0.8161172463730929,0.5895826501331376,0.04548063355678966,0.1932361380772249
U_4920,0.06400595076288944,0.273548818641394,0.28090303700046404,0.10465637374711192,0.14751241445774732,0.19907615445528276,0.2982956786082613,0.15325679863646807,0.3071917638056364,0.0848806039705003,0.09731241299799444,0.07693558523692912,0.227686947694949,0.22604708922617478,0.08634820637787605,0.560019209748163,0.16788976846193002
U_4921,0.2544556151860671,0.44901927858640567,0.5580628666450193,0.03101731841374606,0.03027741139364492,0.19259073917380212,0.062092179512794554,0.1185114677796579,0.5759183224648463,0.06669004586533461,0.04919030985348165,0.0625108374148357,0.12945582610198533,0.1373733298905551,0.2277871419406961,0.037952704854844546,0.7670442497984595
U_4922,0.3305884773487343,0.3681032341266524,0.3101299784748854,0.04830337338813986,0.04119632060480409,0.25025934226786956,0.06516647107264124,0.10873729962733694,0.7073167335659069,0.06994014388924914,0.07016824478140243,0.0877479070271859,0.18507879977506772,0.19782637278058227,0.31257975248452097,0.06639416508558703,0.17560714493522914
U_4923,0.3619342692178081,0.32001063974475596,0.327065929924981,0.0416516123680264,0.03901728915831445,0.13620509177099058,0.07754291000411886,0.10428453850975036,0.06087278483258417,0.07249968514791962,0.07524975690909005,0.8448046531997888,0.198128859566182,0.19495150278793089,0.2852385822016896,0.06681498749350823,0.15885434691769768
U_4924,0.029053506810349822,0.059249482712746604,0.8632224604776993,0.09185849990511355,0.15668303894753877,0.1762303733578953,0.13356214034866135,0.15810376659298148,0.12172443412669215,0.1892702716064228,0.17524584776687283,0.30305014436461414,0.13836971241302837,0.15429005266450754,0.05960146736417826,0.6980659723810947,0.16561554281628477
U_4925,0.32866870828515266,0.2806071340107773,0.8135780700836799,0.046278076586869846,0.052837517182406146,0.25322380718557214,0.06336476105747121,0.1037582526455504,0.05424217263751449,0.07374241443438755,0.08787451194990163,0.05295345322105284,0.1546896621108365,0.19203929357012467,0.35963858280540606,0.05309084216738949,0.16112810924198126
U_4926,0.24553560242036548,0.2758261486874465,0.17866230488181492,0.041495864634165956,0.06658199582145365,0.2249481675129646,0.10205261782098128,0.13183550349154965,0.046075473546181925,0.06411574584815287,0.05285124189262207,0.08924415402729405,0.16190278713999157,0.21742782305245673,0.1622948369301742,0.5351135478024629,0.720409414333964
U_4927,0.19839371091697333,0.20098272836184117,0.17035288313450572,0.026864234668620632,0.021265285453157708,0.5903044541548658,0.06566105320852143,0.12849539501889307,0.7307203884318251,0.06404076944485196,0.04709621957791143,0.0686564511638099,0.1227286341803977,0.14192661869451723,0.1343754626817943,0.24233288682042037,0.6769988657352158
U_4928,0.04040295577395788,0.03941254505324388,0.16274077615314667,0.08827725809708246,0.18769186429325496,0.700047118821284,0.13171702092971435,0.19318555102458718,0.08491661139054812,0.20034864644494516,0.17695058476347922,0.17088496592243305,0.11442735109914726,0.13422268837301835,0.05333433918579421,0.4562583657213801,0.17428068273253414
U_4929,0.3890168653290658,0.3247602431457632,0.30907285827014763,0.048825826839680245,0.04450619807616661,0.15590506214461713,0.06184161898973127,0.11359810510206864,0.7644524151396507,0.05647363558742406,0.06802846365363249,0.07300433868797288,0.1663349439994649,0.20920124214805752,0.35479765120296664,0.0506781100411763,0.14346684671403265
U_4930,0.2286714155841087,0.20940252592798908,0.54132856322715,0.01834780932596514,0.017710230597296085,0.11057463307936484,0.03659082135321434,0.17117304630105035,0.14747353897661003,0.04455572139224051,0.04086321473718075,0.26541429478932427,0.10245020878096381,0.3218637290256823,0.808298225356814,0.01835939358079656,0.13207179452553186
U_4931,0.028059416359883654,0.04785907636629476,0.164801569174587,0.08518816651897408,0.18504986122130818,0.848049621500597,0.12986405166264098,0.15795762993738688,0.12377400075592457,0.25196067578663683,0.24142149044559125,0.2407293088973372,0.15487651556705828,0.19197033099150868,0.05573521046645408,0.38716679223124434,0.184654995795924
U_4932,0.2396543473719224,0.2234018186144875,0.21950716093673878,0.03525403372989783,0.03180293432141753,0.16950845714824012,0.03782874779703495,0.07722945933404952,0.0269934362331865,0.03155260882344295,0.03054940201833438,0.6002124759004595,0.12581304952190975,0.8579010540971359,0.5037415424464023,0.023019054472283668,0.15176086152942309
U_4933,0.14042267142611226,0.21178395591030139,0.37708757929310927,0.1417548924310463,0.1912820860412101,0.4064059571571567,0.23363491946617623,0.275708743467834,0.35191930986332776,0.24178155554282982,0.24757277636601477,0.14418022219868576,0.30467096612414013,0.3424018526543466,0.15136200839331465,0.06604135877159309,0.236295608764089
U_4934,0.062133686625749945,0.13214066099465152,0.13595659627869722,0.14907796782433314,0.1667492872321894,0.1382839262481,0.16011138526606156,0.15651514335568986,0.11955074204526284,0.6408008621139885,0.09818603368785463,0.07923181616442511,0.14725413177678476,0.17620259397894822,0.10971838736573465,0.49556381295813634,0.17599985961235912
U_4935,0.06427661509121695,0.22045992886078294,0.22117374145712304,0.122277305176834,0.13760167666179257,0.18732063235723337,0.29074786576604006,0.1611382082851331,0.23612294294966812,0.6883900349214708,0.09514852757143369,0.09977737828741322,0.2533945299540032,0.2053592216728757,0.10199232660720965,0.04541722771102025,0.1807584766825721
U_4936,0.31374634564103165,0.25947901507311494,0.2944906808632662,0.021471315691544184,0.024792017440871263,0.3989462142881305,0.23471689700589532,0.0937963642991651,0.45301711997137806,0.060048999571130246,0.04010738063879081,0.2797221934182589,0.12778088285150274,0.1613198282525528,0.24796577086352878,0.43238100401405644,0.14652577850491696
U_4937,0.36043768640486973,0.32788106886152807,0.9076122209061445,0.06193609605975338,0.048652367677493286,0.14676238093673524,0.06799032020672367,0.11614132903374404,0.0509442637728361,0.07377719873615286,0.08849627731127384,0.08662950297380345,0.12738646652592878,0.19190014522012339,0.2507519159916166,0.04796244687965778,0.13145423206530696
U_4938,0.33303156070915085,0.23079632566251776,0.31070067057559103,0.06340701152374831,0.06799255944526426,0.24870184638029574,0.2002201374442692,0.1538127705791422,0.09242625103528886,0.07314099254828078,0.0409222031852646,0.12849546387613034,0.142865715383712,0.174523104075318,0.16728120962012435,0.6281099696270765,0.18376524804560246
U_4939,0.25359555330524963,0.23501025240494802,0.2709637213085872,0.04646019954820296,0.046802677773908924,0.18555749394512017,0.11271842228287489,0.10171194811617264,0.06688873319181969,0.05930631375776943,0.04846561025471439,0.5182804118043336,0.13173465922556135,0.15525780629978853,0.2227466837740697,0.015122296660324015,0.8195472908080994
U_4940,0.30458231970019195,0.26776279516856866,0.8341863849962592,0.036884117783369974,0.03956314311448375,0.22748720781163717,0.066812517155941,0.11564457043293006,0.05187808733941227,0.060599039074020075,0.052703720479694426,0.05204701936832674,0.14754085233620962,0.1823617107411107,0.2379570821984196,0.03876393229049183,0.786784906135674
U_4941,0.08900853111241391,0.9048386583117006,0.15389912558793428,0.11730543004911526,0.15053840399687585,0.27975981567742386,0.20381796069398495,0.1405286567732355,0.18280115552179968,0.14383631680470632,0.14666434772637385,0.0830502275654907,0.260870409972953,0.20641949322819533,0.08974332180536831,0.04181241420419953,0.17501059162299054
U_4942,0.18604851153888882,0.6163889147875273,0.23086867321243057,0.031245406571458426,0.054188369675885854,0.25676111985229516,0.09498696045803932,0.10459143486241212,0.6782660911412954,0.10299244642678282,0.09282239952375454,0.44476549581132246,0.1155991836749865,0.14853731175961937,0.09843221905902491,0.2504806395028792,0.13698071965758796
U_4943,0.22388831911759455,0.6059882244108287,0.7303610011196794,0.06588368482586374,0.06752663849022694,0.23795003531541412,0.14800438663349402,0.12772633081231602,0.04730519472716686,0.04997872595985734,0.05584236216457402,0.31606643480536817,0.12335389358290832,0.15578358757402336,0.1334259438097331,0.01924598425961257,0.37680272840547135
U_4944,0.3116687729266626,0.2654331366844481,0.2719729734082374,0.037659235868403085,0.034236427035677586,0.12533264543155273,0.04513534540456232,0.0933973797088418,0.42744733386576067,0.04528905381000423,0.05250959857966851,0.06449573652346356,0.14922368660601298,0.777711379008698,0.5398724869673514,0.027821340057484586,0.160038845142774
U_4945,0.3030109513974786,0.26575550964318284,0.8698441478305704,0.03180793396929238,0.3650473253954526,0.604249482003929,0.06285924667040886,0.10274388980825397,0.05834413165847663,0.06403308738609784,0.04811427917389966,0.36494708901815776,0.1503964047975707,0.16994368406235713,0.23131387360343117,0.03847055036979201,0.10041145669677433
U_4946,0.08936742920807593,0.20996373697445017,0.8248368895513395,0.10396032750852663,0.12144163671434302,0.2196310632907276,0.1695177755827956,0.1549402528103149,0.22163741864127476,0.08148265304444398,0.09104354821214616,0.47205315652114965,0.1862407562800471,0.17874039192805385,0.08256590521685077,0.04246409503800777,0.1723966133231249
U_4947,0.08816944940902846,0.08048081740422193,0.6921649679025703,0.1070207477300252,0.13214009877752414,0.46349815221043766,0.11042081550541986,0.10833894618331752,0.17312567524940917,0.22130597781197195,0.25364837642053134,0.2826929632263279,0.06255061825597076,0.12590447462597693,0.06170160497684821,0.46981373694219786,0.12000839963674684
U_4948,0.19568429893907416,0.18997533320536997,0.24132532220391623,0.04949123684566933,0.4583161966900105,0.24554607579487314,0.13432328791379738,0.128354699584934,0.7769439456688108,0.07631542613853612,0.07117256123543994,0.49583716847309856,0.14954868946305233,0.15389515146473498,0.08947201402270369,0.2650674176262211,0.14543676683905887
U_4949,0.3517100253454403,0.27280799233707376,0.6837105096577841,0.05147968554544566,0.04444940509778825,0.13195198586813858,0.059584714177402145,0.09201679304052979,0.5438478537805461,0.058327730264480696,0.06853317864435829,0.04495056936652557,0.12970864282460606,0.18275848578378012,0.6404937780860264,0.028957428151800205,0.11585276373431952
U_4950,0.24997997198470517,0.8733965705913647,0.3018301611416849,0.05811071655483299,0.03220306549794848,0.22135233492139472,0.0600261274060576,0.1188984088577904,0.04979982222456765,0.04945078795097183,0.06011698503044166,0.05217430789604271,0.1647453083119674,0.17644804171622835,0.24520101608578887,0.022186282863055847,0.6453267713471065
U_4951,0.22612044080278737,0.1975674106360859,0.22891693128850432,0.010343358530994818,0.028570860758627636,0.524501224255856,0.06887402177962615,0.0796901660052397,0.3293955451240168,0.058375143568853344,0.0511077168811305,0.53767160602054,0.1174944457768533,0.15061180606494676,0.2413878294319025,0.018503141545998004,0.6847584144152149
U_4952,0.13587941010762505,0.6584909587275993,0.6778773776736121,0.05514291460564362,0.26158389926456616,0.15119963738371342,0.15639002412577177,0.1308928562857305,0.06954006441581634,0.0801288683711652,0.05824811338630906,0.5369856584627449,0.16238908927407877,0.16941681680239626,0.06180499748514115,0.20839479050100598,0.12982411039074937
U_4953,0.04270266323115454,0.3977678739063941,0.19827719761350016,0.03518592513490912,0.2855492609442617,0.3918913427192016,0.40731434465841015,0.10280738574957222,0.17076779664701466,0.5620714116506742,0.05209771280288587,0.42288735505450226,0.13929655292027718,0.1421975492790525,0.06195932605187991,0.3084506411221642,0.08504450157788321
U_4954,0.23731558767671015,0.2110160020122486,0.195410289477302,0.031222573986979058,0.17945687335434368,0.4413440405939024,0.07143435976564505,0.11578912428789878,0.7476875128322661,0.31375786571280406,0.06856874364288881,0.29117428134380857,0.1480168401975826,0.16449079462626176,0.09541147851081694,0.016868363654058867,0.11429349103841166
U_4955,0.02478558324697242,0.032193992214641615,0.160196581497703,0.08538373907142938,0.13653224010444295,0.1060121297585088,0.11866258678103575,0.3633140044295551,0.29684680151675724,0.15287098895658766,0.16276172147966012,0.7845471878016578,0.08257714601107646,0.12910579064263986,0.03286913611967371,0.25676867711574564,0.15160961476032664
U_4956,0.11478885187598367,0.22435204060656355,0.12819307913438283,0.04485796602477199,0.2565140337664467,0.19139170054628862,0.1341837590226557,0.1379558015246482,0.48581452724253205,0.07492947946082648,0.0805798444559454,0.43706099822700323,0.15813891508146766,0.17197777789628677,0.07692099365840938,0.40288997059951387,0.15775320555768738
U_4957,0.08866663695036761,0.4268878114818907,0.3106681866039581,0.10111699495351716,0.13454982226943613,0.35744140461421176,0.20030143645579795,0.184742126270826,0.34424898801813464,0.09896609257070771,0.10724782240474748,0.10167310648047975,0.3085737747999825,0.2605984239464851,0.13021267381639226,0.05050504738477751,0.28446263696317714
U_4958,0.3404034458363986,0.44386928356331806,0.2919384758974729,0.05504824309863149,0.046045933685177204,0.20932436817668232,0.06755457854031578,0.13187304836618413,0.05303906198648756,0.6671680029514926,0.0755592322058593,0.06767225336754444,0.1459489064504322,0.20161689767436822,0.37160673600850364,0.047111905236199944,0.14221846269337818
U_4959,0.17992537329636923,0.11977171887719418,0.6871185271008048,0.06711053850995818,0.0899165197961367,0.24650710279115512,0.15732998338774937,0.34342507856004384,0.14178000878807742,0.5324201287039327,0.09633377358620203,0.0958586181686356,0.1512230808184096,0.16778377211272716,0.09585945397926345,0.03172894325702039,0.16716651752019396
U_4960,0.18229444029888175,0.20276182063086196,0.22184733432301523,0.029049841678819535,0.05781163987429655,0.20492305574276945,0.07812800610768231,0.32860333767467,0.8045493047035848,0.1032812282040528,0.10263412542037685,0.08146142892413215,0.16213054925556503,0.1617827434519951,0.14979871345995363,0.037042791694736316,0.1268919534363506
U_4961,0.3206051827729486,0.2633712829873589,0.2808099436306261,0.047382970261624455,0.031293367492194676,0.11418234851461452,0.039156074117357866,0.09237973183216193,0.038494908309212185,0.03851986778790158,0.04508404590770103,0.37882381295592643,0.12979376321490763,0.6793561903014288,0.6959778482778151,0.036750969239730924,0.18623211588636632
U_4962,0.30208625755253626,0.9681839424469113,0.303610299228503,0.04467715158897309,0.03921879282707719,0.28204157464280166,0.08409899334072407,0.13066407819266868,0.05684864203727788,0.07084778494830168,0.06407062654006436,0.07042368667380806,0.16180950930194687,0.20434888404385823,0.27214873198993955,0.03518961846486752,0.17651682602481264
U_4963,0.03604145798300921,0.042058779158188106,0.10088712004409812,0.07327210611164309,0.16310049531746992,0.14944812555458745,0.13263355646946498,0.15827737158871671,0.7686247776993528,0.1906041653658285,0.18939421001289775,0.19215973778387724,0.11625695732241366,0.149138030603796,0.06099439456882967,0.2793536317270668,0.2105664574829447
U_4964,0.3179154193425951,0.25273518395269085,0.3169892045024198,0.029405867048582522,0.43208572818039054,0.7082769432298366,0.07254712219968897,0.11489914197922577,0.07032767890116112,0.5279378165208625,0.06162277227809124,0.07198387148478033,0.1391597383470159,0.18023641629784432,0.28994147186244135,0.03621332458680297,0.13624418559281332
U_4965,0.39864201070610156,0.3942890751081221,0.44645941008300616,0.10329901111609667,0.10960617040370377,0.4776954695371874,0.2580905623689471,0.21252604802016437,0.0756638295204875,0.10095871477319987,0.07547660827128645,0.09985971049365638,0.2637428783185245,0.305229557616432,0.24284559955295135,0.053688872714721704,0.2967567662751237
U_4966,0.2570876096902106,0.20069790493269452,0.5270471754090711,0.02783802957816925,0.15912083667751628,0.11476987353941187,0.20611232968925486,0.07973282305102103,0.024882458033044327,0.1617533649697579,0.03915354528050761,0.04356905081234081,0.09523609031078407,0.14302878790284893,0.8093019466644871,0.2588096817250425,0.09155326361344278
U_4967,0.425497222919506,0.30561932818414256,0.32335189101368617,0.06063539541144666,0.05174633352504451,0.306927728625138,0.7916031555708436,0.1065808605031872,0.060605580464768036,0.07368850989576461,0.060699619459931436,0.0792540976038063,0.17992082603599174,0.17100363423743964,0.3229697339522588,0.03531398745085469,0.16734540039905627
U_4968,0.3690946686577351,0.32539536825374715,0.36332181875142044,0.060971865891914445,0.07042548129451465,0.17494007596065128,0.6521738988826751,0.12149322851491959,0.06252020158965502,0.07574590696173375,0.08944050293792567,0.05737507589954527,0.14386755795850006,0.1910949706563371,0.36561095290699985,0.06374852254394862,0.14214818857511088
U_4969,0.054971659069421475,0.08362010830087016,0.18578613487581458,0.04284014927187828,0.04186605196826554,0.36644503920991006,0.3068624584706624,0.11582846784052812,0.5090143314136717,0.23419818252808128,0.06687339868621323,0.3683292800673147,0.16492626248331685,0.15387802859958688,0.0726869105807983,0.2076746416707982,0.12731651577265363
U_4970,0.22740035391669472,0.20806984315146768,0.22799791373384592,0.06460949459742213,0.432467704221204,0.9834153700286097,0.09616753520826142,0.1189923981196851,0.050244980492202634,0.05933229158403987,0.03743454682515497,0.35378822627511836,0.14558763482399267,0.15902560591917111,0.16377531206218107,0.02591624558440496,0.1290913915450904
U_4971,0.19523155079691074,0.2813747153252478,0.25075674642849516,0.043386910657946864,0.1107264466570976,0.6751240158738115,0.08630717603179144,0.13288722931378297,0.7992801249241613,0.12481527325837116,0.11295181270063218,0.07492208501618908,0.19002715678356422,0.16153725840515476,0.11339110601779243,0.03880990139490342,0.15247526893659177
U_4972,0.035746820831393605,0.04351530298034424,0.09184682095206129,0.07874047362612635,0.1379890515460718,0.8370367144743229,0.6382072171973171,0.1455478403023333,0.10709605006095171,0.16004234285648855,0.16669820236633232,0.25638814374532726,0.15848167602532093,0.1782163125887881,0.05144328781759542,0.2575720755380974,0.1395360162932013
U_4973,0.019518805774726315,0.0774582823177484,0.0914486206548097,0.10183982386218136,0.18764524956391687,0.15047308213854402,0.5577123381973434,0.1287335269185781,0.09490907979714092,0.16895994678626888,0.17551188184526276,0.22086911471072612,0.1263512853165962,0.14637172394802725,0.07588140561892895,0.9394927931904294,0.1822651113144948
U_4974,0.30381367354619004,0.29632420271644666,0.2969280512513378,0.04721404136083214,0.062307497081421165,0.27887669454010927,0.08352032627830899,0.13689607698639397,0.8332177613222511,0.08959350833021278,0.06917147789954975,0.11570266257109867,0.17196938314040605,0.1839757176235479,0.14906666335365382,0.06065444750728892,0.19446008865858763
U_4975,0.336517821777133,0.7347473084304323,0.2599472076811322,0.03894892459340806,0.04733134973184513,0.1298942298810204,0.06276032461747857,0.09557789988161748,0.036952578810469545,0.063938412441545,0.048183351235763276,0.046774470952035414,0.1413588786364305,0.18817891667370545,0.5238542159626015,0.5117097302491467,0.1229590578477136
U_4976,0.3710283966664709,0.32591975972782017,0.31636867750234865,0.05372334277957164,0.054634941715569936,0.1668895126638265,0.08106964940275169,0.10186455923935903,0.7680392383823114,0.05129972601962894,0.08753491171778695,0.0921170679190674,0.2177731632178843,0.20113208620920975,0.3383893258031199,0.04927229024349982,0.10694841471592115
U_4977,0.22932788232979626,0.2168915442575597,0.23435042505154796,0.035729377370811305,0.03760948388362749,0.15187177675500083,0.41979461729390705,0.0886868184322081,0.021339918625835147,0.19474402954051534,0.048237216861176616,0.06303183736759604,0.10884855745301418,0.8613780315245508,0.5055719005244464,0.028481732893342486,0.14305015842008204
U_4978,0.30062128993602966,0.3010033236317853,0.2985497516197033,0.049962933460827696,0.05286230556812131,0.25789698181736914,0.0825196615482723,0.0901639875166439,0.7678036437948312,0.061987148114851495,0.07903732113728834,0.07692827113494984,0.21714994399485849,0.2203354178723771,0.3305676722972778,0.059586412963626254,0.12721246449172752
U_4979,0.028434746057575642,0.12357948550880521,0.6084065507304943,0.05148811913246953,0.3796078270122044,0.10951066076998817,0.12396564948118119,0.09359781374396181,0.7969001325365298,0.12862378008827027,0.061047530852537654,0.5703930117976235,0.14147944299001688,0.13555734226501975,0.051304697876094964,0.002956299861835106,0.09405180206908066
U_4980,0.1876420657705766,0.9328490311862823,0.21089184403547656,0.03443489319577396,0.051866781642286,0.1717823877802493,0.104986397572164,0.11516764236123118,0.15543779683377276,0.09380292802882029,0.08611881540159025,0.060591642364817386,0.13843864091800273,0.17207581191278576,0.0481449048004939,0.23619492050939922,0.1335124284298589
U_4981,0.33306561441046734,0.9737199400350441,0.2568650309161482,0.045918511825622,0.046781522825021266,0.24602739137761737,0.08079428072173125,0.08149586752289267,0.06352931059338271,0.057395685213514666,0.05823837519432222,0.07276138893326126,0.16321954500298652,0.17682379652396976,0.32024557871263937,0.04235503565504767,0.15904325565262128
U_4982,0.029212818642398504,0.046655964303495355,0.1634326560677377,0.10267329427658956,0.17283568885685122,0.7273159922767232,0.12933397393687412,0.16334316971010118,0.6109597733018418,0.1859947330645259,0.20177508009269282,0.2678366674975597,0.14634643173969564,0.1556032960141716,0.0688023893389731,0.32699329924894105,0.16442191957085883
U_4983,0.07081206759286718,0.09146344633612531,0.17676447835835357,0.06819619724523916,0.09700949787704281,0.7268241749261342,0.5048730049160048,0.12367521267953019,0.3406893252059475,0.050928083522698245,0.08331407895245425,0.6379048830922148,0.15248755235293437,0.13170771904527118,0.05846323494645303,0.010993809957040239,0.10267056902765871
U_4984,0.2779608554405193,0.22979339681843305,0.25162941025028246,0.032357192753559756,0.038007405525931834,0.13529972563507586,0.2725278147786992,0.10051880379202253,0.0469407727486768,0.07793171273370245,0.059709787350004886,0.8538921901434685,0.1269542774168342,0.15637038859244237,0.24299731431048308,0.030909703087112786,0.1173709001330562
U_4985,0.11723993250388379,0.22312967393260344,0.2416575163228494,0.0546883944656059,0.5494833609193379,0.797527770890299,0.11675009160293592,0.12164166554941397,0.7476646133936254,0.05448562491258115,0.06971132293303747,0.07038113779082615,0.14926098119850084,0.16315723781632968,0.08341774775715631,0.03843596272551468,0.1420979026554738
U_4986,0.23875550637431095,0.41087777120207514,0.8447775092190506,0.04343176669135393,0.034939286961527836,0.1839561095508798,0.04404837357407532,0.07578133848547766,0.2823214431584335,0.18106702784873796,0.04052747991799402,0.04874975577304919,0.1244998151094639,0.7242249136833303,0.598973955484371,0.011066275039301694,0.09403665558077641
U_4987,0.2685265009391544,0.6276643553701362,0.24434295727624322,0.0123683374604718,0.02820880222176235,0.234487006313198,0.12614014023831388,0.06270973502260309,0.5994387957550743,0.06647859473673488,0.05886491447108837,0.6791401053746876,0.10668518888639544,0.14666414848344686,0.32521524886759484,0.3267071356781854,0.12134793040144096
U_4988,0.22336933959366406,0.857104614893648,0.2636180201017623,0.08812951959421944,0.06518096876034522,0.27104901831846356,0.10643133292175536,0.12851071942185802,0.05055105423198276,0.05310337899751253,0.06420137092586418,0.05593752047767114,0.17279728754973225,0.17721046761021758,0.14403913159411044,0.023589968222100303,0.6831379527448812
U_4989,0.28655431345951965,0.25073442140763147,0.26692259533365875,0.04051516478470213,0.03662295428918562,0.10814117045826686,0.038186269073935054,0.09385403523068118,0.03426017061576388,0.3194757573525347,0.04796111748285205,0.06251307186854228,0.10701656978937323,0.7006730277343929,0.6767289691382093,0.033158279079646316,0.15247356124443423
U_4990,0.03546864019539678,0.06367573283487793,0.10142651852151982,0.10121811798518802,0.16545079810962,0.1501403753616472,0.1597131798548951,0.15428353133388373,0.1248831400350078,0.18105321917945272,0.1925263046074579,0.2112520757113446,0.1090578742764608,0.1483735109028324,0.06404240521093103,0.9476642363155476,0.1703113404405826
U_4991,0.26314839197368156,0.15669861764382043,0.24655242992928655,0.06498853375900264,0.06273443577651915,0.1737595529476915,0.3936412431216043,0.13279240762225306,0.07709162905446129,0.43438109308038986,0.04925362918833074,0.4077036839183337,0.12813605377494627,0.1520867831632714,0.13187097158682073,0.028570066227289706,0.7673681133435729
U_4992,0.2735186981750079,0.2405935201607307,0.2965264780855133,0.05132702446160092,0.06398155371024523,0.8366597770893339,0.11654118944112908,0.1216973470381264,0.13079222870577872,0.0569416805778319,0.05228840103511269,0.12405262126018124,0.12137939487396107,0.17767920853856553,0.13582514554771613,0.022093576125449814,0.49418530494201784
U_4993,0.30390858519836955,0.33387964038034246,0.3282776373308225,0.04713798079340714,0.06716873277076184,0.21591272328383498,0.08814540405644339,0.7220395524536634,0.03185365809554299,0.05436426126850756,0.04954891067656922,0.047758777917842415,0.13168433261281254,0.17925359184856585,0.30646646431003594,0.03817499137476924,0.6102339392977292
U_4994,0.23335467841227414,0.2617125585048782,0.2743170325878751,0.049978696106316,0.06044767352992644,0.2811671989821527,0.43424013811629913,0.13607588168346355,0.07347010787013608,0.06972980953412578,0.07072592681441947,0.06643985310917777,0.17704617368663458,0.16974144691814427,0.1330310372256251,0.677635123867665,0.17469310039675073
U_4995,0.13265351827082036,0.2573889774182613,0.25018246310602016,0.08171862649975456,0.06736546133227564,0.22198951220383026,0.12703019008835587,0.1410602262004319,0.1087886834802206,0.06542776036133847,0.05020309923671919,0.4910094608280269,0.14683886430761428,0.17104872901052254,0.09798543433228141,0.5386356654402339,0.1572237875807324
U_4996,0.012004604216076624,0.039178980239082374,0.0861357132480486,0.07816536878077632,0.13668327238267977,0.6397155731534075,0.31372715211023366,0.2291434628313963,0.5824398858243759,0.18519954744135275,0.18914290560533453,0.48158253481650115,0.0927567057984433,0.10143484805611294,0.02813576305133427,0.5170148368549498,0.12665348274165547
U_4997,0.35972968158655205,0.257468611360868,0.2926940838809456,0.04148779859191423,0.04320748364541444,0.6315208213450639,0.06889785094095273,0.10181357011886753,0.08697104709642017,0.07869637487276468,0.054858137471862245,0.06534323222741036,0.14737100862034094,0.17240732448447202,0.32537620757626096,0.04906412948719049,0.1508512054974458
U_4998,0.0033612899865793095,0.025614690834015158,0.40642449617337784,0.08593493431022903,0.25087327280626986,0.46105583575578973,0.09129793513773243,0.5204478906040363,0.08433189320020944,0.22392037659894257,0.13542142059948364,0.7288864787756523,0.09807563048535291,0.11124526252405534,0.04350037397344373,0.23596255671326005,0.11767644557718346
U_4999,0.06621329608355386,0.1149511098277062,0.35534334757871544,0.09976627991079981,0.23164554772159454,0.20008885858037448,0.14196704787752948,0.22115650704317422,0.16009565211041993,0.2951335341878406,0.28227750512941474,0.23727364483860441,0.1535429757034812,0.3143157503492132,0.09063615115292278,0.5275150301468677,0.2899906401989222
U_5000,0.057089852152253234,0.1131070324919898,0.109380216562582,0.13530875119964528,0.16453086563554659,0.5616380680261542,0.13100278539414018,0.1765033669067569,0.08597223298313691,0.0917373054407257,0.11494185771979934,0.5287298275294013,0.14266205007959115,0.3288410323341513,0.10592698494725324,0.39328001812545266,0.1744628759197977
